freq1,noise,max_magnitude,total_gain_db,base_pwr_db,rssi,relpwr_db,avgpwr_db
5805,-108,51,90,377,5,8,57
5805,-108,52,90,377,5,10,58
5805,-108,53,90,377,4,9,57
5805,-108,43,90,377,5,8,57
5805,-108,36,90,377,5,9,57
5805,-108,30,90,377,4,10,58
5805,-108,36,90,377,4,8,58
5805,-108,37,90,377,3,10,57
5805,-108,28,89,378,5,10,56
5805,-108,33,90,377,4,9,57
5805,-108,31,90,377,5,9,56
5805,-108,38,90,377,5,9,57
5805,-108,37,90,377,5,11,57
5805,-108,48,90,377,5,9,57
5805,-108,41,90,377,3,9,57
5805,-108,26,90,377,3,11,58
5805,-108,46,90,377,5,9,57
5805,-108,57,90,377,5,10,57
5805,-108,34,90,377,4,10,58
5805,-108,44,90,377,4,7,57
5805,-108,31,89,378,5,9,56
5805,-108,46,90,377,5,10,57
5805,-108,50,90,377,7,10,57
5805,-108,36,90,377,5,9,57
5805,-108,50,90,377,4,7,57
5805,-108,45,90,377,4,10,57
5805,-108,36,90,377,5,10,58
5805,-108,49,90,377,2,9,58
5805,-108,43,90,377,5,9,57
5805,-108,42,90,377,5,10,57
5805,-108,47,90,377,5,10,57
5805,-108,69,90,377,5,8,56
5805,-108,47,90,377,4,9,58
5805,-108,53,90,377,5,9,57
5805,-108,51,90,377,4,9,57
5805,-108,32,90,377,4,10,57
5805,-108,53,90,377,5,10,57
5805,-108,56,90,377,7,10,57
5805,-108,37,90,377,4,9,57
5805,-108,29,90,377,4,7,56
5805,-108,47,90,377,4,8,57
5805,-108,47,90,377,5,9,58
5805,-108,49,90,377,3,9,57
5805,-108,61,90,377,4,11,58
5805,-108,45,88,378,6,11,57
5805,-108,40,90,377,5,8,56
5805,-108,46,90,377,4,9,57
5805,-108,35,90,377,4,9,58
5805,-108,42,90,377,4,9,58
5805,-108,40,90,377,4,9,57
5805,-108,35,90,377,4,10,57
5805,-108,37,90,377,5,7,56
5805,-108,47,90,377,5,9,57
5805,-108,49,90,377,4,8,56
5805,-108,36,90,377,5,8,57
5805,-108,28,90,377,5,9,56
5805,-108,45,90,377,6,7,56
5805,-108,56,90,377,4,8,57
5805,-108,38,89,378,5,8,56
5805,-108,57,90,377,4,11,58
5805,-108,56,90,377,6,9,58
5805,-108,39,90,377,5,10,57
5805,-108,49,90,377,4,10,58
5805,-108,59,90,377,6,10,58
5805,-108,71,90,377,4,10,58
5805,-108,47,90,377,5,9,57
5805,-108,46,90,377,5,10,57
5805,-108,45,90,377,5,9,57
5805,-108,54,90,377,6,9,57
5805,-108,45,90,377,5,11,57
5805,-108,55,90,377,4,10,57
5805,-108,54,90,377,6,10,58
5805,-108,39,90,377,5,11,58
5805,-108,52,90,377,3,9,57
5805,-108,40,90,377,5,9,57
5805,-108,30,90,377,5,10,57
5805,-108,37,89,377,5,10,57
5805,-108,46,90,377,4,9,57
5805,-108,44,90,377,4,9,57
5805,-108,41,90,377,4,10,58
5805,-108,36,90,377,4,9,57
5805,-108,34,90,377,4,10,57
5805,-108,46,90,377,4,7,57
5805,-108,54,90,377,6,9,58
5805,-108,39,90,377,4,10,58
5805,-108,59,90,377,5,8,58
5805,-108,54,90,377,4,10,57
5805,-108,49,90,377,5,10,57
5805,-108,33,90,377,3,10,57
5805,-108,36,90,377,4,9,57
5805,-108,58,90,377,5,9,57
5805,-108,45,90,377,4,11,58
5805,-108,46,90,377,5,10,59
5805,-108,28,90,377,3,8,57
5805,-108,50,90,377,4,9,57
5805,-108,40,90,377,4,9,57
5805,-108,50,90,377,4,10,58
5805,-108,48,90,377,4,11,57
5805,-108,47,90,377,5,8,58
5805,-108,45,90,377,4,11,58
5805,-108,47,90,377,4,9,57
5805,-108,31,89,377,5,9,56
5805,-108,35,90,377,5,10,57
5805,-108,46,90,377,4,7,57
5805,-108,59,90,377,6,10,57
5805,-108,49,89,377,5,10,57
5805,-108,37,90,377,5,11,58
5805,-108,52,90,377,5,9,58
5805,-108,31,90,377,4,10,57
5805,-108,43,90,377,4,9,57
5805,-108,49,90,377,3,7,56
5805,-108,52,90,377,5,10,57
5805,-108,42,90,377,6,11,58
5805,-108,30,90,377,5,10,58
5805,-108,38,90,377,4,7,55
5805,-108,35,90,377,3,10,58
5805,-108,56,90,377,4,10,58
5805,-108,47,90,377,4,9,57
5805,-108,55,90,377,4,11,57
5805,-108,58,90,377,4,10,57
5805,-108,39,90,377,6,10,58
5805,-108,49,90,377,5,10,57
5805,-108,43,90,377,5,9,57
5805,-108,54,90,377,3,10,57
5805,-108,42,90,377,5,8,56
5805,-108,40,90,377,5,10,57
5805,-108,31,90,377,4,11,57
5805,-108,51,90,377,3,8,57
5805,-108,38,90,377,5,9,57
5805,-108,42,90,377,4,10,58
5805,-108,67,90,377,5,7,57
5805,-108,42,90,377,5,10,57
5805,-108,33,90,377,5,9,57
5805,-108,42,90,377,5,9,57
5805,-108,36,90,377,5,10,57
5805,-108,37,90,377,5,9,57
5805,-108,41,89,378,6,8,56
5805,-108,49,90,377,5,9,57
5805,-108,44,90,377,5,10,57
5805,-108,35,90,377,5,9,57
5805,-108,38,90,377,5,9,57
5805,-108,44,90,377,5,11,58
5805,-108,57,90,377,6,11,57
5805,-108,45,90,377,6,10,58
5805,-108,44,90,377,4,8,57
5805,-108,42,90,377,5,9,57
5805,-108,33,90,377,6,9,57
5805,-108,38,90,377,6,7,57
5805,-108,56,90,377,5,9,57
5805,-108,54,90,377,5,8,57
5805,-108,41,90,377,4,9,57
5805,-108,35,90,377,5,10,57
5805,-108,29,90,377,5,10,57
5805,-108,33,90,377,5,10,57
5805,-108,45,90,377,4,11,57
5805,-108,51,90,377,6,10,57
5805,-108,47,89,378,6,9,57
5805,-108,55,90,377,5,9,58
5805,-108,38,89,377,5,8,55
5805,-108,45,90,377,4,8,57
5805,-108,55,90,377,4,10,57
5805,-108,31,90,377,6,10,57
5805,-108,37,89,377,5,9,57
5805,-108,51,90,377,4,10,58
5805,-108,26,90,377,4,9,56
5805,-108,45,90,377,5,10,57
5805,-108,51,90,377,4,9,57
5805,-108,38,90,377,3,9,57
5805,-108,45,90,377,5,11,57
5805,-108,64,90,377,6,10,57
5805,-108,48,90,377,3,9,57
5805,-108,49,90,377,5,8,57
5805,-108,40,90,377,5,9,56
5805,-108,32,90,377,6,10,57
5805,-108,43,90,377,3,8,57
5805,-108,33,90,377,4,9,57
5805,-108,37,90,377,3,10,57
5805,-108,43,90,377,5,10,57
5805,-108,41,90,377,4,10,58
5805,-108,45,90,377,3,10,58
5805,-108,56,90,377,4,9,57
5805,-108,43,89,377,5,9,56
5805,-108,36,90,377,4,11,58
5805,-108,35,90,377,5,9,58
5805,-108,53,90,377,5,9,58
5805,-108,41,90,377,5,11,58
5805,-108,72,90,377,5,9,58
5805,-108,32,90,377,3,8,57
5805,-108,46,90,377,4,10,58
5805,-108,35,90,377,4,9,57
5805,-108,44,90,377,4,9,57
5805,-108,49,90,377,4,8,57
5805,-108,39,90,377,5,9,57
5805,-108,62,90,377,4,11,58
5805,-108,35,90,377,5,10,58
5805,-108,59,90,377,4,9,57
5805,-108,31,90,377,4,9,57
5805,-108,53,89,377,5,7,55
5805,-108,32,90,377,5,8,57
5805,-108,51,90,377,5,9,57
5805,-108,48,90,377,5,9,57
5805,-108,57,90,377,3,11,57
5805,-108,40,90,377,5,9,57
5805,-108,53,90,377,5,9,58
5805,-108,55,90,377,4,10,58
5805,-108,42,90,377,6,10,57
5805,-108,47,90,377,5,9,57
5805,-108,40,90,377,5,9,57
5805,-108,33,90,377,5,11,58
5805,-108,33,90,377,6,10,58
5805,-108,34,90,377,5,10,57
5805,-108,48,90,377,4,10,58
5805,-108,42,90,377,4,10,57
5805,-108,38,90,377,4,9,57
5805,-108,38,90,377,6,8,56
5805,-108,66,90,377,4,9,58
5805,-108,32,90,377,4,11,58
5805,-108,47,90,377,5,8,56
5805,-108,33,90,377,5,9,57
5805,-108,35,90,377,4,9,57
5805,-108,34,90,377,5,9,57
5805,-108,37,90,377,5,10,58
5805,-108,33,90,377,5,9,56
5805,-108,37,89,377,5,10,56
5805,-108,54,90,377,5,10,57
5805,-108,55,90,377,5,10,57
5805,-108,38,90,377,5,7,58
5805,-108,45,90,377,5,8,57
5805,-108,56,90,377,5,10,57
5805,-108,53,90,377,6,9,56
5805,-108,63,90,377,6,9,57
5805,-108,50,90,377,4,10,58
5805,-108,54,90,377,3,10,58
5805,-108,37,90,377,6,9,57
5805,-108,50,90,377,6,9,58
5805,-108,49,90,377,5,10,57
5805,-108,47,90,377,5,10,58
5805,-108,54,90,377,5,8,57
5805,-108,49,90,377,4,10,57
5805,-108,38,90,377,5,11,58
5805,-108,58,90,377,6,9,57
5805,-108,36,89,377,4,9,57
5805,-108,51,90,377,5,10,58
5805,-108,50,90,377,5,8,56
5805,-108,40,90,377,4,9,58
5805,-108,42,90,377,6,9,58
5805,-108,46,90,377,4,9,58
5805,-108,41,90,377,5,10,58
5805,-108,57,90,377,4,11,58
5805,-108,45,90,377,5,9,58
5805,-108,47,90,377,4,10,58
5805,-108,45,90,377,4,10,57
5805,-108,41,90,377,6,10,57
5805,-108,39,90,377,5,9,57
5805,-108,47,90,377,5,7,57
5805,-108,70,90,377,4,10,59
5805,-108,51,90,377,5,9,57
5805,-108,44,90,377,4,9,57
5805,-108,53,90,377,5,11,58
5805,-108,58,90,377,4,11,58
5805,-108,53,90,377,5,9,57
5805,-108,41,90,377,5,8,57
5805,-108,52,90,377,5,10,58
5805,-108,50,90,377,4,11,57
5805,-108,46,90,377,4,9,57
5805,-108,31,90,377,4,10,58
5805,-108,37,90,377,5,10,58
5805,-108,36,90,377,5,9,57
5805,-108,39,90,377,5,9,57
5805,-108,54,90,377,5,9,58
5805,-108,53,89,378,5,9,57
5805,-108,49,90,377,4,9,56
5805,-108,35,90,377,4,11,58
5805,-108,37,90,377,5,11,57
5805,-108,46,89,377,5,10,57
5805,-108,66,90,377,4,11,59
5805,-108,42,90,377,5,9,57
5805,-108,30,90,377,4,9,57
5805,-108,55,90,377,5,9,57
5805,-108,39,90,377,5,8,57
5805,-108,32,90,377,4,9,57
5805,-108,43,90,377,3,10,58
5805,-108,54,90,377,4,10,57
5805,-108,47,90,377,4,11,58
5805,-108,47,90,377,5,8,57
5805,-108,42,90,377,4,8,57
5805,-108,51,90,377,5,10,58
5805,-108,59,90,377,4,9,57
5805,-108,49,90,377,5,10,57
5805,-108,48,90,377,5,8,56
5805,-108,39,90,377,5,10,58
5805,-108,43,90,377,6,11,58
5805,-108,50,89,378,5,9,57
5805,-108,41,90,377,5,9,57
5805,-108,44,90,377,4,10,57
5805,-108,48,89,377,6,10,57
5805,-108,31,90,377,6,11,58
5805,-108,61,90,377,5,9,57
5805,-108,46,90,377,5,9,57
5805,-108,42,90,377,5,9,58
5805,-108,53,90,377,4,10,58
5805,-108,68,90,377,6,9,58
5805,-108,44,90,377,3,8,57
5805,-108,49,90,377,4,10,57
5805,-108,53,90,377,3,9,57
5805,-108,38,90,377,6,8,57
5805,-108,41,90,377,4,9,57
5805,-108,50,90,377,6,9,58
5805,-108,32,89,377,5,10,57
5805,-108,41,90,377,5,9,57
5805,-108,51,90,377,3,8,57
5805,-108,37,90,377,5,10,57
5805,-108,53,89,378,6,8,55
5805,-108,58,90,377,4,9,57
5805,-108,53,90,377,5,8,56
5805,-108,37,90,377,4,10,58
5805,-108,63,90,377,5,8,58
5805,-108,41,90,377,5,8,56
5805,-108,43,90,377,5,10,57
5805,-108,41,90,377,4,11,57
5805,-108,31,90,377,3,11,58
5805,-108,42,90,377,5,10,58
5805,-108,41,89,377,6,9,57
5805,-108,45,90,377,4,8,58
5805,-108,56,90,377,4,10,57
5805,-108,51,90,377,3,8,57
5805,-108,51,90,377,5,9,58
5805,-108,63,90,377,5,11,58
5805,-108,36,90,377,5,12,57
5805,-108,52,90,377,4,10,57
5805,-108,38,90,377,6,9,57
5805,-108,41,89,377,5,9,56
5805,-108,44,90,377,5,9,58
5805,-108,69,90,377,4,9,57
5805,-108,46,90,377,4,11,57
5805,-108,49,90,377,4,10,58
5805,-108,64,90,377,5,8,57
5805,-108,41,90,377,4,11,57
5805,-108,46,90,377,5,10,57
5805,-108,39,90,377,4,10,58
5805,-108,53,90,377,5,14,62
5805,-108,58,87,379,6,10,56
5805,-108,59,87,379,6,8,56
5805,-108,41,87,379,4,9,56
5805,-108,60,87,379,5,8,55
5805,-108,42,87,379,4,9,55
5805,-108,45,87,379,4,10,55
5805,-108,54,87,379,5,9,56
5805,-108,50,87,379,4,10,56
5805,-108,38,87,379,4,9,55
5805,-108,44,87,379,5,10,56
5805,-108,50,87,379,4,9,56
5805,-108,50,87,379,4,11,55
5805,-108,30,87,379,6,10,55
5805,-108,49,87,379,4,9,55
5805,-108,43,87,379,6,10,55
5805,-108,52,87,379,5,10,56
5805,-108,45,87,379,4,9,56
5805,-108,55,87,379,5,8,56
5805,-108,40,87,379,4,8,55
5805,-108,56,87,379,5,10,55
5805,-108,62,87,379,6,8,56
5805,-108,52,87,379,5,9,55
5805,-108,47,87,379,4,9,55
5805,-108,50,87,379,5,7,56
5805,-108,35,87,379,5,10,55
5805,-108,44,87,379,4,8,55
5805,-108,50,87,379,4,10,56
5805,-108,52,87,379,5,9,55
5805,-108,55,87,379,6,9,56
5805,-108,39,87,379,5,10,55
5805,-108,50,87,379,6,11,56
5805,-108,52,87,379,5,10,55
5805,-108,52,87,379,5,9,55
5805,-108,46,87,379,5,9,55
5805,-108,48,87,379,5,7,56
5805,-108,52,87,379,5,9,55
5805,-108,61,87,379,4,11,56
5805,-108,50,87,379,5,11,57
5805,-108,53,87,379,5,8,54
5805,-108,35,87,379,5,8,56
5805,-108,47,87,379,4,9,55
5805,-108,44,87,379,6,10,56
5805,-108,44,87,379,5,10,56
5805,-108,57,87,379,5,7,55
5805,-108,64,87,379,4,9,55
5805,-108,40,87,379,4,9,56
5805,-108,44,87,379,6,9,55
5805,-108,40,87,379,4,8,55
5805,-108,47,87,379,5,10,54
5805,-108,46,87,379,5,11,56
5805,-108,47,87,379,4,11,56
5805,-108,49,87,379,3,8,56
5805,-108,44,87,379,4,10,54
5805,-108,51,87,379,4,8,55
5805,-108,40,87,379,4,9,54
5805,-108,57,87,379,5,11,56
5805,-108,41,87,379,4,9,56
5805,-108,41,87,379,6,10,56
5805,-108,47,87,379,4,9,55
5805,-108,47,87,379,6,9,56
5805,-108,59,87,379,5,9,56
5805,-108,53,87,379,4,9,56
5805,-108,54,87,379,3,8,55
5805,-108,47,87,379,4,9,56
5805,-108,51,87,379,5,8,54
5805,-108,42,87,379,4,10,56
5805,-108,38,87,379,4,10,55
5805,-108,46,87,379,4,9,55
5805,-108,51,87,379,5,8,54
5805,-108,51,87,379,5,9,56
5805,-108,54,87,379,5,8,55
5805,-108,37,87,379,4,10,55
5805,-108,60,87,379,5,9,55
5805,-108,35,87,379,6,9,54
5805,-108,45,87,379,5,9,55
5805,-108,50,87,379,3,7,55
5805,-108,57,87,379,5,9,55
5805,-108,44,87,379,4,8,55
5805,-108,49,87,379,5,10,56
5805,-108,40,87,379,5,9,55
5805,-108,50,87,379,4,9,56
5805,-108,44,87,379,5,8,55
5805,-108,58,87,379,4,8,55
5805,-108,39,87,379,5,9,55
5805,-108,51,87,379,4,9,56
5805,-108,50,87,379,5,9,55
5805,-108,51,87,379,4,10,56
5805,-108,41,87,379,4,11,57
5805,-108,66,87,379,5,9,56
5805,-108,45,87,379,5,10,57
5805,-108,50,87,379,5,9,54
5805,-108,43,87,379,4,9,56
5805,-108,54,87,379,7,9,56
5805,-108,57,87,379,4,9,55
5805,-108,61,87,379,5,9,55
5805,-108,48,87,379,5,11,56
5805,-108,47,87,379,6,11,56
5805,-108,54,87,379,7,9,54
5805,-108,47,87,379,4,9,56
5805,-108,54,87,379,4,11,55
5805,-108,35,87,379,5,9,55
5805,-108,47,87,379,6,9,55
5805,-108,48,87,379,4,8,55
5805,-108,42,87,379,4,9,55
5805,-108,35,87,379,4,10,56
5805,-108,38,87,379,5,8,55
5805,-108,52,87,379,5,10,57
5805,-108,55,87,379,5,10,56
5805,-108,49,87,379,4,7,54
5805,-108,55,87,379,5,8,55
5805,-108,59,87,379,4,10,56
5805,-108,38,87,379,6,10,55
5805,-108,49,87,379,6,9,55
5805,-108,55,87,379,5,8,54
5805,-108,52,87,379,4,10,55
5805,-108,58,87,379,6,8,55
5805,-108,41,87,379,4,9,56
5805,-108,46,87,379,5,10,56
5805,-108,49,87,379,6,10,56
5805,-108,38,87,379,5,9,55
5805,-108,65,87,379,4,10,56
5805,-108,28,87,379,5,10,55
5805,-108,42,87,379,5,10,55
5805,-108,58,87,379,4,9,55
5805,-108,49,87,379,5,9,55
5805,-108,50,87,379,5,10,57
5805,-108,31,87,379,4,10,56
5805,-108,38,87,379,4,8,54
5805,-108,48,87,379,4,11,56
5805,-108,52,87,379,5,11,57
5805,-108,36,87,379,5,9,55
5805,-108,45,87,379,5,10,55
5805,-108,52,87,379,3,10,55
5805,-108,43,87,379,5,11,56
5805,-108,43,87,379,4,7,55
5805,-108,54,87,379,4,9,55
5805,-108,57,87,379,5,11,56
5805,-108,60,87,379,6,8,55
5805,-108,29,87,379,5,8,56
5805,-108,45,87,379,6,10,56
5805,-108,54,87,379,4,10,56
5805,-108,58,87,379,6,12,57
5805,-108,61,87,379,5,8,55
5805,-108,50,87,379,5,11,57
5805,-108,49,87,379,5,9,55
5805,-108,63,87,379,5,9,55
5805,-108,54,87,379,4,8,55
5805,-108,56,87,379,6,9,55
5805,-108,61,87,379,5,9,55
5805,-108,56,87,379,4,10,56
5805,-108,44,87,379,5,10,56
5805,-108,59,87,379,5,9,55
5805,-108,44,87,379,5,9,54
5805,-108,49,87,379,5,9,56
5805,-108,58,87,379,5,11,57
5180,-104,74,87,375,5,10,59
5180,-104,79,87,375,5,8,58
5180,-104,74,87,376,4,8,57
5180,-104,67,87,375,4,10,59
5180,-104,76,87,376,4,10,58
5180,-104,60,87,376,4,8,57
5180,-104,69,87,375,6,9,58
5180,-104,37,87,376,4,9,58
5180,-104,46,86,377,6,8,56
5180,-104,112,87,375,5,11,59
5180,-104,98,87,375,4,11,59
5180,-104,64,87,375,4,10,59
5180,-104,73,87,375,6,8,59
5180,-104,45,87,375,4,8,58
5180,-104,61,87,376,3,8,59
5180,-104,62,87,375,5,8,59
5180,-104,61,87,375,6,10,59
5180,-104,66,87,375,5,10,59
5180,-104,75,87,375,5,10,59
5180,-104,85,87,375,5,9,58
5180,-104,51,86,376,6,9,57
5180,-104,37,87,376,4,9,57
5180,-104,53,86,377,6,8,57
5180,-104,33,86,376,5,9,57
5180,-104,44,86,377,5,8,57
5180,-104,31,86,376,5,10,58
5180,-104,72,86,376,5,9,58
5180,-104,44,87,376,4,10,59
5180,-104,50,85,378,6,10,56
5180,-104,42,86,376,5,7,57
5180,-104,43,87,375,5,6,57
5180,-104,57,88,375,5,11,60
5180,-104,73,87,376,5,8,58
5180,-104,60,86,377,5,7,58
5180,-104,64,86,377,5,8,57
5180,-104,56,87,375,3,8,59
5180,-104,99,89,374,5,9,61
5180,-104,60,88,375,3,10,60
5180,-104,56,86,376,5,8,57
5180,-104,65,88,375,5,11,60
5180,-104,60,86,377,5,9,57
5180,-104,57,87,375,4,9,58
5180,-104,57,85,377,6,9,57
5180,-104,63,86,377,6,9,58
5180,-104,62,86,376,5,10,58
5180,-104,69,89,374,5,9,61
5180,-104,44,86,376,6,7,58
5180,-104,50,87,375,4,9,59
5180,-104,62,87,375,6,9,59
5180,-104,43,86,376,5,9,58
5180,-104,44,86,376,4,8,58
5180,-104,47,86,376,5,9,58
5180,-104,34,87,376,6,10,59
5180,-104,51,88,374,4,9,60
5180,-104,45,87,375,5,8,58
5180,-104,58,86,377,5,8,56
5180,-104,60,87,375,5,8,59
5180,-104,53,87,376,5,9,58
5180,-104,55,86,376,5,11,58
5180,-104,55,87,375,4,7,59
5180,-104,35,85,378,5,9,57
5180,-104,54,86,377,6,8,57
5180,-104,63,86,376,5,9,58
5180,-104,44,86,377,5,8,57
5180,-104,60,85,377,7,8,56
5180,-104,51,86,376,5,9,58
5180,-104,54,87,375,5,7,58
5180,-104,62,87,376,4,8,58
5180,-104,63,88,375,4,10,60
5180,-104,39,87,375,6,8,58
5180,-104,78,88,375,4,10,59
5180,-104,57,86,377,4,10,58
5180,-104,41,85,377,6,10,58
5180,-104,60,87,375,5,9,58
5180,-104,60,89,374,4,10,61
5180,-104,54,86,377,6,8,58
5180,-104,61,86,376,5,8,58
5180,-104,55,87,376,5,9,59
5180,-104,41,86,376,5,9,57
5180,-104,33,85,378,6,9,57
5180,-104,67,88,375,5,9,59
5180,-104,55,86,377,6,8,57
5180,-104,53,88,375,4,8,59
5180,-104,50,86,377,4,9,58
5180,-104,32,85,378,6,8,56
5180,-104,69,87,376,5,9,59
5180,-104,61,86,376,5,10,58
5180,-104,64,87,375,6,8,59
5180,-104,57,86,377,4,8,58
5180,-104,56,88,375,5,11,60
5180,-104,59,87,376,4,8,59
5180,-104,44,85,377,5,8,56
5180,-104,45,88,375,4,8,60
5180,-104,54,86,376,5,9,58
5180,-104,58,87,375,5,9,59
5180,-104,57,86,376,5,8,57
5180,-104,64,88,374,5,11,60
5180,-104,88,88,374,4,10,59
5180,-104,36,85,377,6,8,56
5180,-104,71,87,375,5,9,59
5180,-104,82,87,375,4,8,59
5180,-104,72,88,374,4,9,59
5180,-104,62,86,376,5,10,58
5180,-104,58,87,376,6,7,59
5180,-104,56,87,376,5,9,59
5180,-104,51,86,376,4,9,57
5180,-104,51,87,375,3,9,59
5180,-104,41,86,376,5,9,58
5180,-104,54,87,376,5,10,59
5180,-104,69,87,376,4,10,59
5180,-104,51,86,376,5,8,57
5180,-104,48,87,375,4,10,60
5180,-104,69,87,375,4,9,58
5180,-104,51,86,376,5,9,58
5180,-104,61,89,374,5,11,61
5180,-104,65,87,376,4,7,59
5180,-104,57,88,374,5,9,59
5180,-104,42,87,375,6,9,59
5180,-104,70,89,373,5,9,61
5180,-104,39,86,376,4,10,58
5180,-104,71,87,375,4,10,59
5180,-104,46,86,376,6,7,57
5180,-104,46,86,376,4,8,57
5180,-104,71,87,376,5,10,59
5180,-104,67,86,377,5,8,58
5180,-104,56,87,376,5,9,58
5180,-104,50,86,376,5,10,59
5180,-104,69,89,374,3,9,60
5180,-104,52,86,377,6,9,58
5180,-104,36,86,376,4,7,57
5180,-104,40,87,376,5,11,59
5180,-104,43,87,375,4,9,57
5180,-104,36,86,376,5,9,58
5180,-104,40,88,375,3,8,60
5180,-104,85,88,374,4,10,61
5180,-104,30,85,377,5,8,56
5180,-104,46,86,376,3,10,58
5180,-104,64,87,375,4,8,58
5180,-104,88,88,374,6,10,60
5180,-104,44,88,375,5,8,59
5180,-104,60,88,375,6,9,59
5180,-104,36,87,375,5,7,58
5180,-104,89,89,373,3,9,61
5180,-104,55,86,376,6,9,58
5180,-104,51,87,376,5,8,59
5180,-104,67,87,376,6,10,59
5180,-104,55,87,375,5,8,59
5180,-104,33,87,376,5,9,58
5180,-104,58,86,377,5,10,58
5180,-104,52,87,375,6,9,59
5180,-104,68,88,374,4,8,60
5180,-104,60,87,375,4,9,58
5180,-104,57,87,375,6,10,59
5180,-104,55,88,374,5,9,59
5180,-104,48,89,374,3,11,61
5180,-104,54,86,376,4,8,58
5180,-104,58,88,374,5,9,59
5180,-104,60,88,374,5,8,60
5180,-104,57,86,376,5,7,58
5180,-104,45,87,376,5,8,58
5180,-104,51,88,374,6,10,60
5180,-104,95,88,374,4,8,60
5180,-104,76,87,375,5,9,59
5180,-104,80,89,373,5,6,60
5180,-104,65,88,374,4,9,59
5180,-104,53,88,375,4,8,59
5180,-104,44,86,377,4,8,57
5180,-104,69,87,376,5,8,59
5180,-104,44,87,375,5,9,58
5180,-104,54,88,375,5,8,59
5180,-104,65,87,375,4,9,59
5180,-104,36,88,374,4,9,59
5180,-104,47,87,375,5,7,58
5180,-104,53,87,375,5,9,59
5180,-104,62,88,375,5,8,60
5180,-104,57,87,376,5,9,59
5180,-104,56,86,377,7,8,58
5180,-104,47,85,377,7,9,57
5180,-104,52,87,375,5,10,59
5180,-104,71,88,374,4,8,59
5180,-104,50,87,375,5,10,58
5180,-104,79,89,374,4,9,60
5180,-104,56,88,375,5,8,60
5180,-104,82,88,375,4,8,59
5180,-104,79,88,375,5,10,60
5180,-104,51,85,377,5,9,57
5180,-104,81,88,375,5,8,59
5180,-104,62,88,374,4,10,59
5180,-104,45,87,375,4,9,59
5180,-104,52,89,373,4,8,60
5180,-104,42,87,375,5,7,57
5180,-104,83,87,375,3,10,59
5180,-104,55,87,375,4,10,60
5180,-104,67,87,375,5,10,60
5180,-104,52,87,376,6,9,59
5180,-104,74,89,374,4,8,60
5180,-104,43,85,378,6,10,58
5180,-104,70,87,376,4,7,59
5180,-104,45,85,377,5,10,57
5180,-104,38,85,378,5,8,56
5180,-104,83,88,374,4,8,59
5180,-104,51,87,375,5,7,58
5180,-104,76,88,375,5,9,60
5180,-104,68,87,376,4,9,59
5180,-104,77,88,375,5,7,59
5180,-104,29,85,377,5,10,57
5180,-104,64,89,373,3,7,59
5180,-104,53,89,374,4,8,60
5180,-104,55,86,376,5,8,58
5180,-104,57,87,376,4,8,59
5180,-104,61,87,376,4,9,58
5180,-104,62,88,375,5,10,61
5180,-104,52,87,375,4,9,58
5180,-104,72,89,374,4,10,61
5180,-104,50,85,377,7,9,57
5180,-104,58,86,376,5,10,59
5180,-104,53,86,377,5,9,58
5180,-104,52,87,375,4,10,59
5180,-104,34,87,375,5,9,58
5180,-104,34,87,376,5,10,59
5180,-104,61,88,375,5,8,59
5180,-104,57,86,376,6,9,59
5180,-104,71,84,379,5,9,56
5180,-104,72,84,379,6,9,56
5180,-104,66,84,379,4,11,56
5180,-104,67,84,379,5,10,57
5180,-104,73,84,379,5,9,55
5180,-104,74,84,379,4,10,56
5180,-104,65,84,379,5,9,56
5180,-104,60,84,379,4,10,56
5180,-104,67,84,379,5,11,56
5180,-104,60,84,379,3,10,55
5180,-104,79,84,379,5,9,56
5180,-104,80,84,379,3,10,56
5180,-104,57,84,379,4,9,56
5180,-104,63,84,379,4,9,56
5180,-104,54,84,379,5,9,56
5180,-104,72,84,379,3,9,56
5180,-104,72,84,379,3,10,57
5180,-104,60,84,379,5,9,56
5180,-104,53,84,379,6,9,56
5180,-104,72,84,379,4,9,57
5180,-104,59,84,379,4,10,56
5180,-104,69,84,379,5,9,57
5180,-104,52,84,379,6,10,57
5180,-104,67,84,379,4,9,56
5180,-104,70,84,379,6,9,56
5180,-104,57,84,379,4,9,57
5180,-104,58,84,379,5,7,55
5180,-104,68,84,379,5,9,56
5180,-104,74,84,379,6,10,56
5180,-104,62,84,379,5,9,55
5180,-104,70,84,379,5,8,56
5180,-104,70,84,379,5,9,55
5180,-104,69,84,379,5,8,56
5180,-104,69,84,379,6,10,57
5180,-104,50,84,379,5,10,56
5180,-104,60,84,379,5,9,56
5180,-104,79,84,379,4,9,57
5180,-104,50,84,379,4,8,56
5180,-104,71,84,379,5,7,55
5180,-104,64,84,379,5,10,57
5180,-104,67,84,379,3,10,56
5180,-104,66,84,379,4,9,55
5180,-104,61,84,379,4,9,55
5180,-104,64,84,379,4,10,56
5180,-104,57,84,379,5,9,55
5180,-104,69,84,379,5,8,55
5180,-104,52,84,379,4,9,56
5180,-104,76,84,379,5,10,55
5180,-104,62,84,379,4,9,56
5180,-104,59,84,379,5,10,56
5180,-104,64,84,379,7,10,56
5180,-104,73,84,379,5,9,55
5180,-104,73,84,379,4,10,57
5180,-104,71,84,379,5,9,56
5180,-104,62,84,379,5,8,56
5180,-104,62,84,379,5,10,56
5180,-104,59,84,379,4,10,56
5180,-104,86,84,379,4,10,57
5180,-104,57,84,379,5,9,56
5180,-104,67,84,379,5,7,55
5180,-104,68,84,379,6,10,57
5180,-104,74,84,379,6,10,56
5180,-104,68,84,379,4,8,56
5180,-104,61,84,379,6,9,57
5180,-104,70,84,379,5,11,57
5180,-104,66,84,379,5,9,56
5180,-104,69,84,379,6,9,56
5180,-104,75,84,379,7,8,56
5180,-104,74,84,379,5,7,55
5180,-104,57,84,379,5,8,55
5180,-104,83,84,379,5,9,57
5180,-104,85,84,379,4,9,56
5180,-104,61,84,379,4,11,57
5180,-104,62,84,379,2,8,56
5180,-104,68,84,379,4,10,57
5180,-104,54,84,379,5,11,57
5180,-104,56,84,379,3,10,56
5180,-104,56,84,379,5,9,56
5180,-104,74,84,379,5,10,57
5180,-104,65,84,379,5,10,56
5180,-104,51,84,379,6,8,55
5180,-104,60,84,379,4,11,56
5180,-104,74,84,379,3,7,55
5180,-104,71,84,379,6,9,56
5180,-104,51,84,379,4,9,56
5180,-104,75,84,379,6,9,55
5180,-104,55,84,379,5,9,56
5180,-104,57,84,379,5,11,57
5180,-104,55,84,379,6,10,56
5180,-104,78,84,379,5,10,56
5180,-104,71,84,378,4,10,55
5180,-104,73,84,378,5,9,56
5180,-104,84,85,377,6,7,56
5180,-104,71,87,376,5,11,59
5180,-104,77,87,376,5,8,59
5180,-104,74,87,376,4,10,58
5180,-104,87,87,376,5,8,59
5180,-104,77,87,376,5,9,59
5180,-104,64,86,376,5,8,58
5180,-104,55,86,376,6,10,58
5180,-104,63,86,376,5,10,58
5180,-104,58,85,377,5,11,57
5180,-104,60,85,377,5,11,57
5180,-104,87,87,376,4,8,59
5180,-104,49,85,377,5,9,56
5180,-104,97,87,376,4,8,58
5180,-104,56,87,376,5,10,59
5180,-104,69,87,376,5,8,59
5180,-104,64,87,376,5,10,59
5180,-104,64,87,376,4,8,59
5180,-104,76,87,376,5,10,59
5180,-104,61,87,376,3,10,58
5180,-104,80,87,376,6,10,58
5180,-104,91,87,376,5,9,59
5180,-104,73,87,376,4,10,58
5180,-104,65,86,376,5,9,58
5180,-104,73,87,376,4,7,59
5180,-104,55,86,376,5,8,58
5180,-104,87,87,376,4,9,59
5180,-104,87,87,376,5,9,59
5180,-104,80,87,376,4,11,59
5180,-104,62,85,377,8,12,59
5180,-104,76,87,376,4,9,58
5180,-104,74,87,376,5,11,59
5180,-104,63,87,376,4,10,59
5180,-104,58,86,376,5,11,57
5180,-104,76,87,376,4,8,58
5180,-104,72,87,376,5,11,60
5180,-104,65,87,376,4,10,59
5180,-104,39,85,377,5,7,57
5180,-104,58,87,376,4,11,60
5180,-104,53,85,377,6,11,57
5180,-104,84,87,376,7,8,59
5180,-104,69,86,377,4,10,58
5180,-104,51,85,377,5,11,57
5180,-104,81,86,377,5,9,58
5180,-104,66,87,376,5,9,59
5180,-104,72,87,376,5,10,58
5180,-104,87,87,376,4,9,58
5180,-104,64,87,376,4,10,58
5180,-104,56,87,376,5,9,58
5180,-104,68,87,376,5,9,59
5180,-104,73,86,377,5,7,58
5180,-104,70,87,376,5,7,59
5180,-104,45,87,376,4,10,59
5180,-104,77,87,376,4,11,60
5180,-104,55,87,376,4,9,59
5180,-104,59,86,376,4,10,59
5180,-104,63,87,376,5,10,59
5180,-104,87,87,376,4,10,59
5180,-104,54,87,376,4,9,59
5180,-104,82,87,376,5,10,59
5180,-104,47,86,376,5,9,58
5180,-104,68,87,376,5,10,59
5180,-104,69,87,376,5,7,58
5180,-104,83,87,376,5,11,59
5180,-104,49,86,377,6,10,58
5180,-104,60,87,376,5,11,59
5180,-104,63,87,376,5,9,58
5180,-104,51,87,376,4,9,58
5180,-104,62,87,376,4,10,59
5180,-104,62,86,377,5,11,59
5180,-104,70,87,376,9,8,58
5180,-104,71,86,376,5,9,57
5180,-104,60,87,376,3,10,58
5180,-104,63,87,376,4,10,59
5180,-104,83,87,376,3,11,59
5180,-104,61,87,376,5,10,59
5180,-104,61,87,376,5,9,58
5180,-104,59,86,377,5,9,58
5180,-104,76,86,376,5,9,58
5180,-104,67,86,376,3,8,58
5180,-104,62,87,376,4,8,58
5180,-104,61,86,376,4,9,58
5180,-104,70,87,376,5,7,58
5180,-104,54,86,376,6,8,58
5180,-104,67,87,376,5,7,59
5180,-104,64,86,376,5,8,58
5180,-104,76,87,376,7,10,60
5180,-104,77,87,376,3,9,59
5180,-104,55,86,376,4,9,58
5180,-104,43,87,376,5,8,58
5180,-104,59,84,378,6,10,56
5180,-104,70,87,376,5,10,59
5180,-104,66,87,376,4,10,59
5180,-104,70,87,376,5,10,59
5180,-104,69,87,376,5,9,58
5180,-104,69,87,376,6,10,59
5180,-104,57,87,376,5,8,59
5180,-104,61,87,376,5,8,59
5180,-104,67,86,376,4,8,58
5180,-104,66,87,376,4,10,59
5180,-104,47,87,376,4,10,58
5180,-104,75,87,376,5,10,59
5180,-104,83,87,376,5,9,59
5180,-104,71,87,376,6,9,58
5180,-104,66,87,376,5,8,58
5180,-104,80,87,376,6,9,59
5180,-104,69,87,376,5,10,58
5180,-104,49,84,378,6,8,55
5180,-104,66,87,376,5,10,58
5180,-104,72,86,377,5,10,58
5180,-104,70,87,376,5,10,60
5180,-104,71,86,376,4,7,57
5180,-104,92,87,376,4,10,59
5180,-104,61,86,376,4,9,58
5180,-104,67,87,376,4,9,59
5180,-104,70,86,376,5,10,58
5180,-104,57,87,376,4,9,58
5180,-104,71,86,377,5,10,57
5180,-104,59,87,376,5,9,58
5180,-104,55,85,377,7,10,58
5180,-104,65,87,376,4,9,59
5180,-104,55,87,376,4,9,59
5180,-104,61,87,376,5,8,58
5180,-104,81,86,376,5,8,57
5180,-104,81,87,376,5,9,58
5180,-104,67,87,376,5,10,58
5180,-104,68,86,376,5,10,58
5180,-104,87,87,376,6,8,59
5180,-104,80,87,376,7,13,60
5180,-104,60,87,376,7,11,60
5180,-104,70,87,376,7,11,59
5180,-104,59,86,376,7,9,58
5180,-104,81,87,376,6,10,59
5180,-104,88,86,376,7,9,58
5180,-104,69,86,376,10,9,59
5180,-104,70,87,376,6,8,58
5180,-104,90,87,376,7,11,60
5180,-104,76,87,376,6,9,59
5180,-104,81,86,377,6,8,58
5180,-104,44,85,378,5,8,57
5180,-104,94,87,376,6,9,59
5180,-104,48,86,377,6,9,58
5180,-104,43,84,378,6,6,55
5180,-104,72,87,376,5,9,59
5180,-104,97,87,376,4,10,59
5180,-104,61,87,376,5,10,58
5180,-104,78,87,376,5,9,59
5180,-104,66,86,376,4,10,58
5180,-104,67,87,376,5,9,58
5180,-104,89,87,376,5,10,59
5180,-104,57,86,376,5,10,58
5180,-104,52,87,376,5,11,59
5180,-104,70,87,376,4,8,58
5180,-104,73,87,376,5,9,59
5180,-104,79,87,376,5,10,59
5180,-104,65,87,376,4,9,59
5180,-104,80,87,376,5,9,59
5180,-104,43,86,376,6,9,58
5180,-104,57,88,375,4,10,60
5180,-104,43,86,377,7,9,58
5180,-104,37,86,376,5,8,57
5180,-104,62,87,375,7,10,60
5180,-104,89,88,374,4,9,59
5180,-104,64,87,375,5,8,58
5180,-104,82,88,374,4,8,59
5180,-104,61,86,376,4,11,59
5180,-104,70,88,375,7,8,60
5180,-104,70,87,376,5,8,58
5180,-104,40,86,376,5,10,58
5180,-104,38,86,376,5,7,57
5180,-104,46,86,377,6,8,57
5180,-104,49,88,375,3,10,60
5180,-104,56,86,377,6,8,58
5180,-104,59,87,376,5,10,59
5180,-104,56,87,376,4,10,59
5180,-104,53,86,376,4,8,58
5180,-104,77,89,374,3,10,61
5180,-104,41,86,376,6,10,58
5180,-104,45,87,376,4,9,59
5180,-104,46,86,376,4,9,58
5180,-104,64,87,376,4,8,58
5180,-104,30,85,378,5,9,57
5180,-104,35,85,378,8,9,56
5180,-104,60,86,377,4,10,58
5180,-104,63,88,374,5,8,59
5180,-104,32,87,375,5,10,58
5180,-104,51,88,374,4,10,61
5180,-104,66,87,376,4,7,58
5180,-104,42,87,376,5,10,59
5180,-104,52,87,376,5,9,59
5180,-104,51,87,376,5,9,58
5180,-104,65,88,375,5,7,59
5180,-104,55,87,376,5,7,58
5180,-104,30,86,376,4,9,57
5180,-104,72,88,374,4,9,60
5180,-104,83,90,373,4,10,62
5180,-104,41,85,377,5,8,57
5180,-104,52,88,374,5,10,60
5180,-104,75,87,376,5,11,59
5180,-104,76,88,374,5,7,59
5180,-104,44,87,376,5,8,58
5180,-104,42,88,375,4,7,59
5180,-104,43,87,376,5,10,59
5180,-104,56,86,376,5,8,57
5180,-104,62,88,375,5,10,60
5180,-104,75,88,374,3,9,60
5180,-104,84,89,373,4,10,60
5180,-104,97,89,374,4,9,60
5180,-104,64,87,375,5,9,59
5180,-104,80,88,374,5,9,60
5180,-104,53,87,376,5,8,59
5180,-104,60,85,377,6,10,57
5180,-104,65,87,375,4,8,59
5180,-104,50,87,376,3,12,59
5180,-104,46,86,376,5,8,58
5180,-104,61,87,376,5,8,58
5180,-104,53,88,374,4,9,59
5180,-104,49,86,376,4,9,57
5180,-104,79,87,376,4,9,58
5180,-104,47,86,377,4,9,58
5180,-104,59,86,376,5,9,58
5180,-104,89,88,375,5,10,60
5180,-104,58,87,376,6,9,59
5180,-104,47,87,376,4,8,58
5180,-104,46,87,376,5,9,59
5180,-104,54,88,374,5,9,60
5180,-104,53,88,375,4,9,59
5180,-104,63,86,377,5,8,58
5180,-104,40,86,376,4,10,59
5180,-104,47,88,374,4,9,59
5180,-104,51,88,375,5,10,61
5180,-104,73,87,375,4,9,59
5180,-104,73,87,375,5,10,58
5180,-104,71,88,374,6,9,59
5180,-104,54,86,377,6,7,58
5180,-104,52,87,376,4,10,58
5180,-104,62,87,376,3,8,58
5180,-104,54,86,377,5,9,58
5180,-104,48,87,376,4,9,59
5180,-104,62,87,375,4,9,58
5180,-104,62,88,374,5,10,60
5180,-104,63,88,375,3,11,59
5180,-104,36,86,376,5,8,58
5180,-104,47,87,376,5,8,59
5180,-104,63,87,376,4,8,58
5180,-104,32,85,377,6,8,56
5180,-104,68,87,376,5,8,59
5180,-104,60,87,376,5,9,59
5180,-104,50,88,375,4,10,60
5180,-104,50,88,374,5,10,59
5180,-104,36,85,378,6,9,56
5180,-104,64,89,374,3,8,60
5180,-104,60,88,375,4,9,60
5180,-104,51,87,375,5,9,59
5180,-104,81,90,373,5,9,62
5180,-104,38,86,376,5,9,58
5180,-104,50,86,376,5,9,58
5180,-104,58,88,374,5,10,59
5180,-104,56,88,375,4,10,60
5180,-104,54,87,376,4,9,58
5180,-104,63,87,376,4,9,59
5180,-104,46,85,378,6,9,57
5180,-104,75,88,375,5,11,60
5180,-104,48,87,375,4,10,59
5180,-104,59,88,374,4,8,60
5180,-104,74,85,377,6,9,57
5180,-104,59,87,376,4,11,59
5180,-104,52,85,377,5,9,57
5180,-104,61,87,376,5,9,59
5180,-104,35,88,375,3,9,59
5180,-104,62,86,376,6,8,58
5180,-104,111,90,373,3,9,62
5180,-104,57,86,376,5,10,58
5180,-104,50,88,375,4,10,60
5180,-104,55,86,377,5,8,58
5180,-104,53,85,378,6,8,57
5180,-104,69,88,374,4,8,59
5180,-104,68,87,376,5,9,59
5180,-104,41,86,376,5,7,58
5180,-104,38,86,377,6,9,57
5180,-104,43,87,376,6,9,58
5180,-104,46,86,377,6,9,58
5180,-104,53,87,375,5,7,58
5180,-104,54,86,376,4,7,58
5180,-104,71,90,373,4,10,62
5180,-104,30,85,377,5,9,57
5180,-104,46,86,376,4,9,58
5180,-104,48,87,376,5,9,58
5180,-104,51,86,376,5,9,58
5180,-104,69,86,376,5,10,58
5180,-104,52,86,376,5,10,58
5180,-104,58,87,375,5,8,59
5180,-104,69,88,375,5,8,59
5180,-104,38,86,376,5,9,57
5180,-104,52,87,375,4,9,59
5180,-104,40,86,376,5,8,58
5180,-104,61,88,374,3,9,60
5180,-104,72,87,375,4,8,59
5180,-104,67,88,374,6,9,60
5180,-104,72,88,375,6,8,59
5180,-104,95,88,375,4,8,61
5180,-104,74,88,374,4,8,60
5180,-104,46,87,376,4,9,59
5180,-104,80,88,374,3,9,60
5180,-104,82,88,375,3,9,60
5180,-104,72,87,375,4,9,59
5180,-104,47,89,373,3,9,59
5180,-104,90,89,373,5,8,61
5180,-104,67,87,376,4,9,59
5180,-104,68,88,374,5,8,59
5180,-104,51,86,377,5,10,59
5180,-104,60,86,376,3,8,58
5180,-104,68,89,374,4,9,61
5180,-104,47,85,378,5,9,56
5180,-104,36,87,375,4,7,59
5180,-104,67,88,374,4,9,60
5180,-104,44,86,377,5,8,57
5180,-104,35,86,376,5,8,57
5180,-104,70,89,374,2,9,60
5180,-104,54,89,374,4,9,60
5180,-104,95,88,375,5,7,59
5180,-104,70,88,374,5,8,60
5180,-104,75,90,373,4,9,61
5180,-104,41,85,377,5,10,57
5180,-104,55,88,375,6,7,59
5180,-104,68,87,376,5,9,59
5180,-104,52,87,375,5,8,58
5180,-104,59,87,375,4,9,59
5180,-104,69,88,374,5,8,60
5180,-104,102,89,374,4,9,61
5180,-104,61,85,377,5,9,58
5180,-104,65,88,374,3,7,59
5180,-104,34,86,376,6,9,58
5180,-104,76,87,376,5,9,59
5180,-104,57,86,377,5,8,59
5180,-104,52,87,375,4,8,58
5180,-104,50,87,375,4,8,57
5180,-104,54,86,376,5,9,58
5180,-104,43,87,375,5,8,58
5180,-104,52,87,375,2,7,59
5180,-104,65,88,375,5,8,59
5180,-104,39,84,379,6,9,56
5180,-104,35,86,377,5,11,58
5180,-104,69,87,375,3,7,58
5180,-104,57,88,375,4,8,59
5180,-104,50,86,376,4,7,58
5180,-104,47,86,377,5,10,58
5180,-104,48,86,377,4,8,57
5180,-104,45,87,375,5,8,58
5180,-104,93,88,375,4,10,61
5180,-104,48,86,376,5,10,59
5180,-104,58,86,376,5,9,58
5180,-104,51,88,374,4,6,58
5180,-104,51,87,375,4,9,59
5180,-104,98,89,374,5,9,60
5180,-104,36,86,377,5,8,57
5180,-104,46,88,374,4,8,59
5180,-104,58,88,374,4,10,60
5180,-104,51,85,377,5,10,58
5180,-104,46,87,376,5,8,58
5180,-104,38,86,376,6,9,58
5180,-104,74,88,374,5,8,59
5180,-104,57,87,376,5,9,59
5180,-104,58,85,377,6,9,57
5180,-104,83,89,374,4,10,60
5180,-104,53,86,376,5,8,57
5180,-104,69,88,374,4,9,59
5180,-104,57,86,376,6,8,58
5180,-104,87,89,374,5,12,62
5180,-104,66,86,377,4,9,57
5180,-104,74,88,375,4,9,60
5180,-104,68,87,376,5,9,59
5180,-104,55,86,376,5,9,58
5180,-104,48,86,377,5,9,59
5180,-104,53,86,376,4,10,58
5180,-104,67,89,374,5,10,61
5180,-104,90,88,375,4,11,60
5180,-104,61,87,376,4,10,60
5180,-104,63,88,375,4,7,59
5180,-104,53,86,377,6,8,57
5180,-104,54,86,377,5,9,58
5180,-104,81,89,374,3,8,61
5180,-104,67,87,376,4,8,58
5180,-104,56,87,375,6,7,58
5180,-104,40,86,377,5,8,58
5180,-104,64,85,378,5,10,58
5805,-108,53,90,377,5,11,57
5805,-108,57,90,377,4,11,57
5805,-108,53,90,377,4,9,58
5805,-108,55,90,377,4,9,57
5805,-108,51,90,377,5,9,57
5805,-108,53,90,377,5,10,57
5805,-108,51,90,377,5,10,58
5805,-108,52,90,377,5,4,57
5805,-108,40,90,377,5,4,56
5805,-108,64,90,377,5,9,57
5805,-108,49,90,377,5,7,56
5805,-108,45,90,377,4,9,57
5805,-108,59,90,377,5,10,57
5805,-108,43,90,377,5,9,57
5805,-108,37,90,377,4,9,57
5805,-108,64,90,377,4,10,57
5805,-108,44,90,377,5,10,57
5805,-108,49,90,377,5,11,57
5805,-108,42,90,377,5,9,57
5805,-108,47,90,377,4,10,58
5805,-108,39,90,377,4,9,57
5805,-108,40,90,377,4,10,58
5805,-108,73,90,377,4,11,57
5805,-108,59,90,377,4,8,57
5805,-108,51,90,377,5,10,58
5805,-108,45,90,377,4,8,57
5805,-108,39,90,377,4,9,58
5805,-108,59,90,377,5,9,58
5805,-108,46,90,377,3,9,57
5805,-108,45,90,377,4,10,57
5805,-108,38,90,377,6,10,57
5805,-108,33,90,377,4,9,56
5805,-108,56,90,377,4,10,57
5805,-108,39,90,377,4,9,57
5805,-108,44,90,377,4,8,57
5805,-108,64,90,377,4,8,58
5805,-108,53,90,377,3,11,58
5805,-108,56,90,377,4,11,59
5805,-108,71,90,377,3,9,58
5805,-108,47,90,377,5,10,58
5805,-108,27,90,377,4,8,57
5805,-108,47,90,377,5,7,56
5805,-108,67,90,377,7,10,58
5805,-108,49,90,377,4,9,57
5805,-108,50,90,377,3,11,58
5805,-108,36,90,377,5,9,56
5805,-108,41,90,377,5,9,57
5805,-108,65,90,377,4,8,57
5805,-108,53,90,377,2,9,58
5805,-108,59,90,377,4,8,57
5805,-108,58,90,377,5,10,58
5805,-108,50,90,377,5,9,57
5805,-108,48,90,377,4,9,57
5805,-108,44,90,377,5,9,57
5805,-108,53,90,377,5,8,57
5805,-108,45,90,377,4,10,57
5805,-108,48,90,377,4,11,58
5805,-108,61,90,377,4,9,57
5805,-108,31,90,377,4,9,57
5805,-108,48,90,377,3,11,58
5805,-108,44,90,377,4,9,58
5805,-108,51,90,377,4,11,57
5805,-108,64,90,377,5,9,57
5805,-108,37,90,377,4,9,57
5805,-108,32,90,377,5,10,57
5805,-108,57,90,377,3,8,58
5805,-108,69,90,377,4,9,57
5805,-108,42,90,377,6,9,58
5805,-108,37,90,377,4,9,58
5805,-108,39,90,377,6,10,58
5805,-108,51,90,377,5,8,57
5805,-108,38,89,378,5,9,57
5805,-108,59,90,377,6,10,57
5805,-108,48,90,377,5,9,57
5805,-108,61,90,377,4,8,58
5805,-108,49,90,377,6,9,56
5805,-108,36,90,377,5,10,57
5805,-108,39,90,377,4,10,57
5805,-108,32,89,377,6,8,56
5805,-108,49,90,377,4,8,57
5805,-108,36,90,377,4,11,57
5805,-108,45,90,377,4,9,58
5805,-108,35,90,377,5,10,57
5805,-108,45,90,377,4,10,58
5805,-108,58,90,377,5,10,58
5805,-108,48,90,377,6,10,57
5805,-108,55,90,377,4,9,57
5805,-108,70,90,377,5,10,58
5805,-108,25,89,378,6,10,56
5805,-108,58,90,377,5,9,57
5805,-108,50,90,377,4,9,58
5805,-108,50,90,377,5,9,57
5805,-108,63,90,377,5,9,56
5805,-108,40,90,377,5,9,57
5805,-108,40,89,378,6,11,57
5805,-108,36,90,377,4,11,58
5805,-108,54,90,377,4,10,57
5805,-108,54,90,377,4,8,58
5805,-108,41,90,377,4,10,57
5805,-108,40,90,377,5,9,57
5805,-108,53,90,377,4,8,56
5805,-108,51,90,377,4,9,57
5805,-108,41,90,377,6,9,57
5805,-108,55,90,377,5,10,58
5805,-108,54,90,377,4,10,58
5805,-108,50,90,377,4,10,58
5805,-108,44,90,377,5,8,57
5805,-108,61,90,377,5,10,58
5805,-108,66,90,377,4,9,57
5805,-108,48,90,377,5,9,57
5805,-108,50,90,377,5,9,57
5805,-108,49,90,377,5,12,59
5805,-108,47,90,377,4,10,58
5805,-108,69,90,377,4,10,58
5805,-108,38,90,377,4,11,57
5805,-108,52,90,377,5,8,57
5805,-108,49,90,377,5,11,58
5805,-108,51,90,377,3,10,57
5805,-108,56,90,377,4,12,58
5805,-108,59,90,377,3,9,57
5805,-108,33,90,377,4,10,57
5805,-108,36,90,377,5,11,57
5805,-108,34,90,377,5,9,57
5805,-108,50,90,377,3,9,57
5805,-108,43,90,377,4,11,58
5805,-108,25,90,377,3,8,56
5805,-108,38,90,377,4,9,57
5805,-108,73,90,377,4,8,57
5805,-108,45,90,377,5,11,58
5805,-108,42,90,377,3,10,58
5805,-108,57,90,377,5,11,57
5805,-108,40,90,377,5,11,57
5805,-108,46,90,377,5,10,58
5805,-108,39,90,377,5,11,58
5805,-108,36,90,377,5,9,57
5805,-108,32,90,377,5,10,58
5805,-108,41,90,377,5,8,57
5805,-108,64,90,377,5,9,57
5805,-108,34,90,377,3,11,58
5805,-108,35,90,377,4,10,57
5805,-108,50,89,377,5,8,56
5805,-108,51,90,377,5,10,58
5805,-108,54,90,377,5,9,57
5805,-108,40,89,377,6,7,56
5805,-108,51,90,377,5,9,58
5805,-108,43,90,377,5,9,58
5805,-108,38,90,377,5,9,57
5805,-108,41,90,377,4,10,57
5805,-108,42,90,377,4,8,57
5805,-108,45,90,377,5,9,57
5805,-108,41,90,377,4,8,57
5805,-108,61,90,377,5,10,58
5805,-108,47,90,377,5,11,57
5805,-108,50,90,377,4,10,57
5805,-108,54,90,377,4,10,57
5805,-108,35,90,377,3,9,57
5805,-108,47,90,377,3,9,57
5805,-108,50,90,377,4,10,58
5805,-108,46,90,377,4,10,57
5805,-108,27,90,377,4,9,57
5805,-108,53,90,377,2,10,57
5805,-108,49,90,377,5,7,57
5805,-108,57,90,377,4,9,57
5805,-108,46,90,377,4,10,57
5805,-108,51,90,377,4,9,57
5805,-108,43,90,377,5,9,57
5805,-108,34,90,377,4,8,57
5805,-108,53,90,377,3,9,56
5805,-108,40,90,377,3,10,58
5805,-108,70,90,377,6,10,59
5805,-108,32,90,377,5,10,57
5805,-108,39,90,377,5,11,58
5805,-108,50,90,377,5,10,57
5805,-108,34,90,377,5,9,58
5805,-108,37,90,377,6,9,57
5805,-108,31,90,377,5,10,57
5805,-108,43,90,377,5,10,57
5805,-108,53,90,377,4,7,56
5805,-108,55,90,377,4,9,57
5805,-108,36,90,377,4,10,58
5805,-108,59,90,377,4,9,57
5805,-108,36,90,377,4,8,55
5805,-108,54,90,377,5,10,58
5805,-108,53,90,377,3,9,57
5805,-108,46,90,377,5,11,58
5805,-108,37,90,377,4,9,57
5805,-108,40,90,377,4,8,56
5805,-108,61,90,377,5,10,58
5805,-108,34,90,377,4,9,57
5805,-108,48,90,377,5,10,58
5805,-108,41,90,377,4,10,58
5805,-108,34,90,377,4,10,57
5805,-108,48,90,377,4,8,57
5805,-108,44,90,377,4,9,56
5805,-108,36,90,377,4,9,57
5805,-108,66,90,377,5,8,57
5805,-108,51,90,377,6,10,57
5805,-108,44,90,377,4,10,57
5805,-108,41,90,377,4,11,58
5805,-108,46,90,377,4,9,57
5805,-108,28,90,377,4,10,57
5805,-108,46,90,377,5,9,57
5805,-108,54,90,377,4,8,57
5805,-108,45,90,377,4,9,58
5805,-108,56,90,377,5,8,57
5805,-108,40,90,377,6,10,57
5805,-108,41,90,377,5,8,58
5805,-108,48,90,377,4,8,56
5805,-108,38,90,377,6,9,57
5805,-108,52,90,377,5,9,57
5805,-108,48,90,377,5,9,57
5805,-108,48,90,377,5,10,58
5805,-108,44,90,377,5,9,57
5805,-108,43,90,377,5,9,57
5805,-108,51,90,377,5,10,57
5805,-108,56,90,377,4,9,57
5805,-108,39,90,377,6,8,57
5805,-108,54,90,377,4,10,58
5805,-108,53,90,377,5,10,58
5805,-108,56,90,377,3,9,57
5805,-108,58,90,377,3,9,57
5805,-108,48,90,377,5,8,57
5805,-108,51,90,377,5,8,57
5805,-108,55,90,377,3,11,57
5805,-108,54,90,377,5,11,57
5805,-108,60,90,377,5,9,57
5805,-108,46,90,377,6,8,56
5805,-108,73,90,377,5,8,58
5805,-108,48,90,377,4,10,57
5805,-108,52,90,377,4,8,57
5805,-108,59,90,377,5,9,57
5805,-108,43,90,377,5,9,57
5805,-108,42,90,377,3,9,59
5805,-108,40,90,377,4,10,57
5805,-108,54,90,377,4,11,57
5805,-108,37,90,377,4,10,57
5805,-108,52,90,377,6,10,57
5805,-108,33,90,377,5,10,58
5805,-108,49,90,377,5,10,58
5805,-108,50,90,377,4,8,56
5805,-108,59,90,377,5,10,58
5805,-108,49,90,377,5,10,58
5805,-108,43,90,377,4,9,56
5805,-108,55,90,377,4,8,57
5805,-108,33,90,377,5,9,57
5805,-108,46,90,377,4,9,57
5805,-108,54,90,377,3,9,57
5805,-108,36,90,377,5,10,57
5805,-108,49,90,377,5,7,56
5805,-108,47,90,377,5,8,57
5805,-108,40,90,377,4,9,57
5805,-108,37,90,377,5,10,57
5805,-108,28,89,378,6,9,56
5805,-108,41,90,377,4,9,56
5805,-108,41,90,377,3,9,58
5805,-108,46,90,377,3,8,56
5805,-108,43,90,377,4,8,56
5805,-108,38,90,377,4,9,57
5805,-108,50,90,377,6,9,57
5805,-108,43,90,377,5,9,57
5805,-108,62,90,377,5,11,58
5805,-108,69,90,377,4,8,57
5805,-108,34,90,377,5,8,57
5805,-108,52,90,377,2,9,57
5805,-108,35,90,377,5,10,56
5805,-108,49,90,377,4,11,58
5805,-108,56,90,377,4,9,57
5805,-108,34,90,377,4,10,58
5805,-108,44,90,377,3,10,58
5805,-108,66,90,377,4,10,59
5805,-108,57,90,377,4,9,57
5805,-108,57,90,377,4,10,58
5805,-108,32,90,377,5,10,57
5805,-108,49,90,377,5,10,57
5805,-108,36,90,377,4,8,57
5805,-108,57,90,377,5,8,57
5805,-108,49,90,377,4,10,57
5805,-108,43,90,377,5,10,57
5805,-108,23,90,377,5,9,57
5805,-108,49,90,377,4,10,57
5805,-108,31,90,377,3,8,56
5805,-108,34,90,377,4,7,56
5805,-108,58,90,377,5,8,57
5805,-108,55,90,377,4,11,57
5805,-108,43,90,377,5,8,57
5805,-108,42,90,377,3,9,57
5805,-108,54,90,377,2,10,58
5805,-108,45,90,377,5,10,57
5805,-108,45,90,377,5,9,57
5805,-108,37,90,377,5,9,57
5805,-108,35,90,377,4,10,58
5805,-108,39,90,377,4,10,57
5805,-108,57,90,377,5,10,58
5805,-108,35,90,377,4,10,58
5805,-108,69,90,377,3,9,58
5805,-108,43,90,377,4,10,57
5805,-108,29,90,377,5,9,57
5805,-108,38,90,377,5,10,57
5805,-108,47,90,377,4,8,57
5805,-108,41,90,377,4,9,57
5805,-108,43,90,377,4,8,57
5805,-108,63,90,377,4,9,58
5805,-108,42,90,377,5,10,58
5805,-108,44,90,377,5,9,58
5805,-108,42,90,377,5,9,58
5805,-108,41,90,377,5,9,56
5805,-108,45,90,377,3,8,57
5805,-108,35,89,377,5,10,56
5805,-108,65,90,377,6,10,58
5805,-108,52,90,377,4,10,58
5805,-108,50,90,377,4,9,57
5805,-108,49,90,377,4,9,57
5805,-108,68,90,377,5,9,58
5805,-108,45,90,377,4,8,57
5805,-108,40,89,377,4,9,57
5805,-108,41,90,377,5,9,57
5805,-108,35,90,377,6,11,58
5805,-108,61,90,377,3,10,57
5805,-108,54,90,377,3,10,57
5805,-108,51,90,377,6,8,57
5805,-108,49,90,377,4,9,57
5805,-108,41,90,377,4,9,58
5805,-108,42,89,377,6,9,57
5805,-108,45,90,377,5,8,56
5805,-108,33,90,377,5,11,58
5805,-108,39,90,377,5,9,58
5805,-108,43,90,377,6,8,57
5805,-108,40,90,377,4,9,57
5805,-108,39,90,377,4,9,58
5805,-108,30,90,377,4,9,57
5805,-108,27,90,377,5,9,56
5805,-108,43,90,377,3,9,57
5805,-108,38,90,377,5,9,56
5805,-108,36,90,377,3,10,57
5805,-108,32,90,377,5,8,57
5805,-108,27,90,377,5,10,58
5805,-108,42,90,377,5,9,57
5805,-108,43,90,377,5,9,58
5805,-108,64,90,377,4,10,58
5805,-108,57,90,377,4,9,57
5805,-108,37,90,377,4,10,57
5805,-108,39,90,377,4,8,57
5805,-108,34,90,377,5,11,57
5805,-108,46,90,377,5,7,56
5805,-108,55,90,377,5,9,57
5805,-108,33,90,377,5,10,57
5805,-108,51,90,377,4,10,58
5805,-108,34,90,377,3,10,57
5805,-108,32,89,377,6,8,56
5805,-108,45,90,377,2,12,58
5805,-108,24,90,377,5,11,57
5805,-108,30,90,377,5,10,58
5805,-108,26,90,377,5,7,55
5805,-108,39,90,377,5,10,58
5805,-108,41,90,377,4,8,57
5805,-108,44,90,377,6,12,59
5805,-108,52,90,377,4,10,58
5805,-108,50,90,377,4,9,57
5805,-108,50,90,377,5,9,57
5805,-108,27,90,377,4,10,58
5805,-108,45,90,377,5,9,57
5805,-108,50,90,377,4,9,58
5805,-108,46,90,377,4,10,57
5805,-108,42,90,377,4,9,57
5805,-108,42,90,377,4,11,59
5805,-108,61,90,377,4,9,57
5805,-108,51,90,377,4,12,59
5805,-108,35,90,377,5,10,57
5805,-108,62,90,377,5,8,58
5805,-108,56,90,377,3,10,58
5805,-108,39,90,377,3,11,57
5805,-108,56,90,377,5,8,57
5805,-108,32,90,377,4,10,57
5805,-108,59,90,377,5,11,58
5805,-108,51,90,377,5,10,58
5805,-108,43,90,377,4,8,57
5805,-108,37,90,377,5,10,58
5805,-108,52,90,377,6,10,57
5805,-108,26,90,377,6,8,56
5805,-108,29,90,377,6,9,56
5805,-108,43,90,377,5,9,57
5805,-108,59,90,377,3,10,57
5805,-108,37,90,377,5,10,58
5805,-108,26,89,377,5,12,56
5805,-108,46,90,377,4,10,57
5805,-108,36,90,377,6,9,57
5805,-108,58,90,377,5,10,58
5805,-108,55,90,377,5,10,58
5805,-108,44,90,377,4,10,57
5805,-108,35,90,377,4,11,58
5805,-108,33,90,377,5,9,57
5805,-108,57,90,377,5,11,57
5805,-108,50,90,377,4,10,57
5805,-108,67,90,377,4,10,58
5805,-108,53,90,377,5,9,56
5805,-108,32,90,377,4,10,58
5805,-108,46,90,377,3,12,58
5805,-108,50,89,378,4,10,56
5805,-108,50,90,377,4,9,57
5805,-108,31,90,377,5,10,57
5805,-108,59,90,377,4,10,58
5805,-108,49,90,377,5,8,57
5805,-108,42,90,377,4,10,57
5805,-108,48,90,377,4,9,57
5805,-108,44,90,377,4,10,57
5805,-108,36,90,377,5,9,57
5805,-108,47,90,377,4,10,56
5805,-108,45,90,377,5,9,57
5805,-108,39,90,377,4,10,58
5805,-108,51,90,377,4,8,56
5805,-108,60,90,377,5,10,58
5805,-108,60,90,377,4,10,58
5805,-108,59,90,377,3,10,58
5805,-108,27,90,377,4,11,57
5805,-108,71,90,377,4,10,57
5805,-108,42,90,377,6,11,58
5805,-108,36,90,377,4,9,57
5805,-108,47,90,377,5,8,57
5805,-108,40,90,377,5,9,57
5805,-108,49,90,377,5,10,58
5805,-108,49,90,377,4,10,58
5805,-108,59,90,377,4,10,57
5805,-108,54,89,377,5,10,56
5805,-108,36,90,377,5,9,57
5805,-108,51,90,377,4,8,57
5805,-108,44,90,377,5,10,57
5805,-108,47,90,377,4,10,57
5805,-108,57,90,377,5,10,58
5805,-108,51,90,377,4,9,57
5805,-108,32,90,377,4,9,57
5805,-108,53,90,377,2,9,57
5805,-108,46,90,377,4,9,57
5805,-108,48,90,377,3,9,57
5805,-108,39,90,377,5,11,58
5805,-108,37,90,377,5,10,58
5805,-108,34,90,377,5,10,57
5805,-108,47,90,377,3,10,57
5805,-108,41,90,377,6,9,58
5805,-108,48,90,377,4,9,57
5805,-108,50,90,377,5,10,58
5805,-108,50,90,377,4,10,57
5805,-108,55,90,377,4,8,57
5805,-108,58,90,377,4,11,58
5805,-108,43,90,377,4,8,57
5805,-108,59,90,377,4,10,58
5805,-108,56,90,377,5,10,57
5805,-108,56,90,377,5,9,57
5805,-108,47,90,377,5,8,57
5805,-108,51,90,377,5,10,57
5805,-108,50,89,377,4,8,55
5805,-108,63,90,377,5,10,57
5805,-108,54,90,377,5,10,58
5805,-108,39,90,377,4,10,57
5805,-108,47,90,377,5,9,58
5805,-108,40,90,377,4,10,58
5805,-108,51,90,377,4,10,58
5805,-108,46,90,377,5,10,57
5805,-108,42,90,377,4,9,57
5805,-108,39,89,378,5,8,56
5805,-108,31,90,377,4,10,57
5805,-108,43,90,377,5,8,56
5805,-108,42,90,377,4,9,57
5805,-108,41,90,377,4,8,57
5805,-108,52,90,377,4,8,58
5805,-108,60,90,377,5,8,57
5805,-108,44,90,377,5,10,57
5805,-108,70,90,377,5,9,58
5805,-108,63,90,377,5,11,58
5805,-108,48,90,377,4,11,58
5805,-108,32,90,377,4,8,57
5805,-108,50,90,377,4,11,58
5805,-108,51,90,377,3,11,58
5805,-108,40,90,377,4,9,57
5805,-108,46,90,377,6,8,56
5805,-108,42,90,377,4,9,57
5805,-108,49,90,377,4,10,57
5805,-108,81,90,377,3,8,58
5805,-108,32,90,377,4,10,58
5805,-108,61,90,377,6,10,58
5805,-108,50,90,377,5,11,57
5805,-108,40,90,377,5,11,58
5805,-108,40,90,377,6,9,57
5805,-108,47,90,377,6,10,58
5805,-108,46,90,377,4,10,57
5805,-108,57,90,377,5,8,57
5805,-108,75,90,377,3,9,57
5805,-108,36,90,377,4,11,57
5805,-108,52,90,377,4,9,57
5805,-108,44,90,377,5,9,57
5805,-108,41,90,377,4,9,57
5805,-108,36,90,377,5,7,56
5805,-108,39,90,377,5,9,57
5805,-108,33,90,377,4,9,57
5805,-108,48,90,377,2,8,57
5805,-108,56,90,377,4,10,57
5805,-108,61,90,377,5,10,58
5805,-108,50,90,377,5,9,57
5805,-108,41,90,377,5,9,57
5805,-108,45,90,377,4,10,58
5805,-108,50,90,377,5,10,58
5805,-108,65,90,377,5,11,58
5805,-108,51,90,377,4,10,57
5805,-108,33,90,377,4,10,58
5805,-108,44,90,377,3,9,57
5805,-108,49,90,377,5,9,57
5805,-108,44,90,377,5,7,57
5805,-108,36,89,377,5,12,57
5805,-108,45,90,377,3,12,57
5805,-108,51,90,377,6,11,58
5805,-108,28,90,377,3,8,57
5805,-108,42,90,377,5,10,57
5805,-108,49,90,377,4,9,57
5805,-108,60,90,377,5,9,58
5805,-108,44,90,377,5,11,58
5805,-108,45,90,377,4,9,57
5805,-108,47,90,377,4,10,58
5805,-108,48,90,377,5,10,57
5805,-108,63,90,377,4,8,57
5805,-108,42,90,377,5,10,58
5805,-108,61,90,377,5,9,58
5805,-108,56,90,377,5,9,57
5805,-108,40,90,377,4,9,57
5805,-108,51,89,377,6,9,56
5805,-108,53,90,377,5,10,57
5805,-108,31,90,377,6,10,57
5805,-108,49,90,377,4,10,58
5805,-108,36,88,378,5,9,56
5805,-108,50,90,377,5,11,58
5805,-108,42,90,377,5,8,58
5805,-108,53,90,377,4,10,57
5805,-108,51,90,377,5,9,57
5805,-108,49,90,377,3,10,57
5805,-108,52,90,377,5,10,57
5805,-108,41,90,377,4,9,57
5805,-108,42,90,377,6,12,59
5805,-108,37,90,377,4,9,57
5805,-108,35,90,377,5,9,57
5805,-108,39,90,377,5,6,57
5805,-108,45,90,377,4,9,57
5805,-108,40,90,377,5,11,57
5805,-108,59,90,377,4,10,57
5805,-108,55,90,377,5,8,57
5805,-108,39,90,377,3,10,58
5805,-108,62,90,377,5,9,58
5805,-108,32,90,377,4,10,57
5805,-108,40,90,377,6,10,58
5805,-108,62,90,377,4,10,58
5805,-108,47,90,377,3,9,57
5805,-108,47,90,377,3,9,58
5805,-108,53,90,377,6,10,58
5805,-108,56,90,377,6,9,57
5805,-108,50,90,377,5,9,57
5805,-108,62,90,377,4,9,58
5805,-108,33,90,377,5,9,57
5805,-108,77,90,377,5,9,57
5805,-108,52,90,377,3,9,59
5805,-108,49,90,377,4,10,58
5805,-108,47,90,377,3,10,57
5805,-108,46,90,377,4,11,58
5805,-108,47,90,377,4,10,57
5805,-108,35,90,377,5,12,59
5805,-108,55,90,377,4,9,58
5805,-108,51,90,377,5,11,57
5805,-108,50,90,377,3,7,57
5805,-108,58,90,377,5,8,57
5805,-108,48,90,377,5,9,57
5805,-108,31,90,377,4,9,57
5805,-108,58,90,377,6,10,58
5805,-108,61,90,377,4,10,58
5805,-108,53,90,377,4,10,57
5805,-108,38,90,377,3,11,57
5805,-108,39,90,377,2,11,58
5805,-108,42,89,377,6,9,55
5805,-108,35,90,377,4,8,56
5805,-108,34,88,378,6,7,55
5805,-108,38,90,377,5,9,57
5805,-108,51,90,377,5,10,58
5805,-108,55,90,377,5,9,57
5805,-108,51,90,377,6,11,58
5805,-108,39,90,377,5,11,58
5805,-108,31,89,377,6,10,56
5805,-108,35,90,377,3,11,57
5805,-108,43,89,377,5,10,57
5805,-108,45,90,377,3,9,57
5805,-108,61,90,377,5,9,57
5805,-108,41,90,377,5,9,57
5805,-108,45,90,377,5,11,57
5805,-108,54,90,377,4,9,57
5805,-108,39,90,377,5,9,57
5805,-108,58,90,377,5,9,56
5805,-108,35,90,377,4,9,57
5805,-108,47,90,377,3,11,57
5805,-108,42,90,377,4,10,58
5805,-108,44,89,377,5,11,57
5805,-108,52,90,377,4,9,58
5805,-108,59,90,377,3,8,57
5805,-108,56,89,377,6,9,57
5805,-108,48,90,377,5,10,58
5805,-108,51,90,377,5,11,58
5805,-108,50,90,377,6,11,58
5805,-108,33,90,377,3,9,57
5805,-108,56,90,377,4,10,58
5805,-108,47,90,377,5,10,57
5805,-108,31,90,377,4,7,56
5805,-108,66,90,377,4,10,59
5805,-108,50,90,377,4,10,57
5805,-108,53,90,377,5,10,58
5805,-108,53,90,377,4,9,58
5805,-108,46,90,377,6,9,57
5805,-108,42,90,377,5,12,58
5805,-108,54,90,377,4,9,57
5805,-108,32,90,377,5,11,58
5805,-108,36,90,377,6,9,57
5805,-108,48,90,377,4,9,57
5805,-108,30,90,377,3,8,57
5805,-108,40,90,377,4,12,59
5805,-108,41,90,377,5,11,57
5805,-108,45,90,377,4,10,57
5805,-108,64,90,377,3,10,58
5805,-108,51,90,377,5,9,58
5805,-108,45,90,377,4,11,58
5805,-108,45,90,377,6,11,57
5805,-108,56,90,377,4,8,57
5805,-108,30,90,377,4,9,56
5805,-108,29,90,377,6,10,57
5805,-108,48,90,377,4,10,57
5805,-108,37,90,377,4,9,57
5805,-108,48,90,377,5,10,58
5805,-108,49,89,377,6,9,57
5805,-108,36,90,377,5,12,58
5805,-108,57,90,377,5,11,58
5805,-108,48,90,377,6,10,57
5805,-108,47,90,377,4,10,58
5805,-108,50,90,377,4,10,57
5805,-108,33,90,377,4,8,57
5805,-108,48,90,377,4,9,57
5805,-108,48,90,377,5,10,58
5805,-108,49,90,377,5,10,58
5805,-108,43,90,377,3,10,58
5805,-108,50,90,377,5,9,58
5805,-108,34,90,377,4,11,59
5805,-108,64,90,377,5,8,57
5805,-108,38,90,377,5,10,58
5805,-108,54,90,377,4,10,58
5805,-108,54,90,377,5,12,58
5805,-108,46,90,377,5,10,58
5805,-108,32,90,377,6,8,57
5805,-108,50,90,377,4,9,58
5805,-108,44,90,377,5,10,58
5805,-108,56,90,377,3,10,58
5805,-108,39,90,377,5,10,59
5805,-108,49,90,377,4,9,57
5805,-108,44,90,377,4,9,58
5805,-108,38,90,377,5,9,57
5805,-108,43,90,377,5,9,58
5805,-108,39,90,377,4,8,57
5805,-108,48,90,377,5,8,57
5805,-108,57,89,377,6,9,57
5805,-108,44,90,377,4,9,56
5805,-108,61,90,377,4,10,57
5805,-108,38,90,377,4,9,57
5805,-108,58,90,377,4,9,57
5805,-108,72,90,377,4,7,57
5805,-108,46,90,377,3,11,58
5805,-108,46,90,377,4,11,58
5805,-108,47,90,377,6,10,58
5805,-108,33,90,377,4,12,57
5805,-108,40,90,377,4,10,57
5805,-108,45,90,377,5,9,58
5805,-108,36,90,377,3,8,56
5805,-108,51,90,377,4,10,57
5805,-108,47,90,377,4,8,57
5805,-108,50,90,377,4,11,57
5805,-108,67,90,377,4,9,57
5805,-108,46,90,377,5,8,57
5805,-108,32,90,377,4,9,57
5805,-108,49,90,377,5,10,58
5805,-108,34,90,377,5,11,57
5805,-108,29,89,378,6,10,56
5805,-108,38,89,377,4,13,57
5805,-108,55,90,377,5,9,57
5805,-108,59,90,377,4,10,58
5805,-108,64,90,377,3,12,59
5805,-108,36,90,377,5,7,56
5805,-108,43,90,377,3,11,57
5805,-108,47,90,377,4,10,58
5805,-108,40,90,377,6,11,58
5805,-108,40,90,377,6,10,58
5805,-108,41,90,377,4,9,57
5805,-108,48,90,377,4,10,58
5805,-108,35,90,377,5,9,57
5805,-108,51,90,377,4,11,58
5805,-108,57,90,377,5,10,58
5805,-108,50,90,377,4,10,57
5805,-108,44,89,378,5,9,56
5805,-108,35,89,377,5,11,57
5805,-108,53,90,377,4,9,57
5805,-108,57,90,377,4,8,57
5805,-108,52,90,377,6,9,57
5805,-108,53,90,377,5,10,57
5805,-108,43,90,377,3,9,57
5805,-108,58,90,377,4,8,57
5805,-108,58,90,377,5,11,58
5805,-108,64,90,377,4,9,58
5805,-108,54,90,377,4,9,57
5805,-108,64,90,377,5,9,57
5805,-108,53,90,377,5,9,57
5805,-108,62,90,377,4,10,58
5805,-108,45,90,377,6,10,59
5805,-108,30,90,377,4,8,57
5805,-108,48,90,377,5,9,57
5805,-108,43,90,377,5,9,57
5805,-108,35,90,377,4,9,56
5805,-108,37,90,377,3,11,58
5805,-108,53,90,377,4,10,57
5805,-108,45,90,377,4,9,57
5805,-108,29,90,377,4,10,57
5805,-108,49,90,377,3,9,58
5805,-108,52,90,377,4,9,58
5805,-108,36,90,377,5,10,57
5805,-108,39,90,377,6,9,57
5805,-108,37,90,377,2,10,58
5805,-108,42,90,377,4,8,57
5805,-108,59,90,377,3,9,57
5805,-108,54,90,377,4,10,57
5805,-108,34,90,377,4,9,57
5805,-108,30,90,377,6,11,58
5805,-108,55,90,377,6,7,56
5805,-108,41,90,377,4,10,56
5805,-108,50,90,377,5,9,57
5805,-108,57,90,377,4,8,57
5805,-108,36,90,377,5,8,57
5805,-108,53,89,377,6,10,57
5805,-108,33,90,377,4,10,57
5805,-108,42,90,377,6,9,56
5805,-108,33,90,377,5,10,57
5805,-108,52,90,377,3,9,57
5805,-108,49,90,377,6,8,57
5805,-108,32,90,377,4,9,57
5805,-108,32,90,377,5,9,58
5805,-108,48,90,377,5,9,58
5805,-108,45,90,377,4,10,58
5805,-108,50,90,377,4,11,57
5805,-108,25,89,378,6,9,57
5805,-108,52,90,377,4,9,57
5805,-108,36,90,377,3,10,57
5805,-108,50,90,377,4,8,57
5805,-108,61,90,377,5,9,57
5805,-108,25,90,377,5,10,57
5805,-108,51,90,377,4,8,58
5805,-108,52,90,377,4,6,57
5805,-108,37,90,377,4,9,57
5805,-108,58,90,377,5,9,57
5805,-108,43,90,377,3,9,57
5805,-108,61,90,377,5,7,56
5805,-108,46,90,377,4,10,57
5805,-108,48,90,377,4,9,58
5805,-108,50,90,377,4,8,57
5805,-108,34,89,378,6,8,56
5805,-108,41,90,377,4,6,56
5805,-108,55,90,377,4,10,59
5805,-108,38,90,377,4,9,57
5805,-108,56,89,377,5,7,55
5805,-108,32,90,377,5,8,57
5805,-108,38,90,377,6,8,57
5805,-108,56,90,377,4,9,57
5805,-108,47,90,377,5,10,57
5805,-108,40,90,377,5,10,57
5805,-108,43,90,377,4,9,57
5805,-108,41,89,377,5,10,56
5805,-108,44,90,377,4,9,57
5805,-108,48,90,377,4,11,57
5805,-108,58,90,377,6,8,58
5805,-108,45,90,377,4,8,57
5805,-108,40,90,377,4,9,57
5805,-108,36,90,377,5,8,57
5805,-108,36,90,377,4,9,57
5805,-108,40,90,377,4,11,58
5805,-108,37,89,378,5,11,57
5805,-108,34,90,377,3,10,58
5805,-108,57,90,377,5,9,57
5805,-108,27,90,377,3,10,57
5805,-108,40,90,377,5,10,57
5805,-108,74,90,377,6,8,57
5805,-108,45,89,377,5,9,57
5805,-108,41,90,377,5,10,57
5805,-108,35,88,379,6,9,55
5805,-108,44,90,377,5,10,57
5805,-108,51,90,377,5,9,58
5805,-108,49,90,377,5,11,57
5805,-108,36,90,377,4,9,57
5805,-108,40,90,377,4,11,57
5805,-108,58,90,377,4,9,57
5805,-108,55,90,377,5,10,58
5805,-108,56,90,377,5,11,57
5805,-108,41,89,377,5,9,55
5805,-108,39,90,377,4,8,57
5805,-108,52,90,377,4,8,57
5805,-108,52,90,377,4,9,57
5805,-108,40,90,377,4,8,57
5805,-108,40,90,377,6,9,57
5805,-108,67,90,377,3,11,58
5805,-108,50,90,377,5,10,57
5805,-108,54,90,377,4,10,57
5805,-108,45,90,377,4,8,57
5805,-108,64,90,377,4,8,57
5805,-108,52,90,377,4,7,57
5805,-108,39,90,377,4,8,56
5805,-108,49,90,377,5,9,57
5805,-108,40,90,377,3,11,58
5805,-108,43,90,377,4,10,57
5805,-108,42,90,377,4,9,56
5805,-108,42,90,377,5,11,58
5805,-108,57,90,377,4,10,58
5805,-108,28,90,377,4,10,57
5805,-108,32,90,377,6,10,57
5805,-108,28,90,377,4,10,57
5805,-108,39,88,378,5,9,55
5805,-108,51,90,377,4,9,57
5805,-108,50,90,377,4,12,58
5805,-108,73,90,377,5,9,58
5805,-108,54,90,377,4,8,57
5805,-108,55,90,377,5,10,58
5805,-108,29,90,377,4,10,57
5805,-108,71,90,377,5,9,59
5805,-108,54,90,377,4,10,58
5805,-108,50,90,377,4,10,57
5805,-108,39,90,377,3,10,58
5805,-108,39,90,377,4,10,57
5805,-108,39,90,377,4,11,58
5805,-108,56,90,377,4,9,57
5805,-108,50,90,377,3,8,57
5805,-108,51,89,377,5,9,56
5805,-108,39,90,377,6,9,57
5805,-108,56,90,377,5,10,57
5805,-108,40,90,377,5,10,59
5805,-108,39,90,377,3,10,58
5805,-108,70,90,377,5,10,57
5805,-108,47,90,377,4,9,57
5805,-108,30,89,377,5,9,56
5805,-108,43,90,377,4,9,58
5805,-108,49,90,377,6,10,57
5805,-108,55,90,377,4,9,57
5805,-108,52,90,377,4,10,57
5805,-108,49,90,377,5,9,57
5805,-108,50,90,377,6,10,57
5805,-108,54,90,377,5,12,58
5805,-108,43,90,377,4,9,57
5805,-108,54,90,377,2,8,57
5805,-108,55,90,377,6,7,57
5805,-108,67,90,377,4,8,57
5805,-108,51,90,377,5,9,57
5805,-108,44,90,377,3,10,57
5805,-108,53,90,377,4,11,58
5805,-108,57,90,377,5,8,57
5805,-108,60,90,377,4,11,58
5805,-108,49,90,377,4,11,58
5805,-108,38,90,377,4,10,57
5805,-108,37,90,377,5,10,57
5805,-108,44,90,377,6,9,57
5805,-108,32,90,377,3,9,57
5805,-108,65,90,377,5,11,58
5805,-108,49,90,377,4,11,59
5805,-108,49,90,377,5,10,57
5805,-108,52,90,377,5,11,58
5805,-108,45,90,377,5,11,59
5805,-108,44,90,377,4,8,57
5805,-108,43,90,377,4,10,58
5805,-108,48,90,377,5,10,57
5805,-108,52,90,377,5,9,57
5805,-108,52,90,377,4,9,57
5805,-108,55,90,377,4,11,57
5805,-108,40,90,377,4,9,57
5805,-108,39,90,377,5,7,57
5805,-108,61,90,377,5,8,57
5805,-108,46,90,377,5,9,58
5805,-108,58,90,377,4,9,57
5805,-108,61,90,377,3,9,57
5805,-108,54,90,377,5,9,57
5805,-108,48,90,377,6,11,57
5805,-108,39,90,377,3,9,57
5805,-108,55,90,377,5,9,57
5805,-108,32,90,377,4,9,56
5805,-108,60,90,377,3,9,58
5805,-108,73,90,377,4,9,58
5805,-108,52,90,377,4,9,57
5805,-108,51,90,377,4,10,58
5805,-108,41,90,377,5,9,57
5805,-108,35,90,377,5,10,57
5805,-108,43,89,377,6,11,57
5805,-108,44,90,377,5,10,57
5805,-108,32,90,377,4,11,57
5805,-108,42,90,377,5,10,58
5805,-108,29,90,377,5,10,58
5805,-108,34,90,377,4,9,57
5805,-108,53,90,377,5,8,55
5805,-108,54,90,377,4,10,58
5805,-108,58,90,377,5,7,57
5805,-108,57,90,377,4,11,58
5805,-108,53,90,377,5,9,56
5805,-108,55,90,377,4,10,57
5805,-108,41,90,377,5,9,57
5805,-108,56,90,377,4,11,58
5805,-108,42,90,377,4,8,58
5805,-108,53,90,377,6,9,57
5805,-108,48,90,377,4,9,57
5805,-108,52,90,377,4,11,57
5805,-108,39,90,377,3,9,57
5805,-108,29,90,377,3,9,57
5805,-108,49,90,377,4,10,57
5805,-108,44,90,377,4,9,57
5805,-108,30,90,377,3,10,58
5805,-108,54,90,377,5,9,58
5805,-108,51,90,377,5,10,58
5805,-108,41,90,377,5,10,58
5805,-108,49,89,377,5,11,57
5805,-108,59,90,377,3,10,59
5805,-108,28,90,377,4,8,57
5805,-108,49,90,377,4,9,57
5805,-108,47,90,377,4,10,57
5805,-108,38,90,377,5,10,57
5805,-108,50,90,377,6,10,57
5805,-108,44,90,377,5,9,57
5805,-108,50,90,377,5,11,58
5805,-108,39,90,377,4,11,58
5805,-108,33,90,377,5,11,58
5805,-108,49,90,377,5,10,57
5805,-108,58,90,377,4,10,57
5805,-108,37,90,377,5,10,58
5805,-108,51,90,377,5,9,58
5805,-108,54,90,377,5,9,57
5805,-108,52,90,377,4,10,58
5805,-108,45,90,377,6,10,57
5805,-108,38,90,377,5,11,58
5805,-108,60,90,377,4,11,58
5805,-108,43,90,377,3,8,58
5805,-108,45,90,377,5,10,58
5805,-108,40,90,377,4,10,58
5805,-108,39,90,377,6,10,57
5805,-108,40,89,377,5,9,56
5805,-108,55,90,377,5,9,57
5805,-108,46,90,377,5,9,57
5805,-108,59,90,377,5,9,58
5805,-108,27,90,377,3,9,56
5805,-108,40,90,377,6,10,58
5805,-108,45,90,377,5,8,57
5805,-108,38,90,377,4,10,58
5805,-108,47,90,377,4,9,57
5805,-108,45,90,377,4,8,58
5805,-108,33,90,377,4,11,59
5805,-108,51,90,377,4,9,57
5805,-108,47,90,377,6,11,58
5805,-108,41,90,377,3,9,57
5805,-108,50,90,377,4,11,58
5805,-108,38,90,377,6,9,57
5805,-108,47,90,377,4,9,58
5805,-108,47,90,377,4,9,57
5805,-108,37,90,377,4,9,56
5805,-108,55,89,377,5,11,57
5805,-108,35,90,377,4,9,57
5805,-108,47,90,377,5,10,57
5805,-108,43,90,377,3,8,57
5805,-108,54,90,377,4,8,57
5805,-108,51,90,377,5,9,58
5805,-108,43,89,377,5,9,57
5805,-108,42,90,377,5,10,58
5805,-108,39,90,377,4,10,57
5805,-108,40,90,377,4,8,57
5805,-108,48,90,377,3,11,58
5805,-108,43,90,377,4,9,57
5805,-108,60,90,377,3,10,58
5805,-108,55,90,377,4,9,58
5805,-108,36,90,377,5,11,58
5805,-108,66,90,377,4,10,57
5805,-108,42,90,377,3,10,57
5805,-108,41,90,377,4,8,57
5805,-108,36,90,377,4,9,57
5805,-108,34,90,377,3,8,57
5805,-108,58,90,377,4,10,57
5805,-108,53,90,377,4,10,58
5805,-108,47,90,377,4,8,57
5805,-108,30,90,377,3,10,57
5805,-108,37,90,377,4,10,57
5805,-108,41,90,377,5,8,57
5805,-108,52,90,377,3,11,58
5805,-108,48,90,377,4,8,57
5805,-108,44,90,377,5,10,58
5805,-108,39,89,378,4,11,57
5805,-108,41,90,377,4,12,58
5805,-108,37,90,377,3,10,57
5805,-108,39,90,377,4,10,57
5805,-108,43,90,377,4,9,57
5805,-108,43,90,377,5,10,57
5805,-108,34,90,377,5,9,57
5805,-108,45,90,377,3,8,58
5805,-108,42,90,377,5,11,58
5805,-108,41,90,377,3,12,58
5805,-108,51,90,377,6,8,57
5805,-108,49,90,377,5,10,58
5805,-108,41,90,377,6,8,57
5805,-108,52,90,377,5,9,57
5805,-108,64,90,377,5,9,57
5805,-108,56,90,377,6,9,57
5805,-108,35,90,377,4,9,57
5805,-108,37,90,377,5,10,57
5805,-108,53,90,377,5,6,56
5805,-108,52,90,377,4,10,58
5805,-108,39,90,377,5,10,57
5805,-108,36,90,377,6,9,57
5805,-108,46,90,377,4,10,58
5805,-108,48,90,377,5,9,57
5805,-108,40,90,377,4,11,58
5805,-108,33,90,377,5,10,57
5805,-108,38,90,377,5,11,58
5805,-108,56,90,377,3,10,57
5805,-108,37,90,377,6,10,57
5805,-108,46,90,377,5,9,57
5805,-108,54,90,377,4,9,58
5805,-108,62,90,377,5,10,58
5805,-108,57,90,377,4,9,57
5805,-108,34,90,377,4,9,57
5805,-108,33,90,377,4,9,57
5805,-108,46,90,377,5,8,57
5805,-108,30,90,377,5,9,56
5805,-108,47,90,377,5,9,56
5805,-108,60,89,377,5,8,56
5805,-108,42,90,377,5,10,58
5805,-108,38,89,378,5,10,56
5805,-108,54,90,377,5,10,58
5805,-108,35,90,377,6,9,57
5805,-108,39,90,377,5,9,57
5805,-108,45,90,377,5,10,58
5805,-108,43,90,377,4,10,57
5805,-108,43,90,377,3,8,57
5805,-108,71,90,377,4,9,57
5805,-108,46,90,377,5,9,57
5805,-108,36,90,377,5,9,56
5805,-108,47,90,377,4,9,58
5805,-108,71,90,377,5,8,58
5805,-108,37,90,377,4,9,57
5805,-108,41,90,377,6,9,58
5805,-108,47,90,377,4,10,57
5805,-108,58,90,377,4,8,57
5805,-108,56,90,377,4,8,57
5805,-108,40,90,377,5,9,57
5805,-108,63,90,377,5,10,57
5805,-108,54,90,377,5,9,58
5805,-108,30,90,377,5,11,58
5805,-108,46,90,377,5,10,58
5805,-108,37,90,377,4,10,57
5805,-108,31,89,377,5,8,56
5805,-108,30,90,377,4,8,57
5805,-108,46,90,377,4,10,58
5805,-108,61,90,377,5,8,58
5805,-108,62,90,377,5,11,57
5805,-108,56,90,377,4,9,57
5805,-108,59,90,377,5,9,58
5805,-108,41,90,377,4,10,58
5805,-108,53,90,377,3,9,57
5805,-108,39,90,377,5,9,56
5805,-108,39,90,377,5,9,57
5805,-108,51,90,377,4,7,56
5805,-108,51,90,377,3,10,57
5805,-108,41,90,377,4,9,57
5805,-108,54,90,377,4,8,57
5805,-108,58,90,377,4,8,57
5805,-108,35,90,377,5,9,57
5805,-108,54,90,377,5,8,57
5805,-108,49,90,377,5,9,56
5805,-108,37,90,377,5,10,57
5805,-108,40,90,377,4,9,57
5805,-108,58,90,377,4,10,58
5805,-108,57,90,377,5,9,58
5805,-108,59,90,377,5,8,57
5805,-108,55,89,378,6,10,56
5805,-108,52,90,377,4,10,57
5805,-108,29,89,378,6,9,55
5805,-108,40,90,377,4,9,57
5805,-108,55,90,377,5,8,57
5805,-108,48,90,377,2,10,58
5805,-108,44,90,377,4,9,57
5805,-108,57,90,377,4,10,57
5805,-108,48,90,377,4,11,59
5805,-108,37,90,377,5,10,59
5805,-108,49,90,377,4,10,57
5805,-108,41,90,377,4,9,57
5805,-108,50,90,377,4,11,58
5805,-108,28,90,377,4,10,57
5805,-108,34,90,377,4,9,56
5805,-108,39,90,377,4,9,57
5805,-108,28,90,377,6,8,56
5805,-108,48,90,377,6,9,58
5805,-108,59,90,377,4,8,57
5805,-108,59,90,377,4,9,58
5805,-108,30,90,377,3,10,57
5805,-108,46,90,377,4,8,57
5805,-108,53,90,377,4,9,57
5805,-108,44,90,377,5,10,58
5805,-108,31,90,377,5,8,57
5805,-108,35,90,377,6,10,57
5805,-108,69,90,377,4,10,58
5805,-108,47,90,377,3,9,57
5805,-108,50,90,377,5,9,57
5805,-108,46,90,377,4,9,58
5805,-108,34,90,377,4,9,57
5805,-108,38,90,377,4,10,57
5805,-108,67,90,377,5,11,58
5805,-108,28,90,377,4,10,57
5805,-108,36,90,377,4,9,57
5805,-108,44,90,377,4,10,58
5805,-108,48,90,377,4,10,57
5805,-108,49,90,377,5,11,58
5805,-108,36,90,377,4,9,56
5805,-108,47,90,377,5,10,58
5805,-108,53,90,377,5,9,58
5805,-108,52,90,377,4,10,57
5805,-108,54,90,377,5,10,57
5805,-108,43,90,377,4,8,58
5805,-108,49,90,377,4,8,57
5805,-108,40,90,377,4,9,57
5805,-108,64,90,377,3,11,58
5805,-108,42,90,377,6,8,57
5805,-108,33,90,377,4,8,56
5805,-108,50,90,377,4,9,57
5805,-108,46,90,377,3,9,57
5805,-108,49,90,377,6,8,58
5805,-108,40,90,377,4,10,58
5805,-108,38,90,377,5,8,57
5805,-108,58,90,377,4,9,57
5805,-108,51,90,377,4,8,57
5805,-108,58,90,377,4,9,57
5805,-108,39,90,377,5,8,56
5805,-108,62,90,377,5,10,58
5805,-108,35,90,377,4,9,57
5805,-108,42,90,377,3,10,57
5805,-108,46,90,377,5,7,57
5805,-108,52,90,377,4,9,57
5805,-108,47,90,377,6,9,57
5805,-108,51,90,377,5,10,58
5805,-108,49,90,377,5,9,58
5805,-108,62,90,377,5,9,57
5805,-108,33,90,377,4,9,57
5805,-108,49,90,377,5,11,58
5805,-108,54,90,377,5,10,57
5805,-108,41,90,377,5,10,57
5805,-108,37,90,377,5,8,57
5805,-108,61,90,377,5,9,58
5805,-108,74,90,377,5,9,58
5805,-108,39,90,377,4,11,58
5805,-108,45,90,377,3,9,57
5805,-108,47,90,377,5,10,58
5805,-108,50,90,377,4,10,58
5805,-108,46,90,377,3,10,57
5805,-108,53,90,377,5,9,57
5805,-108,46,90,377,5,11,58
5805,-108,60,90,377,5,10,57
5805,-108,54,90,377,5,9,57
5805,-108,46,90,377,4,11,58
5805,-108,47,90,377,4,10,58
5805,-108,27,90,377,4,10,57
5805,-108,52,90,377,5,9,58
5805,-108,41,90,377,4,10,58
5805,-108,42,90,377,5,10,58
5805,-108,44,90,377,5,9,58
5805,-108,36,90,377,4,9,58
5805,-108,40,90,377,5,9,58
5805,-108,42,90,377,5,9,56
5805,-108,56,90,377,5,9,57
5805,-108,41,90,377,4,10,57
5805,-108,56,90,377,5,9,58
5805,-108,59,90,377,5,9,57
5805,-108,46,90,377,4,9,57
5805,-108,43,90,377,4,9,57
5805,-108,47,90,377,2,10,58
5805,-108,46,89,377,5,10,57
5805,-108,46,90,377,5,9,57
5805,-108,47,90,377,5,10,58
5805,-108,38,90,377,4,8,56
5805,-108,47,90,377,5,9,57
5805,-108,33,90,377,5,8,57
5805,-108,46,90,377,3,9,58
5805,-108,60,90,377,5,8,57
5805,-108,56,90,377,5,10,58
5805,-108,45,90,377,5,9,57
5805,-108,48,90,377,4,10,58
5805,-108,65,90,377,4,10,57
5805,-108,46,90,377,5,9,58
5805,-108,39,90,377,4,9,57
5805,-108,53,90,377,5,10,57
5805,-108,42,90,377,4,9,57
5805,-108,58,90,377,4,10,57
5805,-108,43,90,377,5,8,57
5805,-108,51,90,377,5,11,58
5805,-108,46,89,377,5,10,56
5805,-108,39,90,377,4,8,56
5805,-108,41,90,377,5,10,57
5805,-108,46,90,377,5,11,58
5805,-108,59,90,377,4,10,58
5805,-108,48,90,377,4,10,57
5805,-108,51,90,377,4,9,57
5805,-108,57,90,377,5,10,57
5805,-108,50,90,377,3,9,58
5805,-108,61,90,377,5,10,57
5805,-108,45,90,377,4,9,58
5805,-108,61,90,377,5,11,58
5805,-108,39,89,378,6,9,56
5805,-108,30,90,377,3,9,56
5805,-108,41,90,377,3,11,58
5805,-108,55,90,377,4,9,57
5805,-108,42,89,377,5,8,55
5805,-108,44,90,377,4,9,57
5805,-108,46,90,377,5,8,57
5805,-108,63,90,377,5,9,58
5805,-108,55,90,377,6,10,58
5805,-108,33,90,377,5,10,57
5805,-108,52,90,377,5,10,57
5805,-108,57,90,377,3,10,57
5805,-108,52,90,377,4,10,58
5805,-108,65,90,377,4,9,57
5805,-108,53,90,377,5,10,58
5805,-108,35,90,377,4,10,57
5805,-108,45,90,377,4,9,57
5805,-108,50,90,377,4,9,57
5805,-108,42,90,377,5,11,57
5805,-108,45,90,377,3,10,58
5805,-108,52,90,377,5,9,58
5805,-108,46,90,377,5,10,58
5805,-108,34,90,377,5,9,58
5805,-108,46,90,377,4,9,58
5805,-108,47,90,377,4,11,59
5805,-108,35,90,377,4,10,57
5805,-108,47,90,377,4,10,57
5805,-108,49,90,377,5,9,57
5805,-108,40,90,377,5,9,57
5805,-108,59,89,378,5,9,56
5805,-108,48,90,377,3,10,57
5805,-108,47,90,377,5,9,57
5805,-108,63,90,377,4,9,58
5805,-108,45,90,377,4,10,58
5805,-108,39,90,377,5,10,57
5805,-108,41,90,377,3,11,57
5805,-108,42,90,377,5,11,58
5805,-108,39,90,377,3,9,57
5805,-108,51,90,377,4,9,58
5805,-108,52,89,377,5,10,56
5805,-108,60,90,377,6,9,57
5805,-108,43,90,377,3,9,57
5805,-108,57,90,377,4,7,56
5805,-108,37,90,377,3,9,57
5805,-108,40,90,377,4,8,57
5805,-108,31,90,377,6,11,57
5805,-108,38,90,377,5,9,58
5805,-108,55,90,377,6,11,57
5805,-108,49,90,377,5,8,57
5805,-108,35,90,377,4,7,57
5805,-108,47,90,377,4,9,58
5805,-108,51,90,377,4,9,57
5805,-108,33,90,377,5,10,58
5805,-108,29,89,377,6,10,56
5805,-108,49,90,377,3,11,57
5805,-108,45,90,377,5,7,57
5805,-108,51,90,377,4,9,57
5805,-108,46,90,377,6,10,57
5805,-108,53,90,377,4,10,57
5805,-108,46,90,377,4,11,58
5805,-108,49,90,377,4,9,57
5805,-108,52,90,377,3,9,57
5805,-108,37,90,377,4,9,57
5805,-108,39,90,377,4,8,57
5805,-108,44,90,377,6,9,58
5805,-108,41,90,377,5,9,57
5805,-108,27,89,377,5,9,56
5805,-108,71,90,377,6,10,59
5805,-108,50,90,377,5,9,57
5805,-108,50,90,377,5,9,57
5805,-108,41,90,377,4,10,57
5805,-108,44,90,377,5,9,56
5805,-108,52,90,377,5,11,56
5805,-108,60,90,377,4,10,58
5805,-108,40,90,377,5,10,57
5805,-108,34,90,377,4,10,57
5805,-108,40,90,377,4,10,58
5805,-108,38,90,377,4,9,58
5805,-108,38,90,377,4,10,58
5805,-108,56,90,377,4,10,58
5805,-108,50,90,377,5,10,57
5805,-108,52,90,377,4,10,57
5805,-108,52,90,377,5,10,58
5805,-108,34,90,377,5,9,57
5805,-108,48,90,377,4,9,57
5805,-108,30,89,377,5,9,56
5805,-108,65,90,377,4,8,58
5805,-108,34,90,377,4,11,57
5805,-108,36,90,377,3,9,58
5805,-108,60,90,377,4,8,57
5805,-108,48,90,377,5,10,57
5805,-108,37,89,378,6,8,56
5805,-108,72,90,377,5,7,58
5805,-108,53,90,377,3,10,58
5805,-108,50,90,377,5,9,57
5805,-108,56,90,377,4,9,58
5805,-108,38,90,377,5,10,57
5805,-108,30,90,377,5,10,57
5805,-108,36,90,377,5,6,57
5805,-108,47,90,377,5,9,57
5805,-108,45,90,377,4,8,57
5805,-108,31,90,377,4,9,57
5805,-108,32,90,377,5,9,57
5805,-108,32,89,377,6,11,57
5805,-108,35,90,377,5,9,56
5805,-108,55,90,377,5,9,57
5805,-108,37,90,377,5,10,57
5805,-108,45,90,377,6,12,58
5805,-108,41,90,377,3,9,57
5805,-108,40,90,377,5,9,57
5805,-108,46,90,377,6,11,57
5805,-108,44,90,377,5,10,58
5805,-108,69,90,377,6,9,57
5805,-108,40,90,377,5,8,57
5805,-108,39,90,377,4,8,57
5805,-108,54,90,377,4,9,57
5805,-108,51,90,377,5,10,58
5805,-108,44,90,377,5,9,57
5805,-108,51,90,377,4,9,58
5805,-108,46,90,377,4,10,58
5805,-108,46,90,377,5,9,57
5805,-108,50,90,377,5,9,58
5805,-108,40,90,377,5,9,57
5805,-108,38,90,377,3,9,58
5805,-108,30,90,377,4,11,57
5805,-108,54,90,377,3,9,57
5805,-108,68,90,377,4,7,57
5805,-108,48,90,377,4,10,57
5805,-108,56,90,377,6,8,56
5805,-108,30,90,377,4,9,57
5805,-108,54,90,377,4,11,58
5805,-108,58,90,377,4,10,58
5805,-108,56,90,377,4,10,57
5805,-108,42,90,377,4,9,57
5805,-108,36,90,377,4,9,57
5805,-108,48,90,377,4,10,58
5805,-108,52,90,377,5,9,57
5805,-108,50,90,377,3,9,57
5805,-108,53,90,377,4,10,58
5805,-108,51,90,377,5,9,58
5805,-108,39,88,378,5,9,55
5805,-108,44,90,377,3,10,58
5805,-108,40,90,377,5,9,57
5805,-108,56,90,377,5,8,58
5805,-108,42,90,377,5,11,57
5805,-108,38,90,377,4,9,58
5805,-108,53,90,377,3,10,58
5805,-108,53,90,377,5,7,57
5805,-108,43,90,377,4,10,57
5805,-108,45,90,377,4,11,57
5805,-108,40,90,377,5,8,56
5805,-108,55,89,378,6,10,57
5805,-108,46,90,377,5,7,57
5805,-108,63,90,377,4,10,57
5805,-108,39,90,377,5,10,58
5805,-108,35,90,377,4,9,57
5805,-108,55,90,377,4,9,56
5805,-108,42,90,377,4,9,57
5805,-108,42,90,377,5,10,57
5805,-108,49,90,377,5,12,58
5805,-108,46,88,378,5,10,56
5805,-108,33,90,377,6,9,57
5805,-108,46,90,377,4,11,57
5805,-108,45,90,377,4,10,58
5805,-108,39,90,377,5,8,57
5805,-108,40,90,377,4,9,57
5805,-108,40,90,377,4,8,57
5805,-108,38,90,377,5,8,57
5805,-108,40,90,377,4,11,58
5805,-108,41,90,377,4,8,58
5805,-108,39,89,377,5,9,56
5805,-108,44,90,377,5,10,58
5805,-108,38,90,377,4,10,57
5805,-108,59,90,377,5,11,58
5805,-108,32,90,377,4,11,57
5805,-108,30,90,377,4,9,56
5805,-108,46,89,377,5,9,57
5805,-108,35,90,377,5,10,57
5805,-108,57,90,377,5,9,58
5805,-108,58,90,377,5,10,58
5805,-108,46,90,377,6,10,57
5805,-108,70,90,377,5,8,58
5805,-108,55,90,377,5,9,57
5805,-108,25,89,377,5,11,57
5805,-108,44,90,377,5,10,57
5805,-108,48,90,377,4,10,56
5805,-108,48,90,377,5,9,58
5805,-108,32,90,377,5,9,57
5805,-108,52,90,377,4,9,57
5805,-108,43,90,377,5,10,58
5805,-108,34,90,377,4,9,57
5805,-108,63,90,377,4,9,57
5805,-108,46,90,377,2,7,56
5805,-108,30,90,377,4,9,57
5805,-108,64,90,377,6,10,58
5805,-108,38,90,377,5,9,57
5805,-108,35,90,377,4,10,58
5805,-108,37,90,377,4,10,58
5805,-108,43,90,377,4,9,57
5805,-108,47,90,377,4,10,57
5805,-108,58,90,377,4,9,59
5805,-108,38,90,377,4,9,57
5805,-108,43,90,377,4,11,58
5805,-108,35,90,377,4,9,57
5805,-108,45,90,377,3,10,58
5805,-108,41,90,377,6,9,58
5805,-108,56,90,377,5,9,57
5805,-108,40,90,377,4,10,58
5805,-108,55,90,377,5,9,58
5805,-108,38,90,377,5,9,57
5805,-108,32,90,377,4,8,57
5805,-108,42,90,377,4,10,57
5805,-108,42,90,377,4,10,57
5805,-108,42,90,377,5,10,57
5805,-108,41,90,377,4,9,56
5805,-108,38,90,377,5,10,57
5805,-108,58,90,377,4,9,57
5805,-108,47,90,377,5,9,57
5805,-108,35,90,377,5,11,58
5805,-108,51,90,377,5,11,57
5805,-108,36,90,377,4,10,57
5805,-108,47,90,377,4,9,57
5805,-108,50,90,377,4,9,57
5805,-108,42,90,377,5,9,56
5805,-108,54,90,377,6,8,57
5805,-108,32,90,377,4,9,56
5805,-108,70,90,377,4,9,57
5805,-108,40,90,377,6,11,57
5805,-108,46,90,377,4,10,57
5805,-108,42,90,377,4,10,57
5805,-108,48,90,377,5,11,57
5805,-108,52,90,377,4,9,57
5805,-108,59,90,377,4,10,57
5805,-108,44,89,377,5,9,56
5805,-108,43,90,377,6,8,57
5805,-108,39,90,377,5,9,57
5805,-108,47,90,377,3,10,57
5805,-108,45,90,377,4,9,56
5805,-108,55,90,377,5,10,58
5805,-108,43,90,377,5,9,56
5805,-108,57,90,377,5,9,57
5805,-108,56,90,377,5,10,57
5805,-108,36,90,377,4,11,58
5805,-108,46,89,378,6,8,57
5805,-108,28,90,377,5,10,56
5805,-108,44,90,377,5,9,57
5805,-108,59,90,377,5,9,58
5805,-108,55,90,377,5,9,57
5805,-108,45,90,377,4,10,58
5805,-108,42,90,377,4,8,58
5805,-108,40,90,377,4,12,57
5805,-108,30,90,377,5,9,57
5805,-108,35,90,377,4,9,57
5805,-108,48,90,377,4,10,57
5805,-108,57,89,377,6,10,57
5805,-108,68,90,377,5,11,58
5805,-108,44,90,377,5,10,58
5805,-108,49,90,377,5,9,57
5805,-108,58,89,377,7,11,57
5805,-108,53,90,377,5,10,57
5805,-108,58,90,377,4,9,57
5805,-108,62,90,377,5,10,58
5805,-108,40,90,377,6,11,58
5805,-108,55,90,377,4,7,56
5805,-108,38,90,377,5,8,56
5805,-108,49,90,377,5,9,57
5805,-108,48,90,377,4,9,57
5805,-108,61,90,377,5,10,57
5805,-108,43,90,377,4,10,58
5805,-108,71,90,377,5,9,57
5805,-108,35,90,377,5,8,57
5805,-108,67,90,377,5,11,58
5805,-108,41,90,377,4,9,57
5805,-108,60,90,377,5,9,57
5805,-108,43,90,377,5,9,57
5805,-108,53,90,377,7,9,58
5805,-108,39,90,377,5,8,57
5805,-108,49,90,377,3,9,56
5805,-108,49,90,377,5,9,57
5805,-108,41,90,377,5,11,57
5805,-108,39,90,377,5,10,58
5805,-108,49,90,377,4,11,57
5805,-108,38,90,377,4,10,57
5805,-108,31,90,377,6,10,57
5805,-108,27,88,378,5,8,54
5805,-108,42,90,377,4,10,57
5805,-108,50,90,377,5,9,57
5805,-108,60,90,377,5,10,57
5805,-108,63,90,377,5,10,57
5805,-108,52,90,377,4,10,57
5805,-108,63,90,377,6,9,57
5805,-108,47,90,377,6,11,58
5805,-108,58,90,377,5,10,58
5805,-108,40,90,377,5,10,58
5805,-108,41,90,377,6,7,57
5805,-108,64,90,377,4,10,57
5805,-108,31,90,377,4,9,56
5805,-108,36,90,377,5,10,57
5805,-108,34,90,377,6,11,58
5805,-108,68,90,377,5,10,57
5805,-108,36,90,377,5,9,57
5805,-108,58,90,377,3,9,57
5805,-108,66,90,377,5,13,58
5805,-108,52,90,377,4,8,57
5805,-108,68,90,377,4,11,58
5805,-108,39,90,377,5,9,56
5805,-108,31,90,377,4,9,56
5805,-108,46,90,377,5,10,58
5805,-108,40,90,377,4,8,57
5805,-108,42,89,377,5,9,55
5805,-108,55,90,377,6,9,57
5805,-108,42,90,377,5,11,58
5805,-108,61,90,377,5,8,57
5805,-108,58,90,377,5,10,57
5805,-108,48,90,377,5,9,57
5805,-108,48,90,377,5,9,57
5805,-108,53,90,377,5,9,58
5805,-108,29,90,377,4,11,57
5805,-108,32,90,377,5,9,57
5805,-108,37,90,377,5,8,56
5805,-108,58,90,377,4,10,57
5805,-108,47,90,377,3,10,57
5805,-108,54,90,377,4,8,57
5805,-108,40,90,377,4,9,56
5805,-108,40,90,377,5,12,58
5805,-108,34,90,377,6,12,59
5805,-108,53,90,377,6,10,57
5805,-108,43,90,377,5,10,57
5805,-108,58,90,377,4,8,56
5805,-108,48,90,377,6,10,57
5805,-108,56,90,377,6,8,57
5805,-108,39,90,377,5,10,57
5805,-108,49,90,377,5,12,57
5805,-108,46,90,377,5,9,57
5805,-108,63,90,377,5,9,57
5805,-108,39,90,377,6,10,57
5805,-108,51,90,377,4,9,57
5805,-108,38,89,377,5,9,56
5805,-108,24,90,377,4,6,55
5805,-108,34,90,377,4,10,57
5805,-108,50,90,377,6,10,57
5805,-108,40,89,377,6,7,55
5805,-108,48,90,377,5,8,56
5805,-108,44,90,377,4,9,57
5805,-108,41,90,377,4,10,57
5805,-108,51,90,377,5,10,58
5805,-108,75,90,377,4,9,58
5805,-108,37,90,377,5,9,57
5805,-108,41,90,377,6,9,57
5805,-108,39,90,377,5,10,58
5805,-108,57,90,377,5,9,57
5805,-108,54,89,377,6,10,57
5805,-108,34,90,377,5,11,58
5805,-108,57,90,377,6,8,57
5805,-108,58,90,377,4,11,58
5805,-108,55,90,377,6,9,57
5805,-108,46,90,377,5,10,58
5805,-108,51,90,377,4,10,57
5805,-108,44,90,377,6,10,58
5805,-108,48,90,377,5,9,57
5805,-108,35,90,377,5,8,56
5805,-108,52,90,377,6,9,58
5805,-108,46,90,377,6,9,57
5805,-108,58,90,377,6,9,57
5805,-108,55,90,377,6,11,58
5805,-108,33,90,377,4,9,57
5805,-108,52,90,377,6,10,58
5805,-108,40,90,377,5,8,58
5805,-108,64,90,377,4,8,58
5805,-108,42,90,377,5,10,58
5805,-108,41,90,377,6,8,56
5805,-108,70,90,377,5,11,58
5805,-108,49,90,377,3,10,58
5805,-108,46,90,377,5,10,57
5805,-108,48,90,377,4,10,58
5805,-108,46,90,377,4,9,56
5805,-108,34,90,377,5,10,58
5805,-108,30,90,377,6,10,57
5805,-108,42,90,377,5,10,57
5805,-108,41,89,377,6,10,56
5805,-108,46,90,377,5,8,57
5805,-108,36,90,377,4,11,58
5805,-108,46,90,377,5,8,56
5805,-108,29,90,377,5,10,57
5805,-108,29,90,377,5,8,57
5805,-108,45,90,377,6,9,57
5805,-108,52,90,377,4,10,57
5805,-108,36,90,377,4,8,57
5805,-108,57,90,377,4,10,58
5805,-108,32,89,377,6,9,57
5805,-108,48,90,377,5,10,58
5805,-108,40,90,377,5,8,57
5805,-108,57,90,377,6,10,57
5805,-108,56,90,377,4,10,58
5805,-108,52,90,377,5,11,57
5805,-108,53,90,377,6,10,58
5805,-108,41,90,377,5,9,55
5805,-108,50,90,377,5,8,56
5805,-108,51,90,377,5,9,56
5805,-108,48,90,377,4,9,58
5805,-108,32,90,377,5,8,56
5805,-108,44,90,377,5,10,58
5805,-108,36,90,377,6,10,57
5805,-108,39,90,377,5,10,57
5805,-108,57,90,377,6,11,58
5805,-108,40,90,377,6,10,58
5805,-108,40,90,377,4,9,57
5805,-108,48,90,377,5,9,58
5805,-108,32,90,377,5,11,57
5805,-108,48,90,377,6,8,57
5805,-108,46,90,377,5,10,57
5805,-108,32,90,377,3,10,56
5805,-108,56,90,377,6,8,57
5805,-108,42,90,377,5,9,57
5805,-108,60,90,377,5,9,58
5805,-108,37,90,377,3,9,57
5805,-108,58,90,377,6,10,57
5805,-108,58,90,377,4,8,56
5805,-108,60,90,377,5,11,57
5805,-108,40,90,377,6,10,58
5805,-108,56,90,377,4,9,57
5805,-108,42,90,377,4,10,57
5805,-108,35,90,377,6,10,57
5805,-108,32,90,377,5,11,58
5805,-108,54,90,377,3,8,57
5805,-108,42,90,377,5,10,57
5805,-108,59,90,377,5,11,58
5805,-108,48,90,377,5,7,57
5805,-108,50,90,377,4,11,58
5805,-108,40,90,377,5,9,57
5805,-108,38,90,377,6,10,57
5805,-108,35,90,377,4,9,56
5805,-108,60,90,377,5,8,57
5805,-108,48,90,377,5,8,57
5805,-108,58,90,377,5,10,58
5805,-108,47,90,377,4,8,57
5805,-108,31,90,377,6,10,58
5805,-108,49,90,377,4,9,57
5805,-108,44,90,377,3,9,57
5805,-108,44,90,377,5,8,56
5805,-108,36,90,377,5,10,57
5805,-108,45,90,377,5,10,57
5805,-108,54,90,377,4,11,57
5805,-108,29,90,377,6,9,56
5805,-108,36,90,377,6,10,58
5805,-108,41,90,377,4,10,57
5805,-108,39,90,377,4,11,58
5805,-108,51,90,377,5,10,57
5805,-108,45,90,377,5,7,57
5805,-108,54,90,377,6,10,57
5805,-108,35,90,377,5,8,56
5805,-108,48,90,377,4,10,57
5805,-108,51,90,377,7,9,57
5805,-108,65,90,377,4,9,58
5805,-108,38,90,377,4,9,58
5805,-108,28,90,377,6,9,57
5805,-108,66,90,377,4,11,58
5805,-108,42,90,377,4,10,58
5805,-108,39,90,377,5,10,58
5805,-108,27,90,377,4,9,57
5805,-108,51,90,377,4,9,57
5805,-108,74,90,377,5,11,58
5805,-108,59,90,377,4,9,57
5805,-108,40,90,377,6,11,57
5805,-108,43,90,377,6,9,57
5805,-108,31,90,377,5,9,56
5805,-108,39,90,377,4,8,56
5805,-108,61,90,377,5,10,57
5805,-108,61,90,377,5,10,58
5805,-108,58,90,377,7,10,58
5805,-108,49,90,377,4,9,57
5805,-108,41,90,377,5,10,57
5805,-108,58,90,377,5,10,57
5805,-108,44,90,377,5,9,57
5805,-108,47,90,377,3,8,57
5805,-108,51,90,377,6,10,57
5805,-108,46,90,377,5,10,57
5805,-108,50,90,377,6,11,58
5805,-108,40,90,377,5,11,58
5805,-108,41,90,377,4,9,57
5805,-108,52,90,377,5,10,57
5805,-108,44,90,377,6,11,58
5805,-108,43,90,377,5,9,57
5805,-108,37,90,377,5,11,58
5805,-108,56,90,377,6,9,57
5805,-108,54,90,377,5,8,57
5805,-108,57,90,377,5,10,59
5805,-108,57,90,377,4,10,57
5805,-108,60,90,377,5,12,58
5805,-108,39,90,377,5,9,57
5805,-108,55,90,377,5,8,57
5805,-108,50,90,377,5,10,57
5805,-108,47,88,378,6,9,55
5805,-108,52,90,377,5,9,58
5805,-108,49,90,377,4,10,57
5805,-108,57,90,377,4,10,58
5805,-108,53,90,377,5,11,58
5805,-108,59,90,377,4,8,57
5805,-108,34,89,377,6,7,54
5805,-108,38,90,377,4,11,57
5805,-108,51,90,377,4,9,57
5805,-108,61,90,377,5,8,57
5805,-108,48,90,377,5,12,58
5805,-108,73,90,377,5,9,57
5805,-108,56,90,377,5,10,58
5805,-108,47,90,377,6,8,57
5805,-108,42,90,377,4,11,57
5805,-108,47,90,377,6,9,57
5805,-108,36,90,377,6,9,56
5805,-108,31,89,378,6,10,56
5805,-108,60,90,377,5,12,58
5805,-108,52,90,377,5,7,57
5805,-108,34,90,377,5,9,57
5805,-108,55,90,377,5,8,57
5805,-108,48,90,377,5,10,57
5805,-108,50,90,377,5,10,57
5805,-108,43,90,377,5,10,58
5805,-108,57,90,377,4,9,58
5805,-108,61,90,377,6,8,57
5805,-108,48,90,377,5,10,57
5805,-108,56,90,377,4,8,57
5805,-108,59,90,377,4,9,58
5805,-108,51,90,377,4,9,57
5805,-108,47,90,377,6,8,57
5805,-108,26,90,377,4,9,57
5805,-108,40,90,377,4,10,58
5805,-108,36,90,377,4,10,57
5805,-108,65,90,377,5,8,57
5805,-108,47,90,377,6,12,58
5805,-108,41,90,377,4,10,58
5805,-108,57,90,377,4,9,57
5805,-108,46,90,377,5,11,57
5805,-108,50,90,377,4,10,57
5805,-108,74,90,377,4,10,57
5805,-108,45,90,377,4,11,58
5805,-108,60,90,377,5,7,57
5805,-108,43,89,377,6,10,57
5805,-108,65,90,377,4,11,58
5805,-108,54,90,377,5,11,57
5805,-108,47,90,377,5,10,58
5805,-108,41,90,377,5,9,57
5805,-108,40,90,377,5,9,57
5805,-108,44,90,377,6,10,57
5805,-108,50,90,377,5,9,57
5805,-108,49,90,377,5,9,58
5805,-108,41,90,377,5,9,57
5805,-108,51,90,377,4,11,57
5805,-108,35,90,377,5,11,57
5805,-108,26,90,377,5,9,58
5805,-108,52,90,377,4,9,57
5805,-108,59,90,377,5,10,57
5805,-108,44,90,377,5,9,56
5805,-108,52,90,377,5,11,58
5805,-108,34,90,377,5,9,57
5805,-108,45,90,377,4,10,57
5805,-108,68,90,377,5,10,57
5805,-108,52,90,377,6,11,58
5805,-108,31,90,377,6,11,57
5805,-108,38,90,377,4,9,58
5805,-108,52,90,377,3,10,58
5805,-108,46,90,377,4,11,58
5805,-108,57,90,377,4,10,57
5805,-108,42,90,377,5,11,58
5805,-108,29,90,377,4,9,57
5805,-108,38,90,377,4,9,57
5805,-108,57,90,377,5,10,58
5805,-108,36,90,377,6,9,57
5805,-108,49,90,377,7,10,56
5805,-108,52,90,377,5,10,57
5805,-108,66,90,377,4,10,58
5805,-108,45,90,377,5,8,57
5805,-108,51,90,377,5,9,57
5805,-108,43,90,377,5,11,57
5805,-108,38,90,377,5,10,56
5805,-108,59,90,377,4,9,57
5805,-108,42,90,377,4,9,57
5805,-108,44,90,377,5,8,56
5805,-108,39,90,377,5,10,57
5805,-108,39,90,377,3,9,57
5805,-108,34,90,377,5,8,57
5805,-108,54,90,377,5,9,57
5805,-108,52,90,377,7,7,56
5805,-108,54,90,377,6,10,58
5805,-108,46,90,377,4,9,57
5805,-108,51,89,377,5,10,57
5805,-108,66,90,377,5,9,57
5805,-108,37,90,377,4,10,57
5805,-108,46,89,377,5,11,57
5805,-108,52,90,377,5,11,58
5805,-108,64,90,377,6,9,58
5805,-108,42,90,377,5,9,57
5805,-108,46,90,377,6,7,57
5805,-108,37,90,377,5,9,57
5805,-108,49,90,377,4,9,58
5805,-108,55,90,377,4,10,57
5805,-108,40,90,377,4,12,57
5805,-108,42,90,377,3,11,57
5805,-108,62,90,377,5,10,57
5805,-108,52,90,377,5,9,57
5805,-108,50,90,377,5,9,56
5805,-108,48,90,377,3,9,57
5805,-108,39,90,377,5,11,57
5805,-108,47,90,377,4,10,57
5805,-108,52,90,377,6,10,58
5805,-108,49,90,377,5,9,57
5805,-108,40,90,377,5,11,58
5805,-108,42,88,378,6,8,54
5805,-108,47,90,377,5,10,57
5805,-108,65,90,377,4,10,58
5805,-108,26,90,377,4,11,57
5805,-108,47,89,377,4,9,57
5805,-108,53,90,377,5,10,58
5805,-108,49,90,377,5,9,57
5805,-108,33,90,377,5,10,57
5805,-108,46,90,377,5,9,57
5805,-108,61,90,377,5,10,57
5805,-108,69,90,377,5,11,58
5805,-108,43,90,377,5,10,57
5805,-108,45,90,377,4,10,57
5805,-108,63,90,377,6,10,57
5805,-108,32,90,377,5,10,58
5805,-108,42,88,378,6,9,56
5805,-108,49,90,377,2,9,56
5805,-108,45,90,377,4,9,57
5805,-108,54,90,377,5,9,57
5805,-108,56,90,377,4,6,57
5805,-108,44,90,377,5,7,56
5805,-108,54,90,377,5,11,58
5805,-108,42,90,377,4,9,57
5805,-108,59,90,377,4,9,57
5805,-108,54,90,377,5,9,57
5805,-108,49,90,377,5,8,57
5805,-108,54,90,377,5,10,58
5805,-108,61,90,377,6,9,57
5805,-108,51,90,377,5,9,57
5805,-108,46,90,377,6,9,57
5805,-108,63,90,377,5,8,57
5805,-108,58,90,377,5,11,57
5805,-108,41,90,377,4,10,57
5805,-108,36,90,377,5,11,56
5805,-108,45,90,377,4,9,57
5805,-108,51,90,377,5,10,58
5805,-108,32,90,377,5,9,57
5805,-108,40,90,377,3,8,57
5805,-108,45,90,377,4,9,57
5805,-108,52,90,377,5,10,57
5805,-108,47,90,377,5,9,57
5805,-108,58,90,377,5,10,57
5805,-108,49,90,377,5,11,58
5805,-108,53,90,377,5,10,57
5805,-108,32,90,377,6,10,57
5805,-108,54,90,377,5,8,57
5805,-108,48,90,377,4,10,57
5805,-108,51,90,377,4,10,57
5805,-108,58,90,377,5,10,58
5805,-108,56,90,377,4,11,59
5805,-108,55,90,377,4,9,57
5805,-108,44,90,377,5,8,57
5805,-108,64,90,377,5,10,58
5805,-108,50,90,377,5,9,57
5805,-108,41,90,377,5,8,57
5805,-108,38,89,377,6,10,57
5805,-108,51,90,377,3,10,58
5805,-108,54,90,377,5,9,57
5805,-108,52,90,377,4,9,57
5805,-108,55,90,377,5,10,58
5805,-108,33,90,377,5,9,58
5805,-108,58,90,377,4,8,57
5805,-108,50,90,377,5,8,57
5805,-108,56,90,377,5,10,57
5805,-108,41,90,377,5,9,57
5805,-108,44,90,377,3,10,57
5805,-108,42,90,377,5,11,57
5805,-108,37,90,377,5,8,57
5805,-108,54,90,377,5,11,57
5805,-108,54,90,377,5,10,57
5805,-108,37,90,377,6,8,57
5805,-108,43,90,377,6,8,56
5805,-108,71,90,377,5,9,58
5805,-108,39,90,377,5,10,57
5805,-108,45,90,377,5,10,57
5805,-108,53,90,377,4,10,57
5805,-108,45,90,377,6,9,56
5805,-108,44,90,377,5,11,58
5805,-108,47,90,377,5,8,57
5805,-108,55,90,377,6,9,57
5805,-108,46,90,377,5,11,58
5805,-108,36,90,377,4,9,57
5805,-108,65,90,377,5,7,56
5805,-108,53,89,377,6,11,57
5805,-108,46,90,377,4,9,57
5805,-108,37,90,377,3,13,58
5805,-108,43,90,377,4,10,57
5805,-108,47,90,377,6,9,56
5805,-108,29,90,377,4,10,57
5805,-108,43,90,377,4,8,57
5805,-108,38,90,377,5,9,57
5805,-108,34,90,377,5,10,57
5805,-108,67,90,377,4,10,58
5805,-108,57,90,377,6,9,57
5805,-108,37,90,377,6,7,55
5805,-108,35,90,377,5,11,58
5805,-108,44,90,377,4,8,56
5805,-108,44,90,377,5,8,57
5805,-108,44,90,377,6,11,58
5805,-108,43,90,377,3,10,58
5805,-108,48,90,377,5,9,57
5805,-108,60,90,377,4,10,57
5805,-108,29,90,377,6,9,58
5805,-108,52,90,377,7,8,57
5805,-108,33,90,377,5,10,57
5805,-108,49,90,377,4,11,58
5805,-108,43,90,377,5,8,57
5805,-108,45,90,377,4,11,57
5805,-108,38,90,377,4,9,57
5805,-108,47,90,377,4,9,57
5805,-108,43,90,377,5,11,57
5805,-108,34,90,377,5,9,57
5805,-108,38,90,377,4,11,58
5805,-108,49,90,377,5,9,57
5805,-108,33,90,377,6,10,58
5805,-108,41,89,377,5,9,56
5805,-108,49,90,377,4,9,56
5805,-108,53,90,377,5,11,57
5805,-108,45,90,377,5,11,57
5805,-108,39,90,377,6,10,58
5805,-108,42,90,377,6,10,57
5805,-108,59,90,377,4,9,56
5805,-108,38,90,377,5,9,56
5805,-108,59,90,377,5,8,56
5805,-108,30,90,377,5,9,56
5805,-108,47,90,377,5,11,58
5805,-108,62,90,377,5,8,57
5805,-108,32,90,377,4,10,57
5805,-108,68,90,377,6,11,58
5805,-108,59,90,377,6,10,57
5805,-108,47,90,377,6,9,57
5805,-108,60,90,377,4,11,57
5805,-108,33,90,377,5,9,57
5805,-108,50,90,377,4,10,57
5805,-108,40,90,377,6,8,57
5805,-108,44,90,377,4,9,57
5805,-108,43,90,377,5,10,58
5805,-108,46,90,377,4,10,58
5805,-108,49,90,377,4,9,58
5805,-108,43,90,377,4,11,58
5805,-108,56,90,377,6,9,57
5805,-108,45,90,377,4,10,57
5805,-108,37,90,377,4,9,57
5805,-108,43,90,377,5,9,57
5805,-108,52,90,377,5,8,57
5805,-108,37,90,377,5,11,58
5805,-108,49,90,377,4,10,57
5805,-108,65,90,377,4,10,58
5805,-108,30,90,377,4,10,57
5805,-108,40,90,377,5,10,58
5805,-108,48,90,377,5,9,57
5805,-108,37,90,377,4,10,58
5805,-108,62,90,377,5,10,58
5805,-108,57,90,377,4,9,57
5805,-108,43,90,377,6,9,58
5805,-108,35,90,377,5,8,56
5805,-108,38,90,377,5,9,57
5805,-108,43,90,377,5,10,57
5805,-108,64,90,377,4,9,58
5805,-108,46,90,377,4,10,58
5805,-108,50,90,377,5,10,57
5805,-108,46,90,377,5,9,58
5805,-108,37,90,377,6,8,57
5805,-108,33,90,377,4,10,57
5805,-108,46,90,377,5,10,57
5805,-108,56,90,377,5,9,57
5805,-108,51,90,377,4,10,58
5805,-108,61,90,377,5,9,57
5805,-108,37,89,378,5,9,56
5805,-108,40,90,377,5,10,57
5805,-108,43,90,377,5,11,57
5805,-108,58,90,377,5,10,57
5805,-108,52,90,377,4,10,58
5805,-108,47,90,377,3,9,57
5805,-108,33,90,377,5,9,57
5805,-108,48,90,377,5,11,58
5805,-108,45,90,377,4,9,57
5805,-108,55,90,377,6,9,57
5805,-108,46,90,377,3,8,57
5805,-108,73,90,377,4,9,58
5805,-108,53,90,377,5,9,57
5805,-108,68,90,377,5,9,57
5805,-108,62,90,377,5,10,58
5805,-108,38,90,377,4,8,55
5805,-108,58,90,377,4,9,57
5805,-108,43,90,377,3,9,57
5805,-108,57,90,377,5,9,56
5805,-108,38,90,377,4,10,57
5805,-108,42,90,377,3,10,58
5805,-108,59,90,377,6,9,57
5805,-108,41,90,377,5,10,57
5805,-108,51,90,377,5,12,58
5805,-108,35,90,377,4,8,57
5805,-108,46,90,377,5,9,56
5805,-108,46,90,377,3,9,57
5805,-108,35,90,377,5,9,57
5805,-108,38,90,377,5,8,57
5805,-108,59,90,377,6,9,57
5805,-108,52,90,377,4,9,58
5805,-108,42,90,377,6,9,57
5805,-108,37,90,377,4,9,57
5805,-108,57,90,377,7,9,57
5805,-108,36,90,377,5,9,56
5805,-108,61,90,377,5,10,58
5805,-108,58,90,377,4,10,58
5805,-108,35,90,377,5,10,58
5805,-108,36,90,377,4,7,56
5805,-108,40,90,377,6,10,57
5805,-108,55,90,377,4,10,57
5805,-108,52,90,377,6,8,57
5805,-108,51,90,377,6,10,58
5805,-108,34,90,377,5,10,58
5805,-108,43,90,377,6,9,57
5805,-108,50,90,377,6,8,57
5805,-108,47,90,377,5,9,58
5805,-108,52,90,377,6,11,58
5805,-108,42,90,377,4,9,57
5805,-108,60,90,377,6,9,57
5805,-108,31,89,377,6,9,55
5805,-108,50,90,377,6,11,58
5805,-108,60,90,377,5,11,58
5805,-108,56,90,377,5,10,57
5805,-108,38,90,377,6,10,57
5805,-108,53,90,377,4,11,57
5805,-108,50,90,377,5,10,58
5805,-108,57,90,377,5,8,57
5805,-108,54,90,377,5,10,57
5805,-108,49,90,377,4,9,56
5805,-108,60,90,377,4,9,57
5805,-108,49,90,377,5,9,57
5805,-108,50,90,377,3,9,58
5805,-108,47,90,377,5,9,57
5805,-108,66,90,377,6,10,58
5805,-108,31,90,377,4,9,57
5805,-108,54,90,377,4,9,58
5805,-108,39,90,377,6,9,57
5805,-108,36,90,377,5,9,58
5805,-108,37,90,377,6,9,57
5805,-108,48,90,377,4,9,58
5805,-108,52,90,377,5,10,57
5805,-108,53,90,377,3,9,57
5805,-108,43,90,377,5,10,57
5805,-108,45,90,377,3,11,58
5805,-108,51,90,377,4,8,56
5805,-108,48,90,377,5,9,56
5805,-108,29,90,377,6,10,57
5805,-108,42,90,377,5,11,57
5805,-108,33,90,377,5,9,57
5805,-108,32,90,377,5,9,57
5805,-108,38,90,377,5,12,57
5805,-108,56,90,377,5,10,58
5805,-108,39,90,377,5,8,56
5805,-108,66,90,377,5,7,57
5805,-108,33,90,377,5,10,57
5805,-108,51,90,377,4,11,58
5805,-108,47,90,377,5,11,57
5805,-108,55,90,377,5,9,58
5805,-108,41,90,377,4,9,57
5805,-108,42,89,378,5,7,56
5805,-108,58,90,377,6,9,57
5805,-108,43,90,377,5,9,57
5805,-108,49,90,377,4,10,57
5805,-108,43,90,377,5,9,58
5805,-108,48,90,377,5,10,57
5805,-108,70,90,377,4,11,58
5805,-108,42,90,377,4,10,57
5805,-108,52,90,377,5,8,56
5805,-108,45,90,377,5,10,57
5805,-108,59,90,377,5,9,58
5805,-108,57,90,377,6,9,58
5805,-108,42,90,377,5,7,56
5805,-108,41,90,377,4,9,57
5805,-108,35,90,377,4,10,57
5805,-108,43,90,377,5,11,58
5805,-108,53,90,377,5,8,57
5805,-108,47,90,377,5,8,57
5805,-108,46,90,377,4,8,57
5805,-108,37,90,377,6,9,57
5805,-108,57,90,377,4,13,57
5805,-108,66,90,377,4,8,57
5805,-108,49,90,377,5,9,58
5805,-108,37,90,377,5,9,57
5805,-108,60,90,377,5,9,57
5805,-108,60,90,377,4,10,57
5805,-108,47,90,377,4,11,58
5805,-108,48,90,377,5,9,57
5805,-108,52,90,377,6,9,57
5805,-108,68,90,377,5,9,58
5805,-108,52,90,377,4,9,57
5805,-108,42,90,377,6,9,57
5805,-108,54,90,377,5,8,57
5805,-108,53,90,377,6,11,58
5805,-108,54,90,377,4,10,57
5805,-108,53,90,377,4,9,57
5805,-108,72,90,377,6,11,58
5805,-108,48,90,377,6,9,58
5805,-108,43,90,377,4,8,57
5805,-108,37,90,377,6,9,57
5805,-108,44,90,377,5,10,57
5805,-108,68,90,377,5,10,57
5805,-108,64,90,377,5,10,57
5805,-108,64,90,377,6,10,59
5805,-108,42,90,377,5,11,57
5805,-108,52,90,377,4,10,57
5805,-108,60,90,377,5,9,57
5805,-108,64,90,377,5,9,58
5805,-108,37,90,377,5,8,57
5805,-108,47,90,377,5,10,57
5805,-108,53,90,377,4,10,57
5805,-108,49,90,377,4,10,58
5805,-108,57,90,377,5,10,58
5805,-108,36,90,377,4,9,57
5805,-108,50,90,377,5,9,58
5805,-108,41,90,377,4,10,58
5805,-108,49,90,377,4,8,57
5805,-108,56,90,377,4,9,57
5805,-108,67,90,377,5,9,57
5805,-108,53,90,377,6,8,57
5805,-108,59,90,377,5,9,57
5805,-108,54,90,377,4,11,58
5805,-108,48,90,377,6,10,57
5805,-108,42,90,377,6,9,57
5805,-108,33,90,377,5,9,56
5805,-108,50,90,377,5,9,57
5805,-108,42,90,377,4,9,57
5805,-108,55,90,377,5,11,59
5805,-108,39,90,377,5,9,57
5805,-108,65,90,377,4,11,57
5805,-108,47,90,377,4,9,57
5805,-108,40,90,377,5,10,57
5805,-108,55,90,377,4,9,57
5805,-108,52,90,377,5,10,57
5805,-108,57,90,377,3,10,57
5805,-108,58,90,377,4,7,56
5805,-108,49,90,377,5,9,57
5805,-108,56,90,377,4,10,57
5805,-108,56,90,377,6,9,58
5805,-108,53,90,377,6,10,58
5805,-108,57,90,377,3,10,57
5805,-108,50,90,377,4,10,57
5805,-108,54,90,377,5,11,58
5805,-108,37,90,377,7,9,58
5805,-108,49,90,377,6,11,58
5805,-108,40,89,377,7,11,56
5805,-108,67,90,377,6,9,57
5805,-108,63,90,377,3,10,57
5805,-108,48,90,377,4,9,57
5805,-108,47,90,377,5,8,57
5805,-108,63,90,377,5,8,57
5805,-108,38,90,377,5,8,57
5805,-108,37,90,377,5,9,57
5805,-108,41,90,377,4,10,58
5805,-108,53,90,377,5,10,57
5805,-108,44,90,377,5,11,57
5805,-108,52,90,377,5,10,57
5805,-108,50,90,377,5,10,57
5805,-108,50,90,377,6,11,58
5805,-108,58,90,377,6,9,57
5805,-108,33,90,377,5,9,57
5805,-108,39,90,377,5,10,56
5805,-108,54,90,377,3,11,57
5805,-108,54,90,377,4,9,57
5805,-108,34,90,377,5,10,56
5805,-108,36,90,377,6,11,57
5805,-108,41,90,377,4,9,57
5805,-108,42,90,377,7,9,58
5805,-108,44,90,377,5,8,57
5805,-108,76,90,377,5,8,58
5805,-108,59,90,377,4,10,58
5805,-108,57,90,377,4,9,57
5805,-108,58,90,377,4,10,57
5805,-108,42,90,377,6,9,57
5805,-108,49,90,377,3,8,56
5805,-108,50,90,377,5,10,57
5805,-108,53,90,377,5,10,57
5805,-108,43,90,377,4,8,56
5805,-108,54,90,377,4,8,58
5805,-108,53,90,377,2,10,58
5805,-108,53,90,377,5,10,58
5805,-108,41,90,377,6,7,56
5805,-108,44,90,377,5,11,58
5805,-108,48,90,377,6,10,58
5805,-108,55,90,377,3,10,57
5805,-108,37,90,377,4,9,57
5805,-108,45,90,377,5,10,58
5805,-108,58,90,377,4,8,58
5805,-108,45,90,377,5,10,57
5805,-108,54,90,377,5,10,58
5805,-108,46,90,377,5,9,57
5805,-108,62,90,377,5,10,58
5805,-108,61,90,377,6,10,58
5805,-108,53,90,377,6,8,58
5805,-108,70,90,377,5,9,57
5805,-108,49,90,377,5,11,58
5805,-108,53,90,377,3,9,57
5805,-108,55,90,377,4,10,57
5805,-108,49,90,377,4,9,58
5805,-108,42,90,377,4,9,57
5805,-108,56,90,377,4,11,57
5805,-108,55,90,377,6,10,58
5805,-108,47,90,377,5,11,57
5805,-108,46,89,377,6,9,56
5805,-108,64,90,377,3,9,57
5805,-108,59,88,378,5,8,55
5805,-108,26,90,377,4,11,57
5805,-108,52,90,377,5,9,57
5805,-108,51,90,377,4,9,57
5805,-108,59,90,377,5,10,58
5805,-108,57,90,377,5,9,57
5805,-108,43,90,377,4,9,57
5805,-108,36,90,377,5,8,57
5805,-108,62,90,377,5,9,58
5805,-108,41,90,377,4,10,57
5805,-108,56,90,377,4,10,57
5805,-108,44,90,377,3,11,58
5805,-108,55,90,377,5,9,57
5805,-108,35,90,377,5,9,57
5805,-108,37,90,377,5,9,57
5805,-108,44,90,377,4,9,57
5805,-108,29,89,378,6,9,55
5805,-108,50,90,377,4,10,57
5805,-108,50,90,377,3,12,58
5805,-108,52,90,377,4,10,57
5805,-108,47,90,377,5,8,56
5805,-108,27,89,377,5,9,55
5805,-108,43,90,377,4,9,57
5805,-108,44,90,377,3,10,57
5805,-108,57,90,377,6,11,58
5805,-108,69,90,377,5,10,58
5805,-108,46,90,377,5,10,58
5805,-108,34,90,377,3,10,57
5805,-108,50,90,377,5,10,57
5805,-108,29,90,377,5,10,57
5805,-108,61,90,377,4,11,57
5805,-108,39,90,377,4,9,57
5805,-108,48,90,377,4,11,57
5805,-108,61,90,377,6,10,57
5805,-108,49,90,377,4,9,56
5805,-108,40,90,377,3,10,57
5805,-108,41,90,377,4,11,56
5805,-108,55,90,377,4,9,57
5805,-108,47,90,377,6,9,57
5805,-108,57,90,377,5,10,57
5805,-108,60,90,377,4,10,57
5805,-108,55,90,377,4,9,57
5805,-108,59,90,377,4,9,57
5805,-108,43,90,377,6,10,57
5805,-108,59,90,377,5,9,58
5805,-108,61,90,377,6,8,57
5805,-108,49,90,377,5,10,57
5805,-108,37,90,377,3,8,56
5805,-108,51,90,377,3,9,57
5805,-108,36,90,377,4,9,57
5805,-108,52,90,377,4,11,58
5805,-108,58,90,377,3,9,57
5805,-108,50,90,377,6,9,57
5805,-108,50,90,377,4,10,57
5805,-108,47,90,377,4,9,58
5805,-108,44,90,377,5,11,58
5805,-108,35,90,377,4,8,57
5805,-108,53,90,377,5,10,57
5805,-108,37,90,377,5,10,56
5805,-108,43,90,377,3,8,57
5805,-108,47,90,377,5,10,57
5805,-108,30,90,377,5,9,57
5805,-108,60,90,377,4,10,57
5805,-108,46,90,377,4,9,57
5805,-108,50,90,377,4,9,57
5805,-108,67,90,377,3,9,58
5805,-108,49,90,377,4,8,57
5805,-108,56,90,377,4,10,58
5805,-108,47,90,377,5,10,57
5805,-108,47,90,377,4,11,58
5805,-108,55,89,378,6,9,57
5805,-108,50,90,377,3,9,57
5805,-108,51,90,377,3,9,57
5805,-108,66,90,377,3,10,58
5805,-108,34,90,377,5,11,57
5805,-108,35,90,377,4,11,57
5805,-108,52,90,377,4,10,57
5805,-108,41,89,378,6,7,56
5805,-108,48,90,377,4,10,57
5805,-108,33,90,377,5,9,57
5805,-108,71,90,377,5,10,58
5805,-108,52,90,377,4,10,57
5805,-108,51,90,377,5,9,57
5805,-108,48,90,377,3,10,57
5805,-108,43,90,377,5,8,58
5805,-108,46,90,377,5,9,58
5805,-108,29,90,377,5,9,57
5805,-108,35,90,377,5,11,57
5805,-108,36,90,377,5,11,57
5805,-108,45,90,377,4,11,57
5805,-108,50,90,377,4,9,57
5805,-108,38,90,377,4,10,57
5805,-108,49,90,377,4,9,58
5805,-108,35,90,377,4,9,58
5805,-108,38,90,377,4,10,57
5805,-108,40,90,377,4,9,57
5805,-108,45,90,377,4,10,57
5805,-108,59,90,377,6,9,57
5805,-108,66,90,377,3,10,58
5805,-108,41,89,377,5,7,55
5805,-108,49,90,377,6,9,57
5805,-108,54,90,377,4,9,57
5805,-108,52,90,377,5,9,57
5805,-108,45,90,377,5,10,57
5805,-108,38,90,377,4,10,57
5805,-108,36,90,377,4,9,57
5805,-108,64,90,377,5,9,58
5805,-108,61,90,377,5,9,58
5805,-108,30,90,377,5,8,55
5805,-108,37,90,377,3,10,57
5805,-108,47,90,377,4,9,57
5805,-108,32,90,377,4,10,58
5805,-108,48,90,377,5,10,57
5805,-108,61,90,377,4,10,57
5805,-108,49,90,377,3,10,57
5805,-108,53,90,377,5,9,57
5805,-108,42,90,377,5,10,58
5805,-108,48,90,377,3,10,57
5805,-108,56,90,377,5,9,57
5805,-108,51,90,377,4,8,57
5805,-108,46,90,377,5,9,57
5805,-108,53,90,377,4,8,57
5805,-108,46,90,377,4,11,57
5805,-108,52,90,377,4,9,57
5805,-108,37,90,377,4,10,57
5805,-108,39,90,377,5,10,57
5805,-108,32,89,377,5,8,56
5805,-108,50,90,377,4,10,57
5805,-108,50,90,377,4,9,57
5805,-108,47,90,377,4,10,57
5805,-108,31,90,377,5,10,58
5805,-108,47,90,377,4,9,57
5805,-108,41,90,377,4,10,57
5805,-108,43,89,378,4,9,56
5805,-108,46,90,377,4,9,57
5805,-108,68,90,377,5,11,58
5805,-108,42,89,378,4,9,57
5805,-108,29,90,377,3,9,57
5805,-108,38,90,377,5,9,57
5805,-108,49,90,377,4,9,58
5805,-108,46,90,377,4,8,57
5805,-108,62,90,377,5,9,57
5805,-108,55,90,377,4,11,59
5805,-108,46,90,377,4,9,57
5805,-108,53,90,377,4,11,57
5805,-108,55,90,377,4,10,57
5805,-108,46,90,377,5,8,56
5805,-108,44,90,377,4,11,58
5805,-108,40,90,377,5,9,57
5805,-108,46,89,377,5,8,56
5805,-108,39,90,377,4,8,57
5805,-108,49,90,377,4,8,56
5805,-108,39,90,377,5,8,57
5805,-108,40,90,377,4,10,58
5805,-108,34,90,377,5,10,57
5805,-108,42,90,377,4,9,56
5805,-108,61,90,377,5,7,57
5805,-108,47,90,377,4,8,57
5805,-108,52,90,377,4,9,57
5805,-108,35,90,377,5,8,57
5805,-108,37,90,377,5,7,56
5805,-108,57,90,377,4,12,58
5805,-108,39,90,377,4,9,57
5805,-108,54,90,377,4,10,58
5805,-108,61,90,377,5,9,58
5805,-108,56,90,377,5,9,58
5805,-108,41,90,377,4,10,57
5805,-108,61,90,377,6,7,56
5805,-108,34,89,377,5,9,56
5805,-108,53,90,377,5,10,57
5805,-108,44,90,377,5,9,57
5805,-108,56,90,377,5,8,57
5805,-108,47,90,377,5,9,57
5805,-108,56,90,377,5,10,57
5805,-108,43,90,377,5,9,58
5805,-108,53,90,377,4,10,58
5805,-108,52,90,377,5,9,57
5805,-108,38,90,377,5,9,57
5805,-108,57,90,377,4,9,57
5805,-108,41,90,377,4,10,57
5805,-108,42,90,377,5,10,57
5805,-108,55,90,377,3,10,57
5805,-108,42,90,377,4,6,56
5805,-108,44,90,377,6,9,57
5805,-108,60,90,377,5,9,57
5805,-108,36,90,377,4,10,57
5805,-108,50,90,377,4,11,58
5805,-108,48,90,377,4,9,57
5805,-108,50,90,377,5,10,58
5805,-108,62,90,377,4,8,56
5805,-108,59,90,377,4,10,57
5805,-108,68,90,377,4,9,57
5805,-108,65,90,377,4,11,58
5805,-108,38,90,377,4,10,57
5805,-108,55,90,377,4,11,57
5805,-108,40,90,377,5,11,59
5805,-108,57,90,377,5,9,58
5805,-108,62,90,377,5,10,57
5805,-108,40,90,377,5,10,57
5805,-108,41,90,377,4,9,57
5805,-108,30,90,377,5,9,57
5805,-108,40,90,377,5,9,56
5805,-108,57,90,377,4,11,58
5805,-108,49,89,377,5,8,56
5805,-108,34,90,377,5,10,57
5805,-108,46,90,377,4,9,57
5805,-108,50,90,377,4,11,57
5805,-108,29,90,377,4,9,57
5805,-108,38,90,377,4,9,58
5805,-108,51,90,377,5,10,58
5805,-108,48,90,377,4,10,57
5805,-108,46,90,377,5,9,57
5805,-108,46,90,377,4,10,58
5805,-108,35,90,377,3,8,56
5805,-108,59,90,377,5,9,57
5805,-108,49,90,377,2,9,57
5805,-108,50,90,377,4,9,57
5805,-108,50,90,377,5,10,58
5805,-108,37,90,377,5,9,57
5805,-108,50,90,377,5,9,57
5805,-108,60,90,377,4,9,58
5805,-108,54,90,377,6,9,57
5805,-108,53,90,377,5,9,57
5805,-108,48,90,377,5,10,58
5805,-108,58,90,377,4,10,57
5805,-108,67,90,377,5,10,58
5805,-108,44,90,377,4,9,56
5805,-108,53,90,377,4,9,57
5805,-108,44,90,377,4,9,57
5805,-108,53,90,377,4,8,57
5805,-108,48,90,377,5,10,56
5805,-108,46,90,377,4,10,57
5805,-108,44,90,377,4,11,58
5805,-108,44,90,377,4,9,57
5805,-108,36,90,377,4,8,57
5805,-108,53,90,377,5,9,58
5805,-108,47,90,377,2,10,57
5805,-108,50,90,377,4,9,57
5805,-108,40,90,377,5,8,57
5805,-108,37,90,377,4,9,57
5805,-108,38,90,377,4,10,58
5805,-108,40,90,377,4,10,57
5805,-108,63,90,377,5,9,57
5805,-108,62,90,377,5,9,57
5805,-108,56,90,377,5,9,57
5805,-108,65,90,377,4,9,57
5805,-108,52,90,377,5,10,58
5805,-108,61,90,377,5,9,57
5805,-108,67,90,377,4,9,57
5805,-108,25,90,377,5,10,56
5805,-108,46,90,377,3,8,56
5805,-108,57,90,377,4,10,57
5805,-108,65,89,378,6,9,56
5805,-108,35,90,377,4,9,57
5805,-108,56,90,377,5,10,57
5805,-108,44,90,377,4,10,57
5805,-108,51,90,377,3,10,57
5805,-108,65,90,377,4,10,58
5805,-108,42,90,377,4,10,57
5805,-108,39,90,377,4,10,57
5805,-108,56,90,377,5,9,57
5805,-108,54,90,377,4,10,57
5805,-108,55,90,377,5,10,58
5805,-108,56,90,377,5,10,57
5805,-108,54,90,377,3,11,58
5805,-108,50,90,377,4,10,57
5805,-108,30,90,377,6,9,57
5805,-108,41,90,377,3,11,58
5805,-108,59,90,377,4,9,57
5805,-108,60,90,377,5,10,57
5805,-108,54,90,377,5,10,57
5805,-108,49,90,377,4,10,58
5805,-108,50,90,377,5,11,59
5805,-108,67,90,377,4,11,58
5805,-108,62,90,377,4,11,58
5805,-108,52,89,377,5,9,56
5805,-108,41,90,377,4,11,58
5805,-108,48,90,377,4,10,58
5805,-108,63,90,377,4,10,58
5805,-108,53,90,377,5,9,58
5805,-108,46,90,377,5,9,58
5805,-108,65,90,377,5,10,58
5805,-108,50,90,377,4,9,57
5805,-108,46,90,377,4,12,58
5805,-108,63,90,377,4,8,57
5805,-108,45,90,377,4,10,57
5805,-108,51,90,377,4,10,58
5805,-108,48,90,377,5,11,58
5805,-108,57,90,377,3,9,57
5805,-108,54,90,377,5,8,57
5805,-108,38,89,377,5,9,56
5805,-108,38,90,377,4,9,57
5805,-108,48,90,377,4,11,58
5805,-108,45,90,377,5,10,57
5805,-108,55,90,377,4,11,58
5805,-108,51,90,377,5,7,56
5805,-108,51,90,377,4,9,57
5805,-108,59,90,377,5,9,57
5805,-108,62,90,377,6,9,57
5805,-108,51,90,377,4,11,58
5805,-108,57,90,377,4,11,58
5805,-108,54,90,377,4,10,58
5805,-108,61,90,377,5,9,57
5805,-108,48,90,377,5,11,58
5805,-108,58,90,377,5,8,57
5805,-108,64,90,377,5,8,56
5805,-108,36,90,377,4,10,57
5805,-108,37,90,377,4,10,57
5805,-108,59,90,377,4,8,57
5805,-108,58,90,377,4,9,57
5805,-108,41,90,377,5,8,57
5805,-108,57,90,377,5,8,57
5805,-108,64,90,377,5,9,57
5805,-108,51,90,377,5,8,57
5805,-108,61,90,377,5,10,58
5805,-108,40,90,377,4,9,57
5805,-108,52,90,377,4,9,57
5805,-108,38,90,377,4,8,56
5805,-108,55,90,377,4,10,57
5805,-108,64,90,377,3,9,57
5805,-108,65,90,377,5,9,57
5805,-108,60,90,377,5,9,58
5805,-108,46,90,377,6,7,56
5805,-108,59,90,377,4,9,57
5805,-108,45,90,377,5,8,57
5805,-108,55,90,377,5,9,57
5805,-108,53,90,377,5,9,57
5805,-108,65,90,377,5,10,58
5805,-108,44,90,377,4,7,57
5805,-108,48,90,377,4,9,58
5805,-108,60,90,377,4,9,57
5805,-108,79,90,377,4,9,57
5805,-108,40,90,377,6,11,57
5805,-108,47,90,377,4,10,58
5805,-108,33,90,377,5,10,57
5805,-108,42,90,377,4,9,58
5805,-108,40,90,377,4,7,56
5805,-108,56,90,377,5,8,56
5805,-108,54,90,377,4,8,57
5805,-108,52,90,377,4,10,58
5805,-108,37,90,377,4,10,57
5805,-108,65,90,377,4,10,57
5805,-108,62,90,377,5,6,57
5805,-108,58,90,377,5,9,57
5805,-108,59,90,377,6,11,58
5805,-108,42,90,377,5,9,57
5805,-108,49,89,377,5,10,56
5805,-108,61,90,377,3,10,58
5805,-108,56,90,377,5,8,56
5805,-108,62,90,377,3,8,57
5805,-108,57,90,377,4,9,57
5805,-108,67,90,377,5,10,57
5805,-108,58,90,377,4,9,57
5805,-108,41,89,377,5,9,56
5805,-108,41,90,377,2,9,57
5805,-108,59,89,377,5,10,56
5805,-108,47,90,377,3,9,57
5805,-108,42,90,377,5,9,57
5805,-108,54,90,377,4,9,57
5805,-108,55,90,377,4,10,56
5805,-108,49,90,377,4,8,57
5805,-108,51,90,377,4,10,57
5805,-108,47,90,377,5,10,58
5805,-108,63,90,377,4,10,57
5805,-108,52,90,377,4,8,57
5805,-108,70,90,377,4,9,57
5805,-108,54,90,377,5,7,57
5805,-108,44,89,378,3,9,57
5805,-108,44,90,377,2,8,56
5805,-108,59,90,377,4,10,56
5805,-108,43,90,377,6,10,58
5805,-108,79,90,377,4,10,57
5805,-108,71,90,377,4,10,58
5805,-108,52,90,377,5,9,57
5805,-108,55,90,377,3,11,58
5805,-108,49,90,377,4,10,57
5805,-108,40,90,377,5,12,57
5805,-108,49,90,377,4,9,57
5805,-108,53,90,377,4,9,57
5805,-108,38,90,377,4,9,57
5805,-108,40,90,377,4,9,57
5805,-108,59,90,377,5,9,57
5805,-108,46,90,377,5,11,57
5805,-108,66,90,377,3,10,59
5805,-108,42,90,377,3,8,57
5805,-108,72,90,377,3,11,58
5805,-108,59,90,377,4,9,57
5805,-108,43,90,377,4,11,57
5805,-108,45,90,377,4,7,56
5805,-108,43,90,377,5,8,56
5805,-108,54,90,377,3,11,58
5805,-108,51,90,377,3,12,57
5805,-108,34,90,377,5,10,56
5805,-108,40,90,377,5,10,57
5805,-108,72,90,377,3,10,58
5805,-108,46,90,377,4,7,57
5805,-108,50,90,377,3,9,57
5805,-108,53,90,377,5,9,57
5805,-108,46,90,377,2,9,57
5805,-108,39,89,377,6,11,57
5805,-108,44,90,377,5,10,56
5805,-108,38,90,377,3,10,57
5805,-108,53,89,377,5,9,57
5805,-108,35,90,377,4,8,57
5805,-108,30,90,377,5,10,58
5805,-108,57,89,378,5,8,57
5805,-108,57,90,377,5,11,57
5805,-108,49,90,377,6,9,57
5805,-108,44,90,377,5,9,57
5805,-108,46,90,377,4,9,57
5805,-108,47,90,377,5,10,58
5805,-108,50,90,377,4,8,57
5805,-108,51,90,377,4,9,57
5805,-108,55,90,377,3,10,57
5805,-108,64,90,377,4,11,57
5805,-108,55,90,377,4,9,57
5805,-108,47,90,377,4,10,58
5805,-108,68,90,377,4,9,58
5805,-108,54,90,377,4,8,57
5805,-108,37,90,377,5,9,58
5805,-108,49,90,377,6,10,57
5805,-108,52,90,377,4,8,57
5805,-108,54,90,377,3,10,58
5805,-108,49,90,377,4,11,57
5805,-108,42,90,377,5,9,57
5805,-108,51,90,377,4,12,57
5805,-108,47,90,377,4,9,57
5805,-108,33,90,377,4,8,57
5805,-108,52,90,377,4,10,59
5805,-108,43,90,377,4,10,57
5805,-108,37,90,377,5,9,58
5805,-108,40,90,377,4,10,58
5805,-108,58,90,377,4,9,58
5805,-108,67,90,377,4,6,56
5805,-108,51,90,377,5,7,57
5805,-108,55,90,377,4,10,57
5805,-108,48,90,377,5,11,58
5805,-108,34,90,377,4,8,57
5805,-108,62,90,377,4,8,57
5805,-108,53,90,377,4,11,58
5805,-108,31,90,377,3,11,58
5805,-108,65,90,377,4,9,58
5805,-108,49,90,377,4,10,58
5805,-108,61,90,377,5,10,57
5805,-108,62,90,377,3,8,57
5805,-108,41,90,377,4,9,58
5805,-108,74,90,377,4,11,58
5805,-108,40,90,377,3,9,56
5805,-108,28,90,377,5,7,56
5805,-108,50,90,377,3,10,57
5805,-108,46,90,377,6,10,57
5805,-108,57,90,377,5,10,58
5805,-108,46,90,377,4,10,58
5805,-108,35,90,377,4,9,57
5805,-108,50,90,377,5,10,57
5805,-108,53,90,377,2,10,57
5805,-108,65,90,377,4,9,57
5805,-108,30,90,377,4,9,57
5805,-108,63,90,377,4,8,57
5805,-108,32,90,377,5,9,57
5805,-108,38,90,377,5,10,56
5805,-108,40,90,377,4,9,57
5805,-108,47,90,377,5,11,58
5805,-108,47,90,377,5,9,57
5805,-108,72,90,377,2,10,57
5805,-108,65,90,377,5,10,58
5805,-108,42,90,377,4,10,57
5805,-108,57,90,377,4,8,56
5805,-108,48,90,377,3,10,58
5805,-108,35,90,377,4,8,56
5805,-108,56,90,377,5,10,57
5805,-108,42,90,377,3,10,57
5805,-108,61,90,377,5,9,57
5805,-108,48,90,377,4,9,58
5805,-108,44,90,377,5,9,57
5805,-108,55,90,377,5,9,57
5805,-108,59,90,377,5,10,58
5805,-108,55,90,377,4,9,58
5805,-108,50,90,377,3,9,58
5805,-108,44,90,377,5,10,57
5805,-108,52,90,377,5,10,58
5805,-108,35,90,377,5,10,58
5805,-108,47,90,377,4,10,57
5805,-108,54,90,377,5,9,58
5805,-108,51,90,377,4,9,57
5805,-108,53,90,377,3,9,57
5805,-108,57,90,377,5,11,58
5805,-108,38,90,377,3,10,57
5805,-108,31,90,377,5,8,56
5805,-108,32,90,377,5,8,57
5805,-108,54,90,377,5,10,58
5805,-108,37,90,377,5,9,56
5805,-108,52,90,377,5,9,57
5805,-108,40,90,377,5,10,57
5805,-108,34,90,377,5,9,57
5805,-108,63,90,377,4,11,58
5805,-108,46,89,377,5,7,56
5805,-108,74,90,377,5,7,58
5805,-108,65,90,377,5,7,55
5805,-108,56,90,377,5,11,57
5805,-108,57,90,377,4,10,57
5805,-108,30,90,377,4,9,57
5805,-108,33,89,377,5,8,55
5805,-108,30,90,377,3,8,57
5805,-108,46,90,377,4,10,58
5805,-108,52,90,377,3,8,57
5805,-108,46,90,377,4,9,57
5805,-108,43,90,377,4,8,57
5805,-108,72,90,377,4,11,59
5805,-108,44,90,377,6,10,57
5805,-108,58,90,377,4,9,57
5805,-108,44,89,378,6,10,57
5805,-108,42,90,377,4,10,57
5805,-108,49,90,377,5,10,58
5805,-108,40,90,377,5,10,57
5805,-108,41,90,377,3,10,58
5805,-108,50,90,377,5,8,56
5805,-108,60,90,377,5,11,57
5805,-108,45,90,377,5,8,56
5805,-108,58,90,377,4,9,58
5805,-108,42,90,377,5,10,58
5805,-108,38,90,377,4,8,56
5805,-108,42,89,377,6,8,56
5805,-108,45,90,377,4,11,58
5805,-108,55,90,377,4,10,57
5805,-108,53,90,377,4,10,57
5805,-108,47,90,377,3,10,57
5805,-108,53,90,377,3,9,57
5805,-108,35,90,377,5,10,58
5805,-108,44,90,377,4,10,58
5805,-108,42,90,377,4,11,57
5805,-108,44,90,377,3,11,57
5805,-108,53,90,377,4,8,57
5805,-108,64,90,377,4,9,57
5805,-108,59,90,377,3,11,58
5805,-108,51,90,377,4,9,58
5805,-108,48,90,377,5,9,56
5805,-108,50,90,377,5,8,57
5805,-108,52,90,377,5,10,57
5805,-108,51,90,377,5,9,57
5805,-108,46,89,378,6,11,57
5805,-108,56,90,377,3,10,56
5805,-108,60,89,377,5,11,56
5805,-108,51,90,377,4,11,58
5805,-108,56,90,377,3,9,57
5805,-108,49,89,377,6,10,57
5805,-108,67,90,377,5,10,57
5805,-108,48,90,377,5,9,56
5805,-108,44,90,377,4,10,57
5805,-108,67,90,377,4,10,58
5805,-108,52,90,377,5,10,57
5805,-108,55,90,377,4,10,57
5805,-108,42,90,377,4,11,58
5805,-108,81,90,377,3,10,58
5805,-108,45,90,377,4,9,57
5805,-108,67,90,377,5,10,58
5805,-108,39,90,377,5,9,57
5805,-108,48,90,377,4,11,57
5805,-108,51,90,377,6,10,58
5805,-108,64,90,377,5,9,57
5805,-108,63,90,377,5,10,57
5805,-108,54,90,377,5,10,57
5805,-108,41,90,377,4,9,57
5805,-108,42,90,377,5,8,57
5805,-108,62,90,377,5,10,57
5805,-108,44,90,377,4,8,57
5805,-108,37,90,377,4,10,57
5805,-108,53,89,377,5,9,55
5805,-108,47,90,377,4,8,57
5805,-108,44,90,377,5,9,56
5805,-108,70,90,377,5,9,57
5805,-108,51,90,377,3,7,56
5805,-108,50,90,377,4,10,57
5805,-108,51,90,377,3,9,56
5805,-108,46,90,377,5,9,57
5805,-108,37,90,377,5,11,57
5805,-108,51,90,377,5,11,57
5805,-108,36,90,377,4,9,57
5805,-108,40,90,377,4,11,57
5805,-108,41,90,377,4,9,57
5805,-108,46,90,377,3,9,58
5805,-108,53,90,377,4,8,57
5805,-108,44,90,377,4,9,57
5805,-108,42,90,377,5,8,57
5805,-108,46,90,377,3,9,57
5805,-108,48,90,377,5,10,56
5805,-108,48,90,377,3,9,57
5805,-108,35,90,377,4,12,57
5805,-108,62,90,377,3,9,58
5805,-108,59,90,377,3,10,58
5805,-108,46,90,377,4,10,57
5805,-108,51,90,377,6,11,58
5805,-108,48,90,377,3,9,57
5805,-108,48,90,377,4,10,57
5805,-108,54,90,377,4,11,57
5805,-108,58,90,377,5,9,58
5805,-108,57,90,377,4,9,57
5805,-108,50,90,377,5,11,58
5805,-108,47,90,377,3,10,57
5805,-108,65,90,377,3,10,58
5805,-108,51,90,377,4,9,58
5805,-108,55,90,377,5,9,58
5805,-108,63,90,377,3,9,57
5805,-108,60,90,377,4,9,57
5805,-108,54,90,377,4,7,57
5805,-108,57,90,377,5,10,57
5805,-108,56,90,377,4,11,57
5805,-108,58,90,377,3,10,58
5805,-108,45,90,377,5,8,57
5805,-108,44,90,377,4,10,57
5805,-108,62,90,377,6,9,58
5805,-108,49,90,377,5,11,58
5805,-108,49,90,377,6,8,56
5805,-108,53,90,377,5,10,58
5805,-108,39,90,377,5,8,57
5805,-108,45,90,377,3,7,56
5805,-108,49,90,377,5,9,57
5805,-108,54,90,377,4,8,57
5805,-108,48,90,377,7,10,58
5805,-108,37,90,377,5,10,57
5805,-108,63,90,377,4,10,58
5805,-108,48,89,377,6,9,56
5805,-108,40,90,377,5,8,57
5805,-108,55,90,377,4,8,58
5805,-108,55,90,377,5,8,56
5805,-108,53,90,377,5,10,57
5805,-108,52,90,377,4,10,57
5805,-108,51,90,377,4,9,57
5805,-108,41,90,377,4,8,56
5805,-108,57,90,377,5,6,57
5805,-108,62,90,377,4,11,58
5805,-108,50,90,377,4,8,58
5805,-108,46,90,377,4,10,57
5805,-108,35,90,377,4,9,57
5805,-108,57,90,377,5,12,58
5805,-108,46,90,377,5,9,57
5805,-108,49,90,377,6,8,58
5805,-108,52,90,377,4,11,57
5805,-108,69,90,377,5,7,56
5805,-108,43,90,377,2,8,57
5805,-108,57,90,377,5,10,57
5805,-108,38,90,377,5,9,58
5805,-108,45,90,377,4,10,57
5805,-108,56,90,377,5,9,57
5805,-108,37,90,377,5,8,57
5805,-108,53,90,377,3,10,58
5805,-108,51,90,377,4,11,57
5805,-108,46,90,377,4,10,58
5805,-108,62,90,377,5,8,56
5805,-108,53,90,377,5,9,57
5805,-108,56,90,377,4,9,57
5805,-108,45,90,377,4,10,58
5805,-108,61,90,377,4,10,57
5805,-108,45,90,377,5,9,58
5805,-108,64,90,377,6,9,57
5805,-108,43,90,377,4,11,58
5805,-108,63,90,377,4,7,57
5805,-108,55,90,377,5,9,58
5805,-108,59,90,377,5,10,57
5805,-108,50,90,377,5,9,57
5805,-108,57,90,377,5,9,57
5805,-108,57,90,377,5,10,58
5805,-108,51,90,377,4,9,57
5805,-108,64,90,377,4,10,57
5805,-108,52,90,377,4,10,57
5805,-108,68,90,377,6,9,57
5805,-108,62,90,377,5,10,57
5805,-108,43,90,377,4,9,57
5805,-108,55,90,377,5,9,56
5805,-108,62,90,377,6,9,58
5805,-108,58,90,377,3,8,57
5805,-108,30,90,377,3,9,56
5805,-108,53,90,377,4,9,57
5805,-108,45,90,377,5,9,56
5805,-108,60,90,377,5,10,58
5805,-108,46,90,377,4,8,56
5805,-108,62,90,377,5,10,57
5805,-108,53,90,377,4,7,57
5805,-108,35,90,377,5,9,57
5805,-108,67,90,377,4,9,57
5805,-108,68,90,377,4,11,58
5805,-108,58,90,377,5,9,58
5805,-108,47,90,377,3,10,57
5805,-108,41,90,377,3,9,57
5805,-108,39,90,377,4,11,58
5805,-108,53,90,377,4,10,58
5805,-108,31,90,377,5,8,56
5805,-108,54,90,377,5,10,58
5805,-108,48,89,378,5,9,56
5805,-108,46,90,377,4,10,57
5805,-108,57,90,377,5,9,57
5805,-108,64,90,377,4,8,58
5805,-108,39,90,377,5,8,56
5805,-108,48,90,377,5,8,57
5805,-108,69,90,377,4,10,57
5805,-108,55,90,377,5,8,57
5805,-108,36,90,377,5,10,57
5805,-108,42,90,377,4,10,58
5805,-108,45,90,377,4,11,57
5805,-108,55,90,377,4,11,57
5805,-108,43,90,377,5,10,57
5805,-108,47,90,377,5,9,57
5805,-108,47,90,377,5,9,57
5805,-108,47,90,377,6,10,58
5805,-108,47,90,377,6,9,57
5805,-108,45,90,377,5,8,58
5805,-108,51,90,377,4,9,57
5805,-108,36,90,377,4,10,57
5805,-108,48,90,377,3,10,57
5805,-108,62,90,377,5,9,58
5805,-108,60,90,377,5,10,58
5805,-108,74,90,377,5,10,58
5805,-108,69,90,377,4,10,58
5805,-108,64,90,377,4,10,58
5805,-108,38,90,377,4,9,57
5805,-108,55,90,377,4,11,58
5805,-108,41,90,377,4,8,56
5805,-108,64,90,377,5,9,57
5805,-108,44,90,377,3,8,57
5805,-108,58,90,377,4,10,58
5805,-108,57,90,377,4,9,57
5805,-108,45,90,377,4,8,56
5805,-108,59,90,377,5,9,58
5805,-108,52,90,377,5,9,58
5805,-108,36,89,378,6,11,57
5805,-108,59,90,377,5,10,57
5805,-108,58,90,377,5,9,57
5805,-108,66,90,377,4,9,57
5805,-108,59,90,377,4,9,57
5805,-108,42,90,377,5,10,58
5805,-108,51,90,377,4,10,57
5805,-108,39,90,377,4,9,57
5805,-108,46,90,377,6,10,58
5805,-108,58,90,377,5,9,57
5805,-108,48,90,377,4,10,58
5805,-108,41,90,377,5,8,57
5805,-108,49,90,377,6,9,57
5805,-108,58,90,377,3,10,58
5805,-108,61,90,377,4,9,57
5805,-108,45,90,377,4,8,55
5805,-108,54,90,377,5,9,57
5805,-108,60,90,377,4,12,58
5805,-108,47,90,377,5,9,57
5805,-108,61,90,377,4,10,57
5805,-108,49,90,377,5,10,57
5805,-108,52,90,377,6,10,58
5805,-108,42,90,377,4,9,57
5805,-108,67,90,377,5,10,57
5805,-108,55,90,377,4,10,57
5805,-108,40,90,377,4,11,58
5805,-108,54,90,377,5,9,57
5805,-108,72,90,377,5,12,58
5805,-108,48,90,377,5,11,58
5805,-108,52,90,377,5,10,56
5805,-108,43,90,377,2,10,58
5805,-108,52,90,377,4,9,57
5805,-108,49,90,377,4,8,57
5805,-108,54,90,377,5,12,58
5805,-108,52,90,377,3,9,57
5805,-108,31,90,377,5,9,57
5805,-108,34,90,377,4,10,58
5805,-108,45,90,377,5,10,57
5805,-108,42,90,377,4,9,57
5805,-108,38,90,377,5,9,57
5805,-108,50,90,377,4,10,58
5805,-108,60,90,377,3,10,57
5805,-108,71,90,377,4,12,58
5805,-108,51,90,377,4,9,57
5805,-108,60,90,377,5,11,58
5805,-108,58,90,377,5,10,57
5805,-108,32,90,377,5,9,57
5805,-108,42,90,377,5,11,58
5805,-108,49,90,377,4,12,59
5805,-108,39,90,377,5,11,58
5805,-108,49,90,377,4,10,57
5805,-108,41,90,377,5,10,57
5805,-108,46,90,377,4,9,57
5805,-108,53,90,377,5,10,58
5805,-108,48,90,377,4,11,57
5805,-108,46,90,377,5,9,58
5805,-108,31,90,377,4,10,57
5805,-108,59,90,377,4,11,58
5805,-108,50,90,377,5,10,57
5805,-108,62,90,377,3,11,58
5805,-108,42,89,377,5,9,56
5805,-108,42,90,377,5,11,57
5805,-108,41,90,377,5,8,57
5805,-108,47,90,377,5,9,57
5805,-108,57,90,377,5,10,58
5805,-108,46,90,377,3,10,58
5805,-108,34,90,377,4,9,57
5805,-108,47,90,377,5,9,56
5805,-108,56,90,377,5,9,58
5805,-108,36,90,377,4,8,56
5805,-108,38,90,377,4,9,57
5805,-108,42,90,377,2,11,57
5805,-108,54,89,377,4,10,57
5805,-108,48,90,377,3,11,57
5805,-108,48,90,377,4,9,57
5805,-108,42,90,377,6,9,57
5805,-108,60,90,377,5,10,58
5805,-108,53,90,377,3,10,57
5805,-108,47,90,377,3,9,57
5805,-108,53,89,377,6,8,56
5805,-108,56,90,377,4,10,58
5805,-108,67,90,377,3,10,57
5805,-108,51,90,377,4,8,57
5805,-108,44,90,377,3,10,58
5805,-108,52,90,377,5,10,58
5805,-108,77,90,377,4,10,58
5805,-108,56,90,377,5,9,57
5805,-108,54,90,377,3,10,56
5805,-108,68,90,377,5,9,57
5805,-108,53,90,377,5,11,58
5805,-108,34,90,377,5,10,57
5805,-108,57,90,377,4,9,57
5805,-108,54,90,377,3,8,57
5805,-108,67,90,377,4,9,57
5805,-108,42,90,377,3,8,57
5805,-108,31,90,377,4,8,56
5805,-108,61,90,377,4,11,58
5805,-108,43,90,377,4,9,57
5805,-108,56,90,377,6,10,58
5805,-108,44,90,377,4,9,57
5805,-108,36,90,377,4,11,58
5805,-108,57,90,377,4,9,57
5805,-108,40,90,377,3,10,58
5805,-108,44,90,377,4,8,56
5805,-108,52,90,377,4,10,57
5805,-108,42,90,377,4,7,57
5805,-108,57,90,377,4,10,58
5805,-108,83,90,377,4,11,59
5805,-108,55,90,377,3,9,57
5805,-108,50,90,377,4,9,58
5805,-108,35,90,377,4,10,57
5805,-108,32,90,377,4,9,57
5805,-108,69,90,377,4,10,58
5805,-108,44,90,377,5,10,57
5805,-108,59,90,377,4,10,57
5805,-108,51,90,377,5,9,57
5805,-108,63,90,377,5,8,56
5805,-108,34,90,377,4,10,57
5805,-108,52,89,377,5,10,57
5805,-108,51,90,377,4,10,57
5805,-108,42,90,377,3,10,58
5805,-108,48,90,377,5,8,57
5805,-108,57,90,377,4,7,57
5805,-108,51,90,377,5,11,57
5805,-108,49,90,377,3,10,58
5805,-108,44,90,377,4,10,56
5805,-108,38,90,377,3,9,57
5805,-108,41,90,377,4,10,58
5805,-108,40,90,377,5,11,58
5805,-108,60,90,377,5,10,57
5805,-108,54,90,377,5,8,57
5805,-108,47,90,377,4,9,57
5805,-108,57,90,377,5,11,58
5805,-108,53,90,377,3,8,57
5805,-108,62,90,377,4,11,57
5805,-108,62,90,377,4,9,57
5805,-108,47,90,377,5,10,56
5805,-108,47,90,377,5,10,57
5805,-108,39,90,377,4,11,58
5805,-108,43,90,377,4,9,56
5805,-108,37,90,377,4,8,57
5805,-108,52,90,377,5,10,57
5805,-108,43,90,377,4,10,57
5805,-108,48,90,377,4,7,56
5805,-108,42,90,377,5,10,58
5805,-108,60,90,377,5,10,56
5805,-108,38,90,377,3,10,57
5805,-108,44,90,377,4,10,57
5805,-108,52,90,377,4,9,57
5805,-108,44,90,377,5,9,57
5805,-108,31,90,377,4,10,57
5805,-108,46,90,377,4,9,57
5805,-108,48,90,377,5,11,58
5805,-108,44,90,377,4,9,57
5805,-108,38,90,377,3,9,57
5805,-108,45,90,377,6,9,57
5805,-108,47,90,377,4,10,58
5805,-108,56,89,377,4,10,57
5805,-108,59,90,377,4,11,58
5805,-108,41,89,378,5,11,56
5805,-108,43,90,377,4,10,56
5805,-108,36,90,377,3,9,58
5805,-108,48,90,377,3,8,57
5805,-108,43,90,377,5,12,58
5805,-108,62,90,377,5,9,57
5805,-108,54,90,377,4,10,57
5805,-108,49,90,377,4,10,57
5805,-108,47,90,377,4,10,58
5805,-108,44,90,377,3,9,57
5805,-108,43,90,377,4,10,57
5805,-108,50,90,377,4,10,58
5805,-108,45,90,377,4,8,57
5805,-108,50,90,377,4,9,57
5805,-108,45,90,377,4,9,57
5805,-108,50,90,377,4,8,57
5805,-108,59,90,377,5,10,58
5805,-108,67,90,377,3,10,57
5805,-108,57,90,377,5,8,57
5805,-108,45,90,377,4,11,57
5805,-108,66,90,377,5,10,57
5805,-108,48,90,377,4,10,58
5805,-108,44,90,377,5,9,56
5805,-108,52,90,377,4,8,57
5805,-108,48,90,377,5,11,57
5805,-108,41,90,377,4,10,58
5805,-108,37,90,377,4,8,56
5805,-108,42,90,377,3,9,57
5805,-108,61,90,377,4,10,57
5805,-108,54,90,377,4,9,57
5805,-108,51,90,377,4,10,58
5805,-108,46,89,377,7,9,56
5805,-108,37,90,377,5,12,58
5805,-108,48,90,377,4,10,57
5805,-108,50,90,377,4,8,57
5805,-108,43,90,377,4,7,56
5805,-108,48,90,377,4,8,57
5805,-108,34,90,377,3,9,57
5805,-108,51,90,377,4,9,57
5805,-108,59,90,377,4,9,57
5805,-108,40,90,377,5,8,56
5805,-108,52,90,377,3,11,57
5805,-108,41,90,377,5,9,57
5805,-108,38,90,377,4,9,57
5805,-108,53,90,377,3,8,57
5805,-108,49,90,377,4,9,57
5805,-108,54,90,377,4,9,58
5805,-108,41,90,377,4,9,57
5805,-108,53,90,377,4,10,58
5805,-108,61,90,377,6,9,57
5805,-108,50,90,377,5,10,57
5805,-108,41,90,377,2,10,57
5805,-108,37,90,377,4,10,56
5805,-108,48,90,377,4,9,57
5805,-108,52,90,377,4,9,57
5805,-108,34,90,377,4,11,58
5805,-108,46,90,377,5,10,57
5805,-108,59,90,377,5,10,58
5805,-108,60,90,377,6,10,57
5805,-108,59,90,377,4,10,57
5805,-108,50,90,377,5,9,57
5805,-108,46,90,377,6,11,59
5805,-108,75,90,377,4,10,58
5805,-108,49,90,377,4,11,58
5805,-108,26,90,377,3,9,57
5805,-108,35,90,377,4,9,57
5805,-108,43,90,377,3,12,57
5805,-108,46,90,377,5,8,57
5805,-108,38,90,377,4,8,56
5805,-108,43,90,377,3,9,57
5805,-108,54,90,377,4,9,57
5805,-108,44,90,377,4,8,57
5805,-108,35,90,377,5,11,57
5805,-108,69,90,377,4,8,57
5805,-108,55,90,377,3,11,57
5805,-108,34,90,377,4,8,56
5805,-108,59,90,377,4,10,58
5805,-108,59,90,377,5,10,58
5805,-108,31,90,377,5,9,57
5805,-108,46,90,377,5,9,56
5805,-108,45,90,377,4,10,57
5805,-108,60,90,377,4,11,58
5805,-108,62,90,377,5,9,57
5805,-108,56,90,377,4,11,58
5805,-108,72,90,377,4,10,58
5805,-108,50,90,377,4,10,57
5805,-108,38,90,377,4,9,57
5805,-108,27,90,377,5,9,57
5805,-108,59,90,377,5,11,58
5805,-108,44,90,377,3,9,57
5805,-108,46,90,377,4,11,58
5805,-108,48,90,377,3,9,58
5805,-108,49,90,377,2,10,57
5805,-108,60,90,377,7,9,57
5805,-108,46,90,377,5,9,57
5805,-108,39,90,377,5,10,57
5805,-108,50,90,377,4,10,57
5805,-108,53,90,377,4,8,56
5805,-108,52,90,377,4,9,57
5805,-108,38,90,377,4,8,57
5805,-108,38,90,377,5,7,56
5805,-108,61,90,377,5,8,56
5805,-108,63,90,377,5,10,57
5805,-108,61,90,377,5,12,58
5805,-108,50,90,377,4,10,58
5805,-108,60,90,377,4,9,57
5805,-108,45,90,377,4,11,57
5805,-108,40,90,377,5,6,56
5805,-108,32,90,377,5,10,57
5805,-108,61,90,377,4,9,57
5805,-108,42,90,377,3,9,56
5805,-108,38,90,377,5,9,57
5805,-108,61,90,377,4,9,57
5805,-108,51,90,377,6,9,57
5805,-108,46,90,377,5,9,57
5805,-108,81,90,377,5,8,57
5805,-108,35,90,377,5,10,58
5805,-108,32,90,377,4,9,58
5805,-108,53,90,377,2,10,57
5805,-108,54,90,377,5,8,56
5805,-108,54,90,377,4,9,58
5805,-108,41,90,377,5,10,57
5805,-108,40,90,377,5,9,57
5805,-108,53,90,377,5,12,58
5805,-108,39,90,377,5,9,57
5805,-108,33,90,377,5,9,56
5805,-108,57,90,377,5,9,56
5805,-108,41,90,377,5,10,57
5805,-108,51,90,377,4,8,57
5805,-108,38,90,377,4,8,56
5805,-108,38,90,377,6,10,58
5805,-108,51,90,377,5,9,57
5805,-108,45,90,377,4,10,56
5805,-108,58,90,377,5,9,57
5805,-108,42,90,377,5,10,57
5805,-108,35,89,377,6,10,56
5805,-108,53,90,377,4,10,58
5805,-108,45,90,377,3,10,57
5805,-108,30,90,377,5,10,57
5805,-108,51,90,377,5,10,57
5805,-108,70,90,377,4,10,57
5805,-108,62,90,377,5,10,57
5805,-108,51,90,377,5,10,57
5805,-108,48,90,377,5,9,57
5805,-108,34,90,377,5,9,57
5805,-108,46,90,377,5,9,57
5805,-108,38,90,377,4,11,57
5805,-108,51,90,377,5,9,57
5805,-108,51,90,377,4,10,57
5805,-108,51,90,377,4,10,57
5805,-108,49,90,377,3,10,58
5805,-108,58,90,377,4,9,57
5805,-108,33,90,377,5,8,56
5805,-108,48,90,377,5,10,57
5805,-108,58,90,377,4,11,57
5805,-108,47,90,377,4,10,58
5805,-108,39,90,377,3,8,56
5805,-108,52,90,377,4,9,57
5805,-108,50,90,377,3,11,57
5805,-108,44,90,377,4,10,58
5805,-108,44,90,377,4,10,57
5805,-108,55,90,377,5,9,57
5805,-108,35,90,377,6,8,57
5805,-108,48,90,377,3,9,58
5805,-108,49,90,377,5,9,57
5805,-108,45,90,377,4,7,55
5805,-108,54,90,377,6,10,57
5805,-108,43,90,377,4,9,57
5805,-108,37,90,377,4,8,57
5805,-108,39,90,377,4,8,56
5805,-108,57,90,377,4,8,56
5805,-108,58,90,377,3,10,57
5805,-108,54,90,377,5,9,57
5805,-108,36,90,377,4,8,57
5805,-108,61,90,377,5,10,58
5805,-108,67,90,377,4,11,58
5805,-108,43,90,377,5,10,57
5805,-108,29,90,377,5,9,57
5805,-108,42,90,377,4,10,58
5805,-108,37,90,377,5,10,58
5805,-108,58,90,377,5,10,57
5805,-108,54,90,377,5,11,58
5805,-108,33,90,377,3,9,57
5805,-108,37,90,377,5,9,57
5805,-108,40,90,377,3,11,57
5805,-108,46,90,377,5,10,57
5805,-108,40,90,377,5,8,56
5805,-108,29,89,377,6,10,55
5805,-108,47,90,377,5,8,57
5805,-108,44,90,377,5,10,57
5805,-108,52,90,377,6,9,57
5805,-108,45,90,377,4,10,57
5805,-108,51,90,377,4,10,58
5805,-108,33,90,377,4,10,56
5805,-108,46,90,377,4,9,57
5805,-108,45,90,377,4,8,56
5805,-108,43,90,377,5,10,57
5805,-108,55,90,377,5,10,58
5805,-108,43,90,377,4,9,58
5805,-108,29,90,377,4,10,57
5805,-108,55,90,377,4,8,56
5805,-108,65,90,377,4,9,57
5805,-108,43,90,377,5,12,57
5805,-108,47,90,377,4,10,57
5805,-108,49,90,377,4,9,57
5805,-108,40,90,377,4,9,57
5805,-108,62,90,377,5,10,58
5805,-108,53,90,377,4,9,57
5805,-108,50,90,377,5,10,58
5805,-108,48,90,377,5,9,57
5805,-108,33,90,377,3,9,57
5805,-108,40,90,377,4,10,56
5805,-108,56,90,377,5,10,57
5805,-108,54,90,377,4,9,57
5805,-108,50,90,377,4,9,57
5805,-108,59,90,377,4,11,57
5805,-108,47,90,377,4,9,57
5805,-108,44,90,377,4,9,57
5805,-108,48,90,377,5,9,57
5805,-108,49,90,377,5,11,58
5805,-108,63,90,377,4,10,57
5805,-108,39,90,377,5,9,57
5805,-108,36,90,377,5,10,58
5805,-108,57,90,377,4,9,57
5805,-108,49,90,377,4,9,57
5805,-108,55,90,377,5,11,58
5805,-108,41,90,377,4,11,57
5805,-108,41,90,377,5,11,58
5805,-108,55,89,377,4,10,56
5805,-108,36,90,377,3,7,57
5805,-108,39,90,377,4,9,57
5805,-108,40,90,377,6,10,57
5805,-108,44,90,377,5,9,57
5805,-108,48,90,377,3,9,57
5805,-108,51,90,377,4,12,58
5805,-108,44,90,377,5,9,57
5805,-108,51,89,377,5,7,55
5805,-108,48,90,377,5,11,57
5805,-108,51,90,377,4,9,57
5805,-108,29,90,377,5,11,58
5805,-108,56,90,377,4,8,57
5805,-108,42,90,377,6,9,56
5805,-108,38,90,377,5,10,57
5805,-108,49,90,377,6,8,56
5805,-108,64,90,377,4,9,57
5805,-108,36,90,377,4,10,58
5805,-108,41,90,377,3,10,58
5805,-108,45,90,377,4,10,57
5805,-108,42,90,377,5,10,57
5805,-108,46,90,377,4,9,57
5805,-108,36,90,377,5,10,57
5805,-108,42,90,377,3,9,57
5805,-108,48,90,377,3,11,58
5805,-108,39,90,377,5,10,58
5805,-108,35,90,377,4,9,57
5805,-108,35,90,377,5,9,57
5805,-108,32,90,377,5,11,56
5805,-108,50,90,377,5,9,57
5805,-108,55,90,377,4,10,58
5805,-108,38,90,377,3,10,57
5805,-108,48,90,377,5,9,57
5805,-108,72,90,377,3,9,58
5805,-108,44,90,377,2,10,58
5805,-108,37,90,377,4,9,57
5805,-108,47,90,377,4,9,57
5805,-108,32,90,377,3,8,57
5805,-108,65,90,377,4,8,57
5805,-108,75,90,377,5,9,57
5805,-108,55,90,377,4,9,57
5805,-108,44,90,377,4,10,58
5805,-108,52,90,377,4,10,57
5805,-108,54,90,377,5,11,58
5805,-108,50,90,377,5,10,58
5805,-108,34,90,377,5,9,57
5805,-108,51,90,377,4,9,57
5805,-108,50,90,377,4,9,57
5805,-108,44,90,377,5,12,57
5805,-108,42,90,377,4,10,57
5805,-108,57,90,377,3,9,58
5805,-108,39,90,377,5,7,56
5805,-108,31,90,377,4,9,57
5805,-108,50,90,377,5,9,58
5805,-108,39,90,377,4,10,57
5805,-108,50,90,377,5,12,58
5805,-108,53,90,377,5,8,57
5805,-108,58,90,377,5,9,58
5805,-108,51,90,377,6,9,58
5805,-108,34,90,377,5,10,59
5805,-108,49,90,377,3,9,58
5805,-108,48,90,377,5,10,57
5805,-108,48,90,377,3,10,58
5805,-108,57,90,377,4,9,58
5805,-108,46,90,377,5,9,57
5805,-108,42,90,377,4,10,57
5805,-108,32,90,377,4,10,57
5805,-108,40,90,377,5,10,57
5805,-108,70,90,377,5,9,58
5805,-108,56,90,377,3,10,56
5805,-108,41,90,377,3,8,56
5805,-108,54,90,377,4,10,57
5805,-108,58,90,377,6,9,57
5805,-108,57,90,377,6,10,57
5805,-108,42,90,377,4,8,56
5805,-108,48,90,377,4,8,57
5805,-108,54,90,377,3,10,58
5805,-108,43,90,377,4,11,58
5805,-108,50,90,377,3,8,57
5805,-108,37,90,377,4,9,57
5805,-108,41,90,377,4,10,57
5805,-108,60,90,377,5,9,57
5805,-108,51,90,377,4,9,57
5805,-108,34,90,377,5,9,56
5805,-108,39,90,377,4,9,57
5805,-108,36,90,377,5,9,57
5805,-108,52,90,377,4,9,56
5805,-108,56,90,377,4,10,58
5805,-108,47,90,377,3,9,57
5805,-108,63,90,377,4,10,57
5805,-108,50,90,377,3,10,58
5805,-108,55,90,377,3,11,58
5805,-108,40,90,377,5,11,58
5805,-108,30,90,377,4,10,57
5805,-108,47,90,377,4,10,57
5805,-108,44,90,377,5,7,57
5805,-108,63,90,377,6,8,56
5805,-108,38,90,377,4,9,58
5805,-108,57,90,377,5,10,58
5805,-108,50,90,377,3,11,58
5805,-108,49,90,377,5,9,57
5805,-108,40,90,377,4,10,56
5805,-108,55,90,377,4,8,57
5805,-108,30,90,377,4,10,57
5805,-108,62,90,377,5,11,58
5805,-108,36,90,377,5,8,57
5805,-108,50,90,377,4,9,57
5805,-108,44,90,377,4,10,57
5805,-108,58,90,377,4,8,57
5805,-108,43,90,377,5,9,57
5805,-108,36,90,377,5,9,56
5805,-108,40,90,377,4,7,56
5805,-108,38,90,377,5,8,56
5805,-108,39,90,377,5,8,57
5805,-108,34,90,377,4,9,57
5805,-108,39,90,377,3,9,58
5805,-108,57,90,377,2,10,57
5805,-108,59,90,377,4,9,57
5805,-108,40,90,377,5,10,58
5805,-108,55,90,377,5,12,58
5805,-108,56,90,377,5,11,58
5805,-108,63,90,377,5,9,58
5805,-108,51,90,377,4,11,57
5805,-108,43,90,377,5,10,57
5805,-108,41,90,377,5,10,57
5805,-108,34,90,377,4,10,57
5805,-108,39,90,377,4,7,56
5805,-108,40,90,377,5,9,58
5805,-108,47,90,377,4,10,57
5805,-108,47,90,377,3,8,57
5805,-108,63,90,377,4,9,56
5805,-108,48,90,377,3,9,57
5805,-108,42,90,377,4,9,57
5805,-108,41,90,377,3,10,57
5805,-108,44,90,377,4,9,57
5805,-108,55,90,377,4,10,57
5805,-108,44,90,377,4,10,57
5805,-108,46,90,377,5,9,57
5805,-108,48,90,377,5,10,58
5805,-108,52,90,377,5,9,57
5805,-108,39,90,377,4,11,58
5805,-108,42,90,377,5,10,58
5805,-108,40,90,377,4,9,57
5805,-108,57,90,377,5,10,58
5805,-108,53,90,377,4,8,56
5805,-108,46,90,377,4,10,58
5805,-108,59,90,377,4,9,57
5805,-108,38,90,377,4,7,56
5805,-108,46,90,377,5,9,56
5805,-108,38,90,377,5,9,57
5805,-108,48,90,377,5,10,57
5805,-108,39,90,377,4,10,58
5805,-108,36,90,377,5,10,58
5805,-108,46,90,377,5,8,57
5805,-108,46,90,377,5,8,56
5805,-108,42,89,377,6,8,55
5805,-108,46,90,377,4,9,57
5805,-108,42,90,377,4,11,58
5805,-108,54,90,377,5,9,57
5805,-108,54,90,377,4,11,58
5805,-108,66,90,377,3,8,57
5805,-108,47,90,377,4,9,57
5805,-108,56,90,377,5,9,58
5805,-108,46,90,377,5,9,57
5805,-108,45,90,377,5,9,57
5805,-108,75,90,377,5,9,57
5805,-108,33,90,377,5,10,57
5805,-108,50,89,377,4,10,56
5805,-108,47,90,377,5,10,57
5805,-108,45,90,377,4,10,58
5805,-108,49,90,377,5,10,58
5805,-108,44,90,377,3,9,57
5805,-108,50,90,377,3,11,57
5805,-108,33,90,377,4,10,57
5805,-108,44,90,377,5,10,57
5805,-108,40,90,377,5,10,57
5805,-108,44,90,377,5,7,56
5805,-108,65,90,377,4,9,57
5805,-108,52,90,377,4,10,57
5805,-108,38,90,377,4,10,57
5805,-108,52,90,377,4,9,57
5805,-108,45,90,377,5,9,57
5805,-108,39,90,377,4,11,57
5805,-108,60,90,377,4,9,58
5805,-108,54,90,377,4,8,56
5805,-108,37,90,377,4,10,58
5805,-108,50,90,377,4,9,57
5805,-108,46,90,377,5,10,57
5805,-108,49,90,377,5,8,57
5805,-108,47,90,377,3,9,56
5805,-108,63,90,377,6,8,57
5805,-108,40,89,377,6,8,56
5805,-108,54,90,377,4,9,57
5805,-108,50,90,377,4,9,57
5805,-108,38,90,377,3,7,56
5805,-108,42,90,377,5,10,57
5805,-108,37,90,377,3,9,57
5805,-108,34,90,377,3,9,57
5805,-108,61,90,377,3,10,58
5805,-108,49,90,377,5,8,56
5805,-108,55,90,377,3,9,57
5805,-108,48,90,377,4,9,57
5805,-108,53,90,377,5,10,57
5805,-108,40,90,377,5,9,56
5805,-108,46,90,377,4,9,57
5805,-108,37,90,377,6,9,57
5805,-108,47,90,377,4,8,56
5805,-108,52,90,377,5,10,58
5805,-108,39,90,377,5,8,57
5805,-108,35,90,377,4,11,57
5805,-108,58,90,377,5,11,57
5805,-108,47,90,377,4,9,58
5805,-108,44,90,377,4,9,57
5805,-108,38,90,377,4,9,57
5805,-108,30,90,377,4,9,57
5805,-108,51,90,377,3,10,57
5805,-108,51,90,377,4,7,57
5805,-108,33,90,377,6,10,58
5805,-108,45,90,377,3,8,56
5805,-108,36,90,377,3,11,58
5805,-108,52,90,377,4,9,57
5805,-108,36,89,377,5,9,56
5805,-108,62,90,377,4,9,56
5805,-108,54,90,377,5,10,58
5805,-108,50,90,377,4,8,57
5805,-108,32,90,377,4,8,57
5805,-108,47,90,377,5,10,58
5805,-108,48,90,377,3,10,57
5805,-108,56,90,377,4,10,57
5805,-108,51,90,377,4,11,58
5805,-108,62,90,377,5,9,57
5805,-108,58,90,377,3,10,57
5805,-108,50,90,377,4,8,56
5805,-108,39,90,377,5,9,57
5805,-108,74,90,377,5,10,58
5805,-108,54,90,377,4,10,58
5805,-108,70,90,377,6,10,58
5805,-108,51,90,377,5,8,57
5805,-108,58,90,377,4,9,57
5805,-108,33,90,377,4,10,57
5805,-108,28,90,377,3,11,57
5805,-108,30,90,377,5,9,57
5805,-108,51,90,377,3,9,57
5805,-108,41,90,377,3,8,56
5805,-108,39,90,377,4,8,57
5805,-108,45,90,377,5,10,57
5805,-108,50,90,377,3,8,57
5805,-108,48,90,377,5,8,57
5805,-108,53,90,377,4,10,57
5805,-108,47,89,378,5,9,56
5805,-108,33,90,377,4,7,56
5805,-108,64,90,377,4,11,57
5805,-108,49,90,377,5,10,58
5805,-108,38,90,377,6,10,58
5805,-108,45,90,377,4,9,57
5805,-108,50,90,377,3,9,57
5805,-108,50,90,377,4,10,57
5805,-108,50,90,377,5,9,57
5805,-108,50,90,377,6,9,57
5805,-108,52,90,377,4,8,57
5805,-108,46,90,377,5,10,57
5805,-108,56,90,377,6,11,58
5805,-108,55,90,377,5,10,57
5805,-108,44,90,377,4,9,57
5805,-108,41,90,377,5,11,57
5805,-108,70,90,377,4,8,57
5805,-108,46,90,377,3,9,57
5805,-108,44,90,377,5,8,57
5805,-108,41,90,377,4,9,58
5805,-108,44,90,377,4,9,57
5805,-108,38,90,377,4,8,56
5805,-108,54,90,377,3,9,57
5805,-108,60,90,377,5,8,57
5805,-108,42,90,377,5,9,57
5805,-108,50,90,377,4,9,57
5805,-108,45,90,377,4,9,57
5805,-108,67,90,377,4,9,57
5805,-108,46,90,377,5,9,57
5805,-108,56,90,377,5,8,57
5805,-108,27,89,377,4,10,56
5805,-108,69,90,377,3,9,57
5805,-108,48,90,377,5,7,56
5805,-108,47,90,377,4,9,58
5805,-108,59,90,377,3,10,57
5805,-108,61,90,377,4,11,58
5805,-108,50,90,377,5,10,57
5805,-108,49,90,377,4,9,57
5805,-108,53,90,377,3,8,56
5805,-108,38,90,377,4,10,57
5805,-108,48,90,377,4,8,57
5805,-108,47,90,377,5,11,57
5805,-108,59,90,377,5,7,57
5805,-108,55,90,377,6,9,57
5805,-108,60,90,377,5,9,57
5805,-108,51,90,377,4,9,57
5805,-108,33,90,377,4,11,58
5805,-108,35,90,377,6,10,57
5805,-108,37,90,377,6,9,57
5805,-108,45,90,377,5,9,57
5805,-108,35,90,377,3,9,57
5805,-108,37,90,377,4,8,57
5805,-108,38,90,377,5,8,56
5805,-108,37,90,377,5,9,57
5805,-108,31,90,377,4,11,57
5805,-108,42,90,377,4,9,57
5805,-108,43,90,377,4,10,58
5805,-108,37,90,377,5,8,56
5805,-108,40,90,377,5,8,57
5805,-108,45,90,377,6,11,58
5805,-108,31,90,377,4,11,57
5805,-108,49,90,377,4,9,57
5805,-108,59,90,377,4,10,57
5805,-108,34,90,377,5,9,57
5805,-108,44,90,377,3,10,57
5805,-108,49,90,377,5,9,56
5805,-108,39,90,377,6,10,57
5805,-108,50,90,377,4,10,57
5805,-108,44,90,377,4,10,58
5805,-108,61,90,377,4,10,57
5805,-108,50,90,377,4,9,57
5805,-108,40,90,377,5,9,57
5805,-108,42,90,377,4,9,57
5805,-108,30,90,377,4,9,57
5805,-108,62,90,377,5,9,56
5805,-108,44,90,377,4,11,59
5805,-108,56,90,377,4,10,57
5805,-108,51,90,377,4,8,56
5805,-108,35,90,377,5,10,57
5805,-108,51,90,377,3,8,57
5805,-108,50,89,377,6,9,57
5805,-108,62,90,377,3,10,57
5805,-108,43,90,377,5,8,56
5805,-108,42,90,377,5,9,57
5805,-108,55,90,377,3,10,57
5805,-108,28,90,377,5,9,57
5805,-108,43,89,378,7,9,56
5805,-108,48,90,377,4,10,57
5805,-108,51,90,377,5,8,56
5805,-108,65,90,377,4,10,57
5805,-108,45,90,377,5,11,58
5805,-108,58,90,377,5,8,57
5805,-108,52,90,377,5,10,58
5805,-108,57,90,377,4,9,57
5805,-108,61,90,377,5,10,57
5805,-108,39,90,377,6,9,57
5805,-108,61,90,377,3,11,57
5805,-108,46,90,377,4,11,58
5805,-108,51,90,377,4,9,57
5805,-108,60,90,377,4,9,57
5805,-108,64,90,377,4,10,58
5805,-108,27,90,377,5,9,57
5805,-108,45,90,377,3,7,56
5805,-108,56,90,377,5,9,57
5805,-108,38,90,377,5,11,58
5805,-108,54,90,377,4,8,57
5805,-108,43,90,377,4,8,57
5805,-108,49,90,377,4,11,57
5805,-108,46,90,377,5,10,57
5805,-108,38,90,377,4,9,57
5805,-108,42,90,377,4,9,57
5805,-108,46,90,377,4,10,58
5805,-108,34,90,377,4,9,57
5805,-108,39,90,377,5,9,57
5805,-108,48,90,377,5,10,57
5805,-108,44,90,377,4,9,56
5805,-108,42,90,377,4,9,57
5805,-108,39,90,377,6,10,57
5805,-108,42,90,377,6,10,57
5805,-108,46,90,377,4,11,58
5805,-108,38,90,377,4,9,58
5805,-108,57,90,377,5,12,58
5805,-108,68,90,377,5,11,57
5805,-108,53,90,377,4,11,58
5805,-108,53,89,378,5,9,57
5805,-108,43,90,377,3,9,57
5805,-108,35,90,377,4,8,56
5805,-108,46,90,377,5,10,57
5805,-108,45,90,377,5,8,57
5805,-108,40,90,377,4,9,56
5805,-108,35,90,377,4,10,57
5805,-108,31,90,377,5,9,58
5805,-108,50,89,377,4,9,56
5805,-108,51,90,377,4,9,57
5805,-108,55,90,377,5,9,57
5805,-108,54,90,377,5,10,57
5805,-108,50,90,377,4,11,58
5805,-108,51,90,377,4,9,58
5805,-108,43,90,377,4,8,57
5805,-108,75,90,377,6,10,58
5805,-108,43,90,377,3,10,57
5805,-108,37,89,377,5,9,57
5805,-108,44,90,377,4,10,57
5805,-108,64,90,377,4,11,57
5805,-108,47,90,377,5,11,58
5805,-108,58,90,377,3,9,57
5805,-108,38,90,377,5,9,56
5805,-108,57,90,377,4,8,57
5805,-108,51,90,377,4,7,56
5805,-108,26,90,377,3,9,56
5805,-108,40,90,377,5,10,57
5805,-108,50,90,377,5,9,57
5805,-108,53,90,377,4,10,57
5805,-108,43,90,377,5,9,57
5805,-108,51,90,377,4,9,57
5805,-108,45,90,377,4,9,57
5805,-108,43,90,377,4,9,57
5805,-108,53,90,377,4,11,57
5805,-108,51,90,377,6,9,57
5805,-108,44,90,377,4,8,57
5805,-108,51,90,377,3,10,57
5805,-108,45,90,377,5,8,56
5805,-108,41,90,377,5,9,57
5805,-108,47,90,377,5,8,56
5805,-108,40,90,377,4,10,57
5805,-108,50,90,377,4,9,57
5805,-108,59,90,377,4,9,57
5805,-108,55,90,377,4,10,58
5805,-108,45,90,377,4,9,57
5805,-108,36,90,377,5,9,58
5805,-108,42,90,377,4,10,57
5805,-108,31,90,377,4,10,57
5805,-108,56,90,377,3,8,58
5805,-108,42,90,377,4,8,57
5805,-108,39,90,377,4,10,58
5805,-108,37,90,377,4,11,58
5805,-108,31,90,377,5,8,57
5805,-108,41,90,377,4,11,57
5805,-108,70,90,377,6,8,57
5805,-108,45,90,377,4,10,57
5805,-108,51,90,377,3,11,58
5805,-108,35,90,377,5,9,57
5805,-108,50,90,377,5,7,57
5805,-108,49,90,377,4,9,56
5805,-108,33,90,377,4,8,57
5805,-108,38,90,377,5,9,57
5805,-108,41,90,377,4,7,57
5805,-108,40,90,377,4,9,57
5805,-108,51,90,377,3,9,57
5805,-108,37,90,377,4,10,56
5805,-108,54,90,377,3,10,57
5805,-108,59,90,377,6,10,58
5805,-108,41,90,377,3,9,57
5805,-108,45,90,377,4,10,58
5805,-108,59,90,377,5,9,57
5805,-108,35,90,377,4,9,56
5805,-108,50,90,377,3,8,57
5805,-108,34,90,377,5,8,57
5805,-108,45,90,377,4,12,58
5805,-108,54,90,377,5,10,57
5805,-108,40,90,377,4,7,56
5805,-108,37,90,377,4,9,57
5805,-108,47,90,377,5,8,56
5805,-108,55,90,377,4,10,58
5805,-108,42,90,377,5,10,57
5805,-108,43,90,377,6,9,57
5805,-108,47,90,377,4,10,58
5805,-108,46,90,377,3,9,57
5805,-108,73,90,377,4,10,57
5805,-108,51,90,377,5,8,57
5805,-108,55,90,377,5,8,57
5805,-108,45,90,377,4,10,57
5805,-108,35,90,377,4,9,57
5805,-108,36,90,377,4,9,57
5805,-108,49,90,377,4,10,58
5805,-108,47,90,377,4,9,56
5805,-108,48,90,377,5,9,57
5805,-108,44,90,377,5,10,57
5805,-108,51,90,377,4,10,57
5805,-108,43,90,377,3,10,57
5805,-108,39,90,377,4,11,58
5805,-108,35,90,377,5,9,57
5805,-108,41,90,377,4,9,56
5805,-108,37,90,377,3,8,57
5805,-108,50,90,377,4,10,57
5805,-108,37,90,377,5,9,57
5805,-108,44,90,377,3,9,58
5805,-108,50,90,377,4,8,57
5805,-108,42,90,377,4,9,57
5805,-108,43,90,377,4,10,57
5805,-108,45,90,377,5,9,58
5805,-108,48,90,377,4,10,58
5805,-108,29,90,377,4,9,57
5805,-108,49,89,377,6,7,55
5805,-108,62,90,377,4,9,57
5805,-108,55,90,377,5,11,58
5805,-108,53,90,377,2,10,57
5805,-108,56,90,377,5,10,57
5805,-108,41,90,377,4,9,57
5805,-108,64,90,377,5,9,58
5805,-108,38,90,377,4,8,57
5805,-108,45,90,377,4,11,57
5805,-108,46,90,377,4,10,57
5805,-108,51,90,377,3,9,57
5805,-108,46,90,377,4,9,57
5805,-108,52,90,377,5,8,56
5805,-108,58,90,377,5,7,56
5805,-108,53,90,377,4,9,57
5805,-108,50,90,377,4,8,57
5805,-108,49,90,377,5,8,57
5805,-108,38,90,377,3,9,57
5805,-108,44,90,377,4,9,58
5805,-108,54,90,377,3,10,57
5805,-108,60,90,377,4,9,57
5805,-108,37,89,377,5,8,55
5805,-108,53,90,377,4,10,58
5805,-108,61,90,377,4,9,57
5805,-108,49,90,377,4,9,57
5805,-108,54,90,377,4,10,58
5805,-108,44,90,377,4,8,56
5805,-108,45,90,377,5,10,58
5805,-108,55,90,377,3,10,57
5805,-108,48,90,377,5,10,58
5805,-108,56,90,377,3,10,58
5805,-108,52,90,377,3,9,58
5805,-108,65,90,377,4,10,58
5805,-108,38,90,377,5,11,57
5805,-108,64,90,377,4,9,57
5805,-108,51,88,378,6,9,55
5805,-108,51,90,377,3,9,56
5805,-108,40,90,377,5,10,58
5805,-108,44,90,377,5,9,57
5805,-108,55,90,377,4,10,57
5805,-108,50,90,377,5,10,57
5805,-108,44,90,377,4,10,57
5805,-108,43,90,377,3,9,58
5805,-108,46,90,377,4,9,57
5805,-108,47,90,377,5,11,58
5805,-108,38,90,377,4,9,56
5805,-108,50,90,377,4,11,57
5805,-108,59,90,377,4,11,57
5805,-108,60,90,377,4,10,57
5805,-108,41,90,377,5,9,58
5805,-108,48,90,377,4,9,58
5805,-108,49,90,377,4,11,57
5805,-108,53,89,377,5,9,57
5805,-108,56,90,377,4,10,58
5805,-108,57,90,377,4,7,57
5805,-108,63,90,377,4,9,58
5805,-108,42,90,377,5,10,57
5805,-108,58,90,377,3,9,57
5805,-108,50,90,377,3,9,57
5805,-108,44,89,377,5,10,55
5805,-108,30,90,377,5,10,57
5805,-108,42,90,377,5,9,56
5805,-108,32,90,377,4,9,57
5805,-108,38,90,377,6,10,57
5805,-108,45,90,377,6,8,57
5805,-108,50,90,377,4,9,57
5805,-108,56,90,377,3,9,57
5805,-108,57,90,377,4,8,57
5805,-108,44,90,377,5,9,57
5805,-108,46,90,377,5,9,57
5805,-108,62,90,377,5,9,58
5805,-108,35,90,377,5,8,57
5805,-108,47,90,377,5,10,57
5805,-108,51,90,377,4,11,57
5805,-108,35,89,378,5,10,57
5805,-108,51,90,377,4,9,57
5805,-108,41,90,377,4,10,57
5805,-108,46,90,377,5,8,57
5805,-108,40,90,377,5,11,56
5805,-108,37,90,377,5,9,57
5805,-108,66,90,377,4,9,57
5805,-108,48,90,377,4,10,57
5805,-108,45,90,377,4,9,57
5805,-108,40,90,377,5,8,57
5805,-108,57,90,377,5,9,58
5805,-108,35,90,377,5,11,57
5805,-108,53,90,377,4,11,58
5805,-108,60,90,377,5,10,57
5805,-108,40,90,377,5,8,56
5805,-108,45,90,377,5,10,57
5805,-108,31,90,377,3,10,58
5805,-108,39,89,377,5,8,57
5805,-108,37,89,377,6,8,56
5805,-108,46,90,377,4,9,57
5805,-108,64,90,377,4,9,57
5805,-108,49,90,377,4,8,57
5805,-108,47,90,377,4,11,57
5805,-108,49,90,377,4,9,57
5805,-108,46,90,377,3,10,58
5805,-108,58,90,377,5,9,58
5805,-108,38,90,377,6,10,58
5805,-108,41,90,377,5,11,57
5805,-108,53,90,377,4,10,57
5805,-108,50,90,377,4,10,58
5805,-108,37,90,377,5,8,56
5805,-108,50,90,377,5,10,57
5805,-108,49,90,377,4,10,57
5805,-108,41,90,377,4,9,57
5805,-108,50,90,377,4,9,56
5805,-108,68,90,377,5,10,58
5805,-108,53,90,377,4,11,57
5805,-108,48,90,377,4,10,57
5805,-108,44,90,377,5,9,57
5805,-108,36,90,377,5,7,56
5805,-108,56,90,377,2,10,58
5805,-108,44,90,377,4,9,57
5805,-108,45,90,377,5,10,58
5805,-108,53,90,377,4,8,56
5805,-108,41,90,377,5,12,58
5805,-108,39,90,377,4,10,58
5805,-108,49,90,377,6,9,57
5805,-108,52,90,377,3,10,57
5805,-108,34,90,377,4,10,57
5805,-108,65,90,377,3,9,57
5805,-108,44,90,377,4,9,57
5805,-108,41,90,377,5,9,57
5805,-108,42,90,377,5,11,58
5805,-108,52,90,377,4,9,57
5805,-108,51,90,377,4,9,57
5805,-108,62,90,377,4,10,58
5805,-108,62,90,377,5,9,57
5805,-108,48,90,377,4,9,58
5805,-108,58,90,377,4,10,57
5805,-108,75,90,377,4,9,58
5805,-108,28,90,377,3,8,57
5805,-108,68,90,377,3,8,57
5805,-108,41,90,377,5,10,57
5805,-108,49,90,377,5,11,58
5805,-108,50,90,377,4,8,56
5805,-108,56,90,377,5,8,57
5805,-108,48,90,377,4,9,58
5805,-108,50,90,377,5,10,58
5805,-108,41,90,377,3,9,57
5805,-108,47,90,377,5,8,57
5805,-108,56,90,377,4,9,56
5805,-108,39,90,377,4,9,57
5805,-108,64,90,377,4,10,57
5805,-108,58,90,377,4,8,57
5805,-108,52,90,377,5,6,56
5805,-108,39,90,377,4,8,56
5805,-108,45,90,377,4,11,58
5805,-108,35,90,377,5,9,56
5805,-108,57,90,377,5,9,57
5805,-108,64,90,377,5,8,58
5805,-108,59,90,377,6,10,57
5805,-108,47,90,377,5,7,56
5805,-108,53,90,377,4,11,57
5805,-108,56,90,377,4,11,58
5805,-108,48,90,377,4,11,58
5805,-108,53,90,377,5,10,58
5805,-108,48,90,377,3,10,57
5805,-108,47,90,377,3,11,58
5805,-108,62,90,377,6,9,57
5805,-108,39,90,377,4,9,57
5805,-108,49,89,377,5,9,57
5805,-108,45,90,377,3,11,57
5805,-108,43,90,377,5,8,56
5805,-108,61,90,377,5,11,57
5805,-108,49,90,377,5,12,58
5805,-108,52,90,377,4,9,57
5805,-108,40,90,377,4,11,58
5805,-108,67,89,378,4,9,56
5805,-108,31,90,377,5,9,57
5805,-108,67,90,377,4,10,58
5805,-108,56,90,377,5,10,57
5805,-108,29,89,377,5,8,56
5805,-108,57,90,377,5,10,58
5805,-108,33,90,377,5,9,57
5805,-108,43,90,377,4,9,57
5805,-108,60,90,377,4,9,56
5805,-108,56,90,377,5,8,56
5805,-108,50,90,377,3,8,58
5805,-108,33,90,377,4,11,57
5805,-108,50,89,378,6,10,56
5805,-108,41,89,377,6,9,56
5805,-108,54,90,377,3,9,58
5805,-108,56,90,377,5,9,57
5805,-108,49,90,377,4,11,57
5805,-108,58,90,377,4,10,57
5805,-108,65,90,377,5,8,57
5805,-108,46,90,377,4,8,57
5805,-108,44,90,377,4,10,58
5805,-108,75,90,377,3,8,57
5805,-108,41,90,377,5,9,57
5805,-108,56,90,377,5,11,58
5805,-108,31,90,377,4,10,57
5805,-108,56,90,377,4,10,57
5805,-108,37,90,377,3,9,57
5805,-108,41,90,377,3,8,57
5805,-108,48,90,377,3,9,57
5805,-108,64,90,377,4,10,58
5805,-108,52,90,377,6,10,58
5805,-108,49,90,377,5,10,57
5805,-108,55,90,377,5,10,58
5805,-108,43,90,377,3,9,57
5805,-108,40,90,377,5,9,57
5805,-108,51,90,377,5,9,57
5805,-108,55,90,377,4,11,58
5805,-108,38,90,377,5,10,58
5805,-108,46,90,377,5,8,57
5805,-108,64,90,377,5,10,58
5805,-108,57,90,377,6,10,58
5805,-108,39,90,377,4,9,57
5805,-108,43,90,377,5,6,55
5805,-108,50,90,377,5,10,58
5805,-108,37,90,377,5,8,56
5805,-108,61,90,377,5,10,58
5805,-108,33,90,377,5,9,57
5805,-108,46,90,377,4,11,57
5805,-108,41,90,377,5,8,57
5805,-108,52,89,377,5,9,56
5805,-108,44,90,377,3,10,57
5805,-108,54,90,377,4,11,57
5805,-108,51,90,377,4,11,58
5805,-108,51,90,377,4,10,58
5805,-108,59,90,377,4,9,57
5805,-108,66,90,377,4,9,58
5805,-108,69,90,377,6,9,58
5805,-108,59,90,377,3,9,57
5805,-108,49,90,377,4,10,58
5805,-108,45,90,377,4,11,58
5805,-108,54,90,377,4,10,58
5805,-108,46,90,377,3,10,58
5805,-108,47,90,377,5,8,56
5805,-108,40,90,377,3,9,57
5805,-108,37,90,377,3,9,57
5805,-108,60,90,377,4,9,57
5805,-108,36,90,377,5,9,57
5805,-108,48,90,377,4,10,58
5805,-108,63,90,377,3,8,56
5805,-108,52,90,377,3,9,58
5805,-108,44,90,377,5,10,58
5805,-108,45,90,377,6,10,57
5805,-108,68,90,377,5,10,58
5805,-108,39,90,377,4,9,57
5805,-108,57,90,377,5,9,58
5805,-108,50,90,377,4,9,57
5805,-108,45,90,377,4,8,57
5805,-108,34,90,377,4,7,56
5805,-108,42,90,377,5,10,57
5805,-108,58,90,377,4,10,57
5805,-108,52,90,377,5,10,56
5805,-108,46,90,377,4,11,57
5805,-108,64,90,377,3,9,57
5805,-108,51,90,377,5,8,56
5805,-108,37,90,377,6,10,57
5805,-108,39,90,377,5,12,58
5805,-108,42,90,377,5,8,57
5805,-108,51,90,377,5,10,58
5805,-108,48,90,377,4,10,58
5805,-108,32,90,377,3,10,57
5805,-108,56,90,377,3,9,57
5805,-108,46,90,377,5,10,57
5805,-108,37,90,377,4,9,57
5805,-108,52,90,377,3,11,59
5805,-108,63,90,377,4,10,57
5805,-108,31,90,377,4,9,56
5805,-108,49,90,377,5,9,57
5805,-108,48,90,377,4,9,57
5805,-108,42,90,377,5,10,58
5805,-108,43,90,377,3,13,58
5805,-108,68,90,377,5,9,57
5805,-108,35,90,377,4,9,57
5805,-108,43,90,377,4,9,57
5805,-108,51,90,377,4,10,58
5805,-108,39,90,377,4,8,55
5805,-108,42,90,377,4,9,57
5805,-108,54,90,377,5,11,57
5805,-108,57,90,377,4,8,57
5805,-108,53,90,377,5,10,58
5805,-108,42,89,377,5,9,56
5805,-108,50,90,377,4,8,57
5805,-108,46,90,377,5,11,58
5805,-108,41,90,377,5,8,57
5805,-108,38,90,377,4,11,58
5805,-108,36,90,377,4,11,57
5805,-108,55,90,377,4,9,57
5805,-108,47,90,377,5,10,57
5805,-108,60,89,377,5,9,57
5805,-108,51,90,377,3,8,57
5805,-108,43,90,377,5,8,57
5805,-108,47,90,377,4,9,57
5805,-108,46,90,377,4,9,57
5805,-108,34,90,377,5,9,57
5805,-108,71,90,377,6,9,58
5805,-108,35,90,377,3,9,57
5805,-108,49,90,377,4,9,57
5805,-108,30,90,377,4,9,57
5805,-108,43,90,377,4,9,56
5805,-108,58,90,377,5,8,57
5805,-108,60,90,377,5,11,58
5805,-108,49,90,377,5,11,58
5805,-108,43,90,377,4,10,57
5805,-108,66,90,377,5,8,57
5805,-108,34,90,377,4,8,57
5805,-108,38,90,377,5,8,57
5805,-108,45,90,377,4,9,58
5805,-108,49,90,377,6,9,57
5805,-108,40,90,377,4,10,57
5805,-108,59,90,377,4,10,58
5805,-108,52,90,377,6,10,57
5805,-108,64,90,377,3,9,58
5805,-108,36,90,377,3,10,57
5805,-108,53,90,377,3,9,56
5805,-108,56,90,377,5,8,57
5805,-108,50,90,377,5,9,57
5805,-108,60,90,377,5,9,57
5805,-108,59,90,377,4,10,57
5805,-108,43,90,377,4,8,57
5805,-108,46,90,377,5,6,57
5805,-108,32,90,377,5,9,57
5805,-108,49,90,377,4,9,57
5805,-108,41,90,377,4,10,58
5805,-108,46,90,377,5,10,58
5805,-108,57,90,377,5,8,56
5805,-108,44,90,377,4,11,57
5805,-108,38,90,377,4,8,57
5805,-108,47,90,377,3,8,57
5805,-108,52,90,377,4,11,58
5805,-108,61,90,377,5,10,58
5805,-108,52,90,377,5,9,57
5805,-108,47,90,377,3,8,56
5805,-108,61,90,377,4,10,57
5805,-108,43,90,377,4,8,57
5805,-108,52,90,377,5,10,58
5805,-108,36,90,377,4,10,57
5805,-108,54,90,377,5,10,58
5805,-108,45,90,377,2,10,58
5805,-108,67,90,377,4,8,57
5805,-108,39,90,377,3,8,57
5805,-108,32,90,377,4,10,57
5805,-108,30,90,377,4,9,57
5805,-108,46,90,377,4,9,57
5805,-108,41,90,377,4,9,57
5805,-108,48,90,377,4,10,58
5805,-108,37,90,377,4,9,57
5805,-108,40,90,377,4,10,57
5805,-108,39,90,377,4,9,58
5805,-108,34,90,377,4,9,56
5805,-108,58,90,377,2,7,57
5805,-108,48,90,377,3,10,56
5805,-108,47,90,377,4,10,57
5805,-108,52,90,377,5,8,57
5805,-108,43,90,377,5,9,57
5805,-108,31,90,377,5,11,58
5805,-108,53,90,377,4,10,57
5805,-108,38,90,377,4,8,56
5805,-108,51,90,377,4,9,58
5805,-108,42,90,377,5,9,57
5805,-108,57,90,377,4,8,57
5805,-108,64,90,377,5,8,58
5805,-108,54,90,377,4,10,57
5805,-108,53,90,377,5,7,57
5805,-108,52,90,377,6,10,58
5805,-108,55,90,377,4,9,58
5805,-108,53,90,377,5,9,58
5805,-108,51,90,377,5,11,58
5805,-108,43,89,377,5,9,55
5805,-108,44,90,377,5,9,57
5805,-108,46,90,377,4,12,58
5805,-108,51,90,377,5,9,57
5805,-108,38,90,377,3,8,57
5805,-108,44,90,377,2,11,57
5805,-108,47,90,377,5,9,57
5805,-108,49,90,377,3,10,58
5805,-108,45,90,377,2,11,57
5805,-108,34,89,377,5,8,55
5805,-108,45,90,377,3,11,58
5805,-108,50,89,378,5,10,57
5805,-108,39,90,377,5,9,57
5805,-108,51,90,377,5,10,57
5805,-108,70,90,377,4,10,58
5805,-108,56,90,377,4,7,56
5805,-108,57,90,377,3,8,57
5805,-108,74,90,377,4,7,57
5805,-108,55,90,377,3,11,57
5805,-108,60,90,377,3,10,58
5805,-108,47,90,377,5,9,57
5805,-108,56,90,377,5,11,58
5805,-108,32,90,377,5,9,57
5805,-108,32,90,377,5,9,57
5805,-108,61,90,377,5,9,58
5805,-108,56,90,377,5,11,58
5805,-108,56,90,377,4,9,57
5805,-108,54,90,377,4,11,58
5805,-108,50,90,377,5,7,57
5805,-108,45,90,377,5,9,57
5805,-108,52,90,377,4,10,58
5805,-108,66,90,377,3,9,57
5805,-108,55,90,377,4,10,58
5805,-108,54,89,378,7,10,57
5805,-108,48,90,377,4,10,57
5805,-108,55,90,377,4,8,57
5805,-108,32,90,377,5,8,57
5805,-108,38,90,377,6,11,57
5805,-108,53,90,377,3,9,57
5805,-108,51,90,377,4,11,58
5805,-108,47,90,377,5,9,58
5805,-108,56,90,377,5,11,57
5805,-108,54,90,377,4,9,57
5805,-108,55,90,377,4,8,57
5805,-108,53,90,377,5,9,58
5805,-108,46,90,377,3,8,57
5805,-108,52,90,377,4,11,57
5805,-108,53,90,377,4,10,57
5805,-108,61,90,377,4,9,57
5805,-108,68,90,377,5,8,57
5805,-108,63,90,377,4,10,57
5805,-108,41,90,377,4,12,57
5805,-108,49,90,377,4,9,57
5805,-108,52,90,377,3,10,57
5805,-108,32,90,377,4,10,56
5805,-108,39,90,377,4,9,57
5805,-108,45,90,377,5,11,58
5805,-108,67,90,377,3,11,57
5805,-108,49,90,377,4,9,57
5805,-108,39,90,377,4,8,57
5805,-108,61,90,377,4,11,58
5805,-108,65,90,377,5,11,58
5805,-108,40,90,377,5,9,57
5805,-108,55,90,377,4,8,56
5805,-108,40,90,377,5,10,57
5805,-108,46,90,377,4,9,57
5805,-108,56,90,377,3,11,58
5805,-108,38,90,377,4,9,57
5805,-108,48,90,377,5,8,57
5805,-108,41,90,377,3,9,56
5805,-108,68,90,377,4,10,58
5805,-108,44,90,377,4,10,57
5805,-108,46,90,377,5,10,57
5805,-108,53,90,377,6,10,57
5805,-108,43,90,377,4,8,56
5805,-108,42,90,377,5,10,57
5805,-108,64,90,377,4,8,57
5805,-108,50,90,377,3,11,57
5805,-108,52,90,377,2,9,57
5805,-108,68,90,377,4,10,59
5805,-108,47,90,377,5,10,57
5805,-108,38,90,377,5,8,56
5805,-108,43,90,377,4,8,56
5805,-108,52,90,377,4,11,58
5805,-108,62,90,377,4,9,57
5805,-108,76,90,377,6,11,58
5805,-108,31,90,377,5,11,57
5805,-108,44,90,377,5,9,57
5805,-108,40,90,377,5,10,57
5805,-108,29,90,377,4,8,56
5805,-108,43,90,377,5,10,58
5805,-108,47,90,377,5,9,57
5805,-108,47,90,377,4,10,58
5805,-108,49,90,377,5,13,58
5805,-108,49,90,377,5,11,58
5805,-108,55,90,377,3,9,57
5805,-108,54,90,377,5,10,58
5805,-108,61,90,377,5,10,58
5805,-108,63,90,377,4,11,58
5805,-108,32,90,377,5,9,57
5805,-108,51,90,377,4,9,57
5805,-108,57,90,377,5,10,58
5805,-108,48,90,377,4,8,57
5805,-108,44,90,377,5,10,57
5805,-108,42,90,377,4,10,58
5805,-108,46,90,377,5,8,57
5805,-108,51,90,377,4,8,57
5805,-108,61,90,377,5,9,58
5805,-108,51,90,377,3,9,57
5805,-108,38,90,377,5,9,57
5805,-108,52,90,377,4,10,58
5805,-108,69,90,377,5,9,57
5805,-108,57,90,377,4,10,58
5805,-108,40,90,377,5,9,57
5805,-108,32,90,377,4,9,57
5805,-108,47,90,377,5,11,57
5805,-108,54,90,377,4,10,58
5805,-108,43,89,377,5,9,57
5805,-108,36,90,377,4,11,57
5805,-108,53,90,377,4,8,57
5805,-108,54,90,377,5,10,57
5805,-108,55,90,377,5,10,58
5805,-108,55,90,377,5,9,57
5805,-108,64,90,377,5,11,58
5805,-108,48,90,377,4,9,57
5805,-108,48,90,377,4,10,58
5805,-108,62,90,377,4,10,57
5805,-108,49,90,377,5,10,58
5805,-108,51,90,377,5,10,57
5805,-108,38,90,377,4,8,57
5805,-108,46,90,377,4,9,57
5805,-108,52,90,377,5,9,57
5805,-108,51,90,377,6,11,58
5805,-108,34,90,377,6,9,56
5805,-108,53,90,377,3,10,57
5805,-108,57,90,377,4,9,56
5805,-108,67,90,377,5,8,56
5805,-108,59,90,377,5,8,57
5805,-108,60,90,377,4,10,58
5805,-108,54,90,377,4,9,57
5805,-108,42,90,377,5,11,57
5805,-108,56,90,377,4,10,57
5805,-108,54,89,378,5,10,57
5805,-108,60,90,377,3,10,57
5805,-108,55,90,377,5,10,57
5805,-108,49,90,377,4,9,57
5805,-108,36,89,377,4,8,56
5805,-108,34,90,377,5,10,57
5805,-108,54,90,377,5,9,57
5805,-108,45,90,377,5,9,57
5805,-108,47,90,377,4,10,58
5805,-108,43,90,377,4,10,57
5805,-108,42,90,377,5,8,57
5805,-108,49,90,377,4,9,57
5805,-108,48,90,377,4,9,57
5805,-108,61,90,377,5,10,57
5805,-108,45,90,377,3,8,57
5805,-108,67,90,377,3,9,57
5805,-108,41,90,377,4,9,57
5805,-108,54,90,377,4,10,58
5805,-108,46,90,377,5,10,58
5805,-108,55,90,377,4,10,57
5805,-108,44,90,377,5,9,58
5805,-108,60,90,377,4,10,58
5805,-108,37,90,377,4,9,57
5805,-108,53,90,377,4,10,58
5805,-108,67,90,377,6,9,57
5805,-108,48,90,377,4,9,57
5805,-108,36,90,377,4,11,57
5805,-108,37,90,377,5,9,57
5805,-108,44,90,377,5,9,57
5805,-108,45,89,377,6,8,56
5805,-108,51,90,377,4,9,57
5805,-108,50,89,378,5,10,57
5805,-108,56,90,377,5,8,57
5805,-108,66,90,377,4,11,58
5805,-108,50,90,377,4,9,57
5805,-108,52,90,377,4,10,57
5805,-108,50,90,377,4,9,58
5805,-108,49,90,377,5,11,57
5805,-108,56,90,377,3,9,57
5805,-108,49,90,377,4,9,57
5805,-108,37,90,377,4,10,57
5805,-108,50,90,377,4,10,58
5805,-108,53,90,377,5,10,57
5805,-108,44,90,377,4,10,58
5805,-108,73,90,377,3,9,57
5805,-108,53,90,377,3,10,58
5805,-108,35,90,377,4,11,57
5805,-108,52,90,377,5,10,57
5805,-108,36,90,377,3,9,57
5805,-108,63,90,377,4,9,57
5805,-108,37,90,377,4,8,56
5805,-108,60,90,377,4,9,57
5805,-108,52,90,377,4,9,57
5805,-108,66,90,377,5,9,57
5805,-108,38,90,377,5,9,58
5805,-108,47,90,377,3,9,57
5805,-108,56,90,377,4,11,58
5805,-108,53,90,377,6,8,57
5805,-108,59,90,377,5,9,58
5805,-108,53,90,377,5,10,57
5805,-108,43,89,377,5,9,56
5805,-108,37,90,377,5,9,56
5805,-108,42,90,377,4,10,57
5805,-108,49,90,377,4,8,56
5805,-108,37,90,377,3,10,57
5805,-108,46,90,377,5,9,57
5805,-108,42,90,377,6,10,58
5805,-108,35,90,377,5,10,57
5805,-108,52,90,377,4,11,57
5805,-108,55,90,377,5,10,58
5805,-108,39,90,377,4,10,56
5805,-108,29,90,377,5,9,57
5805,-108,56,90,377,5,9,57
5805,-108,68,90,377,6,10,58
5805,-108,54,90,377,3,11,58
5805,-108,48,90,377,4,9,58
5805,-108,53,90,377,4,9,57
5805,-108,38,89,378,7,9,55
5805,-108,41,90,377,4,9,57
5805,-108,70,90,377,5,10,58
5805,-108,45,90,377,4,9,57
5805,-108,54,89,377,5,11,58
5805,-108,40,90,377,3,7,56
5805,-108,48,89,377,5,11,57
5805,-108,48,90,377,4,10,58
5805,-108,39,90,377,5,10,57
5805,-108,46,90,377,4,8,57
5805,-108,49,90,377,5,11,57
5805,-108,57,90,377,4,10,57
5805,-108,41,90,377,4,11,57
5805,-108,44,90,377,4,9,56
5805,-108,60,90,377,6,9,57
5805,-108,48,90,377,6,10,58
5805,-108,45,90,377,4,8,57
5805,-108,51,90,377,5,9,57
5805,-108,42,90,377,3,10,57
5805,-108,48,90,377,6,8,57
5805,-108,52,90,377,3,11,57
5805,-108,44,90,377,5,9,57
5805,-108,61,90,377,4,10,58
5805,-108,56,90,377,4,11,57
5805,-108,52,90,377,6,10,57
5805,-108,51,90,377,4,11,57
5805,-108,53,90,377,4,11,58
5805,-108,52,90,377,5,9,58
5805,-108,42,90,377,4,8,56
5805,-108,40,90,377,3,10,58
5805,-108,38,90,377,5,10,57
5805,-108,51,90,377,5,11,58
5805,-108,40,90,377,4,8,57
5805,-108,34,90,377,5,10,57
5805,-108,43,90,377,4,8,57
5805,-108,38,90,377,3,8,56
5805,-108,54,90,377,3,9,57
5805,-108,52,90,377,4,10,58
5805,-108,42,90,377,4,9,57
5805,-108,47,90,377,4,10,57
5805,-108,61,90,377,4,11,58
5805,-108,47,90,377,6,7,56
5805,-108,47,90,377,5,8,56
5805,-108,61,90,377,5,10,57
5805,-108,50,90,377,5,10,57
5805,-108,41,89,377,4,8,56
5805,-108,76,90,377,4,11,59
5805,-108,46,90,377,3,9,56
5805,-108,55,90,377,4,10,57
5805,-108,37,90,377,4,11,57
5805,-108,43,90,377,5,10,57
5805,-108,53,90,377,5,10,57
5805,-108,48,90,377,5,12,59
5805,-108,44,90,377,3,10,57
5805,-108,60,90,377,4,9,57
5805,-108,61,90,377,4,9,57
5805,-108,37,90,377,5,11,57
5805,-108,58,90,377,6,9,57
5805,-108,38,90,377,4,10,58
5805,-108,58,90,377,3,9,57
5805,-108,51,90,377,4,10,58
5805,-108,39,90,377,4,12,58
5805,-108,55,90,377,4,11,58
5805,-108,30,90,377,4,10,57
5805,-108,41,90,377,4,7,56
5805,-108,45,90,377,4,10,57
5805,-108,33,89,377,4,9,57
5805,-108,33,90,377,4,11,58
5805,-108,33,90,377,4,10,57
5805,-108,51,90,377,4,10,57
5805,-108,52,89,377,5,10,57
5805,-108,48,90,377,5,10,57
5805,-108,55,90,377,4,10,58
5805,-108,43,90,377,3,9,57
5805,-108,43,90,377,4,9,57
5805,-108,56,90,377,4,10,57
5805,-108,35,90,377,4,8,56
5805,-108,38,90,377,4,7,56
5805,-108,54,90,377,4,9,58
5805,-108,39,90,377,4,12,58
5805,-108,39,90,377,6,10,57
5805,-108,49,90,377,4,9,57
5805,-108,34,90,377,5,8,56
5805,-108,48,90,377,5,7,56
5805,-108,42,89,377,5,9,57
5805,-108,35,90,377,4,10,57
5805,-108,42,90,377,5,10,57
5805,-108,46,90,377,5,9,58
5805,-108,42,90,377,5,10,58
5805,-108,46,90,377,4,11,57
5805,-108,41,90,377,5,9,57
5805,-108,45,90,377,5,10,57
5805,-108,62,90,377,6,9,57
5805,-108,48,90,377,5,10,58
5805,-108,30,90,377,3,11,58
5805,-108,57,90,377,4,9,57
5805,-108,66,90,377,5,11,57
5805,-108,56,90,377,4,9,57
5805,-108,54,90,377,4,9,57
5805,-108,37,90,377,3,9,57
5805,-108,80,90,377,5,10,56
5805,-108,59,90,377,5,9,58
5805,-108,53,90,377,5,9,57
5805,-108,33,90,377,4,9,57
5805,-108,40,90,377,4,9,56
5805,-108,50,90,377,4,9,57
5805,-108,39,90,377,4,10,58
5805,-108,50,90,377,5,8,56
5805,-108,43,90,377,5,9,57
5805,-108,69,90,377,4,11,58
5805,-108,56,90,377,5,11,57
5805,-108,57,90,377,4,9,57
5805,-108,56,90,377,4,10,58
5805,-108,46,90,377,4,9,57
5805,-108,65,90,377,4,10,57
5805,-108,50,90,377,4,9,58
5805,-108,58,90,377,3,9,57
5805,-108,32,90,377,4,10,58
5805,-108,48,90,377,4,9,57
5805,-108,40,90,377,4,8,56
5805,-108,52,90,377,3,9,57
5805,-108,48,90,377,5,10,58
5805,-108,52,90,377,3,11,58
5805,-108,45,90,377,5,9,57
5805,-108,37,90,377,3,10,57
5805,-108,42,89,378,5,9,56
5805,-108,45,90,377,4,9,57
5805,-108,43,90,377,5,8,56
5805,-108,43,90,377,4,8,57
5805,-108,64,90,377,4,9,57
5805,-108,58,90,377,4,10,57
5805,-108,62,90,377,4,10,58
5805,-108,59,90,377,5,11,57
5805,-108,40,90,377,4,9,58
5805,-108,54,90,377,5,10,57
5805,-108,47,90,377,5,10,57
5805,-108,45,90,377,4,9,57
5805,-108,61,90,377,4,10,58
5805,-108,37,90,377,5,9,57
5805,-108,43,90,377,5,10,57
5805,-108,46,90,377,3,11,57
5805,-108,46,90,377,6,11,57
5805,-108,47,90,377,4,9,57
5805,-108,36,90,377,4,10,57
5805,-108,57,90,377,4,7,57
5805,-108,52,90,377,5,11,57
5805,-108,45,90,377,6,9,57
5805,-108,62,90,377,4,8,57
5805,-108,31,90,377,4,9,57
5805,-108,39,90,377,4,11,57
5805,-108,55,90,377,5,10,57
5805,-108,55,90,377,4,10,56
5805,-108,45,90,377,3,8,56
5805,-108,47,90,377,4,9,57
5805,-108,26,90,377,6,10,56
5805,-108,38,90,377,5,8,56
5805,-108,67,90,377,5,11,58
5805,-108,37,90,377,5,10,57
5805,-108,44,90,377,3,8,57
5805,-108,62,90,377,5,10,59
5805,-108,40,90,377,4,8,57
5805,-108,48,90,377,5,10,57
5805,-108,56,90,377,6,8,58
5805,-108,64,90,377,5,11,57
5805,-108,33,90,377,3,9,57
5805,-108,55,90,377,4,10,58
5805,-108,45,90,377,4,9,57
5805,-108,36,90,377,3,11,57
5805,-108,51,90,377,5,9,57
5805,-108,37,90,377,5,10,57
5805,-108,51,90,377,3,9,57
5805,-108,59,90,377,4,9,57
5805,-108,53,90,377,5,8,57
5805,-108,41,90,377,4,9,57
5805,-108,44,90,377,4,10,57
5805,-108,50,90,377,4,10,57
5805,-108,48,90,377,4,8,57
5805,-108,58,90,377,5,7,57
5805,-108,51,90,377,4,9,57
5805,-108,61,90,377,5,11,58
5805,-108,56,90,377,4,10,58
5805,-108,39,90,377,3,10,58
5805,-108,46,90,377,5,9,57
5805,-108,56,90,377,3,9,57
5805,-108,41,90,377,5,9,57
5805,-108,50,90,377,5,8,56
5805,-108,47,90,377,4,8,57
5805,-108,47,89,377,5,10,57
5805,-108,31,90,377,3,9,57
5805,-108,35,90,377,5,10,57
5805,-108,72,90,377,3,11,58
5805,-108,46,90,377,4,9,57
5805,-108,34,90,377,4,10,57
5805,-108,64,89,378,6,9,55
5805,-108,44,90,377,4,7,56
5805,-108,58,90,377,5,10,57
5805,-108,49,90,377,4,10,57
5805,-108,55,89,377,5,11,58
5805,-108,52,90,377,5,9,58
5805,-108,58,90,377,6,9,57
5805,-108,43,90,377,4,8,57
5805,-108,66,90,377,6,10,58
5805,-108,58,90,377,5,10,57
5805,-108,39,90,377,4,9,58
5805,-108,48,90,377,3,10,58
5805,-108,46,90,377,5,9,57
5805,-108,50,90,377,4,9,57
5805,-108,41,90,377,4,10,58
5805,-108,64,90,377,4,10,57
5805,-108,47,90,377,5,9,57
5805,-108,50,90,377,5,10,57
5805,-108,55,90,377,4,10,57
5805,-108,36,90,377,4,12,57
5805,-108,52,90,377,4,9,57
5805,-108,57,90,377,4,10,57
5805,-108,55,90,377,5,7,56
5805,-108,28,90,377,4,9,57
5805,-108,46,90,377,6,9,57
5805,-108,61,90,377,5,11,57
5805,-108,43,90,377,6,11,58
5805,-108,50,90,377,4,9,57
5805,-108,38,90,377,5,11,58
5805,-108,42,90,377,5,10,57
5805,-108,41,90,377,3,8,57
5805,-108,43,90,377,3,9,57
5805,-108,68,90,377,5,10,58
5805,-108,33,90,377,5,11,58
5805,-108,53,90,377,5,11,58
5805,-108,55,90,377,4,9,57
5805,-108,54,90,377,4,9,57
5805,-108,63,90,377,5,10,58
5805,-108,58,90,377,5,9,57
5805,-108,70,90,377,3,10,57
5805,-108,28,90,377,5,11,57
5805,-108,48,90,377,4,9,57
5805,-108,61,90,377,3,9,57
5805,-108,51,90,377,5,12,58
5805,-108,49,90,377,4,9,57
5805,-108,39,90,377,5,8,57
5805,-108,46,90,377,5,9,57
5805,-108,71,90,377,3,11,57
5805,-108,42,90,377,5,9,57
5805,-108,46,90,377,4,7,57
5805,-108,52,90,377,4,10,57
5805,-108,46,90,377,5,9,57
5805,-108,31,90,377,5,10,57
5805,-108,63,90,377,6,10,58
5805,-108,48,90,377,6,11,58
5805,-108,55,90,377,4,8,56
5805,-108,48,90,377,3,9,58
5805,-108,54,90,377,6,10,57
5805,-108,53,90,377,4,9,57
5805,-108,53,90,377,5,11,57
5805,-108,66,90,377,6,9,57
5805,-108,68,90,377,4,9,57
5805,-108,53,90,377,3,10,58
5805,-108,53,89,378,5,10,55
5805,-108,49,90,377,4,9,57
5805,-108,42,89,378,4,8,55
5805,-108,60,90,377,5,12,58
5805,-108,52,90,377,4,9,57
5805,-108,38,89,377,5,11,57
5805,-108,47,90,377,3,10,57
5805,-108,46,90,377,4,9,57
5805,-108,54,90,377,4,9,57
5805,-108,49,89,377,5,10,57
5805,-108,42,90,377,4,9,57
5805,-108,59,90,377,3,9,57
5805,-108,39,90,377,4,9,57
5805,-108,51,90,377,6,10,58
5805,-108,44,89,377,4,8,55
5805,-108,31,90,377,4,10,57
5805,-108,67,90,377,5,9,57
5805,-108,44,90,377,3,10,58
5805,-108,67,90,377,3,10,57
5805,-108,49,90,377,4,9,58
5805,-108,34,90,377,5,11,57
5805,-108,38,90,377,3,9,57
5805,-108,39,90,377,4,9,57
5805,-108,50,90,377,4,9,57
5805,-108,57,90,377,4,11,58
5805,-108,46,90,377,4,8,57
5805,-108,30,90,377,3,8,56
5805,-108,44,90,377,4,11,58
5805,-108,61,90,377,3,9,57
5805,-108,58,90,377,5,9,57
5805,-108,46,90,377,3,10,58
5805,-108,48,90,377,5,10,57
5805,-108,38,90,377,5,10,57
5805,-108,53,90,377,4,9,57
5805,-108,45,90,377,4,10,57
5805,-108,39,90,377,3,9,57
5805,-108,56,90,377,5,10,58
5805,-108,43,90,377,4,9,57
5805,-108,66,90,377,5,9,58
5805,-108,51,90,377,4,8,57
5805,-108,44,90,377,5,9,56
5805,-108,55,90,377,4,10,57
5805,-108,44,90,377,3,10,58
5805,-108,52,90,377,4,9,57
5805,-108,68,90,377,4,9,57
5805,-108,46,90,377,5,9,57
5805,-108,54,90,377,4,9,58
5805,-108,54,90,377,3,10,57
5805,-108,47,90,377,5,9,58
5805,-108,48,90,377,3,9,57
5805,-108,52,90,377,5,10,57
5805,-108,53,90,377,4,9,56
5805,-108,68,90,377,4,9,57
5805,-108,46,90,377,5,10,57
5805,-108,54,90,377,3,7,57
5805,-108,38,90,377,3,10,58
5805,-108,66,90,377,4,9,58
5805,-108,52,90,377,6,10,57
5805,-108,50,90,377,5,10,58
5805,-108,41,90,377,5,10,57
5805,-108,36,90,377,5,9,57
5805,-108,48,90,377,4,10,57
5805,-108,61,90,377,4,9,57
5805,-108,51,90,377,5,10,58
5805,-108,41,90,377,5,6,57
5805,-108,60,90,377,5,9,57
5805,-108,56,90,377,5,9,57
5805,-108,42,90,377,5,9,57
5805,-108,50,90,377,4,10,58
5805,-108,79,90,377,5,10,57
5805,-108,37,90,377,4,9,57
5805,-108,33,90,377,5,10,57
5805,-108,53,90,377,4,8,57
5805,-108,44,90,377,4,10,57
5805,-108,52,89,378,5,9,55
5805,-108,51,90,377,5,9,58
5805,-108,48,90,377,5,9,57
5805,-108,39,90,377,6,8,56
5805,-108,42,90,377,4,10,58
5805,-108,46,90,377,4,9,57
5805,-108,44,90,377,4,9,58
5805,-108,51,90,377,5,10,57
5805,-108,68,90,377,3,9,57
5805,-108,45,90,377,4,12,58
5805,-108,37,89,377,5,8,56
5805,-108,47,90,377,5,8,56
5805,-108,37,90,377,4,7,57
5805,-108,39,90,377,5,11,58
5805,-108,46,90,377,3,10,57
5805,-108,46,90,377,5,10,58
5805,-108,52,90,377,4,9,57
5805,-108,73,90,377,5,9,57
5805,-108,44,90,377,4,10,57
5805,-108,61,90,377,4,11,57
5805,-108,40,89,377,6,10,57
5805,-108,42,90,377,4,10,57
5805,-108,71,90,377,5,9,57
5805,-108,40,90,377,5,10,57
5805,-108,47,90,377,4,9,57
5805,-108,63,90,377,4,10,57
5805,-108,60,90,377,6,9,57
5805,-108,55,90,377,3,10,57
5805,-108,34,90,377,5,8,56
5805,-108,52,90,377,4,8,57
5805,-108,44,90,377,3,9,56
5805,-108,52,90,377,4,10,57
5805,-108,29,90,377,5,10,57
5805,-108,37,90,377,3,10,57
5805,-108,39,90,377,4,9,57
5805,-108,33,90,377,4,8,57
5805,-108,51,90,377,4,8,58
5805,-108,55,90,377,3,9,57
5805,-108,61,90,377,4,11,58
5805,-108,43,90,377,4,9,57
5805,-108,47,90,377,5,8,57
5805,-108,46,90,377,3,10,57
5805,-108,55,90,377,3,9,57
5805,-108,42,90,377,4,8,57
5805,-108,62,90,377,4,9,57
5805,-108,40,90,377,5,7,56
5805,-108,59,90,377,4,9,57
5805,-108,40,90,377,5,10,57
5805,-108,64,90,377,4,10,57
5805,-108,55,90,377,4,9,57
5805,-108,53,90,377,3,9,57
5805,-108,36,90,377,5,8,57
5805,-108,45,90,377,3,11,57
5805,-108,43,90,377,5,9,57
5805,-108,40,90,377,5,9,57
5805,-108,36,90,377,3,8,55
5805,-108,52,90,377,4,9,57
5805,-108,50,90,377,4,10,58
5805,-108,59,90,377,5,9,57
5805,-108,58,90,377,4,9,57
5805,-108,64,90,377,5,10,58
5805,-108,42,90,377,4,7,56
5805,-108,51,90,377,6,9,57
5805,-108,44,90,377,3,9,57
5200,-104,63,85,377,4,9,58
5200,-104,80,87,376,5,9,59
5200,-104,73,88,375,5,9,60
5200,-104,56,87,376,5,9,58
5200,-104,89,88,375,5,9,59
5200,-104,70,88,374,4,10,60
5200,-104,71,88,374,3,10,60
5200,-104,64,87,375,4,9,59
5200,-104,50,86,376,6,5,56
5200,-104,96,88,375,5,11,60
5200,-104,56,87,376,5,9,58
5200,-104,56,86,376,4,10,58
5200,-104,82,87,375,5,9,59
5200,-104,58,88,375,5,9,60
5200,-104,56,87,375,5,9,59
5200,-104,36,86,376,4,10,57
5200,-104,90,89,374,4,9,60
5200,-104,37,85,377,4,7,56
5200,-104,50,86,376,4,10,58
5200,-104,84,87,376,4,11,59
5200,-104,56,87,376,5,9,59
5200,-104,60,89,374,3,9,60
5200,-104,50,86,376,5,8,57
5200,-104,46,88,375,4,9,59
5200,-104,90,89,374,4,9,61
5200,-104,59,88,375,4,8,60
5200,-104,46,86,376,6,8,58
5200,-104,65,86,376,5,9,58
5200,-104,50,88,375,4,7,58
5200,-104,56,86,377,5,9,57
5200,-104,36,88,375,4,9,59
5200,-104,51,87,376,5,9,59
5200,-104,53,87,375,4,8,58
5200,-104,77,88,375,5,8,60
5200,-104,40,87,376,3,10,58
5200,-104,52,87,376,5,7,58
5200,-104,42,88,375,5,7,58
5200,-104,66,88,375,5,8,59
5200,-104,71,88,375,4,10,60
5200,-104,37,86,377,5,9,56
5200,-104,51,87,375,5,9,59
5200,-104,56,88,374,4,9,59
5200,-104,46,89,374,4,9,61
5200,-104,59,86,376,5,10,58
5200,-104,48,88,374,4,8,59
5200,-104,50,87,376,5,8,58
5200,-104,33,86,377,5,9,57
5200,-104,32,85,377,4,9,57
5200,-104,59,85,378,16,10,58
5200,-104,32,86,377,15,10,59
5200,-104,44,87,375,14,9,59
5200,-104,54,88,375,3,8,60
5200,-104,29,86,376,5,9,58
5200,-104,41,87,375,4,10,58
5200,-104,33,84,378,6,8,55
5200,-104,43,88,375,4,7,59
5200,-104,37,85,377,5,9,57
5200,-104,40,88,375,3,9,58
5200,-104,54,86,376,6,8,57
5200,-104,48,88,374,4,10,60
5200,-104,52,89,373,4,9,60
5200,-104,51,86,376,5,8,58
5200,-104,62,88,375,3,9,59
5200,-104,35,87,375,5,9,57
5200,-104,48,87,375,4,10,58
5200,-104,49,88,375,4,10,60
5200,-104,48,86,376,5,6,57
5200,-104,60,89,374,5,10,60
5200,-104,48,86,376,6,9,58
5200,-104,48,88,375,5,8,59
5200,-104,39,87,375,4,9,59
5200,-104,34,87,375,6,9,59
5200,-104,55,87,375,4,9,58
5200,-104,65,87,376,6,8,58
5200,-104,35,86,376,4,8,58
5200,-104,52,86,376,5,9,57
5200,-104,83,88,375,4,9,60
5200,-104,53,86,377,4,9,58
5200,-104,45,86,377,5,8,58
5200,-104,77,89,374,5,10,61
5200,-104,71,86,377,4,7,57
5200,-104,53,87,375,4,9,59
5200,-104,41,86,376,5,8,57
5200,-104,70,86,376,5,10,58
5200,-104,86,89,374,4,10,61
5200,-104,50,87,375,5,8,59
5200,-104,94,89,374,5,10,61
5200,-104,61,88,374,5,10,60
5200,-104,75,89,374,5,9,60
5200,-104,61,88,374,4,8,59
5200,-104,84,89,374,4,10,60
5200,-104,76,87,376,4,11,59
5200,-104,53,86,377,5,7,58
5200,-104,70,87,375,4,5,57
5200,-104,46,86,376,5,6,58
5200,-104,59,87,376,6,6,58
5200,-104,55,86,376,4,6,57
5200,-104,69,86,376,5,8,58
5200,-104,74,88,375,5,8,61
5200,-104,45,85,377,6,6,55
5200,-104,86,88,375,5,7,60
5200,-104,58,87,376,5,6,58
5200,-104,73,81,382,7,62,55
5200,-104,90,82,381,6,62,55
5200,-104,68,81,382,7,61,53
5200,-104,69,82,381,6,62,53
5200,-104,71,87,376,5,9,60
5200,-104,70,87,376,6,9,59
5200,-104,65,86,377,5,8,57
5200,-104,51,86,377,5,8,58
5200,-104,81,87,375,4,10,59
5200,-104,79,87,375,4,10,59
5200,-104,75,86,377,5,9,58
5200,-104,64,87,376,5,9,58
5200,-104,69,87,376,5,8,58
5200,-104,63,86,377,5,9,58
5200,-104,88,87,375,5,8,58
5200,-104,80,88,375,5,7,59
5200,-104,52,86,377,6,9,58
5200,-104,40,84,378,6,8,55
5200,-104,69,86,376,5,9,58
5200,-104,81,87,376,5,8,59
5200,-104,68,86,376,4,8,57
5200,-104,72,88,375,4,6,59
5200,-104,70,88,375,4,8,59
5200,-104,53,85,377,6,10,58
5200,-104,66,88,374,5,11,60
5200,-104,85,88,374,4,11,60
5200,-104,85,86,377,6,8,57
5200,-104,53,86,377,5,6,58
5200,-104,70,88,374,6,10,59
5200,-104,55,87,376,4,10,59
5200,-104,58,87,376,5,8,58
5200,-104,62,88,374,5,9,59
5200,-104,69,88,374,4,6,59
5200,-104,76,89,374,4,10,60
5200,-104,39,85,377,4,9,57
5200,-104,34,88,375,5,7,57
5200,-104,45,86,376,5,9,58
5200,-104,58,88,374,3,10,59
5200,-104,74,88,375,5,7,58
5200,-104,49,86,377,5,8,58
5200,-104,44,86,376,5,10,58
5200,-104,59,88,374,4,9,59
5200,-104,47,86,376,4,10,57
5200,-104,41,88,374,4,10,60
5200,-104,47,85,377,5,9,56
5200,-104,37,86,377,5,9,57
5200,-104,55,87,375,4,8,58
5200,-104,40,86,376,5,8,57
5200,-104,59,87,375,4,9,59
5200,-104,59,89,374,3,10,60
5200,-104,33,86,376,5,10,58
5200,-104,45,89,374,4,11,60
5200,-104,68,86,376,6,9,57
5200,-104,44,88,374,3,8,59
5200,-104,29,86,376,5,8,57
5200,-104,66,90,373,3,8,61
5200,-104,40,87,375,5,10,59
5200,-104,33,87,376,4,9,58
5200,-104,30,86,376,5,8,57
5200,-104,46,87,376,5,9,58
5200,-104,43,86,376,3,8,57
5200,-104,35,86,376,5,6,57
5200,-104,35,86,376,5,8,59
5200,-104,59,87,375,5,9,58
5200,-104,35,86,376,5,11,58
5200,-104,47,88,375,3,10,60
5200,-104,32,86,376,4,7,58
5200,-104,40,86,377,6,8,57
5200,-104,59,89,374,3,9,60
5200,-104,33,85,377,7,8,56
5200,-104,53,88,375,6,8,59
5200,-104,50,89,374,4,9,61
5200,-104,52,89,374,4,8,60
5200,-104,42,87,376,5,9,58
5200,-104,48,88,374,4,10,60
5200,-104,43,89,374,4,10,61
5200,-104,36,86,376,5,8,57
5200,-104,41,90,373,4,9,62
5200,-104,41,86,376,4,9,57
5200,-104,49,88,375,4,9,59
5200,-104,34,86,376,6,8,58
5200,-104,31,86,376,4,9,58
5200,-104,43,86,376,5,7,57
5200,-104,35,85,377,5,10,56
5200,-104,30,85,377,4,9,57
5200,-104,39,85,377,6,8,56
5200,-104,46,86,377,5,11,58
5200,-104,39,86,376,4,9,58
5200,-104,38,87,376,5,7,58
5200,-104,62,89,374,4,10,60
5200,-104,58,87,376,5,9,58
5200,-104,36,86,377,5,7,58
5200,-104,55,87,376,4,9,59
5200,-104,55,86,377,6,10,57
5200,-104,50,86,376,5,9,57
5200,-104,77,88,374,3,8,59
5200,-104,48,87,376,4,12,59
5200,-104,45,87,375,5,9,59
5200,-104,63,89,374,3,8,59
5200,-104,74,86,376,4,7,58
5200,-104,42,87,375,6,8,58
5200,-104,60,87,375,5,10,59
5200,-104,49,86,376,4,8,57
5200,-104,65,86,376,5,8,57
5200,-104,62,88,375,3,10,60
5200,-104,68,86,376,4,8,58
5200,-104,79,87,375,3,9,59
5200,-104,73,88,375,4,9,59
5200,-104,45,86,376,6,8,58
5200,-104,48,87,375,5,10,59
5200,-104,58,86,377,4,9,58
5200,-104,56,86,377,5,9,58
5200,-104,68,86,376,5,10,58
5200,-104,37,85,377,6,9,57
5200,-104,99,88,375,5,9,59
5200,-104,72,86,376,6,9,58
5200,-104,76,88,374,4,9,59
5200,-104,71,87,376,5,9,58
5200,-104,73,86,376,4,10,59
5200,-104,55,88,375,3,10,59
5200,-104,60,86,376,5,10,58
5200,-104,56,86,376,5,9,58
5200,-104,89,88,375,5,7,59
5200,-104,56,87,375,4,9,59
5200,-104,77,88,375,5,10,60
5200,-104,70,87,375,4,9,59
5200,-104,43,86,376,5,8,58
5200,-104,79,87,376,5,9,59
5200,-104,66,86,377,6,10,58
5200,-104,61,87,375,3,10,58
5200,-104,50,86,377,5,8,57
5200,-104,81,86,377,5,10,59
5200,-104,81,89,374,5,10,61
5200,-104,58,86,376,5,9,57
5200,-104,64,87,376,4,10,58
5200,-104,45,86,377,5,8,58
5200,-104,66,87,375,5,9,58
5200,-104,105,89,374,3,9,61
5200,-104,76,87,375,4,7,59
5200,-104,56,87,375,5,7,58
5200,-104,91,87,375,3,11,59
5200,-104,92,89,374,4,9,60
5200,-104,76,88,374,5,9,60
5200,-104,70,89,373,5,10,60
5200,-104,69,87,375,5,7,58
5200,-104,68,87,376,3,9,58
5200,-104,71,87,375,4,10,59
5200,-104,70,87,375,4,10,59
5200,-104,79,89,374,4,9,60
5200,-104,58,87,375,3,8,59
5200,-104,40,87,375,5,10,58
5200,-104,69,86,377,5,8,58
5200,-104,62,86,376,5,7,57
5200,-104,52,85,377,5,9,57
5200,-104,54,86,376,4,9,57
5200,-104,70,88,374,5,10,60
5200,-104,77,88,374,5,9,60
5200,-104,55,88,375,5,9,59
5200,-104,56,87,376,4,11,59
5200,-104,51,88,374,4,11,60
5200,-104,48,89,374,3,9,61
5200,-104,54,86,376,6,10,58
5200,-104,58,88,375,4,9,60
5200,-104,65,87,375,4,8,59
5200,-104,49,87,375,4,8,58
5200,-104,44,86,377,5,10,58
5200,-104,54,86,376,5,9,57
5200,-104,64,89,374,4,8,61
5200,-104,59,88,375,4,10,59
5200,-104,47,88,375,5,9,59
5200,-104,35,86,377,5,9,58
5200,-104,46,86,377,6,7,56
5200,-104,49,87,376,4,9,58
5200,-104,48,86,376,4,9,58
5200,-104,55,89,373,3,10,61
5200,-104,45,88,374,4,9,59
5200,-104,45,87,375,5,8,58
5200,-104,25,86,377,5,9,57
5200,-104,29,87,375,4,8,58
5200,-104,43,88,374,5,10,59
5200,-104,44,88,375,5,10,59
5200,-104,37,86,377,4,8,57
5200,-104,37,87,376,5,8,58
5200,-104,54,87,375,5,10,59
5200,-104,37,86,376,4,10,58
5200,-104,34,87,376,4,8,59
5200,-104,30,85,377,5,7,55
5200,-104,38,87,375,5,11,59
5200,-104,55,88,375,4,10,59
5200,-104,40,86,376,5,7,57
5200,-104,46,88,375,4,9,60
5200,-104,39,86,377,6,9,57
5200,-104,36,87,375,4,10,59
5200,-104,32,85,378,5,7,56
5200,-104,36,86,376,4,8,58
5200,-104,45,89,374,5,7,60
5200,-104,43,87,376,4,10,58
5200,-104,68,89,374,4,9,61
5200,-104,51,87,375,4,7,58
5200,-104,42,87,376,3,7,57
5200,-104,59,87,376,5,8,58
5200,-104,48,88,374,4,9,59
5200,-104,36,87,375,4,10,58
5200,-104,57,89,374,4,8,60
5200,-104,45,87,376,4,7,59
5200,-104,73,88,374,5,9,59
5200,-104,64,89,373,4,8,60
5200,-104,30,87,375,5,7,57
5200,-104,47,86,377,4,12,59
5200,-104,39,88,375,5,8,59
5200,-104,36,87,376,4,10,59
5200,-104,43,88,375,3,10,60
5200,-104,67,87,375,5,10,59
5200,-104,64,87,376,4,10,58
5200,-104,41,86,376,5,9,57
5200,-104,46,86,376,6,7,57
5200,-104,59,88,374,4,9,60
5200,-104,76,89,374,5,8,60
5200,-104,52,86,376,6,9,57
5200,-104,79,89,374,5,9,60
5200,-104,61,85,377,4,11,58
5200,-104,67,89,373,4,8,60
5200,-104,57,86,376,4,9,57
5200,-104,63,88,375,5,9,60
5200,-104,51,86,376,4,9,58
5200,-104,57,87,376,5,10,59
5200,-104,57,88,375,5,9,59
5200,-104,80,88,375,4,10,60
5200,-104,61,87,375,5,6,58
5200,-104,50,86,376,4,9,57
5200,-104,113,90,373,3,9,62
5200,-104,47,86,377,4,9,57
5200,-104,52,87,376,4,11,59
5200,-104,64,87,375,5,10,58
5200,-104,63,87,375,4,9,59
5200,-104,81,89,374,4,10,61
5200,-104,75,88,374,4,10,59
5200,-104,68,86,376,5,9,57
5200,-104,86,89,374,5,7,59
5200,-104,76,88,374,3,9,59
5200,-104,56,86,376,4,11,58
5200,-104,94,88,374,4,9,59
5200,-104,67,88,374,4,9,59
5200,-104,90,88,374,4,9,60
5200,-104,83,89,373,2,7,59
5200,-104,56,87,376,5,9,59
5200,-104,55,87,375,4,9,59
5200,-104,70,87,375,4,8,58
5200,-104,71,87,375,5,10,59
5200,-104,89,87,376,4,8,59
5200,-104,43,86,376,4,9,57
5200,-104,90,88,375,4,7,59
5200,-104,75,89,374,3,9,61
5200,-104,51,86,377,5,9,58
5200,-104,38,86,377,5,8,57
5200,-104,74,87,376,4,9,59
5200,-104,80,89,373,3,9,61
5200,-104,69,86,376,5,10,57
5200,-104,45,86,376,5,8,57
5200,-104,69,86,377,6,8,57
5200,-104,43,86,377,5,9,57
5200,-104,55,86,376,4,9,58
5200,-104,69,88,374,4,8,59
5200,-104,65,87,375,4,8,58
5200,-104,58,88,375,4,9,60
5200,-104,93,90,373,4,11,62
5200,-104,108,88,375,5,10,60
5200,-104,72,87,375,5,9,59
5200,-104,62,88,374,3,10,60
5200,-104,59,87,375,4,9,58
5200,-104,53,87,376,4,8,57
5200,-104,38,85,377,5,9,56
5200,-104,63,88,375,5,8,59
5200,-104,46,87,376,4,8,58
5200,-104,46,86,376,4,9,58
5200,-104,68,87,375,4,9,59
5200,-104,45,88,375,3,7,59
5200,-104,42,86,377,5,8,57
5200,-104,54,86,376,6,10,58
5200,-104,59,88,374,5,9,59
5200,-104,53,87,375,4,6,58
5200,-104,44,88,374,5,9,60
5200,-104,52,89,373,4,10,61
5200,-104,50,90,373,2,6,60
5200,-104,45,86,376,5,9,58
5200,-104,49,88,374,4,9,60
5200,-104,40,89,373,4,9,60
5200,-104,103,88,375,4,8,60
5200,-104,39,87,375,4,9,59
5200,-104,39,88,375,5,11,59
5200,-104,46,87,376,5,8,59
5200,-104,49,88,374,4,7,59
5200,-104,69,88,375,4,8,59
5200,-104,34,87,375,4,9,58
5200,-104,44,86,376,4,9,58
5200,-104,36,87,375,5,8,58
5200,-104,48,87,376,4,9,58
5200,-104,36,87,376,4,9,59
5200,-104,57,83,379,4,2,56
5200,-104,60,82,380,6,0,54
5200,-104,52,81,381,6,62,53
5200,-104,95,84,378,4,62,55
5200,-104,61,82,380,6,63,53
5200,-104,45,89,373,4,9,61
5200,-104,64,89,374,4,10,61
5200,-104,39,88,375,3,8,59
5200,-104,43,86,377,4,8,57
5200,-104,28,85,377,5,10,57
5200,-104,50,89,374,4,8,60
5200,-104,35,86,377,5,8,57
5200,-104,40,86,376,6,10,58
5200,-104,65,89,373,3,11,61
5200,-104,37,87,375,4,9,59
5200,-104,42,87,376,4,9,59
5200,-104,61,88,375,5,9,59
5200,-104,43,86,376,6,9,58
5200,-104,50,88,374,4,10,59
5200,-104,58,88,375,4,9,59
5200,-104,34,86,376,4,8,57
5200,-104,47,87,375,6,9,59
5200,-104,82,87,375,4,9,59
5200,-104,38,86,376,4,9,58
5200,-104,76,87,375,4,9,59
5200,-104,51,86,377,4,9,56
5200,-104,57,87,375,4,8,58
5200,-104,76,87,375,5,10,60
5200,-104,60,87,376,5,9,57
5200,-104,84,88,374,5,9,60
5200,-104,58,87,375,3,10,59
5200,-104,41,87,376,5,10,58
5200,-104,40,86,377,4,8,58
5200,-104,56,86,376,5,9,57
5200,-104,62,87,376,5,7,59
5200,-104,64,87,375,6,7,59
5200,-104,96,87,375,5,11,59
5200,-104,88,86,376,5,10,59
5200,-104,46,87,376,5,11,59
5200,-104,75,87,375,5,11,59
5200,-104,39,86,376,5,8,57
5200,-104,47,87,375,4,10,58
5200,-104,59,88,375,4,9,60
5200,-104,51,87,375,4,9,59
5200,-104,74,89,374,4,9,60
5200,-104,45,89,373,5,9,60
5200,-104,90,88,375,5,7,59
5200,-104,58,86,377,5,10,58
5200,-104,48,85,377,5,9,57
5200,-104,76,87,376,3,11,59
5200,-104,93,88,375,4,8,59
5200,-104,66,86,376,5,10,58
5200,-104,72,88,375,4,9,60
5200,-104,60,86,376,4,8,57
5200,-104,71,87,376,4,10,59
5200,-104,48,85,378,5,9,57
5200,-104,92,90,373,3,8,62
5200,-104,58,85,377,6,8,56
5200,-104,74,86,376,5,8,57
5200,-104,91,88,375,5,8,60
5200,-104,59,88,375,5,10,60
5200,-104,79,86,376,5,9,58
5200,-104,60,88,375,4,9,60
5200,-104,63,86,376,5,8,57
5200,-104,62,88,375,4,9,59
5200,-104,59,88,375,5,11,60
5200,-104,51,86,376,5,8,57
5200,-104,69,89,373,5,9,61
5200,-104,87,89,374,4,10,60
5200,-104,76,87,375,5,10,59
5200,-104,60,85,378,6,8,57
5200,-104,48,85,377,5,8,56
5200,-104,76,88,375,5,9,60
5200,-104,63,86,377,5,8,57
5200,-104,76,88,375,5,10,60
5200,-104,38,85,377,5,8,56
5200,-104,64,87,376,4,8,59
5200,-104,53,87,375,4,8,58
5200,-104,84,87,376,4,10,60
5200,-104,59,87,375,4,10,59
5200,-104,62,86,377,6,9,57
5200,-104,82,88,375,5,7,59
5200,-104,67,88,375,5,9,58
5200,-104,57,87,375,4,10,59
5200,-104,63,87,376,4,7,58
5200,-104,42,87,375,4,8,59
5200,-104,45,86,376,6,9,57
5200,-104,56,86,376,3,8,58
5200,-104,52,86,376,5,10,58
5200,-104,56,88,375,4,7,60
5200,-104,57,86,376,5,9,58
5200,-104,72,88,375,5,8,60
5200,-104,59,86,377,5,8,57
5200,-104,32,86,376,5,8,58
5200,-104,45,86,376,5,9,57
5200,-104,57,87,375,4,8,59
5200,-104,61,87,376,4,9,58
5200,-104,64,86,376,5,10,58
5200,-104,37,86,376,6,9,58
5200,-104,52,87,376,5,10,60
5200,-104,50,85,377,5,10,57
5200,-104,63,87,376,4,7,58
5200,-104,45,86,377,5,7,57
5200,-104,57,88,375,6,10,59
5200,-104,54,85,377,6,8,57
5200,-104,44,87,375,5,8,58
5200,-104,56,87,376,5,10,58
5200,-104,45,87,375,5,9,58
5200,-104,44,87,375,5,10,59
5200,-104,49,87,375,4,8,57
5200,-104,42,87,376,3,10,58
5200,-104,28,86,377,5,7,57
5200,-104,33,86,377,5,9,57
5200,-104,44,87,376,5,8,58
5200,-104,53,88,374,3,9,60
5200,-104,69,89,374,4,8,60
5200,-104,46,88,375,4,8,59
5200,-104,40,86,376,6,9,57
5200,-104,72,88,374,3,8,60
5200,-104,47,84,378,6,7,55
5200,-104,37,86,377,5,9,58
5200,-104,22,85,377,6,8,55
5200,-104,50,87,375,4,10,59
5200,-104,70,88,374,5,10,60
5200,-104,35,86,377,6,9,57
5200,-104,48,86,376,5,9,58
5200,-104,43,88,375,5,9,59
5200,-104,31,87,376,5,9,58
5200,-104,37,86,376,5,10,58
5200,-104,29,86,376,4,8,57
5200,-104,52,87,376,5,10,58
5200,-104,35,86,377,4,7,57
5200,-104,35,87,376,5,9,58
5200,-104,47,87,375,4,6,58
5200,-104,28,86,377,5,9,57
5200,-104,28,87,376,4,8,57
5200,-104,60,87,376,6,5,57
5200,-104,47,86,376,5,10,58
5200,-104,50,88,375,4,9,59
5200,-104,59,88,375,5,8,59
5200,-104,40,86,376,5,9,57
5200,-104,36,86,376,4,9,57
5200,-104,80,89,373,3,9,61
5200,-104,40,88,375,4,8,59
5200,-104,79,89,374,4,9,61
5200,-104,51,87,375,4,10,59
5200,-104,53,88,375,5,8,60
5200,-104,52,86,377,4,7,58
5200,-104,65,86,376,5,6,58
5200,-104,40,86,376,5,7,58
5200,-104,67,85,378,6,6,57
5200,-104,53,87,376,6,7,59
5200,-104,55,86,377,5,7,58
5200,-104,59,86,376,5,5,57
5200,-104,43,88,375,6,5,59
5200,-104,63,87,375,5,5,57
5200,-104,66,78,385,3,8,50
5200,-104,60,78,385,4,12,52
5200,-104,67,78,385,4,9,50
5200,-104,73,78,385,4,10,51
5200,-104,72,78,385,5,10,51
5200,-104,68,78,385,4,10,50
5200,-104,61,78,385,5,11,51
5200,-104,71,78,385,5,9,51
5200,-104,60,78,385,3,10,51
5200,-104,61,78,385,5,11,51
5200,-104,70,78,385,5,11,51
5200,-104,68,78,385,5,8,52
5200,-104,67,78,385,3,8,51
5200,-104,65,78,385,5,10,51
5200,-104,61,78,385,3,11,51
5200,-104,71,78,385,5,10,51
5200,-104,61,78,385,3,10,51
5200,-104,65,78,385,4,9,51
5200,-104,56,78,385,5,11,52
5200,-104,60,78,385,4,10,51
5200,-104,64,78,385,3,9,51
5200,-104,56,78,385,5,9,50
5200,-104,63,78,385,4,8,50
5200,-104,66,78,385,5,10,51
5200,-104,61,78,385,5,9,51
5200,-104,57,87,376,5,8,58
5200,-104,95,88,375,4,9,60
5200,-104,49,87,376,4,10,58
5200,-104,51,87,375,4,9,58
5200,-104,78,88,374,4,8,59
5200,-104,48,86,376,4,10,58
5200,-104,75,88,375,4,10,59
5200,-104,73,87,376,5,8,59
5200,-104,71,87,376,4,11,59
5200,-104,74,88,375,3,10,60
5200,-104,69,86,376,5,9,58
5200,-104,77,88,374,4,9,59
5200,-104,75,88,374,4,9,59
5200,-104,98,90,373,4,12,63
5200,-104,55,86,376,5,9,57
5200,-104,55,87,375,3,7,58
5200,-104,49,87,375,4,9,59
5200,-104,55,86,377,5,8,58
5200,-104,37,85,377,4,9,56
5200,-104,65,89,374,4,8,60
5200,-104,56,87,376,5,7,58
5200,-104,50,87,376,5,7,58
5200,-104,33,85,377,5,9,57
5200,-104,37,85,378,5,10,58
5200,-104,40,86,376,5,8,58
5200,-104,42,87,375,5,9,58
5200,-104,58,88,375,3,9,59
5200,-104,24,85,377,4,9,56
5200,-104,52,88,375,3,9,59
5200,-104,56,88,375,4,8,60
5200,-104,35,86,376,6,7,57
5200,-104,52,87,375,5,9,58
5200,-104,49,88,375,4,9,60
5200,-104,45,87,376,4,8,59
5200,-104,36,87,376,5,9,58
5200,-104,29,86,376,4,7,57
5200,-104,33,88,374,4,10,59
5200,-104,36,88,374,3,10,59
5200,-104,36,87,375,4,9,58
5200,-104,54,88,374,3,9,58
5200,-104,48,87,375,4,8,59
5200,-104,52,89,373,4,8,59
5200,-104,71,89,374,4,8,60
5200,-104,48,87,376,4,8,59
5200,-104,48,88,375,6,9,60
5200,-104,32,86,377,6,7,58
5200,-104,34,87,376,7,8,58
5200,-104,33,85,378,6,10,56
5200,-104,34,87,376,4,9,59
5200,-104,32,85,378,5,10,57
5200,-104,59,86,377,6,10,57
5200,-104,54,87,375,3,8,59
5200,-104,47,89,374,3,10,60
5200,-104,39,86,376,4,6,57
5200,-104,35,87,376,4,10,58
5200,-104,52,88,375,4,9,59
5200,-104,28,86,376,5,8,57
5200,-104,58,87,376,6,8,59
5200,-104,36,86,377,6,9,57
5200,-104,51,88,375,4,10,60
5200,-104,65,87,376,5,11,59
5200,-104,65,89,374,4,9,61
5200,-104,61,86,376,5,9,58
5200,-104,70,88,374,3,8,59
5200,-104,37,86,377,5,9,57
5200,-104,58,86,376,4,10,58
5200,-104,39,87,375,4,8,58
5200,-104,50,86,376,3,8,57
5805,-108,47,90,377,5,10,57
5805,-108,33,90,377,4,8,56
5805,-108,45,90,377,5,8,56
5805,-108,36,90,377,6,9,57
5805,-108,61,90,377,4,10,58
5805,-108,35,90,377,5,7,56
5805,-108,47,90,377,4,10,58
5805,-108,41,90,377,3,9,57
5805,-108,42,90,377,5,9,58
5805,-108,37,90,377,5,10,58
5805,-108,39,90,377,5,8,57
5805,-108,41,90,377,3,10,58
5805,-108,38,90,377,3,11,58
5805,-108,31,90,377,4,9,57
5805,-108,45,90,377,4,12,57
5805,-108,44,90,377,4,9,57
5805,-108,61,90,377,5,9,56
5805,-108,62,90,377,3,9,57
5805,-108,74,90,377,3,11,58
5805,-108,52,90,377,4,10,58
5805,-108,47,90,377,3,9,58
5805,-108,49,90,377,4,8,57
5805,-108,59,90,377,4,9,57
5805,-108,51,90,377,3,11,59
5805,-108,55,90,377,4,11,58
5805,-108,55,90,377,4,9,58
5805,-108,59,90,377,4,11,57
5805,-108,61,90,377,5,8,56
5805,-108,51,90,377,5,8,57
5805,-108,54,89,378,6,9,56
5805,-108,50,90,377,4,10,58
5805,-108,54,90,377,4,9,57
5805,-108,45,90,377,5,9,57
5805,-108,53,90,377,4,9,57
5805,-108,48,90,377,4,10,58
5805,-108,51,90,377,5,10,58
5805,-108,39,90,377,3,8,56
5805,-108,39,90,377,2,9,57
5805,-108,49,90,377,5,10,58
5805,-108,48,90,377,4,8,57
5805,-108,62,90,377,5,8,56
5805,-108,49,90,377,4,11,57
5805,-108,59,90,377,4,10,58
5805,-108,45,90,377,4,9,58
5805,-108,36,90,377,5,9,57
5805,-108,47,90,377,4,9,57
5805,-108,53,90,377,3,11,57
5805,-108,64,90,377,3,11,57
5805,-108,37,90,377,3,10,57
5805,-108,44,90,377,4,10,57
5805,-108,51,90,377,4,10,57
5805,-108,51,89,378,6,8,56
5805,-108,29,89,378,4,8,56
5805,-108,64,90,377,4,9,57
5805,-108,49,90,377,5,10,58
5805,-108,46,90,377,4,10,57
5805,-108,43,90,377,5,9,57
5805,-108,49,90,377,3,11,58
5805,-108,37,90,377,2,10,57
5805,-108,49,90,377,4,10,58
5805,-108,44,90,377,5,11,59
5805,-108,38,89,377,4,7,56
5805,-108,43,90,377,5,10,57
5805,-108,39,90,377,4,10,57
5805,-108,39,90,377,4,9,57
5805,-108,54,90,377,2,11,57
5805,-108,57,90,377,4,10,58
5805,-108,54,90,377,4,10,57
5805,-108,49,90,377,4,11,58
5805,-108,40,90,377,4,9,56
5805,-108,36,90,377,4,8,56
5805,-108,38,90,377,3,9,57
5805,-108,44,90,377,4,9,57
5805,-108,51,90,377,4,10,58
5805,-108,45,90,377,2,10,58
5805,-108,43,90,377,4,10,58
5805,-108,38,90,377,6,11,58
5805,-108,33,90,377,3,9,57
5805,-108,53,90,377,4,9,57
5805,-108,37,90,377,3,10,58
5805,-108,37,90,377,3,9,57
5805,-108,58,90,377,5,10,57
5805,-108,40,90,377,6,12,58
5805,-108,37,90,377,5,9,57
5805,-108,46,90,377,4,9,57
5805,-108,49,90,377,4,8,56
5805,-108,43,90,377,4,10,57
5805,-108,39,90,377,3,11,58
5805,-108,46,90,377,3,8,57
5805,-108,51,90,377,4,9,57
5805,-108,51,90,377,3,9,58
5805,-108,70,90,377,5,8,57
5805,-108,60,90,377,4,8,56
5805,-108,57,90,377,4,9,57
5805,-108,35,90,377,6,10,58
5805,-108,56,90,377,5,9,57
5805,-108,53,90,377,4,9,58
5805,-108,36,90,377,3,10,57
5805,-108,63,90,377,5,9,57
5805,-108,54,90,377,4,9,57
5805,-108,36,90,377,5,8,56
5805,-108,30,89,377,4,8,56
5805,-108,57,90,377,6,9,57
5805,-108,42,90,377,2,9,58
5805,-108,41,90,377,5,8,57
5805,-108,36,90,377,4,10,57
5805,-108,56,90,377,4,11,58
5805,-108,39,90,377,3,10,57
5805,-108,45,90,377,4,10,58
5805,-108,39,89,377,5,10,56
5805,-108,40,90,377,4,7,57
5805,-108,27,90,377,4,10,57
5805,-108,40,90,377,5,10,56
5805,-108,36,90,377,3,7,56
5805,-108,44,90,377,4,9,56
5805,-108,34,90,377,5,9,57
5805,-108,51,90,377,4,10,57
5805,-108,30,90,377,4,9,57
5805,-108,65,90,377,5,11,58
5805,-108,66,90,377,4,8,57
5805,-108,70,90,377,3,8,57
5805,-108,56,90,377,4,9,57
5805,-108,32,90,377,4,7,57
5805,-108,51,90,377,3,8,58
5805,-108,39,90,377,4,10,57
5805,-108,59,90,377,5,10,58
5805,-108,33,90,377,5,9,56
5805,-108,61,90,377,4,9,58
5805,-108,41,90,377,5,10,58
5805,-108,36,90,377,4,10,57
5805,-108,56,90,377,4,11,59
5805,-108,56,90,377,4,10,58
5805,-108,60,90,377,5,10,57
5805,-108,56,90,377,4,8,57
5805,-108,48,90,377,5,9,57
5805,-108,45,90,377,3,9,58
5805,-108,34,90,377,3,10,57
5805,-108,47,90,377,3,9,57
5805,-108,72,90,377,5,8,57
5805,-108,32,90,377,4,9,56
5805,-108,36,89,377,5,10,56
5805,-108,43,90,377,5,11,58
5805,-108,52,90,377,4,7,57
5805,-108,52,90,377,4,10,58
5805,-108,50,90,377,4,10,58
5805,-108,47,90,377,4,7,57
5805,-108,47,90,377,4,9,57
5805,-108,52,90,377,5,10,58
5805,-108,52,90,377,4,9,57
5805,-108,52,90,377,4,9,57
5805,-108,44,90,377,6,10,58
5805,-108,55,90,377,3,10,58
5805,-108,50,90,377,4,9,58
5805,-108,41,90,377,3,11,58
5805,-108,43,90,377,5,10,58
5805,-108,35,90,377,5,10,58
5805,-108,30,90,377,5,9,58
5805,-108,50,90,377,5,10,57
5805,-108,57,90,377,4,10,58
5805,-108,60,90,377,3,9,57
5805,-108,59,90,377,5,7,57
5805,-108,46,90,377,5,7,56
5805,-108,39,90,377,4,10,58
5805,-108,48,90,377,5,11,57
5805,-108,71,90,377,5,10,58
5805,-108,55,90,377,4,10,58
5805,-108,37,90,377,4,9,58
5805,-108,41,90,377,4,9,58
5805,-108,46,90,377,3,8,57
5805,-108,42,90,377,3,11,58
5805,-108,51,90,377,4,9,57
5805,-108,46,90,377,5,8,57
5805,-108,42,90,377,4,10,58
5805,-108,56,90,377,5,10,58
5805,-108,49,90,377,3,10,57
5805,-108,41,90,377,4,9,57
5805,-108,47,90,377,3,9,57
5805,-108,54,90,377,5,8,57
5805,-108,52,90,377,4,10,57
5805,-108,26,90,377,4,8,57
5805,-108,74,90,377,4,10,57
5805,-108,59,90,377,4,9,58
5805,-108,46,90,377,3,9,57
5805,-108,49,90,377,3,11,58
5805,-108,53,90,377,3,9,57
5805,-108,43,90,377,4,10,58
5805,-108,54,90,377,5,10,59
5805,-108,45,90,377,4,9,58
5805,-108,34,90,377,4,10,57
5805,-108,53,90,377,4,8,57
5805,-108,42,90,377,5,11,58
5805,-108,48,90,377,4,9,57
5805,-108,52,90,377,4,8,57
5805,-108,55,90,377,4,10,57
5805,-108,53,90,377,4,9,56
5805,-108,47,90,377,3,9,58
5805,-108,56,90,377,3,10,57
5805,-108,51,90,377,5,7,56
5805,-108,48,90,377,5,11,58
5805,-108,47,90,377,4,10,58
5805,-108,41,90,377,5,9,57
5805,-108,56,90,377,4,10,58
5805,-108,66,90,377,5,9,58
5805,-108,82,90,377,3,9,58
5805,-108,56,90,377,4,9,57
5805,-108,45,90,377,3,10,58
5805,-108,40,90,377,4,9,57
5805,-108,48,89,378,6,10,56
5805,-108,55,90,377,4,9,57
5805,-108,41,90,377,4,9,57
5805,-108,54,90,377,5,10,58
5805,-108,40,90,377,3,10,58
5805,-108,54,90,377,5,10,58
5805,-108,60,90,377,4,10,58
5805,-108,41,90,377,3,9,57
5805,-108,66,90,377,3,9,57
5805,-108,55,90,377,4,9,58
5805,-108,48,90,377,4,10,58
5805,-108,46,90,377,3,9,57
5805,-108,66,90,377,3,8,58
5805,-108,44,90,377,3,8,57
5805,-108,55,90,377,5,9,57
5805,-108,41,90,377,4,9,56
5805,-108,70,90,377,5,10,57
5805,-108,47,90,377,3,9,57
5805,-108,56,90,377,4,8,57
5805,-108,41,90,377,4,8,57
5805,-108,65,90,377,4,9,57
5805,-108,49,90,377,5,10,58
5805,-108,68,90,377,4,12,58
5805,-108,63,90,377,3,8,56
5805,-108,41,90,377,5,10,58
5805,-108,57,89,377,4,9,56
5805,-108,44,90,377,5,9,57
5805,-108,46,90,377,4,8,57
5805,-108,53,90,377,4,11,58
5805,-108,34,90,377,4,9,57
5805,-108,57,90,377,5,9,57
5805,-108,39,90,377,4,10,57
5805,-108,57,90,377,4,11,57
5805,-108,45,90,377,5,8,57
5805,-108,49,90,377,5,9,58
5805,-108,45,90,377,5,10,58
5805,-108,56,90,377,5,10,58
5805,-108,61,90,377,4,11,58
5805,-108,52,90,377,5,10,58
5805,-108,29,89,377,4,9,56
5805,-108,46,90,377,6,8,57
5805,-108,45,90,377,5,9,57
5805,-108,64,90,377,5,10,57
5805,-108,49,90,377,4,9,57
5805,-108,52,89,377,4,10,56
5805,-108,44,90,377,3,7,55
5805,-108,47,90,377,4,9,57
5805,-108,54,90,377,4,10,58
5805,-108,56,90,377,4,9,57
5805,-108,36,90,377,5,9,57
5805,-108,51,89,377,3,9,56
5805,-108,54,90,377,3,10,57
5805,-108,59,90,377,4,10,57
5805,-108,52,90,377,5,7,56
5805,-108,51,90,377,5,10,58
5805,-108,55,90,377,5,7,56
5805,-108,53,90,377,5,10,58
5805,-108,64,90,377,5,8,56
5805,-108,47,90,377,4,11,57
5805,-108,29,90,377,4,9,57
5805,-108,50,90,377,6,11,57
5805,-108,41,90,377,3,9,57
5805,-108,34,90,377,5,11,58
5805,-108,42,90,377,4,9,57
5805,-108,36,90,377,4,8,56
5805,-108,46,90,377,4,9,57
5805,-108,50,89,377,3,9,57
5805,-108,50,90,377,4,8,57
5805,-108,57,90,377,5,9,57
5805,-108,37,90,377,4,9,57
5805,-108,48,90,377,3,10,58
5805,-108,46,90,377,5,11,58
5805,-108,47,90,377,5,11,57
5805,-108,42,90,377,4,10,57
5805,-108,49,90,377,4,9,58
5805,-108,36,90,377,4,9,57
5805,-108,58,90,377,4,9,57
5805,-108,48,90,377,4,9,57
5805,-108,47,90,377,3,9,57
5805,-108,60,90,377,5,9,58
5805,-108,33,90,377,3,10,57
5805,-108,34,90,377,4,9,57
5805,-108,34,90,377,3,9,57
5805,-108,63,90,377,4,9,58
5805,-108,46,90,377,4,10,57
5805,-108,49,90,377,4,12,58
5805,-108,36,90,377,3,10,57
5805,-108,53,90,377,3,9,57
5805,-108,55,90,377,5,11,58
5805,-108,49,90,377,4,10,57
5805,-108,31,90,377,4,9,57
5805,-108,44,90,377,4,9,58
5805,-108,50,90,377,3,11,58
5805,-108,49,89,377,5,10,57
5805,-108,42,90,377,4,10,57
5805,-108,54,90,377,3,10,57
5805,-108,49,90,377,5,8,57
5805,-108,38,90,377,4,9,57
5805,-108,38,90,377,2,8,56
5805,-108,56,90,377,3,9,58
5805,-108,45,90,377,2,8,56
5805,-108,60,90,377,4,10,58
5805,-108,33,90,377,4,9,56
5805,-108,39,90,377,4,9,57
5805,-108,58,90,377,3,10,57
5805,-108,41,90,377,3,9,58
5805,-108,53,90,377,3,10,57
5805,-108,51,90,377,4,9,57
5805,-108,44,90,377,4,10,58
5805,-108,48,90,377,3,9,57
5805,-108,54,90,377,4,9,58
5805,-108,46,90,377,5,10,58
5805,-108,39,90,377,5,8,56
5805,-108,49,90,377,5,8,57
5805,-108,46,90,377,4,10,57
5805,-108,65,90,377,4,9,57
5805,-108,37,90,377,5,9,58
5805,-108,55,90,377,4,10,57
5805,-108,60,90,377,4,11,58
5805,-108,47,90,377,4,11,58
5805,-108,50,90,377,6,9,57
5805,-108,40,90,377,4,11,58
5805,-108,49,90,377,5,9,57
5805,-108,50,90,377,5,8,57
5805,-108,66,90,377,4,9,58
5805,-108,58,90,377,5,9,58
5805,-108,36,90,377,4,12,57
5805,-108,43,90,377,4,10,57
5805,-108,82,90,377,4,10,58
5805,-108,28,90,377,4,9,57
5805,-108,42,90,377,4,10,57
5805,-108,36,90,377,5,9,57
5805,-108,40,90,377,5,10,57
5805,-108,59,90,377,3,9,57
5805,-108,30,90,377,5,8,56
5805,-108,33,90,377,5,8,58
5805,-108,30,90,377,3,10,57
5805,-108,54,90,377,3,9,57
5805,-108,41,90,377,3,11,58
5805,-108,44,90,377,4,10,57
5805,-108,35,90,377,5,8,57
5805,-108,39,90,377,4,11,58
5805,-108,41,90,377,3,8,58
5805,-108,33,89,377,5,9,56
5805,-108,35,90,377,4,10,57
5805,-108,56,90,377,5,10,58
5805,-108,58,90,377,4,10,57
5805,-108,37,90,377,3,11,58
5805,-108,43,90,377,3,11,58
5805,-108,47,90,377,4,10,58
5805,-108,62,90,377,4,10,57
5805,-108,44,90,377,4,9,58
5805,-108,44,90,377,4,10,57
5805,-108,39,90,377,4,11,58
5805,-108,43,90,377,5,10,57
5805,-108,50,90,377,4,8,57
5805,-108,47,90,377,4,11,58
5805,-108,43,89,377,5,8,56
5805,-108,41,90,377,3,9,57
5805,-108,40,90,377,4,9,57
5805,-108,56,90,377,5,10,58
5805,-108,45,90,377,3,8,56
5805,-108,42,89,377,5,10,57
5805,-108,41,90,377,4,9,57
5805,-108,57,90,377,3,11,57
5805,-108,36,90,377,2,9,57
5805,-108,55,90,377,5,12,58
5805,-108,63,90,377,3,9,58
5805,-108,28,90,377,5,9,57
5805,-108,51,90,377,4,8,57
5805,-108,51,90,377,5,10,58
5805,-108,35,90,377,3,10,57
5805,-108,51,90,377,4,9,57
5805,-108,59,90,377,4,9,57
5805,-108,35,90,377,5,11,57
5805,-108,54,89,377,5,8,56
5805,-108,68,90,377,3,11,57
5805,-108,38,90,377,5,11,58
5805,-108,51,90,377,5,9,58
5805,-108,49,88,378,5,8,56
5805,-108,37,90,377,4,9,57
5805,-108,53,90,377,4,10,58
5805,-108,50,90,377,3,10,57
5805,-108,46,90,377,5,10,57
5805,-108,40,90,377,5,9,57
5805,-108,46,90,377,3,9,57
5805,-108,44,90,377,3,9,57
5805,-108,48,90,377,4,10,58
5805,-108,36,90,377,6,10,58
5805,-108,41,90,377,4,9,57
5805,-108,42,90,377,5,9,57
5805,-108,33,90,377,5,11,57
5805,-108,53,90,377,4,8,57
5805,-108,52,90,377,4,9,56
5805,-108,52,90,377,5,9,57
5805,-108,42,90,377,4,9,57
5805,-108,51,90,377,5,10,57
5805,-108,42,90,377,4,11,58
5805,-108,37,90,377,5,8,55
5805,-108,47,90,377,5,10,57
5805,-108,29,89,378,3,10,57
5805,-108,46,90,377,4,11,57
5805,-108,63,90,377,5,10,58
5805,-108,45,90,377,4,10,57
5805,-108,73,90,377,3,10,58
5805,-108,53,90,377,3,10,57
5805,-108,43,89,377,5,9,56
5805,-108,48,90,377,3,9,58
5805,-108,40,90,377,5,9,58
5805,-108,43,90,377,4,11,58
5805,-108,53,90,377,4,9,57
5805,-108,58,90,377,5,12,58
5805,-108,35,89,377,5,8,56
5805,-108,68,90,377,3,9,57
5805,-108,37,90,377,5,9,57
5805,-108,56,90,377,5,9,58
5805,-108,45,90,377,4,10,57
5805,-108,29,90,377,5,10,57
5805,-108,44,90,377,6,9,58
5805,-108,51,90,377,5,9,58
5805,-108,68,90,377,3,11,58
5805,-108,54,90,377,4,10,58
5805,-108,49,90,377,4,9,57
5805,-108,58,90,377,4,9,58
5805,-108,53,90,377,4,9,57
5805,-108,37,89,377,5,9,56
5805,-108,50,90,377,4,9,57
5805,-108,59,90,377,5,9,57
5805,-108,47,89,377,5,9,55
5805,-108,66,90,377,3,10,57
5805,-108,33,90,377,6,10,57
5805,-108,52,90,377,3,8,58
5805,-108,49,90,377,4,10,57
5805,-108,53,90,377,5,7,57
5805,-108,48,90,377,4,9,57
5805,-108,43,90,377,5,10,58
5805,-108,40,90,377,4,10,57
5805,-108,47,90,377,4,9,58
5805,-108,53,90,377,5,9,57
5805,-108,41,90,377,4,10,58
5805,-108,33,90,377,4,10,58
5805,-108,41,90,377,4,10,57
5805,-108,66,90,377,5,10,58
5805,-108,51,90,377,5,9,58
5805,-108,44,90,377,4,9,57
5805,-108,52,90,377,5,9,57
5805,-108,74,90,377,4,10,58
5805,-108,49,90,377,4,8,57
5805,-108,47,90,377,6,9,58
5805,-108,55,90,377,4,11,58
5805,-108,40,90,377,4,11,57
5805,-108,46,90,377,4,9,57
5805,-108,47,90,377,5,8,57
5805,-108,37,90,377,5,11,58
5805,-108,47,89,378,5,10,57
5805,-108,58,90,377,5,9,57
5805,-108,47,90,377,3,10,58
5805,-108,47,90,377,4,9,57
5805,-108,56,90,377,4,9,57
5805,-108,52,90,377,4,10,57
5805,-108,39,90,377,3,10,57
5805,-108,36,90,377,4,10,57
5805,-108,67,90,377,4,8,57
5805,-108,48,90,377,4,10,57
5805,-108,56,89,378,5,9,56
5805,-108,40,90,377,4,9,57
5805,-108,55,90,377,6,9,57
5805,-108,48,90,377,4,13,58
5805,-108,48,90,377,4,11,58
5805,-108,52,90,377,4,11,57
5805,-108,55,90,377,4,9,58
5805,-108,63,90,377,4,10,58
5805,-108,40,90,377,4,10,58
5805,-108,39,90,377,6,9,58
5805,-108,36,90,377,3,10,58
5805,-108,34,90,377,4,10,58
5805,-108,59,90,377,4,9,58
5805,-108,61,90,377,4,9,57
5805,-108,65,90,377,4,10,57
5805,-108,49,90,377,5,9,57
5805,-108,48,90,377,4,11,57
5805,-108,59,90,377,2,10,57
5805,-108,36,90,377,4,8,57
5805,-108,51,90,377,4,11,57
5805,-108,32,90,377,3,10,57
5805,-108,36,90,377,3,9,57
5805,-108,44,90,377,4,10,58
5805,-108,32,90,377,4,9,57
5805,-108,43,90,377,4,7,57
5805,-108,45,90,377,4,9,57
5805,-108,53,90,377,5,9,57
5805,-108,37,90,377,5,9,57
5805,-108,57,90,377,3,11,58
5805,-108,44,90,377,5,9,57
5805,-108,41,90,377,5,8,57
5805,-108,59,90,377,5,8,57
5805,-108,28,90,377,4,9,57
5805,-108,61,90,377,4,10,58
5805,-108,42,90,377,4,9,57
5805,-108,50,90,377,4,9,57
5805,-108,52,90,377,5,8,57
5805,-108,65,90,377,5,10,58
5805,-108,54,90,377,3,10,57
5805,-108,33,90,377,2,9,57
5805,-108,45,88,378,5,9,56
5805,-108,29,90,377,5,9,57
5805,-108,37,90,377,4,10,57
5805,-108,65,90,377,5,11,58
5805,-108,38,90,377,4,9,57
5805,-108,50,90,377,4,9,58
5805,-108,58,90,377,3,8,58
5805,-108,29,90,377,4,10,57
5805,-108,46,90,377,4,6,56
5805,-108,48,90,377,4,9,57
5805,-108,31,90,377,4,9,57
5805,-108,57,90,377,4,10,57
5805,-108,41,90,377,5,9,57
5805,-108,50,90,377,5,10,58
5805,-108,46,90,377,4,10,58
5805,-108,67,90,377,5,7,56
5805,-108,52,90,377,5,8,57
5805,-108,57,90,377,4,10,57
5805,-108,52,90,377,4,10,57
5805,-108,46,90,377,4,10,57
5805,-108,29,90,377,3,9,57
5805,-108,48,90,377,5,10,58
5805,-108,49,90,377,5,11,58
5805,-108,61,90,377,3,9,57
5805,-108,53,90,377,5,9,57
5805,-108,56,90,377,4,8,57
5805,-108,50,90,377,5,8,58
5805,-108,50,90,377,2,10,57
5805,-108,58,90,377,5,10,58
5805,-108,45,90,377,4,10,58
5805,-108,52,90,377,3,10,57
5805,-108,40,89,377,5,10,57
5805,-108,56,90,377,5,10,58
5805,-108,41,90,377,3,10,57
5805,-108,41,90,377,4,8,57
5805,-108,57,90,377,3,10,57
5805,-108,65,90,377,4,10,57
5805,-108,34,90,377,5,9,57
5805,-108,43,90,377,4,8,57
5805,-108,59,90,377,4,11,58
5805,-108,53,90,377,4,11,57
5805,-108,61,89,377,5,9,57
5805,-108,31,90,377,4,9,57
5805,-108,34,90,377,4,10,57
5805,-108,55,90,377,3,10,58
5805,-108,38,90,377,4,8,57
5805,-108,41,90,377,4,10,57
5805,-108,39,90,377,3,9,57
5805,-108,47,90,377,4,10,57
5805,-108,25,89,377,4,9,56
5805,-108,42,90,377,4,9,57
5805,-108,58,90,377,3,9,57
5805,-108,45,90,377,4,8,58
5805,-108,39,90,377,3,9,57
5805,-108,63,90,377,3,9,58
5805,-108,52,90,377,4,9,58
5805,-108,46,90,377,4,11,58
5805,-108,46,90,377,4,8,57
5805,-108,37,90,377,3,10,57
5805,-108,33,90,377,2,9,58
5805,-108,44,90,377,4,9,57
5805,-108,59,90,377,5,8,57
5805,-108,53,90,377,3,9,58
5805,-108,49,90,377,4,9,57
5805,-108,34,90,377,3,9,58
5805,-108,57,90,377,4,10,58
5805,-108,31,90,377,3,10,58
5805,-108,45,90,377,5,9,57
5805,-108,57,90,377,4,9,58
5805,-108,42,90,377,4,8,57
5805,-108,65,90,377,4,10,58
5805,-108,55,90,377,5,10,58
5805,-108,49,90,377,4,11,58
5805,-108,36,90,377,5,11,58
5805,-108,32,90,377,4,9,56
5805,-108,55,90,377,3,11,58
5805,-108,34,90,377,4,9,58
5805,-108,37,90,377,4,9,57
5805,-108,33,89,377,4,8,55
5805,-108,46,90,377,4,8,56
5805,-108,63,90,377,4,9,57
5805,-108,49,90,377,4,11,58
5805,-108,38,90,377,5,11,58
5805,-108,41,90,377,4,11,57
5805,-108,41,90,377,4,9,57
5805,-108,50,90,377,3,10,57
5805,-108,59,90,377,3,9,58
5805,-108,34,90,377,4,10,57
5805,-108,44,90,377,5,10,58
5805,-108,35,89,378,5,11,57
5805,-108,31,90,377,6,10,57
5805,-108,32,90,377,4,9,57
5805,-108,39,90,377,5,10,57
5805,-108,40,90,377,4,11,58
5805,-108,42,90,377,4,9,57
5805,-108,38,90,377,4,7,56
5805,-108,51,90,377,4,10,57
5805,-108,57,90,377,3,11,57
5805,-108,47,90,377,4,10,57
5805,-108,41,90,377,5,11,58
5805,-108,36,90,377,5,9,57
5805,-108,43,90,377,4,9,57
5805,-108,50,90,377,3,11,58
5805,-108,45,90,377,5,8,57
5805,-108,35,90,377,4,9,56
5805,-108,45,90,377,5,10,57
5805,-108,45,90,377,3,10,58
5805,-108,60,90,377,5,9,57
5805,-108,36,90,377,4,8,58
5805,-108,35,90,377,3,10,57
5805,-108,57,90,377,4,9,58
5805,-108,32,90,377,5,8,57
5805,-108,52,90,377,5,11,58
5805,-108,40,90,377,5,10,57
5805,-108,37,90,377,4,9,57
5805,-108,40,90,377,4,11,58
5805,-108,59,90,377,4,8,56
5805,-108,48,89,377,5,7,55
5805,-108,39,90,377,3,9,58
5805,-108,38,90,377,4,10,58
5805,-108,40,90,377,5,10,57
5805,-108,56,90,377,4,11,57
5805,-108,47,90,377,5,9,57
5805,-108,41,90,377,4,10,58
5805,-108,61,90,377,3,9,57
5805,-108,56,90,377,4,10,57
5805,-108,37,90,377,4,10,58
5805,-108,54,90,377,4,10,58
5805,-108,53,90,377,4,9,58
5805,-108,39,90,377,4,10,58
5805,-108,44,90,377,4,10,57
5805,-108,46,90,377,4,10,58
5805,-108,33,90,377,3,11,58
5805,-108,68,90,377,3,9,58
5805,-108,48,90,377,4,9,58
5805,-108,50,90,377,5,10,58
5805,-108,47,90,377,4,11,58
5805,-108,52,90,377,5,9,57
5805,-108,43,90,377,4,9,57
5805,-108,39,90,377,3,8,58
5805,-108,45,90,377,3,9,57
5805,-108,36,90,377,4,10,57
5805,-108,37,90,377,5,9,57
5805,-108,60,90,377,3,9,57
5805,-108,49,90,377,5,9,57
5805,-108,52,90,377,5,11,57
5805,-108,39,90,377,4,9,58
5805,-108,47,90,377,5,9,57
5805,-108,37,90,377,5,11,57
5805,-108,44,90,377,5,9,57
5805,-108,40,90,377,5,11,58
5805,-108,49,90,377,4,11,58
5805,-108,37,90,377,5,8,56
5805,-108,39,90,377,4,8,57
5805,-108,41,90,377,4,9,57
5805,-108,52,90,377,4,8,57
5805,-108,40,90,377,5,9,58
5805,-108,44,90,377,4,10,57
5805,-108,44,90,377,4,9,56
5805,-108,40,90,377,4,9,58
5805,-108,42,90,377,4,10,57
5805,-108,38,90,377,4,9,57
5805,-108,54,90,377,4,9,57
5805,-108,50,90,377,3,10,57
5805,-108,37,90,377,4,10,57
5805,-108,48,90,377,4,7,56
5805,-108,39,90,377,3,9,57
5805,-108,54,90,377,5,9,57
5805,-108,58,90,377,4,10,58
5805,-108,50,90,377,4,10,57
5805,-108,52,90,377,3,11,58
5805,-108,42,90,377,4,10,58
5805,-108,47,90,377,3,9,58
5805,-108,48,90,377,3,10,58
5805,-108,35,90,377,4,10,57
5805,-108,47,90,377,4,9,57
5805,-108,43,90,377,3,10,58
5805,-108,57,90,377,4,9,57
5805,-108,37,90,377,4,10,57
5805,-108,42,90,377,4,10,57
5805,-108,53,90,377,3,9,57
5805,-108,63,90,377,3,11,58
5805,-108,43,90,377,4,12,58
5805,-108,29,89,377,6,9,56
5805,-108,53,90,377,4,10,57
5805,-108,39,89,377,4,9,56
5805,-108,54,90,377,4,9,57
5805,-108,51,90,377,5,8,57
5805,-108,48,90,377,5,10,58
5805,-108,42,90,377,4,9,58
5805,-108,63,90,377,4,9,58
5805,-108,49,90,377,5,9,57
5805,-108,66,90,377,4,11,58
5805,-108,52,90,377,4,8,57
5805,-108,50,90,377,4,10,58
5805,-108,47,90,377,4,9,57
5805,-108,57,90,377,3,10,58
5805,-108,60,90,377,5,8,57
5805,-108,33,90,377,4,9,58
5805,-108,41,90,377,5,8,57
5805,-108,42,90,377,4,11,58
5805,-108,51,90,377,5,10,59
5805,-108,47,90,377,4,9,58
5805,-108,50,90,377,3,9,57
5805,-108,39,90,377,5,9,56
5805,-108,34,89,377,5,9,57
5805,-108,54,90,377,5,11,58
5805,-108,50,90,377,3,9,57
5805,-108,44,90,377,3,10,59
5805,-108,51,90,377,3,11,59
5805,-108,42,90,377,5,10,58
5805,-108,52,90,377,5,11,58
5805,-108,48,90,377,4,9,57
5805,-108,51,90,377,4,10,57
5805,-108,46,90,377,4,11,57
5805,-108,35,90,377,5,10,57
5805,-108,26,90,377,4,12,57
5805,-108,43,90,377,3,10,57
5805,-108,46,90,377,5,9,57
5805,-108,44,90,377,5,9,57
5805,-108,37,90,377,4,6,57
5805,-108,46,90,377,4,9,58
5805,-108,47,90,377,5,9,56
5805,-108,40,90,377,5,11,58
5805,-108,59,90,377,5,12,58
5805,-108,55,90,377,5,10,58
5805,-108,40,90,377,5,11,58
5805,-108,48,90,377,4,11,57
5805,-108,54,90,377,5,9,56
5805,-108,52,90,377,3,7,57
5805,-108,38,90,377,4,9,57
5805,-108,40,90,377,4,8,57
5805,-108,52,90,377,4,9,57
5805,-108,48,90,377,2,9,57
5805,-108,35,90,377,5,11,58
5805,-108,42,90,377,5,10,58
5805,-108,38,90,377,6,9,58
5805,-108,36,90,377,3,9,57
5805,-108,36,90,377,6,10,57
5805,-108,42,90,377,3,10,58
5805,-108,51,90,377,5,11,58
5805,-108,61,90,377,5,8,57
5805,-108,66,90,377,6,9,57
5805,-108,49,90,377,5,9,57
5805,-108,39,90,377,4,11,58
5805,-108,42,90,377,4,8,57
5805,-108,52,90,377,3,10,57
5805,-108,66,90,377,4,9,58
5805,-108,55,90,377,5,11,58
5805,-108,50,90,377,4,9,57
5805,-108,46,90,377,5,9,58
5805,-108,42,90,377,4,10,58
5805,-108,31,90,377,4,9,58
5805,-108,54,90,377,4,10,58
5805,-108,51,89,377,5,9,56
5805,-108,48,90,377,4,9,57
5805,-108,37,90,377,5,12,58
5805,-108,56,90,377,2,8,57
5805,-108,52,90,377,5,10,58
5805,-108,44,90,377,4,9,57
5805,-108,40,90,377,4,10,57
5805,-108,37,90,377,3,11,58
5805,-108,48,90,377,4,10,57
5805,-108,47,90,377,5,9,58
5805,-108,57,90,377,4,9,58
5805,-108,43,90,377,4,7,56
5805,-108,50,90,377,4,9,57
5805,-108,57,90,377,3,10,57
5805,-108,41,90,377,5,10,58
5805,-108,63,90,377,4,10,57
5805,-108,56,90,377,5,10,57
5805,-108,33,90,377,4,9,56
5805,-108,48,90,377,5,12,58
5805,-108,39,90,377,6,10,57
5805,-108,43,90,377,4,9,57
5805,-108,47,90,377,5,9,58
5805,-108,44,90,377,4,10,57
5805,-108,44,90,377,4,9,58
5805,-108,45,90,377,4,10,57
5805,-108,39,90,377,5,9,57
5805,-108,60,90,377,4,9,58
5805,-108,57,90,377,4,9,57
5805,-108,34,90,377,5,9,57
5805,-108,62,90,377,4,9,57
5805,-108,39,90,377,5,9,58
5805,-108,47,90,377,4,10,57
5805,-108,48,90,377,5,10,58
5805,-108,33,90,377,3,9,57
5805,-108,43,90,377,3,9,57
5805,-108,55,90,377,5,11,58
5805,-108,47,90,377,3,9,57
5805,-108,46,90,377,4,10,57
5805,-108,52,90,377,3,11,58
5805,-108,37,90,377,4,9,57
5805,-108,59,90,377,4,10,57
5805,-108,32,90,377,5,8,57
5805,-108,49,90,377,4,8,57
5805,-108,40,90,377,4,9,57
5805,-108,44,90,377,4,10,58
5805,-108,52,90,377,3,8,57
5805,-108,56,90,377,4,10,57
5805,-108,33,90,377,5,10,57
5805,-108,39,90,377,5,10,58
5805,-108,31,89,377,4,8,56
5805,-108,45,90,377,5,10,57
5805,-108,59,90,377,4,10,58
5805,-108,46,90,377,2,8,57
5805,-108,45,90,377,4,10,57
5805,-108,51,90,377,4,8,57
5805,-108,48,90,377,4,10,57
5805,-108,38,90,377,4,10,57
5805,-108,41,90,377,5,9,57
5805,-108,31,90,377,5,9,57
5805,-108,53,90,377,5,9,57
5805,-108,60,90,377,3,9,57
5805,-108,56,90,377,5,11,57
5805,-108,43,90,377,4,10,57
5805,-108,60,90,377,3,8,57
5805,-108,49,90,377,5,10,57
5805,-108,50,90,377,3,10,57
5805,-108,63,90,377,4,10,58
5805,-108,32,90,377,4,9,57
5805,-108,60,90,377,5,8,56
5805,-108,43,90,377,5,9,57
5805,-108,57,90,377,5,11,58
5805,-108,31,90,377,4,11,57
5805,-108,46,90,377,3,9,57
5805,-108,38,90,377,6,8,57
5805,-108,54,90,377,5,11,58
5805,-108,57,90,377,5,10,57
5805,-108,56,90,377,4,8,57
5805,-108,35,90,377,3,11,57
5805,-108,34,90,377,4,9,57
5805,-108,41,90,377,4,10,57
5805,-108,43,90,377,6,9,57
5805,-108,54,90,377,4,9,57
5805,-108,46,90,377,4,10,57
5805,-108,36,90,377,4,10,58
5805,-108,42,90,377,4,10,58
5805,-108,48,90,377,3,10,57
5805,-108,55,90,377,4,8,57
5805,-108,34,90,377,5,9,57
5805,-108,45,90,377,3,8,57
5805,-108,56,90,377,4,8,57
5805,-108,51,90,377,3,10,58
5805,-108,42,90,377,5,9,57
5805,-108,43,90,377,5,7,56
5805,-108,60,90,377,4,9,57
5805,-108,47,90,377,5,10,58
5805,-108,48,90,377,4,10,58
5805,-108,51,90,377,3,11,58
5805,-108,61,90,377,4,11,58
5805,-108,64,90,377,4,9,58
5805,-108,44,90,377,5,9,57
5805,-108,54,90,377,4,11,58
5805,-108,60,90,377,3,10,58
5805,-108,41,90,377,3,7,56
5805,-108,52,90,377,3,9,58
5805,-108,39,90,377,5,10,57
5805,-108,50,90,377,3,10,58
5805,-108,57,90,377,3,10,58
5805,-108,54,90,377,5,11,58
5805,-108,45,90,377,4,12,58
5805,-108,27,90,377,4,10,57
5805,-108,51,90,377,4,10,57
5805,-108,55,90,377,4,9,57
5805,-108,42,90,377,4,8,57
5805,-108,63,90,377,3,11,58
5805,-108,51,90,377,4,9,57
5805,-108,52,90,377,5,9,58
5805,-108,73,90,377,4,10,58
5805,-108,64,90,377,3,9,58
5805,-108,48,90,377,3,12,58
5805,-108,42,90,377,4,9,57
5805,-108,33,90,377,4,8,56
5805,-108,47,90,377,4,11,57
5805,-108,47,90,377,2,8,58
5805,-108,38,90,377,4,9,57
5805,-108,55,90,377,3,10,57
5805,-108,44,90,377,4,10,57
5805,-108,49,90,377,3,9,58
5805,-108,42,90,377,5,9,57
5805,-108,48,90,377,3,9,57
5805,-108,53,90,377,4,10,58
5805,-108,39,90,377,4,9,57
5805,-108,33,90,377,3,9,57
5805,-108,46,90,377,5,8,56
5805,-108,47,90,377,4,10,57
5805,-108,53,90,377,3,9,57
5805,-108,51,90,377,5,10,57
5805,-108,37,90,377,4,10,58
5805,-108,40,90,377,4,8,57
5805,-108,66,90,377,5,9,57
5805,-108,47,90,377,5,10,58
5805,-108,46,90,377,4,8,57
5805,-108,39,90,377,4,10,57
5805,-108,41,90,377,4,9,57
5805,-108,38,90,377,3,10,57
5805,-108,41,90,377,4,7,56
5805,-108,43,89,377,4,8,57
5805,-108,43,90,377,4,10,58
5805,-108,42,90,377,5,11,58
5805,-108,74,90,377,4,9,58
5805,-108,48,90,377,4,7,57
5805,-108,32,90,377,5,9,57
5805,-108,49,90,377,5,10,57
5805,-108,56,90,377,4,8,57
5805,-108,41,90,377,4,10,58
5805,-108,55,89,378,5,10,57
5805,-108,50,90,377,4,9,58
5805,-108,45,90,377,4,9,57
5805,-108,48,90,377,4,9,57
5805,-108,47,90,377,3,10,58
5805,-108,48,90,377,4,9,57
5805,-108,65,90,377,5,9,57
5805,-108,40,90,377,5,8,57
5805,-108,30,90,377,3,9,57
5805,-108,34,90,377,3,8,57
5805,-108,37,90,377,4,11,58
5805,-108,38,90,377,3,9,57
5805,-108,50,90,377,4,10,58
5805,-108,34,90,377,3,11,58
5805,-108,27,90,377,5,10,56
5805,-108,56,90,377,5,10,57
5805,-108,33,90,377,4,11,58
5805,-108,39,90,377,5,9,58
5805,-108,37,90,377,5,11,58
5805,-108,47,90,377,3,9,57
5805,-108,50,90,377,4,7,57
5805,-108,46,90,377,5,9,57
5805,-108,40,90,377,1,9,58
5805,-108,46,90,377,2,10,57
5805,-108,63,90,377,5,10,58
5805,-108,34,90,377,4,10,57
5805,-108,37,90,377,4,10,58
5805,-108,43,90,377,2,10,58
5805,-108,46,90,377,4,9,58
5805,-108,51,90,377,4,8,57
5805,-108,52,90,377,4,8,57
5805,-108,43,90,377,4,8,57
5805,-108,51,90,377,4,8,56
5805,-108,46,90,377,3,10,58
5805,-108,55,90,377,5,9,58
5805,-108,45,90,377,4,8,57
5805,-108,49,90,377,5,10,58
5805,-108,55,90,377,4,11,58
5805,-108,36,90,377,5,10,57
5805,-108,46,90,377,4,10,58
5805,-108,46,90,377,3,8,57
5805,-108,41,90,377,4,10,57
5805,-108,38,90,377,5,11,57
5805,-108,70,90,377,5,11,58
5805,-108,53,90,377,5,10,58
5805,-108,56,90,377,5,8,57
5805,-108,41,90,377,5,9,58
5805,-108,41,90,377,4,9,57
5805,-108,56,90,377,4,9,57
5805,-108,57,90,377,4,8,57
5805,-108,45,89,377,5,8,56
5805,-108,49,90,377,4,10,58
5805,-108,66,90,377,5,8,57
5805,-108,64,90,377,4,8,57
5805,-108,44,90,377,3,9,57
5805,-108,55,90,377,5,12,58
5805,-108,49,89,377,5,9,56
5805,-108,41,90,377,3,9,58
5805,-108,41,90,377,4,12,58
5805,-108,39,90,377,4,10,57
5805,-108,47,90,377,4,11,58
5805,-108,45,90,377,5,8,57
5805,-108,27,89,378,5,10,57
5805,-108,48,90,377,5,8,56
5805,-108,41,90,377,5,9,57
5805,-108,52,90,377,5,10,58
5805,-108,51,90,377,3,8,57
5805,-108,48,90,377,4,9,58
5805,-108,54,90,377,5,9,57
5805,-108,50,90,377,3,9,57
5805,-108,56,90,377,4,11,58
5805,-108,41,90,377,5,8,57
5805,-108,53,90,377,5,9,57
5805,-108,39,89,377,5,11,57
5805,-108,48,90,377,5,10,57
5805,-108,42,90,377,4,9,57
5805,-108,53,90,377,4,8,57
5805,-108,58,90,377,4,11,58
5805,-108,51,90,377,3,9,57
5805,-108,49,90,377,3,8,57
5805,-108,37,90,377,4,9,57
5805,-108,29,89,378,6,8,56
5805,-108,35,90,377,4,10,57
5805,-108,39,90,377,5,8,57
5805,-108,43,90,377,4,11,58
5805,-108,49,90,377,4,8,58
5805,-108,42,90,377,5,10,57
5805,-108,39,90,377,4,10,58
5805,-108,47,90,377,4,9,57
5805,-108,66,90,377,3,10,58
5805,-108,45,90,377,4,10,57
5805,-108,55,90,377,4,9,57
5805,-108,35,90,377,5,10,57
5805,-108,46,90,377,4,8,57
5805,-108,63,90,377,4,11,57
5805,-108,42,90,377,4,9,57
5805,-108,61,90,377,5,11,57
5805,-108,64,90,377,5,8,57
5805,-108,34,90,377,5,9,57
5805,-108,50,90,377,4,10,56
5805,-108,49,90,377,2,8,57
5805,-108,62,90,377,4,10,58
5805,-108,34,90,377,5,10,57
5805,-108,38,90,377,4,10,57
5805,-108,45,90,377,4,8,57
5805,-108,52,90,377,5,11,57
5805,-108,31,90,377,4,9,57
5805,-108,35,90,377,4,9,58
5805,-108,61,90,377,3,9,57
5805,-108,65,90,377,4,9,57
5805,-108,30,89,377,5,11,57
5805,-108,46,90,377,3,10,58
5805,-108,76,90,377,4,10,58
5805,-108,49,90,377,5,10,58
5805,-108,37,90,377,4,8,57
5805,-108,58,90,377,5,9,57
5805,-108,48,89,377,4,8,56
5805,-108,69,90,377,2,9,57
5805,-108,55,90,377,5,9,58
5805,-108,44,90,377,4,9,57
5805,-108,64,90,377,4,10,58
5805,-108,36,89,377,5,10,57
5805,-108,61,90,377,3,8,57
5805,-108,54,90,377,4,9,57
5805,-108,63,90,377,5,9,57
5805,-108,61,90,377,2,9,58
5805,-108,55,90,377,5,10,58
5805,-108,47,89,377,5,9,56
5805,-108,52,90,377,4,9,58
5805,-108,45,90,377,4,8,57
5805,-108,37,89,378,5,9,56
5805,-108,41,90,377,4,9,57
5805,-108,44,90,377,5,9,57
5805,-108,51,90,377,4,10,57
5805,-108,49,90,377,4,10,59
5805,-108,48,90,377,4,9,58
5805,-108,41,89,377,5,9,57
5805,-108,54,90,377,4,8,57
5805,-108,52,89,378,4,9,57
5805,-108,35,90,377,4,9,58
5805,-108,50,90,377,4,10,57
5805,-108,56,90,377,4,10,58
5805,-108,60,90,377,4,10,58
5805,-108,35,90,377,5,10,57
5805,-108,47,90,377,4,9,57
5805,-108,53,90,377,3,9,57
5805,-108,52,90,377,5,8,58
5805,-108,45,90,377,5,8,57
5805,-108,44,90,377,5,9,57
5805,-108,42,90,377,4,11,58
5805,-108,39,90,377,3,10,58
5805,-108,54,90,377,3,10,58
5805,-108,52,90,377,4,10,57
5805,-108,44,90,377,4,9,57
5805,-108,46,90,377,4,9,58
5805,-108,39,90,377,3,8,57
5805,-108,46,90,377,4,8,57
5805,-108,63,90,377,4,10,58
5805,-108,68,90,377,5,11,58
5805,-108,31,90,377,4,11,57
5805,-108,45,90,377,5,11,58
5805,-108,57,90,377,5,10,57
5805,-108,53,90,377,4,11,59
5805,-108,56,90,377,4,8,56
5805,-108,41,89,377,6,9,56
5805,-108,55,90,377,4,10,58
5805,-108,34,89,377,4,10,57
5805,-108,45,90,377,4,7,56
5805,-108,58,90,377,4,10,57
5805,-108,63,90,377,3,10,58
5805,-108,48,90,377,4,8,57
5805,-108,35,90,377,4,10,58
5805,-108,46,90,377,4,9,58
5805,-108,47,90,377,3,9,57
5805,-108,46,90,377,5,9,57
5805,-108,44,90,377,5,9,58
5805,-108,57,90,377,5,11,58
5805,-108,55,90,377,4,10,58
5805,-108,50,90,377,5,8,57
5805,-108,47,90,377,4,9,58
5805,-108,55,90,377,4,10,58
5805,-108,52,90,377,5,10,58
5805,-108,49,90,377,3,12,57
5805,-108,48,90,377,5,11,58
5805,-108,39,90,377,3,9,57
5805,-108,39,90,377,4,9,57
5805,-108,46,90,377,4,10,57
5805,-108,63,90,377,4,7,56
5805,-108,51,90,377,4,10,58
5805,-108,55,90,377,4,9,57
5805,-108,46,89,377,5,10,56
5805,-108,52,90,377,3,10,58
5805,-108,45,90,377,4,9,57
5805,-108,60,90,377,5,9,58
5805,-108,46,90,377,6,9,57
5805,-108,27,90,377,4,10,57
5805,-108,38,90,377,5,8,56
5805,-108,35,90,377,4,8,57
5805,-108,51,90,377,6,8,57
5805,-108,38,90,377,3,10,58
5805,-108,48,90,377,4,10,58
5805,-108,56,90,377,4,8,57
5805,-108,35,90,377,5,10,56
5805,-108,37,90,377,4,9,57
5805,-108,40,90,377,3,11,58
5805,-108,40,90,377,5,10,57
5805,-108,55,90,377,5,9,58
5805,-108,51,90,377,4,9,58
5805,-108,56,90,377,4,9,56
5805,-108,58,90,377,6,9,57
5805,-108,53,90,377,4,10,57
5805,-108,61,90,377,4,9,58
5805,-108,53,90,377,4,8,57
5805,-108,48,90,377,2,12,57
5805,-108,32,90,377,5,10,57
5805,-108,41,90,377,5,10,58
5805,-108,43,89,377,4,10,56
5805,-108,52,90,377,3,10,57
5805,-108,45,90,377,3,9,57
5805,-108,54,90,377,4,10,58
5805,-108,46,90,377,3,8,57
5805,-108,44,90,377,5,10,57
5805,-108,35,90,377,4,10,57
5805,-108,43,90,377,4,10,57
5805,-108,62,90,377,4,10,58
5805,-108,54,90,377,4,10,57
5805,-108,46,90,377,4,9,57
5805,-108,56,90,377,6,9,57
5805,-108,57,90,377,4,9,57
5805,-108,46,90,377,4,10,57
5805,-108,55,90,377,5,11,59
5805,-108,51,90,377,5,10,58
5805,-108,46,90,377,4,9,57
5805,-108,50,90,377,5,8,58
5805,-108,60,90,377,3,8,57
5805,-108,57,90,377,3,10,57
5805,-108,48,90,377,4,10,57
5805,-108,67,90,377,4,9,58
5805,-108,44,90,377,5,11,58
5805,-108,64,90,377,6,11,57
5805,-108,47,90,377,4,9,58
5805,-108,61,90,377,4,10,57
5805,-108,64,90,377,5,10,58
5805,-108,49,90,377,3,9,56
5805,-108,83,90,377,3,9,57
5805,-108,57,90,377,4,8,57
5805,-108,51,90,377,4,10,57
5805,-108,37,90,377,6,8,57
5805,-108,57,90,377,4,10,59
5805,-108,71,90,377,4,10,58
5805,-108,44,90,377,4,9,57
5805,-108,68,90,377,5,9,58
5805,-108,54,90,377,4,10,58
5805,-108,33,90,377,5,11,58
5805,-108,54,90,377,4,10,57
5805,-108,35,89,377,4,10,57
5805,-108,61,90,377,3,9,57
5805,-108,30,90,377,5,10,57
5805,-108,32,90,377,4,9,57
5805,-108,50,90,377,5,9,57
5805,-108,57,90,377,4,10,58
5805,-108,59,90,377,3,9,58
5805,-108,38,90,377,4,9,57
5805,-108,47,90,377,6,10,58
5805,-108,40,90,377,4,10,56
5805,-108,46,90,377,4,10,57
5805,-108,50,90,377,6,11,57
5805,-108,53,90,377,4,11,58
5805,-108,35,90,377,4,9,57
5805,-108,60,90,377,5,10,57
5805,-108,38,90,377,4,9,57
5805,-108,49,90,377,4,8,58
5805,-108,45,90,377,5,10,58
5805,-108,55,90,377,3,11,58
5805,-108,28,90,377,5,9,57
5805,-108,44,90,377,5,10,57
5805,-108,31,90,377,4,10,56
5805,-108,49,90,377,4,10,58
5805,-108,56,90,377,5,9,57
5805,-108,43,90,377,4,11,58
5805,-108,48,90,377,3,11,58
5805,-108,55,90,377,4,9,56
5805,-108,39,90,377,5,10,57
5805,-108,64,90,377,4,9,57
5805,-108,41,90,377,4,11,58
5805,-108,51,90,377,4,9,58
5805,-108,51,90,377,4,10,57
5805,-108,43,90,377,4,8,57
5805,-108,43,90,377,3,11,57
5805,-108,45,90,377,3,9,57
5805,-108,61,90,377,5,9,58
5805,-108,40,90,377,3,9,56
5805,-108,42,90,377,4,10,57
5805,-108,40,90,377,4,10,57
5805,-108,46,90,377,5,8,57
5805,-108,57,90,377,3,8,57
5805,-108,62,90,377,3,9,57
5805,-108,33,90,377,3,10,57
5805,-108,46,90,377,3,10,58
5805,-108,61,90,377,4,9,58
5805,-108,38,90,377,4,8,56
5805,-108,43,90,377,2,8,56
5805,-108,34,90,377,4,11,57
5805,-108,56,90,377,4,8,57
5805,-108,30,90,377,3,9,57
5805,-108,34,90,377,4,10,58
5805,-108,57,90,377,2,10,57
5805,-108,46,90,377,5,12,58
5805,-108,38,90,377,4,9,58
5805,-108,32,90,377,5,8,56
5805,-108,36,90,377,4,9,57
5805,-108,54,90,377,4,9,57
5805,-108,47,90,377,4,10,58
5805,-108,41,90,377,4,8,57
5805,-108,33,90,377,5,10,58
5805,-108,52,90,377,3,9,57
5805,-108,47,90,377,5,9,58
5805,-108,67,90,377,5,9,58
5805,-108,49,90,377,5,11,58
5805,-108,52,89,377,4,9,56
5805,-108,37,90,377,2,9,57
5805,-108,50,90,377,4,9,57
5805,-108,40,89,377,5,11,56
5805,-108,43,90,377,4,9,57
5805,-108,47,90,377,4,10,57
5805,-108,54,90,377,5,8,57
5805,-108,52,90,377,4,8,57
5805,-108,45,90,377,5,10,57
5805,-108,44,90,377,3,10,57
5805,-108,54,90,377,5,10,57
5805,-108,39,90,377,5,8,56
5805,-108,51,90,377,3,9,58
5805,-108,61,90,377,4,9,57
5805,-108,43,90,377,4,10,58
5805,-108,30,90,377,5,10,58
5805,-108,41,90,377,4,10,57
5805,-108,40,90,377,4,10,58
5805,-108,55,90,377,5,9,57
5805,-108,42,90,377,4,11,58
5805,-108,53,90,377,4,8,57
5805,-108,49,90,377,4,11,57
5805,-108,50,90,377,4,9,57
5805,-108,55,90,377,3,10,58
5805,-108,30,90,377,4,8,56
5805,-108,56,90,377,4,9,57
5805,-108,58,90,377,3,9,57
5805,-108,49,90,377,4,10,58
5805,-108,69,90,377,4,10,57
5805,-108,77,90,377,5,8,57
5805,-108,43,90,377,4,10,57
5805,-108,41,90,377,5,10,57
5805,-108,42,90,377,2,10,57
5805,-108,40,90,377,5,9,58
5805,-108,37,90,377,4,10,57
5805,-108,61,90,377,4,11,58
5805,-108,36,90,377,3,8,56
5805,-108,34,90,377,4,11,57
5805,-108,42,90,377,4,11,58
5805,-108,36,90,377,5,11,58
5805,-108,46,90,377,4,10,57
5805,-108,38,90,377,3,10,57
5805,-108,38,90,377,4,9,57
5805,-108,42,89,377,5,8,56
5805,-108,55,90,377,3,8,57
5805,-108,59,90,377,3,9,58
5805,-108,48,90,377,4,9,57
5805,-108,37,89,377,5,10,57
5805,-108,59,90,377,4,8,58
5805,-108,41,90,377,6,10,58
5805,-108,45,89,377,5,7,56
5805,-108,40,90,377,4,11,58
5805,-108,60,90,377,3,11,57
5805,-108,64,90,377,5,10,58
5805,-108,66,90,377,5,10,58
5805,-108,67,90,377,5,10,57
5805,-108,46,90,377,5,9,58
5805,-108,48,90,377,4,9,57
5805,-108,48,90,377,4,9,58
5805,-108,73,90,377,5,10,58
5805,-108,47,90,377,4,9,57
5805,-108,55,90,377,5,9,57
5805,-108,54,90,377,3,10,58
5805,-108,31,90,377,4,10,57
5805,-108,36,90,377,3,12,58
5805,-108,37,90,377,5,9,57
5805,-108,35,90,377,4,10,57
5805,-108,58,90,377,2,11,58
5805,-108,49,90,377,3,9,57
5805,-108,51,90,377,5,10,57
5805,-108,33,90,377,4,8,57
5805,-108,55,89,377,5,7,56
5805,-108,59,90,377,4,9,58
5805,-108,50,90,377,4,9,57
5805,-108,45,90,377,4,6,55
5805,-108,37,90,377,4,9,57
5805,-108,55,90,377,4,9,57
5805,-108,46,90,377,4,9,58
5805,-108,44,90,377,3,10,58
5805,-108,60,90,377,5,8,57
5805,-108,53,90,377,5,9,57
5805,-108,44,90,377,4,9,58
5805,-108,50,90,377,5,11,58
5805,-108,50,90,377,3,8,56
5805,-108,47,90,377,5,8,58
5805,-108,42,90,377,4,10,58
5805,-108,49,90,377,2,9,56
5805,-108,70,90,377,6,9,57
5805,-108,49,90,377,5,10,57
5805,-108,56,90,377,5,10,57
5805,-108,48,90,377,5,9,57
5805,-108,62,90,377,5,11,58
5805,-108,38,90,377,5,10,57
5805,-108,46,90,377,5,12,58
5805,-108,43,90,377,4,9,57
5805,-108,60,90,377,3,9,57
5805,-108,43,90,377,3,10,57
5805,-108,49,90,377,4,10,58
5805,-108,40,90,377,5,10,58
5805,-108,59,90,377,5,9,57
5805,-108,35,90,377,5,8,57
5805,-108,65,90,377,4,8,57
5805,-108,61,90,377,5,9,57
5805,-108,59,90,377,5,9,57
5805,-108,36,90,377,5,9,57
5805,-108,30,90,377,5,10,57
5805,-108,65,90,377,4,9,57
5805,-108,47,90,377,4,9,57
5805,-108,34,90,377,4,11,58
5805,-108,56,90,377,4,9,57
5805,-108,51,90,377,4,10,58
5805,-108,53,90,377,4,8,57
5805,-108,54,90,377,3,11,57
5805,-108,51,90,377,4,10,58
5805,-108,59,90,377,4,10,57
5805,-108,63,90,377,4,9,57
5805,-108,30,90,377,6,9,57
5805,-108,47,90,377,5,10,58
5805,-108,54,90,377,5,9,57
5805,-108,54,90,377,5,9,57
5805,-108,44,90,377,5,9,56
5805,-108,53,90,377,5,8,57
5805,-108,47,90,377,4,8,56
5805,-108,65,90,377,4,10,58
5805,-108,56,90,377,5,8,57
5805,-108,54,90,377,4,11,58
5805,-108,49,90,377,3,10,57
5805,-108,50,90,377,4,7,56
5805,-108,37,90,377,5,10,57
5805,-108,50,90,377,4,10,57
5805,-108,42,90,377,5,10,57
5805,-108,46,90,377,2,10,57
5805,-108,44,90,377,4,9,57
5805,-108,56,90,377,4,10,58
5805,-108,42,90,377,5,10,58
5805,-108,40,89,377,4,11,56
5805,-108,41,90,377,4,8,57
5805,-108,52,90,377,4,9,57
5805,-108,44,90,377,4,8,58
5805,-108,29,90,377,4,10,57
5805,-108,67,90,377,5,9,57
5805,-108,49,90,377,4,10,57
5805,-108,55,90,377,4,9,57
5805,-108,52,90,377,5,10,57
5805,-108,49,90,377,4,10,56
5805,-108,63,90,377,3,7,57
5805,-108,61,90,377,4,10,58
5805,-108,54,90,377,4,9,57
5805,-108,32,90,377,4,10,57
5805,-108,68,90,377,5,8,58
5805,-108,43,90,377,4,9,57
5805,-108,52,90,377,4,9,57
5805,-108,56,88,378,5,11,56
5805,-108,52,90,377,3,8,56
5805,-108,49,90,377,4,10,57
5805,-108,54,90,377,4,10,58
5805,-108,43,90,377,3,7,57
5805,-108,57,90,377,6,10,58
5805,-108,52,90,377,4,11,57
5805,-108,46,90,377,4,9,57
5805,-108,56,90,377,4,9,58
5805,-108,54,90,377,5,10,58
5805,-108,49,90,377,4,11,58
5805,-108,70,90,377,4,8,57
5805,-108,48,90,377,4,9,58
5805,-108,38,89,377,5,9,56
5805,-108,48,90,377,4,8,57
5805,-108,37,90,377,3,8,57
5805,-108,53,90,377,5,8,57
5805,-108,35,90,377,4,10,57
5805,-108,53,90,377,4,8,57
5805,-108,42,90,377,4,10,57
5805,-108,47,90,377,4,10,58
5805,-108,51,90,377,5,11,57
5805,-108,59,90,377,5,9,58
5805,-108,39,90,377,3,10,57
5805,-108,57,90,377,5,11,58
5805,-108,42,90,377,5,8,56
5805,-108,56,90,377,4,10,58
5805,-108,63,90,377,5,10,58
5805,-108,47,90,377,3,10,58
5805,-108,59,90,377,4,8,57
5805,-108,44,90,377,4,8,57
5805,-108,57,90,377,4,12,58
5805,-108,59,90,377,5,9,57
5805,-108,67,90,377,5,10,57
5805,-108,51,90,377,5,9,57
5805,-108,42,90,377,4,10,57
5805,-108,62,90,377,3,10,57
5805,-108,62,90,377,4,9,58
5805,-108,39,90,377,5,9,57
5805,-108,32,90,377,3,9,57
5805,-108,55,90,377,6,9,57
5805,-108,58,90,377,4,9,57
5805,-108,47,90,377,3,8,57
5805,-108,49,90,377,4,10,57
5805,-108,42,90,377,3,10,57
5805,-108,78,90,377,3,9,57
5805,-108,45,90,377,4,11,58
5805,-108,40,90,377,4,9,57
5805,-108,34,90,377,3,9,57
5805,-108,58,90,377,5,8,58
5805,-108,49,90,377,4,10,57
5805,-108,64,90,377,4,10,58
5805,-108,62,90,377,3,8,58
5805,-108,41,90,377,4,9,58
5805,-108,44,90,377,3,9,57
5805,-108,41,90,377,3,10,57
5805,-108,48,90,377,4,9,58
5805,-108,49,90,377,5,9,58
5805,-108,51,90,377,4,11,58
5805,-108,48,90,377,5,10,57
5805,-108,28,89,377,5,9,57
5805,-108,42,90,377,5,9,57
5805,-108,81,90,377,4,8,57
5805,-108,68,90,377,3,10,58
5805,-108,43,90,377,5,10,58
5805,-108,61,90,377,5,10,57
5805,-108,36,90,377,4,9,57
5805,-108,51,90,377,3,8,57
5805,-108,32,90,377,5,11,58
5805,-108,46,90,377,5,11,58
5805,-108,59,90,377,4,9,58
5805,-108,55,90,377,5,11,57
5805,-108,38,90,377,5,10,58
5805,-108,42,90,377,4,8,57
5805,-108,56,90,377,4,10,57
5805,-108,44,90,377,4,7,56
5805,-108,48,90,377,4,10,57
5805,-108,59,90,377,4,9,58
5805,-108,36,89,377,3,10,56
5805,-108,31,90,377,6,10,58
5805,-108,55,90,377,5,9,57
5805,-108,49,90,377,5,10,58
5805,-108,39,90,377,5,9,57
5805,-108,61,90,377,5,10,58
5805,-108,50,90,377,3,11,58
5805,-108,56,90,377,5,9,57
5805,-108,37,90,377,4,11,57
5805,-108,25,89,377,4,11,56
5805,-108,40,90,377,4,7,56
5805,-108,78,90,377,4,14,61
5805,-108,44,90,377,4,10,58
5805,-108,45,90,377,4,9,58
5805,-108,54,90,377,5,10,58
5805,-108,44,90,377,6,11,58
5805,-108,30,90,377,4,9,57
5805,-108,42,90,377,3,9,57
5805,-108,54,90,377,5,10,58
5805,-108,45,90,377,4,9,57
5805,-108,41,90,377,4,11,57
5805,-108,51,90,377,5,8,58
5805,-108,47,90,377,4,7,56
5805,-108,45,90,377,4,9,57
5805,-108,48,90,377,3,10,57
5805,-108,43,90,377,4,8,57
5805,-108,40,90,377,4,9,57
5805,-108,43,89,377,5,8,56
5805,-108,55,90,377,4,9,57
5805,-108,45,90,377,4,9,57
5805,-108,50,90,377,4,11,57
5805,-108,36,90,377,4,11,59
5805,-108,52,89,377,5,10,57
5805,-108,53,90,377,4,9,58
5805,-108,30,90,377,3,10,57
5805,-108,46,90,377,3,10,58
5805,-108,62,90,377,5,9,57
5805,-108,50,90,377,4,10,58
5805,-108,43,89,378,5,9,57
5805,-108,37,90,377,5,7,57
5805,-108,50,90,377,4,9,57
5805,-108,46,90,377,4,11,57
5805,-108,65,90,377,4,10,59
5805,-108,46,90,377,4,11,58
5805,-108,34,90,377,3,9,57
5805,-108,41,90,377,4,9,57
5805,-108,40,90,377,6,10,57
5805,-108,42,90,377,4,9,57
5805,-108,52,90,377,4,9,57
5805,-108,58,90,377,5,8,57
5805,-108,45,89,377,5,9,57
5805,-108,66,90,377,4,8,56
5805,-108,45,90,377,4,10,58
5805,-108,32,90,377,5,9,58
5805,-108,36,90,377,5,9,57
5805,-108,49,90,377,6,9,57
5805,-108,34,90,377,3,10,58
5805,-108,47,90,377,4,9,57
5805,-108,50,90,377,4,10,58
5805,-108,52,90,377,5,10,58
5805,-108,36,90,377,5,9,57
5805,-108,42,90,377,4,9,57
5805,-108,42,90,377,4,9,56
5805,-108,47,89,377,4,11,57
5805,-108,43,90,377,2,9,57
5805,-108,54,90,377,4,9,58
5805,-108,41,90,377,5,9,57
5805,-108,46,90,377,3,10,57
5805,-108,67,90,377,3,9,58
5805,-108,47,90,377,4,8,57
5805,-108,45,90,377,4,10,57
5805,-108,40,90,377,4,10,57
5805,-108,62,90,377,4,8,56
5805,-108,51,90,377,4,10,58
5805,-108,38,90,377,5,8,57
5805,-108,50,90,377,5,11,58
5805,-108,41,90,377,4,10,58
5805,-108,50,90,377,5,9,57
5805,-108,38,90,377,4,10,57
5805,-108,62,90,377,5,8,57
5805,-108,49,90,377,3,9,58
5805,-108,52,90,377,4,9,57
5805,-108,50,90,377,5,8,57
5805,-108,61,90,377,5,10,59
5805,-108,66,90,377,4,9,57
5805,-108,49,90,377,5,10,57
5805,-108,60,89,377,4,7,56
5805,-108,49,90,377,5,9,57
5805,-108,44,90,377,5,9,57
5805,-108,41,90,377,4,9,57
5805,-108,47,90,377,5,8,57
5805,-108,35,90,377,4,9,57
5805,-108,41,90,377,4,10,58
5805,-108,42,90,377,4,9,57
5805,-108,50,90,377,4,10,58
5805,-108,45,90,377,5,10,57
5805,-108,39,90,377,5,10,57
5805,-108,43,90,377,6,9,58
5805,-108,48,90,377,4,8,56
5805,-108,46,90,377,3,9,57
5805,-108,46,90,377,3,11,58
5805,-108,47,89,377,5,11,57
5805,-108,62,90,377,5,7,58
5805,-108,42,90,377,4,7,57
5805,-108,40,90,377,3,9,57
5805,-108,47,90,377,3,9,57
5805,-108,37,90,377,3,10,58
5805,-108,27,90,377,3,9,57
5805,-108,36,90,377,5,10,58
5805,-108,40,90,377,5,10,58
5805,-108,41,90,377,4,11,58
5805,-108,48,90,377,4,9,57
5805,-108,48,90,377,4,10,58
5805,-108,51,90,377,5,11,58
5805,-108,48,90,377,4,9,58
5805,-108,47,90,377,5,9,57
5805,-108,40,90,377,2,10,58
5805,-108,50,90,377,3,9,57
5805,-108,42,90,377,3,10,57
5805,-108,34,90,377,5,9,57
5805,-108,38,90,377,5,9,57
5805,-108,57,90,377,3,9,57
5805,-108,55,90,377,4,9,57
5805,-108,35,90,377,5,10,57
5805,-108,58,90,377,5,10,58
5805,-108,33,90,377,5,9,57
5805,-108,47,90,377,5,9,58
5805,-108,36,90,377,4,9,57
5805,-108,46,90,377,5,10,56
5805,-108,59,90,377,5,10,57
5805,-108,35,90,377,5,10,58
5805,-108,50,90,377,4,9,57
5805,-108,51,90,377,3,8,57
5805,-108,40,90,377,5,10,57
5805,-108,44,90,377,4,10,58
5805,-108,44,90,377,4,11,58
5805,-108,38,90,377,5,9,57
5805,-108,33,90,377,4,9,57
5805,-108,43,90,377,5,8,57
5805,-108,35,90,377,5,8,57
5805,-108,33,90,377,4,10,57
5805,-108,50,90,377,3,10,58
5805,-108,36,90,377,4,9,57
5805,-108,36,90,377,4,10,58
5805,-108,43,90,377,4,9,57
5805,-108,40,90,377,4,9,57
5805,-108,49,90,377,5,9,58
5805,-108,34,90,377,4,9,57
5805,-108,63,90,377,4,10,58
5805,-108,55,90,377,5,10,57
5805,-108,44,90,377,4,9,57
5805,-108,60,90,377,5,8,57
5805,-108,45,90,377,5,10,58
5805,-108,46,90,377,4,9,57
5805,-108,54,90,377,5,10,58
5805,-108,59,90,377,4,9,57
5805,-108,61,90,377,4,9,57
5805,-108,40,90,377,5,8,57
5805,-108,51,90,377,4,9,57
5805,-108,60,90,377,6,10,58
5805,-108,44,90,377,5,11,58
5805,-108,34,90,377,5,9,58
5805,-108,47,90,377,5,9,57
5805,-108,36,90,377,4,10,56
5805,-108,48,90,377,4,7,57
5805,-108,34,90,377,4,10,58
5805,-108,64,90,377,2,10,57
5805,-108,56,90,377,4,11,58
5805,-108,49,89,377,4,12,57
5805,-108,48,90,377,5,9,57
5805,-108,79,90,377,3,7,57
5805,-108,33,90,377,5,11,58
5805,-108,61,90,377,5,8,57
5805,-108,56,90,377,4,9,57
5805,-108,51,90,377,4,10,58
5805,-108,45,90,377,3,11,57
5805,-108,34,90,377,5,9,57
5805,-108,62,90,377,4,9,57
5805,-108,29,89,377,5,9,56
5805,-108,43,90,377,5,9,57
5805,-108,62,90,377,3,9,58
5805,-108,49,90,377,3,9,57
5805,-108,41,90,377,4,10,58
5805,-108,64,90,377,4,8,57
5805,-108,25,90,377,4,9,56
5805,-108,30,90,377,5,11,57
5805,-108,37,89,378,4,8,56
5805,-108,35,90,377,4,10,58
5805,-108,55,90,377,5,9,56
5805,-108,65,90,377,4,9,57
5805,-108,51,90,377,5,11,58
5805,-108,46,90,377,4,11,57
5805,-108,46,90,377,4,12,58
5805,-108,50,90,377,2,9,58
5805,-108,37,90,377,4,10,57
5805,-108,47,90,377,4,9,57
5805,-108,37,90,377,4,10,57
5805,-108,31,89,378,4,9,57
5805,-108,41,90,377,4,8,57
5805,-108,43,90,377,5,9,57
5805,-108,49,90,377,3,9,57
5805,-108,37,90,377,3,9,57
5805,-108,42,90,377,4,9,57
5805,-108,53,90,377,5,9,57
5805,-108,49,90,377,3,10,58
5805,-108,69,90,377,5,9,58
5805,-108,39,90,377,4,9,57
5805,-108,58,90,377,2,10,58
5805,-108,46,90,377,4,11,58
5805,-108,63,90,377,5,10,58
5805,-108,53,90,377,5,9,57
5805,-108,45,90,377,4,10,58
5805,-108,37,90,377,4,10,57
5805,-108,66,90,377,2,10,57
5805,-108,42,88,378,5,7,54
5805,-108,51,90,377,4,9,57
5805,-108,40,90,377,4,9,58
5805,-108,44,90,377,4,8,57
5805,-108,44,90,377,3,9,57
5805,-108,57,90,377,3,10,58
5805,-108,41,90,377,4,10,58
5805,-108,48,90,377,4,10,57
5805,-108,52,90,377,4,9,57
5805,-108,43,90,377,4,10,57
5805,-108,32,90,377,5,10,57
5805,-108,36,90,377,5,9,58
5805,-108,55,90,377,4,9,58
5805,-108,49,90,377,6,11,57
5805,-108,44,90,377,4,8,57
5805,-108,56,90,377,5,11,57
5805,-108,67,90,377,5,8,58
5805,-108,35,90,377,3,11,57
5805,-108,29,90,377,4,8,56
5805,-108,41,90,377,5,10,57
5805,-108,56,90,377,4,10,57
5805,-108,53,90,377,3,9,57
5805,-108,44,89,378,6,7,55
5805,-108,37,90,377,5,8,57
5805,-108,48,90,377,3,9,57
5805,-108,30,90,377,3,9,57
5805,-108,45,90,377,4,8,57
5805,-108,33,90,377,5,7,56
5805,-108,31,90,377,3,9,56
5805,-108,31,89,378,5,10,55
5805,-108,59,90,377,4,8,57
5805,-108,45,90,377,4,9,57
5805,-108,45,90,377,5,10,58
5805,-108,34,90,377,5,10,57
5805,-108,56,90,377,4,10,58
5805,-108,51,90,377,4,7,57
5805,-108,52,90,377,4,9,57
5805,-108,43,90,377,4,9,57
5805,-108,38,90,377,4,9,57
5805,-108,41,90,377,4,9,57
5805,-108,34,90,377,5,9,57
5805,-108,46,90,377,3,8,57
5805,-108,38,90,377,3,10,57
5805,-108,51,90,377,5,9,58
5805,-108,49,90,377,4,12,59
5805,-108,54,90,377,5,9,57
5805,-108,56,90,377,3,10,58
5805,-108,41,90,377,4,8,56
5805,-108,40,90,377,3,10,58
5805,-108,50,90,377,5,10,58
5805,-108,54,90,377,4,9,57
5805,-108,30,90,377,3,8,56
5805,-108,67,90,377,4,8,57
5805,-108,53,90,377,4,8,57
5805,-108,53,90,377,3,9,58
5805,-108,58,90,377,5,8,57
5805,-108,47,90,377,3,11,58
5805,-108,49,90,377,3,11,57
5805,-108,51,90,377,5,10,58
5805,-108,49,90,377,4,9,57
5805,-108,40,90,377,3,8,56
5805,-108,48,90,377,4,9,57
5805,-108,55,90,377,5,10,58
5805,-108,55,90,377,5,9,58
5805,-108,55,90,377,5,10,58
5805,-108,62,90,377,4,8,57
5805,-108,51,90,377,4,9,57
5805,-108,35,90,377,4,10,57
5805,-108,55,90,377,4,10,58
5805,-108,44,90,377,5,9,56
5805,-108,50,90,377,4,10,57
5805,-108,48,90,377,5,11,58
5805,-108,72,90,377,3,10,57
5805,-108,62,90,377,4,9,57
5805,-108,32,90,377,4,8,58
5805,-108,31,90,377,4,10,58
5805,-108,36,89,377,5,9,57
5805,-108,46,90,377,3,9,58
5805,-108,51,90,377,4,10,58
5805,-108,52,90,377,3,11,57
5805,-108,43,90,377,4,10,57
5805,-108,57,90,377,4,10,57
5805,-108,40,90,377,4,9,57
5805,-108,45,90,377,4,9,57
5805,-108,60,90,377,5,10,58
5805,-108,61,90,377,4,9,57
5805,-108,43,90,377,5,10,58
5805,-108,46,90,377,4,8,56
5805,-108,52,90,377,4,9,57
5805,-108,59,90,377,6,10,57
5805,-108,35,90,377,4,8,57
5805,-108,33,90,377,4,9,58
5805,-108,52,90,377,4,9,57
5805,-108,55,90,377,4,11,57
5805,-108,65,90,377,4,9,57
5805,-108,41,90,377,5,9,57
5805,-108,62,90,377,6,11,58
5805,-108,37,90,377,4,12,58
5805,-108,43,89,377,5,8,55
5805,-108,49,90,377,3,11,58
5805,-108,51,90,377,4,9,57
5805,-108,40,90,377,6,9,58
5805,-108,53,90,377,5,10,57
5805,-108,36,90,377,4,9,56
5805,-108,48,90,377,4,10,57
5805,-108,34,90,377,4,9,57
5805,-108,64,90,377,3,11,58
5805,-108,50,90,377,6,8,57
5805,-108,57,90,377,4,9,57
5805,-108,29,90,377,5,8,56
5805,-108,41,90,377,5,9,57
5805,-108,42,90,377,5,9,57
5805,-108,37,90,377,4,10,59
5805,-108,46,90,377,4,10,58
5805,-108,40,90,377,3,9,58
5805,-108,59,90,377,4,9,57
5805,-108,35,89,377,5,8,56
5805,-108,39,90,377,4,9,57
5805,-108,39,90,377,4,9,57
5805,-108,60,90,377,5,8,57
5805,-108,61,90,377,4,10,58
5805,-108,32,89,377,4,11,57
5805,-108,53,90,377,4,9,57
5805,-108,41,90,377,3,10,58
5805,-108,53,90,377,5,11,58
5805,-108,53,90,377,5,9,57
5805,-108,49,90,377,4,10,58
5805,-108,43,90,377,4,12,58
5805,-108,57,90,377,5,11,58
5805,-108,29,90,377,5,10,57
5805,-108,51,90,377,5,10,57
5805,-108,53,90,377,4,9,58
5805,-108,54,90,377,5,9,57
5805,-108,62,90,377,4,10,57
5805,-108,34,90,377,5,11,57
5805,-108,58,90,377,4,9,57
5805,-108,36,90,377,4,9,57
5805,-108,44,90,377,4,10,57
5805,-108,53,90,377,4,9,57
5805,-108,51,90,377,3,8,57
5805,-108,46,90,377,5,10,57
5805,-108,36,90,377,4,10,59
5805,-108,47,90,377,2,10,57
5805,-108,56,90,377,3,8,56
5805,-108,53,90,377,5,11,58
5805,-108,55,90,377,5,8,58
5805,-108,47,90,377,3,11,57
5805,-108,31,90,377,4,11,58
5805,-108,37,90,377,4,9,57
5805,-108,47,90,377,4,9,57
5805,-108,42,89,377,5,12,57
5805,-108,41,90,377,4,10,57
5805,-108,24,90,377,4,10,57
5805,-108,44,89,377,4,9,56
5805,-108,46,90,377,3,9,57
5805,-108,32,90,377,4,9,57
5805,-108,54,90,377,4,10,58
5805,-108,51,90,377,5,10,57
5805,-108,51,90,377,5,9,57
5805,-108,56,90,377,5,10,58
5805,-108,54,90,377,5,9,57
5805,-108,48,90,377,5,9,57
5805,-108,45,90,377,4,8,57
5805,-108,31,90,377,4,10,57
5805,-108,52,90,377,4,10,58
5805,-108,49,90,377,4,11,58
5805,-108,34,90,377,4,8,56
5805,-108,48,90,377,3,9,57
5805,-108,42,90,377,5,11,58
5805,-108,51,90,377,4,8,57
5805,-108,44,90,377,3,10,58
5805,-108,40,90,377,4,10,58
5805,-108,80,90,377,4,10,58
5805,-108,49,90,377,4,9,57
5805,-108,47,90,377,5,9,56
5805,-108,58,90,377,5,12,58
5805,-108,40,89,377,4,11,57
5805,-108,30,90,377,4,8,57
5805,-108,37,90,377,4,11,58
5805,-108,45,90,377,4,8,57
5805,-108,47,90,377,5,10,57
5805,-108,31,90,377,3,8,57
5805,-108,49,90,377,4,9,57
5805,-108,47,90,377,5,10,58
5805,-108,56,90,377,4,10,57
5805,-108,77,90,377,5,8,57
5805,-108,30,90,377,4,9,57
5805,-108,41,90,377,4,11,58
5805,-108,57,90,377,4,9,57
5805,-108,48,90,377,4,9,57
5805,-108,58,90,377,4,8,57
5805,-108,57,90,377,6,9,57
5805,-108,35,90,377,6,9,57
5805,-108,67,90,377,4,11,58
5805,-108,56,90,377,3,8,57
5805,-108,48,90,377,5,9,57
5805,-108,50,90,377,4,10,58
5805,-108,55,90,377,4,11,58
5805,-108,46,90,377,5,9,58
5805,-108,67,90,377,3,9,58
5805,-108,53,90,377,5,9,58
5805,-108,45,90,377,4,9,57
5805,-108,49,90,377,4,9,58
5805,-108,34,90,377,3,9,57
5805,-108,29,90,377,3,11,58
5805,-108,54,90,377,4,9,57
5805,-108,45,90,377,3,10,58
5805,-108,49,89,377,6,10,57
5805,-108,65,90,377,4,11,57
5805,-108,55,90,377,4,9,58
5805,-108,50,90,377,4,9,57
5805,-108,56,90,377,5,10,58
5805,-108,47,90,377,3,9,57
5805,-108,39,88,378,5,7,54
5805,-108,56,90,377,4,11,58
5805,-108,43,90,377,3,9,57
5805,-108,39,89,378,5,11,57
5805,-108,53,90,377,2,8,57
5805,-108,37,90,377,3,10,57
5805,-108,42,90,377,4,10,57
5805,-108,50,90,377,4,10,58
5805,-108,54,90,377,5,10,57
5805,-108,54,90,377,4,9,58
5805,-108,61,90,377,5,7,56
5805,-108,60,89,377,5,7,55
5805,-108,44,90,377,4,10,57
5805,-108,40,90,377,4,10,58
5805,-108,44,90,377,4,9,57
5805,-108,37,90,377,4,10,58
5805,-108,42,90,377,3,9,57
5805,-108,54,90,377,6,9,57
5805,-108,45,90,377,3,9,56
5805,-108,55,90,377,4,8,57
5805,-108,69,90,377,5,10,58
5805,-108,48,90,377,4,7,57
5805,-108,35,90,377,5,10,58
5805,-108,47,90,377,3,10,58
5805,-108,47,90,377,4,9,57
5805,-108,48,90,377,3,8,57
5805,-108,53,90,377,4,8,56
5805,-108,56,90,377,5,9,58
5805,-108,39,90,377,3,9,58
5805,-108,44,90,377,4,9,57
5805,-108,40,90,377,5,10,58
5805,-108,49,90,377,5,9,58
5805,-108,61,90,377,4,10,57
5805,-108,52,90,377,5,9,57
5805,-108,50,90,377,4,11,57
5805,-108,54,90,377,4,10,57
5805,-108,38,90,377,6,9,57
5805,-108,42,90,377,5,9,57
5805,-108,45,89,377,4,8,57
5805,-108,55,90,377,4,8,56
5805,-108,50,90,377,4,10,57
5805,-108,35,90,377,5,11,57
5805,-108,56,90,377,4,10,57
5805,-108,33,89,378,6,9,56
5805,-108,42,90,377,4,8,56
5805,-108,44,90,377,4,11,58
5805,-108,54,90,377,2,9,57
5805,-108,27,90,377,3,8,56
5805,-108,49,90,377,3,9,57
5805,-108,62,90,377,4,10,57
5805,-108,54,90,377,5,11,57
5805,-108,45,90,377,4,10,57
5805,-108,44,90,377,4,9,57
5805,-108,40,90,377,3,10,58
5805,-108,28,90,377,5,10,57
5805,-108,56,90,377,5,11,58
5805,-108,51,90,377,4,10,58
5805,-108,64,90,377,4,9,57
5805,-108,44,90,377,4,11,59
5805,-108,43,90,377,4,9,57
5805,-108,61,90,377,4,10,58
5805,-108,40,90,377,5,8,57
5805,-108,36,90,377,4,9,57
5805,-108,56,90,377,5,11,58
5805,-108,60,90,377,3,10,57
5805,-108,41,90,377,5,9,58
5805,-108,49,90,377,4,10,57
5805,-108,43,90,377,3,10,58
5805,-108,48,90,377,3,11,58
5805,-108,63,90,377,5,9,58
5805,-108,56,90,377,4,10,57
5805,-108,47,90,377,4,10,58
5805,-108,50,90,377,4,9,58
5805,-108,35,90,377,4,9,58
5805,-108,35,90,377,5,9,57
5805,-108,50,90,377,4,7,58
5805,-108,54,90,377,4,9,57
5805,-108,50,90,377,4,10,58
5805,-108,56,90,377,4,8,57
5805,-108,32,90,377,3,11,58
5805,-108,43,90,377,3,10,58
5805,-108,50,90,377,3,9,57
5805,-108,43,90,377,3,11,58
5805,-108,58,90,377,3,10,57
5805,-108,57,90,377,3,9,58
5805,-108,52,90,377,3,8,57
5805,-108,59,90,377,4,9,58
5805,-108,40,90,377,4,9,59
5805,-108,46,90,377,4,10,58
5805,-108,51,90,377,4,10,57
5805,-108,36,90,377,5,11,57
5805,-108,44,90,377,4,10,58
5805,-108,37,90,377,4,9,57
5805,-108,34,90,377,4,9,57
5805,-108,63,90,377,5,10,57
5805,-108,46,90,377,4,11,57
5805,-108,53,90,377,4,9,58
5805,-108,42,90,377,5,9,57
5805,-108,47,90,377,4,10,58
5805,-108,32,90,377,4,12,58
5805,-108,44,90,377,5,8,57
5805,-108,31,90,377,5,9,57
5805,-108,38,90,377,4,10,57
5805,-108,58,90,377,4,8,57
5805,-108,31,89,378,5,11,57
5805,-108,49,90,377,4,10,58
5805,-108,51,90,377,3,9,57
5805,-108,41,90,377,3,9,56
5805,-108,36,90,377,3,9,57
5805,-108,47,90,377,5,8,56
5805,-108,39,90,377,4,11,57
5805,-108,48,90,377,5,9,57
5805,-108,61,90,377,5,10,58
5805,-108,50,90,377,4,7,56
5805,-108,41,90,377,5,9,57
5805,-108,52,90,377,5,9,57
5805,-108,40,90,377,4,10,57
5805,-108,42,90,377,4,10,58
5805,-108,58,90,377,5,9,58
5805,-108,34,90,377,5,8,57
5805,-108,42,90,377,3,10,57
5805,-108,61,90,377,4,11,57
5805,-108,47,90,377,4,11,57
5805,-108,35,90,377,4,10,57
5805,-108,46,90,377,5,10,57
5805,-108,44,90,377,4,9,58
5805,-108,50,90,377,6,9,57
5805,-108,52,90,377,5,9,57
5805,-108,43,90,377,3,10,57
5805,-108,39,90,377,3,11,57
5805,-108,45,90,377,4,9,56
5805,-108,75,90,377,4,10,58
5805,-108,33,90,377,4,10,58
5805,-108,40,90,377,4,9,57
5805,-108,45,90,377,4,8,57
5805,-108,59,90,377,4,10,57
5805,-108,51,90,377,4,11,58
5805,-108,53,90,377,4,10,57
5805,-108,55,90,377,3,10,57
5805,-108,43,90,377,3,9,57
5805,-108,34,90,377,3,9,56
5805,-108,53,90,377,4,10,58
5805,-108,38,90,377,4,11,57
5805,-108,38,90,377,4,9,58
5805,-108,41,90,377,4,11,58
5805,-108,48,90,377,4,10,58
5805,-108,46,90,377,2,9,58
5805,-108,47,90,377,4,11,57
5805,-108,59,90,377,3,8,58
5805,-108,45,90,377,5,7,57
5805,-108,48,90,377,4,10,57
5805,-108,63,90,377,4,9,58
5805,-108,37,90,377,3,9,58
5805,-108,39,90,377,4,9,57
5805,-108,46,90,377,4,8,57
5805,-108,34,89,377,5,9,56
5805,-108,39,90,377,3,10,56
5805,-108,44,90,377,4,9,57
5805,-108,26,90,377,4,8,56
5805,-108,49,90,377,3,8,56
5805,-108,44,90,377,4,10,57
5805,-108,66,90,377,5,11,57
5805,-108,38,90,377,4,10,58
5805,-108,57,90,377,5,10,58
5805,-108,58,90,377,4,10,58
5805,-108,55,90,377,4,10,57
5805,-108,58,90,377,4,8,57
5805,-108,58,90,377,5,9,57
5805,-108,41,89,377,5,8,56
5805,-108,36,90,377,5,10,56
5805,-108,52,90,377,5,10,58
5805,-108,37,90,377,4,9,57
5805,-108,44,90,377,5,9,57
5805,-108,37,90,377,2,10,57
5805,-108,32,90,377,5,9,57
5805,-108,49,90,377,3,9,58
5805,-108,53,89,378,5,7,56
5805,-108,51,90,377,4,10,58
5805,-108,50,90,377,4,9,57
5805,-108,38,90,377,4,10,58
5805,-108,49,90,377,5,9,56
5805,-108,42,90,377,5,9,57
5805,-108,32,90,377,4,9,57
5805,-108,35,90,377,4,9,58
5805,-108,53,90,377,4,8,57
5805,-108,34,90,377,4,9,58
5805,-108,49,90,377,3,8,57
5805,-108,27,90,377,5,9,57
5805,-108,40,90,377,5,9,58
5805,-108,54,90,377,4,9,57
5805,-108,36,90,377,5,10,57
5805,-108,57,90,377,4,8,57
5805,-108,50,90,377,4,9,57
5805,-108,40,89,377,6,10,56
5805,-108,44,90,377,4,11,57
5805,-108,34,90,377,4,10,58
5805,-108,49,90,377,4,9,57
5805,-108,48,90,377,4,11,57
5805,-108,50,90,377,4,9,57
5805,-108,47,90,377,5,9,57
5805,-108,51,90,377,4,9,57
5805,-108,40,89,377,4,8,55
5805,-108,30,90,377,3,10,57
5805,-108,44,90,377,5,11,58
5805,-108,60,90,377,4,9,58
5805,-108,55,90,377,3,11,58
5805,-108,48,90,377,3,10,57
5805,-108,52,90,377,4,11,58
5805,-108,36,90,377,5,6,56
5805,-108,71,90,377,4,8,58
5805,-108,55,90,377,3,10,57
5805,-108,38,90,377,2,10,58
5805,-108,46,90,377,3,10,58
5805,-108,60,90,377,3,11,59
5805,-108,44,90,377,4,9,57
5805,-108,56,90,377,4,9,57
5805,-108,46,90,377,4,7,57
5805,-108,40,90,377,4,9,58
5805,-108,36,90,377,4,8,57
5805,-108,50,90,377,4,10,57
5805,-108,35,90,377,5,10,57
5805,-108,34,90,377,3,10,57
5805,-108,37,90,377,4,8,57
5805,-108,46,90,377,5,10,57
5805,-108,45,90,377,4,11,58
5805,-108,39,90,377,5,10,58
5805,-108,42,90,377,3,8,57
5805,-108,39,90,377,4,9,57
5805,-108,64,90,377,3,9,58
5805,-108,48,90,377,4,10,58
5805,-108,60,90,377,4,8,57
5805,-108,76,90,377,4,8,57
5805,-108,34,90,377,4,10,58
5805,-108,34,89,377,5,9,57
5805,-108,48,90,377,3,9,58
5805,-108,43,90,377,5,9,57
5805,-108,36,90,377,4,10,58
5805,-108,57,90,377,4,9,57
5805,-108,54,90,377,4,9,58
5805,-108,60,90,377,4,8,57
5805,-108,57,90,377,4,11,57
5805,-108,43,90,377,4,10,57
5805,-108,42,90,377,5,10,58
5805,-108,44,90,377,5,8,57
5805,-108,54,90,377,4,9,58
5805,-108,40,90,377,5,11,58
5805,-108,70,90,377,3,11,58
5805,-108,39,90,377,6,9,57
5805,-108,45,90,377,5,10,58
5805,-108,50,90,377,4,10,58
5805,-108,33,90,377,4,6,57
5805,-108,54,90,377,3,9,57
5805,-108,40,90,377,3,10,57
5805,-108,31,89,377,5,10,55
5805,-108,38,90,377,5,10,57
5805,-108,33,90,377,4,11,57
5805,-108,42,90,377,4,9,57
5805,-108,36,90,377,4,9,57
5805,-108,45,90,377,3,10,58
5805,-108,42,90,377,4,11,58
5805,-108,48,90,377,4,8,57
5805,-108,57,90,377,5,11,58
5805,-108,45,90,377,4,10,58
5805,-108,45,90,377,4,10,58
5805,-108,57,90,377,4,9,57
5805,-108,34,90,377,4,11,58
5805,-108,36,90,377,4,8,57
5805,-108,43,90,377,4,11,58
5805,-108,41,90,377,5,9,57
5805,-108,40,90,377,4,11,58
5805,-108,37,90,377,4,9,57
5805,-108,45,89,377,5,11,57
5805,-108,55,90,377,4,9,57
5805,-108,57,90,377,3,10,58
5805,-108,37,90,377,4,10,58
5805,-108,40,90,377,5,10,56
5805,-108,46,90,377,4,9,58
5805,-108,26,90,377,5,11,57
5805,-108,35,90,377,4,10,58
5805,-108,37,90,377,4,9,57
5805,-108,46,90,377,6,10,58
5805,-108,36,90,377,4,10,58
5805,-108,51,90,377,4,10,57
5805,-108,58,90,377,6,11,58
5805,-108,33,90,377,5,9,58
5805,-108,48,90,377,4,9,56
5805,-108,33,90,377,4,11,57
5805,-108,42,90,377,3,9,57
5805,-108,46,90,377,4,9,57
5805,-108,50,90,377,3,9,57
5805,-108,32,90,377,3,9,57
5805,-108,51,90,377,4,9,58
5805,-108,51,90,377,5,10,58
5805,-108,57,89,377,4,10,57
5805,-108,45,90,377,5,10,58
5805,-108,48,90,377,4,8,56
5805,-108,56,90,377,5,9,57
5805,-108,34,90,377,3,9,57
5805,-108,38,90,377,4,11,57
5805,-108,47,90,377,4,10,58
5805,-108,41,90,377,4,10,57
5805,-108,36,90,377,4,10,58
5805,-108,56,89,377,6,7,55
5805,-108,35,90,377,3,9,58
5805,-108,67,90,377,5,9,57
5805,-108,30,90,377,4,11,57
5805,-108,49,90,377,4,10,58
5805,-108,40,90,377,5,8,56
5805,-108,46,90,377,4,10,58
5805,-108,33,90,377,5,9,57
5805,-108,39,90,377,4,9,57
5805,-108,45,90,377,5,10,58
5805,-108,59,90,377,5,9,56
5805,-108,35,90,377,4,9,57
5805,-108,45,90,377,3,9,57
5805,-108,31,90,377,5,10,57
5805,-108,51,90,377,4,9,58
5805,-108,49,90,377,4,8,57
5805,-108,55,90,377,4,11,58
5805,-108,44,89,378,6,9,57
5805,-108,78,90,377,3,9,57
5805,-108,56,90,377,5,11,58
5805,-108,39,90,377,4,9,58
5805,-108,44,90,377,3,11,58
5805,-108,49,90,377,4,10,58
5805,-108,49,90,377,3,9,57
5805,-108,47,90,377,4,11,58
5805,-108,51,90,377,5,11,57
5805,-108,40,90,377,4,9,57
5805,-108,29,89,377,4,10,57
5805,-108,42,90,377,6,8,56
5805,-108,51,90,377,4,10,58
5805,-108,37,90,377,5,7,56
5805,-108,45,90,377,3,10,58
5805,-108,51,90,377,5,9,58
5805,-108,51,90,377,4,11,59
5805,-108,53,90,377,5,9,58
5805,-108,53,90,377,3,10,58
5805,-108,55,90,377,4,10,57
5805,-108,60,90,377,3,9,57
5805,-108,62,90,377,4,9,57
5805,-108,52,90,377,4,8,57
5805,-108,42,90,377,4,10,58
5805,-108,49,90,377,3,10,58
5805,-108,58,90,377,4,8,58
5805,-108,54,90,377,5,10,58
5805,-108,49,90,377,4,10,58
5805,-108,41,90,377,4,8,57
5805,-108,38,90,377,5,10,58
5805,-108,42,90,377,3,9,58
5805,-108,71,90,377,3,10,58
5805,-108,47,90,377,4,9,58
5805,-108,42,90,377,4,8,58
5805,-108,36,90,377,3,8,56
5805,-108,45,90,377,4,11,58
5805,-108,47,90,377,3,11,57
5805,-108,43,90,377,4,11,57
5805,-108,52,90,377,4,11,58
5805,-108,58,90,377,3,11,57
5805,-108,34,90,377,4,10,57
5805,-108,47,90,377,4,9,57
5805,-108,31,89,377,5,8,56
5805,-108,33,90,377,3,10,57
5805,-108,37,90,377,5,8,57
5805,-108,36,89,378,5,10,57
5805,-108,44,89,377,4,10,57
5805,-108,44,88,378,5,10,56
5805,-108,55,90,377,5,9,58
5805,-108,37,90,377,5,10,58
5805,-108,32,90,377,3,9,57
5805,-108,50,90,377,4,9,58
5805,-108,60,90,377,4,10,58
5805,-108,35,90,377,5,9,57
5805,-108,39,88,378,4,10,55
5805,-108,37,90,377,5,11,57
5805,-108,51,90,377,3,8,56
5805,-108,68,90,377,4,8,57
5805,-108,63,90,377,4,9,57
5805,-108,38,90,377,4,10,57
5805,-108,55,90,377,6,8,56
5805,-108,49,90,377,4,9,57
5805,-108,39,90,377,5,10,57
5805,-108,43,90,377,5,9,57
5805,-108,35,90,377,4,11,58
5805,-108,46,90,377,4,10,58
5805,-108,44,90,377,3,10,58
5805,-108,50,90,377,4,11,57
5805,-108,52,90,377,4,10,57
5805,-108,54,90,377,4,11,58
5805,-108,41,90,377,5,9,56
5805,-108,56,90,377,5,11,58
5805,-108,36,90,377,5,10,57
5805,-108,48,90,377,4,9,57
5805,-108,47,90,377,5,9,56
5805,-108,49,90,377,4,8,57
5805,-108,62,90,377,4,10,58
5805,-108,51,90,377,3,10,58
5805,-108,48,90,377,4,9,57
5805,-108,38,90,377,5,9,57
5805,-108,59,90,377,4,9,58
5805,-108,54,90,377,3,11,57
5805,-108,54,90,377,3,10,58
5805,-108,45,88,378,5,8,55
5805,-108,42,90,377,3,10,58
5805,-108,34,90,377,2,12,58
5805,-108,34,90,377,4,9,57
5805,-108,63,90,377,5,9,57
5805,-108,33,90,377,4,8,57
5805,-108,43,90,377,5,7,57
5805,-108,33,90,377,4,9,56
5805,-108,45,90,377,4,9,58
5805,-108,38,90,377,3,9,58
5805,-108,42,90,377,4,9,57
5805,-108,56,90,377,5,8,57
5805,-108,53,90,377,4,10,58
5805,-108,47,90,377,3,9,57
5805,-108,37,90,377,3,7,56
5805,-108,38,90,377,5,9,57
5805,-108,57,90,377,5,10,57
5805,-108,54,90,377,3,9,57
5805,-108,37,90,377,2,8,57
5805,-108,50,90,377,5,11,59
5805,-108,37,90,377,4,9,58
5805,-108,40,90,377,3,9,58
5805,-108,51,90,377,4,9,57
5805,-108,34,90,377,5,10,57
5805,-108,37,90,377,5,10,58
5805,-108,42,90,377,3,11,58
5805,-108,28,90,377,4,9,58
5805,-108,44,90,377,5,8,57
5805,-108,60,90,377,4,8,57
5805,-108,66,90,377,4,9,58
5805,-108,49,90,377,3,10,58
5805,-108,44,90,377,4,11,58
5805,-108,62,90,377,4,9,57
5805,-108,60,90,377,4,9,58
5805,-108,49,89,377,5,10,56
5805,-108,43,90,377,4,10,57
5805,-108,67,90,377,5,9,57
5805,-108,50,90,377,3,9,57
5805,-108,58,90,377,5,9,58
5805,-108,49,90,377,4,10,58
5805,-108,51,90,377,4,9,57
5805,-108,46,90,377,3,8,56
5805,-108,61,90,377,5,9,57
5805,-108,63,90,377,3,8,57
5805,-108,54,90,377,4,11,58
5805,-108,44,90,377,4,9,57
5805,-108,39,90,377,3,9,58
5805,-108,35,90,377,4,7,56
5805,-108,54,90,377,3,8,57
5805,-108,57,90,377,5,10,58
5805,-108,57,90,377,3,10,57
5805,-108,33,90,377,5,10,57
5805,-108,36,90,377,5,10,58
5805,-108,63,90,377,4,9,57
5805,-108,46,90,377,3,8,57
5805,-108,37,90,377,3,10,57
5805,-108,53,90,377,4,11,58
5805,-108,31,89,378,5,10,56
5805,-108,50,90,377,4,9,57
5805,-108,49,90,377,3,9,57
5805,-108,50,90,377,5,10,58
5805,-108,40,90,377,2,10,58
5805,-108,55,90,377,5,11,58
5805,-108,41,90,377,5,9,58
5805,-108,48,90,377,4,9,57
5805,-108,33,90,377,5,12,58
5805,-108,56,90,377,4,9,57
5805,-108,39,90,377,3,10,57
5805,-108,66,90,377,4,11,58
5805,-108,55,90,377,4,7,56
5805,-108,37,90,377,4,7,57
5805,-108,44,90,377,3,9,57
5805,-108,59,90,377,3,8,57
5805,-108,44,90,377,5,11,58
5805,-108,48,90,377,4,8,57
5805,-108,41,90,377,4,9,57
5805,-108,41,90,377,5,9,57
5805,-108,55,90,377,4,10,57
5805,-108,56,90,377,5,11,57
5805,-108,39,90,377,5,10,58
5805,-108,33,90,377,4,10,57
5805,-108,58,90,377,6,10,57
5805,-108,45,90,377,3,9,57
5805,-108,50,90,377,3,10,58
5805,-108,44,90,377,3,9,57
5805,-108,57,90,377,4,9,58
5805,-108,64,90,377,5,11,58
5805,-108,48,90,377,4,11,58
5805,-108,36,90,377,5,10,57
5805,-108,66,90,377,4,9,57
5805,-108,49,90,377,5,9,57
5805,-108,50,90,377,5,8,56
5805,-108,52,90,377,5,10,56
5805,-108,34,90,377,3,8,56
5805,-108,51,90,377,4,7,56
5805,-108,34,90,377,4,9,57
5805,-108,48,90,377,4,9,57
5805,-108,46,90,377,3,9,57
5805,-108,38,90,377,5,10,57
5805,-108,40,90,377,5,10,57
5805,-108,46,90,377,5,10,57
5805,-108,48,90,377,4,9,57
5805,-108,65,90,377,4,10,58
5805,-108,57,90,377,2,9,57
5805,-108,46,90,377,6,11,57
5805,-108,39,90,377,4,10,57
5805,-108,54,90,377,4,10,59
5805,-108,46,90,377,3,9,57
5805,-108,34,90,377,3,9,58
5805,-108,42,90,377,3,10,58
5805,-108,44,90,377,5,9,58
5805,-108,57,90,377,3,9,57
5805,-108,74,90,377,3,10,57
5805,-108,38,90,377,3,9,57
5805,-108,49,90,377,3,10,58
5805,-108,60,90,377,4,11,59
5805,-108,35,90,377,4,9,58
5805,-108,41,90,377,3,8,57
5805,-108,52,90,377,5,8,57
5805,-108,48,90,377,4,11,58
5805,-108,52,90,377,5,10,57
5805,-108,34,90,377,4,9,57
5805,-108,36,90,377,4,7,56
5805,-108,54,90,377,4,8,57
5805,-108,50,90,377,5,9,57
5805,-108,37,90,377,3,8,57
5805,-108,32,89,377,5,8,55
5805,-108,44,90,377,3,10,57
5805,-108,50,90,377,5,9,57
5805,-108,39,90,377,4,9,57
5805,-108,41,90,377,3,9,57
5805,-108,40,90,377,4,10,58
5805,-108,35,90,377,5,11,57
5805,-108,43,90,377,6,11,58
5805,-108,38,90,377,4,10,57
5805,-108,35,90,377,5,9,57
5805,-108,39,90,377,4,10,58
5805,-108,59,90,377,4,9,57
5805,-108,52,90,377,5,11,58
5805,-108,46,90,377,4,9,57
5805,-108,35,90,377,5,10,57
5805,-108,33,90,377,4,9,57
5805,-108,56,90,377,4,7,56
5805,-108,45,90,377,3,9,57
5805,-108,53,90,377,2,9,58
5805,-108,40,90,377,4,10,57
5805,-108,40,89,377,5,11,57
5805,-108,54,90,377,3,10,57
5805,-108,41,90,377,4,9,58
5805,-108,49,90,377,4,9,57
5805,-108,38,90,377,5,10,57
5805,-108,46,90,377,4,9,57
5805,-108,41,90,377,4,10,57
5805,-108,37,90,377,4,9,57
5805,-108,64,90,377,5,8,58
5805,-108,38,90,377,4,8,57
5805,-108,40,90,377,5,8,57
5805,-108,48,90,377,5,10,58
5805,-108,50,90,377,4,8,57
5805,-108,54,90,377,4,7,57
5805,-108,52,90,377,2,11,57
5805,-108,60,90,377,5,8,56
5805,-108,31,90,377,6,8,56
5805,-108,48,90,377,5,10,58
5805,-108,50,90,377,5,10,57
5805,-108,28,90,377,4,8,58
5805,-108,50,90,377,4,10,58
5805,-108,42,90,377,5,8,57
5805,-108,43,90,377,5,11,58
5805,-108,36,90,377,5,9,57
5805,-108,63,90,377,4,10,58
5805,-108,37,90,377,5,10,58
5805,-108,45,90,377,4,10,57
5805,-108,47,90,377,4,10,56
5805,-108,40,90,377,4,9,57
5805,-108,45,89,377,5,8,56
5805,-108,48,90,377,5,9,58
5805,-108,27,90,377,5,11,57
5805,-108,29,90,377,3,10,57
5805,-108,33,90,377,4,9,57
5805,-108,57,90,377,4,9,57
5805,-108,49,90,377,5,8,57
5805,-108,44,90,377,5,10,58
5805,-108,42,90,377,4,9,57
5805,-108,31,90,377,3,10,57
5805,-108,50,90,377,4,10,58
5805,-108,53,90,377,4,10,57
5805,-108,28,90,377,5,10,58
5805,-108,40,90,377,4,10,57
5805,-108,42,90,377,4,10,58
5805,-108,30,90,377,4,10,58
5805,-108,41,90,377,3,9,58
5805,-108,45,90,377,4,10,57
5805,-108,61,90,377,3,9,58
5805,-108,43,90,377,3,10,57
5805,-108,36,90,377,4,9,57
5805,-108,51,90,377,4,7,57
5805,-108,43,90,377,5,9,57
5805,-108,40,90,377,4,10,58
5805,-108,40,90,377,3,8,57
5805,-108,33,90,377,3,11,57
5805,-108,60,90,377,3,12,58
5805,-108,39,88,378,6,9,55
5805,-108,38,90,377,4,9,57
5805,-108,34,90,377,4,6,56
5805,-108,38,90,377,4,9,57
5805,-108,64,90,377,3,8,58
5805,-108,28,90,377,5,10,57
5805,-108,51,90,377,4,9,58
5805,-108,42,90,377,4,10,57
5805,-108,42,90,377,4,9,57
5805,-108,47,90,377,4,11,58
5805,-108,51,90,377,5,9,57
5805,-108,45,90,377,4,10,57
5805,-108,72,90,377,4,9,58
5805,-108,32,90,377,5,10,57
5805,-108,50,90,377,4,10,57
5805,-108,49,90,377,5,8,57
5805,-108,43,90,377,5,10,58
5805,-108,35,90,377,4,8,56
5805,-108,42,90,377,4,11,57
5805,-108,40,90,377,4,11,58
5805,-108,38,90,377,4,9,57
5805,-108,55,90,377,4,9,57
5805,-108,41,90,377,4,10,57
5805,-108,31,90,377,3,8,56
5805,-108,35,90,377,5,9,57
5805,-108,30,90,377,3,10,58
5805,-108,39,90,377,4,8,56
5805,-108,46,90,377,5,10,58
5805,-108,36,90,377,4,10,57
5805,-108,46,90,377,5,9,57
5805,-108,42,90,377,4,10,58
5805,-108,43,90,377,4,10,58
5805,-108,31,90,377,5,10,57
5805,-108,30,90,377,4,9,57
5805,-108,67,90,377,4,12,58
5805,-108,46,90,377,4,10,57
5805,-108,32,90,377,5,11,57
5805,-108,42,90,377,4,9,57
5805,-108,41,90,377,3,9,57
5805,-108,32,90,377,4,10,58
5805,-108,47,90,377,5,9,57
5805,-108,45,90,377,4,9,57
5805,-108,56,90,377,3,10,57
5805,-108,48,90,377,3,9,57
5805,-108,40,90,377,5,10,58
5805,-108,48,90,377,5,8,57
5805,-108,52,90,377,4,11,58
5805,-108,44,90,377,5,9,58
5805,-108,54,90,377,3,11,57
5805,-108,57,90,377,4,9,58
5805,-108,36,90,377,4,9,58
5805,-108,30,89,377,5,10,56
5805,-108,30,90,377,5,8,57
5805,-108,43,90,377,4,9,57
5805,-108,37,90,377,5,9,57
5805,-108,36,90,377,3,9,57
5805,-108,51,90,377,5,10,58
5805,-108,61,90,377,4,10,57
5805,-108,40,90,377,4,9,57
5805,-108,35,90,377,6,9,58
5805,-108,43,90,377,5,8,58
5805,-108,40,90,377,5,9,57
5805,-108,43,90,377,4,11,58
5805,-108,46,90,377,5,10,58
5805,-108,63,90,377,3,8,58
5805,-108,32,90,377,3,10,57
5805,-108,47,90,377,3,8,57
5805,-108,43,90,377,3,9,57
5805,-108,45,90,377,4,8,57
5805,-108,55,90,377,4,9,57
5805,-108,48,90,377,5,9,57
5805,-108,35,90,377,4,8,56
5805,-108,39,90,377,4,10,57
5805,-108,46,90,377,3,10,57
5805,-108,43,90,377,5,11,58
5805,-108,40,90,377,5,10,58
5805,-108,36,90,377,4,11,58
5805,-108,45,90,377,4,10,58
5805,-108,67,90,377,5,8,57
5805,-108,53,90,377,3,9,57
5805,-108,52,90,377,3,7,57
5805,-108,39,90,377,3,9,57
5805,-108,45,90,377,4,11,58
5805,-108,46,90,377,4,10,58
5805,-108,37,90,377,4,9,57
5805,-108,36,90,377,4,10,57
5805,-108,45,90,377,6,9,57
5805,-108,43,90,377,4,10,57
5805,-108,45,90,377,4,11,58
5805,-108,37,90,377,4,10,58
5805,-108,36,90,377,3,8,57
5805,-108,37,90,377,4,8,57
5805,-108,28,90,377,5,9,57
5805,-108,50,90,377,4,9,58
5805,-108,37,90,377,4,10,57
5805,-108,36,90,377,4,10,57
5805,-108,37,90,377,3,9,57
5805,-108,56,90,377,3,8,57
5805,-108,31,90,377,5,10,57
5805,-108,47,90,377,5,9,58
5805,-108,54,90,377,4,8,57
5805,-108,32,90,377,4,9,57
5805,-108,46,90,377,4,9,58
5805,-108,43,90,377,4,10,57
5805,-108,47,90,377,4,12,58
5805,-108,35,90,377,4,9,57
5805,-108,61,90,377,3,8,56
5805,-108,36,90,377,4,10,57
5805,-108,41,90,377,4,9,57
5805,-108,40,90,377,3,9,57
5805,-108,32,90,377,5,10,56
5805,-108,45,90,377,4,9,56
5805,-108,38,90,377,3,9,58
5805,-108,47,90,377,4,10,58
5805,-108,49,90,377,5,7,57
5805,-108,56,90,377,4,11,58
5805,-108,53,90,377,4,10,57
5805,-108,43,90,377,4,9,57
5805,-108,34,90,377,5,7,57
5805,-108,48,90,377,5,10,58
5805,-108,34,89,378,5,9,56
5805,-108,49,90,377,4,9,57
5805,-108,63,90,377,3,10,58
5805,-108,42,90,377,5,10,57
5805,-108,56,90,377,4,10,58
5805,-108,49,90,377,4,9,57
5805,-108,42,90,377,3,7,56
5805,-108,53,90,377,4,10,58
5805,-108,37,90,377,4,11,57
5805,-108,34,90,377,4,7,57
5805,-108,52,90,377,4,9,58
5805,-108,32,90,377,4,10,57
5805,-108,35,90,377,4,10,57
5805,-108,41,90,377,5,9,57
5805,-108,47,90,377,3,9,58
5805,-108,46,90,377,5,10,57
5805,-108,39,90,377,3,9,58
5805,-108,36,90,377,5,10,57
5805,-108,36,90,377,4,9,58
5805,-108,47,90,377,5,9,58
5805,-108,50,90,377,4,7,55
5805,-108,59,90,377,5,9,58
5805,-108,29,90,377,4,7,57
5805,-108,39,90,377,6,11,58
5805,-108,46,90,377,5,6,57
5805,-108,44,90,377,5,7,57
5805,-108,44,90,377,4,10,58
5805,-108,50,90,377,3,11,59
5805,-108,57,90,377,4,8,58
5805,-108,47,89,378,5,9,56
5805,-108,32,90,377,4,11,57
5805,-108,44,90,377,4,9,57
5805,-108,53,90,377,5,9,57
5805,-108,50,90,377,4,10,57
5805,-108,27,90,377,5,7,57
5805,-108,39,90,377,4,9,58
5805,-108,46,90,377,5,9,57
5805,-108,38,90,377,4,10,57
5805,-108,52,90,377,5,9,57
5805,-108,50,90,377,3,11,57
5805,-108,39,90,377,4,8,57
5805,-108,38,90,377,4,10,58
5805,-108,39,90,377,5,9,57
5805,-108,42,90,377,4,10,57
5805,-108,34,90,377,4,10,57
5805,-108,40,90,377,4,11,57
5805,-108,39,90,377,4,9,57
5805,-108,41,90,377,3,8,56
5805,-108,37,90,377,3,8,57
5805,-108,59,90,377,4,7,57
5805,-108,40,90,377,4,9,58
5805,-108,46,90,377,3,9,57
5805,-108,40,90,377,3,9,57
5805,-108,44,90,377,4,9,57
5805,-108,41,90,377,4,8,57
5805,-108,33,90,377,4,10,57
5805,-108,41,90,377,4,9,57
5805,-108,40,90,377,4,10,57
5805,-108,57,90,377,4,8,57
5805,-108,46,90,377,5,9,57
5805,-108,33,90,377,3,10,57
5805,-108,31,90,377,4,10,57
5805,-108,54,90,377,5,10,57
5805,-108,56,90,377,3,9,57
5805,-108,46,90,377,4,10,57
5805,-108,34,90,377,4,10,57
5805,-108,39,90,377,4,9,57
5805,-108,34,90,377,5,8,56
5805,-108,43,90,377,3,9,57
5805,-108,44,90,377,5,10,58
5805,-108,38,90,377,3,10,57
5805,-108,39,90,377,4,9,58
5805,-108,50,90,377,4,10,57
5805,-108,36,90,377,6,10,57
5805,-108,44,90,377,4,10,58
5805,-108,44,90,377,5,10,57
5805,-108,47,90,377,3,10,57
5805,-108,46,90,377,4,11,57
5805,-108,44,90,377,4,9,57
5805,-108,41,90,377,5,9,57
5805,-108,30,90,377,4,10,57
5805,-108,46,88,379,6,9,56
5805,-108,44,90,377,7,10,58
5805,-108,54,90,377,4,8,57
5805,-108,52,90,377,3,10,57
5805,-108,54,90,377,3,11,58
5805,-108,46,90,377,4,9,58
5805,-108,39,90,377,5,9,57
5805,-108,39,90,377,3,8,57
5805,-108,42,90,377,5,9,57
5805,-108,51,90,377,5,9,57
5805,-108,38,90,377,4,9,57
5805,-108,55,90,377,6,9,58
5805,-108,47,90,377,4,11,57
5805,-108,41,90,377,4,9,57
5805,-108,32,90,377,5,9,57
5805,-108,45,90,377,3,8,57
5805,-108,38,90,377,3,9,57
5805,-108,42,90,377,4,11,58
5805,-108,44,90,377,4,7,56
5805,-108,50,90,377,3,9,56
5805,-108,40,89,378,5,9,56
5805,-108,63,90,377,4,10,58
5805,-108,57,90,377,3,10,57
5805,-108,32,90,377,4,10,57
5805,-108,42,90,377,3,10,57
5805,-108,39,89,377,5,9,56
5805,-108,42,90,377,4,9,57
5805,-108,61,90,377,4,8,57
5805,-108,47,90,377,4,10,57
5805,-108,38,90,377,4,9,57
5805,-108,41,90,377,4,10,58
5805,-108,33,90,377,5,8,56
5805,-108,37,90,377,4,9,57
5805,-108,45,90,377,4,9,58
5805,-108,44,89,377,3,9,57
5805,-108,56,90,377,5,8,57
5805,-108,35,90,377,4,11,57
5805,-108,33,90,377,5,8,56
5805,-108,34,90,377,4,8,57
5805,-108,53,90,377,4,10,57
5805,-108,40,90,377,4,8,56
5805,-108,35,90,377,6,11,57
5805,-108,38,90,377,4,10,58
5805,-108,51,90,377,4,10,57
5805,-108,49,90,377,4,9,57
5805,-108,39,90,377,4,10,57
5805,-108,46,90,377,4,10,58
5805,-108,46,90,377,5,9,57
5805,-108,38,90,377,4,8,57
5805,-108,33,90,377,4,9,57
5805,-108,41,90,377,4,10,58
5805,-108,62,90,377,4,10,58
5805,-108,57,89,377,6,10,57
5805,-108,45,90,377,4,10,58
5805,-108,60,90,377,4,10,57
5805,-108,28,90,377,5,10,57
5805,-108,37,90,377,4,10,57
5805,-108,34,90,377,5,9,57
5805,-108,57,90,377,3,9,57
5805,-108,33,90,377,5,10,58
5805,-108,57,90,377,4,9,57
5805,-108,44,90,377,5,7,56
5805,-108,42,90,377,3,10,58
5805,-108,36,90,377,5,9,57
5805,-108,28,89,377,4,9,55
5805,-108,38,90,377,4,6,57
5805,-108,55,90,377,3,10,58
5805,-108,47,90,377,4,10,57
5805,-108,43,90,377,6,10,58
5805,-108,42,90,377,4,9,58
5805,-108,55,90,377,4,9,57
5805,-108,48,90,377,5,8,57
5805,-108,56,90,377,3,11,58
5805,-108,54,90,377,4,10,57
5805,-108,32,90,377,4,8,57
5805,-108,49,90,377,5,10,57
5805,-108,52,90,377,4,9,58
5805,-108,55,90,377,4,9,57
5805,-108,34,90,377,3,9,57
5805,-108,56,90,377,5,10,58
5805,-108,53,90,377,4,9,57
5805,-108,48,90,377,4,10,57
5805,-108,27,90,377,3,11,57
5805,-108,49,90,377,4,10,58
5805,-108,51,90,377,3,11,58
5805,-108,40,90,377,4,10,57
5805,-108,49,90,377,4,8,57
5805,-108,51,90,377,4,10,57
5805,-108,39,90,377,6,12,58
5805,-108,46,89,377,5,10,56
5805,-108,37,90,377,3,8,57
5805,-108,42,90,377,5,9,58
5805,-108,38,90,377,4,11,58
5805,-108,45,90,377,3,10,58
5805,-108,43,89,377,6,8,56
5805,-108,44,90,377,3,10,58
5805,-108,29,90,377,4,9,57
5805,-108,48,90,377,4,10,57
5805,-108,44,90,377,4,9,56
5805,-108,48,90,377,4,10,57
5805,-108,38,90,377,4,8,57
5805,-108,41,90,377,4,9,57
5805,-108,37,90,377,5,11,58
5805,-108,53,90,377,5,7,57
5805,-108,40,90,377,5,10,57
5805,-108,40,90,377,3,9,58
5805,-108,44,90,377,4,12,59
5805,-108,28,90,377,5,10,57
5805,-108,47,90,377,5,12,59
5805,-108,54,90,377,6,8,57
5805,-108,48,90,377,4,8,57
5805,-108,28,90,377,4,8,57
5805,-108,42,90,377,5,9,57
5805,-108,42,90,377,3,9,57
5805,-108,46,90,377,4,9,57
5805,-108,37,90,377,5,9,56
5805,-108,38,90,377,4,10,57
5805,-108,54,90,377,4,9,57
5805,-108,29,90,377,5,8,57
5805,-108,48,90,377,3,11,58
5805,-108,54,90,377,5,9,57
5805,-108,42,90,377,4,9,58
5805,-108,45,90,377,4,9,57
5805,-108,27,90,377,4,9,56
5805,-108,60,90,377,5,10,57
5805,-108,60,90,377,4,10,58
5805,-108,49,90,377,5,9,58
5805,-108,36,90,377,4,10,57
5805,-108,33,90,377,5,11,57
5805,-108,47,90,377,5,10,57
5805,-108,51,90,377,4,11,58
5805,-108,50,90,377,3,11,58
5805,-108,42,89,377,6,8,56
5805,-108,55,90,377,5,7,57
5805,-108,42,90,377,4,9,57
5805,-108,48,90,377,5,9,58
5805,-108,40,90,377,5,9,57
5805,-108,41,90,377,5,9,57
5805,-108,41,90,377,5,8,57
5805,-108,61,90,377,4,9,58
5805,-108,34,90,377,3,10,57
5805,-108,32,90,377,5,9,57
5805,-108,35,90,377,4,11,57
5805,-108,48,90,377,5,8,57
5805,-108,36,89,377,6,8,55
5805,-108,40,90,377,3,9,57
5805,-108,41,90,377,3,9,57
5805,-108,42,89,378,4,9,56
5805,-108,47,89,377,5,10,57
5805,-108,33,90,377,4,11,57
5805,-108,48,90,377,5,10,57
5805,-108,37,90,377,3,9,57
5805,-108,37,90,377,4,12,59
5805,-108,56,90,377,3,9,56
5805,-108,32,90,377,4,10,57
5805,-108,32,90,377,4,10,57
5805,-108,34,88,379,6,10,55
5805,-108,54,90,377,5,11,58
5805,-108,37,90,377,5,9,58
5805,-108,53,90,377,4,9,57
5805,-108,36,90,377,5,10,58
5805,-108,35,90,377,3,10,58
5805,-108,48,90,377,5,10,57
5805,-108,42,90,377,4,8,57
5805,-108,51,90,377,4,9,57
5805,-108,41,90,377,2,9,57
5805,-108,38,90,377,4,10,58
5805,-108,38,90,377,5,8,56
5805,-108,43,90,377,2,9,58
5805,-108,39,90,377,4,10,57
5805,-108,50,90,377,5,8,57
5805,-108,51,90,377,3,11,57
5805,-108,43,90,377,3,9,57
5805,-108,31,90,377,4,8,57
5805,-108,36,90,377,5,10,57
5805,-108,39,90,377,4,9,56
5805,-108,38,89,377,4,8,55
5805,-108,30,90,377,5,9,57
5805,-108,43,90,377,5,9,57
5805,-108,33,90,377,5,10,58
5805,-108,47,90,377,4,9,57
5805,-108,38,90,377,3,11,57
5805,-108,35,90,377,5,9,57
5805,-108,34,90,377,3,9,57
5805,-108,36,90,377,4,10,58
5805,-108,38,90,377,4,8,57
5805,-108,66,90,377,5,9,57
5805,-108,51,90,377,4,9,57
5805,-108,34,90,377,3,10,58
5805,-108,47,90,377,4,9,57
5805,-108,42,90,377,4,9,58
5805,-108,50,90,377,4,11,57
5805,-108,37,90,377,3,10,57
5805,-108,32,90,377,5,10,58
5805,-108,37,90,377,5,9,57
5805,-108,35,90,377,5,9,57
5805,-108,53,90,377,3,10,59
5805,-108,38,90,377,5,8,57
5805,-108,38,90,377,4,11,58
5805,-108,33,90,377,5,10,58
5805,-108,41,89,377,5,10,55
5805,-108,48,90,377,4,10,57
5805,-108,31,90,377,4,9,57
5805,-108,33,90,377,5,11,57
5805,-108,47,90,377,4,10,58
5805,-108,51,90,377,4,9,57
5805,-108,45,90,377,5,10,57
5805,-108,61,90,377,3,12,59
5805,-108,37,90,377,5,11,57
5805,-108,42,90,377,4,12,58
5805,-108,61,90,377,5,9,58
5805,-108,32,88,378,6,9,56
5805,-108,34,90,377,3,10,58
5805,-108,41,90,377,5,7,57
5805,-108,42,90,377,4,10,57
5805,-108,39,89,378,4,9,57
5805,-108,63,90,377,4,11,57
5805,-108,42,90,377,4,10,58
5805,-108,31,90,377,4,9,57
5805,-108,44,90,377,4,9,58
5805,-108,44,90,377,4,10,58
5805,-108,37,90,377,4,10,58
5805,-108,26,90,377,4,10,57
5805,-108,58,90,377,4,8,56
5805,-108,52,90,377,4,12,58
5805,-108,35,90,377,4,10,58
5805,-108,29,90,377,5,9,57
5805,-108,42,90,377,5,9,57
5805,-108,42,90,377,5,9,57
5805,-108,40,90,377,4,8,56
5805,-108,48,90,377,4,11,58
5805,-108,38,90,377,4,9,57
5805,-108,30,90,377,5,9,57
5805,-108,36,90,377,4,10,57
5805,-108,44,90,377,4,8,57
5805,-108,38,90,377,4,10,58
5805,-108,41,90,377,4,10,58
5805,-108,32,90,377,4,9,57
5805,-108,43,90,377,3,8,56
5805,-108,43,90,377,4,8,57
5805,-108,31,90,377,5,9,57
5805,-108,39,90,377,5,10,57
5805,-108,32,90,377,5,8,55
5805,-108,39,90,377,4,9,57
5805,-108,38,89,378,5,10,57
5805,-108,42,90,377,4,11,58
5805,-108,66,90,377,5,9,57
5805,-108,52,90,377,4,10,58
5805,-108,45,90,377,4,9,57
5805,-108,40,90,377,4,9,57
5805,-108,54,90,377,6,10,57
5805,-108,26,90,377,4,10,57
5805,-108,44,89,377,5,10,56
5805,-108,56,90,377,4,10,57
5805,-108,53,90,377,5,11,58
5805,-108,47,90,377,3,11,58
5805,-108,37,90,377,4,10,57
5805,-108,46,90,377,4,11,58
5805,-108,39,90,377,5,9,57
5805,-108,36,90,377,4,10,57
5805,-108,27,90,377,4,9,57
5805,-108,38,90,377,5,9,57
5805,-108,46,90,377,4,10,58
5805,-108,32,90,377,4,9,57
5805,-108,40,90,377,3,11,58
5805,-108,33,90,377,5,10,57
5805,-108,34,90,377,5,11,57
5805,-108,50,90,377,5,10,57
5805,-108,36,90,377,4,9,56
5805,-108,37,90,377,4,8,57
5805,-108,40,90,377,4,10,58
5805,-108,44,90,377,3,8,56
5805,-108,49,90,377,3,10,58
5805,-108,30,89,377,5,10,57
5805,-108,39,90,377,5,9,57
5805,-108,42,90,377,5,9,57
5805,-108,45,90,377,5,8,57
5805,-108,44,90,377,4,9,58
5805,-108,37,90,377,4,11,57
5805,-108,32,90,377,4,9,58
5805,-108,50,90,377,3,7,57
5805,-108,53,90,377,4,9,57
5805,-108,56,90,377,2,9,58
5805,-108,55,90,377,5,10,57
5805,-108,42,90,377,5,10,58
5805,-108,34,90,377,4,12,58
5805,-108,42,90,377,6,9,57
5805,-108,66,90,377,4,9,57
5805,-108,42,90,377,5,10,58
5805,-108,42,90,377,4,9,57
5805,-108,32,90,377,4,9,57
5805,-108,42,90,377,3,9,57
5805,-108,54,90,377,4,8,56
5805,-108,41,90,377,5,11,58
5805,-108,45,90,377,4,10,57
5805,-108,55,90,377,5,9,57
5805,-108,42,90,377,5,9,57
5805,-108,48,90,377,4,10,57
5805,-108,49,90,377,4,11,58
5805,-108,57,90,377,4,8,58
5805,-108,44,90,377,5,9,57
5805,-108,51,90,377,4,10,57
5805,-108,31,90,377,4,10,56
5805,-108,45,90,377,4,9,57
5805,-108,34,90,377,5,10,57
5805,-108,57,90,377,3,11,58
5805,-108,34,90,377,4,9,57
5805,-108,62,90,377,4,10,58
5805,-108,36,90,377,5,8,58
5805,-108,39,90,377,4,10,57
5805,-108,61,90,377,4,9,58
5805,-108,31,90,377,5,10,57
5805,-108,28,90,377,4,9,57
5805,-108,37,90,377,3,11,57
5805,-108,45,90,377,3,9,57
5805,-108,40,90,377,4,9,57
5805,-108,26,89,377,4,8,56
5805,-108,43,90,377,4,8,57
5805,-108,46,90,377,4,9,57
5805,-108,45,90,377,4,9,57
5805,-108,51,90,377,5,8,56
5805,-108,42,90,377,5,9,57
5805,-108,48,90,377,5,10,57
5805,-108,27,90,377,5,9,56
5805,-108,64,90,377,5,11,57
5805,-108,50,90,377,5,12,58
5805,-108,39,90,377,3,9,58
5805,-108,48,90,377,4,8,57
5805,-108,67,90,377,4,9,58
5805,-108,49,90,377,3,11,57
5805,-108,27,90,377,4,8,57
5805,-108,30,90,377,4,10,57
5805,-108,33,90,377,4,10,58
5805,-108,48,90,377,5,9,57
5805,-108,56,90,377,5,11,57
5805,-108,54,90,377,2,9,57
5805,-108,44,90,377,4,10,57
5805,-108,38,90,377,4,9,57
5805,-108,44,90,377,4,12,59
5805,-108,35,90,377,3,11,57
5805,-108,44,90,377,3,10,58
5805,-108,36,90,377,4,9,57
5805,-108,38,90,377,5,10,57
5805,-108,30,90,377,4,11,58
5805,-108,39,90,377,4,9,57
5805,-108,43,90,377,5,10,57
5805,-108,60,90,377,4,9,57
5805,-108,55,90,377,2,9,57
5805,-108,45,90,377,3,11,58
5805,-108,41,90,377,4,8,57
5805,-108,46,90,377,3,11,58
5805,-108,43,90,377,4,10,58
5805,-108,37,90,377,3,10,57
5805,-108,37,90,377,4,7,56
5805,-108,29,89,378,6,9,56
5805,-108,41,90,377,5,9,57
5805,-108,56,89,377,5,9,56
5805,-108,55,90,377,4,10,57
5805,-108,35,90,377,3,10,58
5805,-108,44,90,377,4,8,57
5805,-108,52,90,377,4,9,57
5805,-108,49,90,377,4,9,57
5805,-108,49,90,377,4,9,57
5805,-108,38,90,377,6,12,58
5805,-108,45,90,377,3,7,57
5805,-108,37,90,377,4,9,57
5805,-108,49,90,377,4,8,57
5805,-108,45,89,378,6,9,56
5805,-108,24,90,377,5,9,56
5805,-108,55,90,377,5,11,57
5805,-108,32,90,377,3,8,57
5805,-108,35,90,377,5,10,58
5805,-108,60,90,377,5,9,57
5805,-108,37,90,377,4,9,58
5805,-108,42,90,377,4,9,58
5805,-108,43,90,377,3,9,57
5805,-108,39,90,377,4,9,57
5805,-108,44,90,377,4,9,57
5805,-108,43,90,377,4,9,58
5805,-108,36,90,377,4,10,58
5805,-108,55,90,377,5,8,57
5805,-108,40,90,377,5,10,58
5805,-108,29,90,377,2,7,57
5805,-108,42,90,377,5,9,57
5805,-108,51,90,377,3,9,58
5805,-108,37,90,377,5,10,58
5805,-108,56,90,377,3,9,56
5805,-108,45,89,377,5,9,56
5805,-108,52,90,377,4,9,57
5805,-108,32,90,377,4,8,57
5805,-108,35,90,377,4,9,57
5805,-108,59,90,377,5,9,57
5805,-108,38,89,377,5,6,55
5805,-108,37,90,377,3,8,56
5805,-108,30,90,377,4,8,56
5805,-108,45,90,377,4,10,57
5805,-108,50,90,377,4,9,57
5805,-108,51,90,377,3,9,57
5805,-108,41,90,377,4,9,57
5805,-108,42,90,377,6,10,58
5805,-108,35,90,377,4,8,57
5805,-108,46,90,377,5,11,57
5805,-108,48,90,377,4,10,57
5805,-108,64,90,377,4,11,59
5805,-108,36,90,377,3,10,57
5805,-108,48,90,377,4,9,57
5805,-108,45,90,377,4,11,59
5805,-108,30,90,377,3,9,56
5805,-108,49,90,377,4,10,57
5805,-108,67,90,377,3,10,57
5805,-108,55,90,377,4,10,58
5805,-108,46,90,377,4,10,58
5805,-108,60,90,377,5,9,57
5805,-108,54,90,377,5,9,58
5805,-108,47,90,377,4,9,56
5805,-108,48,90,377,4,10,58
5805,-108,39,90,377,3,11,58
5805,-108,57,90,377,3,10,57
5805,-108,53,90,377,4,9,57
5805,-108,65,90,377,3,8,58
5805,-108,42,90,377,3,9,57
5805,-108,50,90,377,4,9,57
5805,-108,56,90,377,4,10,57
5805,-108,36,90,377,4,9,57
5805,-108,66,90,377,4,9,57
5805,-108,42,90,377,4,9,56
5805,-108,35,90,377,4,11,57
5805,-108,59,90,377,4,10,57
5805,-108,44,90,377,4,8,57
5805,-108,45,90,377,5,10,58
5805,-108,45,90,377,6,11,59
5805,-108,23,88,378,4,8,54
5805,-108,49,90,377,5,10,57
5805,-108,59,90,377,4,10,57
5805,-108,39,90,377,3,9,57
5805,-108,60,90,377,4,9,57
5805,-108,60,90,377,5,10,57
5805,-108,54,90,377,4,10,58
5805,-108,58,90,377,4,12,58
5805,-108,41,90,377,6,9,57
5805,-108,31,90,377,5,10,58
5805,-108,59,90,377,5,8,57
5805,-108,49,90,377,4,8,57
5805,-108,50,90,377,4,10,57
5805,-108,65,90,377,4,9,59
5805,-108,61,90,377,5,9,57
5805,-108,51,90,377,4,10,58
5805,-108,50,90,377,3,9,57
5805,-108,57,90,377,4,10,58
5805,-108,47,90,377,3,9,57
5805,-108,51,90,377,5,11,58
5805,-108,61,90,377,4,8,57
5805,-108,39,90,377,4,9,57
5805,-108,56,90,377,4,9,57
5805,-108,44,90,377,6,9,57
5805,-108,40,90,377,6,10,58
5805,-108,34,90,377,5,9,57
5805,-108,45,90,377,4,9,57
5805,-108,42,90,377,4,8,57
5805,-108,44,90,377,4,9,57
5805,-108,42,90,377,3,9,57
5805,-108,43,90,377,3,8,58
5805,-108,34,90,377,2,8,57
5805,-108,29,90,377,3,9,57
5805,-108,58,90,377,5,9,57
5805,-108,48,90,377,4,10,57
5805,-108,35,90,377,5,9,57
5805,-108,47,90,377,4,9,57
5805,-108,37,90,377,4,11,57
5805,-108,28,90,377,4,9,56
5805,-108,41,90,377,4,11,57
5805,-108,56,90,377,3,9,57
5805,-108,49,90,377,4,9,57
5805,-108,46,90,377,4,10,58
5805,-108,42,90,377,5,8,56
5805,-108,46,90,377,3,10,58
5805,-108,39,90,377,5,10,57
5805,-108,49,90,377,4,10,57
5805,-108,42,89,377,5,9,55
5805,-108,41,90,377,3,10,58
5805,-108,44,90,377,4,8,57
5805,-108,50,90,377,5,10,57
5805,-108,29,90,377,5,10,58
5805,-108,40,90,377,5,11,58
5805,-108,26,90,377,4,9,57
5805,-108,36,90,377,3,11,58
5805,-108,32,90,377,5,8,57
5805,-108,47,90,377,5,10,57
5805,-108,42,90,377,4,11,58
5805,-108,46,90,377,5,10,57
5805,-108,40,90,377,5,10,57
5805,-108,42,90,377,4,9,57
5805,-108,47,90,377,3,9,57
5805,-108,58,90,377,5,8,57
5805,-108,51,90,377,4,9,57
5805,-108,46,90,377,4,10,58
5805,-108,56,90,377,3,8,57
5805,-108,37,90,377,6,10,57
5805,-108,51,90,377,6,10,59
5805,-108,43,90,377,5,11,57
5805,-108,63,90,377,4,9,58
5805,-108,42,90,377,3,10,57
5805,-108,50,90,377,2,10,57
5805,-108,47,90,377,4,9,57
5805,-108,48,90,377,4,10,58
5805,-108,33,90,377,2,9,57
5805,-108,49,89,377,5,9,56
5805,-108,27,90,377,4,9,57
5805,-108,46,90,377,4,9,57
5805,-108,45,90,377,5,10,57
5805,-108,41,89,377,5,10,56
5805,-108,51,90,377,4,10,58
5805,-108,57,90,377,3,9,57
5805,-108,43,90,377,4,10,57
5805,-108,62,90,377,4,8,57
5805,-108,36,90,377,4,11,57
5805,-108,41,89,377,6,8,55
5805,-108,42,90,377,3,9,57
5805,-108,42,90,377,2,8,58
5805,-108,41,90,377,6,10,57
5805,-108,48,90,377,6,9,58
5805,-108,43,90,377,4,9,57
5805,-108,56,90,377,4,10,58
5805,-108,61,90,377,5,9,57
5805,-108,31,90,377,4,8,57
5805,-108,33,90,377,5,9,57
5805,-108,45,90,377,4,10,57
5805,-108,65,90,377,5,12,58
5805,-108,45,89,377,5,7,56
5805,-108,48,90,377,5,9,57
5805,-108,66,90,377,4,11,58
5805,-108,38,90,377,3,10,57
5805,-108,36,90,377,4,9,57
5805,-108,56,90,377,4,11,58
5805,-108,49,90,377,4,9,57
5805,-108,44,90,377,5,9,57
5805,-108,52,90,377,4,11,58
5805,-108,44,90,377,4,9,57
5805,-108,52,90,377,5,8,57
5805,-108,32,90,377,3,9,58
5805,-108,51,90,377,4,9,56
5805,-108,31,89,377,5,10,57
5805,-108,45,90,377,5,9,57
5805,-108,32,90,377,4,10,58
5805,-108,38,90,377,3,10,57
5805,-108,59,90,377,3,9,57
5805,-108,39,90,377,5,9,57
5805,-108,40,90,377,5,9,57
5805,-108,48,90,377,5,8,56
5805,-108,49,90,377,3,11,58
5805,-108,57,90,377,4,9,57
5805,-108,38,90,377,4,10,58
5805,-108,45,90,377,4,9,58
5805,-108,48,90,377,3,9,57
5805,-108,42,90,377,4,10,58
5805,-108,38,90,377,5,9,57
5805,-108,40,90,377,5,8,57
5805,-108,31,90,377,4,9,57
5805,-108,73,90,377,4,8,57
5805,-108,38,90,377,4,8,56
5805,-108,37,90,377,3,11,57
5805,-108,45,90,377,5,9,56
5805,-108,25,88,378,5,9,55
5805,-108,40,90,377,4,9,57
5805,-108,39,90,377,3,10,57
5805,-108,37,90,377,4,8,57
5805,-108,51,90,377,4,9,57
5805,-108,45,90,377,5,9,56
5805,-108,44,90,377,5,9,57
5805,-108,42,90,377,5,10,57
5805,-108,65,90,377,4,9,57
5805,-108,38,90,377,4,10,58
5805,-108,68,90,377,4,12,58
5805,-108,49,90,377,5,7,57
5805,-108,61,90,377,5,9,57
5805,-108,51,90,377,3,9,58
5805,-108,61,90,377,5,10,58
5805,-108,69,90,377,4,8,57
5805,-108,46,90,377,5,12,58
5805,-108,50,90,377,5,8,57
5805,-108,39,90,377,4,9,57
5805,-108,35,90,377,3,12,58
5805,-108,40,90,377,4,11,58
5805,-108,51,90,377,4,10,58
5805,-108,45,90,377,4,10,56
5805,-108,70,90,377,4,9,57
5805,-108,47,90,377,4,10,58
5805,-108,51,90,377,4,8,57
5805,-108,42,90,377,4,8,57
5805,-108,47,90,377,3,11,57
5805,-108,51,90,377,6,10,58
5805,-108,64,90,377,4,10,57
5805,-108,53,90,377,4,7,57
5805,-108,38,90,377,4,10,58
5805,-108,40,90,377,3,10,57
5805,-108,30,90,377,5,10,56
5805,-108,44,90,377,5,8,57
5805,-108,50,90,377,5,9,57
5805,-108,30,90,377,1,8,57
5805,-108,56,90,377,3,8,57
5805,-108,32,90,377,3,10,57
5805,-108,39,90,377,4,9,56
5805,-108,65,90,377,5,10,58
5805,-108,38,89,377,5,10,58
5805,-108,44,90,377,4,8,57
5805,-108,55,90,377,3,9,57
5805,-108,31,90,377,5,9,57
5805,-108,34,90,377,3,8,56
5805,-108,45,90,377,3,10,58
5805,-108,50,90,377,4,8,56
5805,-108,56,90,377,3,9,58
5805,-108,31,90,377,4,10,57
5805,-108,40,90,377,5,10,58
5805,-108,40,90,377,3,10,58
5805,-108,61,90,377,5,11,58
5805,-108,35,89,377,5,10,56
5805,-108,39,90,377,3,11,58
5805,-108,46,90,377,4,9,58
5805,-108,55,90,377,4,10,58
5805,-108,32,90,377,3,10,57
5805,-108,49,90,377,5,10,58
5805,-108,44,90,377,4,9,57
5805,-108,37,90,377,4,10,56
5805,-108,30,90,377,5,10,56
5805,-108,66,90,377,5,9,57
5805,-108,31,90,377,4,8,57
5805,-108,42,90,377,5,10,56
5805,-108,30,90,377,4,10,58
5805,-108,29,90,377,4,9,57
5805,-108,41,90,377,5,9,57
5805,-108,57,90,377,4,10,58
5805,-108,61,90,377,4,9,58
5805,-108,43,90,377,4,8,56
5805,-108,62,90,377,4,10,58
5805,-108,45,89,378,6,10,57
5805,-108,48,90,377,4,9,57
5805,-108,40,90,377,4,9,58
5805,-108,49,90,377,3,10,58
5805,-108,43,90,377,5,10,58
5805,-108,25,90,377,3,9,57
5805,-108,37,90,377,4,11,58
5805,-108,31,90,377,4,9,56
5805,-108,44,90,377,4,9,57
5805,-108,40,90,377,4,9,58
5805,-108,53,90,377,5,9,57
5805,-108,44,90,377,5,10,57
5805,-108,38,90,377,3,10,58
5805,-108,36,90,377,3,12,58
5805,-108,33,90,377,4,10,57
5805,-108,46,90,377,5,10,58
5805,-108,43,90,377,5,10,58
5805,-108,39,90,377,5,10,58
5805,-108,57,90,377,4,11,57
5805,-108,44,90,377,2,8,56
5805,-108,53,90,377,5,9,58
5805,-108,58,90,377,4,9,58
5805,-108,39,90,377,3,9,57
5805,-108,47,90,377,5,9,57
5805,-108,47,90,377,4,10,57
5805,-108,40,90,377,3,10,58
5805,-108,47,90,377,4,9,57
5805,-108,55,90,377,5,10,58
5805,-108,47,90,377,5,10,57
5805,-108,33,89,377,5,10,56
5805,-108,65,90,377,4,9,57
5805,-108,44,90,377,4,8,56
5805,-108,47,90,377,4,10,57
5805,-108,41,90,377,3,10,58
5805,-108,63,90,377,4,10,58
5805,-108,40,89,377,5,11,57
5805,-108,51,90,377,4,10,58
5805,-108,35,90,377,4,8,57
5805,-108,65,90,377,6,10,57
5805,-108,39,90,377,4,11,58
5805,-108,58,90,377,5,10,58
5805,-108,49,90,377,4,9,57
5805,-108,52,90,377,6,9,57
5805,-108,45,90,377,4,8,57
5805,-108,34,90,377,5,9,57
5805,-108,51,90,377,4,11,59
5805,-108,35,90,377,4,10,58
5805,-108,45,90,377,4,9,57
5805,-108,57,90,377,4,11,57
5805,-108,58,90,377,5,8,57
5805,-108,52,90,377,2,11,57
5805,-108,69,90,377,4,9,56
5805,-108,46,90,377,3,9,57
5805,-108,47,90,377,3,8,57
5805,-108,52,90,377,5,10,58
5805,-108,67,90,377,5,10,57
5805,-108,39,90,377,3,10,56
5805,-108,45,89,377,6,8,56
5805,-108,49,90,377,6,8,57
5805,-108,38,90,377,4,8,58
5805,-108,47,90,377,4,9,57
5805,-108,41,90,377,5,8,57
5805,-108,35,90,377,5,10,58
5805,-108,50,90,377,5,10,58
5805,-108,40,90,377,5,9,57
5805,-108,48,90,377,3,9,57
5805,-108,43,90,377,3,10,58
5805,-108,54,90,377,4,12,58
5805,-108,46,90,377,4,11,57
5805,-108,45,90,377,5,9,58
5805,-108,44,90,377,4,11,57
5805,-108,36,90,377,4,8,56
5805,-108,52,90,377,3,11,58
5805,-108,53,90,377,4,9,58
5805,-108,45,90,377,3,9,57
5805,-108,47,90,377,4,9,57
5805,-108,54,90,377,4,11,59
5805,-108,36,90,377,5,10,58
5805,-108,57,90,377,4,9,58
5805,-108,31,90,377,4,11,58
5805,-108,66,90,377,4,9,58
5805,-108,46,90,377,5,9,57
5805,-108,45,90,377,3,9,57
5805,-108,61,90,377,3,10,59
5805,-108,61,90,377,2,9,58
5805,-108,39,90,377,5,10,58
5805,-108,36,90,377,5,11,58
5805,-108,58,90,377,5,8,57
5805,-108,30,90,377,4,11,57
5805,-108,41,90,377,4,8,57
5805,-108,48,90,377,5,9,57
5805,-108,67,90,377,5,10,57
5805,-108,40,90,377,4,10,57
5805,-108,42,89,377,5,9,56
5805,-108,55,90,377,4,8,57
5805,-108,36,89,377,4,7,55
5805,-108,56,90,377,4,12,58
5805,-108,50,90,377,3,11,57
5805,-108,44,90,377,4,10,58
5805,-108,37,90,377,4,9,57
5805,-108,54,90,377,5,10,58
5805,-108,58,90,377,4,9,57
5805,-108,40,90,377,4,10,58
5805,-108,46,90,377,4,7,57
5805,-108,47,90,377,5,9,57
5805,-108,37,90,377,4,11,58
5805,-108,43,89,378,6,10,57
5805,-108,40,90,377,4,11,57
5805,-108,52,90,377,3,11,58
5805,-108,40,90,377,4,10,57
5805,-108,56,90,377,3,7,57
5805,-108,32,90,377,4,9,57
5805,-108,34,90,377,4,9,57
5805,-108,69,90,377,4,8,57
5805,-108,42,90,377,4,9,57
5805,-108,55,90,377,5,9,57
5805,-108,55,90,377,5,8,56
5805,-108,45,90,377,4,9,57
5805,-108,49,90,377,4,9,57
5805,-108,66,90,377,5,9,57
5805,-108,39,90,377,4,6,56
5805,-108,64,90,377,3,8,57
5805,-108,48,90,377,5,9,57
5805,-108,36,90,377,4,10,57
5805,-108,63,90,377,4,9,57
5805,-108,46,89,378,5,11,57
5805,-108,52,90,377,3,10,57
5805,-108,45,89,377,5,8,56
5805,-108,42,90,377,4,9,57
5805,-108,52,90,377,5,9,57
5805,-108,58,90,377,3,10,58
5805,-108,48,90,377,4,11,58
5805,-108,60,90,377,5,10,57
5805,-108,40,90,377,4,12,58
5805,-108,49,90,377,3,10,58
5805,-108,52,90,377,4,10,57
5805,-108,55,90,377,4,10,58
5805,-108,49,89,377,4,9,56
5805,-108,68,90,377,4,9,57
5805,-108,49,90,377,3,10,57
5805,-108,49,90,377,4,7,57
5805,-108,45,90,377,4,10,57
5805,-108,58,90,377,4,11,57
5805,-108,43,90,377,4,9,57
5805,-108,50,90,377,4,10,58
5805,-108,51,90,377,4,10,58
5805,-108,32,90,377,5,8,57
5805,-108,63,90,377,5,8,57
5805,-108,51,90,377,3,9,58
5805,-108,43,89,378,5,9,56
5805,-108,40,90,377,5,9,57
5805,-108,38,90,377,3,8,57
5805,-108,46,89,377,5,9,57
5805,-108,47,90,377,4,10,57
5805,-108,63,90,377,3,9,57
5805,-108,59,90,377,5,9,58
5805,-108,35,90,377,6,9,58
5805,-108,45,90,377,4,9,57
5805,-108,48,90,377,4,11,58
5805,-108,48,90,377,4,9,57
5805,-108,54,90,377,2,8,56
5805,-108,30,90,377,4,9,57
5805,-108,49,90,377,4,10,58
5805,-108,60,90,377,4,9,58
5805,-108,57,90,377,3,10,58
5805,-108,49,90,377,4,7,57
5805,-108,32,90,377,3,8,56
5805,-108,46,90,377,5,10,57
5805,-108,43,90,377,4,8,57
5805,-108,35,90,377,4,9,57
5805,-108,37,90,377,6,9,57
5805,-108,41,90,377,4,8,57
5805,-108,46,90,377,5,11,57
5805,-108,35,89,377,4,8,56
5805,-108,52,90,377,4,9,57
5805,-108,37,89,378,5,9,55
5805,-108,53,90,377,5,9,58
5805,-108,46,90,377,5,9,57
5805,-108,36,90,377,2,10,57
5805,-108,49,90,377,4,8,57
5805,-108,37,90,377,5,10,58
5805,-108,52,90,377,5,8,57
5805,-108,36,90,377,4,10,57
5805,-108,53,90,377,5,10,58
5805,-108,37,90,377,3,9,57
5805,-108,46,90,377,3,10,58
5805,-108,45,90,377,4,10,58
5805,-108,61,90,377,3,9,57
5805,-108,49,90,377,2,10,58
5805,-108,31,90,377,4,9,57
5805,-108,59,90,377,4,11,57
5805,-108,50,90,377,3,10,57
5805,-108,44,90,377,4,9,57
5805,-108,54,90,377,4,11,59
5805,-108,39,90,377,3,9,57
5805,-108,41,89,377,6,8,56
5805,-108,51,90,377,5,11,58
5805,-108,51,90,377,4,9,57
5805,-108,56,90,377,3,9,57
5805,-108,44,90,377,5,8,57
5805,-108,51,89,377,5,9,57
5805,-108,42,90,377,4,8,57
5805,-108,49,90,377,4,10,58
5805,-108,37,90,377,5,9,57
5805,-108,43,90,377,5,9,58
5805,-108,38,90,377,5,9,55
5805,-108,42,90,377,5,9,57
5805,-108,25,90,377,4,9,57
5805,-108,32,90,377,3,9,57
5805,-108,45,90,377,5,11,58
5805,-108,34,90,377,4,8,57
5805,-108,46,90,377,5,9,58
5805,-108,42,90,377,5,9,57
5805,-108,42,90,377,3,10,58
5805,-108,40,90,377,3,9,57
5805,-108,58,90,377,4,8,56
5805,-108,32,90,377,5,9,58
5805,-108,40,90,377,3,10,58
5805,-108,46,90,377,3,9,57
5805,-108,49,90,377,4,10,58
5805,-108,67,90,377,4,9,58
5805,-108,32,90,377,5,9,57
5805,-108,42,90,377,5,11,58
5805,-108,60,90,377,4,8,57
5805,-108,51,90,377,4,10,58
5805,-108,60,90,377,4,10,58
5805,-108,30,90,377,4,9,57
5805,-108,40,90,377,4,9,57
5805,-108,55,90,377,4,9,57
5805,-108,55,90,377,4,9,57
5805,-108,28,90,377,5,9,57
5805,-108,50,90,377,3,10,58
5805,-108,45,90,377,5,9,58
5805,-108,35,90,377,5,10,57
5805,-108,38,90,377,5,10,58
5805,-108,46,90,377,4,10,57
5805,-108,37,90,377,4,8,57
5805,-108,38,90,377,5,9,57
5805,-108,35,90,377,4,10,57
5805,-108,44,90,377,4,7,56
5805,-108,45,90,377,4,7,57
5805,-108,46,90,377,4,10,58
5805,-108,68,90,377,4,10,57
5805,-108,38,90,377,4,9,57
5805,-108,30,90,377,4,8,55
5805,-108,34,90,377,5,10,57
5805,-108,55,90,377,4,11,57
5805,-108,42,90,377,5,11,57
5805,-108,51,90,377,4,9,57
5805,-108,47,90,377,4,10,58
5805,-108,58,90,377,4,8,58
5805,-108,30,90,377,5,8,57
5805,-108,38,90,377,4,8,57
5805,-108,58,90,377,5,10,58
5805,-108,37,90,377,4,10,58
5805,-108,48,90,377,6,8,57
5805,-108,45,90,377,4,9,57
5805,-108,59,90,377,5,9,57
5805,-108,29,90,377,3,9,57
5805,-108,35,90,377,4,9,57
5805,-108,51,90,377,4,9,57
5805,-108,30,90,377,3,8,56
5805,-108,48,90,377,4,11,58
5805,-108,27,90,377,5,9,57
5805,-108,49,90,377,4,10,57
5805,-108,39,90,377,4,9,57
5805,-108,54,89,377,4,8,56
5805,-108,43,90,377,4,9,57
5805,-108,47,90,377,4,11,58
5805,-108,29,90,377,3,10,57
5805,-108,42,90,377,3,10,57
5805,-108,38,90,377,5,8,57
5805,-108,30,90,377,4,8,56
5805,-108,58,90,377,5,9,57
5805,-108,32,90,377,4,10,57
5805,-108,50,90,377,4,8,56
5805,-108,39,90,377,5,10,57
5805,-108,38,90,377,4,9,58
5805,-108,44,90,377,6,9,56
5805,-108,38,90,377,5,11,58
5805,-108,46,90,377,4,8,57
5805,-108,43,90,377,3,9,57
5805,-108,28,90,377,4,8,57
5805,-108,52,90,377,4,9,57
5805,-108,34,90,377,3,9,57
5805,-108,48,89,378,5,9,56
5805,-108,53,90,377,4,11,58
5805,-108,51,90,377,4,10,58
5805,-108,59,90,377,4,10,58
5805,-108,49,89,377,5,9,56
5805,-108,32,90,377,4,11,57
5805,-108,33,90,377,3,10,58
5805,-108,39,90,377,5,9,57
5805,-108,52,90,377,5,10,58
5805,-108,42,90,377,4,8,56
5805,-108,37,90,377,4,9,57
5805,-108,61,90,377,2,8,57
5805,-108,46,90,377,5,9,57
5805,-108,46,90,377,4,9,57
5805,-108,54,90,377,4,10,58
5805,-108,52,90,377,5,8,57
5805,-108,37,90,377,4,10,57
5805,-108,56,90,377,4,11,58
5805,-108,34,90,377,5,10,58
5805,-108,44,90,377,5,12,58
5805,-108,64,90,377,5,9,57
5805,-108,49,90,377,4,10,58
5805,-108,55,90,377,4,7,57
5805,-108,56,90,377,4,11,58
5805,-108,37,90,377,5,10,58
5805,-108,41,90,377,5,9,56
5805,-108,42,90,377,5,9,58
5805,-108,34,90,377,4,9,57
5805,-108,51,90,377,3,9,57
5805,-108,56,90,377,4,8,57
5805,-108,53,90,377,4,10,58
5805,-108,31,90,377,5,12,57
5805,-108,44,90,377,3,10,57
5805,-108,40,90,377,6,9,57
5805,-108,44,90,377,3,9,57
5805,-108,50,90,377,4,9,58
5805,-108,58,90,377,4,10,58
5805,-108,59,90,377,3,11,57
5805,-108,36,90,377,4,8,57
5805,-108,48,90,377,6,9,58
5805,-108,29,89,377,4,9,56
5805,-108,36,90,377,5,10,57
5805,-108,44,90,377,4,12,58
5805,-108,37,90,377,4,8,57
5805,-108,40,90,377,4,8,57
5805,-108,47,90,377,4,11,58
5805,-108,46,90,377,3,10,57
5805,-108,36,90,377,3,11,58
5805,-108,35,90,377,4,10,57
5805,-108,31,90,377,5,9,57
5805,-108,38,90,377,4,10,57
5805,-108,53,90,377,4,11,58
5805,-108,65,90,377,4,8,57
5805,-108,32,90,377,5,10,57
5805,-108,45,90,377,4,9,57
5805,-108,53,90,377,4,10,58
5805,-108,57,90,377,4,12,57
5805,-108,51,90,377,4,8,58
5805,-108,47,90,377,5,11,57
5805,-108,43,90,377,4,10,58
5805,-108,45,90,377,5,8,58
5805,-108,52,90,377,6,8,56
5805,-108,43,90,377,5,9,57
5805,-108,32,90,377,4,8,57
5805,-108,49,90,377,4,9,57
5805,-108,34,90,377,3,9,57
5805,-108,39,90,377,5,11,58
5805,-108,39,90,377,4,11,57
5805,-108,41,90,377,3,10,58
5805,-108,36,90,377,4,10,57
5805,-108,48,90,377,5,8,57
5805,-108,45,90,377,4,9,58
5805,-108,30,90,377,4,10,57
5805,-108,32,90,377,4,9,57
5805,-108,30,90,377,5,10,57
5805,-108,61,90,377,4,9,57
5805,-108,39,90,377,4,10,57
5805,-108,31,90,377,3,10,57
5805,-108,46,90,377,4,10,57
5805,-108,59,90,377,3,9,57
5805,-108,44,90,377,4,10,57
5805,-108,54,90,377,2,10,57
5805,-108,39,90,377,4,10,58
5805,-108,35,90,377,4,8,57
5805,-108,39,90,377,5,10,58
5805,-108,33,89,377,5,9,57
5805,-108,43,90,377,4,8,57
5805,-108,53,90,377,3,10,58
5805,-108,36,90,377,5,11,58
5805,-108,54,90,377,4,9,57
5805,-108,42,90,377,3,9,57
5805,-108,60,90,377,4,11,58
5805,-108,45,90,377,4,10,58
5805,-108,42,90,377,4,10,57
5805,-108,35,90,377,5,10,57
5805,-108,59,90,377,4,8,57
5805,-108,35,90,377,3,11,58
5805,-108,53,90,377,4,8,56
5805,-108,34,89,378,5,9,56
5805,-108,48,90,377,4,9,57
5805,-108,52,90,377,5,9,57
5805,-108,36,90,377,5,9,57
5805,-108,53,90,377,4,9,57
5805,-108,49,90,377,3,8,57
5805,-108,51,90,377,3,11,58
5805,-108,58,90,377,3,10,58
5805,-108,44,90,377,5,10,58
5805,-108,59,90,377,4,11,58
5805,-108,59,90,377,4,11,57
5805,-108,38,90,377,3,8,57
5805,-108,50,90,377,4,10,57
5805,-108,54,90,377,4,10,58
5805,-108,43,90,377,4,10,57
5805,-108,47,90,377,4,9,57
5805,-108,56,90,377,4,9,57
5805,-108,55,90,377,4,7,58
5805,-108,41,90,377,4,9,56
5805,-108,40,89,377,5,11,57
5805,-108,50,90,377,3,9,57
5805,-108,28,89,377,5,9,56
5805,-108,49,90,377,3,9,58
5805,-108,55,90,377,3,9,58
5805,-108,38,90,377,4,11,58
5805,-108,59,90,377,4,10,58
5805,-108,29,89,378,4,8,56
5805,-108,34,90,377,4,8,57
5805,-108,36,90,377,6,10,57
5805,-108,57,90,377,4,10,57
5805,-108,52,90,377,4,9,58
5805,-108,33,90,377,5,10,57
5805,-108,41,90,377,4,11,58
5805,-108,39,90,377,4,9,57
5805,-108,38,90,377,5,8,58
5805,-108,29,90,377,4,10,57
5805,-108,44,90,377,5,9,57
5805,-108,52,90,377,4,10,58
5805,-108,41,90,377,4,10,58
5805,-108,48,90,377,4,10,58
5805,-108,40,90,377,5,9,57
5805,-108,45,90,377,4,10,58
5805,-108,50,90,377,3,10,57
5805,-108,47,90,377,4,8,57
5805,-108,45,89,378,5,10,57
5805,-108,51,90,377,4,9,57
5805,-108,46,90,377,4,10,57
5805,-108,32,90,377,4,10,57
5805,-108,40,90,377,4,10,57
5805,-108,43,90,377,3,8,56
5805,-108,50,90,377,4,10,59
5805,-108,43,90,377,4,9,57
5805,-108,52,90,377,3,9,57
5805,-108,49,90,377,4,9,57
5805,-108,62,90,377,4,8,56
5805,-108,40,90,377,4,7,56
5805,-108,48,90,377,3,10,58
5805,-108,54,90,377,4,10,57
5805,-108,33,90,377,4,10,57
5805,-108,55,90,377,4,10,58
5805,-108,39,90,377,5,8,57
5805,-108,47,90,377,4,9,57
5805,-108,53,90,377,5,11,57
5805,-108,45,90,377,3,9,57
5805,-108,46,89,377,5,10,57
5805,-108,35,90,377,4,11,57
5805,-108,50,90,377,4,9,57
5805,-108,42,90,377,4,8,56
5805,-108,68,90,377,4,11,58
5805,-108,44,89,377,5,11,57
5805,-108,51,90,377,5,8,57
5805,-108,62,90,377,5,11,57
5805,-108,35,90,377,4,10,57
5805,-108,44,90,377,4,9,58
5805,-108,49,90,377,4,11,58
5805,-108,53,90,377,4,10,57
5805,-108,40,90,377,4,9,57
5805,-108,43,90,377,3,9,57
5805,-108,58,90,377,2,9,57
5805,-108,57,90,377,4,8,57
5805,-108,61,90,377,4,8,57
5805,-108,49,90,377,4,9,57
5805,-108,60,90,377,4,9,57
5805,-108,52,90,377,4,9,57
5805,-108,45,90,377,3,9,57
5805,-108,51,90,377,4,9,58
5805,-108,42,90,377,4,11,57
5805,-108,51,90,377,3,10,57
5805,-108,60,90,377,3,8,57
5805,-108,52,90,377,4,9,58
5805,-108,47,90,377,5,9,57
5805,-108,34,90,377,3,11,58
5805,-108,62,90,377,3,10,58
5805,-108,69,90,377,4,8,57
5805,-108,51,90,377,4,9,57
5805,-108,43,90,377,6,7,56
5805,-108,56,90,377,3,9,58
5805,-108,50,90,377,4,10,57
5805,-108,64,90,377,3,8,57
5805,-108,46,90,377,3,10,58
5805,-108,47,90,377,3,9,57
5805,-108,40,90,377,5,8,57
5805,-108,56,90,377,6,9,57
5805,-108,51,90,377,5,9,57
5805,-108,52,90,377,4,12,57
5805,-108,42,90,377,4,10,58
5805,-108,52,90,377,4,8,57
5805,-108,55,89,377,6,9,57
5805,-108,44,90,377,2,11,58
5805,-108,39,90,377,5,9,57
5805,-108,47,90,377,4,9,57
5805,-108,49,90,377,4,8,56
5805,-108,45,90,377,3,8,57
5805,-108,52,90,377,4,10,58
5805,-108,42,90,377,5,11,58
5805,-108,30,90,377,4,8,57
5805,-108,39,90,377,5,9,57
5805,-108,51,89,377,5,10,56
5805,-108,48,90,377,4,10,58
5805,-108,62,90,377,4,10,57
5805,-108,43,90,377,4,9,57
5805,-108,47,90,377,4,11,58
5805,-108,62,90,377,3,9,58
5805,-108,45,90,377,4,9,57
5805,-108,68,90,377,4,9,58
5805,-108,48,90,377,5,9,57
5805,-108,38,90,377,3,11,58
5805,-108,70,90,377,5,9,58
5805,-108,55,90,377,5,8,56
5805,-108,56,90,377,6,10,58
5805,-108,49,90,377,4,10,58
5805,-108,47,90,377,4,9,57
5805,-108,38,90,377,4,9,57
5805,-108,35,90,377,5,10,58
5805,-108,26,90,377,5,8,56
5805,-108,50,90,377,3,10,57
5805,-108,48,90,377,6,12,58
5805,-108,57,90,377,5,9,57
5805,-108,41,90,377,4,9,57
5805,-108,55,90,377,3,11,58
5805,-108,55,90,377,5,10,58
5805,-108,52,90,377,5,9,57
5805,-108,51,90,377,4,9,57
5805,-108,33,90,377,4,10,58
5805,-108,46,90,377,4,11,58
5805,-108,38,90,377,6,9,58
5805,-108,67,90,377,4,8,57
5805,-108,43,90,377,4,9,56
5805,-108,61,90,377,4,9,57
5805,-108,29,90,377,4,9,57
5805,-108,38,90,377,5,9,57
5805,-108,47,90,377,5,10,58
5805,-108,49,90,377,5,9,57
5805,-108,42,90,377,6,6,55
5805,-108,59,90,377,5,10,58
5805,-108,44,90,377,5,8,56
5805,-108,61,90,377,5,9,58
5805,-108,49,90,377,5,10,58
5805,-108,46,90,377,4,9,57
5805,-108,53,90,377,4,9,58
5805,-108,39,90,377,4,9,57
5805,-108,49,89,377,4,11,57
5805,-108,61,90,377,3,10,58
5805,-108,39,90,377,4,9,57
5805,-108,42,90,377,5,9,57
5805,-108,44,90,377,4,11,58
5805,-108,48,90,377,5,10,57
5805,-108,47,90,377,3,9,57
5805,-108,41,90,377,3,10,58
5805,-108,58,90,377,5,10,57
5805,-108,56,90,377,2,10,57
5805,-108,67,90,377,4,9,57
5805,-108,59,90,377,5,9,57
5805,-108,46,90,377,4,9,57
5805,-108,42,90,377,5,9,57
5805,-108,48,90,377,4,11,57
5805,-108,47,90,377,4,8,57
5805,-108,38,90,377,4,10,57
5805,-108,48,90,377,4,11,58
5805,-108,53,90,377,6,10,58
5805,-108,36,90,377,5,10,58
5805,-108,53,90,377,4,11,57
5805,-108,41,90,377,4,9,57
5805,-108,40,90,377,5,10,58
5805,-108,49,90,377,3,10,57
5805,-108,46,90,377,5,10,57
5805,-108,57,90,377,5,9,57
5805,-108,42,90,377,5,11,57
5805,-108,50,90,377,5,10,57
5805,-108,58,90,377,4,8,58
5805,-108,34,89,377,5,9,56
5805,-108,41,90,377,4,9,57
5805,-108,36,89,377,5,9,57
5805,-108,46,90,377,4,9,57
5805,-108,47,90,377,5,10,57
5805,-108,46,89,377,4,9,57
5805,-108,31,90,377,4,9,56
5805,-108,29,90,377,5,10,56
5805,-108,53,90,377,4,10,58
5805,-108,28,90,377,4,8,56
5805,-108,83,90,377,5,10,59
5805,-108,65,90,377,5,10,58
5805,-108,53,90,377,5,9,57
5805,-108,39,90,377,4,10,58
5805,-108,54,90,377,4,10,57
5805,-108,42,90,377,4,8,57
5805,-108,47,90,377,3,9,57
5805,-108,55,90,377,4,8,57
5805,-108,39,90,377,4,9,58
5805,-108,65,90,377,4,11,58
5805,-108,45,90,377,4,11,57
5805,-108,41,90,377,3,10,58
5805,-108,40,90,377,4,10,58
5805,-108,50,90,377,4,10,58
5805,-108,44,90,377,3,11,58
5805,-108,52,90,377,4,10,57
5805,-108,58,90,377,4,9,58
5805,-108,57,90,377,3,10,57
5805,-108,36,88,378,7,8,55
5805,-108,34,90,377,5,9,56
5805,-108,41,90,377,4,9,58
5805,-108,30,90,377,4,8,56
5805,-108,48,90,377,5,9,58
5805,-108,30,90,377,3,9,57
5805,-108,34,90,377,5,11,58
5805,-108,34,90,377,4,9,57
5805,-108,53,90,377,3,9,57
5805,-108,48,90,377,4,10,58
5805,-108,52,90,377,3,9,58
5805,-108,67,90,377,4,9,58
5805,-108,45,90,377,5,10,57
5805,-108,52,90,377,4,8,57
5805,-108,49,90,377,4,9,57
5805,-108,41,90,377,5,9,57
5805,-108,44,90,377,4,9,57
5805,-108,40,90,377,4,9,57
5805,-108,40,90,377,4,10,58
5805,-108,38,90,377,3,12,58
5805,-108,37,90,377,4,10,57
5805,-108,62,90,377,4,7,57
5805,-108,31,90,377,4,9,57
5805,-108,29,90,377,3,9,57
5805,-108,40,90,377,4,11,58
5805,-108,58,90,377,5,9,57
5805,-108,46,90,377,4,9,57
5805,-108,67,90,377,4,9,57
5805,-108,43,90,377,5,10,58
5805,-108,70,89,377,6,9,57
5805,-108,45,90,377,4,10,58
5805,-108,53,90,377,4,10,59
5805,-108,43,90,377,3,10,58
5805,-108,36,90,377,4,10,58
5805,-108,34,90,377,5,10,57
5805,-108,47,90,377,5,8,57
5805,-108,50,90,377,2,12,58
5805,-108,35,90,377,3,10,58
5805,-108,51,90,377,5,9,58
5805,-108,53,90,377,4,7,56
5805,-108,46,90,377,3,9,57
5805,-108,49,90,377,5,9,57
5805,-108,49,90,377,3,8,57
5805,-108,61,90,377,4,9,57
5805,-108,43,90,377,4,10,58
5805,-108,48,90,377,5,10,58
5805,-108,42,90,377,4,9,57
5805,-108,57,90,377,4,9,57
5805,-108,45,90,377,5,10,57
5805,-108,32,90,377,4,9,57
5805,-108,41,90,377,4,11,58
5805,-108,56,90,377,5,10,57
5805,-108,44,90,377,4,10,57
5805,-108,42,90,377,4,8,57
5805,-108,44,90,377,5,9,57
5805,-108,58,90,377,3,9,57
5805,-108,29,90,377,4,9,58
5805,-108,41,89,378,5,9,56
5805,-108,54,90,377,5,10,57
5805,-108,53,90,377,4,8,57
5805,-108,46,90,377,4,10,58
5805,-108,41,90,377,4,9,57
5805,-108,60,90,377,4,9,56
5805,-108,33,90,377,5,9,57
5805,-108,42,90,377,3,9,57
5805,-108,55,90,377,3,9,57
5805,-108,54,90,377,5,9,58
5805,-108,59,90,377,4,9,58
5805,-108,32,90,377,3,9,57
5805,-108,38,90,377,4,9,57
5805,-108,37,90,377,5,9,57
5805,-108,55,90,377,4,12,58
5805,-108,47,90,377,3,11,57
5805,-108,59,90,377,3,9,58
5805,-108,45,89,378,5,10,57
5805,-108,49,90,377,5,11,58
5805,-108,36,90,377,3,10,58
5805,-108,41,89,377,5,9,56
5805,-108,48,90,377,5,10,58
5805,-108,50,90,377,3,8,57
5805,-108,46,90,377,5,10,57
5805,-108,50,90,377,5,11,57
5805,-108,42,90,377,3,9,57
5805,-108,41,90,377,4,9,57
5805,-108,38,90,377,2,10,58
5805,-108,53,90,377,5,8,57
5805,-108,41,90,377,4,9,57
5805,-108,43,90,377,5,8,57
5805,-108,51,90,377,4,11,58
5805,-108,35,90,377,4,9,58
5805,-108,56,90,377,4,11,58
5805,-108,39,90,377,4,10,57
5805,-108,41,90,377,4,10,57
5805,-108,36,90,377,4,8,57
5805,-108,66,90,377,5,9,58
5805,-108,37,88,378,5,8,54
5805,-108,45,90,377,4,9,58
5805,-108,53,90,377,5,10,57
5805,-108,52,90,377,5,9,57
5805,-108,44,89,377,4,8,56
5805,-108,56,90,377,3,9,57
5805,-108,60,90,377,5,10,57
5805,-108,43,90,377,4,9,57
5805,-108,44,90,377,4,8,56
5805,-108,55,90,377,4,8,57
5805,-108,40,90,377,4,9,56
5805,-108,63,90,377,5,10,58
5805,-108,46,90,377,4,10,58
5805,-108,51,90,377,4,11,57
5805,-108,59,90,377,3,10,57
5805,-108,53,90,377,5,10,57
5805,-108,62,90,377,5,10,57
5805,-108,54,90,377,4,8,56
5805,-108,43,90,377,4,11,58
5805,-108,51,89,378,5,8,56
5805,-108,45,90,377,3,9,57
5805,-108,40,90,377,5,8,57
5805,-108,49,90,377,4,8,57
5805,-108,58,90,377,4,9,58
5805,-108,53,89,378,5,9,57
5805,-108,56,90,377,3,10,58
5805,-108,39,90,377,5,7,57
5805,-108,58,90,377,5,9,58
5805,-108,46,90,377,4,10,57
5805,-108,63,90,377,4,9,57
5805,-108,57,90,377,4,10,57
5805,-108,68,90,377,3,10,57
5805,-108,54,90,377,4,10,58
5805,-108,64,90,377,4,8,57
5805,-108,39,90,377,5,9,57
5805,-108,64,90,377,5,10,57
5805,-108,63,90,377,3,9,57
5805,-108,48,89,377,5,9,56
5805,-108,45,90,377,3,9,58
5805,-108,56,90,377,4,8,57
5805,-108,55,90,377,4,9,58
5805,-108,51,90,377,3,12,58
5805,-108,44,90,377,5,9,57
5805,-108,61,90,377,4,11,58
5805,-108,53,90,377,5,9,57
5805,-108,55,90,377,4,9,58
5805,-108,73,90,377,4,11,58
5805,-108,45,90,377,5,11,57
5805,-108,63,90,377,4,10,58
5805,-108,55,90,377,4,10,57
5805,-108,49,90,377,5,10,57
5805,-108,42,90,377,4,10,57
5805,-108,39,90,377,4,9,57
5805,-108,41,90,377,4,10,58
5805,-108,46,90,377,4,12,58
5805,-108,61,90,377,3,9,58
5805,-108,48,89,378,6,8,56
5805,-108,50,90,377,3,10,58
5805,-108,42,90,377,3,9,57
5805,-108,54,90,377,4,9,57
5805,-108,66,90,377,4,9,58
5805,-108,52,90,377,4,11,58
5805,-108,46,90,377,4,8,56
5805,-108,35,90,377,5,9,57
5805,-108,40,90,377,4,8,58
5805,-108,58,90,377,3,10,58
5805,-108,58,90,377,5,9,58
5805,-108,58,89,377,4,11,57
5805,-108,62,90,377,4,8,57
5805,-108,38,90,377,4,10,58
5805,-108,78,90,377,3,9,57
5805,-108,58,90,377,4,12,58
5805,-108,48,90,377,4,9,57
5805,-108,48,90,377,4,10,57
5805,-108,54,90,377,5,8,57
5805,-108,37,90,377,3,9,57
5805,-108,35,90,377,4,9,57
5805,-108,51,90,377,4,11,58
5805,-108,50,90,377,6,10,58
5805,-108,66,90,377,4,10,57
5805,-108,55,90,377,4,9,58
5805,-108,51,90,377,4,10,59
5805,-108,62,90,377,4,10,58
5805,-108,43,90,377,4,10,58
5805,-108,39,90,377,4,10,57
5805,-108,67,90,377,4,10,57
5805,-108,49,90,377,2,11,57
5805,-108,55,90,377,4,10,58
5805,-108,70,90,377,4,11,57
5805,-108,60,90,377,4,10,58
5805,-108,51,90,377,5,8,57
5805,-108,39,90,377,4,9,57
5805,-108,61,90,377,5,10,57
5805,-108,53,90,377,6,11,57
5805,-108,62,90,377,5,10,57
5805,-108,52,90,377,4,10,59
5805,-108,28,90,377,3,8,56
5805,-108,52,90,377,4,8,57
5805,-108,57,90,377,4,10,58
5805,-108,47,90,377,3,10,57
5805,-108,45,90,377,4,10,58
5805,-108,51,90,377,4,9,56
5805,-108,54,90,377,4,9,56
5805,-108,57,90,377,4,10,58
5805,-108,46,89,378,5,9,57
5805,-108,50,90,377,3,8,57
5805,-108,56,90,377,4,8,57
5805,-108,38,90,377,4,10,57
5805,-108,39,90,377,4,8,57
5805,-108,40,89,377,6,9,56
5805,-108,56,90,377,4,9,57
5805,-108,48,90,377,4,9,58
5805,-108,62,90,377,3,10,59
5805,-108,48,90,377,4,9,58
5805,-108,56,90,377,3,9,57
5805,-108,49,90,377,4,9,57
5805,-108,47,90,377,4,10,58
5805,-108,57,90,377,4,11,58
5805,-108,35,89,377,4,12,56
5805,-108,49,90,377,3,10,58
5805,-108,59,90,377,4,10,57
5805,-108,49,90,377,4,8,56
5805,-108,52,90,377,4,10,57
5805,-108,52,90,377,4,9,57
5805,-108,45,90,377,4,11,58
5805,-108,64,90,377,4,9,58
5805,-108,64,90,377,3,11,58
5805,-108,47,90,377,5,9,58
5805,-108,42,90,377,5,9,57
5805,-108,56,90,377,2,10,57
5805,-108,62,90,377,3,8,57
5805,-108,43,90,377,5,10,57
5805,-108,54,89,377,5,10,57
5805,-108,33,90,377,4,10,57
5805,-108,55,90,377,4,11,58
5805,-108,47,90,377,4,10,58
5805,-108,41,90,377,3,10,57
5805,-108,44,89,377,6,11,57
5805,-108,47,90,377,5,9,58
5805,-108,64,90,377,4,9,58
5805,-108,61,89,377,5,9,56
5805,-108,44,90,377,4,9,57
5805,-108,65,90,377,5,9,57
5805,-108,46,90,377,3,10,57
5805,-108,43,90,377,4,9,57
5805,-108,50,90,377,3,9,57
5805,-108,46,90,377,4,8,57
5805,-108,34,90,377,4,10,58
5805,-108,59,90,377,4,9,57
5805,-108,53,89,377,4,9,57
5805,-108,45,90,377,4,10,57
5805,-108,62,90,377,3,8,57
5805,-108,50,90,377,3,10,57
5805,-108,50,90,377,4,11,57
5805,-108,37,90,377,5,9,58
5805,-108,88,90,377,5,10,58
5805,-108,62,90,377,3,10,57
5805,-108,47,90,377,4,7,58
5805,-108,60,90,377,3,8,57
5805,-108,48,90,377,6,11,58
5805,-108,43,90,377,5,11,58
5805,-108,55,90,377,4,7,56
5805,-108,35,90,377,5,11,57
5805,-108,69,90,377,3,9,57
5805,-108,49,90,377,4,7,56
5805,-108,45,89,377,4,9,56
5805,-108,54,90,377,3,9,58
5805,-108,56,90,377,3,9,57
5805,-108,64,90,377,5,9,57
5805,-108,56,90,377,5,10,57
5805,-108,60,90,377,5,9,57
5805,-108,44,90,377,4,11,58
5805,-108,59,90,377,5,10,59
5805,-108,51,90,377,4,10,58
5805,-108,42,90,377,4,10,58
5805,-108,46,90,377,3,10,57
5805,-108,55,90,377,5,10,57
5805,-108,45,90,377,4,9,57
5805,-108,54,90,377,5,11,58
5805,-108,53,90,377,4,8,57
5805,-108,44,90,377,4,8,56
5805,-108,53,90,377,4,9,57
5805,-108,76,90,377,4,10,57
5805,-108,54,90,377,5,10,57
5805,-108,61,90,377,5,11,58
5805,-108,48,90,377,5,9,57
5805,-108,34,90,377,4,10,57
5805,-108,56,90,377,4,9,57
5805,-108,40,90,377,5,10,58
5805,-108,60,90,377,6,9,58
5805,-108,61,90,377,4,8,56
5805,-108,54,90,377,3,9,58
5805,-108,58,90,377,5,9,56
5805,-108,37,90,377,3,10,58
5805,-108,55,90,377,5,10,58
5805,-108,48,88,378,5,10,56
5805,-108,44,90,377,3,9,57
5805,-108,63,90,377,5,10,57
5805,-108,54,89,378,3,11,57
5805,-108,47,90,377,5,12,58
5805,-108,56,90,377,5,9,58
5805,-108,61,90,377,3,10,57
5805,-108,51,90,377,4,9,57
5805,-108,53,90,377,4,10,58
5805,-108,46,90,377,4,9,57
5805,-108,40,90,377,3,10,58
5805,-108,47,90,377,5,9,58
5805,-108,44,90,377,5,9,57
5805,-108,31,90,377,4,8,56
5805,-108,40,90,377,4,10,57
5805,-108,59,90,377,3,9,57
5805,-108,47,90,377,5,10,59
5805,-108,47,89,377,5,9,56
5805,-108,59,90,377,5,9,57
5805,-108,54,90,377,4,9,57
5805,-108,51,90,377,4,11,57
5805,-108,44,90,377,3,10,57
5805,-108,54,90,377,4,10,58
5805,-108,51,90,377,4,8,56
5805,-108,37,89,378,4,9,55
5805,-108,52,90,377,5,10,58
5805,-108,54,90,377,5,9,57
5805,-108,37,90,377,4,10,59
5805,-108,68,90,377,3,8,56
5805,-108,68,90,377,4,9,57
5805,-108,61,90,377,4,10,59
5805,-108,33,90,377,3,9,57
5805,-108,33,90,377,4,10,57
5805,-108,36,90,377,5,10,57
5805,-108,59,90,377,5,11,58
5805,-108,57,90,377,4,8,56
5805,-108,59,90,377,4,9,56
5805,-108,45,90,377,4,9,57
5805,-108,59,90,377,4,11,58
5805,-108,59,90,377,4,9,58
5805,-108,42,90,377,4,10,58
5805,-108,51,90,377,2,9,58
5805,-108,50,90,377,6,8,57
5805,-108,56,90,377,5,10,58
5805,-108,43,89,377,5,9,56
5805,-108,47,90,377,4,10,58
5805,-108,55,90,377,4,10,58
5805,-108,52,90,377,4,9,57
5805,-108,52,90,377,3,10,57
5805,-108,60,90,377,3,9,57
5805,-108,40,90,377,4,13,58
5805,-108,41,90,377,4,10,57
5805,-108,49,90,377,4,9,57
5805,-108,61,90,377,4,11,58
5805,-108,49,90,377,4,8,57
5805,-108,57,90,377,4,8,57
5805,-108,67,90,377,3,10,57
5805,-108,48,90,377,5,9,57
5805,-108,62,90,377,4,9,57
5805,-108,53,90,377,5,8,57
5805,-108,81,90,377,4,8,58
5805,-108,46,90,377,4,9,57
5805,-108,52,90,377,6,11,57
5805,-108,60,90,377,5,10,58
5805,-108,48,90,377,3,9,57
5805,-108,45,90,377,3,10,58
5805,-108,54,90,377,4,10,57
5805,-108,45,90,377,4,9,57
5805,-108,54,90,377,3,10,57
5805,-108,53,90,377,4,10,57
5805,-108,60,90,377,3,9,57
5805,-108,51,90,377,3,10,58
5805,-108,56,90,377,3,9,57
5805,-108,39,90,377,4,8,57
5805,-108,58,89,378,5,7,56
5805,-108,51,90,377,4,9,56
5805,-108,37,90,377,4,10,58
5805,-108,54,90,377,5,8,56
5805,-108,59,90,377,5,8,57
5805,-108,34,90,377,4,11,57
5805,-108,56,90,377,3,10,57
5805,-108,39,90,377,4,10,57
5805,-108,61,90,377,4,9,57
5805,-108,47,90,377,4,10,58
5805,-108,59,89,377,5,10,57
5805,-108,73,90,377,4,9,57
5805,-108,64,90,377,4,10,57
5805,-108,48,90,377,4,11,58
5805,-108,48,90,377,4,10,57
5805,-108,50,90,377,5,8,57
5805,-108,52,90,377,2,10,58
5805,-108,35,90,377,2,8,57
5805,-108,63,90,377,5,10,58
5805,-108,57,90,377,4,10,57
5805,-108,50,90,377,4,9,58
5805,-108,61,90,377,4,8,57
5805,-108,61,90,377,3,11,58
5805,-108,41,90,377,3,8,56
5805,-108,63,90,377,4,11,57
5805,-108,45,90,377,3,12,58
5805,-108,42,90,377,3,7,56
5805,-108,36,88,378,5,8,55
5805,-108,57,90,377,4,10,57
5805,-108,39,90,377,4,8,57
5805,-108,51,90,377,3,8,57
5805,-108,45,90,377,6,9,58
5805,-108,69,90,377,3,9,57
5805,-108,47,90,377,6,9,56
5805,-108,39,90,377,4,9,57
5805,-108,50,90,377,5,10,58
5805,-108,59,90,377,4,11,57
5805,-108,46,90,377,4,10,57
5805,-108,58,90,377,4,9,58
5805,-108,58,90,377,4,10,58
5805,-108,41,89,377,5,10,57
5805,-108,44,90,377,4,11,57
5805,-108,49,90,377,3,10,57
5805,-108,46,90,377,3,8,57
5805,-108,73,90,377,3,10,57
5805,-108,63,90,377,4,8,58
5805,-108,72,90,377,4,7,56
5805,-108,69,90,377,4,11,59
5805,-108,50,90,377,4,10,58
5805,-108,54,90,377,5,9,58
5805,-108,44,90,377,4,11,58
5805,-108,39,90,377,5,10,58
5805,-108,47,90,377,4,9,58
5805,-108,61,90,377,4,9,57
5805,-108,49,90,377,5,11,57
5805,-108,71,90,377,3,10,57
5805,-108,49,90,377,4,10,57
5805,-108,38,88,378,5,10,56
5805,-108,45,90,377,5,9,58
5805,-108,56,90,377,4,10,57
5805,-108,72,90,377,5,11,58
5805,-108,51,90,377,4,9,57
5805,-108,56,90,377,5,9,58
5805,-108,38,90,377,4,8,57
5805,-108,42,89,377,4,10,56
5805,-108,56,90,377,4,11,58
5805,-108,60,90,377,4,10,58
5805,-108,52,90,377,4,9,58
5805,-108,58,90,377,3,9,57
5805,-108,52,90,377,4,10,57
5805,-108,55,90,377,4,10,57
5805,-108,42,90,377,4,11,58
5805,-108,62,89,378,6,10,56
5805,-108,61,90,377,3,7,56
5805,-108,47,90,377,5,9,57
5805,-108,61,90,377,4,8,57
5805,-108,55,90,377,3,9,57
5805,-108,57,90,377,3,9,58
5805,-108,69,90,377,4,8,56
5805,-108,44,90,377,4,10,57
5805,-108,69,90,377,3,9,57
5805,-108,46,89,378,5,7,55
5805,-108,62,90,377,5,10,57
5805,-108,61,90,377,4,9,58
5805,-108,34,90,377,4,10,58
5805,-108,50,90,377,2,9,57
5805,-108,45,90,377,3,9,57
5805,-108,60,90,377,4,11,58
5805,-108,56,90,377,3,9,57
5805,-108,48,90,377,4,7,56
5805,-108,50,90,377,4,10,57
5805,-108,72,90,377,5,11,58
5805,-108,43,90,377,4,10,57
5805,-108,54,90,377,4,9,58
5805,-108,62,90,377,4,10,58
5805,-108,58,90,377,5,10,57
5805,-108,59,90,377,4,9,57
5805,-108,66,90,377,5,9,58
5805,-108,57,90,377,4,10,58
5805,-108,78,90,377,4,9,58
5805,-108,61,90,377,3,11,58
5805,-108,44,89,378,4,8,56
5805,-108,64,90,377,4,11,57
5805,-108,54,90,377,2,9,57
5805,-108,43,90,377,4,11,58
5805,-108,50,90,377,5,9,57
5805,-108,53,90,377,4,10,58
5805,-108,55,90,377,5,10,58
5805,-108,41,90,377,4,10,57
5805,-108,44,90,377,4,9,57
5805,-108,43,90,377,4,9,57
5805,-108,46,89,377,5,9,56
5805,-108,31,90,377,4,10,57
5805,-108,62,90,377,5,9,57
5805,-108,61,90,377,5,9,58
5805,-108,34,90,377,3,9,57
5805,-108,45,90,377,5,10,57
5805,-108,51,90,377,4,8,57
5805,-108,39,90,377,4,9,57
5805,-108,44,90,377,4,11,57
5805,-108,69,90,377,4,11,58
5805,-108,73,90,377,4,8,56
5805,-108,38,90,377,4,10,57
5805,-108,66,90,377,4,10,58
5805,-108,63,90,377,4,10,57
5805,-108,59,90,377,4,8,57
5805,-108,60,90,377,4,9,58
5805,-108,62,90,377,5,9,57
5805,-108,50,90,377,5,9,57
5805,-108,45,90,377,4,9,57
5805,-108,60,90,377,4,9,57
5805,-108,56,90,377,4,10,57
5805,-108,44,90,377,4,11,58
5805,-108,68,90,377,4,9,57
5805,-108,75,90,377,4,8,56
5805,-108,36,90,377,5,9,57
5805,-108,56,90,377,4,11,58
5805,-108,63,90,377,4,9,58
5805,-108,65,90,377,5,9,58
5805,-108,42,90,377,3,10,58
5805,-108,46,90,377,4,10,57
5805,-108,62,90,377,5,9,57
5805,-108,47,90,377,2,9,57
5805,-108,43,89,377,5,12,57
5805,-108,67,90,377,5,10,57
5805,-108,59,90,377,3,10,58
5805,-108,32,90,377,4,8,57
5805,-108,45,90,377,3,9,57
5805,-108,55,90,377,5,11,58
5805,-108,42,90,377,3,10,58
5805,-108,55,90,377,5,11,58
5805,-108,43,90,377,5,10,58
5805,-108,44,90,377,3,8,57
5805,-108,55,90,377,4,9,57
5805,-108,54,90,377,5,10,57
5805,-108,59,90,377,4,9,57
5805,-108,44,90,377,4,11,58
5805,-108,37,90,377,4,11,58
5805,-108,41,90,377,4,9,58
5805,-108,50,90,377,3,9,57
5805,-108,62,90,377,4,10,58
5805,-108,59,90,377,4,9,57
5805,-108,55,90,377,4,9,57
5805,-108,61,90,377,5,11,58
5805,-108,41,90,377,3,8,57
5805,-108,63,90,377,4,10,57
5805,-108,50,90,377,5,10,57
5805,-108,54,90,377,4,11,58
5805,-108,38,90,377,4,10,58
5805,-108,39,90,377,5,9,57
5805,-108,60,90,377,5,10,58
5805,-108,66,90,377,3,11,58
5805,-108,53,90,377,5,11,58
5805,-108,39,90,377,4,9,57
5805,-108,72,89,377,5,10,57
5805,-108,43,90,377,3,7,56
5805,-108,44,90,377,4,8,57
5805,-108,43,90,377,3,10,57
5805,-108,44,90,377,3,9,57
5805,-108,70,90,377,5,9,57
5805,-108,54,90,377,5,10,57
5805,-108,56,90,377,3,9,58
5805,-108,50,90,377,4,8,57
5805,-108,47,90,377,3,9,58
5805,-108,56,90,377,5,10,58
5805,-108,35,90,377,3,8,56
5805,-108,51,90,377,3,10,57
5805,-108,38,90,377,4,11,58
5805,-108,58,90,377,5,9,57
5805,-108,56,90,377,4,10,57
5805,-108,80,90,377,4,12,58
5805,-108,43,90,377,4,9,57
5805,-108,37,90,377,3,8,56
5805,-108,56,90,377,3,9,57
5805,-108,60,90,377,4,11,58
5805,-108,57,90,377,4,10,57
5805,-108,68,90,377,4,11,58
5805,-108,66,90,377,5,8,57
5805,-108,56,90,377,3,11,58
5805,-108,68,90,377,4,11,58
5805,-108,58,90,377,4,9,58
5805,-108,61,90,377,5,11,57
5805,-108,48,90,377,3,9,57
5805,-108,46,90,377,2,8,57
5805,-108,55,90,377,3,10,58
5805,-108,50,90,377,5,9,57
5805,-108,64,90,377,5,9,57
5805,-108,57,90,377,4,9,58
5805,-108,57,90,377,5,9,58
5805,-108,70,90,377,5,8,56
5805,-108,42,90,377,4,10,58
5805,-108,40,90,377,5,11,57
5805,-108,52,90,377,4,10,57
5805,-108,43,90,377,3,10,57
5805,-108,51,90,377,5,7,57
5805,-108,58,90,377,5,9,57
5805,-108,40,90,377,4,10,58
5805,-108,43,90,377,5,11,58
5805,-108,49,90,377,4,10,57
5805,-108,60,90,377,4,9,58
5805,-108,69,90,377,3,10,58
5805,-108,50,90,377,4,8,57
5805,-108,58,90,377,3,9,57
5805,-108,63,90,377,4,7,57
5805,-108,43,90,377,4,9,57
5805,-108,58,90,377,3,10,57
5805,-108,47,90,377,5,10,58
5805,-108,60,90,377,5,9,58
5805,-108,40,90,377,5,11,58
5805,-108,46,90,377,5,11,58
5805,-108,57,90,377,4,8,57
5805,-108,36,90,377,4,9,56
5805,-108,58,90,377,5,11,57
5805,-108,55,90,377,3,10,58
5805,-108,54,90,377,3,9,58
5805,-108,46,90,377,5,10,57
5805,-108,50,90,377,4,9,57
5805,-108,58,90,377,4,11,58
5805,-108,65,90,377,4,9,56
5805,-108,51,90,377,4,9,57
5805,-108,64,90,377,3,9,58
5805,-108,81,90,377,5,11,58
5805,-108,29,90,377,3,10,57
5805,-108,58,90,377,4,9,57
5805,-108,49,89,377,5,9,57
5805,-108,43,90,377,3,10,58
5805,-108,69,90,377,4,9,58
5805,-108,44,90,377,4,11,57
5805,-108,53,90,377,5,8,57
5805,-108,36,89,377,6,12,56
5805,-108,52,90,377,5,11,58
5805,-108,66,90,377,3,10,58
5805,-108,57,90,377,4,8,58
5805,-108,58,90,377,4,11,58
5805,-108,44,90,377,3,11,58
5805,-108,53,90,377,5,8,57
5805,-108,41,90,377,4,9,57
5805,-108,45,90,377,3,9,57
5805,-108,44,90,377,5,9,57
5805,-108,72,90,377,4,10,58
5805,-108,58,90,377,4,9,58
5805,-108,53,90,377,3,11,59
5805,-108,55,90,377,4,10,58
5805,-108,58,90,377,3,8,56
5805,-108,69,90,377,4,9,57
5805,-108,61,90,377,4,9,57
5805,-108,61,90,377,4,9,57
5805,-108,39,90,377,5,9,57
5805,-108,41,90,377,4,10,56
5805,-108,35,90,377,4,8,58
5805,-108,40,90,377,4,9,57
5805,-108,37,90,377,4,7,55
5805,-108,50,90,377,4,9,57
5805,-108,61,90,377,6,10,58
5805,-108,51,89,378,4,10,57
5805,-108,52,90,377,4,9,57
5805,-108,33,90,377,4,10,57
5805,-108,41,90,377,4,9,57
5805,-108,53,90,377,5,10,57
5805,-108,59,90,377,4,9,57
5805,-108,59,90,377,6,10,57
5805,-108,38,90,377,4,10,57
5805,-108,67,90,377,4,10,57
5805,-108,56,90,377,5,9,58
5805,-108,49,89,378,5,10,57
5805,-108,60,90,377,4,10,58
5805,-108,66,90,377,4,9,57
5805,-108,65,90,377,4,11,58
5805,-108,51,90,377,4,9,58
5805,-108,65,90,377,5,12,58
5805,-108,56,90,377,5,9,57
5805,-108,42,90,377,2,10,58
5805,-108,47,90,377,4,9,57
5805,-108,40,90,377,4,8,57
5805,-108,42,90,377,3,8,56
5805,-108,37,90,377,3,9,58
5805,-108,51,89,377,4,11,57
5805,-108,67,90,377,4,10,59
5805,-108,57,90,377,5,8,57
5805,-108,77,90,377,4,8,57
5805,-108,60,90,377,4,12,58
5805,-108,49,90,377,4,10,58
5805,-108,47,90,377,3,7,56
5805,-108,54,90,377,4,9,57
5805,-108,40,90,377,4,9,57
5805,-108,62,90,377,4,9,57
5805,-108,44,90,377,5,11,58
5805,-108,63,90,377,4,10,58
5805,-108,39,90,377,4,9,57
5805,-108,72,90,377,5,9,57
5805,-108,41,90,377,5,9,57
5805,-108,50,90,377,4,10,58
5805,-108,47,90,377,4,10,58
5805,-108,45,90,377,4,9,58
5805,-108,48,90,377,4,11,57
5805,-108,59,90,377,4,11,58
5805,-108,63,90,377,4,10,57
5805,-108,56,90,377,3,10,58
5805,-108,68,90,377,5,11,58
5805,-108,53,90,377,4,7,57
5805,-108,44,90,377,5,10,57
5805,-108,55,90,377,3,9,58
5805,-108,48,90,377,5,10,58
5805,-108,54,90,377,4,9,57
5805,-108,76,90,377,4,9,58
5805,-108,54,90,377,4,11,57
5805,-108,65,90,377,5,9,57
5805,-108,51,90,377,4,9,57
5805,-108,48,90,377,5,8,56
5805,-108,53,90,377,5,8,57
5805,-108,49,90,377,5,10,58
5805,-108,54,90,377,4,9,57
5805,-108,52,90,377,4,8,57
5805,-108,48,89,377,5,9,57
5805,-108,53,90,377,4,8,57
5805,-108,52,90,377,4,11,57
5805,-108,36,90,377,5,8,57
5805,-108,28,90,377,3,10,57
5805,-108,38,90,377,4,10,57
5805,-108,54,90,377,4,10,58
5805,-108,66,90,377,5,8,58
5805,-108,56,90,377,4,10,57
5805,-108,34,90,377,4,9,57
5805,-108,57,90,377,5,10,58
5805,-108,50,90,377,5,8,57
5805,-108,53,90,377,4,8,57
5805,-108,43,90,377,4,10,58
5805,-108,44,90,377,5,11,57
5805,-108,53,90,377,5,10,58
5805,-108,41,90,377,4,8,56
5805,-108,44,90,377,5,9,56
5805,-108,45,90,377,5,10,58
5805,-108,49,90,377,3,10,57
5805,-108,54,90,377,3,9,57
5805,-108,52,90,377,5,7,57
5805,-108,51,90,377,3,9,57
5805,-108,50,90,377,4,10,57
5805,-108,55,90,377,5,11,58
5805,-108,56,90,377,5,8,57
5805,-108,55,90,377,3,10,57
5805,-108,47,90,377,5,11,57
5805,-108,42,90,377,5,9,57
5805,-108,40,90,377,5,9,57
5805,-108,45,90,377,5,9,58
5805,-108,56,90,377,4,10,58
5805,-108,59,90,377,4,10,58
5805,-108,61,90,377,5,9,58
5805,-108,46,90,377,5,11,58
5805,-108,47,90,377,4,10,58
5805,-108,61,90,377,3,9,57
5805,-108,57,90,377,5,9,57
5805,-108,39,90,377,4,9,57
5805,-108,45,90,377,4,10,57
5805,-108,50,90,377,3,12,58
5805,-108,48,90,377,4,9,56
5805,-108,48,90,377,4,11,57
5805,-108,53,90,377,3,9,58
5805,-108,61,90,377,4,10,57
5805,-108,49,90,377,4,8,57
5805,-108,47,90,377,4,8,57
5805,-108,56,90,377,4,10,58
5805,-108,48,90,377,3,9,57
5805,-108,42,90,377,3,9,57
5805,-108,58,90,377,5,11,58
5805,-108,40,90,377,3,9,57
5805,-108,55,90,377,5,10,57
5805,-108,62,90,377,4,10,58
5805,-108,49,90,377,4,10,58
5805,-108,62,90,377,5,10,57
5805,-108,48,89,377,5,9,57
5805,-108,56,90,377,5,11,58
5805,-108,58,90,377,4,9,57
5805,-108,55,90,377,5,9,58
5805,-108,42,90,377,5,11,57
5805,-108,60,90,377,3,11,58
5805,-108,48,90,377,4,9,58
5805,-108,49,90,377,5,9,57
5805,-108,40,90,377,5,11,59
5805,-108,62,90,377,4,8,57
5805,-108,47,90,377,5,10,57
5805,-108,71,90,377,5,9,58
5805,-108,34,90,377,6,10,58
5805,-108,59,90,377,4,10,57
5805,-108,38,90,377,5,8,57
5805,-108,42,90,377,4,9,57
5805,-108,50,90,377,3,11,58
5805,-108,52,89,377,4,9,57
5805,-108,63,90,377,4,10,58
5805,-108,42,90,377,4,8,57
5805,-108,48,90,377,4,9,57
5805,-108,53,90,377,4,9,57
5805,-108,54,90,377,4,11,59
5805,-108,49,90,377,5,10,58
5805,-108,44,90,377,4,9,57
5805,-108,47,90,377,5,10,57
5805,-108,44,90,377,5,9,57
5805,-108,56,90,377,4,10,58
5805,-108,58,90,377,5,9,57
5805,-108,41,90,377,5,9,57
5805,-108,69,90,377,4,9,58
5805,-108,54,90,377,3,10,57
5805,-108,55,90,377,4,10,58
5805,-108,46,90,377,4,9,58
5805,-108,45,90,377,3,8,57
5805,-108,33,90,377,4,8,57
5805,-108,58,90,377,4,10,58
5805,-108,69,90,377,5,9,58
5805,-108,49,90,377,4,8,57
5805,-108,50,90,377,4,10,58
5805,-108,52,90,377,5,9,57
5805,-108,52,90,377,4,11,58
5805,-108,38,90,377,2,8,57
5805,-108,49,90,377,4,9,57
5805,-108,50,90,377,5,9,58
5805,-108,64,90,377,4,11,59
5805,-108,72,90,377,4,9,57
5805,-108,73,90,377,4,10,57
5805,-108,42,90,377,4,10,58
5805,-108,69,90,377,4,9,58
5805,-108,68,90,377,5,10,58
5805,-108,59,90,377,3,7,55
5805,-108,57,90,377,4,8,57
5805,-108,64,90,377,4,8,58
5805,-108,46,90,377,3,11,57
5805,-108,68,90,377,3,9,58
5805,-108,54,90,377,4,8,57
5805,-108,49,90,377,4,10,58
5805,-108,76,90,377,4,8,56
5805,-108,44,90,377,4,10,58
5805,-108,64,90,377,4,10,58
5805,-108,47,90,377,5,9,57
5805,-108,55,90,377,4,11,58
5805,-108,48,90,377,4,8,56
5805,-108,67,90,377,4,10,58
5805,-108,41,90,377,4,10,57
5805,-108,56,90,377,4,9,57
5805,-108,57,90,377,3,9,57
5805,-108,40,90,377,5,9,58
5805,-108,68,90,377,5,10,58
5805,-108,44,90,377,4,9,57
5805,-108,48,90,377,3,10,58
5805,-108,35,90,377,4,9,57
5805,-108,63,90,377,6,9,57
5805,-108,62,90,377,3,11,58
5805,-108,63,90,377,5,10,58
5805,-108,44,90,377,5,10,57
5805,-108,52,90,377,5,11,57
5805,-108,48,90,377,3,9,58
5805,-108,47,90,377,4,7,56
5805,-108,39,90,377,5,10,58
5805,-108,60,90,377,5,10,57
5805,-108,47,90,377,5,11,57
5805,-108,61,90,377,4,11,57
5805,-108,43,90,377,4,11,58
5805,-108,53,90,377,4,11,58
5805,-108,51,90,377,3,9,57
5805,-108,50,90,377,5,11,58
5805,-108,42,90,377,3,11,58
5805,-108,77,90,377,4,10,57
5805,-108,64,90,377,4,8,57
5805,-108,63,90,377,4,10,58
5805,-108,57,90,377,4,9,57
5805,-108,48,90,377,6,9,58
5805,-108,55,90,377,4,9,58
5805,-108,62,90,377,4,11,57
5805,-108,51,90,377,4,8,57
5805,-108,33,90,377,5,10,56
5805,-108,57,90,377,4,11,59
5805,-108,49,90,377,5,11,57
5805,-108,34,90,377,4,11,57
5805,-108,36,90,377,3,10,58
5805,-108,53,90,377,4,10,58
5805,-108,52,90,377,3,10,57
5805,-108,35,90,377,5,9,57
5805,-108,63,90,377,4,10,58
5805,-108,49,90,377,4,8,57
5805,-108,46,90,377,6,10,58
5805,-108,44,89,378,5,10,56
5805,-108,54,90,377,4,7,57
5805,-108,41,90,377,3,8,57
5805,-108,56,90,377,4,10,57
5805,-108,42,90,377,4,11,57
5805,-108,63,90,377,3,8,57
5805,-108,56,90,377,3,10,57
5805,-108,47,90,377,4,10,58
5805,-108,58,90,377,4,9,57
5805,-108,78,90,377,3,10,58
5805,-108,61,90,377,3,11,58
5805,-108,57,90,377,2,9,58
5805,-108,62,90,377,4,9,57
5805,-108,46,90,377,4,10,58
5805,-108,50,90,377,4,8,57
5805,-108,43,90,377,4,11,58
5805,-108,59,90,377,4,11,58
5805,-108,35,90,377,3,10,57
5805,-108,63,90,377,4,11,57
5805,-108,62,90,377,4,9,57
5805,-108,48,90,377,4,9,57
5805,-108,47,90,377,5,11,57
5805,-108,62,90,377,5,9,57
5805,-108,54,90,377,4,10,58
5805,-108,64,90,377,5,10,57
5805,-108,55,90,377,4,9,57
5805,-108,72,90,377,5,10,58
5805,-108,55,90,377,5,9,57
5805,-108,53,90,377,4,10,58
5805,-108,46,90,377,3,9,58
5805,-108,55,90,377,4,9,57
5805,-108,43,90,377,4,9,57
5240,-104,41,87,376,5,9,58
5240,-104,42,86,377,2,8,57
5240,-104,89,89,374,5,8,60
5240,-104,68,87,375,4,8,58
5240,-104,47,88,375,2,9,59
5240,-104,77,88,375,4,10,59
5240,-104,59,89,374,3,9,60
5240,-104,85,89,374,4,10,60
5240,-104,63,86,376,5,9,57
5240,-104,77,89,374,3,8,60
5240,-104,66,87,375,5,7,58
5240,-104,29,86,376,4,8,57
5240,-104,66,89,374,3,8,60
5240,-104,62,89,374,5,8,60
5240,-104,48,87,376,4,9,58
5240,-104,65,87,376,5,9,58
5240,-104,54,87,375,5,8,57
5240,-104,60,86,376,4,8,57
5240,-104,33,86,376,5,7,57
5240,-104,41,87,376,3,10,59
5240,-104,51,87,376,6,9,59
5240,-104,41,85,378,5,9,56
5240,-104,64,86,376,6,9,57
5240,-104,77,88,375,3,10,59
5240,-104,56,88,374,5,9,59
5240,-104,43,88,375,4,11,60
5240,-104,65,87,376,3,9,59
5240,-104,51,89,373,4,9,60
5240,-104,67,89,373,4,9,60
5240,-104,44,87,376,4,7,58
5240,-104,41,86,376,5,9,58
5240,-104,39,86,377,6,8,57
5240,-104,57,86,376,4,9,57
5240,-104,38,86,377,5,8,57
5240,-104,47,87,376,5,10,59
5240,-104,60,87,375,6,10,59
5240,-104,53,88,375,6,8,59
5240,-104,44,87,376,5,7,58
5240,-104,36,86,377,4,9,58
5240,-104,49,89,374,5,8,59
5240,-104,48,87,375,4,10,59
5240,-104,48,87,375,5,8,58
5240,-104,46,88,374,5,10,59
5240,-104,75,89,373,4,11,61
5240,-104,42,87,376,4,10,59
5240,-104,34,86,377,4,11,58
5240,-104,41,88,374,5,8,58
5240,-104,43,88,375,4,10,59
5240,-104,46,87,375,5,10,59
5240,-104,52,88,375,3,10,60
5240,-104,44,86,376,6,7,56
5240,-104,36,87,376,3,8,57
5240,-104,49,88,375,4,9,59
5240,-104,39,87,376,5,10,58
5240,-104,31,86,376,5,9,56
5240,-104,69,89,373,4,9,60
5240,-104,50,88,375,4,9,59
5240,-104,33,86,376,3,8,56
5240,-104,56,87,376,5,9,58
5240,-104,52,87,375,4,8,59
5240,-104,40,87,375,4,9,58
5240,-104,36,86,376,6,8,57
5240,-104,46,85,377,5,8,56
5240,-104,59,87,375,5,9,58
5240,-104,78,89,374,4,10,60
5240,-104,43,88,374,4,7,58
5240,-104,52,87,376,4,9,59
5240,-104,36,86,377,6,10,58
5240,-104,58,86,377,5,7,56
5240,-104,61,87,376,5,9,59
5240,-104,38,87,376,4,9,58
5240,-104,50,89,374,4,10,61
5240,-104,55,88,374,4,9,60
5240,-104,45,88,374,5,9,60
5240,-104,38,86,376,4,8,57
5240,-104,61,86,376,5,8,58
5240,-104,62,88,374,4,9,59
5240,-104,63,87,376,5,10,59
5240,-104,49,88,375,4,10,60
5240,-104,49,88,375,3,8,59
5240,-104,45,88,375,5,9,60
5240,-104,60,87,376,5,10,59
5240,-104,51,88,375,4,10,59
5240,-104,50,87,376,4,9,59
5240,-104,43,87,376,5,8,58
5240,-104,55,86,376,4,9,58
5240,-104,51,87,376,5,8,57
5240,-104,45,86,376,5,9,57
5240,-104,56,88,375,4,8,59
5240,-104,31,86,376,5,9,57
5240,-104,50,89,373,4,8,60
5240,-104,68,87,375,4,7,58
5240,-104,75,90,373,4,10,62
5240,-104,55,87,375,5,8,58
5240,-104,38,87,376,4,9,59
5240,-104,37,88,374,4,9,59
5240,-104,35,87,376,5,9,58
5240,-104,42,87,375,4,8,58
5240,-104,52,87,376,5,9,58
5240,-104,50,85,377,5,9,56
5240,-104,76,87,376,4,10,59
5240,-104,50,86,376,4,9,58
5240,-104,65,87,376,4,7,58
5240,-104,45,85,377,5,9,57
5240,-104,46,87,375,4,11,59
5240,-104,58,86,376,5,9,57
5240,-104,58,85,377,6,8,56
5240,-104,53,88,375,5,7,59
5240,-104,57,88,374,3,8,59
5240,-104,60,87,375,5,9,58
5240,-104,40,88,374,4,10,60
5240,-104,69,86,377,6,11,57
5240,-104,52,86,377,5,8,56
5240,-104,81,90,373,2,10,62
5240,-104,83,87,376,5,9,59
5240,-104,82,88,375,3,8,59
5240,-104,35,85,378,5,7,56
5240,-104,76,89,374,3,9,60
5240,-104,68,87,376,4,9,58
5240,-104,78,89,373,4,9,60
5240,-104,63,87,375,3,9,58
5240,-104,43,87,375,4,9,58
5240,-104,42,85,378,6,9,56
5240,-104,53,86,376,4,9,57
5240,-104,60,87,376,4,8,58
5240,-104,62,88,375,4,9,59
5240,-104,61,86,377,5,11,58
5240,-104,60,87,376,4,8,58
5240,-104,54,86,377,4,10,58
5240,-104,45,87,376,3,9,58
5240,-104,53,86,376,5,8,57
5240,-104,52,87,375,5,9,59
5240,-104,40,89,374,3,9,60
5240,-104,40,86,376,4,8,57
5240,-104,54,88,374,5,9,60
5240,-104,46,86,377,5,9,57
5240,-104,54,89,374,4,10,61
5240,-104,68,87,375,4,8,58
5240,-104,46,86,376,5,8,57
5240,-104,75,88,374,4,10,59
5240,-104,44,86,376,4,8,57
5240,-104,69,89,374,3,10,61
5240,-104,55,87,375,4,9,59
5240,-104,60,86,376,4,8,57
5240,-104,54,87,375,3,10,58
5240,-104,72,90,373,3,10,62
5240,-104,72,89,374,5,9,60
5240,-104,54,86,376,5,10,57
5240,-104,44,87,375,5,12,59
5240,-104,55,87,375,3,8,58
5240,-104,53,88,374,4,10,60
5240,-104,45,87,376,5,7,58
5240,-104,33,87,375,5,9,58
5240,-104,51,89,374,3,10,61
5240,-104,56,88,374,4,8,59
5240,-104,25,85,378,5,8,56
5240,-104,57,85,378,5,11,57
5240,-104,47,86,377,5,8,57
5240,-104,53,88,374,3,9,59
5240,-104,39,87,376,4,8,58
5240,-104,54,86,376,6,8,57
5240,-104,58,78,384,5,7,50
5240,-104,50,78,384,5,9,51
5240,-104,54,78,384,5,10,52
5240,-104,57,78,384,4,9,51
5240,-104,59,78,384,5,9,51
5240,-104,59,78,384,5,11,51
5240,-104,57,78,384,5,10,51
5240,-104,56,78,384,4,9,50
5240,-104,56,78,384,4,9,51
5240,-104,54,78,384,4,12,51
5240,-104,51,78,384,6,9,51
5240,-104,52,78,384,4,10,51
5240,-104,56,78,384,4,9,51
5240,-104,53,78,384,3,10,51
5240,-104,54,78,384,4,11,51
5240,-104,52,78,384,5,10,51
5240,-104,47,78,384,5,9,49
5240,-104,60,78,384,4,11,52
5240,-104,58,78,384,3,9,51
5240,-104,58,78,384,3,9,51
5240,-104,57,78,384,3,12,51
5240,-104,47,78,384,5,8,51
5240,-104,58,78,384,4,10,51
5240,-104,56,78,384,3,11,52
5240,-104,58,78,384,5,10,51
5240,-104,53,78,384,4,10,50
5240,-104,58,87,376,27,10,59
5240,-104,43,85,377,5,10,59
5240,-104,31,86,377,6,8,56
5240,-104,75,87,375,6,11,59
5240,-104,42,86,377,7,9,58
5240,-104,62,87,376,3,8,58
5240,-104,51,87,376,5,10,59
5240,-104,69,87,376,4,8,59
5240,-104,62,87,376,6,10,59
5240,-104,70,87,376,5,10,59
5240,-104,56,87,376,5,9,58
5240,-104,68,87,376,5,10,59
5240,-104,66,87,376,4,10,58
5240,-104,59,85,377,6,8,56
5240,-104,40,86,377,5,9,57
5240,-104,40,85,378,7,10,58
5240,-104,61,86,377,6,11,58
5240,-104,59,88,374,4,7,59
5240,-104,63,86,377,6,9,58
5240,-104,47,86,377,4,10,58
5240,-104,39,86,376,4,9,57
5240,-104,37,88,375,4,11,59
5240,-104,67,86,376,5,8,58
5240,-104,79,89,374,4,8,60
5240,-104,50,86,377,5,8,57
5240,-104,59,89,374,3,8,61
5240,-104,48,86,377,4,10,58
5240,-104,49,88,375,4,10,60
5240,-104,52,86,376,5,9,57
5240,-104,54,87,375,4,10,59
5240,-104,56,89,374,4,9,60
5240,-104,40,87,376,4,9,58
5240,-104,40,85,377,6,10,56
5240,-104,61,88,374,2,7,59
5240,-104,35,87,375,4,10,59
5240,-104,57,87,375,6,11,59
5240,-104,68,87,376,5,9,57
5240,-104,43,86,377,5,7,57
5240,-104,65,89,373,5,9,60
5240,-104,60,88,374,3,9,59
5240,-104,49,89,374,2,10,60
5240,-104,34,86,376,5,9,57
5240,-104,82,88,374,4,6,59
5240,-104,41,88,375,4,10,59
5240,-104,70,86,376,6,8,58
5240,-104,54,86,376,5,10,58
5240,-104,52,87,375,4,9,58
5240,-104,49,88,375,4,8,59
5240,-104,75,88,374,2,9,59
5240,-104,67,90,373,3,8,61
5240,-104,73,89,374,4,10,61
5240,-104,64,86,376,4,10,58
5240,-104,39,87,375,4,8,58
5240,-104,39,86,376,5,9,57
5240,-104,54,86,377,6,9,58
5240,-104,53,88,374,5,10,59
5240,-104,56,88,375,5,10,60
5240,-104,44,86,377,5,9,57
5240,-104,42,86,376,4,9,58
5240,-104,68,88,374,4,9,59
5240,-104,79,88,375,4,11,61
5240,-104,58,89,374,4,7,60
5240,-104,71,87,376,4,8,58
5240,-104,42,85,377,6,10,57
5240,-104,39,88,375,5,11,60
5240,-104,62,87,375,3,11,59
5240,-104,37,86,376,5,8,57
5240,-104,60,86,377,4,9,57
5240,-104,61,88,375,5,8,59
5240,-104,49,86,377,4,11,58
5240,-104,39,86,376,4,9,58
5240,-104,55,86,376,3,8,58
5240,-104,59,86,376,5,9,57
5240,-104,44,86,377,5,10,58
5240,-104,40,84,379,6,10,57
5240,-104,63,88,375,4,9,60
5240,-104,53,87,375,4,10,58
5240,-104,47,90,373,3,8,61
5240,-104,60,87,376,4,8,58
5240,-104,37,87,376,4,9,59
5240,-104,63,85,378,5,9,57
5240,-104,42,88,375,5,8,59
5240,-104,52,86,376,4,8,57
5240,-104,71,88,375,4,8,59
5240,-104,41,86,377,5,10,58
5240,-104,50,86,377,5,8,57
5240,-104,39,86,377,4,10,58
5240,-104,68,84,379,5,8,56
5240,-104,79,84,379,4,10,56
5240,-104,53,84,379,4,7,55
5240,-104,66,84,379,4,9,56
5240,-104,57,84,379,4,9,56
5240,-104,60,84,379,4,9,55
5240,-104,46,86,376,5,9,57
5240,-104,68,81,381,6,9,53
5240,-104,60,81,381,5,10,53
5240,-104,61,81,381,4,10,53
5240,-104,62,81,381,5,9,53
5240,-104,56,81,381,4,10,54
5240,-104,62,81,381,4,9,53
5240,-104,59,81,381,4,11,53
5240,-104,64,81,381,4,10,53
5240,-104,78,81,381,4,10,54
5240,-104,61,81,381,5,10,53
5240,-104,55,81,381,5,10,54
5240,-104,54,81,381,3,10,54
5240,-104,68,81,381,4,10,53
5240,-104,51,81,381,3,10,53
5240,-104,61,81,381,4,10,53
5240,-104,63,81,381,4,9,53
5240,-104,48,81,381,4,8,52
5240,-104,64,81,381,6,11,53
5240,-104,74,81,381,5,9,53
5240,-104,52,81,381,5,9,53
5240,-104,60,81,381,4,12,54
5240,-104,60,81,381,4,9,53
5240,-104,68,81,381,3,11,53
5240,-104,59,81,381,4,8,53
5240,-104,46,81,381,5,10,53
5240,-104,54,87,376,5,9,58
5240,-104,52,86,377,5,9,58
5240,-104,67,87,376,5,10,59
5240,-104,36,86,376,5,10,57
5240,-104,42,88,375,4,9,59
5240,-104,42,88,374,3,9,59
5240,-104,43,86,377,5,9,57
5240,-104,72,88,374,4,9,60
5240,-104,43,87,376,5,8,58
5240,-104,51,87,376,6,7,59
5240,-104,44,85,377,8,10,57
5240,-104,44,85,377,5,8,57
5240,-104,31,86,376,7,8,57
5240,-104,50,87,376,3,8,59
5240,-104,63,86,376,5,8,57
5240,-104,52,86,377,5,10,61
5240,-104,48,86,377,5,8,57
5240,-104,65,87,375,4,10,59
5240,-104,42,87,375,4,8,58
5240,-104,57,88,375,4,9,60
5240,-104,90,90,373,4,9,61
5240,-104,52,88,374,5,8,58
5240,-104,41,88,374,4,8,59
5240,-104,70,89,374,5,9,60
5240,-104,44,86,377,4,8,57
5240,-104,44,86,377,5,9,58
5240,-104,38,87,376,4,10,59
5240,-104,43,87,376,5,9,58
5240,-104,51,87,376,5,10,58
5240,-104,61,88,374,5,8,59
5240,-104,56,88,375,4,9,59
5240,-104,41,88,375,4,10,60
5240,-104,53,87,375,5,11,59
5240,-104,30,85,378,7,3,55
5240,-104,44,88,375,4,9,59
5240,-104,69,87,376,5,10,59
5240,-104,71,88,375,4,9,60
5240,-104,101,89,374,3,8,60
5240,-104,44,87,375,5,9,57
5240,-104,38,87,375,5,8,58
5240,-104,45,88,374,4,11,59
5240,-104,54,87,375,5,10,59
5240,-104,61,87,375,4,11,60
5240,-104,67,87,375,4,9,58
5240,-104,71,87,375,4,9,58
5240,-104,54,87,376,5,10,58
5240,-104,71,88,374,4,10,59
5240,-104,66,86,376,5,9,58
5240,-104,54,87,375,4,8,59
5240,-104,66,86,376,5,8,57
5240,-104,53,88,375,5,7,59
5240,-104,39,87,376,4,7,57
5240,-104,59,87,375,5,7,58
5240,-104,48,88,374,5,8,59
5240,-104,56,88,375,4,8,59
5240,-104,54,87,375,4,9,59
5240,-104,81,87,375,5,8,59
5240,-104,75,89,373,6,8,60
5240,-104,61,88,375,5,10,60
5240,-104,48,87,375,6,7,58
5240,-104,60,86,376,7,6,59
5240,-104,54,75,388,5,11,48
5240,-104,49,75,388,7,11,48
5240,-104,56,75,388,4,8,48
5240,-104,65,87,376,5,9,58
5240,-104,64,87,376,5,7,58
5240,-104,49,86,376,4,10,57
5240,-104,57,86,376,5,10,57
5240,-104,63,87,376,6,9,58
5240,-104,49,86,377,4,8,58
5240,-104,81,87,376,4,8,58
5240,-104,68,87,376,5,10,59
5240,-104,47,87,376,4,10,59
5240,-104,50,86,376,5,9,57
5240,-104,63,85,377,5,9,58
5240,-104,74,87,376,5,9,59
5240,-104,66,87,376,5,9,58
5240,-104,65,86,376,4,10,58
5240,-104,60,87,376,4,9,59
5240,-104,91,87,376,4,9,60
5240,-104,87,87,376,4,8,59
5240,-104,52,76,387,25,13,58
5240,-104,47,87,375,4,9,59
5240,-104,69,86,376,6,9,58
5240,-104,57,86,376,6,10,58
5240,-104,81,84,379,4,9,56
5240,-104,67,84,379,5,8,56
5240,-104,40,86,377,6,10,58
5240,-104,61,87,376,4,6,58
5240,-104,56,87,375,5,7,59
5240,-104,52,87,376,4,9,58
5240,-104,48,88,375,5,9,59
5240,-104,45,86,376,4,9,57
5240,-104,70,88,375,3,9,60
5240,-104,39,87,375,5,8,58
5240,-104,60,87,375,4,9,58
5240,-104,84,90,373,3,7,62
5240,-104,33,85,377,6,5,56
5240,-104,64,86,377,5,6,58
5240,-104,31,85,377,5,4,56
5240,-104,35,86,376,4,4,57
5240,-104,60,87,375,3,5,59
5240,-104,56,88,374,5,7,60
5240,-104,44,86,376,5,4,56
5240,-104,57,89,374,4,7,60
5240,-104,74,89,374,4,10,60
5240,-104,53,87,376,4,9,59
5240,-104,56,86,377,6,6,58
5240,-104,32,86,376,4,5,57
5240,-104,45,87,375,4,5,57
5240,-104,82,88,375,5,5,59
5240,-104,34,87,376,4,6,58
5240,-104,46,86,376,4,6,58
5240,-104,63,86,377,4,6,58
5240,-104,35,86,376,3,6,58
5240,-104,41,87,376,5,8,57
5240,-104,38,87,375,4,8,59
5240,-104,75,90,373,3,6,60
5240,-104,63,89,374,4,11,61
5240,-104,39,87,376,4,11,59
5240,-104,35,87,376,4,11,59
5240,-104,50,89,373,4,9,60
5240,-104,35,87,375,5,8,58
5240,-104,40,87,376,4,8,59
5240,-104,50,87,376,5,11,59
5240,-104,56,86,376,4,10,58
5240,-104,34,86,377,5,10,58
5240,-104,43,86,376,5,9,57
5240,-104,55,87,376,4,5,58
5240,-104,40,85,377,5,10,57
5240,-104,66,88,375,5,9,59
5240,-104,48,86,376,4,9,57
5240,-104,65,87,375,5,10,59
5240,-104,46,87,375,5,5,57
5240,-104,48,87,376,5,9,58
5240,-104,49,86,377,5,8,57
5240,-104,35,86,376,5,9,57
5240,-104,67,89,373,4,9,60
5240,-104,79,90,373,4,10,62
5240,-104,49,88,375,4,9,59
5240,-104,35,87,376,5,8,58
5240,-104,48,87,376,4,9,58
5240,-104,41,87,375,3,9,59
5240,-104,44,85,377,5,9,57
5240,-104,55,87,375,3,9,59
5240,-104,45,88,374,5,11,60
5240,-104,52,89,374,4,7,59
5240,-104,36,87,375,4,9,59
5240,-104,48,88,375,3,11,59
5240,-104,67,88,375,4,10,60
5240,-104,47,88,375,4,9,59
5240,-104,81,88,375,4,10,60
5240,-104,52,86,376,5,8,57
5240,-104,40,87,376,4,8,58
5240,-104,47,88,374,5,8,59
5240,-104,62,87,376,5,9,59
5240,-104,68,88,375,3,10,59
5240,-104,54,87,375,4,9,59
5240,-104,44,86,376,5,9,58
5240,-104,62,78,384,6,9,51
5240,-104,57,78,384,4,9,51
5240,-104,51,78,384,3,10,52
5240,-104,52,78,384,5,10,51
5240,-104,68,78,384,5,10,51
5240,-104,55,78,384,4,10,51
5240,-104,61,78,384,5,10,51
5240,-104,58,78,384,4,9,51
5240,-104,55,78,384,4,10,51
5240,-104,60,78,384,3,11,51
5240,-104,59,78,384,4,9,51
5240,-104,57,78,384,5,11,51
5240,-104,58,78,384,4,9,51
5240,-104,56,78,384,4,11,51
5240,-104,76,87,376,6,9,58
5240,-104,72,87,376,4,11,59
5240,-104,83,87,376,3,9,59
5240,-104,65,87,376,4,11,59
5240,-104,58,87,376,5,9,58
5240,-104,67,87,375,5,9,59
5240,-104,46,86,376,4,9,58
5240,-104,85,88,374,5,9,59
5240,-104,60,87,375,4,8,58
5240,-104,62,90,373,4,8,61
5240,-104,78,88,374,5,9,60
5240,-104,62,86,376,6,10,58
5240,-104,63,84,379,5,9,56
5240,-104,52,84,379,4,9,55
5240,-104,76,84,379,5,8,56
5240,-104,67,87,376,6,11,60
5240,-104,48,73,389,26,16,56
5240,-104,58,87,376,4,9,59
5240,-104,53,87,376,4,10,59
5240,-104,87,89,374,4,10,61
5240,-104,79,87,376,6,11,59
5240,-104,57,86,376,6,11,58
5240,-104,46,86,376,7,8,57
5240,-104,55,84,379,5,9,55
5240,-104,75,84,379,4,9,56
5240,-104,63,84,379,5,10,56
5240,-104,67,84,379,3,9,56
5240,-104,85,84,379,6,10,56
5240,-104,70,84,379,5,8,56
5240,-104,61,84,379,5,9,56
5240,-104,69,84,379,4,9,56
5240,-104,58,84,379,5,9,55
5240,-104,70,84,379,5,10,57
5240,-104,69,84,379,5,10,56
5240,-104,66,84,379,4,9,56
5240,-104,62,84,379,4,10,56
5240,-104,78,84,379,4,10,56
5240,-104,43,84,379,4,10,55
5240,-104,59,84,379,5,8,55
5240,-104,64,84,379,4,9,57
5240,-104,55,84,379,4,10,57
5240,-104,60,84,379,5,10,57
5240,-104,58,84,379,6,9,55
5240,-104,54,75,388,5,10,48
5240,-104,63,75,388,5,11,49
5240,-104,57,75,388,4,12,49
5240,-104,49,75,388,4,10,48
5240,-104,59,75,388,4,9,49
5240,-104,54,75,388,3,11,49
5240,-104,62,75,388,4,8,49
5240,-104,56,75,388,4,10,48
5240,-104,63,75,388,5,8,49
5240,-104,58,75,388,6,11,49
5240,-104,56,87,376,-20,11,59
5240,-104,52,86,376,6,9,58
5240,-104,57,87,376,3,9,58
5240,-104,54,87,375,6,9,58
5240,-104,45,88,375,4,10,59
5240,-104,60,88,375,4,10,60
5240,-104,38,86,376,4,8,57
5240,-104,54,88,375,3,8,59
5240,-104,59,88,375,3,9,60
5240,-104,41,86,376,5,9,57
5240,-104,43,87,375,5,7,57
5240,-104,49,88,374,4,10,59
5240,-104,58,88,374,5,8,60
5240,-104,62,88,375,5,10,59
5240,-104,46,88,374,4,10,59
5240,-104,34,88,374,4,8,58
5240,-104,46,86,376,4,9,57
5240,-104,69,88,375,3,9,59
5240,-104,37,87,376,5,10,59
5240,-104,63,88,375,3,9,60
5240,-104,29,86,377,5,10,58
5240,-104,53,88,375,4,9,60
5240,-104,46,85,377,5,8,56
5240,-104,40,85,377,5,8,56
5240,-104,54,86,376,5,10,59
5240,-104,72,88,374,5,9,60
5240,-104,43,86,376,4,9,58
5240,-104,59,87,376,4,11,58
5240,-104,42,86,377,5,8,57
5240,-104,41,86,377,5,8,57
5240,-104,44,87,375,4,10,59
5240,-104,40,88,374,5,10,59
5240,-104,50,88,374,5,10,59
5240,-104,58,89,374,6,8,60
5240,-104,42,86,377,5,9,57
5240,-104,58,87,376,5,9,59
5240,-104,45,87,376,3,9,58
5240,-104,52,86,376,5,7,58
5240,-104,35,88,375,4,9,59
5240,-104,38,87,376,4,8,59
5240,-104,58,87,376,4,9,58
5240,-104,47,87,376,5,8,59
5240,-104,72,86,376,4,10,58
5240,-104,35,87,375,4,10,59
5240,-104,86,88,375,4,9,60
5240,-104,46,86,377,6,9,57
5240,-104,54,88,374,4,9,60
5240,-104,46,89,374,4,8,59
5240,-104,51,85,378,6,6,55
5240,-104,38,87,375,5,9,58
5240,-104,51,88,375,4,9,59
5240,-104,62,86,376,5,9,57
5240,-104,61,86,377,4,10,58
5240,-104,40,85,377,5,8,55
5240,-104,61,88,375,3,10,60
5240,-104,54,87,375,5,7,58
5240,-104,35,86,377,5,10,58
5240,-104,47,88,375,5,8,59
5240,-104,57,87,375,4,9,58
5240,-104,39,87,376,5,8,58
5240,-104,63,87,375,4,9,59
5240,-104,69,89,374,4,10,61
5240,-104,51,87,376,4,9,58
5240,-104,62,87,375,4,8,59
5240,-104,45,86,376,4,9,57
5240,-104,58,87,375,3,9,58
5240,-104,54,88,375,4,10,60
5240,-104,74,89,374,4,9,60
5240,-104,52,87,375,4,8,58
5240,-104,57,86,377,5,10,59
5240,-104,39,87,375,3,9,59
5240,-104,62,87,376,3,9,58
5240,-104,55,87,376,5,10,58
5240,-104,55,78,385,6,9,51
5240,-104,56,78,385,4,10,51
5240,-104,55,78,385,4,9,51
5240,-104,63,78,385,5,9,51
5240,-104,56,78,385,4,9,51
5240,-104,63,78,385,3,11,51
5240,-104,53,78,385,4,10,51
5240,-104,50,78,385,5,10,51
5240,-104,47,78,385,3,10,51
5240,-104,61,78,385,3,10,51
5240,-104,66,78,385,4,12,52
5240,-104,58,78,385,5,8,50
5240,-104,67,78,385,5,8,50
5240,-104,62,78,385,3,10,51
5240,-104,60,78,385,5,10,51
5240,-104,63,78,385,5,10,52
5240,-104,64,78,385,4,8,51
5240,-104,60,78,385,4,11,51
5240,-104,59,78,385,3,10,51
5240,-104,56,78,385,4,11,51
5240,-104,57,78,385,5,12,52
5240,-104,58,84,379,9,10,57
5240,-104,48,85,377,6,8,56
5240,-104,69,87,376,6,10,59
5240,-104,63,87,376,4,11,59
5240,-104,76,87,376,4,10,60
5240,-104,63,87,376,4,11,59
5240,-104,76,87,376,4,9,58
5240,-104,56,87,376,3,12,59
5240,-104,75,87,376,4,10,59
5240,-104,59,87,376,3,9,57
5240,-104,47,87,376,4,9,58
5240,-104,83,87,376,4,10,59
5240,-104,88,87,376,5,10,59
5240,-104,59,86,376,5,8,57
5240,-104,72,87,376,4,9,58
5240,-104,83,87,376,4,9,59
5240,-104,58,87,376,4,8,58
5240,-104,66,87,376,4,10,59
5240,-104,59,87,376,4,9,58
5240,-104,41,86,376,5,10,57
5240,-104,67,87,376,4,10,59
5240,-104,65,86,376,5,10,57
5240,-104,56,87,376,5,10,59
5240,-104,62,87,376,4,9,58
5240,-104,67,86,376,4,9,58
5240,-104,57,86,376,4,9,57
5240,-104,49,87,376,4,9,58
5240,-104,64,87,376,4,9,58
5240,-104,74,87,376,6,11,59
5240,-104,72,86,377,5,10,58
5240,-104,84,87,376,4,10,59
5240,-104,60,85,377,5,9,57
5240,-104,56,87,376,4,10,58
5240,-104,75,86,377,5,9,57
5240,-104,65,87,376,5,9,58
5240,-104,34,85,377,5,8,56
5240,-104,73,87,376,5,10,59
5240,-104,50,87,376,4,10,59
5240,-104,50,86,376,4,9,58
5240,-104,61,87,376,6,8,58
5240,-104,58,87,376,5,8,59
5240,-104,72,87,376,6,8,59
5240,-104,71,87,376,5,10,59
5240,-104,56,86,377,5,8,57
5240,-104,34,87,376,4,9,58
5240,-104,60,86,376,5,8,57
5240,-104,59,87,376,4,10,59
5240,-104,56,87,376,5,9,59
5240,-104,62,85,377,6,8,57
5240,-104,67,87,376,5,8,58
5240,-104,49,86,377,5,8,58
5240,-104,65,87,376,5,9,58
5240,-104,59,75,388,6,8,49
5240,-104,62,84,379,4,9,56
5240,-104,56,84,379,5,6,56
5240,-104,58,84,379,5,10,56
5240,-104,58,84,379,4,11,56
5240,-104,62,84,379,5,11,57
5240,-104,70,84,379,5,7,55
5240,-104,67,84,379,6,11,57
5240,-104,62,84,379,4,10,56
5240,-104,48,86,376,6,9,57
5240,-104,84,89,374,4,10,59
5240,-104,63,88,374,6,8,59
5240,-104,73,85,378,7,8,57
5240,-104,31,86,376,4,9,57
5240,-104,42,86,376,4,8,57
5240,-104,64,86,376,4,10,59
5240,-104,63,87,376,4,11,59
5240,-104,67,87,376,5,10,59
5805,-108,41,87,380,5,10,56
5805,-108,55,87,380,7,9,55
5805,-108,68,87,380,6,10,56
5805,-108,69,87,380,6,10,55
5805,-108,51,87,380,6,10,56
5805,-108,53,87,380,7,8,55
5805,-108,55,87,380,7,7,55
5805,-108,65,87,380,6,10,56
5805,-108,60,87,380,6,9,56
5805,-108,50,87,380,7,9,56
5805,-108,49,87,380,6,11,56
5805,-108,43,87,380,6,10,55
5805,-108,60,87,380,6,9,56
5805,-108,53,87,380,7,8,55
5805,-108,56,87,380,6,9,55
5805,-108,63,87,380,7,9,55
5805,-108,50,87,380,7,8,55
5805,-108,50,87,380,6,8,55
5805,-108,55,87,380,7,10,56
5805,-108,48,87,380,7,7,55
5805,-108,62,87,380,6,9,57
5805,-108,45,87,380,7,7,54
5805,-108,67,87,380,6,8,54
5805,-108,49,87,380,5,7,55
5805,-108,56,87,380,5,10,56
5805,-108,62,87,380,6,9,55
5805,-108,71,87,380,6,9,55
5805,-108,56,87,380,5,9,55
5805,-108,69,87,380,6,8,55
5805,-108,39,87,380,6,9,55
5805,-108,45,87,380,5,10,56
5805,-108,47,87,380,7,10,55
5805,-108,57,87,380,5,8,55
5805,-108,46,87,380,6,8,54
5805,-108,54,87,380,6,9,55
5805,-108,59,87,380,6,8,55
5805,-108,61,87,380,5,11,56
5805,-108,62,87,380,6,10,56
5805,-108,29,87,380,6,9,55
5805,-108,55,87,380,7,10,56
5805,-108,43,87,380,8,8,55
5805,-108,51,87,380,6,11,56
5805,-108,51,87,380,7,10,56
5805,-108,49,87,380,6,9,56
5805,-108,64,87,380,5,8,55
5805,-108,53,87,380,6,9,55
5805,-108,57,87,380,7,9,55
5805,-108,59,87,380,6,8,55
5805,-108,55,87,380,6,8,55
5805,-108,55,87,380,7,8,56
5805,-108,49,87,380,7,10,56
5805,-108,61,87,380,5,10,56
5805,-108,66,87,380,6,10,56
5805,-108,45,87,380,8,10,56
5805,-108,52,87,380,5,9,55
5805,-108,56,87,380,6,10,56
5805,-108,45,87,380,6,10,56
5805,-108,54,87,380,6,9,56
5805,-108,52,87,380,6,10,55
5805,-108,42,87,380,6,8,55
5805,-108,54,87,380,5,8,55
5805,-108,50,87,380,6,10,55
5805,-108,44,87,380,8,10,56
5805,-108,56,87,380,7,13,56
5805,-108,57,87,380,8,8,55
5805,-108,61,87,380,6,10,56
5805,-108,48,87,380,6,9,55
5805,-108,49,87,380,7,9,55
5805,-108,50,87,380,5,9,55
5805,-108,47,87,380,7,10,55
5805,-108,36,87,380,7,10,56
5805,-108,49,87,380,6,10,55
5805,-108,55,87,380,7,10,56
5805,-108,45,87,380,6,9,56
5805,-108,58,87,380,5,8,56
5805,-108,56,87,380,5,9,55
5805,-108,49,87,380,6,10,56
5805,-108,53,87,380,6,11,55
5805,-108,38,87,380,6,8,54
5805,-108,61,87,380,6,10,56
5805,-108,46,87,380,7,10,56
5805,-108,47,87,380,8,10,56
5805,-108,46,87,380,6,8,55
5805,-108,48,87,380,6,10,56
5805,-108,38,87,380,7,11,55
5805,-108,64,87,380,5,9,56
5805,-108,38,87,380,6,9,56
5805,-108,38,87,380,7,9,54
5805,-108,48,87,380,6,9,55
5805,-108,42,87,380,6,10,55
5805,-108,48,87,380,6,9,55
5805,-108,46,87,380,6,10,56
5805,-108,49,87,380,7,12,56
5805,-108,40,87,380,6,9,55
5805,-108,58,87,380,5,10,56
5805,-108,47,87,380,4,9,55
5805,-108,37,87,380,5,8,54
5805,-108,54,87,380,6,11,56
5805,-108,56,87,380,6,11,56
5805,-108,47,87,380,5,10,56
5805,-108,42,87,380,5,10,55
5805,-108,52,87,380,5,8,55
5805,-108,58,87,380,5,10,55
5805,-108,47,87,380,6,10,56
5805,-108,41,87,380,7,9,56
5805,-108,54,87,380,7,9,55
5805,-108,54,87,380,6,11,56
5805,-108,44,87,380,7,9,55
5805,-108,59,87,380,6,9,56
5805,-108,52,87,380,6,10,56
5805,-108,61,87,380,7,8,55
5805,-108,56,87,380,5,10,56
5805,-108,49,87,380,6,11,56
5805,-108,55,87,380,6,8,56
5805,-108,45,87,380,5,9,56
5805,-108,45,87,380,7,9,55
5805,-108,38,87,380,5,10,56
5805,-108,34,87,380,7,9,55
5805,-108,50,87,380,6,7,55
5805,-108,48,87,380,5,8,56
5805,-108,58,87,380,7,10,56
5805,-108,45,87,380,6,10,55
5805,-108,54,87,380,7,10,55
5805,-108,56,87,380,5,10,56
5805,-108,38,87,380,7,8,55
5805,-108,57,87,380,6,9,56
5805,-108,49,87,380,6,10,55
5805,-108,54,87,380,7,8,55
5805,-108,48,87,380,6,10,55
5805,-108,51,87,380,7,8,55
5805,-108,43,87,380,7,9,55
5805,-108,45,87,380,6,10,56
5805,-108,51,87,380,5,10,56
5805,-108,40,87,380,6,10,56
5805,-108,43,87,380,5,9,55
5805,-108,38,87,380,6,10,55
5805,-108,56,87,380,6,11,56
5805,-108,37,87,380,6,10,55
5805,-108,44,87,380,5,9,55
5805,-108,44,87,380,5,9,55
5805,-108,58,87,380,6,10,56
5805,-108,41,87,380,6,9,55
5805,-108,65,87,380,6,10,57
5805,-108,51,87,380,6,9,55
5805,-108,51,87,380,6,9,54
5805,-108,59,87,380,7,11,56
5805,-108,57,87,380,6,8,55
5805,-108,51,87,380,5,8,54
5805,-108,51,87,380,6,10,55
5805,-108,38,87,380,5,9,55
5805,-108,64,87,380,5,9,56
5805,-108,41,87,380,6,10,55
5805,-108,56,87,380,6,9,55
5805,-108,46,87,380,7,9,54
5805,-108,27,87,380,6,9,55
5805,-108,42,87,380,6,10,56
5805,-108,39,87,380,6,9,54
5805,-108,51,87,380,6,9,55
5805,-108,59,87,380,6,9,55
5805,-108,43,87,380,6,9,55
5805,-108,54,87,380,7,10,55
5805,-108,49,87,380,7,11,56
5805,-108,60,87,380,6,10,56
5805,-108,51,87,380,7,11,56
5805,-108,43,87,380,5,9,56
5805,-108,53,87,380,6,8,55
5805,-108,67,87,380,7,10,56
5805,-108,49,87,380,7,9,56
5805,-108,52,87,380,8,9,55
5805,-108,47,87,380,7,9,54
5805,-108,51,87,380,4,9,56
5805,-108,61,87,380,5,9,56
5805,-108,57,87,380,6,9,55
5805,-108,41,87,380,7,8,55
5805,-108,49,87,380,5,10,55
5805,-108,55,87,380,6,10,56
5805,-108,50,87,380,6,10,55
5805,-108,41,87,380,7,11,56
5805,-108,47,87,380,5,9,55
5805,-108,36,87,380,7,8,55
5805,-108,44,87,380,6,9,55
5805,-108,57,87,380,7,9,55
5805,-108,39,87,380,6,10,56
5805,-108,61,87,380,6,9,56
5805,-108,46,87,380,6,10,56
5805,-108,48,87,380,6,10,55
5805,-108,45,87,380,6,10,55
5805,-108,50,87,380,5,10,55
5805,-108,43,87,380,6,10,56
5805,-108,61,87,380,6,9,56
5805,-108,59,87,380,6,10,56
5805,-108,53,87,380,7,11,56
5805,-108,51,87,380,5,10,56
5805,-108,64,87,380,5,10,57
5805,-108,43,87,380,5,9,54
5805,-108,55,87,380,6,9,56
5805,-108,49,87,380,7,10,56
5805,-108,38,87,380,6,8,55
5805,-108,60,87,380,5,11,55
5805,-108,57,87,380,6,8,55
5805,-108,54,87,380,6,9,55
5805,-108,46,87,380,4,11,55
5805,-108,45,87,380,6,9,55
5805,-108,44,87,380,7,9,55
5805,-108,36,87,380,5,10,55
5805,-108,59,87,380,5,10,56
5805,-108,51,87,380,6,9,55
5805,-108,49,87,380,6,9,55
5805,-108,63,87,380,7,9,56
5805,-108,56,87,380,6,10,56
5805,-108,51,87,380,7,7,54
5805,-108,57,87,380,6,11,57
5805,-108,47,87,380,6,10,56
5805,-108,37,87,380,6,10,55
5805,-108,44,87,380,7,11,56
5805,-108,58,87,380,5,10,56
5805,-108,40,87,380,6,8,55
5805,-108,45,87,380,7,8,55
5805,-108,50,87,380,7,8,54
5805,-108,46,87,380,5,10,55
5805,-108,54,87,380,7,10,55
5805,-108,38,87,380,6,8,55
5805,-108,49,87,380,6,10,56
5805,-108,57,87,380,7,10,56
5805,-108,37,87,380,7,11,56
5805,-108,50,87,380,6,10,56
5805,-108,51,87,380,5,11,55
5805,-108,61,87,380,5,10,56
5805,-108,58,87,380,6,8,55
5805,-108,58,87,380,6,10,56
5805,-108,59,87,380,6,9,55
5805,-108,53,87,380,5,9,56
5805,-108,47,87,380,6,8,55
5805,-108,52,87,380,6,10,56
5805,-108,50,87,380,6,10,55
5805,-108,52,87,380,7,9,55
5805,-108,69,87,380,6,10,56
5805,-108,56,87,380,7,12,56
5805,-108,54,87,380,6,8,54
5805,-108,38,87,380,5,8,54
5805,-108,62,87,380,6,10,55
5805,-108,58,87,380,6,8,56
5805,-108,42,87,380,5,11,56
5805,-108,57,87,380,7,11,57
5805,-108,55,87,380,6,9,55
5805,-108,45,87,380,5,8,55
5805,-108,49,87,380,7,9,56
5805,-108,55,87,380,7,9,55
5805,-108,43,87,380,5,8,55
5805,-108,62,87,380,4,9,57
5805,-108,69,87,380,8,9,55
5805,-108,53,87,380,6,10,56
5805,-108,40,87,380,6,11,57
5805,-108,65,87,380,6,9,55
5805,-108,39,87,380,6,10,56
5805,-108,68,87,380,6,10,57
5805,-108,47,87,380,6,9,55
5805,-108,50,87,380,5,9,55
5805,-108,50,87,380,7,10,56
5805,-108,49,87,380,5,9,56
5805,-108,46,87,380,7,10,56
5805,-108,62,87,380,7,9,56
5805,-108,39,87,380,6,8,54
5805,-108,42,87,380,5,11,56
5805,-108,57,87,380,6,10,57
5805,-108,68,87,380,6,9,56
5805,-108,67,87,380,6,7,56
5805,-108,39,87,380,6,9,55
5805,-108,58,87,380,6,9,55
5805,-108,54,87,380,5,9,55
5805,-108,52,87,380,7,8,54
5805,-108,48,87,380,6,9,55
5805,-108,48,87,380,6,11,56
5805,-108,42,87,380,6,9,55
5805,-108,52,87,380,7,9,54
5805,-108,58,87,380,6,9,55
5805,-108,48,87,380,5,8,54
5805,-108,47,87,380,7,10,55
5805,-108,53,87,380,7,9,56
5805,-108,56,87,380,6,9,55
5805,-108,43,87,380,6,10,55
5805,-108,41,87,380,6,10,55
5805,-108,61,87,380,6,7,56
5805,-108,46,87,380,6,8,55
5805,-108,52,87,380,7,10,56
5805,-108,57,87,380,6,9,55
5805,-108,52,87,380,6,9,56
5805,-108,48,87,380,5,11,56
5805,-108,42,87,380,7,7,55
5805,-108,43,87,380,5,8,55
5805,-108,48,87,380,6,9,55
5805,-108,52,87,380,7,9,55
5805,-108,47,87,380,6,9,55
5805,-108,47,87,380,6,9,56
5805,-108,40,87,380,7,10,56
5805,-108,50,87,380,7,9,56
5805,-108,57,87,380,6,8,55
5805,-108,42,87,380,7,8,55
5805,-108,62,87,380,6,9,55
5805,-108,62,87,380,6,10,56
5805,-108,60,87,380,6,9,56
5805,-108,39,87,380,6,9,55
5805,-108,55,87,380,5,7,55
5805,-108,59,87,380,7,12,55
5805,-108,55,87,380,7,12,56
5805,-108,45,87,380,5,8,54
5805,-108,53,87,380,6,10,56
5805,-108,50,87,380,6,12,57
5805,-108,61,87,380,5,10,55
5805,-108,51,87,380,5,9,55
5805,-108,52,87,380,6,10,55
5805,-108,42,87,380,7,9,56
5805,-108,60,87,380,5,10,55
5805,-108,52,87,380,6,9,55
5805,-108,55,87,380,6,9,55
5805,-108,41,87,380,6,9,55
5805,-108,47,87,380,7,10,56
5805,-108,51,87,380,6,9,56
5805,-108,49,87,380,7,10,56
5805,-108,52,87,380,6,9,56
5805,-108,60,87,380,7,10,57
5805,-108,49,87,380,5,10,56
5805,-108,55,87,380,6,10,55
5805,-108,47,87,380,6,10,55
5805,-108,55,87,380,6,8,55
5805,-108,66,87,380,7,9,55
5805,-108,46,87,380,5,11,57
5805,-108,58,87,380,6,9,55
5805,-108,49,87,380,6,10,57
5805,-108,42,87,380,6,10,55
5805,-108,44,87,380,6,9,56
5805,-108,37,87,380,7,11,55
5805,-108,45,87,380,5,10,56
5805,-108,44,87,380,5,9,54
5805,-108,63,87,380,7,10,55
5805,-108,46,87,380,7,10,56
5805,-108,47,87,380,7,9,56
5805,-108,44,87,380,6,9,55
5805,-108,38,87,380,5,9,55
5805,-108,53,87,380,6,9,55
5805,-108,50,87,380,7,10,56
5805,-108,54,87,380,7,10,55
5805,-108,48,87,380,6,10,55
5805,-108,41,87,380,7,9,56
5805,-108,55,87,380,7,10,57
5805,-108,51,87,380,5,8,56
5805,-108,50,87,380,4,8,54
5805,-108,56,87,380,5,10,55
5805,-108,50,87,380,6,9,55
5805,-108,46,87,380,4,9,54
5805,-108,49,87,380,6,9,56
5805,-108,46,87,380,6,9,56
5805,-108,47,87,380,5,10,55
5805,-108,56,87,380,7,10,55
5805,-108,59,87,380,7,9,56
5805,-108,63,87,380,8,10,55
5805,-108,45,87,380,6,9,55
5805,-108,55,87,380,6,9,55
5805,-108,53,87,380,7,8,55
5805,-108,50,87,380,7,9,55
5805,-108,60,87,380,6,8,55
5805,-108,51,87,380,8,9,55
5805,-108,64,87,380,6,9,55
5805,-108,46,87,380,7,11,57
5805,-108,57,87,380,7,9,55
5805,-108,53,87,380,6,8,55
5805,-108,59,87,380,6,10,56
5805,-108,50,87,380,6,10,56
5805,-108,65,87,380,6,9,55
5805,-108,52,87,380,6,10,55
5805,-108,54,87,380,5,8,54
5805,-108,48,87,380,6,11,56
5805,-108,55,87,380,6,9,55
5805,-108,36,87,380,6,11,56
5805,-108,43,87,380,7,10,56
5805,-108,45,87,380,5,8,55
5805,-108,43,87,380,6,9,55
5805,-108,56,87,380,6,8,54
5805,-108,55,87,380,7,8,54
5805,-108,50,87,380,5,10,55
5805,-108,51,87,380,6,10,56
5805,-108,44,87,380,7,11,55
5805,-108,49,87,380,6,11,56
5805,-108,36,87,380,5,9,55
5805,-108,52,87,380,5,10,56
5805,-108,53,87,380,5,9,55
5805,-108,58,87,380,6,8,55
5805,-108,66,87,380,6,10,56
5805,-108,59,87,380,5,9,55
5805,-108,46,87,380,5,10,55
5805,-108,46,87,380,7,8,54
5805,-108,59,87,380,6,7,54
5805,-108,63,87,380,6,11,56
5805,-108,49,87,380,6,7,54
5805,-108,61,87,380,6,8,55
5805,-108,54,87,380,5,10,56
5805,-108,51,87,380,6,8,55
5805,-108,61,87,380,5,9,56
5805,-108,61,87,380,7,11,56
5805,-108,47,87,380,6,9,55
5805,-108,40,87,380,5,8,54
5805,-108,40,87,380,6,12,57
5805,-108,57,87,380,6,9,56
5805,-108,55,87,380,5,10,56
5805,-108,53,87,380,6,12,56
5805,-108,56,87,380,6,8,56
5805,-108,49,87,380,6,9,55
5805,-108,46,87,380,5,8,54
5805,-108,37,87,380,5,8,54
5805,-108,63,87,380,6,10,56
5805,-108,46,87,380,6,10,57
5805,-108,53,87,380,7,8,55
5805,-108,57,87,380,6,11,56
5805,-108,50,87,380,6,8,54
5805,-108,41,87,380,7,8,54
5805,-108,42,87,380,5,8,55
5805,-108,42,87,380,5,9,54
5805,-108,54,87,380,7,10,56
5805,-108,64,87,380,5,11,55
5805,-108,51,87,380,5,10,56
5805,-108,43,87,380,6,11,56
5805,-108,42,87,380,6,10,55
5805,-108,44,87,380,7,10,55
5805,-108,56,87,380,6,9,56
5805,-108,48,87,380,6,7,55
5805,-108,66,87,380,6,7,55
5805,-108,42,87,380,6,10,56
5805,-108,52,87,380,5,9,56
5805,-108,42,87,380,6,10,55
5805,-108,51,87,380,6,9,55
5805,-108,61,87,380,6,9,55
5805,-108,51,87,380,6,9,55
5805,-108,49,87,380,7,10,55
5805,-108,55,87,380,6,9,55
5805,-108,57,87,380,5,10,56
5805,-108,63,87,380,6,8,56
5805,-108,51,87,380,6,9,55
5805,-108,43,87,380,7,8,55
5805,-108,48,87,380,7,9,55
5805,-108,48,87,380,6,9,56
5805,-108,46,87,380,8,10,55
5805,-108,65,87,380,6,10,55
5805,-108,44,87,380,7,9,55
5805,-108,58,87,380,6,9,55
5805,-108,43,87,380,6,10,56
5805,-108,31,87,380,6,9,56
5805,-108,53,87,380,6,9,55
5805,-108,37,87,380,6,7,55
5805,-108,53,87,380,6,9,55
5805,-108,53,87,380,6,11,55
5805,-108,42,87,380,6,12,56
5805,-108,44,87,380,5,9,55
5805,-108,44,87,380,7,11,55
5805,-108,50,87,380,7,11,56
5805,-108,48,87,380,6,10,56
5805,-108,48,87,380,6,9,56
5805,-108,70,87,380,6,11,56
5805,-108,41,87,380,7,9,55
5805,-108,52,87,380,7,12,56
5805,-108,41,87,380,6,9,56
5805,-108,53,87,380,6,10,57
5805,-108,53,87,380,7,9,55
5805,-108,37,87,380,5,11,55
5805,-108,39,87,380,7,11,56
5805,-108,49,87,380,7,10,55
5805,-108,55,87,380,6,10,56
5805,-108,58,87,380,5,9,55
5805,-108,53,87,380,6,9,56
5805,-108,56,87,380,7,10,55
5805,-108,37,87,380,6,8,54
5805,-108,56,87,380,6,10,56
5805,-108,58,87,380,7,11,56
5805,-108,50,87,380,7,8,55
5805,-108,53,87,380,6,8,54
5805,-108,54,87,380,5,9,55
5805,-108,53,87,380,6,9,55
5805,-108,57,87,380,7,10,56
5805,-108,58,87,380,7,9,55
5805,-108,52,87,380,6,10,56
5805,-108,54,87,380,7,10,55
5805,-108,53,87,380,4,9,55
5805,-108,54,87,380,6,9,56
5805,-108,65,87,380,7,7,55
5805,-108,46,87,380,6,9,55
5805,-108,61,87,380,5,9,55
5805,-108,54,87,380,6,9,55
5805,-108,55,87,380,7,11,56
5805,-108,56,87,380,5,10,56
5805,-108,49,87,380,7,10,55
5805,-108,56,87,380,6,9,54
5805,-108,34,87,380,6,8,55
5805,-108,65,87,380,7,9,56
5805,-108,71,87,380,6,8,55
5805,-108,59,87,380,7,9,56
5805,-108,60,87,380,5,8,55
5805,-108,57,87,380,7,7,55
5805,-108,61,87,380,5,9,55
5805,-108,65,87,380,7,8,55
5805,-108,65,87,380,6,12,56
5805,-108,52,87,380,6,11,56
5805,-108,46,87,380,6,10,55
5805,-108,60,87,380,7,8,54
5805,-108,62,87,380,6,9,56
5805,-108,43,87,380,6,9,55
5805,-108,58,87,380,6,9,55
5805,-108,46,87,380,6,9,54
5805,-108,49,87,380,6,11,56
5805,-108,50,87,380,8,11,57
5805,-108,43,87,380,5,8,55
5805,-108,44,87,380,7,11,57
5805,-108,55,87,380,6,11,56
5805,-108,47,87,380,6,9,56
5805,-108,55,87,380,7,8,56
5805,-108,47,87,380,6,10,56
5805,-108,64,87,380,6,12,57
5805,-108,57,87,380,6,8,55
5805,-108,56,87,380,7,7,55
5805,-108,59,87,380,7,9,55
5805,-108,50,87,380,6,9,56
5805,-108,45,87,380,6,9,55
5805,-108,49,87,380,6,11,55
5805,-108,45,87,380,7,9,55
5805,-108,59,87,380,6,10,56
5805,-108,45,87,380,6,11,56
5805,-108,48,87,380,5,10,55
5805,-108,54,87,380,4,10,56
5805,-108,60,87,380,5,9,56
5805,-108,57,87,380,5,9,56
5805,-108,37,87,380,6,8,54
5805,-108,61,87,380,5,9,56
5805,-108,54,87,380,4,11,56
5805,-108,52,87,380,5,9,55
5805,-108,53,87,380,5,11,56
5805,-108,57,87,380,7,9,55
5805,-108,61,87,380,7,10,55
5805,-108,52,87,380,6,10,55
5805,-108,54,87,380,7,11,56
5805,-108,50,87,380,6,8,55
5805,-108,62,87,380,4,7,54
5805,-108,59,87,380,7,9,55
5805,-108,57,87,380,7,10,57
5805,-108,63,87,380,5,10,56
5805,-108,60,87,380,6,10,55
5805,-108,46,87,380,5,11,56
5805,-108,62,87,380,7,10,56
5805,-108,49,87,380,6,9,56
5805,-108,66,87,380,6,10,55
5805,-108,62,87,380,6,6,55
5805,-108,54,87,380,8,8,55
5805,-108,66,87,380,6,9,55
5805,-108,53,87,380,6,10,56
5805,-108,58,87,380,5,10,56
5805,-108,48,87,380,7,10,56
5805,-108,64,87,380,7,10,56
5805,-108,46,87,380,7,9,54
5805,-108,50,87,380,7,9,55
5805,-108,58,87,380,7,9,55
5805,-108,60,87,380,7,9,55
5805,-108,41,87,380,6,8,55
5805,-108,46,87,380,6,10,56
5805,-108,32,87,380,6,8,54
5805,-108,44,87,380,5,8,54
5805,-108,52,87,380,5,10,56
5805,-108,51,87,380,6,10,55
5805,-108,42,87,380,5,8,55
5805,-108,65,87,380,7,9,55
5805,-108,47,87,380,7,8,55
5805,-108,57,90,377,6,10,57
5805,-108,61,90,377,5,9,57
5805,-108,70,90,377,5,9,58
5805,-108,46,90,377,4,9,57
5805,-108,44,90,377,4,10,57
5805,-108,57,90,377,5,9,57
5805,-108,53,90,377,5,9,57
5805,-108,73,90,377,5,9,58
5805,-108,44,90,377,5,11,58
5805,-108,66,90,377,4,9,58
5805,-108,64,90,377,5,13,61
5805,-108,71,90,377,5,11,57
5805,-108,57,90,377,5,10,57
5805,-108,56,90,377,4,9,57
5805,-108,62,90,377,4,10,58
5805,-108,51,90,377,5,9,58
5805,-108,53,90,377,4,10,57
5805,-108,44,90,377,4,8,57
5805,-108,57,90,377,5,10,58
5805,-108,49,90,377,3,8,57
5805,-108,42,90,377,4,10,57
5805,-108,55,90,377,4,10,57
5805,-108,44,90,377,5,9,57
5805,-108,41,90,377,5,9,57
5805,-108,58,90,377,7,9,58
5805,-108,48,90,377,4,9,57
5805,-108,58,90,377,5,9,57
5805,-108,55,90,377,5,9,57
5805,-108,53,90,377,5,10,57
5805,-108,44,90,377,4,9,57
5805,-108,33,90,377,5,9,57
5805,-108,56,90,377,4,10,57
5805,-108,73,90,377,5,10,57
5805,-108,46,90,377,5,9,57
5805,-108,56,90,377,3,6,57
5805,-108,60,90,377,4,8,56
5805,-108,53,90,377,6,10,57
5805,-108,58,90,377,4,10,58
5805,-108,59,90,377,5,11,58
5805,-108,57,90,377,3,9,57
5805,-108,52,90,377,5,9,58
5805,-108,47,90,377,6,8,57
5805,-108,63,90,377,4,9,58
5805,-108,48,90,377,5,9,57
5805,-108,59,90,377,5,9,57
5805,-108,55,90,377,4,7,57
5805,-108,55,90,377,3,10,57
5805,-108,54,90,377,5,11,57
5805,-108,56,90,377,6,11,58
5805,-108,42,90,377,5,8,57
5805,-108,51,89,378,5,10,57
5805,-108,50,90,377,5,8,57
5805,-108,33,90,377,4,8,56
5805,-108,53,90,377,4,9,57
5805,-108,60,90,377,5,9,57
5805,-108,62,90,377,4,10,58
5805,-108,56,90,377,4,9,57
5805,-108,38,90,377,6,9,57
5805,-108,44,90,377,5,12,57
5805,-108,65,90,377,5,9,58
5805,-108,66,90,377,5,9,58
5805,-108,43,90,377,3,8,56
5805,-108,45,90,377,4,10,58
5805,-108,45,90,377,4,7,58
5805,-108,36,89,377,5,9,56
5805,-108,63,90,377,4,9,57
5805,-108,56,90,377,4,10,58
5805,-108,39,90,377,4,11,57
5805,-108,45,90,377,6,8,57
5805,-108,55,90,377,3,10,57
5805,-108,66,90,377,5,11,58
5805,-108,59,90,377,5,11,57
5805,-108,54,90,377,4,10,57
5805,-108,62,90,377,5,11,58
5805,-108,45,90,377,5,10,57
5805,-108,58,90,377,4,9,58
5805,-108,51,90,377,5,11,58
5805,-108,40,90,377,5,8,58
5805,-108,59,90,377,5,9,57
5805,-108,57,90,377,3,9,58
5805,-108,51,90,377,4,9,57
5805,-108,50,90,377,4,8,57
5805,-108,49,90,377,4,9,57
5805,-108,50,90,377,5,9,58
5805,-108,49,90,377,5,10,58
5805,-108,64,90,377,4,8,57
5805,-108,54,90,377,5,9,57
5805,-108,46,90,377,4,11,57
5805,-108,65,90,377,5,8,58
5805,-108,32,90,377,5,10,57
5805,-108,59,90,377,3,10,57
5805,-108,45,90,377,4,11,59
5805,-108,56,90,377,4,8,57
5805,-108,44,90,377,5,9,57
5805,-108,61,90,377,3,9,58
5805,-108,49,90,377,5,9,57
5805,-108,44,90,377,3,10,57
5805,-108,51,90,377,4,12,58
5805,-108,61,90,377,4,11,58
5805,-108,39,90,377,4,8,58
5805,-108,56,90,377,5,8,58
5805,-108,42,90,377,5,8,57
5805,-108,34,90,377,5,10,57
5805,-108,45,90,377,4,9,57
5805,-108,46,90,377,4,8,57
5805,-108,55,90,377,6,11,57
5805,-108,42,90,377,5,9,58
5805,-108,44,88,378,4,10,56
5805,-108,61,90,377,4,8,57
5805,-108,66,90,377,6,9,57
5805,-108,40,90,377,5,9,57
5805,-108,45,90,377,4,9,57
5805,-108,61,90,377,5,10,57
5805,-108,53,90,377,4,9,57
5805,-108,54,89,377,4,9,56
5805,-108,55,90,377,5,10,57
5805,-108,56,90,377,5,13,58
5805,-108,64,90,377,3,7,57
5805,-108,43,90,377,5,9,57
5805,-108,46,90,377,5,9,57
5805,-108,55,90,377,5,9,56
5805,-108,59,90,377,4,9,58
5805,-108,46,89,378,4,10,56
5805,-108,43,90,377,5,9,57
5805,-108,58,90,377,5,9,57
5805,-108,45,90,377,5,10,57
5805,-108,42,88,378,5,9,56
5805,-108,46,90,377,3,10,57
5805,-108,54,90,377,6,8,57
5805,-108,60,90,377,5,9,58
5805,-108,40,90,377,4,8,58
5805,-108,49,90,377,6,8,57
5805,-108,45,90,377,4,11,59
5805,-108,63,90,377,5,10,58
5805,-108,50,90,377,6,8,57
5805,-108,39,90,377,3,9,57
5805,-108,46,90,377,4,9,57
5805,-108,57,90,377,5,10,57
5805,-108,83,90,377,4,12,58
5805,-108,51,90,377,5,10,58
5805,-108,43,90,377,5,9,57
5805,-108,57,90,377,3,8,56
5805,-108,52,90,377,5,10,57
5805,-108,55,90,377,5,10,58
5805,-108,74,90,377,6,11,58
5805,-108,64,90,377,4,9,58
5805,-108,64,90,377,4,7,56
5805,-108,75,90,377,5,10,58
5805,-108,69,90,377,4,9,58
5805,-108,39,90,377,5,9,58
5805,-108,48,90,377,3,9,57
5805,-108,64,90,377,5,10,57
5805,-108,53,90,377,5,9,57
5805,-108,47,90,377,4,8,57
5805,-108,44,90,377,5,10,57
5805,-108,59,90,377,5,11,58
5805,-108,58,90,377,4,10,58
5805,-108,56,90,377,4,9,56
5805,-108,49,90,377,5,11,58
5805,-108,43,90,377,5,9,57
5805,-108,33,90,377,4,10,57
5805,-108,55,90,377,5,9,57
5805,-108,50,90,377,4,9,57
5805,-108,64,90,377,4,9,58
5805,-108,66,90,377,5,10,58
5805,-108,61,90,377,5,10,58
5805,-108,47,90,377,5,10,58
5805,-108,44,89,377,6,9,56
5805,-108,45,90,377,4,10,58
5805,-108,46,89,377,5,8,57
5805,-108,40,90,377,5,10,57
5805,-108,55,90,377,5,7,57
5805,-108,61,90,377,4,10,57
5805,-108,64,90,377,4,8,57
5805,-108,45,90,377,4,9,58
5805,-108,46,90,377,3,9,57
5805,-108,63,90,377,6,9,57
5805,-108,65,90,377,4,8,57
5805,-108,45,90,377,3,10,57
5805,-108,59,90,377,5,9,57
5805,-108,71,90,377,4,11,59
5805,-108,47,90,377,5,8,57
5805,-108,52,90,377,4,9,57
5805,-108,52,90,377,3,9,57
5805,-108,66,90,377,5,10,57
5805,-108,60,90,377,4,10,58
5805,-108,62,90,377,4,11,57
5805,-108,59,90,377,4,9,57
5805,-108,72,90,377,5,10,58
5805,-108,56,90,377,5,8,56
5805,-108,40,90,377,4,9,57
5805,-108,48,90,377,4,8,57
5805,-108,38,90,377,5,9,57
5805,-108,36,90,377,4,9,57
5805,-108,55,90,377,5,10,57
5805,-108,65,90,377,5,9,58
5805,-108,73,90,377,5,9,58
5805,-108,64,90,377,4,11,58
5805,-108,51,90,377,5,9,57
5805,-108,31,90,377,6,10,57
5805,-108,48,90,377,5,9,57
5805,-108,40,90,377,6,10,57
5805,-108,45,90,377,4,11,58
5805,-108,44,90,377,5,8,57
5805,-108,45,90,377,4,10,58
5805,-108,60,90,377,2,7,57
5805,-108,41,89,377,5,9,55
5805,-108,49,90,377,3,9,58
5805,-108,61,90,377,4,8,57
5805,-108,43,90,377,5,12,58
5805,-108,55,90,377,5,11,57
5805,-108,46,90,377,4,7,57
5805,-108,33,90,377,4,8,57
5805,-108,40,90,377,4,8,58
5805,-108,61,90,377,4,9,58
5805,-108,38,90,377,5,8,57
5805,-108,53,90,377,5,10,58
5805,-108,37,90,377,4,9,57
5805,-108,56,90,377,4,8,57
5805,-108,41,90,377,4,10,57
5805,-108,58,90,377,5,9,58
5805,-108,41,90,377,4,11,57
5805,-108,40,90,377,5,10,57
5805,-108,44,90,377,4,9,57
5805,-108,49,90,377,5,10,58
5805,-108,46,90,377,4,9,57
5805,-108,65,90,377,4,10,58
5805,-108,52,90,377,4,11,58
5805,-108,60,90,377,4,10,58
5805,-108,64,90,377,5,11,57
5805,-108,62,90,377,5,9,57
5805,-108,54,90,377,4,11,58
5805,-108,59,90,377,5,8,56
5805,-108,50,90,377,5,8,56
5805,-108,62,90,377,6,9,58
5805,-108,27,90,377,4,10,57
5805,-108,31,90,377,4,10,57
5805,-108,46,90,377,4,9,57
5805,-108,64,90,377,5,9,58
5805,-108,60,90,377,6,10,58
5805,-108,56,90,377,4,8,58
5805,-108,47,90,377,4,9,57
5805,-108,42,90,377,4,10,58
5805,-108,45,90,377,4,11,58
5805,-108,48,90,377,5,10,57
5805,-108,45,90,377,4,10,59
5805,-108,47,90,377,4,11,57
5805,-108,54,90,377,4,10,57
5805,-108,59,89,378,6,9,57
5805,-108,56,90,377,5,10,57
5805,-108,59,90,377,5,10,59
5805,-108,42,90,377,4,8,57
5805,-108,40,90,377,6,10,58
5805,-108,49,90,377,3,10,58
5805,-108,52,90,377,5,8,57
5805,-108,51,90,377,5,9,57
5805,-108,72,90,377,4,10,57
5805,-108,49,90,377,5,10,58
5805,-108,70,90,377,3,10,58
5805,-108,36,90,377,4,8,57
5805,-108,53,90,377,4,10,57
5805,-108,47,90,377,5,10,57
5805,-108,54,90,377,6,9,58
5805,-108,48,90,377,4,9,57
5805,-108,64,90,377,3,8,57
5805,-108,58,90,377,5,11,59
5805,-108,43,90,377,5,11,57
5805,-108,56,90,377,5,9,57
5805,-108,59,90,377,4,8,57
5805,-108,43,90,377,5,9,58
5805,-108,48,90,377,6,8,57
5805,-108,43,90,377,4,10,57
5805,-108,67,90,377,5,11,57
5805,-108,55,90,377,5,10,57
5805,-108,41,90,377,5,9,57
5805,-108,49,89,377,6,8,57
5805,-108,57,90,377,4,11,58
5805,-108,55,90,377,4,10,57
5805,-108,48,89,378,7,10,57
5805,-108,43,90,377,4,10,57
5805,-108,50,90,377,3,10,58
5805,-108,53,90,377,3,9,58
5805,-108,67,90,377,5,11,58
5805,-108,47,90,377,3,11,58
5805,-108,37,90,377,6,9,58
5805,-108,55,90,377,5,10,57
5805,-108,59,90,377,4,9,58
5805,-108,49,90,377,4,8,58
5805,-108,65,90,377,4,10,57
5805,-108,48,90,377,4,9,57
5805,-108,46,90,377,4,10,58
5805,-108,48,90,377,5,11,58
5805,-108,39,90,377,3,9,57
5805,-108,54,90,377,5,9,57
5805,-108,43,90,377,4,9,57
5805,-108,55,90,377,4,11,58
5805,-108,36,90,377,4,9,58
5805,-108,50,90,377,5,8,57
5805,-108,44,90,377,4,10,57
5805,-108,64,90,377,5,9,57
5805,-108,48,90,377,3,8,57
5805,-108,71,90,377,6,9,58
5805,-108,32,90,377,5,9,57
5805,-108,44,90,377,4,10,58
5805,-108,52,90,377,5,8,57
5805,-108,47,90,377,4,9,57
5805,-108,43,90,377,5,10,57
5805,-108,49,90,377,5,11,58
5805,-108,62,90,377,5,10,58
5805,-108,48,90,377,5,9,58
5805,-108,63,90,377,4,10,58
5805,-108,50,90,377,5,8,57
5805,-108,62,90,377,5,9,58
5805,-108,56,90,377,3,8,57
5805,-108,63,90,377,5,9,58
5805,-108,53,90,377,4,11,58
5805,-108,61,90,377,4,10,58
5805,-108,58,90,377,4,10,58
5805,-108,58,90,377,4,10,57
5805,-108,51,90,377,5,10,57
5805,-108,44,90,377,3,10,58
5805,-108,65,90,377,5,9,57
5805,-108,63,90,377,5,10,58
5805,-108,56,90,377,4,8,57
5805,-108,39,90,377,4,9,57
5805,-108,74,90,377,4,8,56
5805,-108,48,90,377,4,10,58
5805,-108,39,90,377,4,8,56
5805,-108,56,90,377,5,9,58
5805,-108,62,90,377,5,9,58
5805,-108,46,89,377,6,10,57
5805,-108,55,90,377,4,10,58
5805,-108,51,90,377,5,9,57
5805,-108,45,90,377,5,8,57
5805,-108,38,90,377,5,8,56
5805,-108,52,90,377,3,9,58
5805,-108,40,89,377,6,10,56
5805,-108,76,90,377,3,8,58
5805,-108,59,90,377,4,9,57
5805,-108,49,90,377,5,10,58
5805,-108,58,90,377,4,8,56
5805,-108,37,90,377,5,11,58
5805,-108,70,90,377,5,10,57
5805,-108,71,90,377,5,9,58
5805,-108,54,90,377,5,9,57
5805,-108,49,90,377,5,9,57
5805,-108,70,90,377,3,12,59
5805,-108,58,90,377,5,9,57
5805,-108,64,90,377,5,9,58
5805,-108,69,90,377,5,10,57
5805,-108,40,90,377,5,10,58
5805,-108,36,90,377,6,11,58
5805,-108,61,90,377,4,9,57
5805,-108,44,90,377,4,10,58
5805,-108,49,90,377,4,9,57
5805,-108,63,90,377,4,11,57
5805,-108,47,90,377,3,9,58
5805,-108,53,90,377,5,10,57
5805,-108,58,90,377,3,9,57
5805,-108,53,90,377,5,11,58
5805,-108,55,90,377,4,9,57
5805,-108,36,90,377,4,11,58
5805,-108,42,90,377,6,10,58
5805,-108,58,90,377,5,9,57
5805,-108,64,90,377,5,9,57
5805,-108,52,88,378,7,9,56
5805,-108,35,90,377,5,9,57
5805,-108,78,90,377,3,10,58
5805,-108,68,90,377,4,9,59
5805,-108,28,89,377,5,8,56
5805,-108,32,90,377,4,11,58
5805,-108,72,90,377,5,8,58
5805,-108,59,90,377,5,10,58
5805,-108,50,89,377,6,9,56
5805,-108,56,90,377,4,10,58
5805,-108,64,90,377,5,11,57
5805,-108,57,90,377,5,8,58
5805,-108,62,90,377,4,9,57
5805,-108,40,90,377,6,9,56
5805,-108,63,90,377,5,9,57
5805,-108,53,90,377,5,10,58
5805,-108,53,90,377,5,11,58
5805,-108,69,90,377,5,9,57
5805,-108,60,90,377,4,10,58
5805,-108,59,90,377,5,10,57
5805,-108,53,90,377,5,9,58
5805,-108,37,90,377,4,8,57
5805,-108,55,90,377,5,9,57
5805,-108,47,90,377,4,10,57
5805,-108,60,90,377,4,8,57
5805,-108,51,90,377,5,9,58
5805,-108,61,90,377,5,11,57
5805,-108,60,90,377,5,10,57
5805,-108,37,89,377,6,9,57
5805,-108,47,90,377,5,10,58
5805,-108,60,90,377,3,9,57
5805,-108,47,90,377,4,10,57
5805,-108,48,90,377,4,8,56
5805,-108,52,90,377,5,9,58
5805,-108,51,90,377,5,9,57
5805,-108,46,89,377,6,8,56
5805,-108,46,90,377,4,10,59
5805,-108,59,90,377,6,9,57
5805,-108,47,90,377,5,10,58
5805,-108,59,90,377,5,9,57
5805,-108,47,90,377,4,10,57
5805,-108,68,90,377,4,10,57
5805,-108,70,90,377,5,9,57
5805,-108,63,90,377,5,9,57
5805,-108,50,90,377,5,8,57
5805,-108,50,90,377,6,11,57
5805,-108,54,90,377,5,9,57
5805,-108,40,90,377,4,11,58
5805,-108,56,90,377,5,8,57
5805,-108,46,90,377,4,10,58
5805,-108,60,90,377,3,10,57
5805,-108,43,90,377,5,9,57
5805,-108,41,89,377,5,8,56
5805,-108,47,90,377,5,10,58
5805,-108,62,90,377,2,9,57
5805,-108,66,90,377,5,9,57
5805,-108,55,90,377,4,10,58
5805,-108,50,90,377,5,9,58
5805,-108,51,90,377,5,8,57
5805,-108,49,90,377,5,8,58
5805,-108,46,90,377,6,10,57
5805,-108,41,90,377,4,9,57
5805,-108,42,90,377,5,11,58
5805,-108,54,90,377,5,11,59
5805,-108,41,89,377,7,9,57
5805,-108,48,90,377,5,9,57
5805,-108,47,90,377,5,10,58
5805,-108,53,90,377,4,8,57
5805,-108,50,90,377,6,10,58
5805,-108,49,90,377,5,10,58
5805,-108,54,90,377,4,9,56
5805,-108,50,90,377,5,10,58
5805,-108,48,90,377,4,9,58
5805,-108,68,90,377,5,10,58
5805,-108,63,90,377,5,9,58
5805,-108,40,90,377,4,9,58
5805,-108,59,90,377,2,11,57
5805,-108,50,90,377,3,10,57
5805,-108,43,90,377,4,11,57
5805,-108,50,90,377,5,9,57
5805,-108,53,90,377,3,11,57
5805,-108,66,90,377,4,9,58
5805,-108,39,90,377,5,10,57
5805,-108,58,90,377,5,9,57
5805,-108,32,90,377,4,10,57
5805,-108,51,90,377,3,12,57
5805,-108,45,90,377,5,9,57
5805,-108,68,90,377,5,11,59
5805,-108,58,90,377,5,11,58
5805,-108,55,90,377,4,9,58
5805,-108,57,90,377,5,11,58
5805,-108,73,90,377,4,9,57
5805,-108,54,90,377,5,10,57
5805,-108,56,90,377,5,9,57
5805,-108,53,90,377,4,9,57
5805,-108,45,90,377,6,10,58
5805,-108,30,90,377,5,8,56
5805,-108,55,90,377,5,9,57
5805,-108,52,90,377,4,11,58
5805,-108,53,90,377,4,10,57
5805,-108,65,90,377,5,9,58
5805,-108,59,90,377,4,9,58
5805,-108,58,90,377,4,9,57
5805,-108,56,90,377,5,9,57
5805,-108,37,90,377,6,9,55
5805,-108,54,90,377,4,8,57
5805,-108,41,90,377,4,12,58
5805,-108,59,90,377,4,9,58
5805,-108,50,90,377,5,10,57
5805,-108,68,90,377,5,9,58
5805,-108,69,90,377,4,8,57
5805,-108,67,90,377,4,9,58
5805,-108,42,90,377,6,9,57
5805,-108,39,88,378,6,9,56
5805,-108,32,90,377,4,8,57
5805,-108,43,90,377,4,9,57
5805,-108,67,90,377,6,9,57
5805,-108,37,90,377,4,9,57
5805,-108,58,90,377,4,10,58
5805,-108,44,90,377,6,10,58
5805,-108,57,90,377,4,9,57
5805,-108,52,90,377,3,11,57
5805,-108,50,90,377,4,8,57
5805,-108,59,90,377,5,9,57
5805,-108,48,90,377,6,10,58
5805,-108,57,90,377,5,10,58
5805,-108,58,90,377,4,8,56
5805,-108,59,90,377,5,10,58
5805,-108,61,90,377,4,9,57
5805,-108,41,90,377,4,9,57
5805,-108,60,90,377,5,10,58
5805,-108,60,90,377,5,10,58
5805,-108,42,90,377,4,9,57
5805,-108,31,89,377,5,9,57
5805,-108,58,90,377,5,9,57
5805,-108,43,90,377,5,9,56
5805,-108,72,90,377,5,10,58
5805,-108,55,90,377,4,9,57
5805,-108,52,90,377,4,11,59
5805,-108,66,90,377,4,10,57
5805,-108,65,90,377,4,8,57
5805,-108,58,90,377,4,9,57
5805,-108,66,90,377,3,10,58
5805,-108,45,90,377,4,9,57
5805,-108,67,90,377,4,8,57
5805,-108,42,90,377,5,10,58
5805,-108,39,90,377,5,9,57
5805,-108,60,90,377,3,9,57
5805,-108,46,90,377,5,11,58
5805,-108,42,89,377,4,8,56
5805,-108,66,90,377,4,11,58
5805,-108,61,90,377,5,11,57
5805,-108,54,90,377,6,9,57
5805,-108,56,90,377,3,7,57
5805,-108,49,90,377,4,9,56
5805,-108,65,90,377,6,10,58
5805,-108,55,90,377,3,11,58
5805,-108,56,90,377,3,7,57
5805,-108,48,90,377,4,9,57
5805,-108,40,89,377,5,10,57
5805,-108,50,90,377,4,9,57
5805,-108,46,90,377,4,11,58
5805,-108,63,90,377,5,8,57
5805,-108,38,90,377,6,8,57
5805,-108,46,90,377,6,9,57
5805,-108,38,90,377,4,9,57
5805,-108,58,90,377,4,9,57
5805,-108,57,90,377,4,8,57
5805,-108,55,90,377,4,10,58
5805,-108,57,90,377,4,9,58
5805,-108,52,90,377,4,10,58
5805,-108,48,90,377,5,11,57
5805,-108,45,90,377,4,8,56
5805,-108,56,90,377,5,8,58
5805,-108,67,90,377,4,9,57
5805,-108,48,90,377,4,9,57
5805,-108,61,90,377,3,9,57
5805,-108,59,90,377,4,10,58
5805,-108,54,89,378,5,10,57
5805,-108,68,90,377,4,9,58
5805,-108,64,90,377,4,10,57
5805,-108,58,90,377,5,10,58
5805,-108,66,90,377,5,11,59
5805,-108,51,90,377,4,8,57
5805,-108,55,90,377,5,10,57
5805,-108,59,90,377,5,10,57
5805,-108,40,90,377,4,9,57
5805,-108,41,90,377,5,9,57
5805,-108,40,90,377,4,10,57
5805,-108,39,90,377,5,8,58
5805,-108,53,90,377,5,7,57
5805,-108,49,90,377,4,9,58
5805,-108,71,90,377,4,10,57
5805,-108,46,89,377,5,8,57
5805,-108,55,90,377,4,10,58
5805,-108,54,90,377,4,10,57
5805,-108,55,90,377,6,9,57
5805,-108,64,90,377,4,9,58
5805,-108,65,90,377,3,9,57
5805,-108,35,90,377,4,11,57
5805,-108,48,90,377,4,9,57
5805,-108,52,90,377,5,9,58
5805,-108,41,90,377,5,11,57
5805,-108,50,90,377,5,9,57
5805,-108,50,90,377,4,8,57
5805,-108,65,90,377,4,10,58
5805,-108,59,90,377,5,9,57
5805,-108,58,90,377,4,8,57
5805,-108,27,90,377,5,10,57
5805,-108,67,90,377,3,9,58
5805,-108,50,90,377,5,11,58
5805,-108,47,90,377,4,9,57
5805,-108,60,89,377,4,9,56
5805,-108,54,90,377,5,9,57
5805,-108,62,90,377,4,12,59
5805,-108,45,90,377,6,11,59
5805,-108,41,90,377,3,10,58
5805,-108,45,90,377,3,8,57
5805,-108,48,90,377,5,10,58
5805,-108,55,90,377,4,10,58
5805,-108,45,90,377,2,9,57
5805,-108,58,90,377,5,11,58
5805,-108,32,90,377,6,10,57
5805,-108,48,90,377,5,9,57
5805,-108,49,90,377,6,8,57
5805,-108,54,90,377,3,10,58
5805,-108,44,90,377,5,8,57
5805,-108,56,90,377,5,10,58
5805,-108,59,90,377,4,9,58
5805,-108,58,90,377,5,12,58
5805,-108,45,90,377,4,9,57
5805,-108,54,90,377,5,10,57
5805,-108,54,90,377,3,10,57
5805,-108,73,90,377,4,11,58
5805,-108,67,90,377,5,11,58
5805,-108,44,90,377,5,9,58
5805,-108,54,90,377,4,9,57
5805,-108,52,90,377,3,9,58
5805,-108,56,90,377,5,7,57
5805,-108,66,90,377,4,9,57
5805,-108,56,90,377,4,10,58
5805,-108,51,90,377,5,10,58
5805,-108,47,90,377,4,8,57
5805,-108,52,90,377,6,9,57
5805,-108,56,90,377,5,8,57
5805,-108,61,90,377,5,10,57
5805,-108,48,90,377,5,10,57
5805,-108,41,90,377,6,11,58
5805,-108,53,90,377,4,10,57
5805,-108,44,90,377,4,11,59
5805,-108,67,90,377,3,10,57
5805,-108,66,90,377,3,10,58
5805,-108,61,90,377,4,7,57
5805,-108,71,90,377,5,10,59
5805,-108,42,89,377,5,9,56
5805,-108,52,90,377,4,11,58
5805,-108,37,89,378,6,9,57
5805,-108,47,90,377,5,9,57
5805,-108,42,90,377,3,9,57
5805,-108,56,89,377,3,8,56
5805,-108,45,90,377,3,11,57
5805,-108,42,90,377,6,9,57
5805,-108,39,89,377,5,8,56
5805,-108,55,90,377,6,7,56
5805,-108,61,90,377,4,10,57
5805,-108,44,90,377,3,8,57
5805,-108,68,89,378,6,10,57
5805,-108,43,89,377,5,11,57
5805,-108,45,90,377,3,10,57
5805,-108,56,90,377,4,8,57
5805,-108,49,90,377,3,10,57
5805,-108,57,90,377,5,10,58
5805,-108,51,90,377,3,10,57
5805,-108,36,90,377,4,9,57
5805,-108,44,90,377,5,9,57
5805,-108,70,90,377,5,7,57
5805,-108,60,90,377,5,10,58
5805,-108,42,90,377,3,10,58
5805,-108,49,90,377,4,9,57
5805,-108,65,90,377,5,9,58
5805,-108,47,90,377,5,9,57
5805,-108,31,89,377,6,9,55
5805,-108,37,90,377,4,9,57
5805,-108,52,90,377,5,10,57
5805,-108,58,90,377,4,9,57
5805,-108,59,89,377,4,10,57
5805,-108,62,90,377,5,10,57
5805,-108,41,90,377,5,9,57
5805,-108,62,90,377,4,11,58
5805,-108,47,90,377,4,10,58
5805,-108,29,90,377,5,9,57
5805,-108,52,90,377,5,12,58
5805,-108,51,90,377,5,8,56
5805,-108,67,90,377,3,10,57
5805,-108,49,90,377,4,9,57
5805,-108,63,90,377,4,10,58
5805,-108,46,90,377,5,10,57
5805,-108,44,90,377,5,8,57
5805,-108,61,90,377,4,10,58
5805,-108,46,90,377,5,10,58
5805,-108,57,90,377,5,10,59
5805,-108,53,90,377,4,9,57
5805,-108,43,90,377,5,9,57
5805,-108,75,90,377,5,10,58
5805,-108,55,90,377,6,9,57
5805,-108,56,90,377,5,10,58
5805,-108,43,90,377,3,8,58
5805,-108,62,90,377,5,9,57
5805,-108,58,90,377,5,9,57
5805,-108,58,90,377,4,10,59
5805,-108,39,90,377,5,9,57
5805,-108,46,90,377,5,10,57
5805,-108,74,90,377,5,7,57
5805,-108,56,90,377,3,9,57
5805,-108,58,90,377,4,11,59
5805,-108,49,90,377,4,9,57
5805,-108,56,90,377,5,10,58
5805,-108,66,90,377,3,10,57
5805,-108,74,90,377,5,9,57
5805,-108,41,90,377,4,10,57
5805,-108,55,90,377,4,9,57
5805,-108,65,90,377,5,9,57
5805,-108,49,90,377,5,11,58
5805,-108,46,90,377,5,11,58
5805,-108,47,90,377,5,10,58
5805,-108,66,90,377,4,8,57
5805,-108,62,90,377,5,10,58
5805,-108,36,90,377,5,9,57
5805,-108,42,90,377,5,9,57
5805,-108,47,90,377,5,9,57
5805,-108,45,90,377,5,11,58
5805,-108,49,90,377,4,10,57
5805,-108,53,90,377,4,9,58
5805,-108,52,90,377,4,10,57
5805,-108,54,90,377,4,9,58
5805,-108,41,90,377,4,11,57
5805,-108,61,90,377,4,9,56
5805,-108,36,90,377,4,10,58
5805,-108,38,90,377,4,9,57
5805,-108,48,90,377,6,9,58
5805,-108,56,90,377,5,10,57
5805,-108,52,89,377,6,10,57
5805,-108,32,90,377,4,9,57
5805,-108,49,90,377,5,10,58
5805,-108,63,90,377,5,10,57
5805,-108,37,90,377,6,11,58
5805,-108,50,90,377,6,9,57
5805,-108,50,90,377,4,10,57
5805,-108,51,90,377,4,9,57
5805,-108,55,90,377,6,8,58
5805,-108,52,90,377,5,10,58
5805,-108,37,90,377,5,7,57
5805,-108,61,90,377,4,11,59
5805,-108,31,90,377,7,9,57
5805,-108,43,90,377,4,10,58
5805,-108,73,90,377,5,9,58
5805,-108,50,90,377,4,11,59
5805,-108,54,90,377,4,11,57
5805,-108,48,90,377,4,8,57
5805,-108,44,90,377,4,10,58
5805,-108,38,90,377,6,10,57
5805,-108,82,90,377,5,11,57
5805,-108,73,90,377,4,11,57
5805,-108,49,90,377,4,9,57
5805,-108,45,90,377,5,8,57
5805,-108,54,90,377,3,9,58
5805,-108,66,90,377,3,9,58
5805,-108,39,90,377,4,9,58
5805,-108,64,90,377,5,11,58
5805,-108,42,90,377,4,10,57
5805,-108,52,90,377,5,11,58
5805,-108,61,90,377,4,8,57
5805,-108,49,90,377,5,8,57
5805,-108,65,90,377,5,10,57
5805,-108,58,90,377,4,9,57
5805,-108,54,90,377,4,9,57
5805,-108,35,90,377,5,11,58
5805,-108,54,90,377,5,8,58
5805,-108,66,90,377,5,9,58
5805,-108,44,90,377,4,11,58
5805,-108,43,90,377,5,9,58
5805,-108,40,89,377,5,11,57
5805,-108,66,90,377,4,11,59
5805,-108,58,90,377,6,11,58
5805,-108,47,90,377,3,10,57
5805,-108,32,90,377,5,9,57
5805,-108,76,90,377,3,9,57
5805,-108,48,90,377,6,10,57
5805,-108,57,90,377,4,10,57
5805,-108,79,90,377,6,10,58
5805,-108,42,90,377,4,10,59
5805,-108,40,90,377,4,8,57
5805,-108,57,90,377,3,10,58
5805,-108,42,90,377,4,11,58
5805,-108,50,90,377,6,10,57
5805,-108,44,90,377,6,9,58
5805,-108,60,90,377,4,9,57
5805,-108,49,90,377,5,9,57
5805,-108,46,90,377,4,9,57
5805,-108,59,90,377,6,11,58
5805,-108,51,89,377,5,8,58
5805,-108,35,90,377,3,9,58
5805,-108,74,90,377,5,9,57
5805,-108,52,90,377,5,9,57
5805,-108,46,90,377,5,8,57
5805,-108,46,89,377,5,8,56
5805,-108,43,90,377,7,9,58
5805,-108,54,90,377,5,9,58
5805,-108,32,90,377,3,8,57
5805,-108,50,90,377,5,9,57
5805,-108,54,90,377,4,10,57
5805,-108,74,90,377,4,11,58
5805,-108,47,90,377,6,10,57
5805,-108,41,90,377,4,10,58
5805,-108,27,89,378,6,8,56
5805,-108,57,90,377,6,11,58
5805,-108,56,90,377,5,8,56
5805,-108,74,90,377,4,9,58
5805,-108,48,90,377,5,10,58
5805,-108,60,90,377,5,10,57
5805,-108,46,90,377,4,9,58
5805,-108,31,90,377,6,9,57
5805,-108,42,89,378,4,9,57
5805,-108,64,90,377,4,10,58
5805,-108,46,89,377,5,10,56
5805,-108,70,90,377,5,10,57
5805,-108,35,89,378,6,11,56
5805,-108,42,90,377,5,9,56
5805,-108,54,90,377,4,9,57
5805,-108,59,90,377,4,10,57
5805,-108,56,90,377,5,9,57
5805,-108,60,90,377,5,9,58
5805,-108,45,90,377,6,9,58
5805,-108,64,90,377,5,8,58
5805,-108,55,90,377,5,9,58
5805,-108,46,90,377,3,9,57
5805,-108,43,90,377,5,9,57
5805,-108,76,90,377,3,9,57
5805,-108,45,90,377,5,10,58
5805,-108,69,90,377,5,10,58
5805,-108,49,90,377,3,7,57
5805,-108,72,90,377,5,8,58
5805,-108,59,90,377,4,11,59
5805,-108,41,90,377,4,10,58
5805,-108,62,90,377,5,11,58
5805,-108,46,90,377,4,9,57
5805,-108,52,89,377,6,9,57
5805,-108,59,90,377,4,9,57
5805,-108,40,90,377,4,10,59
5805,-108,38,89,377,4,10,57
5805,-108,50,90,377,4,8,58
5805,-108,43,89,377,7,8,56
5805,-108,54,90,377,4,9,57
5805,-108,57,90,377,4,10,58
5805,-108,55,90,377,4,9,57
5805,-108,46,89,377,5,10,56
5805,-108,56,90,377,5,10,58
5805,-108,70,90,377,6,11,57
5805,-108,43,90,377,4,10,57
5805,-108,38,90,377,4,9,57
5805,-108,54,90,377,5,10,57
5805,-108,52,90,377,5,10,58
5805,-108,41,90,377,3,9,57
5805,-108,35,90,377,5,11,58
5805,-108,57,90,377,6,10,57
5805,-108,49,90,377,4,9,57
5805,-108,58,90,377,4,8,57
5805,-108,44,90,377,5,8,56
5805,-108,62,90,377,5,10,57
5805,-108,45,90,377,5,9,57
5805,-108,68,90,377,5,9,57
5805,-108,43,90,377,4,9,57
5805,-108,65,90,377,3,9,57
5805,-108,60,90,377,5,9,58
5805,-108,62,90,377,4,9,57
5805,-108,55,90,377,5,9,58
5805,-108,43,90,377,5,10,57
5805,-108,57,90,377,5,10,58
5805,-108,44,90,377,6,9,57
5805,-108,34,89,377,5,9,56
5805,-108,65,90,377,6,9,57
5805,-108,56,90,377,5,9,57
5805,-108,68,90,377,5,11,57
5805,-108,53,90,377,5,9,58
5805,-108,44,90,377,4,11,57
5805,-108,47,90,377,5,10,57
5805,-108,57,90,377,4,9,58
5805,-108,44,90,377,5,7,57
5805,-108,55,90,377,4,10,57
5805,-108,46,90,377,3,10,58
5805,-108,61,90,377,5,9,57
5805,-108,42,90,377,4,8,56
5805,-108,52,90,377,4,8,57
5805,-108,55,90,377,4,9,57
5805,-108,51,90,377,4,9,57
5805,-108,40,90,377,5,10,57
5805,-108,53,90,377,5,8,57
5805,-108,62,90,377,4,7,57
5805,-108,51,90,377,4,10,57
5805,-108,53,90,377,4,10,57
5805,-108,55,90,377,6,9,58
5805,-108,56,90,377,7,12,57
5805,-108,55,90,377,4,10,57
5805,-108,44,90,377,5,8,57
5805,-108,46,90,377,5,9,58
5805,-108,45,89,377,5,10,58
5805,-108,54,90,377,4,10,58
5805,-108,60,90,377,5,10,57
5805,-108,39,90,377,6,9,57
5805,-108,66,90,377,5,8,57
5805,-108,47,90,377,5,10,58
5805,-108,54,90,377,5,10,57
5805,-108,57,90,377,5,9,56
5805,-108,58,89,377,5,10,56
5805,-108,44,90,377,5,10,58
5805,-108,50,90,377,4,9,57
5805,-108,56,90,377,5,9,57
5805,-108,37,90,377,4,9,57
5805,-108,51,90,377,3,9,57
5805,-108,35,89,377,5,10,57
5805,-108,44,90,377,5,8,57
5805,-108,38,90,377,4,10,57
5805,-108,54,90,377,4,9,57
5805,-108,52,89,377,6,8,56
5805,-108,59,90,377,4,12,58
5805,-108,46,90,377,4,12,58
5805,-108,56,90,377,4,11,58
5805,-108,32,90,377,4,11,58
5805,-108,77,90,377,4,9,58
5805,-108,41,90,377,4,10,57
5805,-108,33,90,377,5,10,58
5805,-108,43,90,377,5,9,57
5805,-108,50,90,377,5,8,56
5805,-108,54,90,377,4,10,57
5805,-108,60,90,377,4,9,57
5805,-108,74,90,377,5,9,58
5805,-108,62,90,377,5,12,57
5805,-108,64,90,377,5,9,57
5805,-108,44,90,377,6,9,57
5805,-108,63,90,377,4,10,57
5805,-108,44,90,377,3,10,57
5805,-108,61,90,377,4,9,57
5805,-108,63,90,377,4,9,58
5805,-108,46,89,378,6,8,55
5805,-108,48,90,377,3,11,57
5805,-108,51,90,377,6,9,57
5805,-108,61,90,377,3,12,58
5805,-108,58,90,377,4,10,58
5805,-108,46,90,377,4,8,58
5805,-108,50,90,377,6,10,57
5805,-108,61,90,377,4,9,57
5805,-108,64,90,377,5,9,57
5805,-108,34,90,377,6,11,58
5805,-108,45,90,377,5,8,57
5805,-108,46,90,377,4,9,57
5805,-108,35,90,377,4,9,57
5805,-108,55,90,377,4,9,57
5805,-108,47,90,377,4,9,57
5805,-108,48,90,377,4,11,58
5805,-108,46,90,377,5,10,57
5805,-108,59,90,377,4,10,57
5805,-108,52,90,377,4,10,58
5805,-108,42,90,377,4,9,57
5805,-108,53,90,377,3,8,57
5805,-108,63,90,377,4,11,58
5805,-108,43,89,377,4,11,58
5805,-108,63,90,377,4,11,57
5805,-108,49,90,377,4,9,57
5805,-108,53,90,377,5,10,57
5805,-108,46,90,377,5,8,57
5805,-108,60,90,377,5,10,57
5805,-108,49,90,377,5,7,57
5805,-108,44,90,377,4,9,57
5805,-108,54,90,377,4,9,57
5805,-108,71,90,377,4,11,57
5805,-108,43,90,377,4,9,57
5805,-108,53,90,377,3,9,57
5805,-108,64,90,377,3,9,57
5805,-108,55,90,377,4,10,58
5805,-108,42,90,377,4,9,57
5805,-108,42,90,377,5,10,57
5805,-108,40,90,377,3,9,57
5805,-108,47,90,377,4,11,58
5805,-108,53,90,377,5,10,57
5805,-108,59,90,377,3,9,57
5805,-108,37,89,378,5,8,56
5805,-108,33,90,377,3,11,57
5805,-108,58,90,377,4,9,58
5805,-108,67,90,377,4,9,58
5805,-108,69,90,377,4,9,57
5805,-108,54,90,377,5,9,57
5805,-108,58,90,377,3,10,57
5805,-108,39,90,377,4,9,57
5805,-108,42,90,377,5,9,57
5805,-108,39,90,377,4,8,57
5805,-108,48,90,377,4,10,58
5805,-108,55,90,377,6,10,58
5805,-108,44,90,377,5,11,58
5805,-108,38,90,377,4,8,56
5805,-108,30,90,377,6,11,58
5805,-108,48,90,377,4,10,57
5805,-108,43,90,377,3,9,56
5805,-108,48,90,377,3,8,57
5805,-108,69,90,377,4,10,57
5805,-108,66,90,377,4,8,56
5805,-108,59,90,377,5,9,57
5805,-108,70,90,377,4,10,58
5805,-108,28,89,377,5,9,55
5805,-108,46,90,377,6,10,58
5805,-108,44,90,377,5,10,57
5805,-108,43,90,377,5,8,57
5805,-108,36,90,377,5,11,58
5805,-108,60,90,377,4,10,57
5805,-108,46,90,377,3,10,58
5805,-108,45,90,377,4,12,57
5805,-108,54,90,377,5,8,57
5805,-108,46,90,377,6,10,57
5805,-108,47,90,377,5,10,58
5805,-108,47,90,377,4,10,58
5805,-108,39,90,377,5,8,57
5805,-108,53,90,377,4,10,57
5805,-108,45,90,377,4,11,57
5805,-108,56,90,377,4,8,57
5805,-108,44,90,377,4,9,57
5805,-108,52,90,377,4,9,57
5805,-108,32,90,377,4,9,57
5805,-108,43,89,377,4,10,57
5805,-108,48,90,377,5,7,55
5805,-108,54,90,377,5,9,58
5805,-108,43,90,377,4,8,57
5805,-108,42,90,377,3,9,56
5805,-108,41,90,377,5,12,58
5805,-108,37,90,377,4,9,57
5805,-108,41,90,377,4,10,57
5805,-108,49,90,377,5,9,57
5805,-108,45,89,378,5,9,56
5805,-108,53,90,377,4,9,57
5805,-108,50,90,377,3,10,58
5805,-108,51,90,377,5,9,58
5805,-108,55,90,377,3,8,57
5805,-108,39,90,377,4,10,57
5805,-108,55,90,377,5,9,57
5805,-108,49,90,377,5,9,57
5805,-108,45,90,377,4,9,57
5805,-108,62,90,377,5,11,58
5805,-108,40,90,377,4,11,57
5805,-108,45,90,377,5,12,58
5805,-108,54,90,377,5,9,58
5805,-108,54,90,377,6,8,57
5805,-108,63,90,377,4,9,57
5805,-108,59,90,377,5,8,57
5805,-108,44,90,377,4,11,57
5805,-108,32,90,377,5,8,56
5805,-108,57,90,377,5,9,57
5805,-108,60,90,377,5,11,58
5805,-108,35,90,377,4,9,58
5805,-108,64,90,377,4,11,58
5805,-108,30,90,377,4,9,57
5805,-108,50,90,377,4,9,57
5805,-108,35,90,377,4,8,57
5805,-108,51,90,377,5,11,58
5805,-108,54,90,377,5,9,58
5805,-108,52,90,377,6,10,56
5805,-108,54,90,377,5,8,58
5805,-108,62,90,377,4,11,58
5805,-108,51,90,377,4,11,58
5805,-108,36,90,377,6,10,57
5805,-108,63,90,377,5,9,57
5805,-108,51,90,377,6,11,58
5805,-108,60,90,377,5,10,58
5805,-108,56,89,377,6,10,56
5805,-108,36,90,377,4,9,57
5805,-108,63,89,378,5,10,57
5805,-108,55,90,377,3,9,57
5805,-108,59,90,377,4,9,56
5805,-108,53,90,377,6,10,57
5805,-108,38,90,377,4,11,59
5805,-108,40,90,377,4,10,57
5805,-108,49,90,377,6,10,59
5805,-108,48,90,377,6,9,58
5805,-108,61,90,377,5,10,58
5805,-108,55,90,377,4,10,58
5805,-108,41,89,377,6,9,56
5805,-108,69,90,377,6,9,57
5805,-108,58,90,377,3,11,58
5805,-108,55,90,377,5,9,58
5805,-108,63,90,377,4,8,57
5805,-108,41,90,377,5,10,58
5805,-108,56,90,377,4,8,57
5805,-108,76,90,377,4,10,58
5805,-108,49,90,377,5,9,58
5805,-108,62,90,377,5,11,58
5805,-108,63,90,377,5,9,57
5805,-108,74,90,377,6,11,59
5805,-108,47,90,377,6,9,56
5805,-108,59,90,377,5,11,58
5805,-108,40,90,377,5,9,57
5805,-108,54,90,377,4,9,58
5805,-108,31,90,377,5,7,57
5805,-108,62,90,377,4,9,57
5805,-108,48,90,377,4,9,57
5805,-108,47,90,377,5,9,57
5805,-108,45,90,377,4,9,57
5805,-108,42,90,377,5,10,57
5805,-108,53,90,377,5,11,59
5805,-108,61,90,377,4,9,58
5805,-108,53,90,377,5,10,58
5805,-108,36,90,377,4,8,57
5805,-108,38,89,378,5,10,58
5805,-108,47,90,377,5,9,56
5805,-108,37,90,377,5,10,57
5805,-108,44,90,377,5,10,57
5805,-108,48,90,377,4,9,57
5805,-108,45,90,377,4,9,56
5805,-108,48,90,377,4,10,58
5805,-108,66,90,377,5,9,58
5805,-108,47,89,378,5,10,57
5805,-108,65,90,377,4,9,57
5805,-108,41,90,377,5,9,57
5805,-108,58,90,377,5,9,57
5805,-108,45,90,377,4,8,57
5805,-108,72,90,377,5,9,57
5805,-108,47,90,377,5,9,57
5805,-108,40,90,377,5,10,57
5805,-108,65,90,377,4,9,57
5805,-108,36,90,377,3,10,57
5805,-108,38,90,377,4,10,56
5805,-108,52,90,377,4,9,57
5805,-108,41,90,377,5,11,57
5805,-108,46,90,377,5,9,57
5805,-108,67,90,377,4,9,57
5805,-108,42,90,377,5,10,58
5805,-108,69,90,377,5,10,58
5805,-108,41,90,377,4,8,57
5805,-108,43,90,377,4,9,58
5805,-108,41,90,377,4,9,57
5805,-108,52,90,377,4,10,58
5805,-108,48,90,377,5,10,58
5805,-108,50,90,377,4,10,58
5805,-108,43,90,377,5,10,58
5805,-108,56,90,377,3,9,57
5805,-108,66,90,377,5,9,57
5805,-108,51,90,377,5,11,58
5805,-108,56,90,377,3,10,58
5805,-108,54,90,377,4,10,57
5805,-108,63,90,377,5,11,58
5805,-108,48,90,377,3,11,58
5805,-108,35,90,377,4,10,58
5805,-108,39,90,377,4,10,57
5805,-108,39,89,377,5,10,57
5805,-108,49,90,377,5,10,58
5805,-108,63,90,377,5,9,57
5805,-108,44,90,377,4,9,58
5805,-108,66,90,377,3,9,58
5805,-108,48,90,377,5,9,57
5805,-108,57,90,377,5,11,57
5805,-108,53,90,377,3,11,57
5805,-108,56,90,377,3,10,57
5805,-108,53,90,377,5,7,57
5805,-108,33,89,377,6,9,56
5805,-108,40,90,377,4,10,57
5805,-108,66,90,377,4,10,57
5805,-108,46,90,377,5,9,57
5805,-108,50,90,377,5,9,58
5805,-108,44,90,377,4,9,57
5805,-108,55,90,377,3,9,57
5805,-108,60,90,377,5,9,57
5805,-108,45,90,377,5,11,58
5805,-108,61,90,377,5,10,57
5805,-108,31,90,377,5,9,57
5805,-108,56,90,377,4,10,58
5805,-108,37,90,377,4,10,57
5805,-108,46,90,377,4,9,58
5805,-108,51,90,377,4,9,57
5805,-108,63,90,377,5,9,57
5805,-108,56,90,377,5,7,56
5805,-108,44,90,377,5,10,58
5805,-108,60,90,377,5,10,57
5805,-108,55,90,377,5,11,57
5805,-108,65,90,377,4,10,58
5805,-108,54,90,377,5,9,57
5805,-108,58,90,377,5,10,57
5805,-108,44,90,377,5,9,58
5805,-108,53,90,377,3,11,58
5805,-108,51,90,377,4,9,57
5805,-108,57,90,377,5,9,57
5805,-108,54,90,377,4,8,58
5805,-108,59,90,377,5,9,57
5805,-108,50,90,377,6,9,57
5805,-108,64,90,377,2,10,58
5805,-108,35,90,377,5,9,57
5805,-108,48,90,377,4,11,58
5805,-108,41,90,377,5,9,57
5805,-108,47,90,377,5,10,57
5805,-108,52,90,377,4,10,58
5805,-108,75,90,377,4,9,57
5805,-108,72,90,377,4,8,58
5805,-108,46,90,377,5,11,57
5805,-108,49,90,377,4,9,57
5805,-108,44,90,377,5,10,57
5805,-108,49,90,377,5,9,57
5805,-108,35,89,377,5,8,55
5805,-108,49,90,377,4,9,58
5805,-108,61,89,378,5,9,57
5805,-108,48,90,377,3,8,57
5805,-108,49,90,377,5,7,56
5805,-108,33,90,377,4,11,57
5805,-108,73,90,377,4,9,58
5805,-108,48,90,377,5,9,57
5805,-108,47,90,377,5,10,58
5805,-108,28,90,377,4,10,57
5805,-108,41,90,377,6,11,58
5805,-108,44,90,377,5,11,57
5805,-108,39,90,377,4,8,56
5805,-108,68,90,377,4,8,57
5805,-108,32,90,377,4,10,57
5805,-108,47,90,377,5,10,58
5805,-108,66,90,377,4,9,58
5805,-108,46,90,377,4,9,57
5805,-108,29,89,377,5,10,57
5805,-108,34,90,377,5,9,57
5805,-108,64,90,377,5,9,57
5805,-108,58,90,377,4,10,58
5805,-108,56,90,377,6,10,57
5805,-108,63,90,377,3,10,57
5805,-108,48,90,377,5,11,58
5805,-108,47,90,377,4,10,58
5805,-108,42,90,377,6,12,58
5805,-108,54,90,377,4,10,57
5805,-108,31,90,377,4,9,57
5805,-108,51,90,377,5,9,58
5805,-108,58,90,377,5,9,58
5805,-108,64,90,377,4,9,57
5805,-108,53,89,377,5,9,56
5805,-108,50,90,377,3,11,58
5805,-108,60,90,377,3,10,57
5805,-108,55,90,377,4,10,58
5805,-108,54,90,377,5,9,57
5805,-108,58,90,377,4,11,58
5805,-108,39,90,377,3,11,58
5805,-108,51,90,377,4,8,57
5805,-108,37,90,377,3,9,57
5805,-108,60,90,377,5,11,57
5805,-108,37,90,377,4,11,58
5805,-108,61,90,377,3,9,57
5805,-108,57,89,378,5,9,57
5805,-108,58,90,377,5,10,57
5805,-108,38,90,377,6,10,58
5805,-108,59,90,377,4,10,57
5805,-108,39,90,377,3,10,58
5805,-108,43,90,377,4,9,57
5805,-108,49,90,377,4,9,57
5805,-108,38,89,377,5,10,56
5805,-108,57,90,377,4,9,57
5805,-108,46,89,378,5,8,56
5805,-108,49,90,377,4,9,57
5805,-108,52,90,377,5,10,58
5805,-108,48,90,377,6,9,57
5805,-108,44,90,377,6,8,57
5805,-108,54,90,377,4,11,58
5805,-108,37,90,377,4,10,57
5805,-108,55,90,377,6,6,56
5805,-108,54,90,377,4,11,57
5805,-108,67,90,377,4,9,58
5805,-108,54,90,377,4,9,57
5805,-108,40,90,377,4,8,58
5805,-108,44,90,377,4,10,57
5805,-108,47,90,377,5,8,57
5805,-108,58,90,377,5,9,57
5805,-108,76,90,377,5,10,57
5805,-108,63,90,377,5,9,58
5805,-108,45,90,377,5,9,57
5805,-108,47,90,377,4,9,57
5805,-108,54,90,377,4,8,57
5805,-108,61,90,377,3,9,57
5805,-108,34,90,377,3,10,58
5805,-108,49,90,377,5,11,57
5805,-108,57,89,377,5,8,56
5805,-108,65,90,377,4,9,57
5805,-108,42,90,377,5,9,57
5805,-108,35,90,377,5,11,58
5805,-108,50,90,377,4,9,57
5805,-108,43,90,377,4,9,57
5805,-108,64,90,377,5,11,57
5805,-108,47,90,377,5,9,58
5805,-108,47,90,377,3,9,57
5805,-108,67,90,377,5,9,57
5805,-108,66,90,377,4,9,57
5805,-108,53,90,377,3,8,58
5805,-108,60,90,377,4,12,58
5805,-108,66,90,377,5,11,58
5805,-108,32,90,377,4,9,57
5805,-108,43,90,377,4,8,56
5805,-108,49,90,377,3,8,57
5805,-108,41,90,377,5,10,58
5805,-108,52,89,377,3,10,56
5805,-108,39,90,377,4,9,57
5805,-108,52,90,377,3,10,58
5805,-108,49,90,377,6,9,56
5805,-108,46,90,377,4,10,57
5805,-108,51,90,377,4,10,57
5805,-108,40,90,377,5,10,58
5805,-108,57,89,377,6,10,58
5805,-108,56,90,377,6,9,57
5805,-108,57,90,377,5,9,57
5805,-108,59,90,377,5,7,57
5805,-108,49,90,377,3,8,56
5805,-108,41,90,377,5,10,57
5805,-108,46,90,377,5,9,57
5805,-108,44,90,377,3,9,58
5805,-108,54,90,377,4,9,58
5805,-108,64,90,377,5,8,58
5805,-108,43,90,377,4,10,57
5805,-108,68,90,377,4,11,58
5805,-108,54,90,377,4,9,58
5805,-108,41,90,377,4,8,57
5805,-108,51,90,377,5,10,57
5805,-108,42,90,377,5,10,57
5805,-108,39,90,377,3,9,57
5805,-108,53,90,377,5,10,58
5805,-108,48,90,377,3,9,57
5805,-108,41,90,377,4,11,58
5805,-108,46,90,377,4,9,57
5805,-108,50,90,377,3,10,58
5805,-108,61,90,377,4,11,58
5805,-108,40,90,377,4,11,59
5805,-108,49,90,377,5,10,58
5805,-108,48,90,377,2,7,56
5805,-108,42,90,377,5,10,58
5805,-108,40,90,377,4,10,58
5805,-108,66,90,377,5,11,59
5805,-108,53,90,377,4,10,58
5805,-108,39,90,377,6,11,57
5805,-108,46,90,377,4,9,57
5805,-108,43,90,377,4,9,58
5805,-108,51,90,377,5,10,57
5805,-108,56,90,377,4,9,58
5805,-108,51,90,377,4,8,57
5805,-108,61,90,377,4,10,58
5805,-108,46,90,377,3,9,57
5805,-108,53,90,377,5,8,56
5805,-108,36,90,377,4,9,56
5805,-108,46,90,377,4,9,57
5805,-108,59,90,377,6,11,58
5805,-108,52,90,377,4,10,57
5805,-108,49,90,377,3,9,57
5805,-108,66,90,377,5,9,57
5805,-108,57,90,377,4,9,58
5805,-108,49,90,377,6,10,58
5805,-108,55,90,377,4,8,57
5805,-108,40,90,377,4,10,56
5805,-108,35,90,377,3,10,57
5805,-108,55,90,377,6,10,57
5805,-108,38,90,377,4,11,58
5805,-108,37,90,377,4,9,58
5805,-108,63,89,377,6,10,57
5805,-108,61,90,377,5,10,58
5805,-108,63,90,377,5,10,57
5805,-108,64,90,377,4,10,58
5805,-108,60,90,377,5,9,58
5805,-108,39,90,377,5,12,58
5805,-108,62,90,377,5,9,57
5805,-108,48,90,377,5,9,58
5805,-108,38,90,377,5,10,58
5805,-108,58,90,377,4,9,57
5805,-108,52,90,377,4,10,57
5805,-108,34,89,378,5,9,55
5805,-108,39,90,377,5,10,57
5805,-108,57,90,377,4,9,57
5805,-108,67,90,377,5,9,57
5805,-108,58,90,377,4,11,57
5805,-108,57,90,377,4,11,57
5805,-108,63,90,377,4,9,57
5805,-108,50,90,377,3,10,57
5805,-108,61,89,378,5,10,57
5805,-108,45,90,377,4,9,57
5805,-108,36,90,377,4,9,57
5805,-108,33,90,377,5,8,57
5805,-108,44,90,377,5,9,57
5805,-108,49,90,377,5,11,58
5805,-108,67,90,377,3,10,57
5805,-108,66,90,377,4,8,57
5805,-108,64,90,377,5,9,57
5805,-108,62,90,377,4,10,57
5805,-108,58,90,377,5,11,57
5805,-108,54,89,378,5,9,56
5805,-108,54,90,377,4,9,57
5805,-108,44,89,378,5,9,57
5805,-108,44,90,377,4,9,57
5805,-108,47,90,377,5,9,57
5805,-108,50,90,377,4,7,56
5805,-108,46,90,377,4,9,57
5805,-108,34,90,377,5,10,57
5805,-108,46,90,377,4,9,57
5805,-108,52,90,377,5,8,57
5805,-108,55,90,377,4,8,56
5805,-108,44,89,377,5,6,57
5805,-108,53,90,377,4,7,58
5805,-108,67,90,377,3,11,58
5805,-108,59,90,377,4,9,58
5805,-108,59,90,377,5,10,58
5805,-108,53,90,377,4,9,57
5805,-108,66,90,377,4,10,58
5805,-108,54,90,377,6,9,57
5805,-108,50,90,377,3,10,58
5805,-108,61,90,377,5,8,57
5805,-108,37,90,377,4,9,57
5805,-108,60,90,377,4,9,58
5805,-108,50,90,377,5,10,57
5805,-108,67,90,377,4,10,58
5805,-108,49,90,377,4,11,59
5805,-108,52,90,377,5,7,56
5805,-108,44,90,377,4,9,58
5805,-108,57,90,377,6,9,57
5805,-108,56,90,377,5,9,57
5805,-108,50,90,377,5,9,56
5805,-108,61,90,377,4,9,58
5805,-108,63,89,377,5,11,57
5805,-108,54,90,377,4,9,58
5805,-108,51,90,377,6,11,57
5805,-108,64,90,377,3,11,58
5805,-108,40,90,377,3,9,58
5805,-108,36,90,377,4,9,57
5805,-108,78,90,377,5,9,57
5805,-108,78,90,377,4,10,57
5805,-108,36,90,377,4,11,56
5805,-108,53,90,377,5,10,57
5805,-108,32,90,377,5,9,57
5805,-108,59,90,377,3,9,58
5805,-108,55,90,377,3,9,57
5805,-108,45,90,377,5,10,57
5805,-108,54,90,377,4,9,57
5805,-108,58,90,377,5,9,58
5805,-108,48,90,377,5,12,57
5805,-108,41,90,377,4,9,56
5805,-108,40,90,377,4,9,57
5805,-108,42,90,377,5,8,57
5805,-108,44,90,377,4,12,58
5805,-108,57,90,377,5,7,56
5805,-108,54,90,377,4,8,57
5805,-108,53,90,377,4,10,58
5805,-108,59,90,377,4,10,57
5805,-108,64,90,377,5,10,58
5805,-108,56,90,377,3,9,57
5805,-108,63,90,377,4,9,57
5805,-108,64,90,377,4,9,58
5805,-108,49,90,377,4,9,57
5805,-108,54,90,377,4,9,57
5805,-108,44,90,377,5,8,56
5805,-108,61,90,377,3,10,57
5805,-108,39,90,377,5,9,57
5805,-108,62,90,377,4,8,58
5805,-108,66,90,377,4,9,58
5805,-108,67,90,377,4,8,56
5805,-108,55,90,377,4,11,57
5805,-108,55,90,377,4,9,57
5805,-108,52,90,377,5,8,56
5805,-108,60,90,377,4,7,57
5805,-108,45,90,377,4,8,57
5805,-108,61,90,377,5,8,57
5805,-108,67,90,377,4,10,57
5805,-108,65,90,377,5,10,57
5805,-108,42,90,377,4,9,57
5805,-108,44,90,377,4,9,57
5805,-108,52,90,377,5,10,58
5805,-108,70,90,377,5,10,58
5805,-108,56,90,377,4,10,58
5805,-108,61,90,377,3,8,57
5805,-108,50,90,377,3,9,56
5805,-108,45,90,377,3,10,57
5805,-108,52,90,377,5,10,57
5805,-108,50,90,377,5,10,58
5805,-108,66,89,377,5,9,57
5805,-108,64,90,377,5,9,57
5805,-108,68,90,377,5,9,57
5805,-108,52,90,377,4,9,58
5805,-108,49,90,377,4,9,57
5805,-108,65,90,377,5,10,58
5805,-108,55,90,377,5,9,57
5805,-108,51,89,377,5,11,57
5805,-108,56,90,377,5,9,57
5805,-108,50,90,377,5,9,57
5805,-108,50,90,377,4,10,58
5805,-108,53,89,377,6,9,57
5805,-108,29,90,377,3,10,57
5805,-108,36,90,377,4,8,57
5805,-108,57,90,377,5,10,57
5805,-108,48,90,377,4,11,58
5805,-108,51,90,377,5,10,57
5805,-108,40,90,377,4,11,57
5805,-108,60,90,377,5,11,57
5805,-108,47,90,377,4,9,58
5805,-108,57,90,377,4,7,57
5805,-108,50,90,377,6,7,57
5805,-108,46,90,377,6,9,58
5805,-108,61,90,377,4,10,57
5805,-108,59,90,377,5,9,57
5805,-108,61,90,377,5,8,57
5805,-108,55,90,377,5,11,58
5805,-108,52,90,377,3,8,58
5805,-108,61,90,377,5,9,58
5805,-108,55,90,377,5,10,58
5805,-108,47,90,377,3,10,58
5805,-108,41,90,377,4,10,57
5805,-108,59,90,377,6,11,58
5805,-108,48,90,377,5,9,57
5805,-108,44,90,377,5,10,57
5805,-108,51,90,377,5,8,57
5805,-108,60,90,377,4,9,57
5805,-108,45,90,377,5,9,57
5805,-108,55,90,377,5,10,57
5805,-108,59,90,377,6,9,57
5805,-108,43,89,377,5,9,56
5805,-108,41,90,377,4,9,57
5805,-108,59,90,377,5,9,57
5805,-108,62,90,377,4,10,57
5805,-108,38,90,377,5,8,57
5805,-108,59,90,377,5,9,57
5805,-108,62,90,377,3,8,57
5805,-108,62,90,377,4,10,58
5805,-108,63,90,377,5,10,58
5805,-108,65,90,377,5,9,58
5805,-108,51,90,377,5,9,57
5805,-108,48,90,377,5,9,58
5805,-108,41,90,377,5,9,57
5805,-108,43,89,378,6,10,56
5805,-108,39,90,377,4,11,57
5805,-108,36,90,377,5,10,57
5805,-108,55,90,377,6,10,58
5805,-108,38,90,377,5,9,58
5805,-108,53,90,377,5,8,57
5805,-108,41,90,377,4,9,56
5805,-108,48,90,377,4,7,56
5805,-108,35,90,377,4,9,57
5805,-108,50,90,377,4,8,57
5805,-108,49,90,377,5,10,57
5805,-108,52,90,377,5,8,57
5805,-108,58,90,377,5,9,57
5805,-108,36,90,377,5,9,57
5805,-108,60,90,377,5,8,56
5805,-108,46,90,377,5,11,58
5805,-108,49,90,377,4,9,57
5805,-108,34,90,377,4,7,56
5805,-108,65,90,377,5,9,57
5805,-108,42,90,377,4,9,57
5805,-108,51,90,377,5,8,57
5805,-108,52,90,377,5,9,57
5805,-108,35,90,377,5,8,57
5805,-108,55,90,377,5,9,57
5805,-108,42,90,377,4,9,57
5805,-108,49,90,377,4,8,57
5805,-108,44,90,377,4,10,58
5805,-108,57,90,377,5,10,58
5805,-108,33,90,377,5,10,58
5805,-108,43,90,377,4,10,57
5805,-108,64,90,377,5,11,58
5805,-108,53,90,377,4,9,57
5805,-108,55,90,377,4,9,59
5805,-108,55,90,377,4,10,58
5805,-108,76,90,377,5,11,59
5805,-108,56,90,377,5,9,57
5805,-108,51,90,377,4,8,57
5805,-108,64,90,377,5,10,57
5805,-108,52,90,377,4,9,57
5805,-108,54,90,377,5,9,58
5805,-108,37,90,377,4,9,56
5805,-108,56,90,377,4,10,58
5805,-108,65,90,377,3,10,58
5805,-108,39,90,377,3,10,57
5805,-108,52,90,377,3,10,57
5805,-108,56,90,377,3,10,58
5805,-108,42,90,377,3,10,57
5805,-108,35,90,377,5,9,57
5805,-108,54,90,377,3,10,58
5805,-108,54,90,377,4,9,58
5805,-108,35,90,377,5,10,57
5805,-108,52,90,377,2,9,57
5805,-108,54,90,377,5,9,57
5805,-108,40,90,377,4,9,57
5805,-108,37,90,377,3,9,58
5805,-108,48,90,377,6,9,58
5805,-108,67,90,377,4,8,57
5805,-108,45,90,377,5,9,57
5805,-108,53,90,377,5,9,57
5805,-108,39,90,377,5,10,57
5805,-108,64,90,377,4,8,57
5805,-108,47,90,377,6,10,58
5805,-108,53,90,377,5,10,57
5805,-108,67,90,377,3,10,58
5805,-108,48,90,377,6,11,57
5805,-108,47,90,377,5,9,57
5805,-108,58,90,377,5,7,57
5805,-108,51,90,377,5,8,57
5805,-108,60,90,377,3,10,58
5805,-108,42,90,377,5,9,58
5805,-108,35,90,377,3,9,57
5805,-108,58,89,377,6,11,57
5805,-108,47,90,377,4,9,58
5805,-108,64,90,377,4,10,58
5805,-108,57,90,377,5,9,57
5805,-108,59,90,377,5,8,57
5805,-108,47,90,377,5,9,57
5805,-108,44,90,377,5,9,57
5805,-108,65,90,377,5,8,56
5805,-108,52,90,377,4,10,57
5805,-108,56,90,377,5,8,57
5805,-108,44,90,377,3,10,58
5805,-108,58,90,377,4,8,57
5805,-108,40,90,377,4,9,57
5805,-108,40,90,377,4,9,56
5805,-108,58,90,377,3,9,57
5805,-108,34,89,377,5,10,57
5805,-108,56,90,377,4,9,58
5805,-108,55,90,377,6,9,57
5805,-108,51,90,377,5,9,58
5805,-108,52,90,377,5,8,56
5805,-108,42,90,377,4,11,58
5805,-108,46,90,377,5,10,57
5805,-108,54,90,377,2,7,57
5805,-108,50,90,377,5,11,58
5805,-108,49,90,377,6,10,57
5805,-108,71,90,377,5,8,57
5805,-108,57,90,377,6,10,57
5805,-108,69,89,378,7,9,57
5805,-108,45,89,377,5,11,57
5805,-108,47,90,377,4,10,58
5805,-108,27,89,377,5,10,56
5805,-108,57,90,377,4,9,58
5805,-108,56,90,377,5,10,58
5805,-108,39,90,377,5,10,58
5805,-108,46,90,377,4,10,57
5805,-108,52,90,377,5,11,57
5805,-108,54,90,377,4,10,58
5805,-108,53,90,377,4,8,56
5805,-108,44,89,377,5,9,56
5805,-108,54,90,377,5,10,57
5805,-108,36,90,377,3,10,57
5805,-108,39,90,377,5,9,57
5805,-108,60,90,377,4,11,58
5805,-108,37,90,377,4,12,58
5805,-108,43,90,377,3,10,58
5805,-108,56,90,377,4,8,57
5805,-108,45,89,377,5,7,55
5805,-108,44,90,377,4,12,58
5805,-108,50,90,377,4,10,58
5805,-108,58,90,377,5,8,57
5805,-108,71,90,377,4,9,58
5805,-108,48,90,377,5,11,58
5805,-108,30,90,377,4,9,57
5805,-108,63,90,377,4,10,58
5805,-108,32,90,377,4,8,57
5805,-108,57,90,377,5,11,57
5805,-108,56,90,377,6,6,58
5805,-108,48,90,377,4,7,57
5805,-108,41,90,377,4,10,58
5805,-108,58,90,377,6,9,57
5805,-108,52,90,377,4,9,57
5805,-108,46,90,377,4,9,57
5805,-108,54,90,377,4,8,57
5805,-108,59,90,377,5,8,58
5805,-108,64,90,377,5,10,58
5805,-108,43,90,377,5,9,57
5805,-108,52,90,377,4,10,58
5805,-108,54,90,377,4,11,58
5805,-108,56,90,377,5,10,58
5805,-108,50,90,377,4,9,57
5805,-108,63,90,377,3,7,56
5805,-108,51,90,377,5,8,57
5805,-108,57,90,377,5,12,58
5805,-108,46,90,377,4,11,57
5805,-108,40,90,377,5,8,57
5805,-108,52,90,377,5,10,58
5805,-108,58,90,377,6,10,58
5805,-108,70,90,377,5,10,57
5805,-108,45,90,377,5,10,57
5805,-108,44,90,377,6,10,57
5805,-108,58,90,377,3,9,58
5805,-108,52,90,377,4,9,58
5805,-108,52,90,377,5,8,57
5805,-108,55,90,377,4,9,58
5805,-108,53,90,377,4,10,58
5805,-108,44,90,377,6,10,57
5805,-108,45,90,377,5,10,57
5805,-108,40,90,377,5,10,58
5805,-108,44,90,377,4,11,58
5805,-108,37,90,377,4,7,58
5805,-108,56,90,377,4,10,58
5805,-108,58,90,377,4,9,57
5805,-108,67,90,377,4,12,57
5805,-108,36,90,377,4,9,57
5805,-108,39,90,377,5,7,56
5805,-108,66,90,377,3,8,57
5805,-108,45,90,377,5,11,58
5805,-108,45,90,377,5,10,59
5805,-108,39,90,377,5,9,57
5805,-108,51,90,377,5,11,57
5805,-108,44,90,377,4,9,57
5805,-108,60,90,377,4,9,57
5805,-108,41,90,377,4,9,57
5805,-108,46,90,377,5,10,58
5805,-108,52,90,377,5,10,57
5805,-108,59,90,377,4,11,57
5805,-108,64,90,377,4,10,57
5805,-108,58,90,377,3,9,58
5805,-108,60,90,377,5,10,58
5805,-108,57,90,377,4,9,57
5805,-108,46,90,377,5,12,57
5805,-108,51,90,377,3,10,57
5805,-108,48,89,377,5,10,56
5805,-108,33,90,377,4,10,57
5805,-108,46,90,377,4,9,57
5805,-108,39,90,377,5,11,58
5805,-108,43,90,377,5,9,57
5805,-108,53,90,377,5,10,57
5805,-108,57,90,377,5,8,56
5805,-108,58,90,377,5,9,57
5805,-108,49,88,379,6,11,56
5805,-108,42,90,377,5,11,57
5805,-108,48,90,377,4,9,58
5805,-108,47,90,377,4,11,58
5805,-108,55,90,377,4,10,58
5805,-108,31,90,377,4,10,57
5805,-108,55,90,377,4,9,57
5805,-108,50,90,377,4,10,58
5805,-108,45,90,377,4,10,57
5805,-108,41,90,377,5,10,57
5805,-108,71,90,377,4,9,57
5805,-108,57,90,377,5,10,58
5805,-108,42,90,377,4,10,58
5805,-108,44,90,377,5,9,57
5805,-108,53,90,377,5,8,57
5805,-108,42,90,377,5,9,57
5805,-108,40,90,377,5,12,58
5805,-108,51,90,377,5,9,57
5805,-108,67,90,377,4,12,58
5805,-108,48,90,377,5,9,57
5805,-108,31,90,377,3,11,57
5805,-108,41,90,377,2,11,58
5805,-108,55,90,377,4,9,57
5805,-108,56,90,377,4,9,57
5805,-108,46,90,377,5,10,58
5805,-108,51,90,377,5,9,58
5805,-108,56,90,377,4,8,58
5805,-108,45,90,377,4,9,57
5805,-108,40,90,377,5,9,57
5805,-108,37,90,377,4,10,57
5805,-108,35,90,377,5,11,57
5805,-108,44,90,377,5,6,57
5805,-108,41,90,377,4,9,57
5805,-108,61,90,377,4,8,57
5805,-108,44,89,378,5,11,57
5805,-108,57,90,377,5,9,57
5805,-108,45,90,377,4,10,58
5805,-108,36,90,377,5,9,57
5805,-108,68,90,377,5,8,57
5805,-108,51,90,377,3,9,57
5805,-108,29,90,377,4,9,57
5805,-108,36,90,377,4,10,58
5805,-108,40,90,377,5,10,57
5805,-108,49,90,377,4,10,57
5805,-108,49,90,377,6,8,57
5805,-108,59,90,377,5,9,58
5805,-108,49,90,377,4,10,58
5805,-108,56,90,377,5,10,57
5805,-108,57,90,377,4,9,57
5805,-108,48,90,377,5,9,57
5805,-108,44,90,377,4,9,58
5805,-108,42,90,377,6,9,57
5805,-108,43,90,377,5,9,57
5805,-108,51,90,377,4,10,57
5805,-108,58,90,377,4,9,57
5805,-108,56,90,377,5,9,57
5805,-108,41,90,377,5,10,57
5805,-108,40,90,377,3,8,56
5805,-108,46,90,377,5,10,58
5805,-108,53,90,377,6,10,58
5805,-108,51,89,377,5,10,57
5805,-108,55,90,377,4,10,58
5805,-108,34,90,377,4,10,58
5805,-108,49,90,377,3,10,57
5805,-108,71,90,377,4,8,57
5805,-108,42,90,377,6,11,57
5805,-108,54,89,377,4,9,56
5805,-108,59,90,377,5,9,58
5805,-108,45,90,377,3,8,57
5805,-108,47,90,377,4,8,57
5805,-108,41,90,377,5,8,56
5805,-108,52,90,377,6,9,57
5805,-108,52,90,377,3,9,58
5805,-108,36,90,377,6,11,58
5805,-108,45,90,377,5,9,57
5805,-108,39,90,377,3,11,57
5805,-108,56,90,377,5,8,58
5805,-108,40,90,377,5,9,57
5805,-108,44,90,377,4,8,57
5805,-108,54,90,377,4,9,58
5805,-108,50,90,377,4,9,57
5805,-108,57,90,377,5,9,58
5805,-108,50,90,377,5,10,57
5805,-108,67,90,377,4,9,58
5805,-108,46,90,377,3,10,57
5805,-108,39,90,377,5,10,57
5805,-108,54,90,377,4,8,57
5805,-108,42,90,377,5,10,57
5805,-108,40,90,377,4,10,58
5805,-108,77,90,377,4,8,58
5805,-108,39,90,377,4,8,56
5805,-108,60,90,377,4,9,57
5805,-108,50,90,377,4,9,57
5805,-108,65,90,377,5,7,57
5805,-108,41,90,377,4,9,57
5805,-108,43,90,377,4,9,56
5805,-108,39,90,377,5,10,57
5805,-108,53,90,377,4,9,57
5805,-108,52,90,377,4,8,57
5805,-108,31,90,377,4,11,58
5805,-108,34,90,377,4,9,57
5805,-108,55,90,377,4,9,56
5805,-108,54,90,377,5,10,57
5805,-108,60,90,377,4,10,58
5805,-108,50,90,377,5,10,58
5805,-108,46,90,377,7,8,57
5805,-108,44,90,377,4,8,57
5805,-108,39,90,377,3,10,58
5805,-108,44,90,377,5,11,58
5805,-108,63,90,377,6,9,58
5805,-108,63,90,377,5,10,59
5805,-108,61,90,377,5,10,58
5805,-108,58,90,377,6,10,58
5805,-108,51,90,377,4,10,57
5805,-108,59,90,377,5,10,58
5805,-108,48,90,377,3,11,58
5805,-108,55,90,377,4,9,57
5805,-108,42,90,377,4,9,56
5805,-108,35,90,377,4,9,57
5805,-108,68,90,377,4,9,58
5805,-108,52,90,377,4,9,57
5805,-108,52,90,377,6,9,57
5805,-108,41,90,377,5,10,57
5805,-108,49,90,377,3,9,58
5805,-108,54,90,377,3,10,58
5805,-108,37,90,377,6,10,57
5805,-108,51,90,377,5,9,57
5805,-108,51,90,377,5,8,58
5805,-108,43,90,377,4,10,58
5805,-108,39,90,377,4,9,58
5805,-108,45,90,377,5,11,59
5805,-108,48,90,377,5,9,58
5805,-108,59,90,377,4,11,58
5805,-108,59,90,377,4,9,57
5805,-108,55,90,377,4,9,57
5805,-108,63,90,377,4,9,57
5805,-108,33,89,377,6,10,57
5805,-108,49,90,377,4,9,57
5805,-108,61,90,377,3,11,57
5805,-108,42,89,377,5,10,56
5805,-108,44,90,377,4,9,57
5805,-108,52,90,377,5,11,57
5805,-108,48,90,377,4,10,58
5805,-108,55,90,377,4,9,56
5805,-108,66,90,377,3,10,58
5805,-108,61,90,377,6,10,58
5805,-108,43,90,377,5,10,57
5805,-108,39,90,377,6,10,57
5805,-108,58,90,377,4,10,58
5805,-108,51,90,377,4,10,58
5805,-108,51,90,377,5,9,58
5805,-108,56,90,377,4,8,57
5805,-108,39,90,377,5,11,57
5805,-108,60,90,377,4,10,58
5805,-108,53,90,377,4,8,57
5805,-108,68,90,377,6,9,57
5805,-108,61,90,377,5,10,58
5805,-108,50,90,377,6,12,58
5805,-108,56,90,377,5,8,57
5805,-108,60,90,377,5,10,58
5805,-108,56,90,377,4,9,57
5805,-108,37,90,377,5,9,57
5805,-108,68,90,377,4,10,57
5805,-108,44,90,377,6,10,58
5805,-108,49,90,377,4,8,57
5805,-108,50,90,377,6,9,57
5805,-108,56,90,377,5,8,56
5805,-108,47,90,377,4,9,58
5805,-108,66,90,377,4,10,58
5805,-108,57,90,377,4,8,57
5805,-108,46,90,377,4,9,57
5805,-108,41,90,377,4,10,57
5805,-108,30,90,377,5,9,58
5805,-108,43,90,377,5,8,57
5805,-108,23,89,377,4,7,56
5805,-108,51,90,377,5,10,58
5805,-108,46,90,377,4,9,57
5805,-108,41,90,377,4,9,57
5805,-108,48,89,378,6,9,56
5805,-108,44,90,377,4,9,57
5805,-108,40,90,377,3,10,57
5805,-108,51,90,377,3,10,57
5805,-108,58,90,377,6,10,58
5805,-108,48,90,377,5,9,57
5805,-108,65,90,377,3,10,57
5805,-108,50,90,377,4,8,57
5805,-108,43,90,377,5,10,57
5805,-108,44,90,377,4,8,57
5805,-108,58,90,377,5,7,57
5805,-108,55,90,377,4,11,59
5805,-108,30,90,377,5,9,56
5805,-108,51,90,377,3,9,57
5805,-108,54,90,377,5,9,58
5805,-108,44,90,377,6,9,57
5805,-108,51,89,377,4,9,56
5805,-108,58,90,377,5,10,57
5805,-108,46,90,377,5,8,56
5805,-108,55,90,377,4,11,58
5805,-108,41,90,377,3,9,57
5805,-108,57,90,377,5,10,57
5805,-108,44,90,377,5,10,58
5805,-108,62,90,377,4,8,57
5805,-108,55,90,377,3,10,56
5805,-108,52,90,377,4,8,58
5805,-108,63,90,377,4,10,58
5805,-108,50,90,377,5,9,59
5805,-108,46,90,377,4,9,57
5805,-108,53,90,377,5,10,57
5805,-108,35,90,377,5,9,57
5805,-108,48,90,377,5,9,57
5805,-108,39,90,377,5,11,57
5805,-108,47,90,377,4,8,57
5805,-108,39,90,377,4,9,57
5805,-108,56,90,377,4,9,58
5805,-108,47,90,377,4,11,58
5805,-108,63,90,377,4,11,58
5805,-108,49,90,377,4,10,58
5805,-108,40,90,377,6,9,58
5805,-108,52,90,377,4,9,57
5805,-108,72,90,377,4,8,57
5805,-108,53,90,377,5,10,57
5805,-108,58,90,377,4,11,59
5805,-108,44,89,377,5,9,56
5805,-108,53,90,377,5,10,58
5805,-108,43,90,377,5,9,56
5805,-108,49,90,377,4,9,58
5805,-108,55,90,377,4,10,57
5805,-108,65,90,377,4,9,57
5805,-108,63,89,377,6,8,56
5805,-108,54,90,377,4,8,56
5805,-108,59,89,377,5,9,57
5805,-108,67,90,377,4,9,58
5805,-108,56,90,377,5,10,57
5805,-108,52,90,377,4,9,57
5805,-108,45,90,377,4,10,58
5805,-108,53,90,377,5,9,57
5805,-108,44,90,377,4,10,58
5805,-108,47,90,377,5,9,58
5805,-108,41,90,377,5,9,57
5805,-108,65,90,377,4,10,58
5805,-108,50,90,377,5,7,57
5805,-108,45,90,377,4,9,58
5805,-108,50,90,377,5,8,57
5805,-108,54,90,377,5,11,58
5805,-108,50,90,377,4,10,57
5805,-108,58,90,377,4,10,58
5805,-108,62,90,377,5,11,58
5805,-108,54,90,377,6,9,57
5805,-108,56,90,377,4,9,56
5805,-108,44,90,377,4,9,58
5805,-108,60,90,377,4,10,57
5805,-108,43,90,377,5,11,57
5805,-108,39,90,377,5,11,57
5805,-108,56,90,377,4,9,57
5805,-108,53,90,377,4,10,58
5805,-108,77,90,377,5,10,58
5805,-108,41,90,377,5,9,57
5805,-108,53,90,377,5,9,58
5805,-108,61,90,377,6,9,57
5805,-108,68,90,377,5,7,57
5805,-108,61,90,377,5,9,58
5805,-108,53,90,377,3,9,57
5805,-108,49,90,377,5,10,58
5805,-108,45,90,377,5,11,58
5805,-108,62,90,377,5,8,58
5805,-108,61,90,377,4,11,58
5805,-108,52,90,377,3,9,57
5805,-108,44,90,377,4,9,57
5805,-108,44,90,377,5,10,58
5805,-108,52,90,377,4,11,57
5805,-108,49,90,377,4,11,57
5805,-108,64,90,377,5,10,58
5805,-108,57,90,377,4,8,58
5805,-108,49,90,377,4,10,58
5805,-108,68,90,377,4,11,58
5805,-108,55,90,377,5,8,57
5805,-108,62,90,377,4,9,57
5805,-108,58,90,377,5,7,56
5805,-108,45,90,377,4,9,57
5805,-108,51,90,377,4,9,58
5805,-108,41,90,377,6,9,57
5805,-108,43,89,378,6,8,56
5805,-108,58,90,377,5,9,57
5805,-108,44,90,377,4,8,57
5805,-108,52,90,377,4,9,58
5805,-108,51,90,377,4,10,58
5805,-108,64,90,377,5,8,57
5805,-108,37,90,377,6,10,57
5805,-108,44,90,377,6,8,57
5805,-108,56,90,377,4,9,57
5805,-108,54,90,377,5,9,57
5805,-108,73,90,377,5,10,58
5805,-108,55,90,377,5,9,57
5805,-108,52,90,377,6,9,58
5805,-108,47,90,377,5,10,57
5805,-108,42,90,377,3,9,57
5805,-108,55,90,377,5,8,57
5805,-108,58,90,377,4,9,58
5805,-108,40,90,377,4,9,57
5805,-108,60,90,377,4,11,58
5805,-108,35,90,377,4,10,58
5805,-108,69,90,377,4,7,57
5805,-108,40,90,377,5,10,57
5805,-108,54,90,377,4,8,57
5805,-108,42,90,377,5,9,57
5805,-108,44,90,377,5,8,56
5805,-108,51,90,377,6,8,58
5805,-108,44,90,377,4,10,58
5805,-108,59,90,377,4,9,58
5805,-108,50,90,377,5,10,58
5805,-108,51,90,377,4,10,57
5805,-108,56,90,377,5,11,58
5805,-108,62,90,377,5,9,57
5805,-108,61,90,377,5,9,57
5805,-108,56,89,377,5,9,57
5805,-108,63,90,377,4,10,58
5805,-108,62,90,377,4,11,58
5805,-108,56,90,377,4,10,58
5805,-108,61,89,377,5,9,57
5805,-108,49,90,377,3,9,57
5805,-108,35,90,377,4,9,57
5805,-108,59,90,377,3,10,58
5805,-108,55,90,377,5,9,58
5805,-108,35,90,377,4,10,57
5805,-108,52,90,377,4,10,58
5805,-108,65,90,377,4,9,57
5805,-108,40,90,377,4,9,57
5805,-108,63,90,377,4,9,58
5805,-108,51,90,377,5,10,57
5805,-108,47,90,377,4,9,58
5805,-108,43,90,377,6,10,58
5805,-108,54,89,378,6,8,56
5805,-108,64,90,377,4,10,57
5805,-108,44,90,377,4,10,57
5805,-108,55,90,377,3,9,58
5805,-108,67,90,377,5,10,57
5805,-108,55,90,377,4,10,58
5805,-108,58,90,377,5,9,57
5805,-108,63,90,377,3,11,57
5805,-108,46,90,377,4,9,57
5805,-108,49,90,377,3,10,58
5805,-108,43,90,377,6,9,57
5805,-108,48,89,377,5,9,57
5805,-108,53,90,377,4,9,57
5805,-108,60,90,377,4,8,57
5805,-108,53,90,377,5,9,57
5805,-108,57,90,377,5,9,57
5805,-108,61,90,377,5,9,58
5805,-108,70,90,377,5,9,57
5805,-108,54,90,377,5,8,57
5805,-108,52,90,377,4,9,57
5805,-108,52,90,377,3,7,56
5805,-108,39,90,377,6,8,57
5805,-108,39,90,377,4,8,56
5805,-108,52,89,377,4,8,56
5805,-108,51,90,377,5,8,57
5805,-108,59,90,377,6,11,57
5805,-108,27,89,377,4,7,55
5805,-108,53,90,377,4,9,58
5805,-108,58,90,377,5,10,58
5805,-108,43,89,377,3,11,57
5805,-108,47,90,377,4,9,58
5805,-108,50,90,377,4,11,58
5805,-108,44,90,377,4,9,58
5805,-108,34,90,377,5,10,57
5805,-108,52,90,377,4,9,57
5805,-108,37,90,377,5,9,57
5805,-108,50,90,377,4,8,57
5805,-108,43,90,377,3,9,57
5805,-108,40,90,377,5,9,57
5805,-108,50,90,377,4,10,58
5805,-108,42,90,377,4,9,57
5805,-108,40,90,377,5,10,57
5805,-108,43,90,377,4,9,58
5805,-108,36,90,377,5,9,56
5805,-108,55,90,377,4,10,57
5805,-108,58,90,377,4,10,57
5805,-108,53,90,377,3,11,58
5805,-108,52,90,377,5,8,58
5805,-108,64,90,377,4,9,57
5805,-108,56,90,377,5,9,57
5805,-108,76,90,377,4,9,57
5805,-108,62,90,377,5,9,58
5805,-108,60,89,377,5,9,57
5805,-108,63,90,377,4,10,58
5805,-108,59,90,377,3,10,57
5805,-108,50,90,377,6,10,58
5805,-108,57,90,377,3,9,57
5805,-108,48,90,377,5,9,57
5805,-108,55,90,377,5,10,56
5805,-108,52,90,377,4,10,58
5805,-108,52,90,377,4,10,57
5805,-108,56,90,377,3,9,57
5805,-108,60,90,377,6,9,57
5805,-108,57,90,377,4,10,57
5805,-108,40,90,377,4,11,58
5805,-108,46,90,377,5,11,58
5805,-108,37,90,377,5,9,57
5805,-108,59,90,377,4,9,57
5805,-108,60,90,377,5,10,58
5805,-108,51,90,377,4,9,58
5805,-108,56,89,377,5,8,57
5805,-108,55,90,377,4,11,58
5805,-108,58,90,377,5,10,58
5805,-108,44,90,377,5,10,57
5805,-108,63,90,377,5,9,58
5805,-108,66,90,377,4,9,58
5805,-108,49,90,377,4,9,57
5805,-108,42,90,377,4,8,57
5805,-108,69,90,377,5,10,58
5805,-108,67,90,377,3,9,57
5805,-108,44,90,377,4,10,58
5805,-108,51,90,377,4,11,58
5805,-108,76,90,377,3,8,58
5805,-108,44,90,377,6,8,57
5805,-108,61,90,377,4,10,58
5805,-108,62,90,377,5,10,57
5805,-108,69,90,377,6,11,57
5805,-108,51,90,377,5,10,58
5805,-108,57,90,377,4,9,57
5805,-108,55,90,377,4,10,57
5805,-108,39,90,377,5,10,57
5805,-108,60,90,377,5,9,57
5805,-108,61,90,377,4,11,58
5805,-108,50,90,377,4,9,57
5805,-108,51,90,377,5,9,57
5805,-108,51,90,377,3,8,57
5805,-108,46,90,377,5,10,58
5805,-108,52,90,377,5,9,57
5805,-108,64,90,377,4,10,58
5805,-108,71,90,377,3,11,58
5805,-108,56,90,377,4,8,56
5805,-108,48,90,377,5,10,58
5805,-108,53,90,377,3,9,57
5805,-108,40,89,377,4,9,56
5805,-108,59,90,377,5,9,58
5805,-108,55,90,377,5,9,57
5805,-108,59,90,377,5,9,57
5805,-108,42,90,377,5,10,58
5805,-108,58,90,377,3,11,59
5805,-108,36,90,377,5,11,58
5805,-108,63,90,377,5,9,57
5805,-108,51,90,377,3,9,57
5805,-108,58,90,377,5,9,57
5805,-108,70,90,377,4,10,58
5805,-108,44,90,377,4,12,58
5805,-108,43,89,378,5,9,56
5805,-108,60,90,377,4,8,56
5805,-108,61,90,377,5,9,57
5805,-108,39,90,377,5,9,57
5805,-108,53,90,377,4,9,58
5805,-108,59,90,377,5,8,57
5805,-108,54,90,377,3,9,58
5805,-108,58,90,377,4,9,58
5805,-108,42,90,377,4,10,58
5805,-108,65,90,377,5,10,58
5805,-108,33,90,377,4,8,56
5805,-108,50,90,377,5,8,57
5805,-108,43,90,377,5,10,57
5805,-108,50,90,377,4,11,57
5805,-108,68,90,377,4,9,57
5805,-108,57,90,377,5,9,57
5805,-108,67,90,377,4,9,58
5805,-108,56,90,377,5,8,57
5805,-108,59,90,377,4,12,58
5805,-108,58,90,377,6,9,57
5805,-108,64,90,377,5,10,59
5805,-108,51,90,377,5,9,57
5805,-108,40,90,377,7,10,58
5805,-108,63,90,377,5,10,57
5805,-108,61,90,377,4,10,58
5805,-108,53,90,377,3,10,58
5805,-108,56,90,377,4,9,56
5805,-108,66,90,377,4,11,59
5805,-108,48,90,377,5,10,58
5805,-108,72,90,377,4,9,57
5805,-108,30,90,377,4,9,56
5805,-108,63,90,377,5,10,57
5805,-108,69,90,377,5,9,57
5805,-108,46,90,377,5,9,57
5805,-108,51,90,377,6,8,57
5805,-108,51,90,377,5,9,57
5805,-108,53,89,377,5,9,56
5805,-108,43,90,377,4,9,57
5805,-108,61,90,377,5,11,58
5805,-108,51,90,377,5,8,57
5805,-108,52,90,377,4,10,57
5805,-108,40,90,377,5,10,58
5805,-108,67,90,377,4,9,58
5805,-108,46,90,377,3,10,57
5805,-108,59,90,377,4,9,58
5805,-108,56,90,377,3,9,57
5805,-108,33,90,377,4,10,57
5805,-108,63,90,377,5,10,57
5805,-108,34,90,377,5,10,57
5805,-108,78,90,377,5,9,58
5805,-108,50,90,377,5,11,58
5805,-108,52,90,377,4,8,57
5805,-108,64,90,377,4,11,58
5805,-108,48,90,377,4,9,57
5805,-108,38,90,377,4,10,57
5805,-108,47,90,377,5,9,57
5805,-108,65,90,377,4,9,58
5805,-108,65,90,377,4,9,58
5805,-108,65,90,377,4,10,57
5805,-108,52,90,377,5,10,58
5805,-108,67,90,377,4,10,58
5805,-108,57,90,377,4,9,57
5805,-108,47,90,377,3,9,57
5805,-108,48,90,377,5,9,56
5805,-108,63,90,377,4,10,58
5805,-108,36,90,377,4,10,58
5805,-108,53,90,377,5,11,57
5805,-108,53,90,377,6,10,58
5805,-108,49,90,377,5,11,58
5805,-108,59,90,377,3,9,57
5805,-108,57,90,377,6,9,57
5805,-108,56,90,377,4,10,58
5805,-108,55,90,377,4,10,58
5805,-108,53,90,377,6,10,57
5805,-108,54,90,377,3,10,57
5805,-108,48,90,377,5,9,57
5805,-108,53,90,377,4,10,57
5805,-108,58,90,377,5,10,59
5805,-108,66,90,377,5,9,58
5805,-108,48,90,377,4,10,58
5805,-108,53,90,377,4,10,57
5805,-108,49,90,377,4,9,58
5805,-108,47,90,377,5,11,57
5805,-108,63,90,377,5,9,58
5805,-108,53,90,377,6,10,57
5805,-108,63,90,377,3,9,57
5805,-108,61,90,377,4,10,58
5805,-108,41,90,377,5,12,57
5805,-108,60,90,377,4,8,58
5805,-108,71,90,377,6,9,58
5805,-108,43,90,377,4,9,57
5805,-108,61,90,377,5,9,57
5805,-108,48,90,377,4,10,58
5805,-108,41,90,377,5,11,58
5805,-108,64,90,377,6,12,58
5805,-108,34,90,377,4,10,57
5805,-108,61,90,377,5,10,58
5805,-108,51,90,377,5,11,58
5805,-108,52,90,377,6,10,57
5805,-108,53,90,377,4,10,58
5805,-108,65,90,377,3,11,57
5805,-108,74,90,377,5,10,58
5805,-108,50,90,377,6,11,58
5805,-108,45,90,377,5,9,57
5805,-108,51,90,377,4,8,57
5805,-108,61,90,377,4,11,58
5805,-108,56,90,377,5,9,57
5805,-108,75,90,377,6,9,58
5805,-108,44,90,377,5,10,57
5805,-108,77,90,377,4,10,58
5805,-108,51,90,377,4,11,58
5805,-108,48,90,377,5,8,58
5805,-108,41,90,377,5,9,57
5805,-108,38,90,377,5,8,57
5805,-108,49,89,377,5,9,56
5805,-108,69,90,377,4,9,58
5805,-108,37,90,377,2,8,57
5805,-108,60,90,377,4,9,57
5805,-108,45,90,377,5,9,57
5805,-108,68,90,377,5,10,58
5805,-108,62,90,377,5,10,58
5805,-108,65,90,377,3,8,57
5805,-108,48,90,377,4,8,57
5805,-108,42,90,377,6,11,59
5805,-108,32,90,377,4,11,57
5805,-108,53,90,377,5,9,58
5805,-108,58,90,377,5,9,57
5805,-108,58,90,377,5,9,57
5805,-108,60,90,377,3,8,57
5805,-108,58,90,377,5,8,57
5805,-108,57,90,377,5,10,58
5805,-108,49,90,377,4,9,56
5805,-108,50,90,377,3,11,59
5805,-108,43,90,377,3,9,57
5805,-108,51,90,377,5,7,56
5805,-108,57,90,377,6,8,58
5805,-108,72,90,377,4,9,57
5805,-108,62,89,378,5,9,56
5805,-108,59,90,377,5,9,57
5805,-108,42,90,377,4,9,57
5805,-108,51,90,377,5,9,58
5805,-108,74,90,377,4,9,57
5805,-108,40,90,377,5,10,58
5805,-108,66,90,377,4,10,58
5805,-108,54,90,377,3,11,57
5805,-108,49,90,377,5,9,58
5805,-108,58,90,377,5,8,57
5805,-108,49,90,377,5,10,58
5805,-108,28,90,377,5,11,57
5805,-108,49,90,377,5,8,58
5805,-108,64,90,377,5,10,58
5805,-108,49,90,377,5,11,57
5805,-108,33,90,377,4,8,57
5805,-108,55,90,377,6,9,58
5805,-108,44,90,377,5,9,57
5805,-108,52,90,377,3,10,58
5805,-108,46,90,377,4,9,57
5805,-108,57,90,377,4,11,57
5805,-108,46,90,377,5,9,57
5805,-108,45,89,378,6,10,56
5805,-108,49,90,377,4,9,57
5805,-108,60,90,377,4,9,57
5805,-108,60,90,377,4,9,58
5805,-108,55,90,377,5,9,57
5805,-108,64,90,377,4,8,57
5805,-108,41,90,377,4,10,59
5805,-108,56,90,377,4,8,57
5805,-108,59,90,377,4,8,58
5805,-108,59,90,377,4,10,58
5805,-108,47,90,377,5,11,59
5805,-108,57,90,377,4,9,57
5805,-108,40,90,377,4,8,58
5805,-108,47,90,377,5,9,57
5805,-108,43,90,377,6,8,56
5805,-108,71,90,377,4,11,57
5805,-108,66,90,377,5,8,57
5805,-108,48,90,377,3,10,57
5805,-108,47,90,377,4,8,57
5805,-108,56,90,377,5,10,58
5805,-108,52,90,377,6,10,56
5805,-108,42,90,377,5,10,58
5805,-108,56,90,377,5,10,58
5805,-108,54,90,377,5,10,57
5805,-108,62,90,377,4,9,58
5805,-108,83,90,377,4,10,58
5805,-108,44,90,377,3,10,57
5805,-108,55,89,377,5,9,57
5805,-108,37,90,377,4,6,57
5805,-108,61,90,377,5,9,57
5805,-108,42,88,378,5,10,56
5805,-108,49,90,377,5,7,58
5805,-108,43,90,377,4,10,57
5805,-108,50,90,377,4,9,57
5805,-108,55,90,377,3,11,58
5805,-108,50,90,377,4,9,57
5805,-108,49,90,377,4,11,57
5805,-108,77,90,377,5,9,58
5805,-108,43,90,377,4,9,57
5805,-108,56,90,377,4,10,57
5805,-108,61,90,377,5,9,57
5805,-108,55,90,377,3,11,58
5805,-108,49,90,377,4,10,56
5805,-108,55,90,377,5,9,57
5805,-108,76,90,377,5,10,57
5805,-108,43,90,377,4,9,57
5805,-108,59,90,377,4,9,58
5805,-108,50,90,377,4,9,57
5805,-108,55,90,377,6,8,56
5805,-108,46,90,377,5,10,58
5805,-108,42,89,377,5,9,57
5805,-108,50,90,377,5,11,57
5805,-108,61,90,377,4,9,57
5805,-108,41,90,377,5,12,58
5805,-108,54,90,377,4,10,57
5805,-108,54,90,377,6,8,58
5805,-108,41,90,377,5,8,57
5805,-108,73,90,377,4,10,58
5805,-108,49,90,377,5,10,57
5805,-108,59,90,377,3,9,56
5805,-108,58,90,377,6,9,57
5805,-108,45,90,377,4,9,57
5805,-108,48,90,377,5,9,57
5805,-108,38,90,377,5,10,58
5805,-108,51,90,377,6,9,57
5805,-108,54,90,377,4,9,57
5805,-108,57,90,377,4,9,57
5805,-108,43,90,377,4,10,57
5805,-108,44,90,377,4,9,57
5805,-108,67,90,377,5,9,58
5805,-108,45,90,377,5,7,57
5805,-108,42,90,377,4,11,59
5805,-108,65,90,377,5,8,56
5805,-108,45,90,377,4,8,57
5805,-108,67,90,377,4,9,57
5805,-108,53,90,377,4,10,57
5805,-108,49,90,377,6,11,58
5805,-108,37,90,377,5,11,58
5805,-108,41,90,377,4,9,57
5805,-108,53,90,377,4,9,57
5805,-108,59,90,377,4,9,57
5805,-108,47,89,377,7,11,58
5805,-108,30,89,377,5,9,56
5805,-108,52,90,377,3,10,57
5805,-108,53,90,377,3,9,57
5805,-108,59,90,377,3,10,58
5805,-108,44,89,377,4,9,56
5805,-108,42,90,377,4,10,58
5805,-108,56,90,377,4,11,58
5805,-108,52,90,377,4,9,57
5805,-108,52,90,377,5,10,58
5805,-108,44,90,377,4,10,58
5805,-108,68,90,377,4,10,57
5805,-108,60,90,377,3,12,58
5805,-108,52,90,377,4,10,57
5805,-108,60,90,377,5,10,57
5805,-108,36,89,377,5,10,57
5805,-108,35,90,377,3,9,57
5805,-108,55,90,377,4,8,57
5805,-108,48,90,377,5,9,56
5805,-108,43,90,377,5,10,57
5805,-108,71,90,377,6,9,58
5805,-108,74,90,377,4,11,57
5805,-108,39,90,377,5,9,57
5805,-108,56,90,377,3,10,57
5805,-108,50,89,377,5,9,56
5805,-108,49,90,377,5,11,58
5805,-108,55,90,377,5,9,57
5805,-108,65,90,377,3,10,57
5805,-108,48,90,377,5,9,57
5805,-108,52,90,377,6,10,57
5805,-108,51,90,377,5,8,57
5805,-108,53,90,377,4,10,57
5805,-108,43,90,377,3,11,58
5805,-108,50,90,377,5,9,56
5805,-108,56,90,377,4,8,57
5805,-108,60,90,377,4,8,57
5805,-108,56,90,377,4,9,57
5805,-108,50,90,377,5,9,57
5805,-108,56,90,377,4,10,57
5805,-108,35,90,377,4,10,58
5805,-108,60,90,377,5,11,59
5805,-108,52,90,377,4,10,57
5805,-108,56,90,377,4,9,58
5805,-108,59,90,377,5,9,57
5805,-108,67,90,377,4,9,57
5805,-108,51,90,377,4,8,56
5805,-108,38,90,377,4,8,56
5805,-108,54,90,377,6,9,57
5805,-108,62,90,377,3,9,58
5805,-108,73,90,377,3,9,58
5805,-108,61,90,377,5,11,57
5805,-108,66,90,377,5,9,58
5805,-108,57,90,377,4,10,57
5805,-108,38,90,377,5,8,57
5805,-108,47,90,377,5,10,57
5805,-108,41,90,377,4,11,57
5805,-108,44,90,377,4,7,56
5805,-108,66,90,377,5,8,57
5805,-108,47,90,377,4,9,57
5805,-108,52,90,377,4,9,57
5805,-108,62,90,377,4,10,57
5805,-108,35,90,377,5,10,58
5805,-108,49,90,377,5,10,58
5805,-108,39,90,377,4,9,57
5805,-108,52,90,377,5,8,56
5805,-108,67,90,377,5,9,57
5805,-108,55,90,377,5,11,58
5805,-108,66,90,377,4,10,58
5805,-108,50,90,377,5,11,58
5805,-108,46,90,377,5,9,57
5805,-108,33,89,377,6,8,55
5805,-108,51,90,377,5,9,57
5805,-108,55,90,377,4,8,57
5805,-108,64,90,377,4,8,57
5805,-108,52,90,377,4,9,57
5805,-108,64,90,377,3,9,58
5805,-108,66,90,377,4,10,58
5805,-108,56,90,377,3,8,56
5805,-108,46,90,377,5,8,57
5805,-108,41,90,377,3,11,58
5805,-108,43,90,377,4,9,57
5805,-108,56,90,377,6,9,57
5805,-108,72,90,377,5,9,57
5805,-108,63,90,377,5,10,58
5805,-108,54,90,377,5,9,57
5805,-108,52,90,377,4,9,57
5805,-108,55,90,377,4,9,57
5805,-108,60,90,377,5,9,57
5805,-108,61,90,377,5,10,58
5805,-108,48,90,377,4,9,57
5805,-108,81,90,377,5,10,58
5805,-108,53,90,377,4,9,57
5805,-108,28,90,377,5,9,57
5805,-108,48,90,377,6,10,56
5805,-108,65,90,377,5,9,58
5805,-108,54,90,377,5,9,57
5805,-108,51,90,377,4,10,57
5805,-108,58,90,377,4,11,58
5805,-108,65,90,377,4,9,57
5805,-108,63,90,377,6,9,58
5805,-108,64,89,377,5,8,57
5805,-108,34,90,377,5,9,57
5805,-108,48,90,377,4,9,57
5805,-108,51,90,377,4,10,58
5805,-108,43,90,377,5,8,57
5805,-108,58,90,377,5,9,58
5805,-108,53,90,377,4,9,57
5805,-108,33,89,378,6,9,55
5805,-108,46,90,377,5,10,58
5805,-108,53,90,377,4,9,57
5805,-108,48,90,377,5,8,57
5805,-108,55,90,377,4,9,57
5805,-108,46,90,377,5,10,57
5805,-108,52,90,377,3,9,57
5805,-108,36,90,377,4,9,57
5805,-108,72,90,377,4,9,57
5805,-108,53,90,377,4,9,57
5805,-108,45,90,377,4,11,57
5805,-108,51,90,377,3,9,57
5805,-108,55,90,377,4,9,58
5805,-108,53,90,377,4,10,57
5805,-108,47,90,377,4,10,57
5805,-108,54,90,377,5,11,58
5805,-108,42,89,377,6,10,56
5805,-108,36,90,377,4,9,56
5805,-108,39,90,377,6,10,57
5805,-108,59,90,377,3,11,58
5805,-108,48,90,377,3,9,57
5805,-108,42,90,377,5,10,57
5805,-108,32,90,377,4,10,58
5805,-108,65,90,377,5,11,58
5805,-108,37,90,377,5,8,57
5805,-108,50,90,377,4,10,57
5805,-108,58,90,377,6,11,57
5805,-108,66,90,377,4,10,58
5805,-108,62,90,377,5,10,58
5805,-108,50,90,377,4,9,58
5805,-108,47,90,377,4,9,57
5805,-108,59,90,377,4,9,57
5805,-108,62,90,377,5,9,57
5805,-108,61,90,377,3,10,58
5805,-108,41,90,377,4,9,58
5805,-108,76,90,377,4,9,57
5805,-108,40,90,377,3,11,57
5805,-108,44,90,377,4,10,57
5805,-108,73,90,377,3,11,58
5805,-108,57,90,377,4,12,58
5805,-108,51,90,377,5,8,57
5805,-108,53,90,377,5,10,57
5805,-108,51,90,377,4,8,57
5805,-108,73,90,377,4,8,57
5805,-108,49,90,377,4,8,57
5805,-108,46,90,377,5,9,57
5805,-108,60,90,377,5,8,58
5805,-108,68,90,377,4,10,58
5805,-108,50,90,377,5,10,57
5805,-108,62,90,377,5,9,57
5805,-108,50,90,377,4,10,58
5805,-108,42,90,377,4,10,58
5805,-108,44,90,377,4,10,57
5805,-108,55,90,377,4,9,57
5805,-108,47,90,377,5,10,57
5805,-108,63,90,377,5,8,57
5805,-108,51,90,377,4,9,57
5805,-108,46,90,377,5,9,57
5805,-108,55,90,377,4,9,58
5805,-108,52,90,377,6,9,58
5805,-108,52,90,377,4,8,57
5805,-108,40,89,377,4,10,56
5805,-108,50,90,377,3,11,57
5805,-108,43,90,377,3,10,57
5805,-108,54,90,377,5,10,58
5805,-108,50,90,377,3,11,57
5805,-108,48,90,377,4,11,58
5805,-108,51,90,377,3,9,57
5805,-108,47,90,377,7,9,57
5805,-108,41,90,377,5,10,57
5805,-108,47,90,377,4,10,58
5805,-108,61,90,377,4,10,58
5805,-108,61,90,377,4,9,57
5805,-108,40,90,377,5,10,57
5805,-108,65,90,377,4,9,57
5805,-108,72,89,377,6,7,56
5805,-108,70,90,377,4,10,58
5805,-108,81,90,377,3,10,58
5805,-108,39,88,378,5,10,55
5805,-108,57,90,377,6,10,58
5805,-108,62,90,377,5,9,58
5805,-108,49,90,377,5,10,57
5805,-108,54,90,377,3,10,58
5805,-108,63,90,377,5,10,57
5805,-108,40,90,377,5,11,57
5805,-108,65,90,377,5,10,57
5805,-108,64,90,377,5,8,56
5805,-108,46,90,377,4,10,57
5805,-108,48,90,377,4,10,57
5805,-108,58,90,377,5,10,58
5805,-108,55,90,377,4,11,59
5805,-108,50,90,377,4,12,58
5805,-108,41,90,377,4,9,57
5805,-108,60,90,377,5,9,58
5805,-108,73,90,377,5,10,59
5805,-108,69,90,377,4,9,57
5805,-108,63,90,377,3,9,57
5805,-108,49,90,377,5,9,58
5805,-108,46,90,377,4,9,58
5805,-108,66,90,377,5,9,58
5805,-108,40,89,378,5,10,57
5805,-108,46,90,377,5,10,58
5805,-108,60,90,377,5,10,58
5805,-108,59,90,377,4,11,58
5805,-108,43,90,377,5,8,56
5805,-108,49,90,377,5,8,57
5805,-108,45,90,377,4,8,56
5805,-108,75,90,377,4,9,57
5805,-108,61,90,377,4,9,57
5805,-108,47,90,377,4,9,58
5805,-108,45,90,377,3,7,56
5805,-108,46,90,377,5,7,56
5805,-108,54,90,377,4,8,57
5805,-108,67,90,377,5,9,58
5805,-108,61,90,377,4,10,58
5805,-108,72,90,377,4,10,57
5805,-108,52,90,377,4,8,57
5805,-108,54,90,377,5,9,57
5805,-108,59,90,377,5,8,57
5805,-108,65,90,377,6,11,57
5805,-108,44,90,377,5,10,57
5805,-108,41,90,377,6,10,58
5805,-108,50,90,377,5,8,56
5805,-108,53,90,377,5,8,57
5805,-108,46,90,377,4,9,57
5805,-108,51,90,377,5,10,57
5805,-108,51,90,377,6,9,57
5805,-108,63,90,377,5,11,57
5805,-108,59,90,377,5,11,58
5805,-108,47,90,377,4,10,57
5805,-108,41,90,377,5,10,58
5805,-108,36,90,377,5,10,57
5805,-108,75,90,377,4,9,58
5805,-108,64,90,377,5,11,58
5805,-108,52,90,377,4,11,58
5805,-108,63,90,377,5,10,58
5805,-108,51,90,377,5,9,57
5805,-108,60,90,377,3,11,58
5805,-108,70,90,377,3,10,58
5805,-108,54,90,377,5,9,57
5805,-108,65,90,377,5,10,57
5805,-108,73,90,377,4,10,58
5805,-108,55,90,377,5,10,58
5805,-108,48,90,377,5,9,57
5805,-108,53,90,377,4,9,57
5805,-108,52,90,377,4,9,57
5805,-108,56,90,377,5,11,57
5805,-108,57,90,377,6,9,58
5805,-108,49,90,377,5,10,58
5805,-108,78,90,377,5,9,58
5805,-108,52,90,377,5,11,57
5805,-108,52,90,377,5,9,58
5805,-108,40,90,377,4,8,57
5805,-108,59,90,377,4,10,57
5805,-108,57,90,377,5,9,58
5805,-108,38,90,377,5,9,57
5805,-108,59,90,377,6,13,59
5805,-108,53,90,377,3,9,57
5805,-108,51,90,377,4,11,57
5805,-108,35,90,377,5,12,59
5805,-108,56,90,377,4,10,58
5805,-108,59,90,377,5,10,57
5805,-108,58,90,377,4,10,58
5805,-108,33,90,377,4,9,57
5805,-108,56,90,377,5,9,57
5805,-108,55,90,377,5,9,57
5805,-108,63,90,377,3,10,58
5805,-108,57,90,377,5,10,58
5805,-108,45,89,377,6,10,56
5805,-108,34,90,377,3,7,56
5805,-108,50,90,377,4,10,57
5805,-108,37,90,377,4,11,57
5805,-108,35,90,377,5,9,57
5805,-108,53,90,377,4,9,57
5805,-108,46,90,377,4,9,57
5805,-108,54,90,377,4,9,58
5805,-108,56,90,377,5,11,57
5805,-108,58,90,377,4,11,58
5805,-108,38,90,377,5,10,57
5805,-108,57,90,377,5,9,58
5805,-108,42,90,377,4,9,57
5805,-108,39,90,377,4,9,56
5805,-108,53,90,377,4,10,58
5805,-108,53,90,377,6,9,57
5805,-108,55,90,377,4,11,58
5805,-108,38,90,377,4,10,57
5805,-108,51,90,377,3,9,57
5805,-108,67,90,377,5,10,57
5805,-108,51,90,377,5,10,58
5805,-108,58,90,377,3,10,58
5805,-108,55,90,377,4,9,57
5805,-108,58,90,377,4,9,57
5805,-108,40,90,377,4,11,58
5805,-108,41,90,377,5,9,57
5805,-108,36,90,377,6,8,56
5805,-108,49,90,377,4,10,57
5805,-108,67,90,377,6,9,57
5805,-108,47,90,377,3,10,58
5805,-108,31,90,377,5,11,58
5805,-108,54,90,377,5,11,58
5805,-108,57,90,377,6,11,57
5805,-108,56,90,377,4,9,57
5805,-108,56,90,377,5,10,57
5805,-108,66,90,377,5,10,57
5805,-108,62,90,377,5,10,58
5805,-108,65,90,377,4,8,57
5805,-108,67,90,377,4,10,58
5805,-108,37,90,377,4,10,57
5805,-108,49,90,377,5,7,56
5805,-108,57,90,377,5,8,57
5805,-108,44,90,377,4,10,58
5805,-108,41,90,377,5,9,58
5805,-108,43,90,377,5,9,57
5805,-108,55,90,377,5,11,58
5805,-108,53,90,377,6,9,58
5805,-108,48,90,377,3,9,57
5805,-108,65,90,377,5,11,58
5805,-108,56,89,377,5,10,57
5805,-108,55,90,377,4,12,58
5805,-108,67,90,377,5,10,57
5805,-108,59,90,377,4,10,58
5805,-108,76,90,377,5,10,58
5805,-108,51,90,377,6,11,58
5805,-108,37,90,377,3,10,57
5805,-108,60,90,377,4,9,58
5805,-108,47,90,377,5,10,57
5805,-108,56,90,377,5,10,57
5805,-108,50,90,377,4,9,57
5805,-108,36,90,377,5,10,57
5805,-108,53,90,377,4,9,58
5805,-108,45,90,377,4,9,57
5805,-108,74,90,377,5,10,58
5805,-108,51,89,377,5,10,56
5805,-108,44,90,377,4,9,58
5805,-108,60,90,377,4,9,57
5805,-108,55,90,377,5,7,56
5805,-108,63,90,377,4,9,58
5805,-108,46,90,377,4,10,58
5805,-108,59,90,377,6,10,57
5805,-108,52,90,377,5,10,57
5805,-108,58,90,377,3,10,58
5805,-108,42,90,377,5,11,58
5805,-108,49,90,377,6,9,57
5805,-108,50,90,377,5,9,58
5805,-108,56,90,377,4,7,57
5805,-108,45,88,379,6,9,56
5805,-108,44,90,377,4,10,57
5805,-108,60,90,377,5,8,57
5805,-108,69,90,377,5,12,58
5805,-108,59,90,377,4,9,57
5805,-108,52,90,377,4,9,57
5805,-108,44,89,377,5,10,57
5805,-108,63,90,377,6,10,58
5805,-108,50,90,377,5,9,56
5805,-108,40,90,377,4,9,56
5805,-108,51,90,377,4,10,57
5805,-108,55,90,377,5,10,57
5805,-108,59,90,377,3,7,56
5805,-108,73,90,377,4,9,58
5805,-108,51,90,377,4,9,58
5805,-108,39,90,377,4,11,57
5805,-108,73,90,377,4,8,57
5805,-108,57,90,377,4,8,57
5805,-108,45,90,377,4,8,57
5805,-108,39,90,377,3,9,57
5805,-108,42,90,377,4,9,58
5805,-108,47,90,377,4,12,59
5805,-108,51,90,377,4,9,57
5805,-108,60,90,377,3,12,59
5805,-108,47,90,377,3,9,57
5805,-108,46,90,377,5,10,58
5805,-108,39,90,377,5,10,57
5805,-108,63,90,377,5,11,58
5805,-108,66,90,377,5,10,58
5805,-108,57,90,377,5,9,57
5805,-108,60,90,377,4,10,58
5805,-108,50,90,377,4,11,58
5805,-108,58,90,377,5,9,57
5805,-108,52,90,377,4,10,58
5805,-108,56,90,377,5,9,57
5805,-108,48,90,377,4,8,57
5805,-108,63,90,377,4,9,57
5805,-108,58,90,377,4,13,59
5805,-108,59,90,377,4,10,58
5805,-108,40,90,377,5,11,58
5805,-108,39,90,377,5,9,57
5805,-108,60,90,377,4,10,58
5805,-108,40,90,377,5,10,58
5805,-108,39,90,377,5,9,57
5805,-108,63,90,377,5,11,59
5805,-108,37,90,377,6,8,57
5805,-108,54,90,377,4,9,56
5805,-108,33,89,377,6,7,56
5805,-108,56,90,377,4,10,57
5805,-108,39,90,377,4,9,57
5805,-108,42,90,377,5,9,57
5805,-108,34,90,377,4,10,57
5805,-108,30,89,377,5,11,57
5805,-108,36,90,377,5,12,57
5805,-108,49,90,377,4,11,58
5805,-108,41,90,377,3,9,57
5805,-108,35,89,378,5,10,57
5805,-108,40,90,377,5,9,57
5805,-108,54,90,377,5,13,58
5805,-108,28,90,377,4,7,56
5805,-108,38,90,377,6,10,58
5805,-108,28,90,377,7,10,57
5805,-108,35,90,377,4,10,58
5805,-108,33,90,377,5,10,57
5805,-108,49,90,377,6,9,57
5805,-108,48,90,377,4,9,57
5805,-108,44,90,377,4,9,57
5805,-108,37,90,377,5,9,57
5805,-108,54,90,377,5,9,57
5805,-108,54,90,377,5,10,57
5805,-108,39,90,377,4,10,57
5805,-108,55,89,377,5,10,56
5805,-108,31,90,377,5,9,57
5805,-108,35,90,377,5,9,58
5805,-108,45,90,377,5,8,56
5805,-108,31,90,377,5,11,57
5805,-108,46,90,377,3,8,57
5805,-108,36,90,377,4,9,57
5805,-108,55,90,377,5,8,57
5805,-108,44,90,377,5,9,57
5805,-108,52,90,377,4,10,57
5805,-108,40,90,377,4,10,57
5805,-108,51,90,377,5,9,57
5805,-108,40,90,377,4,11,57
5805,-108,48,90,377,5,9,58
5805,-108,40,90,377,3,9,57
5805,-108,54,90,377,5,9,58
5805,-108,39,90,377,5,8,56
5805,-108,60,90,377,5,9,57
5805,-108,50,90,377,4,10,58
5805,-108,53,90,377,4,10,57
5805,-108,47,90,377,4,8,57
5805,-108,57,90,377,4,7,57
5805,-108,59,90,377,5,8,57
5805,-108,40,90,377,3,9,57
5805,-108,28,90,377,5,9,57
5805,-108,57,90,377,2,8,56
5805,-108,41,90,377,4,11,58
5805,-108,46,90,377,4,10,58
5805,-108,50,90,377,6,11,57
5805,-108,49,90,377,4,10,57
5805,-108,42,90,377,5,12,57
5805,-108,35,90,377,5,9,56
5805,-108,40,90,377,3,10,58
5805,-108,42,90,377,5,8,57
5805,-108,62,90,377,4,10,58
5805,-108,28,90,377,5,8,57
5805,-108,42,90,377,5,9,57
5805,-108,40,90,377,5,9,57
5805,-108,39,90,377,4,10,58
5805,-108,39,90,377,5,8,57
5805,-108,42,90,377,4,11,57
5805,-108,48,90,377,5,11,57
5805,-108,55,90,377,4,10,57
5805,-108,53,90,377,5,9,57
5805,-108,58,90,377,4,9,57
5805,-108,47,90,377,5,10,58
5805,-108,41,90,377,4,11,57
5805,-108,48,90,377,4,10,58
5805,-108,45,90,377,5,10,58
5805,-108,30,90,377,3,10,57
5805,-108,43,90,377,4,9,58
5805,-108,50,90,377,5,10,58
5805,-108,43,90,377,5,10,57
5805,-108,42,90,377,3,11,58
5805,-108,33,90,377,4,10,58
5805,-108,36,90,377,5,10,58
5805,-108,45,90,377,4,7,57
5805,-108,34,90,377,4,7,56
5805,-108,29,90,377,4,9,58
5805,-108,30,90,377,5,7,56
5805,-108,46,90,377,4,11,57
5805,-108,53,90,377,4,8,57
5805,-108,61,90,377,5,9,58
5805,-108,40,90,377,4,9,57
5805,-108,32,90,377,4,9,56
5805,-108,63,90,377,6,10,58
5805,-108,50,90,377,5,9,57
5805,-108,41,89,378,6,11,57
5805,-108,42,90,377,4,10,58
5805,-108,42,90,377,4,10,58
5805,-108,32,90,377,4,9,57
5805,-108,50,90,377,4,8,57
5805,-108,31,90,377,5,11,57
5805,-108,47,90,377,3,10,58
5805,-108,56,90,377,5,10,57
5805,-108,39,90,377,5,9,57
5805,-108,49,90,377,5,11,58
5805,-108,31,90,377,4,9,58
5805,-108,41,90,377,6,10,57
5805,-108,53,90,377,5,8,57
5805,-108,54,90,377,6,10,57
5805,-108,34,90,377,4,11,57
5805,-108,46,90,377,5,10,57
5805,-108,49,89,377,6,9,56
5805,-108,43,90,377,6,9,57
5805,-108,38,90,377,4,9,58
5805,-108,60,90,377,5,9,57
5805,-108,51,90,377,5,8,56
5805,-108,41,90,377,5,11,58
5805,-108,56,90,377,4,9,58
5805,-108,35,90,377,4,9,57
5805,-108,44,90,377,4,10,57
5805,-108,49,90,377,4,8,58
5805,-108,36,90,377,5,9,57
5805,-108,50,90,377,4,12,58
5805,-108,48,90,377,5,9,58
5805,-108,34,90,377,5,12,58
5805,-108,48,90,377,5,9,57
5805,-108,44,90,377,4,9,58
5805,-108,50,90,377,4,10,57
5805,-108,56,90,377,5,11,58
5805,-108,43,90,377,6,10,57
5805,-108,41,90,377,3,8,57
5805,-108,50,90,377,4,10,58
5805,-108,55,90,377,4,9,58
5805,-108,52,90,377,5,9,58
5805,-108,36,90,377,5,9,57
5805,-108,50,90,377,5,9,57
5805,-108,32,90,377,6,10,57
5805,-108,28,90,377,3,7,57
5805,-108,59,90,377,6,8,58
5805,-108,39,89,377,6,8,56
5805,-108,45,90,377,4,10,58
5805,-108,53,90,377,5,11,57
5805,-108,38,90,377,4,10,57
5805,-108,44,90,377,6,12,57
5805,-108,38,90,377,5,9,57
5805,-108,48,90,377,3,9,58
5805,-108,53,90,377,5,12,58
5805,-108,45,90,377,5,9,57
5805,-108,50,90,377,3,9,57
5805,-108,34,90,377,4,9,57
5805,-108,34,90,377,5,10,57
5805,-108,44,90,377,6,8,57
5805,-108,62,90,377,4,8,57
5805,-108,45,90,377,4,10,58
5805,-108,40,90,377,4,8,57
5805,-108,46,90,377,5,9,57
5805,-108,45,90,377,4,10,58
5805,-108,45,90,377,4,9,57
5805,-108,35,90,377,4,9,57
5805,-108,37,90,377,6,9,57
5805,-108,32,90,377,4,10,58
5805,-108,42,90,377,5,8,57
5805,-108,49,90,377,5,9,57
5805,-108,49,90,377,4,9,58
5805,-108,45,90,377,4,8,56
5805,-108,41,90,377,5,9,57
5805,-108,47,90,377,5,9,57
5805,-108,43,90,377,5,9,57
5805,-108,44,90,377,5,8,57
5805,-108,47,90,377,5,9,57
5805,-108,32,90,377,5,10,57
5805,-108,54,90,377,5,9,58
5805,-108,46,90,377,4,10,57
5805,-108,30,90,377,6,9,56
5805,-108,42,90,377,4,9,57
5805,-108,26,90,377,3,9,57
5805,-108,41,89,377,6,8,56
5805,-108,38,90,377,5,10,58
5805,-108,52,90,377,3,9,58
5805,-108,50,90,377,4,9,57
5805,-108,43,90,377,3,9,57
5805,-108,41,90,377,5,9,57
5805,-108,59,90,377,4,11,58
5805,-108,54,90,377,5,9,57
5805,-108,55,90,377,5,8,57
5805,-108,29,90,377,3,9,58
5805,-108,46,90,377,3,10,58
5805,-108,46,90,377,6,9,57
5805,-108,49,90,377,4,11,57
5805,-108,48,90,377,5,10,58
5805,-108,36,90,377,5,12,58
5805,-108,55,90,377,5,8,57
5805,-108,44,90,377,4,9,57
5805,-108,51,90,377,5,9,57
5805,-108,30,90,377,5,9,58
5805,-108,38,90,377,5,8,57
5805,-108,57,90,377,5,8,57
5805,-108,43,90,377,5,9,57
5805,-108,36,90,377,4,9,57
5805,-108,42,90,377,3,9,57
5805,-108,41,90,377,4,9,58
5805,-108,50,90,377,4,10,56
5805,-108,46,90,377,5,10,58
5805,-108,35,90,377,5,9,57
5805,-108,52,90,377,4,10,57
5805,-108,51,90,377,5,11,58
5805,-108,43,90,377,4,9,58
5805,-108,35,90,377,4,10,58
5805,-108,47,90,377,5,8,57
5805,-108,40,90,377,3,9,58
5805,-108,42,90,377,6,9,57
5805,-108,33,90,377,4,10,57
5805,-108,53,90,377,3,10,58
5805,-108,39,90,377,5,8,57
5805,-108,52,90,377,4,9,57
5805,-108,41,90,377,3,9,57
5805,-108,39,90,377,4,10,58
5805,-108,28,90,377,4,8,57
5805,-108,47,90,377,6,8,56
5805,-108,57,90,377,5,9,57
5805,-108,53,90,377,6,10,58
5805,-108,35,90,377,4,10,58
5805,-108,30,90,377,6,10,57
5805,-108,44,90,377,3,9,57
5805,-108,41,90,377,6,10,58
5805,-108,44,90,377,6,9,58
5805,-108,36,90,377,5,12,58
5805,-108,57,90,377,3,10,58
5805,-108,38,89,377,5,9,57
5805,-108,51,90,377,4,7,57
5805,-108,49,90,377,4,11,58
5805,-108,49,90,377,4,11,58
5805,-108,50,90,377,6,8,56
5805,-108,44,90,377,5,11,58
5805,-108,72,90,377,5,10,58
5805,-108,48,90,377,3,10,57
5805,-108,46,90,377,4,10,57
5805,-108,39,90,377,3,10,58
5805,-108,29,89,377,6,10,57
5805,-108,39,90,377,4,10,57
5805,-108,39,90,377,4,10,58
5805,-108,41,90,377,5,11,57
5805,-108,45,90,377,3,10,58
5805,-108,54,90,377,4,11,58
5805,-108,40,90,377,5,10,58
5805,-108,45,90,377,5,8,55
5805,-108,48,90,377,6,8,57
5805,-108,40,90,377,3,10,56
5805,-108,32,89,377,6,10,56
5805,-108,32,90,377,5,9,57
5805,-108,53,90,377,5,11,57
5805,-108,39,90,377,4,11,58
5805,-108,36,90,377,5,12,58
5805,-108,46,90,377,4,10,58
5805,-108,46,90,377,5,10,58
5805,-108,42,90,377,4,9,58
5805,-108,36,90,377,6,10,58
5805,-108,53,90,377,4,12,58
5805,-108,41,90,377,5,9,56
5805,-108,44,90,377,5,9,57
5805,-108,40,90,377,5,10,58
5805,-108,31,90,377,4,9,58
5805,-108,53,90,377,5,10,58
5805,-108,54,90,377,5,10,58
5805,-108,32,90,377,5,10,57
5805,-108,57,90,377,4,8,58
5805,-108,39,90,377,5,9,56
5805,-108,40,90,377,4,10,58
5805,-108,37,90,377,6,11,57
5805,-108,41,90,377,5,9,57
5805,-108,31,90,377,5,9,57
5805,-108,48,90,377,5,9,58
5805,-108,37,90,377,5,9,57
5805,-108,43,90,377,5,10,58
5805,-108,44,90,377,4,8,56
5805,-108,32,90,377,4,8,56
5805,-108,54,90,377,4,10,58
5805,-108,40,90,377,5,9,58
5805,-108,38,90,377,4,10,58
5805,-108,50,90,377,4,8,58
5805,-108,55,90,377,5,9,57
5805,-108,55,90,377,5,9,58
5805,-108,37,90,377,4,9,57
5805,-108,61,90,377,5,8,57
5805,-108,36,88,378,5,8,55
5805,-108,29,90,377,4,9,58
5805,-108,42,90,377,6,11,58
5805,-108,38,90,377,5,10,57
5805,-108,41,90,377,4,10,58
5805,-108,35,90,377,5,7,57
5805,-108,49,90,377,4,11,57
5805,-108,25,90,377,5,8,57
5805,-108,50,90,377,6,9,57
5805,-108,51,90,377,4,11,59
5805,-108,49,90,377,4,9,57
5805,-108,44,90,377,4,8,56
5805,-108,34,90,377,5,8,57
5805,-108,67,90,377,3,10,57
5805,-108,33,90,377,4,10,57
5805,-108,48,90,377,3,10,58
5805,-108,38,90,377,4,11,57
5805,-108,38,90,377,5,9,57
5805,-108,47,89,377,5,10,57
5805,-108,31,90,377,3,9,58
5805,-108,24,90,377,4,8,56
5805,-108,37,90,377,4,11,58
5805,-108,65,90,377,4,9,57
5805,-108,46,90,377,4,9,57
5805,-108,46,90,377,5,9,57
5805,-108,41,90,377,5,10,56
5805,-108,45,90,377,3,10,58
5805,-108,29,90,377,4,7,56
5805,-108,54,90,377,5,9,57
5805,-108,51,90,377,4,9,57
5805,-108,32,90,377,3,10,57
5805,-108,45,90,377,4,9,57
5805,-108,37,90,377,4,10,57
5805,-108,40,90,377,5,11,58
5805,-108,49,90,377,5,7,56
5805,-108,56,90,377,4,9,58
5805,-108,58,90,377,5,10,57
5805,-108,46,90,377,4,9,59
5805,-108,35,90,377,4,9,58
5805,-108,53,90,377,5,9,57
5805,-108,34,89,377,5,10,56
5805,-108,45,90,377,5,10,57
5805,-108,35,90,377,3,9,58
5805,-108,37,90,377,4,9,57
5805,-108,46,90,377,4,10,57
5805,-108,39,90,377,4,10,57
5805,-108,36,90,377,3,9,57
5805,-108,69,90,377,3,9,58
5805,-108,55,90,377,6,9,58
5805,-108,45,90,377,4,11,57
5805,-108,55,90,377,5,10,57
5805,-108,51,90,377,4,8,57
5805,-108,55,90,377,6,11,57
5805,-108,37,89,377,7,11,57
5805,-108,46,90,377,4,8,57
5805,-108,36,90,377,5,9,57
5805,-108,50,89,378,5,8,56
5805,-108,63,90,377,5,12,58
5805,-108,49,90,377,5,11,57
5805,-108,37,90,377,5,8,56
5805,-108,38,90,377,4,9,57
5805,-108,61,90,377,5,10,57
5805,-108,37,90,377,5,10,57
5805,-108,39,90,377,4,9,58
5805,-108,60,90,377,5,10,57
5805,-108,44,90,377,3,9,58
5805,-108,53,90,377,4,10,58
5805,-108,44,90,377,4,11,57
5805,-108,41,90,377,4,10,58
5805,-108,50,90,377,5,9,57
5805,-108,26,90,377,5,8,57
5805,-108,49,90,377,4,10,57
5805,-108,52,90,377,4,10,58
5805,-108,52,90,377,4,10,58
5805,-108,61,90,377,4,9,58
5805,-108,30,90,377,5,8,56
5805,-108,50,90,377,5,8,57
5805,-108,43,89,378,6,11,57
5805,-108,35,90,377,4,12,58
5805,-108,46,90,377,5,9,57
5805,-108,54,90,377,6,11,57
5805,-108,39,90,377,5,10,58
5805,-108,40,90,377,5,6,56
5805,-108,52,90,377,5,10,57
5805,-108,40,90,377,6,8,56
5805,-108,55,90,377,6,8,56
5805,-108,48,90,377,4,10,58
5805,-108,53,90,377,4,11,58
5805,-108,54,90,377,4,9,57
5805,-108,46,90,377,5,9,57
5805,-108,46,90,377,5,11,57
5805,-108,65,90,377,5,9,57
5805,-108,51,90,377,5,10,58
5805,-108,28,89,377,6,9,55
5805,-108,53,90,377,3,9,58
5805,-108,39,90,377,5,11,58
5805,-108,59,90,377,3,11,58
5805,-108,45,90,377,4,11,57
5805,-108,42,90,377,4,9,57
5805,-108,67,90,377,3,9,57
5805,-108,43,90,377,5,9,57
5805,-108,38,90,377,5,11,57
5805,-108,66,90,377,6,8,57
5805,-108,43,90,377,5,9,57
5805,-108,37,90,377,5,9,57
5805,-108,55,90,377,4,8,57
5805,-108,52,90,377,4,9,58
5805,-108,66,90,377,5,12,58
5805,-108,40,90,377,5,9,57
5805,-108,42,90,377,5,9,57
5805,-108,46,90,377,4,11,58
5805,-108,39,90,377,4,10,57
5805,-108,31,90,377,5,10,57
5805,-108,36,90,377,4,11,57
5805,-108,33,90,377,5,8,57
5805,-108,40,90,377,4,8,57
5805,-108,44,90,377,6,10,58
5805,-108,55,90,377,6,10,58
5805,-108,44,90,377,5,8,57
5805,-108,55,90,377,5,8,57
5805,-108,42,89,378,5,9,56
5805,-108,47,90,377,5,10,58
5805,-108,48,90,377,3,10,57
5805,-108,31,90,377,3,9,57
5805,-108,34,90,377,4,8,56
5805,-108,55,90,377,5,8,56
5805,-108,42,88,378,6,11,57
5805,-108,34,90,377,4,10,57
5805,-108,38,90,377,6,10,58
5805,-108,33,90,377,4,9,57
5805,-108,50,90,377,5,9,57
5805,-108,54,90,377,5,8,57
5805,-108,34,90,377,5,10,57
5805,-108,35,90,377,5,9,57
5805,-108,41,90,377,5,8,57
5805,-108,58,90,377,5,10,58
5805,-108,55,90,377,4,9,57
5805,-108,47,90,377,3,9,58
5805,-108,66,90,377,5,11,57
5805,-108,34,90,377,5,9,57
5805,-108,38,90,377,5,8,56
5805,-108,34,90,377,4,9,56
5805,-108,50,90,377,4,9,57
5805,-108,44,90,377,6,9,57
5805,-108,49,90,377,4,9,58
5805,-108,34,90,377,4,9,58
5805,-108,52,90,377,5,10,58
5805,-108,50,90,377,4,11,58
5805,-108,62,90,377,5,9,58
5805,-108,48,90,377,4,10,57
5805,-108,35,90,377,4,11,57
5805,-108,55,90,377,4,10,58
5805,-108,38,90,377,5,9,57
5805,-108,59,90,377,3,10,58
5805,-108,35,90,377,5,9,58
5805,-108,44,90,377,5,10,57
5805,-108,47,90,377,4,9,58
5805,-108,38,90,377,4,8,56
5805,-108,33,90,377,5,9,57
5805,-108,49,90,377,4,11,59
5805,-108,39,90,377,4,10,57
5805,-108,43,90,377,4,9,57
5805,-108,48,90,377,4,8,57
5805,-108,36,90,377,5,8,56
5805,-108,47,90,377,4,11,57
5805,-108,49,89,377,5,9,57
5805,-108,44,90,377,5,11,58
5805,-108,40,90,377,5,9,57
5805,-108,39,89,378,6,9,56
5805,-108,51,90,377,3,8,57
5805,-108,41,90,377,4,10,58
5805,-108,40,90,377,5,9,57
5805,-108,44,90,377,3,11,58
5805,-108,67,90,377,5,11,58
5805,-108,37,90,377,5,9,57
5805,-108,29,90,377,3,8,57
5805,-108,65,90,377,5,10,57
5805,-108,42,90,377,5,11,58
5805,-108,36,90,377,4,9,57
5805,-108,42,90,377,5,9,57
5805,-108,41,90,377,5,10,57
5805,-108,46,90,377,5,10,58
5805,-108,36,90,377,4,10,57
5805,-108,37,90,377,5,8,57
5805,-108,32,89,378,5,10,56
5805,-108,41,90,377,3,9,57
5805,-108,47,90,377,5,11,58
5805,-108,48,90,377,6,10,58
5805,-108,33,90,377,3,9,58
5805,-108,34,89,378,5,9,57
5805,-108,42,90,377,4,10,58
5805,-108,28,90,377,4,11,57
5805,-108,53,90,377,4,9,57
5805,-108,35,90,377,4,10,58
5805,-108,40,90,377,5,9,57
5805,-108,49,90,377,4,9,57
5805,-108,35,90,377,4,10,57
5805,-108,39,90,377,5,10,58
5805,-108,44,90,377,5,10,57
5805,-108,58,90,377,4,10,57
5805,-108,50,90,377,4,8,55
5805,-108,55,90,377,5,8,57
5805,-108,50,90,377,5,7,57
5805,-108,43,90,377,4,9,57
5805,-108,38,90,377,5,11,58
5805,-108,39,90,377,5,11,58
5805,-108,35,90,377,4,10,57
5805,-108,32,90,377,5,9,57
5805,-108,39,90,377,4,11,57
5805,-108,46,90,377,5,10,58
5805,-108,38,90,377,5,7,57
5805,-108,45,90,377,5,10,58
5805,-108,39,90,377,5,10,58
5805,-108,44,90,377,5,10,57
5805,-108,67,90,377,5,11,58
5805,-108,46,90,377,4,8,57
5805,-108,44,90,377,4,8,57
5805,-108,34,90,377,6,8,56
5805,-108,47,90,377,4,10,57
5805,-108,81,90,377,5,9,58
5805,-108,60,90,377,4,11,57
5805,-108,56,90,377,5,11,58
5805,-108,44,90,377,4,10,57
5805,-108,51,90,377,4,8,57
5805,-108,49,90,377,5,10,58
5805,-108,51,89,377,6,9,56
5805,-108,38,90,377,4,10,58
5805,-108,33,90,377,3,12,58
5805,-108,46,90,377,4,8,57
5805,-108,50,90,377,5,10,58
5805,-108,53,90,377,4,10,58
5805,-108,38,90,377,4,10,58
5805,-108,39,90,377,5,10,57
5805,-108,59,90,377,4,11,57
5805,-108,47,89,378,4,9,56
5805,-108,42,90,377,5,9,57
5805,-108,29,90,377,5,11,57
5805,-108,50,90,377,4,10,58
5805,-108,38,90,377,4,8,57
5805,-108,57,90,377,5,10,57
5805,-108,62,90,377,2,9,57
5805,-108,45,90,377,4,8,57
5805,-108,54,90,377,3,11,58
5805,-108,37,90,377,5,10,57
5805,-108,46,90,377,4,11,58
5805,-108,46,90,377,5,10,58
5805,-108,54,90,377,4,7,58
5805,-108,44,90,377,5,10,58
5805,-108,43,89,377,5,8,56
5805,-108,34,90,377,5,9,57
5805,-108,46,90,377,5,8,56
5805,-108,47,90,377,4,9,57
5805,-108,34,90,377,4,8,58
5805,-108,38,90,377,5,9,56
5805,-108,61,90,377,5,11,58
5805,-108,63,90,377,3,10,58
5805,-108,37,90,377,6,11,58
5805,-108,51,90,377,4,8,58
5805,-108,49,90,377,5,10,58
5805,-108,34,90,377,5,9,57
5805,-108,56,90,377,4,8,57
5805,-108,66,90,377,5,10,57
5805,-108,38,90,377,4,8,57
5805,-108,38,90,377,4,11,57
5805,-108,53,90,377,4,9,57
5805,-108,50,90,377,4,9,58
5805,-108,53,90,377,5,12,58
5805,-108,34,90,377,3,10,57
5805,-108,42,90,377,5,9,57
5805,-108,42,90,377,3,12,58
5805,-108,58,90,377,4,9,58
5805,-108,34,90,377,4,8,57
5805,-108,44,90,377,5,10,58
5805,-108,52,90,377,6,9,57
5805,-108,38,90,377,5,10,57
5805,-108,66,90,377,4,10,57
5805,-108,46,90,377,5,9,57
5805,-108,42,90,377,6,9,57
5805,-108,57,90,377,5,9,57
5805,-108,44,90,377,4,9,57
5805,-108,39,90,377,2,9,58
5805,-108,47,90,377,5,9,57
5805,-108,62,90,377,4,10,58
5805,-108,37,90,377,5,10,57
5805,-108,51,90,377,4,9,58
5805,-108,25,90,377,4,10,57
5805,-108,32,90,377,5,10,58
5805,-108,32,90,377,5,11,58
5805,-108,34,90,377,4,8,57
5805,-108,49,90,377,4,10,58
5805,-108,39,90,377,5,9,56
5805,-108,51,90,377,5,9,57
5805,-108,43,90,377,5,10,58
5805,-108,41,90,377,4,12,58
5805,-108,35,90,377,6,9,57
5805,-108,56,90,377,4,10,58
5805,-108,33,90,377,4,9,57
5805,-108,54,90,377,4,11,58
5805,-108,27,90,377,4,9,57
5805,-108,33,90,377,4,9,58
5805,-108,54,90,377,5,9,57
5805,-108,56,90,377,5,10,58
5805,-108,49,90,377,3,9,58
5805,-108,64,90,377,4,10,57
5805,-108,54,90,377,4,12,58
5805,-108,30,90,377,6,8,56
5805,-108,42,90,377,6,11,58
5805,-108,59,90,377,5,9,57
5805,-108,44,90,377,4,10,58
5805,-108,51,90,377,5,11,58
5805,-108,61,90,377,4,9,58
5805,-108,39,90,377,4,9,57
5805,-108,53,90,377,4,11,58
5805,-108,36,90,377,5,9,57
5805,-108,42,90,377,3,11,57
5805,-108,54,90,377,5,9,58
5805,-108,51,90,377,7,11,59
5805,-108,43,90,377,4,10,58
5805,-108,49,90,377,5,10,58
5805,-108,32,90,377,5,9,56
5805,-108,48,90,377,4,10,58
5805,-108,40,90,377,5,10,57
5805,-108,56,90,377,5,10,57
5805,-108,30,90,377,5,8,57
5805,-108,38,90,377,5,10,58
5805,-108,53,90,377,4,9,57
5805,-108,51,90,377,5,9,57
5805,-108,49,90,377,3,10,58
5805,-108,39,89,377,5,9,57
5805,-108,49,90,377,4,9,58
5805,-108,63,90,377,3,10,58
5805,-108,51,90,377,5,11,57
5805,-108,46,90,377,4,10,57
5805,-108,44,90,377,4,10,58
5805,-108,39,90,377,4,10,58
5805,-108,40,90,377,5,9,58
5805,-108,48,90,377,4,11,58
5805,-108,37,90,377,5,11,58
5805,-108,50,90,377,4,10,58
5805,-108,39,90,377,3,9,57
5805,-108,54,90,377,4,8,57
5805,-108,51,90,377,5,9,57
5805,-108,57,90,377,5,9,57
5805,-108,40,90,377,4,8,57
5805,-108,41,90,377,5,10,57
5805,-108,48,90,377,4,10,57
5805,-108,34,90,377,5,10,57
5805,-108,47,90,377,5,9,57
5805,-108,38,90,377,4,10,57
5805,-108,28,90,377,5,9,57
5805,-108,61,90,377,3,10,58
5805,-108,54,90,377,5,8,58
5805,-108,31,90,377,4,8,56
5805,-108,35,90,377,4,8,56
5805,-108,49,90,377,5,10,58
5805,-108,47,90,377,4,10,59
5805,-108,47,89,377,5,10,57
5805,-108,50,90,377,4,11,58
5805,-108,34,90,377,4,9,58
5805,-108,56,90,377,5,9,57
5805,-108,31,89,377,5,8,56
5805,-108,61,90,377,5,11,58
5805,-108,63,90,377,5,10,57
5805,-108,45,90,377,5,9,57
5805,-108,45,89,378,7,11,58
5805,-108,46,90,377,3,10,58
5805,-108,31,90,377,5,11,58
5805,-108,50,90,377,3,8,57
5805,-108,38,90,377,4,9,58
5805,-108,45,90,377,4,9,58
5805,-108,39,90,377,4,11,58
5805,-108,31,90,377,5,8,56
5805,-108,39,90,377,3,9,57
5805,-108,34,90,377,4,9,57
5805,-108,47,90,377,5,10,57
5805,-108,38,90,377,4,8,57
5805,-108,31,90,377,4,10,57
5805,-108,36,90,377,5,10,56
5805,-108,36,90,377,4,9,57
5805,-108,33,90,377,4,10,57
5805,-108,33,89,377,5,9,56
5805,-108,51,90,377,5,9,56
5805,-108,44,90,377,5,8,57
5805,-108,43,90,377,5,9,57
5805,-108,59,90,377,4,10,57
5805,-108,41,90,377,5,9,56
5805,-108,38,89,377,4,10,56
5805,-108,36,90,377,5,10,58
5805,-108,46,90,377,4,12,58
5805,-108,46,90,377,4,9,57
5805,-108,32,90,377,4,7,56
5805,-108,38,90,377,5,10,58
5805,-108,36,90,377,5,10,58
5805,-108,36,90,377,5,9,57
5805,-108,44,90,377,5,9,57
5805,-108,49,90,377,4,8,57
5805,-108,53,90,377,5,8,56
5805,-108,56,90,377,5,10,58
5805,-108,29,90,377,5,9,56
5805,-108,42,90,377,4,9,57
5805,-108,57,90,377,4,11,58
5805,-108,38,90,377,5,9,57
5805,-108,48,90,377,4,9,58
5805,-108,46,90,377,3,10,56
5805,-108,36,90,377,5,11,58
5805,-108,49,90,377,6,9,57
5805,-108,41,90,377,3,7,56
5805,-108,66,90,377,5,9,57
5805,-108,55,90,377,4,9,57
5805,-108,50,90,377,5,9,58
5805,-108,40,90,377,5,11,58
5805,-108,39,90,377,5,9,58
5805,-108,29,89,377,5,11,57
5805,-108,45,90,377,4,9,57
5805,-108,30,89,377,6,9,56
5805,-108,50,90,377,5,10,57
5805,-108,42,90,377,5,9,57
5805,-108,33,90,377,5,10,56
5805,-108,56,90,377,6,9,58
5805,-108,49,90,377,5,8,57
5805,-108,45,90,377,5,9,57
5805,-108,54,90,377,4,10,57
5805,-108,37,90,377,5,10,58
5805,-108,56,90,377,3,8,57
5805,-108,49,90,377,5,10,57
5805,-108,45,90,377,4,10,58
5805,-108,39,90,377,5,8,57
5805,-108,34,90,377,4,8,57
5805,-108,24,90,377,5,10,57
5805,-108,36,89,378,4,11,57
5805,-108,60,90,377,4,10,57
5805,-108,33,90,377,4,9,56
5805,-108,56,90,377,4,10,58
5805,-108,43,89,377,6,9,56
5805,-108,48,90,377,4,11,57
5805,-108,64,90,377,5,8,57
5805,-108,50,90,377,5,8,58
5805,-108,46,90,377,6,9,58
5805,-108,53,90,377,4,10,58
5805,-108,58,90,377,4,9,57
5805,-108,52,89,377,5,10,57
5805,-108,40,90,377,5,9,57
5805,-108,38,90,377,4,10,57
5805,-108,45,90,377,5,9,57
5805,-108,38,90,377,4,11,57
5805,-108,45,90,377,3,9,57
5805,-108,54,90,377,4,10,58
5805,-108,47,90,377,3,9,57
5805,-108,42,88,378,6,10,55
5805,-108,45,90,377,5,10,58
5805,-108,47,90,377,5,9,57
5805,-108,43,90,377,6,10,57
5805,-108,44,90,377,4,8,56
5805,-108,45,90,377,4,9,58
5805,-108,59,90,377,6,7,56
5805,-108,57,90,377,4,8,57
5805,-108,44,90,377,5,9,57
5805,-108,43,90,377,5,10,58
5805,-108,37,90,377,6,10,57
5805,-108,39,90,377,5,9,58
5805,-108,52,90,377,6,8,57
5805,-108,57,90,377,6,10,58
5805,-108,41,90,377,4,10,57
5805,-108,41,89,377,5,9,55
5805,-108,29,90,377,5,8,57
5805,-108,35,90,377,4,10,58
5805,-108,48,90,377,4,10,58
5805,-108,62,90,377,5,9,57
5805,-108,62,90,377,5,8,57
5805,-108,47,90,377,4,9,57
5805,-108,56,90,377,4,9,57
5805,-108,37,90,377,6,10,57
5805,-108,30,90,377,4,9,56
5805,-108,31,90,377,5,9,57
5805,-108,31,90,377,5,12,58
5805,-108,60,90,377,4,10,57
5805,-108,35,90,377,5,9,56
5805,-108,37,90,377,4,7,56
5805,-108,48,90,377,4,11,57
5805,-108,32,90,377,5,9,57
5805,-108,44,90,377,4,8,57
5805,-108,49,89,377,6,10,57
5805,-108,43,90,377,4,11,57
5805,-108,28,89,378,5,10,57
5805,-108,58,90,377,4,8,57
5805,-108,33,90,377,5,8,56
5805,-108,42,90,377,4,7,57
5805,-108,54,90,377,5,10,57
5805,-108,45,90,377,5,11,57
5805,-108,51,90,377,5,9,58
5805,-108,55,90,377,5,8,57
5805,-108,48,90,377,5,10,58
5805,-108,60,90,377,5,8,57
5805,-108,52,90,377,5,9,57
5805,-108,37,90,377,6,9,57
5805,-108,34,90,377,4,10,58
5805,-108,53,90,377,4,9,57
5805,-108,39,90,377,4,11,58
5805,-108,45,90,377,5,10,58
5805,-108,34,90,377,6,10,57
5805,-108,41,90,377,5,8,56
5805,-108,47,90,377,6,8,57
5805,-108,52,90,377,5,9,58
5805,-108,44,90,377,5,11,57
5805,-108,37,89,377,5,9,56
5805,-108,42,90,377,5,10,58
5805,-108,42,90,377,4,10,57
5805,-108,59,90,377,5,8,57
5805,-108,39,90,377,4,11,58
5805,-108,35,90,377,3,10,57
5805,-108,31,90,377,6,9,57
5805,-108,40,90,377,2,7,57
5805,-108,32,90,377,5,9,56
5805,-108,42,90,377,5,9,57
5805,-108,56,90,377,5,8,58
5805,-108,47,90,377,3,8,57
5805,-108,40,88,378,6,10,56
5805,-108,49,90,377,4,9,57
5805,-108,35,90,377,3,9,57
5805,-108,30,90,377,4,10,58
5805,-108,32,90,377,4,8,57
5805,-108,27,90,377,5,8,57
5805,-108,40,90,377,3,9,57
5805,-108,45,90,377,4,9,57
5805,-108,34,90,377,4,9,57
5805,-108,44,90,377,4,10,57
5805,-108,43,90,377,5,10,57
5805,-108,34,90,377,5,10,58
5805,-108,37,90,377,5,9,58
5805,-108,48,90,377,5,11,57
5805,-108,47,90,377,4,10,58
5805,-108,34,90,377,3,9,58
5805,-108,46,90,377,5,10,58
5805,-108,42,90,377,3,10,58
5805,-108,40,90,377,4,9,57
5805,-108,41,90,377,6,11,58
5805,-108,52,90,377,4,9,57
5805,-108,47,90,377,5,9,57
5805,-108,28,90,377,4,9,57
5805,-108,41,90,377,5,9,57
5805,-108,50,90,377,5,11,58
5805,-108,45,90,377,5,10,58
5805,-108,36,90,377,4,8,57
5805,-108,64,90,377,6,10,58
5805,-108,52,90,377,3,9,58
5805,-108,45,90,377,5,8,57
5805,-108,33,90,377,5,10,57
5805,-108,50,90,377,4,7,57
5805,-108,41,90,377,4,9,57
5805,-108,41,90,377,2,8,57
5805,-108,45,90,377,4,9,58
5805,-108,43,90,377,5,11,57
5805,-108,29,90,377,4,9,57
5805,-108,63,90,377,3,9,58
5805,-108,38,90,377,4,8,57
5805,-108,53,90,377,3,9,57
5805,-108,54,90,377,4,11,58
5805,-108,47,90,377,6,9,57
5805,-108,36,89,377,5,10,57
5805,-108,40,90,377,3,8,56
5805,-108,51,90,377,5,10,58
5805,-108,55,90,377,5,10,58
5805,-108,42,90,377,4,9,57
5805,-108,71,90,377,4,9,57
5805,-108,38,90,377,5,10,57
5805,-108,56,90,377,4,10,57
5805,-108,41,90,377,5,10,57
5805,-108,35,90,377,5,8,57
5805,-108,38,90,377,5,9,57
5805,-108,55,90,377,5,9,57
5805,-108,39,90,377,5,9,57
5805,-108,45,90,377,4,9,58
5805,-108,39,90,377,4,8,56
5805,-108,49,90,377,4,10,57
5805,-108,30,90,377,4,9,57
5805,-108,40,90,377,5,12,58
5805,-108,49,90,377,5,9,58
5805,-108,35,90,377,5,11,57
5805,-108,42,89,377,6,10,57
5805,-108,31,90,377,4,9,57
5805,-108,39,89,377,5,9,57
5805,-108,30,90,377,4,8,57
5805,-108,52,89,377,6,10,57
5805,-108,53,90,377,4,9,58
5805,-108,51,90,377,5,10,58
5805,-108,33,89,377,5,10,57
5805,-108,53,90,377,2,9,58
5805,-108,55,90,377,6,11,58
5805,-108,40,90,377,5,9,57
5805,-108,36,90,377,5,8,57
5805,-108,43,90,377,5,9,58
5805,-108,57,90,377,3,9,57
5805,-108,45,90,377,4,9,58
5805,-108,33,90,377,4,9,57
5805,-108,54,90,377,4,9,57
5805,-108,51,90,377,5,11,59
5805,-108,71,90,377,5,11,57
5805,-108,42,90,377,5,9,57
5805,-108,34,90,377,6,10,57
5805,-108,29,90,377,5,9,57
5805,-108,53,90,377,4,9,57
5805,-108,45,90,377,3,10,58
5805,-108,30,90,377,4,10,58
5805,-108,49,90,377,4,9,57
5805,-108,34,90,377,4,9,57
5805,-108,37,90,377,4,9,57
5805,-108,37,90,377,5,9,57
5805,-108,42,90,377,3,9,57
5805,-108,53,90,377,4,9,57
5805,-108,33,90,377,4,9,57
5805,-108,40,90,377,5,9,57
5805,-108,35,90,377,5,9,57
5805,-108,60,90,377,5,10,58
5805,-108,48,90,377,5,10,58
5805,-108,45,90,377,4,10,57
5805,-108,35,89,377,6,9,56
5805,-108,57,90,377,5,10,57
5805,-108,58,90,377,4,9,57
5805,-108,36,90,377,3,10,57
5805,-108,40,89,377,5,9,56
5805,-108,42,90,377,3,10,57
5805,-108,28,90,377,4,8,57
5805,-108,37,90,377,4,10,58
5805,-108,47,90,377,4,9,58
5805,-108,45,90,377,4,9,57
5805,-108,40,90,377,3,9,57
5805,-108,30,90,377,5,10,58
5805,-108,54,90,377,4,10,58
5805,-108,48,90,377,4,8,57
5805,-108,54,90,377,4,10,58
5805,-108,37,90,377,4,10,57
5805,-108,45,90,377,5,10,57
5805,-108,56,90,377,4,9,58
5805,-108,46,90,377,3,9,59
5805,-108,43,90,377,4,10,58
5805,-108,45,90,377,5,10,58
5805,-108,44,90,377,4,10,57
5805,-108,36,90,377,4,9,57
5805,-108,46,90,377,4,12,58
5805,-108,35,90,377,4,7,56
5805,-108,54,90,377,5,9,57
5805,-108,55,90,377,4,9,57
5805,-108,54,90,377,5,11,57
5805,-108,52,90,377,4,8,57
5805,-108,41,90,377,5,10,58
5805,-108,54,90,377,4,10,57
5805,-108,56,90,377,5,10,58
5805,-108,38,90,377,3,9,56
5805,-108,39,90,377,3,10,58
5805,-108,45,90,377,5,11,58
5805,-108,47,90,377,4,9,57
5805,-108,38,89,377,6,9,56
5805,-108,33,90,377,4,9,58
5805,-108,49,90,377,4,9,57
5805,-108,36,90,377,5,8,57
5805,-108,61,90,377,5,9,57
5805,-108,32,90,377,4,9,57
5805,-108,44,90,377,6,9,57
5805,-108,29,90,377,4,10,58
5805,-108,50,90,377,5,10,58
5805,-108,48,90,377,6,9,57
5805,-108,31,90,377,5,10,58
5805,-108,41,90,377,5,10,57
5805,-108,57,90,377,5,9,58
5805,-108,66,90,377,4,9,58
5805,-108,35,90,377,5,10,57
5805,-108,30,90,377,3,9,57
5805,-108,34,90,377,3,7,57
5805,-108,38,90,377,4,10,58
5805,-108,56,90,377,5,10,57
5805,-108,47,90,377,4,9,57
5805,-108,28,90,377,5,10,57
5805,-108,39,90,377,4,9,57
5805,-108,37,90,377,4,11,57
5805,-108,27,89,377,5,10,57
5805,-108,32,90,377,4,9,57
5805,-108,42,90,377,5,11,57
5805,-108,48,90,377,4,10,58
5805,-108,47,90,377,5,9,57
5805,-108,57,89,377,6,9,56
5805,-108,48,90,377,3,9,57
5805,-108,36,90,377,3,8,56
5805,-108,35,90,377,5,6,56
5805,-108,41,89,378,5,9,57
5805,-108,34,90,377,5,9,58
5805,-108,47,90,377,2,9,57
5805,-108,47,90,377,4,10,57
5805,-108,54,90,377,5,8,57
5805,-108,43,89,378,6,9,57
5805,-108,51,90,377,7,10,58
5805,-108,40,90,377,3,10,57
5805,-108,38,89,377,6,9,56
5805,-108,48,90,377,5,9,57
5805,-108,46,90,377,4,8,57
5805,-108,51,90,377,4,9,58
5805,-108,57,90,377,4,10,59
5805,-108,37,90,377,4,9,58
5805,-108,52,90,377,4,8,57
5805,-108,36,90,377,5,8,57
5805,-108,54,90,377,5,9,57
5805,-108,50,90,377,3,9,57
5805,-108,27,90,377,3,7,55
5805,-108,55,90,377,3,9,57
5805,-108,47,90,377,4,9,57
5805,-108,46,90,377,5,8,56
5805,-108,46,90,377,4,8,56
5805,-108,34,90,377,5,11,58
5805,-108,51,89,377,6,10,57
5805,-108,36,90,377,4,9,57
5805,-108,47,90,377,5,8,57
5805,-108,31,89,377,4,11,57
5805,-108,52,90,377,5,10,57
5805,-108,40,90,377,3,9,57
5805,-108,48,90,377,5,8,56
5805,-108,41,90,377,6,10,57
5805,-108,45,90,377,5,9,57
5805,-108,36,90,377,4,10,57
5805,-108,51,90,377,5,7,56
5805,-108,32,90,377,3,9,57
5805,-108,50,90,377,5,9,56
5805,-108,27,90,377,4,11,57
5805,-108,58,90,377,4,9,57
5805,-108,54,90,377,6,10,57
5805,-108,43,90,377,4,8,57
5805,-108,47,90,377,3,10,57
5805,-108,53,90,377,5,9,57
5805,-108,53,90,377,4,11,58
5805,-108,44,90,377,3,10,58
5805,-108,35,90,377,5,10,57
5805,-108,34,90,377,5,9,57
5805,-108,43,90,377,5,9,57
5805,-108,51,90,377,4,9,57
5805,-108,42,90,377,6,11,58
5805,-108,38,90,377,5,10,58
5805,-108,56,90,377,5,9,57
5805,-108,35,90,377,5,9,57
5805,-108,49,90,377,4,9,58
5805,-108,41,90,377,4,8,57
5805,-108,47,90,377,4,9,57
5805,-108,36,90,377,5,8,56
5805,-108,61,90,377,4,9,58
5805,-108,38,90,377,5,9,57
5805,-108,36,90,377,5,9,57
5805,-108,32,90,377,4,10,58
5805,-108,46,90,377,6,9,57
5805,-108,70,90,377,4,9,58
5805,-108,38,90,377,4,11,58
5805,-108,43,90,377,4,10,57
5805,-108,35,90,377,6,9,57
5805,-108,57,90,377,4,9,58
5805,-108,37,90,377,4,9,57
5805,-108,37,90,377,3,10,57
5805,-108,51,90,377,4,11,57
5805,-108,47,90,377,4,9,57
5805,-108,40,90,377,4,8,57
5805,-108,37,90,377,6,9,57
5805,-108,46,90,377,5,11,58
5805,-108,42,90,377,4,9,57
5805,-108,27,90,377,3,8,56
5805,-108,58,90,377,5,9,57
5805,-108,54,90,377,5,8,57
5805,-108,35,90,377,4,8,57
5805,-108,55,90,377,4,8,57
5805,-108,57,90,377,4,9,57
5805,-108,50,90,377,4,8,57
5805,-108,48,90,377,2,9,58
5805,-108,55,90,377,4,9,57
5805,-108,49,90,377,6,9,58
5805,-108,54,90,377,3,9,58
5805,-108,78,90,377,5,7,57
5805,-108,38,90,377,5,10,57
5805,-108,46,90,377,5,8,57
5805,-108,46,90,377,5,9,57
5805,-108,49,90,377,4,9,57
5805,-108,50,90,377,5,9,57
5805,-108,41,90,377,5,11,58
5805,-108,57,90,377,5,10,58
5805,-108,37,90,377,4,9,57
5805,-108,39,90,377,5,9,57
5805,-108,40,90,377,5,8,57
5805,-108,43,90,377,5,10,58
5805,-108,52,90,377,4,9,57
5805,-108,38,90,377,4,9,57
5805,-108,44,90,377,3,9,57
5805,-108,64,90,377,4,9,57
5805,-108,60,90,377,5,9,57
5805,-108,46,90,377,5,10,58
5805,-108,44,90,377,5,9,57
5805,-108,57,90,377,5,9,57
5805,-108,40,90,377,5,10,58
5805,-108,58,90,377,5,10,58
5805,-108,51,90,377,5,9,57
5805,-108,34,90,377,5,11,57
5805,-108,61,90,377,5,9,57
5805,-108,50,90,377,4,11,58
5805,-108,43,90,377,4,9,57
5805,-108,63,90,377,5,10,57
5805,-108,55,90,377,4,10,57
5805,-108,57,90,377,4,10,58
5805,-108,54,90,377,4,10,58
5805,-108,54,90,377,6,10,59
5805,-108,58,90,377,4,10,57
5805,-108,37,90,377,4,10,57
5805,-108,42,90,377,4,9,57
5805,-108,47,90,377,4,9,57
5805,-108,61,90,377,3,7,55
5805,-108,52,90,377,4,10,57
5805,-108,60,90,377,4,9,57
5805,-108,47,90,377,5,10,58
5805,-108,37,90,377,5,10,58
5805,-108,34,90,377,5,10,57
5805,-108,46,90,377,5,8,57
5805,-108,28,90,377,6,9,57
5805,-108,49,89,377,6,10,57
5805,-108,30,90,377,4,11,57
5805,-108,31,90,377,3,8,56
5805,-108,44,90,377,6,10,58
5805,-108,40,90,377,4,9,57
5805,-108,57,90,377,4,11,59
5805,-108,55,90,377,4,10,57
5805,-108,52,90,377,4,8,56
5805,-108,45,90,377,5,8,57
5805,-108,35,90,377,3,8,58
5805,-108,68,90,377,5,10,57
5805,-108,38,90,377,3,8,58
5805,-108,52,90,377,4,10,57
5805,-108,48,90,377,5,9,57
5805,-108,39,90,377,4,8,57
5805,-108,52,90,377,4,9,57
5805,-108,39,90,377,4,10,57
5805,-108,39,90,377,5,10,57
5805,-108,37,89,377,5,8,56
5805,-108,46,90,377,5,10,58
5805,-108,44,90,377,4,9,58
5805,-108,48,90,377,4,10,58
5805,-108,38,90,377,5,8,56
5805,-108,42,89,377,5,11,57
5805,-108,42,90,377,5,8,57
5805,-108,44,90,377,4,10,57
5805,-108,54,90,377,3,8,58
5805,-108,59,90,377,4,9,57
5805,-108,60,90,377,5,9,58
5805,-108,35,90,377,5,8,57
5805,-108,50,90,377,5,10,58
5805,-108,40,90,377,4,10,58
5805,-108,49,90,377,5,9,57
5805,-108,52,90,377,5,10,58
5805,-108,49,90,377,4,9,57
5805,-108,59,90,377,5,10,58
5805,-108,46,90,377,3,8,57
5805,-108,45,90,377,4,10,57
5805,-108,59,90,377,4,10,57
5805,-108,42,90,377,4,9,58
5805,-108,61,90,377,4,11,57
5805,-108,48,90,377,5,9,57
5805,-108,38,90,377,4,11,58
5805,-108,49,90,377,3,10,57
5805,-108,25,89,377,6,9,57
5805,-108,47,90,377,5,11,59
5805,-108,50,90,377,5,9,57
5805,-108,55,90,377,4,10,58
5805,-108,35,90,377,3,10,59
5805,-108,56,90,377,6,10,57
5805,-108,60,90,377,5,8,58
5805,-108,50,90,377,4,10,58
5805,-108,44,90,377,5,9,57
5805,-108,57,90,377,6,9,57
5805,-108,37,90,377,5,10,57
5805,-108,41,90,377,5,10,58
5805,-108,43,90,377,4,10,58
5805,-108,36,90,377,3,10,57
5805,-108,41,90,377,4,10,58
5805,-108,35,90,377,4,8,57
5805,-108,43,90,377,6,11,58
5805,-108,37,90,377,5,8,57
5805,-108,49,90,377,5,9,57
5805,-108,43,90,377,4,10,57
5805,-108,64,90,377,4,10,57
5805,-108,31,90,377,3,11,58
5805,-108,55,90,377,4,11,58
5805,-108,46,90,377,5,10,58
5805,-108,37,90,377,1,10,58
5805,-108,41,90,377,4,9,57
5805,-108,48,90,377,4,8,57
5805,-108,33,90,377,5,9,56
5805,-108,38,90,377,4,10,58
5805,-108,51,90,377,4,10,57
5805,-108,59,90,377,5,9,58
5805,-108,40,90,377,4,9,57
5805,-108,60,90,377,4,10,58
5805,-108,42,90,377,4,9,57
5805,-108,44,90,377,4,9,57
5805,-108,39,90,377,5,7,57
5805,-108,58,90,377,4,7,56
5805,-108,32,90,377,5,10,57
5805,-108,31,90,377,5,10,57
5805,-108,51,90,377,6,10,58
5805,-108,33,90,377,5,9,57
5805,-108,44,90,377,4,11,59
5805,-108,39,90,377,5,12,58
5805,-108,52,90,377,4,10,58
5805,-108,41,90,377,5,9,58
5805,-108,68,90,377,4,10,58
5805,-108,44,90,377,5,10,58
5805,-108,34,90,377,4,10,58
5805,-108,53,90,377,4,12,58
5805,-108,47,90,377,4,10,57
5805,-108,57,90,377,4,10,58
5805,-108,35,90,377,4,9,57
5805,-108,28,90,377,6,9,56
5805,-108,50,90,377,5,10,57
5805,-108,49,90,377,6,11,58
5805,-108,38,90,377,5,9,58
5805,-108,45,90,377,4,10,58
5805,-108,37,90,377,4,10,58
5805,-108,43,90,377,6,11,58
5805,-108,56,90,377,6,10,58
5805,-108,48,90,377,5,10,56
5805,-108,35,90,377,5,8,57
5805,-108,72,90,377,5,10,58
5805,-108,40,90,377,5,10,57
5805,-108,48,90,377,4,11,58
5805,-108,42,90,377,4,10,58
5805,-108,38,90,377,3,10,57
5805,-108,37,90,377,5,9,57
5805,-108,62,90,377,4,9,57
5805,-108,42,90,377,4,10,58
5805,-108,51,90,377,4,9,57
5805,-108,58,90,377,5,10,57
5805,-108,58,90,377,5,10,59
5805,-108,50,89,377,6,9,56
5805,-108,41,90,377,4,9,57
5805,-108,42,90,377,4,9,57
5805,-108,33,90,377,4,9,57
5805,-108,30,90,377,4,9,57
5805,-108,27,90,377,2,9,57
5805,-108,41,90,377,4,9,57
5805,-108,34,90,377,4,9,57
5805,-108,44,90,377,4,8,56
5805,-108,44,90,377,6,11,59
5805,-108,56,90,377,4,11,58
5805,-108,49,90,377,4,10,57
5805,-108,48,90,377,4,9,57
5805,-108,52,90,377,5,9,57
5805,-108,42,90,377,3,9,57
5805,-108,33,90,377,4,10,58
5805,-108,67,90,377,4,9,57
5805,-108,36,90,377,3,11,58
5805,-108,47,90,377,6,11,58
5805,-108,45,90,377,3,10,58
5805,-108,38,90,377,4,9,57
5805,-108,57,90,377,4,9,57
5805,-108,43,90,377,4,8,57
5805,-108,48,89,377,5,8,56
5805,-108,35,90,377,5,9,57
5805,-108,27,90,377,3,10,57
5805,-108,49,90,377,4,8,57
5805,-108,50,90,377,4,10,57
5805,-108,41,90,377,3,10,57
5805,-108,32,90,377,3,9,57
5805,-108,42,90,377,4,10,58
5805,-108,34,90,377,4,9,58
5805,-108,34,90,377,5,9,57
5805,-108,35,90,377,4,8,56
5805,-108,48,90,377,3,11,58
5805,-108,39,90,377,5,11,58
5805,-108,34,90,377,4,10,57
5805,-108,34,90,377,4,10,57
5805,-108,33,90,377,4,11,57
5805,-108,41,90,377,4,10,58
5805,-108,53,90,377,5,11,57
5805,-108,65,90,377,4,9,57
5805,-108,35,90,377,4,10,57
5805,-108,54,90,377,5,9,57
5805,-108,41,90,377,4,11,58
5805,-108,46,90,377,4,10,58
5805,-108,48,90,377,4,8,56
5805,-108,44,90,377,3,9,58
5805,-108,44,90,377,5,9,57
5805,-108,42,90,377,4,10,58
5805,-108,31,90,377,4,8,57
5805,-108,46,90,377,4,9,57
5805,-108,43,90,377,3,9,57
5805,-108,31,88,378,6,10,55
5805,-108,37,90,377,4,9,58
5805,-108,51,90,377,3,8,57
5805,-108,58,90,377,3,10,58
5805,-108,45,90,377,6,10,58
5805,-108,43,90,377,5,10,58
5805,-108,37,90,377,6,9,57
5805,-108,65,90,377,4,10,58
5805,-108,59,90,377,4,9,56
5805,-108,62,90,377,4,8,58
5805,-108,41,90,377,5,8,57
5805,-108,62,90,377,5,10,57
5805,-108,38,90,377,5,10,57
5805,-108,35,90,377,4,9,57
5805,-108,49,90,377,5,9,57
5805,-108,52,90,377,6,9,57
5805,-108,63,90,377,4,10,58
5805,-108,40,90,377,5,9,57
5805,-108,47,90,377,5,8,57
5805,-108,52,90,377,4,9,58
5805,-108,46,90,377,6,10,58
5805,-108,50,90,377,4,8,57
5805,-108,37,89,377,5,9,57
5805,-108,38,90,377,5,9,57
5805,-108,47,90,377,5,10,57
5805,-108,40,90,377,5,11,58
5805,-108,47,90,377,4,11,58
5805,-108,42,90,377,5,10,56
5805,-108,61,90,377,5,9,57
5805,-108,36,90,377,4,10,57
5805,-108,58,90,377,4,10,58
5805,-108,34,90,377,5,10,58
5805,-108,35,90,377,3,10,58
5805,-108,60,90,377,5,10,57
5805,-108,37,90,377,5,9,57
5805,-108,40,90,377,4,10,57
5805,-108,38,90,377,5,10,57
5805,-108,54,90,377,4,10,58
5805,-108,44,90,377,5,10,57
5805,-108,58,90,377,3,8,57
5805,-108,32,90,377,4,9,57
5805,-108,52,90,377,4,8,57
5805,-108,54,90,377,5,9,58
5805,-108,32,90,377,5,10,58
5805,-108,50,90,377,3,10,57
5805,-108,70,90,377,4,10,58
5805,-108,34,90,377,4,9,57
5805,-108,44,90,377,4,11,58
5805,-108,36,89,378,5,9,56
5805,-108,41,90,377,4,9,57
5805,-108,58,90,377,5,10,58
5805,-108,32,90,377,5,10,57
5805,-108,58,90,377,5,10,58
5805,-108,47,90,377,5,9,56
5805,-108,47,90,377,6,10,57
5805,-108,51,90,377,4,10,58
5805,-108,40,90,377,5,10,58
5805,-108,53,90,377,5,9,57
5805,-108,45,90,377,4,8,57
5805,-108,45,90,377,5,8,56
5805,-108,47,90,377,6,8,57
5805,-108,56,90,377,6,9,56
5805,-108,43,90,377,6,9,57
5805,-108,27,90,377,4,8,56
5805,-108,60,90,377,5,9,57
5805,-108,59,90,377,5,9,57
5805,-108,44,90,377,5,10,57
5805,-108,46,90,377,4,8,57
5805,-108,55,90,377,4,9,57
5805,-108,42,90,377,4,8,56
5805,-108,42,90,377,4,9,58
5805,-108,37,90,377,4,11,58
5805,-108,50,90,377,6,9,57
5805,-108,44,89,378,6,10,56
5805,-108,33,89,378,6,9,56
5805,-108,31,90,377,5,10,57
5805,-108,43,90,377,4,9,57
5805,-108,34,90,377,4,10,57
5805,-108,26,90,377,5,10,57
5805,-108,46,89,378,5,9,57
5805,-108,59,90,377,4,11,57
5805,-108,44,90,377,5,9,57
5805,-108,43,90,377,6,8,56
5805,-108,38,90,377,4,9,57
5805,-108,34,90,377,5,10,57
5805,-108,37,90,377,4,9,58
5805,-108,50,90,377,4,9,57
5805,-108,33,90,377,3,9,57
5805,-108,69,90,377,5,9,57
5805,-108,36,90,377,5,8,56
5805,-108,66,90,377,5,8,57
5805,-108,47,90,377,3,8,57
5805,-108,51,90,377,4,10,57
5805,-108,37,90,377,4,8,57
5805,-108,61,90,377,5,9,57
5805,-108,54,90,377,4,10,58
5805,-108,41,90,377,4,9,57
5805,-108,41,90,377,5,11,58
5805,-108,34,89,377,6,9,56
5805,-108,40,90,377,4,8,57
5805,-108,51,90,377,5,9,57
5805,-108,60,90,377,4,10,58
5805,-108,60,90,377,5,9,57
5805,-108,51,90,377,4,10,57
5805,-108,43,90,377,4,9,57
5805,-108,34,90,377,6,10,58
5805,-108,56,90,377,6,10,58
5805,-108,37,90,377,4,9,57
5805,-108,44,90,377,4,9,57
5805,-108,30,89,377,4,9,57
5805,-108,39,90,377,4,8,57
5805,-108,57,90,377,6,9,57
5805,-108,66,90,377,5,9,58
5805,-108,58,90,377,4,10,58
5805,-108,47,90,377,3,10,58
5805,-108,43,90,377,4,9,57
5805,-108,33,90,377,4,8,57
5805,-108,30,90,377,5,9,57
5805,-108,36,90,377,4,9,57
5805,-108,45,90,377,4,9,58
5805,-108,51,90,377,5,9,57
5805,-108,34,90,377,3,11,58
5805,-108,40,90,377,5,9,57
5805,-108,47,90,377,4,9,57
5805,-108,41,90,377,4,10,57
5805,-108,52,90,377,5,11,58
5805,-108,30,90,377,5,8,57
5805,-108,50,90,377,4,10,58
5805,-108,36,90,377,4,10,57
5805,-108,42,90,377,5,8,58
5805,-108,37,90,377,5,8,57
5805,-108,45,90,377,4,10,57
5805,-108,50,89,377,5,11,56
5805,-108,42,90,377,6,8,57
5805,-108,56,90,377,5,12,58
5805,-108,36,90,377,5,9,57
5805,-108,35,89,377,6,11,56
5805,-108,49,90,377,4,12,58
5805,-108,33,90,377,4,10,57
5805,-108,56,90,377,4,8,57
5805,-108,60,90,377,5,9,58
5805,-108,55,90,377,4,8,57
5805,-108,35,90,377,4,10,57
5805,-108,43,90,377,6,10,56
5805,-108,44,90,377,6,10,58
5805,-108,42,90,377,5,8,58
5805,-108,59,90,377,6,9,57
5805,-108,36,90,377,4,9,57
5805,-108,44,90,377,4,8,57
5805,-108,68,90,377,4,7,58
5805,-108,28,90,377,4,10,57
5805,-108,31,90,377,4,9,57
5805,-108,58,90,377,4,10,58
5805,-108,66,90,377,5,10,57
5805,-108,31,90,377,4,10,58
5805,-108,48,90,377,4,11,57
5805,-108,50,90,377,5,10,58
5805,-108,37,90,377,5,7,57
5805,-108,52,90,377,6,8,58
5805,-108,35,90,377,5,9,56
5805,-108,40,90,377,5,9,57
5805,-108,39,90,377,5,9,57
5805,-108,49,90,377,4,10,57
5805,-108,44,89,377,5,10,57
5805,-108,51,90,377,4,10,58
5805,-108,46,90,377,4,9,57
5805,-108,31,90,377,4,10,58
5805,-108,41,90,377,5,8,57
5805,-108,50,90,377,5,10,57
5805,-108,53,90,377,5,10,58
5805,-108,35,90,377,4,9,56
5805,-108,38,90,377,4,9,57
5805,-108,54,90,377,5,9,57
5805,-108,75,90,377,4,9,58
5805,-108,53,90,377,4,10,58
5805,-108,45,90,377,4,10,57
5805,-108,54,90,377,4,11,58
5805,-108,47,90,377,4,10,58
5805,-108,54,90,377,3,11,57
5805,-108,44,90,377,5,10,57
5805,-108,28,90,377,5,10,58
5805,-108,45,90,377,5,8,57
5805,-108,35,90,377,5,9,57
5805,-108,36,90,377,5,10,57
5805,-108,52,90,377,5,8,56
5805,-108,43,90,377,5,9,57
5805,-108,53,90,377,4,9,57
5805,-108,41,90,377,4,9,57
5805,-108,49,90,377,6,9,57
5805,-108,44,90,377,5,9,57
5805,-108,37,89,377,5,9,56
5805,-108,39,90,377,4,10,57
5805,-108,32,90,377,5,9,57
5805,-108,36,90,377,4,9,57
5805,-108,29,90,377,5,8,55
5805,-108,39,90,377,5,9,57
5805,-108,63,90,377,4,11,58
5805,-108,36,90,377,5,9,57
5805,-108,50,90,377,5,10,57
5805,-108,32,90,377,6,9,57
5805,-108,42,90,377,4,9,58
5805,-108,44,89,377,5,10,56
5805,-108,55,90,377,5,10,58
5805,-108,40,90,377,4,8,57
5805,-108,39,90,377,4,8,57
5805,-108,30,89,377,6,9,56
5805,-108,43,90,377,5,9,57
5805,-108,44,90,377,5,10,57
5805,-108,34,90,377,5,12,58
5805,-108,53,90,377,4,10,57
5805,-108,54,90,377,5,10,57
5805,-108,38,90,377,5,11,59
5805,-108,60,90,377,4,12,58
5805,-108,36,90,377,5,10,57
5805,-108,64,89,377,5,9,57
5805,-108,51,90,377,4,11,58
5805,-108,39,90,377,5,10,58
5805,-108,55,90,377,3,12,58
5805,-108,55,90,377,4,8,58
5805,-108,41,90,377,3,9,58
5805,-108,38,90,377,7,9,57
5805,-108,46,90,377,4,10,58
5805,-108,36,90,377,4,10,57
5805,-108,42,90,377,4,11,57
5805,-108,49,90,377,4,9,56
5805,-108,60,90,377,5,9,58
5805,-108,63,90,377,4,10,56
5745,-107,36,90,376,5,8,58
5745,-107,47,89,376,6,10,58
5745,-107,42,90,376,6,10,59
5745,-107,38,90,376,3,10,58
5745,-107,30,88,377,5,10,58
5745,-107,38,90,376,4,10,59
5745,-107,71,90,376,4,10,58
5745,-107,46,88,378,6,10,57
5745,-107,30,89,376,5,8,57
5745,-107,39,89,376,4,9,58
5745,-107,46,90,376,4,9,58
5745,-107,66,90,376,4,8,58
5745,-107,46,90,376,4,7,57
5745,-107,47,89,377,6,9,58
5745,-107,29,90,376,5,8,58
5745,-107,31,89,377,5,9,58
5745,-107,40,89,377,5,9,57
5745,-107,46,89,377,6,8,58
5745,-107,39,87,378,6,9,56
5745,-107,50,90,376,6,7,58
5745,-107,46,89,376,5,9,58
5745,-107,42,90,376,4,10,59
5745,-107,33,90,376,4,10,59
5745,-107,35,89,376,3,9,58
5745,-107,57,89,376,5,9,58
5745,-107,36,89,377,7,10,58
5745,-107,55,90,376,4,11,60
5745,-107,34,89,377,5,8,58
5745,-107,35,89,376,6,9,58
5745,-107,52,90,376,4,10,59
5745,-107,59,90,376,5,11,59
5745,-107,55,89,377,6,9,57
5745,-107,37,90,376,5,9,59
5745,-107,34,88,378,5,9,56
5745,-107,51,90,376,5,10,59
5745,-107,44,90,376,5,8,58
5745,-107,46,90,376,6,8,58
5745,-107,48,90,376,5,10,59
5745,-107,43,89,376,5,9,57
5745,-107,34,89,376,5,9,58
5745,-107,39,90,376,5,11,59
5745,-107,35,90,376,6,8,58
5745,-107,55,90,376,5,9,58
5745,-107,53,90,376,5,9,59
5745,-107,38,90,376,4,10,59
5745,-107,31,89,376,5,10,57
5745,-107,69,90,376,4,11,60
5745,-107,30,88,377,5,9,57
5745,-107,33,89,376,5,9,58
5745,-107,31,90,376,3,11,59
5745,-107,24,86,379,6,9,54
5745,-107,40,89,376,5,10,58
5745,-107,29,88,377,6,11,57
5745,-107,36,89,376,6,10,58
5745,-107,52,89,376,4,9,57
5745,-107,28,89,377,6,10,58
5745,-107,36,89,377,6,9,58
5745,-107,29,89,377,5,8,57
5745,-107,31,89,376,4,9,58
5745,-107,34,89,376,5,9,58
5745,-107,52,90,376,6,9,59
5745,-107,24,88,377,6,9,57
5745,-107,55,90,376,5,7,58
5745,-107,37,88,377,6,11,57
5745,-107,36,90,376,3,8,57
5745,-107,36,90,376,5,8,58
5745,-107,34,89,377,5,11,59
5745,-107,45,89,377,4,10,59
5745,-107,50,89,377,7,9,57
5745,-107,37,89,377,5,8,57
5745,-107,50,89,376,4,11,58
5745,-107,34,90,376,5,10,58
5745,-107,45,90,376,4,8,59
5745,-107,42,90,376,6,8,59
5745,-107,42,88,378,6,8,57
5745,-107,44,90,376,5,11,58
5745,-107,34,89,376,5,10,58
5745,-107,41,90,376,3,10,59
5745,-107,44,90,376,3,10,58
5745,-107,48,90,376,4,9,59
5745,-107,40,90,376,4,9,58
5745,-107,49,90,376,3,9,59
5745,-107,46,90,376,4,8,58
5745,-107,29,89,377,6,9,58
5745,-107,40,90,376,5,9,58
5745,-107,45,90,376,5,9,58
5745,-107,35,89,377,5,9,57
5745,-107,40,89,377,6,9,57
5745,-107,42,90,376,6,9,59
5745,-107,52,90,376,4,8,58
5745,-107,33,90,376,4,11,59
5745,-107,52,90,376,4,7,58
5745,-107,40,90,376,5,9,59
5745,-107,44,90,376,5,9,58
5745,-107,42,88,377,6,8,57
5745,-107,53,90,376,6,10,58
5745,-107,31,90,376,5,8,58
5745,-107,48,89,376,5,7,58
5745,-107,32,90,376,6,10,58
5745,-107,67,89,376,5,9,58
5745,-107,60,90,376,4,11,59
5745,-107,41,87,378,7,8,56
5745,-107,48,88,377,5,9,58
5745,-107,37,90,376,6,10,59
5745,-107,31,89,376,5,8,57
5745,-107,50,90,376,5,9,59
5745,-107,28,90,376,5,7,58
5745,-107,39,89,377,5,8,57
5745,-107,35,90,376,4,9,59
5745,-107,43,89,376,5,9,57
5745,-107,47,90,376,3,9,59
5745,-107,52,89,377,6,9,58
5745,-107,56,90,376,6,10,59
5745,-107,26,88,377,5,9,56
5745,-107,38,90,376,5,9,59
5745,-107,45,90,376,5,10,59
5745,-107,54,90,376,4,9,58
5745,-107,40,89,376,6,7,58
5745,-107,50,90,376,5,8,58
5745,-107,27,88,377,6,8,56
5745,-107,34,88,377,5,7,56
5745,-107,45,90,376,5,9,59
5745,-107,33,89,377,5,10,58
5745,-107,31,90,376,4,8,58
5745,-107,31,88,377,6,10,57
5745,-107,51,90,376,4,9,58
5745,-107,41,90,376,4,9,58
5745,-107,47,90,376,5,11,60
5745,-107,44,89,377,6,9,57
5745,-107,25,87,378,6,8,55
5745,-107,31,87,378,6,9,55
5745,-107,52,90,376,6,9,58
5745,-107,53,90,376,5,10,59
5745,-107,31,88,378,7,9,57
5745,-107,37,88,377,5,9,57
5745,-107,44,90,376,5,11,59
5745,-107,50,90,376,6,10,59
5745,-107,40,90,376,4,10,59
5745,-107,41,90,376,5,10,59
5745,-107,55,90,376,6,9,58
5745,-107,41,89,377,4,9,57
5745,-107,37,89,377,5,9,58
5745,-107,26,88,377,6,9,57
5745,-107,34,90,376,4,10,59
5745,-107,57,90,376,4,9,59
5745,-107,42,90,376,5,11,58
5745,-107,35,90,376,6,9,58
5745,-107,36,89,377,4,11,59
5745,-107,32,89,377,6,8,57
5745,-107,43,89,377,4,9,57
5745,-107,40,88,378,5,10,56
5745,-107,59,85,381,11,14,59
5745,-107,27,84,382,11,11,56
5745,-107,40,83,382,12,15,57
5745,-107,41,90,376,3,9,59
5745,-107,37,88,377,6,7,56
5745,-107,42,89,377,5,8,58
5745,-107,48,90,376,5,9,58
5745,-107,31,87,378,6,8,55
5745,-107,27,89,376,5,8,57
5745,-107,52,90,376,3,10,58
5745,-107,47,90,376,5,11,59
5745,-107,39,88,377,6,9,57
5745,-107,35,90,376,5,10,58
5745,-107,31,89,376,6,9,58
5745,-107,29,89,376,4,9,57
5745,-107,34,90,376,5,10,59
5745,-107,30,88,378,6,11,57
5745,-107,58,89,377,5,9,58
5745,-107,47,90,376,5,8,58
5745,-107,36,90,376,5,9,58
5745,-107,55,89,377,5,10,59
5745,-107,30,87,378,6,8,57
5745,-107,43,87,378,6,11,58
5745,-107,50,87,378,8,10,58
5745,-107,44,87,378,7,10,58
5745,-107,45,87,378,6,10,58
5745,-107,39,87,378,6,9,57
5745,-107,47,87,378,5,9,56
5745,-107,33,87,378,7,9,57
5745,-107,44,87,378,8,10,57
5745,-107,42,87,378,5,9,57
5745,-107,33,87,378,6,9,56
5745,-107,41,87,378,7,9,57
5745,-107,25,88,378,6,7,56
5745,-107,34,88,377,5,9,57
5745,-107,59,90,376,4,11,59
5745,-107,29,90,376,7,9,59
5745,-107,40,90,376,3,10,59
5745,-107,35,89,376,5,9,58
5745,-107,41,90,376,5,8,58
5745,-107,40,90,376,6,10,59
5745,-107,45,88,377,5,10,57
5745,-107,67,90,376,5,10,58
5745,-107,30,89,377,6,9,57
5745,-107,40,90,376,4,9,59
5745,-107,37,88,377,6,12,58
5745,-107,46,90,376,4,9,59
5745,-107,43,90,376,3,9,58
5745,-107,37,90,376,6,8,58
5745,-107,32,90,376,5,9,58
5745,-107,57,90,376,5,9,58
5745,-107,38,89,377,6,8,57
5745,-107,41,89,376,5,9,57
5745,-107,45,90,376,5,10,59
5745,-107,54,90,376,5,11,59
5745,-107,41,90,376,5,9,59
5745,-107,47,88,377,7,10,57
5745,-107,45,90,376,5,10,59
5745,-107,41,89,376,6,10,58
5745,-107,47,90,376,5,7,58
5745,-107,36,88,377,5,9,57
5745,-107,38,89,377,5,11,58
5745,-107,53,89,376,5,11,58
5745,-107,46,90,376,4,9,59
5745,-107,30,90,376,5,8,57
5745,-107,39,88,377,6,8,56
5745,-107,43,90,376,5,10,59
5745,-107,54,90,376,5,9,59
5745,-107,47,90,376,4,9,59
5745,-107,41,90,376,6,9,58
5745,-107,29,90,376,5,8,58
5745,-107,44,90,376,5,12,59
5745,-107,35,89,377,6,10,57
5745,-107,36,89,377,5,10,58
5745,-107,37,88,377,6,9,57
5745,-107,46,90,376,5,8,59
5745,-107,62,90,376,5,10,59
5745,-107,57,90,376,6,9,59
5745,-107,49,90,376,5,8,58
5745,-107,39,90,376,6,10,59
5745,-107,50,89,377,8,9,58
5745,-107,39,88,377,8,12,58
5745,-107,42,89,377,5,9,57
5745,-107,36,89,376,7,9,57
5745,-107,26,88,377,4,8,56
5745,-107,29,88,377,7,10,57
5745,-107,39,90,376,5,10,58
5745,-107,43,90,376,5,8,59
5745,-107,37,90,376,5,8,58
5745,-107,61,89,377,6,7,57
5745,-107,42,90,376,5,10,59
5745,-107,39,90,376,5,9,58
5745,-107,29,89,376,5,10,57
5745,-107,45,90,376,6,10,59
5745,-107,36,90,376,5,10,58
5745,-107,27,89,376,5,8,57
5745,-107,46,90,376,5,8,59
5745,-107,25,88,377,6,8,56
5745,-107,49,90,376,5,7,57
5745,-107,45,90,376,4,10,58
5745,-107,36,89,377,6,9,57
5745,-107,37,87,378,6,9,56
5745,-107,31,89,377,6,11,57
5745,-107,29,88,378,6,8,56
5745,-107,34,89,376,5,11,58
5745,-107,37,90,376,5,8,59
5745,-107,55,90,376,5,10,59
5745,-107,38,89,377,5,11,59
5745,-107,64,90,376,6,9,58
5745,-107,46,90,376,4,8,58
5745,-107,58,90,376,5,9,58
5745,-107,38,90,376,3,8,59
5745,-107,71,90,376,6,10,58
5745,-107,37,90,376,5,10,58
5745,-107,52,90,376,4,10,59
5745,-107,35,88,377,6,7,56
5745,-107,26,88,377,5,9,57
5745,-107,32,88,377,5,8,57
5745,-107,43,90,376,6,11,59
5745,-107,33,88,378,5,9,56
5745,-107,40,88,377,4,9,57
5745,-107,41,90,376,4,10,59
5745,-107,41,89,377,5,11,58
5745,-107,47,90,376,6,9,59
5745,-107,45,89,377,6,8,58
5745,-107,39,90,376,4,10,59
5745,-107,39,90,376,6,9,59
5745,-107,57,88,378,6,9,57
5745,-107,49,90,376,5,9,59
5745,-107,50,90,376,7,10,59
5745,-107,25,88,377,6,9,57
5745,-107,29,90,376,5,7,57
5745,-107,37,90,376,6,10,59
5745,-107,56,90,376,6,8,59
5745,-107,30,90,376,3,9,58
5745,-107,60,89,377,5,8,58
5745,-107,26,88,378,6,8,54
5745,-107,47,90,376,5,10,59
5745,-107,38,89,377,6,10,59
5745,-107,37,89,376,4,10,57
5745,-107,35,90,376,4,9,59
5745,-107,47,88,377,7,8,55
5745,-107,48,90,376,5,10,59
5745,-107,52,90,376,5,10,59
5745,-107,52,90,376,6,10,59
5745,-107,50,90,376,4,9,59
5745,-107,40,90,376,5,10,59
5745,-107,53,90,376,6,9,59
5745,-107,34,88,377,5,9,57
5745,-107,58,90,376,5,8,58
5745,-107,30,90,376,5,9,59
5745,-107,53,90,376,4,8,59
5745,-107,35,89,377,6,9,58
5745,-107,51,89,377,7,9,57
5745,-107,42,90,376,6,7,58
5745,-107,64,90,376,5,10,59
5745,-107,34,89,376,5,9,58
5745,-107,27,89,377,5,10,57
5745,-107,59,89,376,6,8,58
5745,-107,41,90,376,5,11,59
5745,-107,46,89,377,6,8,57
5745,-107,31,89,376,5,10,58
5745,-107,42,90,376,4,11,59
5745,-107,33,90,376,4,9,58
5745,-107,48,90,376,5,11,60
5745,-107,54,89,376,5,10,58
5745,-107,43,90,376,5,9,58
5745,-107,59,89,376,5,9,58
5745,-107,31,89,377,6,8,57
5745,-107,42,89,376,5,9,58
5745,-107,35,89,376,6,12,58
5745,-107,35,89,376,7,11,58
5745,-107,45,90,376,6,10,59
5745,-107,60,90,376,6,8,59
5745,-107,42,90,376,6,10,60
5745,-107,51,89,376,3,10,58
5745,-107,38,90,376,4,11,59
5745,-107,27,87,378,7,8,55
5745,-107,53,89,376,5,10,58
5745,-107,39,90,376,4,9,59
5745,-107,47,90,376,5,9,58
5745,-107,31,88,377,6,9,57
5745,-107,51,90,376,5,10,59
5745,-107,61,90,376,4,10,59
5745,-107,34,89,376,6,7,57
5745,-107,29,90,376,5,9,58
5745,-107,42,90,376,6,9,58
5745,-107,32,88,378,5,8,57
5745,-107,43,90,376,4,10,58
5745,-107,35,90,376,4,8,59
5745,-107,38,90,376,5,9,58
5745,-107,58,90,376,6,8,58
5745,-107,52,89,376,6,9,58
5745,-107,39,90,376,4,8,58
5745,-107,38,89,376,5,9,58
5745,-107,47,90,376,6,11,59
5745,-107,50,90,376,5,10,59
5745,-107,50,90,376,4,11,59
5745,-107,26,88,377,6,10,56
5745,-107,43,90,376,4,9,59
5745,-107,39,90,376,5,10,59
5745,-107,46,90,376,4,10,59
5745,-107,39,89,377,3,9,57
5745,-107,35,90,376,4,8,59
5745,-107,40,88,377,5,8,56
5745,-107,42,90,376,4,10,58
5745,-107,39,89,376,5,10,58
5745,-107,38,89,376,5,10,58
5745,-107,32,90,376,5,9,58
5745,-107,46,90,376,5,8,58
5745,-107,34,88,377,6,8,56
5745,-107,37,90,376,4,8,58
5745,-107,33,90,376,5,9,59
5745,-107,43,90,376,3,10,59
5745,-107,41,90,376,4,8,58
5745,-107,37,89,377,7,11,58
5745,-107,34,89,377,5,9,58
5745,-107,45,90,376,5,8,57
5745,-107,45,89,377,6,9,57
5745,-107,47,90,376,6,11,59
5745,-107,58,90,376,4,9,59
5745,-107,60,90,376,5,9,59
5745,-107,62,90,376,5,11,60
5745,-107,26,90,376,5,8,58
5745,-107,43,89,377,5,10,59
5745,-107,60,90,376,4,10,59
5745,-107,34,90,376,5,6,58
5745,-107,65,89,376,6,9,58
5745,-107,49,90,376,4,9,59
5745,-107,49,90,376,4,9,59
5745,-107,39,90,376,5,10,59
5745,-107,32,88,377,6,9,55
5745,-107,41,90,376,4,9,59
5745,-107,68,90,376,5,10,59
5745,-107,39,90,376,5,9,59
5745,-107,29,89,377,5,10,58
5745,-107,29,89,376,5,10,58
5745,-107,39,89,376,6,10,59
5745,-107,36,90,376,4,9,58
5745,-107,41,89,377,5,8,57
5745,-107,38,90,376,5,9,58
5745,-107,29,90,376,6,9,58
5745,-107,51,89,377,5,10,58
5745,-107,48,89,377,5,9,57
5745,-107,28,88,377,6,7,56
5745,-107,46,90,376,4,10,59
5745,-107,31,89,376,5,7,56
5745,-107,26,89,376,6,9,57
5745,-107,59,90,376,6,9,59
5745,-107,34,88,377,5,10,56
5745,-107,44,90,376,5,10,59
5745,-107,41,89,377,6,8,57
5745,-107,54,89,376,5,9,57
5745,-107,34,90,376,5,11,58
5745,-107,40,90,376,5,9,58
5745,-107,31,89,376,5,9,58
5745,-107,34,89,376,5,9,57
5745,-107,30,87,378,6,10,56
5745,-107,32,90,376,3,9,57
5745,-107,58,90,376,5,7,58
5745,-107,42,90,376,5,9,58
5745,-107,37,89,376,4,9,58
5745,-107,40,90,376,4,10,59
5745,-107,40,90,376,4,11,59
5745,-107,37,90,376,3,9,58
5745,-107,29,87,378,6,9,56
5745,-107,38,89,377,4,10,58
5745,-107,36,90,376,4,8,58
5745,-107,34,88,377,5,10,57
5745,-107,59,90,376,5,9,59
5745,-107,32,88,377,5,9,56
5745,-107,45,90,376,4,9,58
5745,-107,41,90,376,5,9,57
5745,-107,39,90,376,5,9,59
5745,-107,33,90,376,5,11,59
5745,-107,53,88,377,6,9,57
5745,-107,43,90,376,5,8,57
5745,-107,38,90,376,5,10,59
5745,-107,35,89,377,5,9,58
5745,-107,25,88,377,5,8,56
5745,-107,40,90,376,5,12,59
5745,-107,45,90,376,5,9,59
5745,-107,43,89,376,6,10,57
5745,-107,50,88,377,6,8,57
5745,-107,31,90,376,4,9,58
5745,-107,43,89,376,5,12,59
5745,-107,63,90,376,5,11,59
5745,-107,44,89,377,5,8,56
5745,-107,44,89,376,5,9,59
5745,-107,52,90,376,5,11,59
5745,-107,40,89,377,5,11,58
5745,-107,36,90,376,5,9,59
5745,-107,43,90,376,5,9,59
5745,-107,36,90,376,4,9,59
5745,-107,42,90,376,6,10,59
5745,-107,29,90,376,5,9,58
5745,-107,32,89,376,5,9,57
5745,-107,43,89,376,6,8,57
5745,-107,59,90,376,4,9,59
5745,-107,39,89,377,6,8,56
5745,-107,41,90,376,5,10,59
5745,-107,38,89,377,4,10,58
5745,-107,26,88,378,5,9,56
5745,-107,34,90,376,5,10,59
5745,-107,44,90,376,4,10,59
5745,-107,46,90,376,4,9,58
5745,-107,33,89,376,4,11,58
5745,-107,63,90,376,5,9,59
5745,-107,51,90,376,5,9,59
5745,-107,35,90,376,7,10,59
5745,-107,34,90,376,6,10,59
5745,-107,47,90,376,4,9,59
5745,-107,41,90,376,6,9,58
5745,-107,52,89,376,5,9,57
5745,-107,58,90,376,5,10,58
5745,-107,51,90,376,6,9,58
5745,-107,58,89,376,4,9,57
5745,-107,36,90,376,6,10,58
5745,-107,45,90,376,4,9,58
5745,-107,31,90,376,4,6,57
5745,-107,33,89,376,6,9,57
5745,-107,60,90,376,6,10,59
5745,-107,41,89,376,5,10,58
5745,-107,35,89,376,7,10,57
5745,-107,34,89,376,6,9,58
5745,-107,48,90,376,5,10,59
5745,-107,51,90,376,6,9,59
5745,-107,47,90,376,5,7,58
5745,-107,29,89,376,4,9,58
5745,-107,37,88,378,5,10,57
5745,-107,28,88,378,6,10,58
5745,-107,43,90,376,4,10,59
5745,-107,41,89,377,5,11,58
5745,-107,35,90,376,5,9,58
5745,-107,36,89,376,6,10,58
5745,-107,39,90,376,5,9,58
5745,-107,40,88,377,6,10,57
5745,-107,43,89,377,5,9,57
5745,-107,44,90,376,4,10,59
5745,-107,48,90,376,4,9,59
5745,-107,35,90,376,5,10,59
5745,-107,44,90,376,6,9,58
5745,-107,32,88,377,4,8,56
5745,-107,35,90,376,5,8,59
5745,-107,40,88,378,6,7,55
5745,-107,46,89,376,5,9,58
5745,-107,33,90,376,5,8,58
5745,-107,33,89,376,5,10,58
5745,-107,31,89,376,5,9,57
5745,-107,35,90,376,6,8,58
5745,-107,39,90,376,4,10,59
5745,-107,39,90,376,4,9,58
5745,-107,42,89,377,6,9,58
5745,-107,53,89,376,4,10,57
5745,-107,46,88,377,5,9,58
5745,-107,37,89,377,5,9,57
5745,-107,38,90,376,5,8,58
5745,-107,55,90,376,4,9,58
5745,-107,49,90,376,5,9,59
5745,-107,35,90,376,6,8,58
5745,-107,42,90,376,5,9,59
5745,-107,31,89,376,5,8,57
5745,-107,32,89,376,4,9,58
5745,-107,48,90,376,4,9,59
5745,-107,55,89,377,6,8,57
5745,-107,30,89,377,5,10,58
5745,-107,43,87,378,5,8,56
5745,-107,42,90,376,5,8,59
5745,-107,28,87,379,5,8,57
5745,-107,40,89,376,5,10,58
5745,-107,36,89,376,5,9,58
5745,-107,36,90,376,5,11,59
5745,-107,42,90,376,4,8,58
5745,-107,41,90,376,5,8,59
5745,-107,64,89,376,5,9,57
5745,-107,56,90,376,5,7,58
5745,-107,32,89,377,5,8,56
5745,-107,33,89,376,5,10,58
5745,-107,35,89,376,4,10,57
5745,-107,44,90,376,6,10,59
5745,-107,36,89,376,6,8,57
5745,-107,40,90,376,5,8,58
5745,-107,31,89,377,7,10,58
5745,-107,58,89,377,7,8,58
5745,-107,33,89,377,5,10,57
5745,-107,33,90,376,5,8,58
5745,-107,34,88,378,4,10,57
5745,-107,53,90,376,5,9,60
5745,-107,62,90,376,5,7,58
5745,-107,46,89,377,5,9,58
5745,-107,33,90,376,6,10,58
5745,-107,40,88,377,6,9,57
5745,-107,39,90,376,5,8,59
5745,-107,67,90,376,5,7,58
5745,-107,37,90,376,5,10,59
5745,-107,54,89,376,4,11,58
5745,-107,33,88,377,7,8,57
5745,-107,30,89,376,5,9,57
5745,-107,38,90,376,5,8,58
5745,-107,47,90,376,4,10,58
5745,-107,44,88,377,7,9,56
5745,-107,40,90,376,4,10,59
5745,-107,61,90,376,5,7,59
5745,-107,32,90,376,4,8,59
5745,-107,41,90,376,4,10,59
5745,-107,47,89,376,5,9,57
5745,-107,40,89,376,5,10,58
5745,-107,29,89,377,4,7,57
5745,-107,47,89,377,6,9,58
5745,-107,34,89,376,5,11,58
5745,-107,39,90,376,4,9,58
5745,-107,29,89,376,4,8,57
5745,-107,35,90,376,4,9,58
5745,-107,60,90,376,5,9,58
5745,-107,48,89,376,5,8,57
5745,-107,35,89,377,6,9,58
5745,-107,36,90,376,5,9,58
5745,-107,41,89,376,5,10,58
5745,-107,56,90,376,6,10,59
5745,-107,54,89,377,5,10,58
5745,-107,30,89,376,6,8,57
5745,-107,39,89,377,5,10,58
5745,-107,39,90,376,5,11,59
5745,-107,45,90,376,3,10,58
5745,-107,57,90,376,6,10,59
5745,-107,27,89,377,5,8,57
5745,-107,28,89,377,6,10,57
5745,-107,62,89,377,5,8,58
5745,-107,34,90,376,4,9,57
5745,-107,34,90,376,5,9,58
5745,-107,39,89,377,6,10,58
5745,-107,30,89,376,5,9,57
5745,-107,40,90,376,5,10,59
5745,-107,37,88,378,5,9,57
5745,-107,48,90,376,5,8,58
5745,-107,50,90,376,6,10,59
5745,-107,43,89,376,5,10,58
5745,-107,43,89,376,6,8,57
5745,-107,39,89,377,6,9,57
5745,-107,40,90,376,5,9,59
5745,-107,44,90,376,5,11,59
5745,-107,37,89,377,5,10,58
5745,-107,30,89,376,4,10,58
5745,-107,44,90,376,4,10,59
5745,-107,32,88,377,5,10,55
5745,-107,43,90,376,4,11,59
5745,-107,32,89,377,4,10,58
5745,-107,31,88,378,6,10,56
5745,-107,43,90,376,6,9,59
5745,-107,44,90,376,5,9,58
5745,-107,43,89,377,6,11,58
5745,-107,45,89,377,5,11,59
5745,-107,34,89,376,6,8,57
5745,-107,40,89,376,5,8,57
5745,-107,45,89,376,4,10,58
5745,-107,35,90,376,5,10,58
5745,-107,33,90,376,5,10,59
5745,-107,46,90,376,6,9,58
5745,-107,39,90,376,3,10,59
5745,-107,29,89,377,6,10,58
5745,-107,48,90,376,5,10,59
5745,-107,32,88,377,5,9,57
5745,-107,35,90,376,6,8,58
5745,-107,40,90,376,4,9,58
5745,-107,47,90,376,4,9,59
5745,-107,38,89,376,5,10,58
5745,-107,44,89,376,4,9,57
5745,-107,52,90,376,5,8,58
5745,-107,47,90,376,5,10,59
5745,-107,44,90,376,5,8,58
5745,-107,28,87,378,7,8,56
5745,-107,67,90,376,5,10,59
5745,-107,54,90,376,4,8,59
5745,-107,39,88,377,5,9,57
5745,-107,39,90,376,3,8,57
5745,-107,35,89,376,5,9,57
5745,-107,46,90,376,5,10,59
5745,-107,44,89,377,6,8,57
5745,-107,39,89,376,4,12,58
5745,-107,46,90,376,5,8,58
5745,-107,44,90,376,5,10,59
5745,-107,49,90,376,5,10,59
5745,-107,40,89,377,6,10,57
5745,-107,46,89,376,6,9,58
5745,-107,71,90,376,5,10,59
5745,-107,34,88,377,6,8,56
5745,-107,32,89,376,4,6,57
5745,-107,36,90,376,3,9,59
5745,-107,36,89,376,6,7,57
5745,-107,32,90,376,3,10,59
5745,-107,38,88,378,5,7,56
5745,-107,48,89,376,5,9,58
5745,-107,40,90,376,5,8,58
5745,-107,33,89,376,5,10,59
5745,-107,38,90,376,5,10,58
5745,-107,42,90,376,4,9,58
5745,-107,30,90,376,4,8,57
5745,-107,26,89,377,7,7,57
5745,-107,55,90,376,4,10,59
5745,-107,43,89,376,5,9,58
5745,-107,57,90,376,4,9,58
5745,-107,37,89,376,6,10,58
5745,-107,41,90,376,5,9,59
5745,-107,34,89,377,6,10,58
5745,-107,36,89,376,5,8,57
5745,-107,53,90,376,4,8,58
5745,-107,50,90,376,7,10,58
5745,-107,68,90,376,5,9,58
5745,-107,44,90,376,6,11,59
5745,-107,27,88,377,5,10,57
5745,-107,39,90,376,5,9,58
5745,-107,33,89,377,7,9,57
5745,-107,39,90,376,6,10,59
5745,-107,40,89,377,4,10,58
5745,-107,36,90,376,4,8,59
5745,-107,41,90,376,6,9,58
5745,-107,39,90,376,5,10,60
5745,-107,40,90,376,5,7,58
5745,-107,32,89,376,5,10,58
5745,-107,40,90,376,4,10,59
5745,-107,41,88,377,5,9,57
5745,-107,25,88,377,4,9,57
5745,-107,36,90,376,4,10,59
5745,-107,28,90,376,6,9,58
5745,-107,33,90,376,4,11,59
5745,-107,31,87,378,7,9,57
5745,-107,53,90,376,5,9,59
5745,-107,36,90,376,5,10,58
5745,-107,35,89,377,4,10,58
5745,-107,35,89,376,4,11,59
5745,-107,35,89,376,5,9,58
5745,-107,47,90,376,4,7,58
5745,-107,40,90,376,5,8,58
5745,-107,39,90,376,3,9,58
5745,-107,50,90,376,5,10,59
5745,-107,52,90,376,5,10,58
5745,-107,33,90,376,4,8,58
5745,-107,39,89,377,6,8,57
5745,-107,34,88,377,6,8,57
5745,-107,50,90,376,5,9,58
5745,-107,36,89,376,5,8,57
5745,-107,27,88,377,6,10,57
5745,-107,35,90,376,4,11,59
5745,-107,51,89,376,6,9,57
5745,-107,37,90,376,5,10,59
5805,-107,54,90,376,4,10,58
5805,-107,49,89,376,3,12,57
5805,-107,33,90,376,3,9,57
5805,-107,32,89,377,4,9,56
5805,-107,55,90,376,3,9,58
5805,-107,47,90,376,4,9,58
5805,-107,44,90,376,5,8,57
5805,-107,45,90,376,3,10,58
5805,-107,57,90,376,3,10,57
5805,-107,38,90,376,3,10,58
5805,-107,43,90,376,4,10,58
5805,-107,51,90,376,4,8,56
5805,-107,54,90,376,4,9,58
5805,-107,53,90,376,4,10,58
5805,-107,37,90,376,3,10,57
5805,-107,51,90,376,4,9,57
5805,-107,39,90,376,4,11,57
5805,-107,42,90,376,3,10,58
5805,-107,38,90,376,4,9,58
5805,-107,47,90,376,4,8,56
5805,-107,49,90,376,4,7,57
5805,-107,42,90,376,4,9,57
5805,-107,44,90,376,3,11,57
5805,-107,32,90,376,3,9,57
5805,-107,51,90,376,5,10,57
5805,-107,50,90,376,4,9,57
5805,-107,38,90,376,3,10,58
5805,-107,33,90,376,3,9,57
5805,-107,47,90,376,2,10,58
5805,-107,50,90,376,2,9,57
5805,-107,30,90,376,4,8,56
5805,-107,33,90,376,3,9,57
5805,-107,38,90,376,4,9,57
5805,-107,62,90,376,4,9,57
5805,-107,32,90,376,4,9,58
5805,-107,36,90,376,4,8,57
5805,-107,32,90,376,3,9,56
5805,-107,46,90,376,3,11,57
5805,-107,44,89,376,4,8,57
5805,-107,48,90,376,4,9,57
5805,-107,52,90,376,3,8,57
5805,-107,34,90,376,2,9,57
5805,-107,55,90,376,3,9,57
5805,-107,55,90,376,3,10,58
5805,-107,30,90,376,1,9,57
5805,-107,37,90,376,1,10,57
5805,-107,45,90,376,3,9,57
5805,-107,42,90,376,4,9,57
5805,-107,35,90,376,4,10,57
5805,-107,35,90,376,3,9,58
5805,-107,57,90,376,3,11,58
5805,-107,44,90,376,4,9,57
5805,-107,49,90,376,3,10,57
5805,-107,62,90,376,3,10,57
5805,-107,52,89,376,4,10,56
5805,-107,36,90,376,3,8,56
5805,-107,49,90,376,4,8,57
5805,-107,41,90,376,3,9,57
5805,-107,47,90,376,3,10,57
5805,-107,32,90,376,1,8,56
5805,-107,32,90,376,3,10,58
5805,-107,42,90,376,4,7,56
5805,-107,42,90,376,3,9,57
5805,-107,45,90,376,3,7,57
5805,-107,53,90,376,3,9,57
5805,-107,46,90,376,3,9,57
5805,-107,42,90,376,4,9,57
5805,-107,47,90,376,3,9,57
5805,-107,41,90,376,4,9,57
5805,-107,37,90,376,2,9,57
5805,-107,52,90,376,3,10,57
5805,-107,46,90,376,3,10,57
5805,-107,51,90,376,3,9,57
5805,-107,30,90,376,3,10,57
5805,-107,39,90,376,2,10,57
5805,-107,58,90,376,2,9,58
5805,-107,43,90,376,2,10,58
5805,-107,37,90,376,2,10,57
5805,-107,57,90,376,3,10,58
5805,-107,40,90,376,2,9,57
5805,-107,50,90,376,4,10,58
5805,-107,35,90,376,3,10,58
5805,-107,46,90,376,3,9,57
5805,-107,31,90,376,3,7,56
5805,-107,35,90,376,3,8,57
5805,-107,48,90,376,3,9,57
5805,-107,44,90,376,2,8,57
5805,-107,38,90,376,3,8,56
5805,-107,52,90,376,4,11,58
5805,-107,31,90,376,2,10,57
5805,-107,50,90,376,3,9,57
5805,-107,40,89,376,4,11,57
5805,-107,42,90,376,2,10,57
5805,-107,39,90,376,3,11,58
5805,-107,35,90,376,3,9,58
5805,-107,46,90,376,4,9,56
5805,-107,40,90,376,4,9,57
5805,-107,43,90,376,4,9,57
5805,-107,33,90,376,3,9,56
5805,-107,62,89,376,4,9,57
5805,-107,41,90,376,2,10,57
5805,-107,37,90,376,2,11,57
5805,-107,32,90,376,4,7,56
5805,-107,37,90,376,3,9,56
5805,-107,38,90,376,3,11,57
5805,-107,34,90,376,5,9,56
5805,-107,42,90,376,3,10,58
5805,-107,48,90,376,3,9,57
5805,-107,55,90,376,4,12,58
5805,-107,58,90,376,3,10,57
5805,-107,64,90,376,3,8,57
5805,-107,49,90,376,4,11,58
5805,-107,28,90,376,3,9,57
5805,-107,47,90,376,3,11,58
5805,-107,33,90,376,3,8,56
5805,-107,52,90,376,3,9,57
5805,-107,36,90,376,3,10,57
5805,-107,47,90,376,3,9,57
5805,-107,43,90,376,1,9,57
5805,-107,44,89,376,3,8,56
5805,-107,52,90,376,4,11,58
5805,-107,24,88,377,4,9,55
5805,-107,37,90,376,3,9,57
5805,-107,36,90,376,4,10,57
5805,-107,52,90,376,3,9,58
5805,-107,35,90,376,4,10,57
5805,-107,45,90,376,3,9,57
5805,-107,35,90,376,3,9,57
5805,-107,50,90,376,3,9,57
5805,-107,47,90,376,2,10,57
5805,-107,49,90,376,3,8,58
5805,-107,42,89,376,4,8,55
5805,-107,32,90,376,3,9,56
5805,-107,50,90,376,2,9,58
5805,-107,49,90,376,3,10,57
5805,-107,57,90,376,2,10,58
5805,-107,71,90,376,2,8,57
5805,-107,38,90,376,3,10,57
5805,-107,33,90,376,3,8,57
5805,-107,33,90,376,4,9,57
5805,-107,41,90,376,3,10,57
5805,-107,53,90,376,4,11,57
5805,-107,51,90,376,3,9,57
5805,-107,49,90,376,3,11,58
5805,-107,38,90,376,2,9,58
5805,-107,41,90,376,2,9,58
5805,-107,47,90,376,4,9,57
5805,-107,59,90,376,2,9,56
5805,-107,44,90,376,3,10,58
5805,-107,41,90,376,3,10,57
5805,-107,43,90,376,2,10,58
5805,-107,46,90,376,4,10,58
5805,-107,55,90,376,4,10,57
5805,-107,47,90,376,4,9,57
5805,-107,75,90,376,1,10,58
5805,-107,41,90,376,3,9,58
5805,-107,54,90,376,3,11,58
5805,-107,43,90,376,4,10,58
5805,-107,33,90,376,3,9,57
5805,-107,53,90,376,3,10,57
5805,-107,44,90,376,3,11,58
5805,-107,31,90,376,4,9,57
5805,-107,53,90,376,4,10,57
5805,-107,32,90,376,4,10,57
5805,-107,67,90,376,3,9,58
5805,-107,49,90,376,3,10,57
5805,-107,43,90,376,3,9,57
5805,-107,35,90,376,2,11,58
5805,-107,47,90,376,4,9,57
5805,-107,46,90,376,3,9,57
5805,-107,47,90,376,4,11,58
5805,-107,43,90,376,4,10,58
5805,-107,43,90,376,3,9,57
5805,-107,42,90,376,3,7,56
5805,-107,33,90,376,3,11,57
5805,-107,47,90,376,4,9,57
5805,-107,36,90,376,3,12,58
5805,-107,34,90,376,4,10,57
5805,-107,38,90,376,3,11,57
5805,-107,47,90,376,3,9,57
5805,-107,38,90,376,3,10,57
5805,-107,42,90,376,4,8,56
5805,-107,59,90,376,2,10,57
5805,-107,38,90,376,3,10,57
5805,-107,26,90,376,4,9,56
5805,-107,51,90,376,4,9,57
5805,-107,37,90,376,3,9,57
5805,-107,37,90,376,4,11,58
5805,-107,34,90,376,3,10,57
5805,-107,35,89,377,4,10,56
5805,-107,55,90,376,4,9,57
5805,-107,40,90,376,3,9,57
5805,-107,38,90,376,4,9,57
5805,-107,31,90,376,2,8,57
5805,-107,34,90,376,2,10,57
5805,-107,40,90,376,4,9,57
5805,-107,50,90,376,3,11,58
5805,-107,40,89,376,4,11,57
5805,-107,47,90,376,2,10,57
5805,-107,38,90,376,3,9,56
5805,-107,37,90,376,2,11,58
5805,-107,35,90,376,2,9,57
5805,-107,35,90,376,3,10,57
5805,-107,40,90,376,5,10,58
5805,-107,35,90,376,3,8,57
5805,-107,32,90,376,4,10,57
5805,-107,44,90,376,2,10,57
5805,-107,55,90,376,4,9,57
5805,-107,28,90,376,3,10,57
5805,-107,47,90,376,3,11,57
5805,-107,38,90,376,3,9,57
5805,-107,44,90,376,2,8,56
5805,-107,42,90,376,3,10,57
5805,-107,40,90,376,3,8,56
5805,-107,30,90,376,2,8,57
5805,-107,67,90,376,3,10,57
5805,-107,49,90,376,4,10,57
5805,-107,45,90,376,3,8,57
5805,-107,57,90,376,4,9,58
5805,-107,43,90,376,3,9,57
5805,-107,58,90,376,3,10,58
5805,-107,40,90,376,2,10,57
5805,-107,53,90,376,3,9,58
5805,-107,50,90,376,3,11,57
5805,-107,47,90,376,4,11,58
5805,-107,45,89,376,3,9,56
5805,-107,55,90,376,3,9,58
5805,-107,29,90,376,3,10,57
5805,-107,48,90,376,4,9,57
5805,-107,34,90,376,5,10,57
5805,-107,35,90,376,5,10,57
5805,-107,35,90,376,3,11,57
5805,-107,52,90,376,3,10,59
5805,-107,31,89,376,4,8,55
5805,-107,30,89,376,4,8,55
5805,-107,39,89,376,5,9,55
5805,-107,44,90,376,3,9,57
5805,-107,48,90,376,3,9,58
5805,-107,35,90,376,4,9,57
5805,-107,35,90,376,4,8,56
5805,-107,44,90,376,5,11,57
5805,-107,48,89,376,3,11,57
5805,-107,40,90,376,5,9,57
5805,-107,59,90,376,4,9,58
5805,-107,59,90,376,2,7,57
5805,-107,50,90,376,3,9,57
5805,-107,45,90,376,3,12,58
5805,-107,33,89,376,4,9,57
5805,-107,40,90,376,4,9,57
5805,-107,41,90,376,4,10,58
5805,-107,30,90,376,2,8,57
5805,-107,44,90,376,3,9,57
5805,-107,42,90,376,3,8,57
5805,-107,29,89,376,4,9,56
5805,-107,31,90,376,3,8,57
5805,-107,40,90,376,4,8,56
5805,-107,39,90,376,3,9,57
5805,-107,40,90,376,4,10,58
5805,-107,29,90,376,3,8,56
5805,-107,29,90,376,4,8,56
5805,-107,46,90,376,3,9,56
5805,-107,50,90,376,4,10,58
5805,-107,30,90,376,3,11,58
5805,-107,38,89,376,5,8,56
5805,-107,42,90,376,4,8,57
5805,-107,43,90,376,3,10,58
5805,-107,41,90,376,2,11,58
5805,-107,35,90,376,4,9,57
5805,-107,62,90,376,4,11,57
5805,-107,52,90,376,3,11,58
5805,-107,49,90,376,4,8,57
5805,-107,45,90,376,2,9,57
5805,-107,43,89,377,4,10,56
5805,-107,70,90,376,3,9,58
5805,-107,35,90,376,4,11,58
5805,-107,41,90,376,4,8,57
5805,-107,40,90,376,3,9,58
5805,-107,52,90,376,5,11,58
5805,-107,44,90,376,3,8,57
5805,-107,45,90,376,3,10,57
5805,-107,47,90,376,3,10,58
5805,-107,46,90,376,3,10,57
5805,-107,31,90,376,4,11,57
5805,-107,44,90,376,3,9,58
5805,-107,50,90,376,4,8,57
5805,-107,43,89,377,5,9,56
5805,-107,40,90,376,3,10,57
5805,-107,46,90,376,3,8,57
5805,-107,49,90,376,4,9,57
5805,-107,37,90,376,4,9,57
5805,-107,45,90,376,4,11,57
5805,-107,48,90,376,4,11,57
5805,-107,42,90,376,3,10,58
5805,-107,52,90,376,3,10,58
5805,-107,35,90,376,3,9,57
5805,-107,55,90,376,4,9,57
5805,-107,42,90,376,3,9,57
5805,-107,29,90,376,4,9,56
5805,-107,41,90,376,4,9,57
5805,-107,31,90,376,3,8,57
5805,-107,50,90,376,3,10,58
5805,-107,44,90,376,2,10,57
5805,-107,25,90,376,4,10,57
5805,-107,44,90,376,4,9,58
5805,-107,28,90,376,3,8,55
5805,-107,39,89,377,4,9,56
5805,-107,43,90,376,4,9,57
5805,-107,36,89,376,3,10,56
5805,-107,47,90,376,4,10,57
5805,-107,32,90,376,4,10,58
5805,-107,41,90,376,5,10,58
5805,-107,37,90,376,4,9,57
5805,-107,43,90,376,2,9,57
5805,-107,58,90,376,2,11,59
5805,-107,52,90,376,4,9,58
5805,-107,50,90,376,4,11,58
5805,-107,31,90,376,4,8,56
5805,-107,40,90,376,5,8,57
5805,-107,42,90,376,5,11,58
5805,-107,38,90,376,4,9,57
5805,-107,30,90,376,4,9,57
5805,-107,37,90,376,4,9,57
5805,-107,46,90,376,4,9,58
5805,-107,38,90,376,3,8,56
5805,-107,49,90,376,3,9,57
5805,-107,45,90,376,4,9,58
5805,-107,46,89,376,3,10,57
5805,-107,32,90,376,5,9,58
5805,-107,48,90,376,3,9,57
5805,-107,37,90,376,5,8,56
5805,-107,38,90,376,4,11,58
5805,-107,39,90,376,4,10,58
5805,-107,53,90,376,2,10,57
5805,-107,32,90,376,4,10,57
5805,-107,50,90,376,4,8,56
5805,-107,36,90,376,3,10,57
5805,-107,51,90,376,4,9,57
5805,-107,40,90,376,4,10,58
5805,-107,34,90,376,4,7,57
5805,-107,41,90,376,2,8,56
5805,-107,41,90,376,4,9,57
5805,-107,31,90,376,5,9,58
5805,-107,32,90,376,4,8,57
5805,-107,45,90,376,3,9,57
5805,-107,31,90,376,4,9,56
5805,-107,33,90,376,4,8,57
5805,-107,41,90,376,4,9,57
5805,-107,39,90,376,5,9,57
5805,-107,58,90,376,3,9,57
5805,-107,50,90,376,5,9,57
5805,-107,42,90,376,4,9,57
5805,-107,40,90,376,4,9,58
5805,-107,31,90,376,4,10,57
5805,-107,34,90,376,3,10,59
5805,-107,31,90,376,3,11,57
5805,-107,36,90,376,5,9,57
5805,-107,50,90,376,4,10,58
5805,-107,37,90,376,3,9,57
5805,-107,41,90,376,4,9,57
5805,-107,38,90,376,3,9,57
5805,-107,35,90,376,3,10,57
5805,-107,45,90,376,4,10,58
5805,-107,32,90,376,4,9,57
5805,-107,47,90,376,3,9,57
5805,-107,41,90,376,3,9,56
5805,-107,34,90,376,4,10,58
5805,-107,52,89,376,4,9,57
5805,-107,34,90,376,3,9,57
5805,-107,55,90,376,3,8,57
5805,-107,55,90,376,4,12,57
5805,-107,44,90,376,4,10,58
5805,-107,36,90,376,4,9,57
5805,-107,53,90,376,3,11,59
5805,-107,65,90,376,4,9,57
5805,-107,52,90,376,4,7,56
5805,-107,54,90,376,3,10,58
5805,-107,36,90,376,4,9,57
5805,-107,39,90,376,3,9,57
5805,-107,45,90,376,5,8,57
5805,-107,42,90,376,4,10,57
5805,-107,33,90,376,4,9,57
5805,-107,28,90,376,5,10,57
5805,-107,42,90,376,2,10,57
5805,-107,50,90,376,4,10,58
5805,-107,39,90,376,3,9,56
5805,-107,38,90,376,4,7,57
5805,-107,36,90,376,3,10,57
5805,-107,50,90,376,4,7,56
5805,-107,51,90,376,3,7,58
5805,-107,50,90,376,4,10,57
5805,-107,60,90,376,3,9,57
5805,-107,39,90,376,3,7,57
5805,-107,48,90,376,3,9,57
5805,-107,62,90,376,4,8,57
5805,-107,47,90,376,3,10,59
5805,-107,49,90,376,3,8,57
5805,-107,41,90,376,3,9,58
5805,-107,33,90,376,4,10,57
5805,-107,33,90,376,3,11,57
5805,-107,40,90,376,3,9,57
5805,-107,52,90,376,4,9,57
5805,-107,52,90,376,2,10,57
5805,-107,42,90,376,4,9,57
5805,-107,52,90,376,3,10,58
5805,-107,37,90,376,4,10,58
5805,-107,44,90,376,2,10,57
5805,-107,31,90,376,4,9,58
5805,-107,52,90,376,3,10,57
5805,-107,38,90,376,3,8,58
5805,-107,67,90,376,3,9,57
5805,-107,46,86,379,8,12,57
5805,-107,29,90,376,2,9,57
5805,-107,48,90,376,4,9,57
5805,-107,44,90,376,4,9,57
5805,-107,67,90,376,4,10,57
5805,-107,41,90,376,4,11,58
5805,-107,51,90,376,4,10,57
5805,-107,50,90,376,3,10,58
5805,-107,54,90,376,3,10,58
5805,-107,35,90,376,3,8,57
5805,-107,37,90,376,4,9,57
5805,-107,52,90,376,4,10,58
5805,-107,54,90,376,2,9,57
5805,-107,50,90,376,3,10,57
5805,-107,65,90,376,3,10,58
5805,-107,77,90,376,3,11,58
5805,-107,57,90,376,3,11,58
5805,-107,32,90,376,3,9,57
5805,-107,49,90,376,4,9,57
5805,-107,30,90,376,3,10,57
5805,-107,58,90,376,2,10,58
5805,-107,59,90,376,4,10,57
5805,-107,42,90,376,3,10,57
5805,-107,35,90,376,2,10,57
5805,-107,32,90,376,2,8,57
5805,-107,56,90,376,4,8,58
5805,-107,35,88,377,4,8,55
5805,-107,38,90,376,4,10,58
5805,-107,52,90,376,1,9,58
5805,-107,42,90,376,3,9,57
5805,-107,55,90,376,4,10,58
5805,-107,42,90,376,3,10,58
5805,-107,45,90,376,3,8,57
5805,-107,50,90,376,5,9,57
5805,-107,32,90,376,2,10,56
5805,-107,43,90,376,4,7,57
5805,-107,63,90,376,2,9,58
5805,-107,37,90,376,3,9,57
5805,-107,42,90,376,4,9,58
5805,-107,42,90,376,3,9,57
5805,-107,62,90,376,4,11,57
5805,-107,48,90,376,2,8,57
5805,-107,44,90,376,2,9,58
5805,-107,56,90,376,4,9,57
5805,-107,68,90,376,4,9,58
5805,-107,31,90,376,2,8,57
5805,-107,33,90,376,3,10,58
5805,-107,53,90,376,2,11,57
5805,-107,37,90,376,3,9,57
5805,-107,31,90,376,3,10,58
5805,-107,52,90,376,3,9,57
5805,-107,50,89,376,4,8,56
5805,-107,38,90,376,4,8,56
5805,-107,35,90,376,3,9,56
5805,-107,56,90,376,1,9,57
5805,-107,44,90,376,4,10,57
5805,-107,38,90,376,3,9,57
5805,-107,49,90,376,3,10,58
5805,-107,60,90,376,2,10,58
5805,-107,41,88,377,5,11,57
5805,-107,39,90,376,4,10,57
5805,-107,31,90,376,4,9,57
5805,-107,79,90,376,2,10,58
5805,-107,42,90,376,3,10,58
5805,-107,48,90,376,4,9,57
5805,-107,33,90,376,5,10,58
5805,-107,44,90,376,3,9,57
5805,-107,38,90,376,4,13,58
5805,-107,51,90,376,4,10,57
5805,-107,40,90,376,4,10,58
5805,-107,43,90,376,3,9,57
5805,-107,48,90,376,3,10,58
5805,-107,31,90,376,3,11,57
5805,-107,39,90,376,3,9,57
5805,-107,60,90,376,3,11,57
5805,-107,48,90,376,3,11,58
5805,-107,49,90,376,4,10,57
5805,-107,43,90,376,3,8,57
5805,-107,46,90,376,2,9,57
5805,-107,29,90,376,4,8,56
5805,-107,46,90,376,3,10,57
5805,-107,35,90,376,3,9,57
5805,-107,35,90,376,3,7,57
5805,-107,27,90,376,2,9,57
5805,-107,58,90,376,4,9,57
5805,-107,32,90,376,4,9,57
5805,-107,42,90,376,4,9,57
5805,-107,48,90,376,4,9,58
5805,-107,31,90,376,4,9,57
5805,-107,34,90,376,4,12,58
5805,-107,54,90,376,3,11,58
5805,-107,51,90,376,3,10,58
5805,-107,38,89,376,4,11,58
5805,-107,32,90,376,2,9,57
5805,-107,50,90,376,3,10,58
5805,-107,32,89,376,3,8,55
5805,-107,42,90,376,4,9,57
5805,-107,32,90,376,3,10,58
5805,-107,42,90,376,3,10,57
5805,-107,58,90,376,4,8,57
5805,-107,56,90,376,3,9,57
5805,-107,43,90,376,2,9,57
5805,-107,28,90,376,4,8,57
5805,-107,52,90,376,3,9,58
5805,-107,55,90,376,2,10,57
5805,-107,59,90,376,5,7,57
5805,-107,37,90,376,2,8,57
5805,-107,54,90,376,2,10,57
5805,-107,48,90,376,2,10,57
5805,-107,52,90,376,4,11,59
5805,-107,39,90,376,3,10,57
5805,-107,45,90,376,2,10,57
5805,-107,50,89,377,4,10,56
5805,-107,43,90,376,3,11,57
5805,-107,38,90,376,4,10,58
5805,-107,56,90,376,3,8,57
5805,-107,38,90,376,3,10,57
5805,-107,45,90,376,2,10,57
5805,-107,39,89,376,4,9,56
5805,-107,54,90,376,2,9,57
5805,-107,47,90,376,2,10,58
5805,-107,65,90,376,3,9,58
5805,-107,64,90,376,3,6,56
5805,-107,38,90,376,2,10,58
5805,-107,56,90,376,4,10,58
5805,-107,43,90,376,2,8,57
5805,-107,65,90,376,3,10,57
5805,-107,57,89,376,4,9,56
5805,-107,49,90,376,3,10,58
5805,-107,50,90,376,3,9,56
5805,-107,41,90,376,2,8,56
5805,-107,44,90,376,3,10,57
5805,-107,34,90,376,4,9,57
5805,-107,59,90,376,3,10,57
5805,-107,31,90,376,3,8,57
5805,-107,47,90,376,2,9,57
5805,-107,30,90,376,2,10,58
5805,-107,51,90,376,3,10,58
5805,-107,43,90,376,4,11,57
5805,-107,38,90,376,2,11,58
5805,-107,53,90,376,3,9,57
5805,-107,44,90,376,2,9,58
5805,-107,31,90,376,4,9,57
5805,-107,62,90,376,2,8,57
5805,-107,34,89,376,4,8,56
5805,-107,58,90,376,3,11,58
5805,-107,31,90,376,2,10,57
5805,-107,35,90,376,4,12,58
5805,-107,37,90,376,3,10,56
5805,-107,52,90,376,3,10,57
5805,-107,35,90,376,2,9,57
5805,-107,64,90,376,2,10,57
5805,-107,38,90,376,3,9,57
5805,-107,52,90,376,3,9,58
5805,-107,52,90,376,3,9,57
5805,-107,37,90,376,3,10,57
5805,-107,39,90,376,3,10,58
5805,-107,38,90,376,4,10,57
5805,-107,40,90,376,3,10,57
5805,-107,59,90,376,3,8,58
5805,-107,42,90,376,4,9,58
5805,-107,62,90,376,3,9,58
5805,-107,48,90,376,3,8,57
5805,-107,49,90,376,4,11,59
5805,-107,35,90,376,3,8,56
5805,-107,52,90,376,4,9,57
5805,-107,38,90,376,3,11,58
5805,-107,53,90,376,1,10,58
5805,-107,39,90,376,2,10,58
5805,-107,25,90,376,2,8,56
5805,-107,40,90,376,3,10,57
5805,-107,45,90,376,3,10,58
5805,-107,57,90,376,4,8,58
5805,-107,44,90,376,3,11,58
5805,-107,41,90,376,4,8,57
5805,-107,35,90,376,4,9,57
5805,-107,36,90,376,4,9,56
5805,-107,36,90,376,3,9,58
5805,-107,47,90,376,4,10,57
5805,-107,37,90,376,5,9,57
5805,-107,32,90,376,3,10,57
5805,-107,42,90,376,2,9,57
5805,-107,48,90,376,3,7,57
5805,-107,50,90,376,4,9,58
5805,-107,40,90,376,2,9,56
5805,-107,36,90,376,3,10,57
5805,-107,33,90,376,3,8,58
5805,-107,54,90,376,3,10,58
5805,-107,41,90,376,4,10,57
5805,-107,43,90,376,3,8,57
5805,-107,45,90,376,4,11,58
5805,-107,35,90,376,4,10,58
5805,-107,62,90,376,3,9,58
5805,-107,41,90,376,2,9,57
5805,-107,36,90,376,3,10,58
5805,-107,50,90,376,3,11,58
5805,-107,43,90,376,4,10,57
5805,-107,33,90,376,2,9,57
5805,-107,42,90,376,4,9,58
5805,-107,49,90,376,3,11,57
5805,-107,43,90,376,4,8,57
5805,-107,29,90,376,3,10,57
5805,-107,54,90,376,2,9,57
5805,-107,40,90,376,4,8,56
5805,-107,52,90,376,3,8,57
5805,-107,32,90,376,4,9,57
5805,-107,45,90,376,3,10,56
5805,-107,52,90,376,1,9,57
5805,-107,48,90,376,3,11,58
5805,-107,41,90,376,3,9,57
5805,-107,47,90,376,3,11,58
5805,-107,42,90,376,2,10,57
5805,-107,41,90,376,4,9,57
5805,-107,43,90,376,4,10,58
5805,-107,61,90,376,3,8,57
5805,-107,47,90,376,3,10,58
5805,-107,54,90,376,4,9,58
5805,-107,43,90,376,2,9,57
5805,-107,49,90,376,3,9,57
5805,-107,44,90,376,2,9,58
5805,-107,36,89,376,4,10,56
5805,-107,40,89,376,4,8,55
5805,-107,41,90,376,3,9,57
5805,-107,47,90,376,3,9,58
5805,-107,38,90,376,3,11,58
5805,-107,46,90,376,2,9,57
5805,-107,44,90,376,3,11,58
5805,-107,41,90,376,5,9,57
5805,-107,37,89,376,4,9,57
5805,-107,41,90,376,4,9,57
5805,-107,50,90,376,4,8,56
5805,-107,55,90,376,4,11,58
5805,-107,54,90,376,3,9,57
5805,-107,36,90,376,3,8,57
5805,-107,35,90,376,3,9,56
5805,-107,34,90,376,4,11,57
5805,-107,30,90,376,2,11,57
5805,-107,32,90,376,3,10,58
5805,-107,56,90,376,4,8,57
5805,-107,75,90,376,4,8,57
5805,-107,36,90,376,2,8,57
5805,-107,33,90,376,2,11,58
5805,-107,38,90,376,3,10,58
5805,-107,50,90,376,4,11,58
5805,-107,45,90,376,3,9,58
5805,-107,48,90,376,3,10,57
5805,-107,42,90,376,3,9,57
5805,-107,37,90,376,1,9,57
5805,-107,49,90,376,1,10,58
5805,-107,47,90,376,1,11,58
5805,-107,36,90,376,4,9,57
5805,-107,52,90,376,2,9,57
5805,-107,47,90,376,4,9,57
5805,-107,41,90,376,3,10,58
5805,-107,42,90,376,3,7,57
5805,-107,61,90,376,4,10,58
5805,-107,42,89,376,4,9,56
5805,-107,41,90,376,3,9,58
5805,-107,45,90,376,3,10,58
5805,-107,42,90,376,4,8,57
5805,-107,34,90,376,2,8,56
5805,-107,36,89,376,3,9,56
5805,-107,44,90,376,4,9,58
5805,-107,48,89,376,5,10,57
5805,-107,47,90,376,3,10,58
5805,-107,58,90,376,4,8,57
5805,-107,45,90,376,2,9,57
5805,-107,33,90,376,3,9,57
5805,-107,47,90,376,4,10,57
5805,-107,37,90,376,2,9,57
5805,-107,52,90,376,4,10,58
5805,-107,63,90,376,3,8,57
5805,-107,65,90,376,3,10,58
5805,-107,45,90,376,3,9,56
5805,-107,53,90,376,3,9,57
5805,-107,47,90,376,3,9,57
5805,-107,34,89,376,4,11,56
5805,-107,56,90,376,3,13,58
5805,-107,35,90,376,4,10,58
5805,-107,48,90,376,3,10,56
5805,-107,50,90,376,3,9,57
5805,-107,48,90,376,3,10,57
5805,-107,50,90,376,3,8,57
5805,-107,39,90,376,3,10,57
5805,-107,43,90,376,3,9,57
5805,-107,40,90,376,5,9,57
5805,-107,32,90,376,4,11,58
5805,-107,51,90,376,3,8,58
5805,-107,35,90,376,5,8,57
5805,-107,46,90,376,3,11,58
5805,-107,51,90,376,2,11,58
5805,-107,43,90,376,3,8,57
5805,-107,42,90,376,1,8,56
5805,-107,50,90,376,4,9,57
5805,-107,28,90,376,4,10,57
5805,-107,51,90,376,4,10,57
5805,-107,37,90,376,2,10,58
5805,-107,43,90,376,3,8,56
5805,-107,40,89,377,4,9,57
5805,-107,44,90,376,3,11,58
5805,-107,56,90,376,3,9,57
5805,-107,44,90,376,4,9,57
5805,-107,72,90,376,3,8,57
5805,-107,32,90,376,3,8,58
5805,-107,29,89,376,4,11,56
5805,-107,51,90,376,3,10,58
5805,-107,41,90,376,2,10,58
5805,-107,53,90,376,3,9,57
5805,-107,51,90,376,1,10,58
5805,-107,50,90,376,3,9,57
5805,-107,39,89,377,6,8,56
5805,-107,59,90,376,4,9,57
5805,-107,58,90,376,5,9,57
5805,-107,34,90,376,5,8,57
5805,-107,54,90,376,3,10,58
5805,-107,43,90,376,1,9,57
5805,-107,33,90,376,4,10,56
5805,-107,45,90,376,4,9,57
5805,-107,37,90,376,3,9,57
5805,-107,40,90,376,2,10,57
5805,-107,48,90,376,4,9,57
5805,-107,41,90,376,3,10,57
5805,-107,41,90,376,5,9,58
5805,-107,34,90,376,1,9,57
5805,-107,27,89,376,5,9,56
5805,-107,42,90,376,3,10,58
5805,-107,43,90,376,3,9,57
5805,-107,51,90,376,2,9,58
5805,-107,45,90,376,3,8,58
5805,-107,44,90,376,2,8,57
5805,-107,40,90,376,4,7,57
5805,-107,39,89,376,4,10,57
5805,-107,46,90,376,2,9,57
5805,-107,59,90,376,4,11,58
5805,-107,43,90,376,3,10,57
5805,-107,49,90,376,3,11,58
5805,-107,50,90,376,4,9,57
5805,-107,26,90,376,4,9,57
5805,-107,44,90,376,2,11,59
5805,-107,41,90,376,3,11,58
5805,-107,54,90,376,2,10,57
5805,-107,50,90,376,3,10,58
5805,-107,40,90,376,3,9,57
5805,-107,40,90,376,4,10,57
5805,-107,37,90,376,4,9,57
5805,-107,38,90,376,1,9,57
5805,-107,34,90,376,3,9,57
5805,-107,39,90,376,3,10,58
5805,-107,39,90,376,3,10,58
5805,-107,37,90,376,3,9,58
5805,-107,47,90,376,4,11,58
5805,-107,54,90,376,4,9,58
5805,-107,39,90,376,4,8,57
5805,-107,47,90,376,3,9,57
5805,-107,44,90,376,4,9,57
5805,-107,59,90,376,3,10,59
5805,-107,50,90,376,2,10,57
5805,-107,42,90,376,3,9,57
5805,-107,61,90,376,4,8,57
5805,-107,52,90,376,3,10,58
5805,-107,52,90,376,3,10,57
5805,-107,41,90,376,3,10,57
5805,-107,35,90,376,3,9,57
5805,-107,54,90,376,5,7,56
5805,-107,48,90,376,3,10,57
5805,-107,51,90,376,3,10,58
5805,-107,50,90,376,4,7,57
5805,-107,43,90,376,3,11,57
5805,-107,55,90,376,3,10,58
5805,-107,57,90,376,4,11,58
5805,-107,47,90,376,3,9,57
5805,-107,33,90,376,4,10,56
5805,-107,55,90,376,4,8,57
5805,-107,56,90,376,3,9,57
5805,-107,65,90,376,4,11,58
5805,-107,31,90,376,3,9,57
5805,-107,53,90,376,2,9,57
5805,-107,42,90,376,3,9,57
5805,-107,40,90,376,3,10,57
5805,-107,36,90,376,4,9,57
5805,-107,38,90,376,3,10,57
5805,-107,37,90,376,2,11,58
5805,-107,51,90,376,2,10,57
5805,-107,44,90,376,3,11,58
5805,-107,53,90,376,3,10,57
5805,-107,45,90,376,4,9,57
5805,-107,38,90,376,3,10,58
5805,-107,39,90,376,3,9,58
5805,-107,38,90,376,3,8,56
5805,-107,54,90,376,2,11,58
5805,-107,41,90,376,3,10,58
5805,-107,41,90,376,3,11,58
5805,-107,47,90,376,4,9,57
5805,-107,40,90,376,2,9,57
5805,-107,52,90,376,2,9,58
5805,-107,44,90,376,4,9,57
5805,-107,57,90,376,3,9,57
5805,-107,55,90,376,4,12,57
5805,-107,58,90,376,4,10,57
5805,-107,27,90,376,2,9,57
5805,-107,44,90,376,3,10,57
5805,-107,62,90,376,3,10,58
5805,-107,35,90,376,4,10,58
5805,-107,47,90,376,3,9,57
5805,-107,33,90,376,2,10,58
5805,-107,44,90,376,3,9,57
5805,-107,59,90,376,2,10,57
5805,-107,37,90,376,2,10,57
5805,-107,37,90,376,2,10,56
5805,-107,27,90,376,3,9,57
5805,-107,36,90,376,4,8,56
5805,-107,54,90,376,4,10,57
5805,-107,26,90,376,3,11,57
5805,-107,37,90,376,3,8,56
5805,-107,40,90,376,2,10,58
5805,-107,59,90,376,4,11,58
5805,-107,48,90,376,4,10,58
5805,-107,41,90,376,3,8,57
5805,-107,40,89,376,4,10,57
5805,-107,36,90,376,3,10,58
5805,-107,41,90,376,2,10,57
5805,-107,38,90,376,3,8,57
5805,-107,31,90,376,2,11,57
5805,-107,32,90,376,4,10,57
5805,-107,52,90,376,2,9,57
5805,-107,36,90,376,3,9,57
5805,-107,43,90,376,2,12,58
5805,-107,32,90,376,4,10,56
5805,-107,41,90,376,3,9,57
5805,-107,34,90,376,2,10,56
5805,-107,54,90,376,2,10,58
5805,-107,43,90,376,4,8,56
5805,-107,32,90,376,3,9,58
5805,-107,46,90,376,3,9,57
5805,-107,43,90,376,2,8,56
5805,-107,41,90,376,1,10,58
5805,-107,49,89,376,4,9,57
5805,-107,61,89,376,4,9,57
5805,-107,42,90,376,2,9,58
5805,-107,44,90,376,2,11,58
5805,-107,48,90,376,2,9,57
5805,-107,69,90,376,3,7,56
5805,-107,52,90,376,3,10,58
5805,-107,31,90,376,3,11,57
5805,-107,36,89,377,4,9,56
5805,-107,57,90,376,2,10,58
5805,-107,29,90,376,3,9,57
5805,-107,42,90,376,3,8,57
5805,-107,38,89,376,4,10,56
5805,-107,62,90,376,2,10,57
5805,-107,54,90,376,2,10,58
5805,-107,77,90,376,4,10,57
5805,-107,52,90,376,3,10,58
5805,-107,30,90,376,1,8,56
5805,-107,41,90,376,4,9,57
5805,-107,50,90,376,3,10,57
5805,-107,45,90,376,2,11,57
5805,-107,47,90,376,3,10,57
5805,-107,39,90,376,3,9,57
5805,-107,38,90,376,4,8,56
5805,-107,53,90,376,3,9,57
5805,-107,44,90,376,4,9,57
5805,-107,36,90,376,3,9,57
5805,-107,40,90,376,3,8,56
5805,-107,45,90,376,4,9,57
5805,-107,61,90,376,2,8,57
5805,-107,55,90,376,4,9,57
5805,-107,37,90,376,3,10,58
5805,-107,52,90,376,3,11,58
5805,-107,60,90,376,4,8,57
5805,-107,50,90,376,3,9,57
5805,-107,58,90,376,4,9,58
5805,-107,31,90,376,2,10,58
5805,-107,30,90,376,2,9,57
5805,-107,39,90,376,3,9,57
5805,-107,57,90,376,2,9,57
5805,-107,47,90,376,3,9,57
5805,-107,60,90,376,2,11,58
5805,-107,45,90,376,4,10,58
5805,-107,55,90,376,3,10,57
5805,-107,50,90,376,3,11,58
5805,-107,34,90,376,3,10,56
5805,-107,31,90,376,3,10,56
5805,-107,40,90,376,3,8,57
5805,-107,50,90,376,4,9,57
5805,-107,41,90,376,3,10,57
5805,-107,57,90,376,3,8,57
5805,-107,45,90,376,5,9,57
5805,-107,33,90,376,5,9,56
5805,-107,38,90,376,4,10,57
5805,-107,46,90,376,4,8,56
5805,-107,47,90,376,3,9,57
5805,-107,46,90,376,4,7,57
5805,-107,34,90,376,3,11,58
5805,-107,31,90,376,3,10,57
5805,-107,36,90,376,3,8,57
5805,-107,44,90,376,3,10,57
5805,-107,36,90,376,3,11,59
5805,-107,39,90,376,3,9,58
5805,-107,52,90,376,3,8,57
5805,-107,41,90,376,4,9,57
5805,-107,32,90,376,3,10,57
5805,-107,38,90,376,4,9,57
5805,-107,46,90,376,3,10,56
5805,-107,28,90,376,3,12,57
5805,-107,54,90,376,4,10,58
5805,-107,63,90,376,3,10,58
5805,-107,43,90,376,3,8,57
5805,-107,52,90,376,3,10,57
5805,-107,40,90,376,3,10,58
5805,-107,35,90,376,4,8,57
5805,-107,41,90,376,3,10,58
5805,-107,46,90,376,3,11,57
5805,-107,49,90,376,4,10,58
5805,-107,49,90,376,4,11,58
5805,-107,58,90,376,2,8,57
5805,-107,35,90,376,3,8,57
5805,-107,50,90,376,2,10,57
5805,-107,39,90,376,5,9,58
5805,-107,34,90,376,2,10,57
5805,-107,50,90,376,3,9,57
5805,-107,38,90,376,3,10,57
5805,-107,36,90,376,2,9,57
5805,-107,45,90,376,3,10,58
5805,-107,42,90,376,4,9,56
5805,-107,55,90,376,3,8,57
5805,-107,40,90,376,3,9,57
5805,-107,39,90,376,3,11,58
5805,-107,31,90,376,2,7,56
5805,-107,37,90,376,3,9,57
5805,-107,42,90,376,4,9,57
5805,-107,38,90,376,3,9,57
5805,-107,50,90,376,2,10,57
5805,-107,35,90,376,3,9,57
5805,-107,51,90,376,2,12,58
5805,-107,48,90,376,3,9,57
5805,-107,50,90,376,2,9,57
5805,-107,37,90,376,2,11,58
5805,-107,34,90,376,4,8,56
5805,-107,46,90,376,3,9,57
5805,-107,45,90,376,2,9,57
5805,-107,25,90,376,2,7,56
5805,-107,39,90,376,4,10,57
5805,-107,45,90,376,4,9,57
5805,-107,36,90,376,2,10,58
5805,-107,34,90,376,4,10,57
5805,-107,41,90,376,2,9,57
5805,-107,55,90,376,4,8,57
5805,-107,45,90,376,3,8,57
5805,-107,39,90,376,4,9,57
5805,-107,30,90,376,3,10,57
5805,-107,53,90,376,3,9,57
5805,-107,38,90,376,3,10,57
5805,-107,42,90,376,3,8,57
5805,-107,38,90,376,2,9,57
5805,-107,56,90,376,4,9,58
5805,-107,35,90,376,3,10,58
5805,-107,31,90,376,4,10,57
5805,-107,51,90,376,4,7,56
5805,-107,34,90,376,3,9,58
5805,-107,48,90,376,3,9,57
5805,-107,46,90,376,2,9,57
5805,-107,32,90,376,3,10,58
5805,-107,35,90,376,3,7,57
5805,-107,47,90,376,3,12,58
5805,-107,38,90,376,4,8,56
5805,-107,44,90,376,3,9,57
5805,-107,57,90,376,2,12,59
5805,-107,47,90,376,4,8,56
5805,-107,45,89,376,4,8,56
5805,-107,51,90,376,3,10,58
5805,-107,56,90,376,3,9,57
5805,-107,38,90,376,4,9,56
5805,-107,35,90,376,3,8,57
5805,-107,37,90,376,3,9,58
5805,-107,51,90,376,3,11,57
5805,-107,46,90,376,4,9,57
5805,-107,60,90,376,2,10,57
5805,-107,71,90,376,3,10,58
5805,-107,44,90,376,3,9,57
5805,-107,54,90,376,2,9,57
5805,-107,45,90,376,4,12,58
5805,-107,45,90,376,3,11,57
5805,-107,44,89,376,4,10,57
5805,-107,35,90,376,2,10,57
5805,-107,59,90,376,3,9,57
5805,-107,42,90,376,3,10,58
5805,-107,52,90,376,4,10,58
5805,-107,46,89,376,4,9,56
5805,-107,50,90,376,4,10,57
5805,-107,52,89,376,5,10,57
5805,-107,37,90,376,3,10,57
5805,-107,39,90,376,4,9,57
5805,-107,56,90,376,4,8,57
5805,-107,42,90,376,4,8,57
5805,-107,67,90,376,3,10,58
5805,-107,46,90,376,3,9,57
5805,-107,36,90,376,4,9,57
5805,-107,32,90,376,4,8,56
5805,-107,54,90,376,3,9,58
5805,-107,42,90,376,2,9,58
5805,-107,42,90,376,2,9,57
5805,-107,46,90,376,4,10,58
5805,-107,36,89,376,4,9,55
5805,-107,55,90,376,3,9,57
5805,-107,55,90,376,4,7,57
5805,-107,38,90,376,3,10,58
5805,-107,43,90,376,3,10,58
5805,-107,46,90,376,3,10,58
5805,-107,63,90,376,4,10,58
5805,-107,51,90,376,2,8,57
5805,-107,40,89,376,3,8,56
5805,-107,55,90,376,3,10,58
5805,-107,36,90,376,3,10,57
5805,-107,55,90,376,3,8,58
5805,-107,41,90,376,5,9,56
5805,-107,49,90,376,4,8,57
5805,-107,53,90,376,4,9,56
5805,-107,36,90,376,4,8,57
5805,-107,60,90,376,2,9,58
5805,-107,36,90,376,2,9,57
5805,-107,46,90,376,3,10,57
5805,-107,61,90,376,3,10,58
5805,-107,78,90,376,3,10,58
5805,-107,51,90,376,3,9,57
5805,-107,42,90,376,4,9,57
5805,-107,40,90,376,4,10,58
5805,-107,42,90,376,4,9,58
5805,-107,41,90,376,2,9,57
5805,-107,40,90,376,0,8,56
5805,-107,57,90,376,3,10,58
5805,-107,50,90,376,4,9,58
5805,-107,47,90,376,4,10,58
5805,-107,33,90,376,3,9,57
5805,-107,48,90,376,1,9,57
5805,-107,52,90,376,4,9,57
5805,-107,45,90,376,2,10,57
5805,-107,60,90,376,3,8,57
5805,-107,27,90,376,3,11,58
5805,-107,42,90,376,3,10,58
5805,-107,44,90,376,3,10,59
5805,-107,26,90,376,3,9,56
5805,-107,47,90,376,3,9,58
5805,-107,43,90,376,3,8,56
5805,-107,28,90,376,5,10,57
5805,-107,51,90,376,2,8,58
5805,-107,24,90,376,4,9,56
5805,-107,54,90,376,3,9,57
5805,-107,33,90,376,3,8,57
5805,-107,48,90,376,3,8,57
5805,-107,36,90,376,3,9,57
5805,-107,44,90,376,4,9,58
5805,-107,45,90,376,4,11,58
5805,-107,28,89,376,3,9,55
5805,-107,37,90,376,4,8,56
5805,-107,54,90,376,3,9,58
5805,-107,47,90,376,2,11,57
5805,-107,48,90,376,4,10,57
5805,-107,44,90,376,3,9,57
5805,-107,46,90,376,1,9,58
5805,-107,41,90,376,5,9,57
5805,-107,43,90,376,5,9,57
5805,-107,51,90,376,3,9,57
5805,-107,45,90,376,5,10,58
5805,-107,49,90,376,3,10,57
5805,-107,37,90,376,4,8,57
5805,-107,57,90,376,4,9,57
5805,-107,51,90,376,2,11,58
5805,-107,37,89,376,5,10,56
5805,-107,43,90,376,3,12,57
5805,-107,56,90,376,5,9,57
5805,-107,54,90,376,2,11,57
5805,-107,49,90,376,3,8,57
5805,-107,43,90,376,4,10,57
5805,-107,55,90,376,3,9,58
5805,-107,35,90,376,3,11,57
5805,-107,43,90,376,3,9,57
5805,-107,44,90,376,3,10,58
5805,-107,49,90,376,2,10,58
5805,-107,38,90,376,3,10,57
5805,-107,60,90,376,3,12,59
5805,-107,58,90,376,2,9,58
5805,-107,40,90,376,2,11,58
5805,-107,30,90,376,3,7,55
5805,-107,57,90,376,3,11,58
5805,-107,42,90,376,2,11,58
5805,-107,36,90,376,4,10,56
5805,-107,45,90,376,3,10,58
5805,-107,38,90,376,3,10,57
5805,-107,36,90,376,2,8,57
5805,-107,43,90,376,3,9,57
5805,-107,31,90,376,3,8,57
5805,-107,45,90,376,2,9,57
5805,-107,60,90,376,3,10,58
5805,-107,58,90,376,3,9,57
5805,-107,40,90,376,3,9,57
5805,-107,32,90,376,3,10,57
5805,-107,31,90,376,3,9,57
5805,-107,44,90,376,3,10,57
5805,-107,65,90,376,2,7,57
5805,-107,54,90,376,1,9,58
5805,-107,45,90,376,3,9,57
5805,-107,43,90,376,3,8,57
5805,-107,60,90,376,2,8,56
5805,-107,61,90,376,3,8,57
5805,-107,55,90,376,3,10,57
5805,-107,34,90,376,4,8,57
5805,-107,42,90,376,3,10,57
5805,-107,34,90,376,4,8,57
5805,-107,47,90,376,4,10,58
5805,-107,40,90,376,2,8,56
5805,-107,63,90,376,2,8,56
5805,-107,40,90,376,2,7,56
5805,-107,41,90,376,3,10,57
5805,-107,33,90,376,3,10,58
5805,-107,40,90,376,3,8,57
5805,-107,59,90,376,3,8,56
5805,-107,42,90,376,3,11,57
5805,-107,42,90,376,3,9,58
5805,-107,49,90,376,3,10,58
5805,-107,49,90,376,2,9,57
5805,-107,29,90,376,3,10,57
5805,-107,28,90,376,4,9,57
5805,-107,49,90,376,3,10,58
5805,-107,71,90,376,3,9,58
5805,-107,44,90,376,3,9,58
5805,-107,44,90,376,3,9,57
5805,-107,71,90,376,4,9,57
5805,-107,31,90,376,2,9,56
5805,-107,48,90,376,3,11,57
5805,-107,50,90,376,2,7,57
5805,-107,49,90,376,4,9,57
5805,-107,36,90,376,3,9,56
5805,-107,53,90,376,3,11,58
5805,-107,64,90,376,3,8,57
5805,-107,43,90,376,5,13,59
5805,-107,44,90,376,4,8,57
5805,-107,43,90,376,4,10,57
5805,-107,37,90,376,3,9,57
5805,-107,46,90,376,3,10,58
5805,-107,58,90,376,3,11,57
5805,-107,74,90,376,2,9,57
5805,-107,38,90,376,3,10,58
5805,-107,56,90,376,4,10,58
5805,-107,41,90,376,2,11,58
5805,-107,46,90,376,3,9,56
5805,-107,41,90,376,3,8,57
5805,-107,60,90,376,3,9,58
5805,-107,59,90,376,4,8,57
5805,-107,65,90,376,3,9,57
5805,-107,35,90,376,3,9,57
5805,-107,36,90,376,2,11,58
5805,-107,49,90,376,4,9,58
5805,-107,55,90,376,3,11,58
5805,-107,47,90,376,4,9,58
5805,-107,53,90,376,5,9,57
5805,-107,50,90,376,3,10,58
5805,-107,43,90,376,4,9,57
5805,-107,30,89,376,4,9,56
5805,-107,45,90,376,4,10,57
5805,-107,41,90,376,3,9,57
5805,-107,31,90,376,3,9,57
5805,-107,43,90,376,2,11,57
5805,-107,55,90,376,4,11,58
5805,-107,64,90,376,3,8,57
5805,-107,51,90,376,4,9,57
5805,-107,52,90,376,2,9,57
5805,-107,50,90,376,3,9,57
5805,-107,36,90,376,5,9,56
5805,-107,47,90,376,2,10,57
5805,-107,42,90,376,3,10,57
5805,-107,44,90,376,4,10,57
5805,-107,36,90,376,3,9,57
5805,-107,41,90,376,3,8,57
5805,-107,42,90,376,3,10,58
5805,-107,57,90,376,2,10,58
5805,-107,46,90,376,2,9,58
5805,-107,45,90,376,3,9,58
5805,-107,55,90,376,3,9,57
5805,-107,40,90,376,4,10,58
5805,-107,30,89,376,4,8,56
5805,-107,43,90,376,3,9,57
5805,-107,48,90,376,4,8,57
5805,-107,43,90,376,4,11,58
5805,-107,38,90,376,2,10,57
5805,-107,48,90,376,3,10,58
5805,-107,44,90,376,3,11,57
5805,-107,49,90,376,3,10,58
5805,-107,52,90,376,3,11,58
5805,-107,30,90,376,3,9,57
5805,-107,45,90,376,3,9,57
5805,-107,41,90,376,3,9,58
5805,-107,33,90,376,4,9,57
5805,-107,56,90,376,3,9,57
5805,-107,49,90,376,3,10,58
5805,-107,37,90,376,3,10,57
5805,-107,53,90,376,3,10,58
5805,-107,58,90,376,3,9,57
5805,-107,45,90,376,3,10,57
5805,-107,48,90,376,4,9,57
5805,-107,53,90,376,4,9,57
5805,-107,60,90,376,4,11,58
5805,-107,34,90,376,2,11,57
5805,-107,46,90,376,3,10,57
5805,-107,50,90,376,3,8,58
5805,-107,32,90,376,3,9,57
5805,-107,51,90,376,3,8,57
5805,-107,62,90,376,4,10,58
5805,-107,51,90,376,4,8,57
5805,-107,52,90,376,4,8,56
5805,-107,38,90,376,3,10,58
5805,-107,37,90,376,4,10,58
5805,-107,31,90,376,3,9,57
5805,-107,37,90,376,3,11,57
5805,-107,40,89,376,3,9,56
5805,-107,46,90,376,4,10,58
5805,-107,46,90,376,4,10,57
5805,-107,52,90,376,3,10,57
5805,-107,49,90,376,3,8,58
5805,-107,39,90,376,4,9,58
5805,-107,40,90,376,4,9,57
5805,-107,46,90,376,4,9,57
5805,-107,31,90,376,4,10,57
5805,-107,53,90,376,2,11,57
5805,-107,53,90,376,4,10,58
5805,-107,42,90,376,4,10,57
5805,-107,67,90,376,2,9,58
5805,-107,40,90,376,4,10,57
5805,-107,41,90,376,3,9,57
5805,-107,39,90,376,3,8,57
5805,-107,49,90,376,4,9,57
5805,-107,51,90,376,3,10,58
5805,-107,45,90,376,3,9,58
5805,-107,59,90,376,3,9,58
5805,-107,63,90,376,2,9,58
5805,-107,54,90,376,4,10,57
5805,-107,48,90,376,2,8,56
5805,-107,38,90,376,3,9,57
5805,-107,56,90,376,3,11,57
5805,-107,36,90,376,4,9,58
5805,-107,42,90,376,3,9,57
5805,-107,59,90,376,3,9,58
5805,-107,40,90,376,4,8,57
5805,-107,62,90,376,4,9,58
5805,-107,60,90,376,3,9,57
5805,-107,33,90,376,2,9,56
5805,-107,47,90,376,3,10,58
5805,-107,45,90,376,3,10,58
5805,-107,46,90,376,3,10,57
5805,-107,39,90,376,4,7,55
5805,-107,68,90,376,4,9,57
5805,-107,54,90,376,3,8,56
5805,-107,50,90,376,3,8,57
5805,-107,41,90,376,3,10,58
5805,-107,58,90,376,3,11,58
5805,-107,40,90,376,3,9,57
5805,-107,54,90,376,3,8,57
5805,-107,47,90,376,2,13,58
5805,-107,41,90,376,3,10,57
5805,-107,41,90,376,3,8,57
5805,-107,47,90,376,4,9,57
5805,-107,48,90,376,4,10,58
5805,-107,50,90,376,3,9,57
5805,-107,48,90,376,4,7,56
5805,-107,57,90,376,3,11,58
5805,-107,61,90,376,3,10,58
5805,-107,48,90,376,3,12,58
5805,-107,31,90,376,3,9,56
5805,-107,44,90,376,3,9,56
5805,-107,45,90,376,3,8,57
5805,-107,56,90,376,2,11,57
5805,-107,50,90,376,3,10,58
5805,-107,52,90,376,2,8,57
5805,-107,51,90,376,3,11,58
5805,-107,52,90,376,4,10,57
5805,-107,55,90,376,4,8,57
5805,-107,44,90,376,2,10,57
5805,-107,39,90,376,2,8,57
5805,-107,34,90,376,3,7,56
5805,-107,51,90,376,4,10,57
5805,-107,53,90,376,2,11,57
5805,-107,41,90,376,2,10,58
5805,-107,61,90,376,3,10,58
5805,-107,46,90,376,3,10,58
5805,-107,33,90,376,3,9,57
5805,-107,42,90,376,3,9,57
5805,-107,53,90,376,3,11,57
5805,-107,37,90,376,3,9,57
5805,-107,58,90,376,4,10,57
5805,-107,47,90,376,4,9,57
5805,-107,55,90,376,3,8,57
5805,-107,28,90,376,3,8,57
5805,-107,31,90,376,4,10,57
5805,-107,51,90,376,5,9,57
5805,-107,42,90,376,4,8,56
5805,-107,49,90,376,4,9,57
5805,-107,54,90,376,3,11,58
5805,-107,44,90,376,3,9,57
5805,-107,50,90,376,3,9,58
5805,-107,32,90,376,5,10,57
5805,-107,45,90,376,3,9,56
5805,-107,47,90,376,5,10,58
5805,-107,40,90,376,2,8,57
5805,-107,57,90,376,3,10,58
5805,-107,44,90,376,3,11,58
5805,-107,48,90,376,3,9,57
5805,-107,48,90,376,3,10,58
5805,-107,36,90,376,2,9,57
5805,-107,34,90,376,3,9,57
5805,-107,45,90,376,4,10,57
5805,-107,43,90,376,4,9,56
5805,-107,33,88,378,5,9,55
5805,-107,34,90,376,3,10,57
5805,-107,35,90,376,2,10,58
5805,-107,41,90,376,4,9,57
5805,-107,40,90,376,3,9,57
5805,-107,45,90,376,3,9,57
5805,-107,36,90,376,2,8,57
5805,-107,46,90,376,4,10,57
5805,-107,49,90,376,4,10,58
5805,-107,35,90,376,2,11,57
5805,-107,52,90,376,3,9,57
5805,-107,50,90,376,4,9,57
5805,-107,60,90,376,4,9,57
5805,-107,28,90,376,2,9,57
5805,-107,34,90,376,3,9,57
5805,-107,36,90,376,2,9,56
5805,-107,47,90,376,3,9,57
5805,-107,55,90,376,3,10,57
5805,-107,53,90,376,2,8,58
5805,-107,40,90,376,2,10,58
5805,-107,37,90,376,3,10,58
5805,-107,51,90,376,3,8,57
5805,-107,33,90,376,3,10,57
5805,-107,54,90,376,3,9,57
5805,-107,55,90,376,3,11,58
5805,-107,44,90,376,3,9,57
5805,-107,57,90,376,2,11,59
5805,-107,45,90,376,4,9,57
5805,-107,43,90,376,3,12,58
5805,-107,44,90,376,3,10,58
5805,-107,48,90,376,2,9,58
5805,-107,52,90,376,4,11,58
5805,-107,43,90,376,3,9,57
5805,-107,49,90,376,3,8,57
5805,-107,35,90,376,4,8,56
5805,-107,34,90,376,3,9,57
5805,-107,50,90,376,3,10,58
5805,-107,53,90,376,4,9,58
5805,-107,59,90,376,4,8,57
5805,-107,60,90,376,3,10,58
5805,-107,30,89,376,3,7,56
5805,-107,54,90,376,3,10,59
5805,-107,47,90,376,3,10,57
5805,-107,57,90,376,4,9,58
5805,-107,35,90,376,2,10,57
5805,-107,59,90,376,3,10,58
5805,-107,50,90,376,2,10,58
5805,-107,32,90,376,3,9,56
5805,-107,50,90,376,2,11,58
5805,-107,52,90,376,2,11,58
5805,-107,53,90,376,2,11,58
5805,-107,34,88,378,4,9,56
5805,-107,38,90,376,3,9,57
5805,-107,48,90,376,3,11,57
5805,-107,39,90,376,3,9,57
5805,-107,59,90,376,4,9,57
5805,-107,56,90,376,2,8,56
5805,-107,30,90,376,4,9,57
5805,-107,37,90,376,3,8,56
5805,-107,50,90,376,3,9,57
5805,-107,35,90,376,3,7,57
5805,-107,62,90,376,3,10,58
5805,-107,53,90,376,3,10,57
5805,-107,55,90,376,3,8,57
5805,-107,59,90,376,2,8,57
5805,-107,39,90,376,2,10,57
5805,-107,47,90,376,3,11,58
5805,-107,64,90,376,3,9,57
5805,-107,38,90,376,2,11,58
5805,-107,61,90,376,4,11,57
5805,-107,36,90,376,4,10,58
5805,-107,59,90,376,3,9,56
5805,-107,57,90,376,3,7,57
5805,-107,54,90,376,4,9,57
5805,-107,73,90,376,4,10,57
5805,-107,58,90,376,4,9,58
5805,-107,59,90,376,3,9,57
5805,-107,33,90,376,2,8,56
5805,-107,55,90,376,4,10,58
5805,-107,35,90,376,3,8,57
5805,-107,48,90,376,3,8,57
5805,-107,40,90,376,2,10,57
5805,-107,37,90,376,3,8,57
5805,-107,52,90,376,4,9,57
5805,-107,58,90,376,4,10,57
5805,-107,28,90,376,3,9,57
5805,-107,45,90,376,3,11,57
5805,-107,51,90,376,4,11,58
5805,-107,28,90,376,5,9,57
5805,-107,37,89,377,3,8,56
5805,-107,33,90,376,3,9,56
5805,-107,56,90,376,2,10,59
5805,-107,68,90,376,4,9,57
5805,-107,38,90,376,4,9,57
5805,-107,30,90,376,4,8,56
5805,-107,50,90,376,4,10,58
5805,-107,48,90,376,4,9,57
5805,-107,46,90,376,4,10,58
5805,-107,34,90,376,4,9,57
5805,-107,54,90,376,2,10,58
5805,-107,52,90,376,3,10,58
5805,-107,43,90,376,4,9,57
5805,-107,43,90,376,3,10,58
5805,-107,39,90,376,3,10,58
5805,-107,41,90,376,3,8,57
5805,-107,52,90,376,4,9,58
5805,-107,53,89,376,3,11,57
5805,-107,54,90,376,3,11,58
5805,-107,66,90,376,3,10,57
5805,-107,53,90,376,3,8,57
5805,-107,31,90,376,3,10,58
5805,-107,44,90,376,3,10,58
5805,-107,33,90,376,2,8,57
5805,-107,40,90,376,4,10,57
5805,-107,31,90,376,4,8,57
5805,-107,29,90,376,3,8,57
5805,-107,33,90,376,4,11,57
5805,-107,36,90,376,3,9,57
5805,-107,61,90,376,3,8,58
5805,-107,55,90,376,3,11,57
5805,-107,36,90,376,1,10,57
5805,-107,32,90,376,3,10,58
5805,-107,36,90,376,3,9,57
5805,-107,49,90,376,3,8,57
5805,-107,34,90,376,2,9,57
5805,-107,33,90,376,4,9,57
5805,-107,48,90,376,4,10,59
5805,-107,28,90,376,4,7,57
5805,-107,46,90,376,2,8,57
5805,-107,36,90,376,3,9,57
5805,-107,36,90,376,5,9,56
5805,-107,42,90,376,3,10,57
5805,-107,43,90,376,3,9,57
5805,-107,76,90,376,2,9,57
5805,-107,54,90,376,4,12,58
5805,-107,49,90,376,3,9,57
5805,-107,51,90,376,4,10,58
5805,-107,43,90,376,3,9,57
5805,-107,55,90,376,3,9,57
5805,-107,46,90,376,3,10,57
5805,-107,58,90,376,2,9,57
5805,-107,39,90,376,3,11,58
5805,-107,32,90,376,1,9,57
5805,-107,50,90,376,3,10,57
5805,-107,50,90,376,3,10,57
5805,-107,43,90,376,3,9,57
5805,-107,39,90,376,5,11,57
5805,-107,32,90,376,3,8,57
5805,-107,37,90,376,3,10,57
5805,-107,40,90,376,3,10,58
5805,-107,41,90,376,4,9,57
5805,-107,45,90,376,2,10,58
5805,-107,62,90,376,4,9,57
5805,-107,42,90,376,4,9,58
5805,-107,55,90,376,3,10,57
5805,-107,26,90,376,2,9,57
5805,-107,41,90,376,2,10,58
5805,-107,43,90,376,3,10,58
5805,-107,42,90,376,3,9,58
5805,-107,39,90,376,4,9,57
5805,-107,44,90,376,3,12,58
5805,-107,41,90,376,3,10,58
5805,-107,47,90,376,3,9,57
5805,-107,41,90,376,3,11,58
5805,-107,58,90,376,3,11,58
5805,-107,39,90,376,3,10,58
5805,-107,51,90,376,4,9,58
5805,-107,48,90,376,4,11,58
5805,-107,44,90,376,4,7,57
5805,-107,41,90,376,4,9,57
5805,-107,43,90,376,3,9,58
5805,-107,48,90,376,4,9,56
5805,-107,47,90,376,3,9,57
5805,-107,45,90,376,4,10,57
5805,-107,40,90,376,3,11,58
5805,-107,35,90,376,4,8,57
5805,-107,55,90,376,3,9,57
5805,-107,48,90,376,5,8,57
5805,-107,40,90,376,3,9,57
5805,-107,63,90,376,2,9,58
5805,-107,44,90,376,3,8,57
5805,-107,48,90,376,4,9,58
5805,-107,53,90,376,3,10,57
5805,-107,48,90,376,3,9,57
5805,-107,35,90,376,3,8,56
5805,-107,37,90,376,4,10,58
5805,-107,64,90,376,4,10,59
5805,-107,50,90,376,4,8,57
5805,-107,51,90,376,3,6,55
5805,-107,39,90,376,3,10,56
5805,-107,46,90,376,3,10,57
5805,-107,31,90,376,5,8,56
5805,-107,40,89,376,4,10,57
5805,-107,35,90,376,4,10,57
5805,-107,43,90,376,3,9,57
5805,-107,47,90,376,2,10,57
5805,-107,40,90,376,4,10,58
5805,-107,63,90,376,3,11,58
5805,-107,44,90,376,2,9,57
5805,-107,54,90,376,4,9,58
5805,-107,50,90,376,2,10,57
5805,-107,55,90,376,2,9,57
5805,-107,54,90,376,3,8,57
5805,-107,43,90,376,4,9,57
5805,-107,42,90,376,3,10,57
5805,-107,27,90,376,3,9,56
5805,-107,41,90,376,3,10,57
5805,-107,39,90,376,3,8,57
5805,-107,35,90,376,4,9,57
5805,-107,41,90,376,3,10,57
5805,-107,52,90,376,3,9,56
5805,-107,53,90,376,2,10,57
5805,-107,39,90,376,2,9,57
5805,-107,38,90,376,3,10,58
5805,-107,35,90,376,1,9,57
5805,-107,55,90,376,3,9,57
5805,-107,49,90,376,4,10,57
5805,-107,43,90,376,3,9,57
5805,-107,39,90,376,3,9,57
5805,-107,35,90,376,3,9,57
5805,-107,30,90,376,4,7,56
5805,-107,34,90,376,3,8,57
5805,-107,44,90,376,3,9,57
5805,-107,31,90,376,4,10,57
5805,-107,33,90,376,4,8,56
5805,-107,50,90,376,3,9,57
5805,-107,44,90,376,3,9,57
5805,-107,50,90,376,4,10,58
5805,-107,42,90,376,4,9,58
5805,-107,47,90,376,3,7,57
5805,-107,41,90,376,4,10,57
5805,-107,34,90,376,3,9,57
5805,-107,33,89,376,3,9,56
5805,-107,36,90,376,4,9,57
5805,-107,45,90,376,3,8,57
5805,-107,48,90,376,3,8,57
5805,-107,30,90,376,2,10,57
5805,-107,35,90,376,3,11,57
5805,-107,41,90,376,2,10,57
5805,-107,46,90,376,3,8,57
5805,-107,40,90,376,4,11,58
5805,-107,43,90,376,2,9,57
5805,-107,44,90,376,3,7,57
5805,-107,40,90,376,3,9,57
5805,-107,58,90,376,3,9,58
5805,-107,36,90,376,3,9,57
5805,-107,45,90,376,1,9,57
5805,-107,39,90,376,4,9,57
5805,-107,41,90,376,2,9,57
5805,-107,46,90,376,3,9,58
5805,-107,53,90,376,3,8,57
5805,-107,47,90,376,4,10,57
5805,-107,43,90,376,3,8,57
5805,-107,37,90,376,3,8,56
5805,-107,41,90,376,2,9,57
5805,-107,28,90,376,2,10,57
5805,-107,31,90,376,5,9,57
5805,-107,31,90,376,4,9,57
5805,-107,44,90,376,2,9,57
5805,-107,29,90,376,2,11,57
5805,-107,46,89,376,4,10,57
5805,-107,45,90,376,3,9,57
5805,-107,46,90,376,2,10,57
5805,-107,42,90,376,2,9,57
5805,-107,38,90,376,3,11,57
5805,-107,49,90,376,3,8,57
5805,-107,34,90,376,3,9,57
5805,-107,48,90,376,3,8,56
5805,-107,63,90,376,3,9,58
5805,-107,42,90,376,5,7,56
5805,-107,54,89,377,3,10,57
5805,-107,39,90,376,3,9,56
5805,-107,56,90,376,3,9,57
5805,-107,44,90,376,4,11,57
5805,-107,47,90,376,2,9,58
5805,-107,42,90,376,4,9,57
5805,-107,64,90,376,3,9,58
5805,-107,39,90,376,3,11,58
5805,-107,35,90,376,2,10,56
5805,-107,57,90,376,1,10,58
5805,-107,34,90,376,4,8,56
5805,-107,41,90,376,4,10,57
5805,-107,37,89,377,3,10,56
5805,-107,40,90,376,3,9,57
5805,-107,40,90,376,3,9,57
5805,-107,34,90,376,2,9,57
5805,-107,51,90,376,3,8,57
5805,-107,34,90,376,2,7,57
5805,-107,36,89,377,4,10,56
5805,-107,50,90,376,4,10,58
5805,-107,55,90,376,2,10,58
5805,-107,48,90,376,3,10,57
5805,-107,53,90,376,4,10,58
5805,-107,48,90,376,4,8,57
5805,-107,45,90,376,3,9,57
5805,-107,47,90,376,3,8,57
5805,-107,55,90,376,4,10,57
5805,-107,40,90,376,3,9,57
5805,-107,51,90,376,3,9,57
5805,-107,45,90,376,2,9,57
5805,-107,51,90,376,2,10,58
5805,-107,49,90,376,3,10,57
5805,-107,39,90,376,2,9,56
5805,-107,47,90,376,2,9,57
5805,-107,40,90,376,4,9,56
5805,-107,41,90,376,2,12,58
5805,-107,43,90,376,4,8,56
5805,-107,38,90,376,3,9,57
5805,-107,33,90,376,3,12,58
5805,-107,50,90,376,4,10,57
5805,-107,35,90,376,4,8,57
5805,-107,29,90,376,3,10,56
5805,-107,28,89,377,5,8,55
5805,-107,62,90,376,3,10,58
5805,-107,44,90,376,4,10,57
5805,-107,56,90,376,3,9,58
5805,-107,33,90,376,4,9,57
5805,-107,34,90,376,2,9,57
5805,-107,40,90,376,4,9,57
5805,-107,45,90,376,3,11,58
5805,-107,50,90,376,3,9,57
5805,-107,32,89,376,3,11,56
5805,-107,33,90,376,3,9,56
5805,-107,61,90,376,3,11,57
5805,-107,41,89,376,4,9,57
5805,-107,38,90,376,3,9,57
5805,-107,44,90,376,3,10,58
5805,-107,36,90,376,3,10,58
5805,-107,40,90,376,4,8,57
5805,-107,50,90,376,3,10,57
5805,-107,36,90,376,3,11,57
5805,-107,52,90,376,3,10,58
5805,-107,37,90,376,2,10,57
5805,-107,40,90,376,3,12,58
5805,-107,30,90,376,3,9,57
5805,-107,44,90,376,3,9,57
5805,-107,49,90,376,4,9,58
5805,-107,57,90,376,3,8,57
5805,-107,34,90,376,4,9,57
5805,-107,54,90,376,3,7,57
5805,-107,48,90,376,3,10,58
5805,-107,37,90,376,3,9,57
5805,-107,30,90,376,3,8,57
5805,-107,37,90,376,4,10,57
5805,-107,37,90,376,4,9,57
5805,-107,51,90,376,3,9,57
5805,-107,52,90,376,3,10,58
5805,-107,49,90,376,3,8,57
5805,-107,43,90,376,3,8,56
5805,-107,52,90,376,2,10,58
5805,-107,46,90,376,4,8,57
5805,-107,42,90,376,3,9,57
5805,-107,43,90,376,3,10,57
5805,-107,27,90,376,3,10,57
5805,-107,29,89,376,4,11,56
5805,-107,55,90,376,3,9,57
5805,-107,65,90,376,3,9,58
5805,-107,51,90,376,4,8,57
5805,-107,50,90,376,3,8,56
5805,-107,33,90,376,4,8,57
5805,-107,32,90,376,4,9,57
5805,-107,37,90,376,2,7,57
5805,-107,31,90,376,3,9,57
5805,-107,34,90,376,3,10,58
5805,-107,49,90,376,3,10,57
5805,-107,60,90,376,3,9,57
5805,-107,45,90,376,4,10,57
5805,-107,29,90,376,2,9,57
5805,-107,39,90,376,3,10,57
5805,-107,50,90,376,3,10,57
5805,-107,39,90,376,3,8,57
5805,-107,45,90,376,3,10,58
5805,-107,39,90,376,3,8,57
5805,-107,52,90,376,3,8,57
5805,-107,44,90,376,4,9,57
5805,-107,52,90,376,4,10,57
5805,-107,35,90,376,3,8,57
5805,-107,36,90,376,3,8,57
5805,-107,37,90,376,3,10,58
5805,-107,38,90,376,3,9,57
5805,-107,42,90,376,3,9,57
5805,-107,63,90,376,3,10,57
5805,-107,35,90,376,3,8,57
5805,-107,43,90,376,3,8,56
5805,-107,43,90,376,3,9,57
5805,-107,37,90,376,3,9,57
5805,-107,39,90,376,2,10,58
5805,-107,51,90,376,4,9,58
5805,-107,50,90,376,2,11,58
5805,-107,28,90,376,2,7,56
5805,-107,47,90,376,3,8,58
5805,-107,47,90,376,3,9,57
5805,-107,50,90,376,3,12,57
5805,-107,43,90,376,3,8,58
5805,-107,48,90,376,4,10,57
5805,-107,51,90,376,5,9,57
5805,-107,43,90,376,3,9,57
5805,-107,38,90,376,3,9,57
5805,-107,37,90,376,3,8,57
5805,-107,32,90,376,3,9,58
5805,-107,37,90,376,2,10,57
5805,-107,45,90,376,2,9,57
5805,-107,67,90,376,4,10,58
5805,-107,49,90,376,5,9,58
5805,-107,42,90,376,2,8,57
5805,-107,49,90,376,4,11,57
5805,-107,52,90,376,4,9,57
5805,-107,55,90,376,2,10,57
5805,-107,52,90,376,3,9,57
5805,-107,39,89,376,4,8,55
5805,-107,48,90,376,2,8,57
5805,-107,30,90,376,3,10,58
5805,-107,35,90,376,3,10,57
5805,-107,39,90,376,3,10,57
5805,-107,38,90,376,3,11,57
5805,-107,48,90,376,4,11,58
5805,-107,49,89,376,3,9,56
5805,-107,48,90,376,3,9,58
5805,-107,32,90,376,4,9,57
5805,-107,46,90,376,3,9,57
5805,-107,28,90,376,5,10,58
5805,-107,35,90,376,3,10,57
5805,-107,50,90,376,4,10,57
5805,-107,41,90,376,4,9,58
5805,-107,57,90,376,3,9,58
5805,-107,41,90,376,4,9,58
5805,-107,37,90,376,4,9,57
5805,-107,53,90,376,4,10,57
5805,-107,32,90,376,3,10,57
5805,-107,51,90,376,4,9,58
5805,-107,58,90,376,5,11,58
5805,-107,42,90,376,3,9,57
5805,-107,48,90,376,4,10,58
5805,-107,54,90,376,3,9,57
5805,-107,37,90,376,4,10,58
5805,-107,59,90,376,3,9,57
5805,-107,59,90,376,4,10,58
5805,-107,61,90,376,3,8,57
5805,-107,60,90,376,4,9,57
5805,-107,38,90,376,3,10,57
5805,-107,40,90,376,2,10,58
5805,-107,34,90,376,4,9,58
5805,-107,45,90,376,4,11,58
5805,-107,47,89,377,4,10,56
5805,-107,71,90,376,5,9,57
5805,-107,26,90,376,4,8,56
5805,-107,33,90,376,3,9,57
5805,-107,34,90,376,4,10,58
5805,-107,46,90,376,3,9,57
5805,-107,55,90,376,3,10,58
5805,-107,49,90,376,2,9,58
5805,-107,42,90,376,2,11,58
5805,-107,41,90,376,2,11,57
5805,-107,29,89,376,4,9,55
5805,-107,44,90,376,3,10,58
5805,-107,34,90,376,3,11,58
5805,-107,51,90,376,2,9,58
5805,-107,40,90,376,4,9,57
5805,-107,32,90,376,3,10,57
5805,-107,55,90,376,3,9,57
5805,-107,30,89,376,4,11,57
5805,-107,31,90,376,3,10,58
5805,-107,50,89,376,4,10,56
5805,-107,51,90,376,3,10,57
5805,-107,44,90,376,3,9,58
5805,-107,49,90,376,3,8,57
5805,-107,48,90,376,3,11,59
5805,-107,47,90,376,2,8,57
5805,-107,32,90,376,4,10,56
5805,-107,31,90,376,3,10,58
5805,-107,37,90,376,3,11,57
5805,-107,41,90,376,4,9,58
5805,-107,39,90,376,4,9,57
5805,-107,53,90,376,2,8,57
5805,-107,44,90,376,5,10,57
5805,-107,40,90,376,2,8,57
5805,-107,51,90,376,4,9,58
5805,-107,45,90,376,4,11,56
5805,-107,31,90,376,3,10,57
5805,-107,36,90,376,3,10,57
5805,-107,33,90,376,3,9,57
5805,-107,44,90,376,3,8,57
5805,-107,53,90,376,3,9,57
5805,-107,32,90,376,2,9,57
5805,-107,54,90,376,4,9,57
5805,-107,46,90,376,5,10,58
5805,-107,29,90,376,4,10,57
5805,-107,40,90,376,4,9,57
5805,-107,29,90,376,3,9,57
5805,-107,46,90,376,4,10,58
5805,-107,40,90,376,4,9,57
5805,-107,56,90,376,3,8,57
5805,-107,52,90,376,4,9,57
5805,-107,33,90,376,2,10,59
5805,-107,38,90,376,3,9,56
5805,-107,44,90,376,3,8,56
5805,-107,48,90,376,3,8,57
5805,-107,34,90,376,4,10,57
5805,-107,39,90,376,3,10,57
5805,-107,32,90,376,3,10,57
5805,-107,48,90,376,4,9,57
5805,-107,50,90,376,2,9,57
5805,-107,46,90,376,5,9,56
5805,-107,53,90,376,4,10,57
5805,-107,61,90,376,1,8,57
5805,-107,33,90,376,4,9,57
5805,-107,27,90,376,3,9,56
5805,-107,52,90,376,3,10,57
5805,-107,33,89,376,2,10,57
5805,-107,39,90,376,3,10,58
5805,-107,48,90,376,4,10,59
5805,-107,46,90,376,4,10,57
5805,-107,43,90,376,4,11,58
5805,-107,34,90,376,4,10,57
5805,-107,56,90,376,4,9,57
5805,-107,41,90,376,3,10,57
5805,-107,51,90,376,4,11,58
5805,-107,36,90,376,4,9,57
5805,-107,38,90,376,3,10,57
5805,-107,49,90,376,3,11,58
5805,-107,44,90,376,4,10,57
5805,-107,56,90,376,3,11,58
5805,-107,52,90,376,3,9,57
5805,-107,36,90,376,2,10,57
5805,-107,50,90,376,3,9,56
5805,-107,36,90,376,4,9,56
5805,-107,37,90,376,4,9,57
5805,-107,36,90,376,3,9,57
5805,-107,32,90,376,3,9,57
5805,-107,53,90,376,2,11,57
5805,-107,53,90,376,2,10,57
5805,-107,43,90,376,3,10,57
5805,-107,50,90,376,5,8,57
5805,-107,47,90,376,3,10,57
5805,-107,52,90,376,3,10,57
5805,-107,50,90,376,3,9,57
5805,-107,46,90,376,4,11,58
5805,-107,55,90,376,2,9,57
5805,-107,49,90,376,3,9,57
5805,-107,44,90,376,3,10,58
5805,-107,65,90,376,3,8,57
5805,-107,51,90,376,2,9,57
5805,-107,52,90,376,4,10,58
5805,-107,56,90,376,4,8,56
5805,-107,44,90,376,4,11,58
5805,-107,33,90,376,2,9,57
5805,-107,48,90,376,4,10,57
5805,-107,62,90,376,3,11,58
5805,-107,47,90,376,4,10,57
5805,-107,34,90,376,3,11,57
5805,-107,36,90,376,3,10,57
5805,-107,64,90,376,3,9,58
5805,-107,44,89,376,4,9,57
5805,-107,28,90,376,2,8,55
5805,-107,43,90,376,2,9,57
5805,-107,46,90,376,3,8,57
5805,-107,40,90,376,2,10,57
5805,-107,42,90,376,3,9,58
5805,-107,47,90,376,3,10,58
5805,-107,38,90,376,3,10,57
5805,-107,50,90,376,3,9,57
5805,-107,58,90,376,3,10,57
5805,-107,35,90,376,3,9,58
5805,-107,39,90,376,4,10,57
5805,-107,47,90,376,3,11,58
5805,-107,47,90,376,4,10,58
5805,-107,50,90,376,4,9,57
5805,-107,40,90,376,3,10,57
5805,-107,26,90,376,4,8,56
5805,-107,35,90,376,3,11,56
5805,-107,57,90,376,3,8,57
5805,-107,45,90,376,3,10,58
5805,-107,48,90,376,2,9,57
5805,-107,32,90,376,3,11,58
5805,-107,41,90,376,4,9,57
5805,-107,56,90,376,4,8,57
5805,-107,31,90,376,3,10,57
5805,-107,42,90,376,3,10,57
5805,-107,60,90,376,1,9,57
5805,-107,46,90,376,4,10,57
5805,-107,34,90,376,4,10,57
5805,-107,37,90,376,3,8,57
5805,-107,42,90,376,2,10,57
5805,-107,48,90,376,4,9,57
5805,-107,41,90,376,2,9,58
5805,-107,69,90,376,4,10,57
5805,-107,60,90,376,4,9,57
5805,-107,49,90,376,4,9,57
5805,-107,35,90,376,2,9,57
5805,-107,37,90,376,4,9,57
5805,-107,41,90,376,3,10,58
5805,-107,34,90,376,3,9,57
5805,-107,51,90,376,4,9,57
5805,-107,41,90,376,4,9,57
5805,-107,36,90,376,2,10,58
5805,-107,65,90,376,3,10,58
5805,-107,56,90,376,4,11,57
5805,-107,35,90,376,4,10,57
5805,-107,32,90,376,4,9,57
5805,-107,39,90,376,3,10,57
5805,-107,35,90,376,3,5,56
5805,-107,62,90,376,2,10,57
5805,-107,45,90,376,3,10,58
5805,-107,40,90,376,2,9,57
5805,-107,39,90,376,3,9,57
5805,-107,33,89,376,3,10,57
5805,-107,52,90,376,3,9,57
5805,-107,47,90,376,2,10,58
5805,-107,43,90,376,2,9,57
5805,-107,33,90,376,4,10,57
5805,-107,39,90,376,4,9,57
5805,-107,35,90,376,4,8,56
5805,-107,43,90,376,3,7,56
5805,-107,41,89,376,5,9,56
5805,-107,62,90,376,4,9,57
5805,-107,43,90,376,4,10,57
5805,-107,47,90,376,4,11,58
5805,-107,35,90,376,3,8,56
5805,-107,53,90,376,3,11,58
5805,-107,35,90,376,4,10,58
5805,-107,53,89,376,4,11,57
5805,-107,47,90,376,3,10,58
5805,-107,46,90,376,3,10,58
5805,-107,45,90,376,3,9,57
5805,-107,45,90,376,3,9,57
5805,-107,42,89,376,5,9,56
5805,-107,56,90,376,4,11,58
5805,-107,54,90,376,4,9,58
5805,-107,31,90,376,3,9,56
5805,-107,55,90,376,4,9,57
5805,-107,42,90,376,3,10,57
5805,-107,45,90,376,3,9,57
5805,-107,40,90,376,3,9,57
5805,-107,48,90,376,5,9,57
5805,-107,25,90,376,3,9,57
5805,-107,37,89,376,4,8,56
5805,-107,60,90,376,3,9,57
5805,-107,44,90,376,4,10,58
5805,-107,55,90,376,1,10,57
5805,-107,49,90,376,3,11,58
5805,-107,41,90,376,3,9,57
5805,-107,60,90,376,2,9,57
5805,-107,43,90,376,3,8,57
5805,-107,47,90,376,2,9,57
5805,-107,51,90,376,3,9,58
5805,-107,47,90,376,5,10,57
5805,-107,58,90,376,3,10,58
5805,-107,58,89,377,4,10,57
5805,-107,50,90,376,2,9,57
5805,-107,37,90,376,3,8,56
5805,-107,41,90,376,3,8,57
5805,-107,47,90,376,3,10,57
5805,-107,34,90,376,3,9,57
5805,-107,52,90,376,3,9,57
5805,-107,63,90,376,2,10,57
5805,-107,62,90,376,3,10,57
5805,-107,47,90,376,3,9,57
5805,-107,43,90,376,2,11,58
5805,-107,55,90,376,5,10,58
5805,-107,50,90,376,4,10,58
5805,-107,37,90,376,4,10,57
5805,-107,41,90,376,2,9,58
5805,-107,43,90,376,3,10,57
5805,-107,55,90,376,3,9,57
5805,-107,38,90,376,2,10,57
5805,-107,49,90,376,3,10,58
5805,-107,51,89,376,4,11,57
5805,-107,36,90,376,4,10,57
5805,-107,38,90,376,3,9,57
5805,-107,40,89,376,4,8,56
5805,-107,45,90,376,4,10,57
5805,-107,34,90,376,3,9,57
5805,-107,55,90,376,4,10,58
5805,-107,61,90,376,1,11,58
5805,-107,58,90,376,2,8,56
5805,-107,37,90,376,4,10,58
5805,-107,47,90,376,3,11,58
5805,-107,47,90,376,4,9,57
5805,-107,47,90,376,3,9,57
5805,-107,53,90,376,4,11,57
5805,-107,66,90,376,4,9,58
5805,-107,37,90,376,4,12,57
5805,-107,46,90,376,3,10,57
5805,-107,43,90,376,4,10,58
5805,-107,50,90,376,4,9,57
5805,-107,49,90,376,3,8,57
5805,-107,34,90,376,2,8,56
5805,-107,34,90,376,4,9,57
5805,-107,64,90,376,4,9,58
5805,-107,48,90,376,4,11,58
5805,-107,40,89,376,4,9,57
5805,-107,39,90,376,3,9,57
5805,-107,42,90,376,4,8,57
5805,-107,72,90,376,4,11,58
5805,-107,31,90,376,3,10,57
5805,-107,52,90,376,3,9,57
5805,-107,38,90,376,3,9,57
5805,-107,38,90,376,3,9,57
5805,-107,34,90,376,3,10,57
5805,-107,52,90,376,2,11,57
5805,-107,56,90,376,2,9,58
5805,-107,52,90,376,2,10,58
5805,-107,60,90,376,3,9,57
5805,-107,48,89,376,4,9,57
5805,-107,66,90,376,2,9,58
5805,-107,54,90,376,3,9,58
5805,-107,55,89,376,3,10,57
5805,-107,46,90,376,5,9,57
5805,-107,40,90,376,2,6,56
5805,-107,52,90,376,4,9,57
5805,-107,48,90,376,3,10,58
5805,-107,32,90,376,3,9,57
5805,-107,31,90,376,4,10,57
5805,-107,63,90,376,3,9,57
5805,-107,30,90,376,1,8,57
5805,-107,51,90,376,3,10,56
5805,-107,43,90,376,3,8,57
5805,-107,60,90,376,3,9,57
5805,-107,32,89,376,3,9,57
5805,-107,51,90,376,2,9,57
5805,-107,58,90,376,2,7,56
5805,-107,41,90,376,4,11,57
5805,-107,44,90,376,2,8,57
5805,-107,51,90,376,2,11,58
5805,-107,63,90,376,3,10,57
5805,-107,44,90,376,2,10,57
5805,-107,51,90,376,3,10,58
5805,-107,37,90,376,3,9,57
5805,-107,31,90,376,2,8,56
5805,-107,54,90,376,3,10,58
5805,-107,41,90,376,3,11,57
5805,-107,40,89,376,3,9,56
5805,-107,38,90,376,4,10,57
5805,-107,45,90,376,3,11,58
5805,-107,31,90,376,3,11,58
5805,-107,30,90,376,4,9,57
5805,-107,47,90,376,3,10,57
5805,-107,36,90,376,4,10,57
5805,-107,66,90,376,3,10,57
5805,-107,50,90,376,2,11,58
5805,-107,50,90,376,2,10,57
5805,-107,47,90,376,4,10,57
5805,-107,61,90,376,4,10,57
5805,-107,39,90,376,4,9,57
5805,-107,45,90,376,3,8,57
5805,-107,28,90,376,3,10,56
5805,-107,53,90,376,4,9,56
5805,-107,40,90,376,4,11,58
5805,-107,43,90,376,3,12,58
5805,-107,33,90,376,4,8,57
5805,-107,34,90,376,2,10,58
5805,-107,35,90,376,4,10,58
5805,-107,40,90,376,3,10,58
5805,-107,51,90,376,3,10,57
5805,-107,51,90,376,5,8,57
5805,-107,45,90,376,4,9,57
5805,-107,44,89,377,4,8,56
5805,-107,42,90,376,1,9,56
5805,-107,40,90,376,4,8,56
5805,-107,49,90,376,3,10,58
5805,-107,57,90,376,3,10,58
5805,-107,54,90,376,2,10,57
5805,-107,50,90,376,1,8,57
5805,-107,47,90,376,3,11,58
5805,-107,53,90,376,4,12,58
5805,-107,65,90,376,3,9,58
5805,-107,62,90,376,4,9,57
5805,-107,46,90,376,4,9,57
5805,-107,30,90,376,3,10,57
5805,-107,32,90,376,3,10,57
5805,-107,50,90,376,4,10,58
5805,-107,45,90,376,4,8,57
5805,-107,40,90,376,3,8,57
5805,-107,43,90,376,3,9,57
5805,-107,48,90,376,5,9,57
5805,-107,35,90,376,3,11,57
5805,-107,57,90,376,4,8,56
5805,-107,39,90,376,3,9,57
5805,-107,49,90,376,3,10,57
5805,-107,79,90,376,4,9,57
5805,-107,41,90,376,3,9,57
5805,-107,35,90,376,3,9,57
5805,-107,51,90,376,4,10,58
5805,-107,54,90,376,4,12,58
5805,-107,46,90,376,4,7,57
5805,-107,31,90,376,2,10,58
5805,-107,56,90,376,3,10,58
5805,-107,32,90,376,2,8,57
5805,-107,41,90,376,4,10,58
5805,-107,45,90,376,4,10,58
5805,-107,38,90,376,3,7,57
5805,-107,52,90,376,3,9,57
5805,-107,53,90,376,3,9,57
5805,-107,38,90,376,3,10,57
5805,-107,49,90,376,4,11,58
5805,-107,57,90,376,3,9,58
5805,-107,35,90,376,4,10,58
5805,-107,37,90,376,4,9,56
5805,-107,42,90,376,3,9,58
5805,-107,42,90,376,2,9,57
5805,-107,64,90,376,3,9,57
5805,-107,73,90,376,4,10,58
5805,-107,47,90,376,2,9,57
5805,-107,39,90,376,2,8,56
5805,-107,47,90,376,3,9,57
5805,-107,32,90,376,3,10,57
5805,-107,49,90,376,3,10,57
5805,-107,33,90,376,4,8,57
5805,-107,53,90,376,2,11,58
5805,-107,44,90,376,2,8,57
5805,-107,57,90,376,2,10,57
5805,-107,48,90,376,3,9,57
5805,-107,33,90,376,4,9,58
5805,-107,42,90,376,2,11,58
5805,-107,59,90,376,3,10,58
5805,-107,39,90,376,4,9,57
5805,-107,44,90,376,4,11,58
5805,-107,52,90,376,3,10,58
5805,-107,63,90,376,4,10,58
5805,-107,54,90,376,1,9,57
5805,-107,47,90,376,2,10,58
5805,-107,58,90,376,3,9,57
5805,-107,45,90,376,4,10,57
5805,-107,54,90,376,3,11,58
5805,-107,38,90,376,3,10,57
5805,-107,40,90,376,3,7,55
5805,-107,31,90,376,3,10,57
5805,-107,55,90,376,2,10,57
5805,-107,32,90,376,3,9,57
5805,-107,46,90,376,4,11,57
5805,-107,58,90,376,4,9,57
5805,-107,38,90,376,3,9,57
5805,-107,46,90,376,3,9,57
5805,-107,40,90,376,4,8,56
5805,-107,47,90,376,3,9,58
5805,-107,45,90,376,4,10,58
5805,-107,45,90,376,4,9,58
5805,-107,37,90,376,3,9,57
5805,-107,48,90,376,4,10,57
5805,-107,54,90,376,4,9,58
5805,-107,41,90,376,2,10,57
5805,-107,53,90,376,4,8,57
5805,-107,44,90,376,4,12,58
5805,-107,32,90,376,3,11,58
5805,-107,37,90,376,3,9,57
5805,-107,46,90,376,4,8,57
5805,-107,53,90,376,3,9,57
5805,-107,47,90,376,3,9,58
5805,-107,41,90,376,4,10,57
5805,-107,44,90,376,3,8,57
5805,-107,34,90,376,3,10,58
5805,-107,44,90,376,4,10,58
5805,-107,33,90,376,3,9,57
5805,-107,39,89,377,3,9,57
5805,-107,31,90,376,3,10,57
5805,-107,43,90,376,3,8,57
5805,-107,61,90,376,3,10,58
5805,-107,48,90,376,3,10,58
5805,-107,52,90,376,2,9,57
5805,-107,41,90,376,3,9,57
5805,-107,37,90,376,5,9,57
5805,-107,45,90,376,4,11,58
5805,-107,48,90,376,2,7,56
5805,-107,41,90,376,3,9,57
5805,-107,51,90,376,3,9,57
5805,-107,53,90,376,4,10,57
5805,-107,38,90,376,3,10,58
5805,-107,39,90,376,2,10,57
5805,-107,41,90,376,3,9,56
5805,-107,44,90,376,3,10,58
5805,-107,39,90,376,4,10,58
5805,-107,49,90,376,4,9,57
5805,-107,48,90,376,3,9,57
5805,-107,29,89,377,4,7,56
5805,-107,56,90,376,4,9,57
5805,-107,52,90,376,4,10,57
5805,-107,42,90,376,4,9,57
5805,-107,41,90,376,3,9,57
5805,-107,34,90,376,3,10,58
5805,-107,29,90,376,3,8,56
5805,-107,42,90,376,4,10,58
5805,-107,48,90,376,3,7,57
5805,-107,41,90,376,4,9,56
5805,-107,49,90,376,4,9,57
5805,-107,50,90,376,2,9,57
5805,-107,38,90,376,3,9,57
5805,-107,66,90,376,4,8,57
5805,-107,46,90,376,2,10,58
5805,-107,42,90,376,4,10,57
5805,-107,40,89,376,4,8,56
5805,-107,31,90,376,2,10,57
5805,-107,46,90,376,2,7,57
5805,-107,57,90,376,2,10,58
5805,-107,46,90,376,4,8,57
5805,-107,33,90,376,3,8,56
5805,-107,36,90,376,3,11,58
5805,-107,42,90,376,3,10,58
5805,-107,53,90,376,3,10,57
5805,-107,42,90,376,3,10,57
5805,-107,37,90,376,3,9,57
5805,-107,52,90,376,3,9,58
5805,-107,48,90,376,3,9,57
5805,-107,32,90,376,4,8,56
5805,-107,44,90,376,4,11,57
5805,-107,55,90,376,2,9,57
5805,-107,59,90,376,4,9,57
5805,-107,57,90,376,3,8,56
5805,-107,47,90,376,4,10,57
5805,-107,60,90,376,3,11,58
5805,-107,52,90,376,2,10,58
5805,-107,31,90,376,2,11,57
5805,-107,33,90,376,2,9,56
5805,-107,37,90,376,3,10,58
5805,-107,31,90,376,3,9,57
5805,-107,46,90,376,3,10,58
5805,-107,45,90,376,4,9,57
5805,-107,47,90,376,4,9,58
5805,-107,61,90,376,3,10,57
5805,-107,48,90,376,3,10,58
5805,-107,37,90,376,2,11,57
5805,-107,30,90,376,3,11,57
5805,-107,48,90,376,3,10,58
5805,-107,64,90,376,3,11,58
5805,-107,35,90,376,3,10,58
5805,-107,46,90,376,4,10,57
5805,-107,55,90,376,3,10,58
5805,-107,54,90,376,3,9,57
5805,-107,34,90,376,4,10,57
5805,-107,35,90,376,2,7,56
5805,-107,39,90,376,3,11,58
5805,-107,45,90,376,3,9,57
5805,-107,39,90,376,3,9,57
5805,-107,57,90,376,4,9,57
5805,-107,45,90,376,4,8,57
5805,-107,31,90,376,5,8,56
5805,-107,58,90,376,3,10,57
5805,-107,38,90,376,4,8,57
5805,-107,49,90,376,5,6,57
5805,-107,40,90,376,3,9,57
5805,-107,41,90,376,5,10,57
5805,-107,42,90,376,4,9,57
5805,-107,34,89,376,4,8,55
5805,-107,49,90,376,2,9,57
5805,-107,45,90,376,3,10,57
5805,-107,44,90,376,4,10,57
5805,-107,56,90,376,4,10,57
5805,-107,49,90,376,2,8,57
5805,-107,39,90,376,3,10,58
5805,-107,59,90,376,4,10,58
5805,-107,46,90,376,4,11,58
5805,-107,51,90,376,2,10,59
5805,-107,49,90,376,5,10,57
5805,-107,59,90,376,3,11,59
5805,-107,30,90,376,4,8,56
5805,-107,44,90,376,3,8,57
5805,-107,38,90,376,2,10,57
5805,-107,38,90,376,2,10,58
5805,-107,53,90,376,3,8,57
5805,-107,24,90,376,5,10,56
5805,-107,58,90,376,3,9,57
5805,-107,36,90,376,3,9,57
5805,-107,49,90,376,3,10,57
5805,-107,47,90,376,2,11,57
5805,-107,42,90,376,2,11,58
5805,-107,53,90,376,4,10,57
5805,-107,64,90,376,2,9,58
5805,-107,42,90,376,4,11,58
5805,-107,55,90,376,3,10,57
5805,-107,47,90,376,2,9,57
5805,-107,42,90,376,4,9,58
5805,-107,39,90,376,3,9,58
5805,-107,27,90,376,2,9,56
5805,-107,44,90,376,2,9,57
5805,-107,32,90,376,2,10,57
5805,-107,36,90,376,3,9,57
5805,-107,41,90,376,3,10,58
5805,-107,45,90,376,3,10,58
5805,-107,49,90,376,4,8,57
5805,-107,31,90,376,3,10,58
5805,-107,43,90,376,4,9,57
5805,-107,32,90,376,3,8,57
5805,-107,36,89,376,4,10,57
5805,-107,43,90,376,3,11,57
5805,-107,46,90,376,3,10,57
5805,-107,63,90,376,4,8,56
5805,-107,34,90,376,4,8,58
5805,-107,52,90,376,2,11,58
5805,-107,44,90,376,3,10,58
5805,-107,47,90,376,3,8,57
5805,-107,48,90,376,3,8,57
5805,-107,50,90,376,3,9,57
5805,-107,40,90,376,3,9,58
5805,-107,26,90,376,4,8,55
5805,-107,48,90,376,4,9,58
5805,-107,39,90,376,3,10,57
5805,-107,47,90,376,4,9,57
5805,-107,30,90,376,4,10,57
5805,-107,53,90,376,4,10,57
5805,-107,44,90,376,4,10,58
5805,-107,40,90,376,4,9,58
5805,-107,43,90,376,3,10,58
5805,-107,38,90,376,2,8,57
5805,-107,57,90,376,4,10,58
5805,-107,57,90,376,4,10,59
5805,-107,38,90,376,4,10,57
5805,-107,41,90,376,4,8,58
5805,-107,44,90,376,3,9,57
5805,-107,41,90,376,3,11,58
5805,-107,48,90,376,3,10,58
5805,-107,45,90,376,3,10,57
5805,-107,43,90,376,4,9,57
5805,-107,64,90,376,3,9,57
5805,-107,51,90,376,3,10,58
5805,-107,56,90,376,4,9,58
5805,-107,32,90,376,3,11,58
5805,-107,60,90,376,3,9,57
5805,-107,41,89,376,4,11,57
5805,-107,45,90,376,3,9,58
5805,-107,37,90,376,2,9,57
5805,-107,44,90,376,3,10,58
5805,-107,38,90,376,3,10,58
5805,-107,47,90,376,3,8,57
5805,-107,37,89,377,5,11,57
5805,-107,32,90,376,3,9,58
5805,-107,27,90,376,1,9,57
5805,-107,53,90,376,4,10,58
5805,-107,41,90,376,4,11,57
5805,-107,39,90,376,2,10,57
5805,-107,38,90,376,4,9,57
5805,-107,53,90,376,1,10,57
5805,-107,47,89,376,4,9,57
5805,-107,40,90,376,3,8,57
5805,-107,50,90,376,2,10,58
5805,-107,42,90,376,3,10,58
5805,-107,43,90,376,4,10,57
5805,-107,35,90,376,4,9,57
5805,-107,37,90,376,3,10,58
5805,-107,36,90,376,2,8,57
5805,-107,36,90,376,2,10,58
5805,-107,45,90,376,4,11,59
5805,-107,46,90,376,4,9,57
5805,-107,61,90,376,3,10,58
5805,-107,48,90,376,3,9,57
5805,-107,31,90,376,4,11,57
5805,-107,50,90,376,3,10,58
5805,-107,63,90,376,4,10,58
5805,-107,60,90,376,4,11,58
5805,-107,48,90,376,3,9,58
5805,-107,36,89,376,4,8,56
5805,-107,43,89,377,4,8,56
5805,-107,43,90,376,4,10,57
5805,-107,53,90,376,3,9,57
5805,-107,53,90,376,3,11,57
5805,-107,35,90,376,2,9,57
5805,-107,41,90,376,3,9,58
5805,-107,47,90,376,4,9,57
5805,-107,34,90,376,3,9,57
5805,-107,40,90,376,2,9,57
5805,-107,52,90,376,1,9,57
5805,-107,43,90,376,3,9,58
5805,-107,58,90,376,3,10,57
5805,-107,27,90,376,3,11,58
5805,-107,39,90,376,4,10,57
5805,-107,49,90,376,4,9,57
5805,-107,43,90,376,3,10,58
5805,-107,58,90,376,2,10,57
5805,-107,55,90,376,4,9,57
5805,-107,48,90,376,3,9,57
5805,-107,52,90,376,4,9,57
5805,-107,52,90,376,2,9,57
5805,-107,54,90,376,3,10,58
5805,-107,38,90,376,3,10,58
5805,-107,59,90,376,2,9,57
5805,-107,30,90,376,3,9,57
5805,-107,46,90,376,2,9,57
5805,-107,35,90,376,3,9,57
5805,-107,37,90,376,4,10,57
5805,-107,50,90,376,3,9,57
5805,-107,40,90,376,4,9,57
5805,-107,41,89,377,5,9,56
5805,-107,49,90,376,3,10,58
5805,-107,46,90,376,2,10,57
5805,-107,26,90,376,4,9,56
5805,-107,44,90,376,2,9,57
5805,-107,61,90,376,3,10,57
5805,-107,55,90,376,4,10,57
5805,-107,32,90,376,5,9,57
5805,-107,47,90,376,2,9,58
5805,-107,30,88,377,4,9,55
5805,-107,31,90,376,3,10,57
5805,-107,33,90,376,4,8,56
5805,-107,37,90,376,2,9,57
5805,-107,57,90,376,5,10,57
5805,-107,43,90,376,4,8,57
5805,-107,54,90,376,3,9,57
5805,-107,53,89,376,4,8,56
5805,-107,41,90,376,4,9,57
5805,-107,39,90,376,4,12,58
5805,-107,66,90,376,3,9,57
5805,-107,51,90,376,4,10,57
5805,-107,70,90,376,3,12,59
5805,-107,61,90,376,4,10,57
5805,-107,46,90,376,3,8,57
5805,-107,45,90,376,4,10,58
5805,-107,44,90,376,4,9,58
5805,-107,57,90,376,3,9,57
5805,-107,49,90,376,2,10,58
5805,-107,34,90,376,4,9,57
5805,-107,47,90,376,3,7,57
5805,-107,37,90,376,3,9,57
5805,-107,30,90,376,4,11,57
5805,-107,59,90,376,3,9,57
5805,-107,41,90,376,4,9,57
5805,-107,29,90,376,2,10,57
5805,-107,42,90,376,3,12,59
5805,-107,49,90,376,3,10,57
5805,-107,46,90,376,4,9,57
5805,-107,37,90,376,3,6,56
5805,-107,50,90,376,4,8,56
5805,-107,56,90,376,4,10,57
5805,-107,36,90,376,3,9,57
5805,-107,47,89,377,4,10,57
5805,-107,49,90,376,3,9,57
5805,-107,47,90,376,3,9,57
5805,-107,39,90,376,3,9,57
5805,-107,50,90,376,4,10,58
5805,-107,40,90,376,3,10,57
5805,-107,46,90,376,2,10,57
5805,-107,56,90,376,3,8,56
5805,-107,37,90,376,4,9,58
5805,-107,43,90,376,2,6,54
5805,-107,44,90,376,2,11,57
5805,-107,42,90,376,3,10,58
5805,-107,43,90,376,3,8,56
5805,-107,39,90,376,2,10,58
5805,-107,60,90,376,2,9,57
5805,-107,44,90,376,3,10,57
5805,-107,45,90,376,3,9,57
5805,-107,45,90,376,2,8,57
5805,-107,51,90,376,3,8,57
5805,-107,40,90,376,3,10,57
5805,-107,55,90,376,2,9,57
5805,-107,48,90,376,4,8,58
5805,-107,32,90,376,3,11,59
5805,-107,54,90,376,3,11,59
5805,-107,46,90,376,3,9,57
5805,-107,53,90,376,3,10,57
5805,-107,55,90,376,1,10,58
5805,-107,48,90,376,4,10,58
5805,-107,56,90,376,4,10,58
5805,-107,49,90,376,4,9,57
5805,-107,56,90,376,2,13,58
5805,-107,55,90,376,1,10,58
5805,-107,44,90,376,4,10,57
5805,-107,38,90,376,4,9,57
5805,-107,53,90,376,3,9,57
5805,-107,48,90,376,4,9,57
5805,-107,29,90,376,3,9,57
5805,-107,58,90,376,2,10,58
5805,-107,57,90,376,3,10,58
5805,-107,35,90,376,3,10,58
5805,-107,47,90,376,4,11,57
5805,-107,72,90,376,3,10,58
5805,-107,58,90,376,4,8,57
5805,-107,54,90,376,4,10,58
5805,-107,56,90,376,3,8,57
5805,-107,40,90,376,4,8,57
5805,-107,56,90,376,3,9,57
5805,-107,66,90,376,3,10,58
5805,-107,44,90,376,6,12,58
5805,-107,42,90,376,3,10,57
5805,-107,47,90,376,3,10,58
5805,-107,50,90,376,4,9,57
5805,-107,30,90,376,2,10,56
5805,-107,44,90,376,3,10,58
5805,-107,37,90,376,3,8,56
5805,-107,39,90,376,4,10,57
5805,-107,47,90,376,3,10,58
5805,-107,50,90,376,3,11,57
5805,-107,46,90,376,3,10,58
5805,-107,51,90,376,3,10,57
5805,-107,34,90,376,3,8,58
5805,-107,36,90,376,4,9,57
5805,-107,41,90,376,3,9,58
5805,-107,46,90,376,3,10,58
5805,-107,50,90,376,4,11,57
5805,-107,39,90,376,2,10,58
5805,-107,35,90,376,2,8,57
5805,-107,46,90,376,3,9,57
5805,-107,44,89,377,5,8,56
5805,-107,61,90,376,2,11,58
5805,-107,36,90,376,2,9,57
5805,-107,48,89,376,4,9,56
5805,-107,64,90,376,4,10,58
5805,-107,39,90,376,4,11,57
5805,-107,40,90,376,4,10,57
5805,-107,40,90,376,2,9,57
5805,-107,59,90,376,4,8,58
5805,-107,34,90,376,3,10,57
5805,-107,44,90,376,3,9,57
5805,-107,40,90,376,3,10,57
5805,-107,44,90,376,3,10,57
5805,-107,44,90,376,3,10,57
5805,-107,40,90,376,2,11,57
5805,-107,44,90,376,1,10,57
5805,-107,60,90,376,3,9,57
5805,-107,54,90,376,2,13,59
5805,-107,29,90,376,2,7,57
5805,-107,55,90,376,3,10,58
5805,-107,77,90,376,2,8,57
5805,-107,46,90,376,4,11,58
5805,-107,52,90,376,1,9,57
5805,-107,36,88,377,4,9,55
5805,-107,35,90,376,3,10,57
5805,-107,50,90,376,1,11,57
5805,-107,52,90,376,3,11,58
5805,-107,39,90,376,3,10,58
5805,-107,34,90,376,3,11,57
5805,-107,43,90,376,2,8,57
5805,-107,30,90,376,3,7,57
5805,-107,51,90,376,4,11,57
5805,-107,33,90,376,4,10,58
5805,-107,59,90,376,2,9,57
5805,-107,42,90,376,5,8,57
5805,-107,43,90,376,2,10,58
5805,-107,46,90,376,4,10,58
5805,-107,45,90,376,4,10,58
5805,-107,31,90,376,3,9,57
5805,-107,51,90,376,3,8,57
5805,-107,52,90,376,3,9,57
5805,-107,37,90,376,2,9,58
5805,-107,48,90,376,2,9,57
5805,-107,59,90,376,1,10,57
5805,-107,58,90,376,2,8,57
5805,-107,49,90,376,3,10,56
5805,-107,47,90,376,3,10,57
5805,-107,37,90,376,0,10,57
5805,-107,52,90,376,3,7,56
5805,-107,52,90,376,3,11,59
5805,-107,55,90,376,3,9,57
5805,-107,52,90,376,4,7,57
5805,-107,45,90,376,3,11,58
5805,-107,44,90,376,3,9,57
5805,-107,45,90,376,3,8,57
5805,-107,52,90,376,4,9,56
5805,-107,71,90,376,3,9,58
5805,-107,65,90,376,3,9,58
5805,-107,57,90,376,3,10,58
5805,-107,48,90,376,3,10,58
5805,-107,56,90,376,4,9,57
5805,-107,49,90,376,3,10,57
5805,-107,66,90,376,3,11,58
5805,-107,65,90,376,4,11,57
5805,-107,53,90,376,4,9,57
5805,-107,50,90,376,3,11,59
5805,-107,52,90,376,2,9,57
5805,-107,39,90,376,3,9,57
5805,-107,40,90,376,4,8,57
5805,-107,49,90,376,3,10,58
5805,-107,47,90,376,3,8,57
5805,-107,47,90,376,3,9,57
5805,-107,45,90,376,3,11,58
5805,-107,54,90,376,4,10,58
5805,-107,51,90,376,3,8,57
5805,-107,65,90,376,4,10,58
5805,-107,59,90,376,4,9,57
5805,-107,49,90,376,3,9,57
5805,-107,33,89,376,5,10,57
5805,-107,59,90,376,2,10,58
5805,-107,46,90,376,3,8,57
5805,-107,43,90,376,3,11,57
5805,-107,55,90,376,2,8,56
5805,-107,47,90,376,2,12,58
5805,-107,40,90,376,4,10,58
5805,-107,54,90,376,3,10,58
5805,-107,72,90,376,3,8,57
5805,-107,47,89,376,4,11,57
5805,-107,50,90,376,4,8,57
5805,-107,50,90,376,4,10,57
5805,-107,40,90,376,3,8,57
5805,-107,35,90,376,4,10,57
5805,-107,33,89,376,4,10,57
5805,-107,49,90,376,3,11,58
5805,-107,45,90,376,4,11,58
5805,-107,49,90,376,2,10,58
5805,-107,36,90,376,3,12,58
5805,-107,48,90,376,2,8,57
5805,-107,41,90,376,3,10,58
5805,-107,52,90,376,3,9,57
5805,-107,59,90,376,2,10,58
5805,-107,39,90,376,3,8,57
5805,-107,29,90,376,4,10,57
5805,-107,52,90,376,3,9,57
5805,-107,43,90,376,3,10,57
5805,-107,43,90,376,3,10,58
5805,-107,46,90,376,4,11,57
5805,-107,52,90,376,3,10,59
5805,-107,34,90,376,4,11,58
5805,-107,64,90,376,3,10,57
5805,-107,51,90,376,5,9,57
5805,-107,57,90,376,3,10,57
5805,-107,52,90,376,3,8,57
5805,-107,31,90,376,4,10,57
5805,-107,30,90,376,2,9,57
5805,-107,63,90,376,4,10,57
5805,-107,45,90,376,3,10,57
5805,-107,66,90,376,2,9,57
5805,-107,51,90,376,4,10,58
5805,-107,73,90,376,2,11,58
5805,-107,49,90,376,5,10,58
5805,-107,57,90,376,1,9,57
5805,-107,54,90,376,2,12,58
5805,-107,60,90,376,3,11,58
5805,-107,52,90,376,2,9,57
5805,-107,61,90,376,3,8,57
5805,-107,49,90,376,2,9,57
5805,-107,49,90,376,4,8,57
5805,-107,64,90,376,3,10,58
5805,-107,69,90,376,3,10,58
5805,-107,57,90,376,4,8,57
5805,-107,46,90,376,3,10,58
5805,-107,67,90,376,3,9,57
5805,-107,79,90,376,4,11,58
5805,-107,53,90,376,4,10,58
5805,-107,49,89,376,4,9,57
5805,-107,53,90,376,4,8,58
5805,-107,53,90,376,4,9,57
5805,-107,52,90,376,2,9,57
5805,-107,46,90,376,3,9,58
5805,-107,56,90,376,4,5,56
5805,-107,48,90,376,2,9,57
5805,-107,67,90,376,2,9,57
5805,-107,48,90,376,3,9,56
5805,-107,39,89,376,3,8,55
5805,-107,50,90,376,4,10,57
5805,-107,52,90,376,3,9,57
5805,-107,53,90,376,3,10,58
5805,-107,52,90,376,4,10,57
5805,-107,60,90,376,3,10,58
5805,-107,70,90,376,2,9,57
5805,-107,61,90,376,3,9,57
5805,-107,50,90,376,4,10,57
5805,-107,45,90,376,3,9,57
5805,-107,64,90,376,3,11,57
5805,-107,48,90,376,4,10,58
5805,-107,59,90,376,3,7,57
5805,-107,54,90,376,3,9,58
5805,-107,31,90,376,3,9,57
5805,-107,55,90,376,3,7,57
5805,-107,54,89,376,3,10,57
5805,-107,43,90,376,3,9,58
5805,-107,53,90,376,3,12,59
5805,-107,61,90,376,2,10,58
5805,-107,55,90,376,3,10,58
5805,-107,49,89,376,5,9,56
5805,-107,47,90,376,3,10,57
5805,-107,50,90,376,3,10,58
5805,-107,58,89,376,3,11,57
5805,-107,60,90,376,3,10,57
5805,-107,42,89,376,3,9,56
5805,-107,77,90,376,4,9,58
5805,-107,34,90,376,4,8,57
5805,-107,57,90,376,3,9,57
5805,-107,37,90,376,4,11,57
5805,-107,53,90,376,2,8,58
5805,-107,41,89,377,4,9,56
5805,-107,35,90,376,3,8,56
5805,-107,50,90,376,4,10,57
5805,-107,55,90,376,4,8,57
5805,-107,59,90,376,3,11,58
5805,-107,58,90,376,3,9,57
5805,-107,39,90,376,3,9,57
5805,-107,64,90,376,3,11,59
5805,-107,47,90,376,3,10,58
5805,-107,54,89,376,4,9,57
5805,-107,35,90,376,3,9,56
5805,-107,46,90,376,3,10,58
5805,-107,54,90,376,4,9,57
5805,-107,63,90,376,2,10,58
5805,-107,52,90,376,3,11,58
5805,-107,38,90,376,3,10,57
5805,-107,40,90,376,3,11,58
5805,-107,46,90,376,2,10,57
5805,-107,44,90,376,3,8,56
5805,-107,51,90,376,3,8,57
5805,-107,29,90,376,4,7,55
5805,-107,57,90,376,3,10,58
5805,-107,77,90,376,4,11,58
5805,-107,61,90,376,4,9,57
5805,-107,44,90,376,3,9,56
5805,-107,73,90,376,3,11,57
5805,-107,67,90,376,3,10,58
5805,-107,50,90,376,4,11,58
5805,-107,56,90,376,4,9,57
5805,-107,47,90,376,3,12,58
5805,-107,45,89,377,5,9,56
5805,-107,58,90,376,3,9,58
5805,-107,60,90,376,5,11,57
5805,-107,48,90,376,2,9,57
5805,-107,62,90,376,4,10,58
5805,-107,54,89,376,3,10,56
5805,-107,44,90,376,3,8,57
5805,-107,56,90,376,3,9,57
5805,-107,70,90,376,4,11,58
5805,-107,35,90,376,3,12,59
5805,-107,61,90,376,1,10,57
5805,-107,45,90,376,2,9,57
5805,-107,46,90,376,4,9,58
5805,-107,76,90,376,4,8,57
5805,-107,29,90,376,3,9,57
5805,-107,39,90,376,3,8,56
5805,-107,52,90,376,3,8,56
5805,-107,49,90,376,3,11,58
5805,-107,56,90,376,3,10,57
5805,-107,59,90,376,3,8,57
5805,-107,49,89,376,5,11,57
5805,-107,46,90,376,3,11,59
5805,-107,44,90,376,3,9,57
5805,-107,56,90,376,4,11,57
5805,-107,60,90,376,3,10,59
5805,-107,44,90,376,4,10,57
5805,-107,48,90,376,2,10,58
5805,-107,50,90,376,3,9,57
5805,-107,54,90,376,3,8,58
5805,-107,49,90,376,4,9,57
5805,-107,58,90,376,2,10,58
5805,-107,61,90,376,3,10,57
5805,-107,45,90,376,2,9,57
5805,-107,53,90,376,2,9,57
5805,-107,38,90,376,2,10,58
5805,-107,57,89,376,4,7,56
5805,-107,42,90,376,3,10,57
5805,-107,53,90,376,4,8,57
5805,-107,56,90,376,3,10,58
5805,-107,55,90,376,1,10,57
5805,-107,39,90,376,1,7,56
5805,-107,60,90,376,3,11,58
5805,-107,52,90,376,3,11,58
5805,-107,63,90,376,3,10,58
5805,-107,44,90,376,3,10,57
5805,-107,35,90,376,4,9,57
5805,-107,58,90,376,2,9,57
5805,-107,57,90,376,3,10,57
5805,-107,33,90,376,3,10,56
5805,-107,33,90,376,5,6,56
5805,-107,41,90,376,3,7,57
5805,-107,37,90,376,2,10,57
5805,-107,32,90,376,3,9,57
5805,-107,38,90,376,3,6,57
5805,-107,69,90,376,3,10,58
5805,-107,57,90,376,4,10,57
5805,-107,56,90,376,2,9,57
5805,-107,61,90,376,3,10,58
5805,-107,54,90,376,2,9,58
5805,-107,55,90,376,4,9,57
5805,-107,45,90,376,4,10,58
5805,-107,54,90,376,2,11,57
5805,-107,58,90,376,4,9,58
5805,-107,59,90,376,4,10,58
5805,-107,49,90,376,3,10,58
5805,-107,46,90,376,4,9,57
5805,-107,57,90,376,2,9,58
5805,-107,62,90,376,2,8,58
5805,-107,56,90,376,3,10,58
5805,-107,40,90,376,2,10,56
5805,-107,61,90,376,4,8,57
5805,-107,54,90,376,3,10,57
5805,-107,71,90,376,2,10,57
5805,-107,40,90,376,3,8,57
5805,-107,29,90,376,3,9,57
5805,-107,52,90,376,4,10,57
5805,-107,66,90,376,3,10,57
5805,-107,65,90,376,4,10,57
5805,-107,42,90,376,3,11,58
5805,-107,72,90,376,3,11,58
5805,-107,51,90,376,3,10,58
5805,-107,61,90,376,4,9,57
5805,-107,55,90,376,2,10,58
5805,-107,46,90,376,3,10,58
5805,-107,72,90,376,3,10,58
5805,-107,52,90,376,4,9,57
5805,-107,45,90,376,1,10,58
5805,-107,41,89,376,4,10,57
5805,-107,63,90,376,4,9,58
5805,-107,50,90,376,3,10,57
5805,-107,49,90,376,2,9,57
5805,-107,47,90,376,3,9,57
5805,-107,46,90,376,3,9,57
5805,-107,56,90,376,3,9,57
5805,-107,50,90,376,3,12,58
5805,-107,50,90,376,2,8,57
5805,-107,57,90,376,3,9,57
5805,-107,57,90,376,4,10,57
5805,-107,65,90,376,4,8,57
5805,-107,51,90,376,3,10,58
5805,-107,56,90,376,5,9,57
5805,-107,48,90,376,3,8,57
5805,-107,62,90,376,3,9,58
5805,-107,45,90,376,1,9,58
5805,-107,44,90,376,3,9,58
5805,-107,56,89,377,3,10,56
5805,-107,40,89,376,4,9,56
5805,-107,58,90,376,2,9,57
5805,-107,41,90,376,2,10,58
5805,-107,72,90,376,3,9,57
5805,-107,71,90,376,3,11,57
5805,-107,72,90,376,2,8,57
5805,-107,67,90,376,4,8,57
5805,-107,46,90,376,3,10,58
5805,-107,53,90,376,4,9,57
5805,-107,55,90,376,3,9,57
5805,-107,39,88,377,4,9,55
5805,-107,55,90,376,3,11,59
5805,-107,41,90,376,4,11,57
5805,-107,45,90,376,3,10,57
5805,-107,49,90,376,3,8,57
5805,-107,53,90,376,3,9,57
5805,-107,40,90,376,3,9,57
5805,-107,46,90,376,4,9,57
5805,-107,50,90,376,4,7,57
5805,-107,61,90,376,3,8,56
5805,-107,70,90,376,3,10,57
5805,-107,46,90,376,4,10,58
5805,-107,49,90,376,3,11,57
5805,-107,52,90,376,3,10,58
5805,-107,46,90,376,3,8,57
5805,-107,61,90,376,4,8,57
5805,-107,56,90,376,3,11,58
5805,-107,46,90,376,3,10,57
5805,-107,49,90,376,3,10,57
5805,-107,44,90,376,3,10,57
5805,-107,52,90,376,2,9,57
5805,-107,70,90,376,4,9,57
5805,-107,31,90,376,2,11,57
5805,-107,49,90,376,3,10,57
5805,-107,59,90,376,3,10,57
5805,-107,33,90,376,4,9,57
5805,-107,45,90,376,3,10,57
5805,-107,58,90,376,3,7,57
5805,-107,46,90,376,4,8,57
5805,-107,52,90,376,2,10,58
5805,-107,50,90,376,4,11,58
5805,-107,49,90,376,4,9,57
5805,-107,35,90,376,3,9,57
5805,-107,46,90,376,3,10,58
5805,-107,58,90,376,2,9,57
5805,-107,38,90,376,4,7,56
5805,-107,34,90,376,3,9,57
5805,-107,52,90,376,3,11,58
5805,-107,48,90,376,3,9,58
5805,-107,55,90,376,3,9,57
5805,-107,68,90,376,3,10,58
5805,-107,53,90,376,3,8,57
5805,-107,59,90,376,3,8,57
5805,-107,48,90,376,3,7,57
5805,-107,47,90,376,2,9,57
5805,-107,29,90,376,4,9,57
5805,-107,52,90,376,3,10,58
5805,-107,48,90,376,3,10,57
5805,-107,48,90,376,3,9,57
5805,-107,39,90,376,2,11,58
5805,-107,56,90,376,3,9,57
5805,-107,60,90,376,4,10,57
5805,-107,45,90,376,3,10,58
5805,-107,44,90,376,3,8,57
5805,-107,58,90,376,4,9,58
5805,-107,57,90,376,2,11,58
5805,-107,54,90,376,2,9,57
5805,-107,78,90,376,3,10,58
5805,-107,52,90,376,2,10,58
5805,-107,62,90,376,3,11,58
5805,-107,46,90,376,4,9,58
5805,-107,43,90,376,3,8,57
5805,-107,66,90,376,3,8,57
5805,-107,59,90,376,4,11,58
5805,-107,35,90,376,2,10,57
5805,-107,49,90,376,3,10,57
5805,-107,38,90,376,4,8,56
5805,-107,56,90,376,4,10,59
5805,-107,55,90,376,3,10,58
5805,-107,69,90,376,2,9,58
5805,-107,47,90,376,4,11,57
5805,-107,56,90,376,4,9,57
5805,-107,45,90,376,2,9,57
5805,-107,31,90,376,1,7,56
5805,-107,62,90,376,3,9,57
5805,-107,42,90,376,3,9,57
5805,-107,31,90,376,3,9,57
5805,-107,38,90,376,3,9,58
5805,-107,53,90,376,3,9,58
5805,-107,66,90,376,2,11,57
5805,-107,67,90,376,4,10,58
5805,-107,64,90,376,4,8,57
5805,-107,35,90,376,2,10,57
5805,-107,56,90,376,4,10,57
5805,-107,43,90,376,3,9,57
5805,-107,39,90,376,4,8,56
5805,-107,66,90,376,4,10,57
5805,-107,43,90,376,4,9,57
5805,-107,57,90,376,3,11,57
5805,-107,48,90,376,4,10,58
5805,-107,51,90,376,2,10,57
5805,-107,69,90,376,1,8,57
5805,-107,74,90,376,3,10,58
5805,-107,56,90,376,4,9,57
5805,-107,46,90,376,2,11,58
5805,-107,67,90,376,4,10,57
5805,-107,52,90,376,3,10,58
5805,-107,57,90,376,3,9,57
5805,-107,40,90,376,3,8,56
5805,-107,73,90,376,2,9,57
5805,-107,34,90,376,4,12,58
5805,-107,38,90,376,2,10,58
5805,-107,62,90,376,2,9,57
5805,-107,44,90,376,4,9,57
5805,-107,45,90,376,2,8,57
5805,-107,33,90,376,2,10,57
5805,-107,50,90,376,4,8,56
5805,-107,64,90,376,3,10,58
5805,-107,48,90,376,3,10,57
5805,-107,33,90,376,3,8,56
5805,-107,62,90,376,4,8,57
5805,-107,46,90,376,3,10,59
5805,-107,34,90,376,2,12,58
5805,-107,51,90,376,3,8,56
5805,-107,47,90,376,2,8,57
5805,-107,62,90,376,4,9,57
5805,-107,66,90,376,3,8,57
5805,-107,69,90,376,3,11,58
5805,-107,49,90,376,4,8,57
5805,-107,49,90,376,4,12,58
5805,-107,56,89,376,3,8,57
5805,-107,61,90,376,4,9,58
5805,-107,55,90,376,2,10,58
5805,-107,62,90,376,5,9,57
5805,-107,43,90,376,3,9,57
5805,-107,38,90,376,3,8,56
5805,-107,51,89,376,5,9,57
5805,-107,61,90,376,3,9,58
5805,-107,57,90,376,3,11,57
5805,-107,64,90,376,3,9,57
5805,-107,44,90,376,2,9,57
5805,-107,58,90,376,3,9,57
5805,-107,68,90,376,3,11,57
5805,-107,68,90,376,3,9,58
5805,-107,52,90,376,1,7,56
5805,-107,41,90,376,4,10,58
5805,-107,49,90,376,3,9,58
5805,-107,45,90,376,3,11,57
5805,-107,68,90,376,3,8,56
5805,-107,43,90,376,4,10,57
5805,-107,40,90,376,3,10,57
5805,-107,58,90,376,3,11,58
5805,-107,60,90,376,4,8,57
5805,-107,55,90,376,3,9,57
5805,-107,61,90,376,3,9,57
5805,-107,46,90,376,3,9,58
5805,-107,53,90,376,3,9,57
5805,-107,38,90,376,4,10,57
5805,-107,49,90,376,3,6,57
5805,-107,58,90,376,3,11,57
5805,-107,49,90,376,2,9,57
5805,-107,51,90,376,3,9,58
5805,-107,45,90,376,3,8,57
5805,-107,43,90,376,5,10,57
5805,-107,55,89,377,4,10,56
5805,-107,37,90,376,2,9,57
5805,-107,40,90,376,2,10,58
5805,-107,43,90,376,3,9,57
5805,-107,51,90,376,3,10,57
5805,-107,64,90,376,4,8,58
5805,-107,34,90,376,2,10,57
5805,-107,38,90,376,3,9,57
5805,-107,49,90,376,4,9,58
5805,-107,60,90,376,4,6,57
5805,-107,56,90,376,2,8,56
5805,-107,51,90,376,4,10,58
5805,-107,46,90,376,3,7,57
5805,-107,67,90,376,4,10,57
5805,-107,64,90,376,3,9,57
5805,-107,56,90,376,2,11,57
5805,-107,65,90,376,4,9,56
5805,-107,42,90,376,3,9,58
5805,-107,47,90,376,3,11,57
5805,-107,44,90,376,3,8,56
5805,-107,44,90,376,2,9,58
5805,-107,53,90,376,3,10,58
5805,-107,41,90,376,3,9,57
5805,-107,69,90,376,4,9,57
5805,-107,48,90,376,4,10,58
5805,-107,52,90,376,4,9,57
5805,-107,60,90,376,3,9,57
5805,-107,54,90,376,4,11,57
5805,-107,45,90,376,5,10,58
5805,-107,56,90,376,3,10,58
5805,-107,42,90,376,3,7,57
5805,-107,69,90,376,4,11,58
5805,-107,46,90,376,3,10,58
5805,-107,55,90,376,3,10,57
5805,-107,50,90,376,3,9,57
5805,-107,55,90,376,4,10,58
5805,-107,35,90,376,4,9,57
5805,-107,49,90,376,3,9,58
5805,-107,61,90,376,3,10,58
5805,-107,42,90,376,2,9,57
5805,-107,53,90,376,4,10,58
5805,-107,43,90,376,3,11,58
5805,-107,38,90,376,5,9,58
5805,-107,55,90,376,3,9,57
5805,-107,65,90,376,4,9,57
5805,-107,50,90,376,3,9,57
5805,-107,44,90,376,3,9,57
5805,-107,48,90,376,1,9,57
5805,-107,53,90,376,3,9,56
5805,-107,57,90,376,4,9,58
5805,-107,55,90,376,2,10,58
5805,-107,41,90,376,3,9,57
5805,-107,49,90,376,5,9,58
5805,-107,54,90,376,4,9,57
5805,-107,59,90,376,4,10,58
5805,-107,46,90,376,2,9,57
5805,-107,64,90,376,4,10,57
5805,-107,49,90,376,3,6,57
5805,-107,31,90,376,4,10,58
5805,-107,45,90,376,3,10,57
5805,-107,56,90,376,3,9,58
5805,-107,29,90,376,2,10,57
5805,-107,53,90,376,4,10,58
5805,-107,44,90,376,3,11,57
5805,-107,44,90,376,4,9,57
5805,-107,52,90,376,3,9,58
5805,-107,42,90,376,4,10,58
5805,-107,45,90,376,3,9,57
5805,-107,35,90,376,3,9,57
5805,-107,59,90,376,3,9,57
5805,-107,62,90,376,3,10,58
5805,-107,34,90,376,3,8,57
5805,-107,52,90,376,4,9,58
5805,-107,46,90,376,4,10,57
5805,-107,46,90,376,3,9,58
5805,-107,42,89,376,4,9,56
5805,-107,48,90,376,2,9,57
5805,-107,46,90,376,3,10,58
5805,-107,54,90,376,3,8,57
5805,-107,53,90,376,2,11,58
5805,-107,46,90,376,4,10,57
5805,-107,44,90,376,3,10,58
5805,-107,34,90,376,3,10,58
5805,-107,65,90,376,2,10,58
5805,-107,50,90,376,3,9,57
5805,-107,44,90,376,3,10,57
5805,-107,73,90,376,2,9,57
5805,-107,52,90,376,4,11,58
5805,-107,39,90,376,2,10,58
5805,-107,52,90,376,3,9,57
5805,-107,59,90,376,3,10,57
5805,-107,45,90,376,3,9,57
5805,-107,43,90,376,4,9,57
5805,-107,34,90,376,3,8,57
5805,-107,52,90,376,2,11,58
5805,-107,45,89,376,4,11,57
5805,-107,41,90,376,3,8,56
5805,-107,47,90,376,3,10,57
5805,-107,59,90,376,3,9,58
5805,-107,52,90,376,3,10,57
5805,-107,40,90,376,3,10,58
5805,-107,38,90,376,3,9,57
5805,-107,45,90,376,3,9,57
5805,-107,41,90,376,3,10,58
5805,-107,46,90,376,2,10,58
5805,-107,37,90,376,2,8,57
5805,-107,50,90,376,3,10,58
5805,-107,46,90,376,4,8,56
5805,-107,61,90,376,3,8,58
5805,-107,36,90,376,4,10,58
5805,-107,43,90,376,3,9,57
5805,-107,33,89,376,3,10,57
5805,-107,51,90,376,3,9,58
5805,-107,52,90,376,3,11,57
5805,-107,39,90,376,2,9,56
5805,-107,58,90,376,3,10,57
5805,-107,69,90,376,3,7,58
5805,-107,49,90,376,4,10,57
5805,-107,42,90,376,3,10,58
5805,-107,58,90,376,1,9,57
5805,-107,70,90,376,4,9,58
5805,-107,44,90,376,2,9,57
5805,-107,66,90,376,3,9,57
5805,-107,44,90,376,3,10,57
5805,-107,55,90,376,4,11,57
5805,-107,44,90,376,2,10,58
5805,-107,59,90,376,2,9,58
5805,-107,36,90,376,4,10,57
5805,-107,36,88,378,5,9,55
5805,-107,34,90,376,4,11,58
5805,-107,60,90,376,2,13,61
5805,-107,29,83,382,15,14,55
5805,-107,63,90,376,5,9,57
5805,-107,38,90,376,3,11,58
5805,-107,47,90,376,4,8,56
5805,-107,66,90,376,4,9,58
5805,-107,55,90,376,4,10,57
5805,-107,45,89,376,4,10,57
5805,-107,51,90,376,4,9,58
5805,-107,42,90,376,3,10,58
5805,-107,47,90,376,3,11,57
5805,-107,47,90,376,3,8,57
5805,-107,51,90,376,4,8,57
5805,-107,58,90,376,4,8,58
5805,-107,44,90,376,3,10,58
5805,-107,56,90,376,3,10,58
5805,-107,64,90,376,4,9,58
5805,-107,58,90,376,4,9,58
5805,-107,36,90,376,2,10,57
5805,-107,36,90,376,3,11,58
5805,-107,47,89,377,5,10,56
5805,-107,38,90,376,4,9,57
5805,-107,48,90,376,4,9,58
5805,-107,51,90,376,2,10,58
5805,-107,65,90,376,4,9,57
5805,-107,49,90,376,3,9,57
5805,-107,67,90,376,2,10,58
5805,-107,67,90,376,4,9,58
5805,-107,51,90,376,5,10,58
5805,-107,46,90,376,3,9,58
5805,-107,37,90,376,3,9,58
5805,-107,65,90,376,5,9,57
5805,-107,54,90,376,3,10,58
5805,-107,53,90,376,4,10,58
5805,-107,56,90,376,2,10,56
5805,-107,42,90,376,4,10,57
5805,-107,46,90,376,4,10,57
5805,-107,54,90,376,4,11,59
5805,-107,58,90,376,5,10,57
5805,-107,51,90,376,3,9,58
5805,-107,37,90,376,4,8,57
5805,-107,42,90,376,3,9,57
5805,-107,63,90,376,4,10,58
5805,-107,55,90,376,3,11,58
5805,-107,40,90,376,5,12,58
5805,-107,41,90,376,4,9,58
5805,-107,55,90,376,5,11,57
5805,-107,49,90,376,5,10,57
5805,-107,48,90,376,5,10,58
5805,-107,55,90,376,2,10,57
5805,-107,44,90,376,4,11,58
5805,-107,49,90,376,4,9,58
5805,-107,34,90,376,3,10,58
5805,-107,62,90,376,3,10,58
5805,-107,38,90,376,3,9,57
5805,-107,50,90,376,4,8,57
5805,-107,58,90,376,5,11,57
5805,-107,53,90,376,4,11,58
5805,-107,48,90,376,3,7,55
5805,-107,46,90,376,4,8,57
5805,-107,51,90,376,3,8,56
5805,-107,36,90,376,4,9,57
5805,-107,65,90,376,3,10,58
5805,-107,48,89,376,4,10,56
5805,-107,49,90,376,3,9,57
5805,-107,54,90,376,5,12,58
5805,-107,60,89,376,3,9,57
5805,-107,48,90,376,3,9,57
5805,-107,44,90,376,4,9,58
5805,-107,48,90,376,3,9,57
5805,-107,53,90,376,4,10,58
5805,-107,43,88,377,5,10,55
5805,-107,56,90,376,4,9,57
5805,-107,67,90,376,4,11,58
5805,-107,48,90,376,3,10,58
5805,-107,58,90,376,3,12,58
5805,-107,52,89,376,4,10,57
5805,-107,51,90,376,4,11,58
5805,-107,35,89,376,4,9,56
5805,-107,57,90,376,3,10,58
5805,-107,60,90,376,4,9,57
5805,-107,46,90,376,2,9,57
5805,-107,50,90,376,4,9,57
5805,-107,45,90,376,4,9,57
5805,-107,43,90,376,2,10,57
5805,-107,57,90,376,3,10,58
5805,-107,39,90,376,3,10,57
5805,-107,47,90,376,4,8,57
5805,-107,33,90,376,4,10,57
5805,-107,45,90,376,3,10,57
5805,-107,37,90,376,2,9,57
5805,-107,36,90,376,3,10,57
5805,-107,45,90,376,3,10,58
5805,-107,41,90,376,2,9,57
5805,-107,54,90,376,2,9,57
5805,-107,56,90,376,2,10,57
5805,-107,74,90,376,4,9,58
5805,-107,50,90,376,4,10,58
5805,-107,54,90,376,3,9,57
5805,-107,68,90,376,3,8,56
5805,-107,64,90,376,3,11,59
5805,-107,39,90,376,3,9,57
5805,-107,53,90,376,5,9,57
5805,-107,59,90,376,4,10,58
5805,-107,50,90,376,3,9,58
5805,-107,62,90,376,2,9,57
5805,-107,62,90,376,2,9,57
5805,-107,46,90,376,3,9,57
5805,-107,54,90,376,4,10,58
5805,-107,70,90,376,2,10,57
5805,-107,53,90,376,3,11,58
5805,-107,46,90,376,3,10,57
5805,-107,56,90,376,4,8,57
5805,-107,63,90,376,1,9,56
5805,-107,60,90,376,3,10,57
5805,-107,54,90,376,3,10,58
5805,-107,45,90,376,4,9,58
5805,-107,58,90,376,2,10,58
5805,-107,56,89,376,4,9,57
5805,-107,48,90,376,3,9,57
5805,-107,59,90,376,3,10,58
5805,-107,46,90,376,3,10,58
5805,-107,63,90,376,4,9,58
5805,-107,59,90,376,4,10,58
5805,-107,50,90,376,4,9,57
5805,-107,56,90,376,2,8,57
5805,-107,53,90,376,3,9,58
5805,-107,54,90,376,2,11,58
5805,-107,43,90,376,4,12,58
5805,-107,53,90,376,3,9,57
5805,-107,59,90,376,2,9,57
5805,-107,49,90,376,4,10,58
5805,-107,73,90,376,2,9,57
5805,-107,50,90,376,3,10,58
5805,-107,55,90,376,3,8,57
5805,-107,63,90,376,4,9,57
5805,-107,44,89,376,4,9,56
5805,-107,66,90,376,4,9,57
5805,-107,48,90,376,3,9,57
5805,-107,57,90,376,2,9,57
5805,-107,47,90,376,4,10,57
5805,-107,46,90,376,3,8,57
5805,-107,53,90,376,3,9,57
5805,-107,52,90,376,4,9,58
5805,-107,49,90,376,3,10,58
5805,-107,50,90,376,4,10,57
5805,-107,49,90,376,3,10,57
5805,-107,57,90,376,2,10,57
5805,-107,60,90,376,3,10,57
5805,-107,54,90,376,2,10,57
5805,-107,73,90,376,3,8,57
5805,-107,43,89,377,5,10,57
5805,-107,59,89,376,4,10,57
5805,-107,45,90,376,3,10,58
5805,-107,45,90,376,3,12,57
5805,-107,54,90,376,4,10,57
5805,-107,45,90,376,4,9,58
5805,-107,59,90,376,1,10,58
5805,-107,45,90,376,3,9,57
5805,-107,51,90,376,3,10,58
5805,-107,37,90,376,3,10,57
5805,-107,42,89,376,4,9,57
5805,-107,39,90,376,3,8,57
5805,-107,44,90,376,4,9,57
5805,-107,47,90,376,4,10,57
5805,-107,43,90,376,3,9,57
5805,-107,71,90,376,5,10,58
5805,-107,64,90,376,3,10,58
5805,-107,40,90,376,4,10,58
5805,-107,58,90,376,4,10,58
5805,-107,35,89,376,5,8,55
5805,-107,44,90,376,3,11,58
5805,-107,46,90,376,3,8,58
5805,-107,54,90,376,3,10,58
5805,-107,44,90,376,3,9,57
5805,-107,61,90,376,4,8,57
5805,-107,41,90,376,2,10,57
5805,-107,35,90,376,4,9,57
5805,-107,43,90,376,3,9,57
5805,-107,30,90,376,3,9,57
5805,-107,38,90,376,3,9,57
5805,-107,33,90,376,4,9,57
5805,-107,48,90,376,2,11,59
5805,-107,69,90,376,3,10,58
5805,-107,55,90,376,4,9,56
5805,-107,56,90,376,3,10,57
5805,-107,56,90,376,4,8,57
5805,-107,29,90,376,4,8,56
5805,-107,53,90,376,3,8,57
5805,-107,52,89,376,4,8,57
5805,-107,56,90,376,4,8,56
5805,-107,45,89,376,4,11,57
5805,-107,50,90,376,3,10,58
5805,-107,49,90,376,3,9,57
5805,-107,51,90,376,3,9,57
5805,-107,60,90,376,4,8,57
5805,-107,42,90,376,3,10,57
5805,-107,65,90,376,4,10,57
5805,-107,56,90,376,2,9,57
5805,-107,66,90,376,3,10,58
5805,-107,54,90,376,3,9,57
5805,-107,57,90,376,3,9,56
5805,-107,37,90,376,3,9,57
5805,-107,46,90,376,3,10,58
5805,-107,53,90,376,3,9,57
5805,-107,51,90,376,4,9,57
5805,-107,50,90,376,5,10,57
5805,-107,39,90,376,2,10,58
5805,-107,49,90,376,4,10,58
5805,-107,79,90,376,4,10,57
5805,-107,63,90,376,4,10,58
5805,-107,63,90,376,3,10,58
5805,-107,54,90,376,3,9,58
5805,-107,52,90,376,3,10,57
5805,-107,68,90,376,2,9,58
5805,-107,55,90,376,4,11,57
5805,-107,40,90,376,3,7,56
5805,-107,32,90,376,3,8,57
5805,-107,44,90,376,3,10,58
5805,-107,32,90,376,3,11,57
5805,-107,75,90,376,2,10,58
5805,-107,38,90,376,4,9,57
5805,-107,43,90,376,3,9,58
5805,-107,50,90,376,2,10,57
5805,-107,46,89,376,3,10,57
5805,-107,46,90,376,2,8,57
5805,-107,54,90,376,3,9,58
5805,-107,68,90,376,4,10,57
5805,-107,57,90,376,2,10,57
5805,-107,46,90,376,3,9,56
5805,-107,58,90,376,3,12,57
5805,-107,59,90,376,3,10,58
5805,-107,46,90,376,4,11,58
5805,-107,30,90,376,3,9,57
5805,-107,47,90,376,4,10,58
5805,-107,45,90,376,3,12,58
5805,-107,46,89,376,4,11,58
5805,-107,58,90,376,4,10,58
5805,-107,50,90,376,4,11,57
5805,-107,50,90,376,4,10,57
5805,-107,30,90,376,2,8,56
5805,-107,54,90,376,3,10,58
5805,-107,54,90,376,3,11,58
5805,-107,70,90,376,3,10,58
5805,-107,49,90,376,2,8,56
5805,-107,38,90,376,2,9,57
5805,-107,38,90,376,4,10,58
5805,-107,38,90,376,4,9,57
5805,-107,45,90,376,4,11,58
5805,-107,54,90,376,2,9,57
5805,-107,45,90,376,4,10,57
5805,-107,62,90,376,2,10,58
5805,-107,39,90,376,4,12,58
5805,-107,51,90,376,3,9,57
5805,-107,49,90,376,3,10,57
5805,-107,54,90,376,3,10,58
5805,-107,40,90,376,4,11,58
5805,-107,61,90,376,3,9,57
5805,-107,48,90,376,4,11,58
5805,-107,41,90,376,3,10,58
5805,-107,44,90,376,2,9,57
5805,-107,41,90,376,3,11,58
5805,-107,54,90,376,4,10,58
5805,-107,34,89,376,4,9,56
5805,-107,41,90,376,4,10,58
5805,-107,58,90,376,3,10,58
5805,-107,46,90,376,3,8,57
5805,-107,47,90,376,3,9,57
5805,-107,40,90,376,3,8,57
5805,-107,64,90,376,4,8,57
5805,-107,75,90,376,3,10,58
5805,-107,55,90,376,3,8,57
5805,-107,45,90,376,3,9,57
5805,-107,54,90,376,3,10,58
5805,-107,56,90,376,5,9,57
5805,-107,37,90,376,3,9,57
5805,-107,70,90,376,4,10,57
5805,-107,51,90,376,3,10,58
5805,-107,40,90,376,4,8,57
5805,-107,62,90,376,4,8,58
5805,-107,62,90,376,3,9,58
5805,-107,51,89,377,4,10,57
5805,-107,59,90,376,3,8,58
5805,-107,45,89,376,4,8,56
5805,-107,59,90,376,3,9,57
5805,-107,57,90,376,3,10,58
5805,-107,47,90,376,3,11,58
5805,-107,60,90,376,4,9,58
5805,-107,48,90,376,2,10,58
5805,-107,57,90,376,3,10,58
5805,-107,42,90,376,3,11,58
5805,-107,54,90,376,3,10,57
5805,-107,59,90,376,4,9,57
5805,-107,58,90,376,4,10,57
5805,-107,46,90,376,3,7,56
5805,-107,55,90,376,4,9,58
5805,-107,48,90,376,4,10,57
5805,-107,59,90,376,3,8,57
5805,-107,57,90,376,3,8,57
5805,-107,38,90,376,3,9,57
5805,-107,47,90,376,3,10,58
5805,-107,40,90,376,3,9,58
5805,-107,53,90,376,3,9,57
5805,-107,38,90,376,4,8,57
5805,-107,48,90,376,4,10,57
5805,-107,38,90,376,3,10,57
5805,-107,54,90,376,3,11,57
5805,-107,51,90,376,4,11,58
5805,-107,47,90,376,3,10,58
5805,-107,43,90,376,2,9,57
5805,-107,44,89,376,4,10,57
5805,-107,50,90,376,3,10,57
5805,-107,43,89,377,4,9,57
5805,-107,54,90,376,3,12,58
5805,-107,65,90,376,2,11,58
5805,-107,43,90,376,3,9,57
5805,-107,57,90,376,3,10,58
5805,-107,55,90,376,3,10,58
5805,-107,47,90,376,3,11,58
5805,-107,44,90,376,2,8,57
5805,-107,55,89,376,2,9,57
5805,-107,40,90,376,4,9,58
5805,-107,49,90,376,3,9,57
5805,-107,53,90,376,2,9,57
5805,-107,36,90,376,4,10,57
5805,-107,47,90,376,4,11,58
5805,-107,52,90,376,3,9,57
5805,-107,68,90,376,4,9,57
5805,-107,45,90,376,3,7,57
5805,-107,63,89,377,4,9,56
5805,-107,54,90,376,3,9,57
5805,-107,46,90,376,3,9,57
5805,-107,53,90,376,2,9,58
5805,-107,64,90,376,3,9,57
5805,-107,54,90,376,4,9,57
5805,-107,33,89,376,4,8,56
5805,-107,59,90,376,3,9,58
5805,-107,54,90,376,3,10,57
5805,-107,51,90,376,3,9,57
5805,-107,44,89,376,4,9,56
5805,-107,64,90,376,3,9,57
5805,-107,67,90,376,4,9,57
5805,-107,56,90,376,3,10,57
5805,-107,47,90,376,3,9,58
5805,-107,65,90,376,3,9,57
5805,-107,50,90,376,4,11,58
5805,-107,42,90,376,3,8,57
5805,-107,57,90,376,2,11,58
5805,-107,55,90,376,3,10,58
5805,-107,65,90,376,3,9,57
5805,-107,53,90,376,2,8,57
5805,-107,45,90,376,4,10,58
5805,-107,52,90,376,4,8,57
5805,-107,56,90,376,4,11,58
5805,-107,47,90,376,3,10,57
5805,-107,54,90,376,3,11,58
5805,-107,49,90,376,4,10,56
5805,-107,62,90,376,4,11,58
5805,-107,44,90,376,3,10,58
5805,-107,59,90,376,3,9,58
5805,-107,31,90,376,1,10,57
5805,-107,51,90,376,3,7,56
5805,-107,65,90,376,4,8,57
5805,-107,32,90,376,3,10,57
5805,-107,56,90,376,3,9,58
5805,-107,30,90,376,3,9,57
5805,-107,68,90,376,3,10,57
5805,-107,42,90,376,3,9,57
5805,-107,32,90,376,3,10,58
5805,-107,63,90,376,2,9,57
5805,-107,56,90,376,3,11,58
5805,-107,55,90,376,4,10,57
5805,-107,38,90,376,3,9,57
5805,-107,52,90,376,3,8,57
5805,-107,55,90,376,2,9,57
5805,-107,50,90,376,3,8,57
5805,-107,52,90,376,2,9,57
5805,-107,36,90,376,3,11,58
5805,-107,54,90,376,2,10,58
5805,-107,53,90,376,5,10,58
5805,-107,44,90,376,3,10,58
5805,-107,38,90,376,3,9,57
5805,-107,51,90,376,3,10,57
5805,-107,57,90,376,4,11,58
5805,-107,67,90,376,4,9,58
5805,-107,50,90,376,3,9,56
5805,-107,56,90,376,3,9,57
5805,-107,62,90,376,3,9,58
5805,-107,44,90,376,3,8,57
5805,-107,56,90,376,3,8,57
5805,-107,43,90,376,3,9,57
5805,-107,54,90,376,3,9,57
5805,-107,51,90,376,3,8,56
5805,-107,65,90,376,2,8,57
5805,-107,53,90,376,3,8,57
5805,-107,54,90,376,3,9,57
5805,-107,52,89,377,5,10,57
5805,-107,57,90,376,4,11,58
5805,-107,44,90,376,5,9,58
5805,-107,54,90,376,4,9,57
5805,-107,64,90,376,2,10,58
5805,-107,52,90,376,2,10,58
5805,-107,47,90,376,3,9,58
5805,-107,57,90,376,3,10,57
5805,-107,48,90,376,2,9,56
5805,-107,48,90,376,3,10,58
5805,-107,40,90,376,2,11,58
5805,-107,85,90,376,3,10,57
5805,-107,65,90,376,4,10,57
5805,-107,58,90,376,4,10,58
5805,-107,44,90,376,3,10,57
5805,-107,71,90,376,3,10,58
5805,-107,54,90,376,3,8,56
5805,-107,56,90,376,3,10,57
5805,-107,54,89,376,4,12,57
5805,-107,44,90,376,2,8,56
5805,-107,53,90,376,4,9,57
5805,-107,35,90,376,3,9,57
5805,-107,45,90,376,3,9,57
5805,-107,53,90,376,3,10,57
5805,-107,57,90,376,4,8,57
5805,-107,55,90,376,3,9,57
5805,-107,73,90,376,3,12,58
5805,-107,56,90,376,4,10,58
5805,-107,55,90,376,4,10,57
5805,-107,37,90,376,3,11,58
5805,-107,48,90,376,3,10,58
5805,-107,60,90,376,3,9,57
5805,-107,67,90,376,4,10,58
5805,-107,59,90,376,3,10,58
5805,-107,55,90,376,3,9,57
5805,-107,46,89,377,5,11,57
5805,-107,27,90,376,3,9,57
5805,-107,44,90,376,3,10,58
5805,-107,51,90,376,4,9,57
5805,-107,45,90,376,4,10,58
5805,-107,50,90,376,4,10,58
5805,-107,51,90,376,2,9,58
5805,-107,42,90,376,3,11,58
5805,-107,60,90,376,5,8,57
5805,-107,57,90,376,3,9,58
5805,-107,69,90,376,3,10,57
5805,-107,58,90,376,4,9,57
5805,-107,44,90,376,3,9,58
5805,-107,52,90,376,4,10,57
5805,-107,62,90,376,2,9,58
5805,-107,38,90,376,3,10,57
5805,-107,56,90,376,2,11,57
5805,-107,49,89,376,3,10,57
5805,-107,61,90,376,2,9,57
5805,-107,51,90,376,3,9,57
5805,-107,52,90,376,4,9,57
5805,-107,42,90,376,5,10,58
5805,-107,58,90,376,3,9,58
5805,-107,55,90,376,2,8,57
5805,-107,51,90,376,3,10,57
5805,-107,68,90,376,3,8,57
5805,-107,37,90,376,3,10,57
5805,-107,54,90,376,3,11,59
5805,-107,35,90,376,4,8,56
5805,-107,45,90,376,3,9,58
5805,-107,62,90,376,2,9,56
5805,-107,35,90,376,4,10,58
5805,-107,43,90,376,1,10,57
5805,-107,57,90,376,3,11,58
5805,-107,59,90,376,3,9,57
5805,-107,42,90,376,4,9,58
5805,-107,50,90,376,4,9,57
5805,-107,35,90,376,3,8,57
5805,-107,57,90,376,2,10,57
5805,-107,61,90,376,3,8,57
5805,-107,67,90,376,4,9,57
5805,-107,35,90,376,3,8,57
5805,-107,74,90,376,3,8,57
5805,-107,71,90,376,4,10,58
5805,-107,43,90,376,3,11,58
5805,-107,43,90,376,3,11,58
5805,-107,31,90,376,2,10,56
5805,-107,64,90,376,2,12,59
5805,-107,45,90,376,5,12,58
5805,-107,48,90,376,4,10,57
5805,-107,64,90,376,3,11,58
5805,-107,40,90,376,4,8,57
5805,-107,54,90,376,3,10,57
5805,-107,58,90,376,3,12,58
5805,-107,62,90,376,4,9,57
5805,-107,43,90,376,4,11,58
5805,-107,54,90,376,3,9,58
5805,-107,40,90,376,3,10,57
5805,-107,60,90,376,4,9,58
5805,-107,62,90,376,3,9,57
5805,-107,36,90,376,3,10,58
5805,-107,58,90,376,3,9,58
5805,-107,36,90,376,3,8,56
5805,-107,71,90,376,2,10,58
5805,-107,49,90,376,4,9,57
5805,-107,49,90,376,3,11,57
5805,-107,54,90,376,3,9,57
5805,-107,49,90,376,4,9,57
5805,-107,53,90,376,3,9,58
5805,-107,47,90,376,3,10,57
5805,-107,55,90,376,4,9,57
5805,-107,46,90,376,3,9,57
5805,-107,54,90,376,4,10,59
5805,-107,42,90,376,4,10,57
5805,-107,61,90,376,4,12,58
5805,-107,48,90,376,3,9,57
5805,-107,57,90,376,4,10,57
5805,-107,56,90,376,3,9,57
5805,-107,36,90,376,3,10,58
5805,-107,47,90,376,2,8,57
5805,-107,48,90,376,3,8,57
5805,-107,37,90,376,2,9,58
5805,-107,63,90,376,3,9,56
5805,-107,32,90,376,4,8,56
5805,-107,43,90,376,4,9,57
5805,-107,56,89,376,4,7,56
5805,-107,71,90,376,1,11,59
5805,-107,53,90,376,4,9,58
5805,-107,64,90,376,4,10,58
5805,-107,42,90,376,3,10,57
5805,-107,47,90,376,4,8,56
5805,-107,54,90,376,4,8,57
5805,-107,46,90,376,4,9,57
5805,-107,63,90,376,3,8,58
5805,-107,67,90,376,2,11,59
5805,-107,59,90,376,3,10,58
5805,-107,51,90,376,4,9,58
5805,-107,36,89,377,3,10,57
5805,-107,48,90,376,3,11,58
5805,-107,45,90,376,4,9,58
5805,-107,49,90,376,2,8,57
5805,-107,62,90,376,3,11,57
5805,-107,58,90,376,2,9,57
5805,-107,65,90,376,2,8,57
5805,-107,54,90,376,2,10,58
5805,-107,33,90,376,3,6,57
5805,-107,57,90,376,2,9,57
5805,-107,37,90,376,2,10,58
5805,-107,58,90,376,4,13,58
5805,-107,35,90,376,2,10,57
5805,-107,65,90,376,3,9,57
5805,-107,67,90,376,4,9,57
5805,-107,67,90,376,4,10,58
5805,-107,49,90,376,4,11,57
5805,-107,52,90,376,4,11,58
5805,-107,61,90,376,4,9,58
5805,-107,49,90,376,2,8,56
5805,-107,49,90,376,3,10,58
5805,-107,47,90,376,3,10,57
5805,-107,55,90,376,3,9,57
5805,-107,39,90,376,4,10,57
5805,-107,55,90,376,2,10,57
5805,-107,59,90,376,3,9,57
5805,-107,46,90,376,1,9,57
5805,-107,66,90,376,3,10,58
5805,-107,75,90,376,3,8,58
5805,-107,50,90,376,3,10,57
5805,-107,35,90,376,3,10,57
5805,-107,67,90,376,2,10,58
5805,-107,54,90,376,4,9,58
5805,-107,43,90,376,4,10,58
5805,-107,45,90,376,4,9,57
5805,-107,53,90,376,4,11,57
5805,-107,46,90,376,4,10,57
5805,-107,51,90,376,3,10,58
5805,-107,48,90,376,4,8,57
5805,-107,65,90,376,2,8,57
5805,-107,50,90,376,3,8,57
5805,-107,52,90,376,3,10,58
5805,-107,58,90,376,3,10,59
5805,-107,42,90,376,3,9,57
5805,-107,33,90,376,3,9,57
5805,-107,51,90,376,2,9,57
5805,-107,69,90,376,4,8,57
5805,-107,64,90,376,3,10,58
5805,-107,32,90,376,1,10,58
5805,-107,49,90,376,4,9,58
5805,-107,30,90,376,4,9,57
5805,-107,73,90,376,3,11,58
5805,-107,47,90,376,3,10,58
5805,-107,50,90,376,3,9,57
5805,-107,67,90,376,3,10,58
5805,-107,49,90,376,3,9,58
5805,-107,45,90,376,3,9,57
5805,-107,48,90,376,3,10,58
5805,-107,55,90,376,3,11,57
5805,-107,62,90,376,3,12,58
5805,-107,62,90,376,3,10,58
5805,-107,57,90,376,3,11,58
5805,-107,37,90,376,3,9,57
5805,-107,42,90,376,3,9,57
5805,-107,36,90,376,3,9,57
5805,-107,41,90,376,3,10,57
5805,-107,31,90,376,2,10,58
5805,-107,54,89,376,4,8,56
5805,-107,38,90,376,2,9,57
5805,-107,72,90,376,3,10,58
5805,-107,43,90,376,3,10,57
5805,-107,52,90,376,2,10,58
5805,-107,43,90,376,3,10,57
5805,-107,58,90,376,3,9,57
5805,-107,50,90,376,3,11,58
5805,-107,45,90,376,4,9,56
5805,-107,49,90,376,3,9,57
5805,-107,66,90,376,4,11,58
5805,-107,58,90,376,4,8,57
5805,-107,52,89,377,4,10,57
5805,-107,49,90,376,4,11,58
5805,-107,63,90,376,4,11,58
5805,-107,47,90,376,1,9,57
5805,-107,54,90,376,3,9,57
5805,-107,56,90,376,4,9,57
5805,-107,63,90,376,4,8,57
5805,-107,60,90,376,3,10,57
5805,-107,70,90,376,1,11,58
5805,-107,60,90,376,4,10,57
5805,-107,47,90,376,3,10,58
5805,-107,66,90,376,4,8,57
5805,-107,42,89,376,4,11,57
5805,-107,69,90,376,2,10,58
5805,-107,52,90,376,4,8,57
5805,-107,50,90,376,4,9,56
5805,-107,53,90,376,2,9,58
5805,-107,52,90,376,3,10,57
5805,-107,48,90,376,4,10,57
5805,-107,58,90,376,3,11,58
5805,-107,53,90,376,2,9,57
5805,-107,58,90,376,3,9,57
5805,-107,53,90,376,3,12,58
5805,-107,46,90,376,3,9,57
5805,-107,53,90,376,4,11,59
5805,-107,34,90,376,3,12,58
5805,-107,39,90,376,3,11,58
5805,-107,50,90,376,3,10,58
5805,-107,59,90,376,4,9,57
5805,-107,51,90,376,3,7,57
5805,-107,56,90,376,4,9,58
5805,-107,44,90,376,3,9,57
5805,-107,43,90,376,3,9,58
5805,-107,59,90,376,4,9,57
5805,-107,47,90,376,3,9,57
5805,-107,41,90,376,3,11,58
5805,-107,53,90,376,3,10,58
5805,-107,49,90,376,2,10,58
5805,-107,54,90,376,4,9,57
5805,-107,62,90,376,3,9,57
5805,-107,68,90,376,3,9,57
5805,-107,52,90,376,3,9,57
5805,-107,58,90,376,3,11,58
5805,-107,57,90,376,3,9,57
5805,-107,44,90,376,3,8,57
5805,-107,58,90,376,3,9,57
5805,-107,47,90,376,4,7,57
5805,-107,57,90,376,3,9,57
5805,-107,62,90,376,4,9,58
5805,-107,52,89,376,4,10,56
5805,-107,62,90,376,5,10,57
5805,-107,55,89,377,4,9,57
5805,-107,35,90,376,3,9,58
5805,-107,39,90,376,3,10,58
5805,-107,46,90,376,4,9,57
5805,-107,55,90,376,3,10,58
5805,-107,43,90,376,3,12,58
5805,-107,57,90,376,3,9,57
5805,-107,55,90,376,3,7,57
5805,-107,49,90,376,4,9,57
5805,-107,62,90,376,3,10,58
5805,-107,49,90,376,4,9,57
5805,-107,54,90,376,4,8,57
5805,-107,64,90,376,2,8,57
5805,-107,50,90,376,3,9,57
5805,-107,41,90,376,3,8,57
5805,-107,36,90,376,2,10,58
5805,-107,48,90,376,4,10,58
5805,-107,63,90,376,3,9,57
5805,-107,57,90,376,3,8,57
5805,-107,70,90,376,4,10,58
5805,-107,48,90,376,3,10,57
5805,-107,45,90,376,3,9,57
5805,-107,45,90,376,4,10,57
5805,-107,42,90,376,4,9,57
5805,-107,61,90,376,3,11,58
5805,-107,55,90,376,2,10,58
5805,-107,46,90,376,2,10,58
5805,-107,63,90,376,3,10,57
5805,-107,39,90,376,2,10,57
5805,-107,50,90,376,4,12,59
5805,-107,83,90,376,3,7,58
5805,-107,33,90,376,3,10,57
5805,-107,39,90,376,3,10,57
5805,-107,39,90,376,2,10,57
5805,-107,53,90,376,4,10,58
5805,-107,50,90,376,3,10,57
5805,-107,49,90,376,3,9,57
5805,-107,50,90,376,4,10,58
5805,-107,62,90,376,4,9,58
5805,-107,46,88,377,6,8,55
5805,-107,58,90,376,2,9,57
5805,-107,53,90,376,4,9,58
5805,-107,58,90,376,4,9,57
5805,-107,41,90,376,3,10,57
5805,-107,33,90,376,4,9,57
5805,-107,43,90,376,3,11,57
5805,-107,50,90,376,4,10,58
5805,-107,41,90,376,3,9,57
5805,-107,48,90,376,2,10,57
5805,-107,43,90,376,4,11,58
5805,-107,46,90,376,3,10,58
5805,-107,52,90,376,3,10,58
5805,-107,49,90,376,3,8,57
5805,-107,33,90,376,3,10,58
5805,-107,54,90,376,3,8,56
5805,-107,51,90,376,3,9,57
5805,-107,58,90,376,2,10,58
5805,-107,51,89,376,4,10,57
5805,-107,34,90,376,3,9,57
5805,-107,33,90,376,3,8,57
5805,-107,56,90,376,2,10,58
5805,-107,52,90,376,4,9,57
5805,-107,48,90,376,3,10,57
5805,-107,52,90,376,3,10,57
5805,-107,67,90,376,3,10,58
5805,-107,62,90,376,4,11,58
5805,-107,50,90,376,3,9,57
5805,-107,44,90,376,3,11,57
5805,-107,59,90,376,4,10,58
5805,-107,53,90,376,2,9,57
5805,-107,42,90,376,3,10,57
5805,-107,54,90,376,4,10,57
5805,-107,45,90,376,4,10,58
5805,-107,58,90,376,4,9,56
5805,-107,50,90,376,3,7,57
5805,-107,46,89,377,3,9,56
5805,-107,70,90,376,3,10,58
5805,-107,40,89,376,4,8,56
5805,-107,30,90,376,3,8,56
5805,-107,32,90,376,3,8,57
5805,-107,29,88,378,4,10,55
5805,-107,47,90,376,3,11,58
5805,-107,56,90,376,3,9,57
5805,-107,47,90,376,3,11,58
5805,-107,38,90,376,5,10,57
5805,-107,47,90,376,3,9,57
5805,-107,43,90,376,2,9,56
5805,-107,39,90,376,3,11,58
5805,-107,44,89,376,3,9,56
5805,-107,40,89,377,5,10,57
5805,-107,51,90,376,4,10,58
5805,-107,47,90,376,4,9,56
5805,-107,75,90,376,3,9,57
5805,-107,39,90,376,3,9,58
5805,-107,37,90,376,3,11,57
5805,-107,59,90,376,3,11,58
5805,-107,61,90,376,3,9,57
5805,-107,58,90,376,4,9,57
5805,-107,54,90,376,3,8,57
5805,-107,53,89,376,3,9,57
5805,-107,49,90,376,3,9,57
5805,-107,83,90,376,4,9,57
5805,-107,49,90,376,4,9,57
5805,-107,47,90,376,3,10,58
5805,-107,42,90,376,4,9,58
5805,-107,54,90,376,3,10,58
5805,-107,50,90,376,4,8,56
5805,-107,53,90,376,4,10,57
5805,-107,42,90,376,2,9,57
5805,-107,49,90,376,3,10,57
5805,-107,50,90,376,4,8,57
5805,-107,64,90,376,3,10,58
5805,-107,36,90,376,4,8,56
5805,-107,44,90,376,3,9,57
5805,-107,40,90,376,4,10,56
5805,-107,49,90,376,2,9,58
5805,-107,54,90,376,2,10,58
5805,-107,40,90,376,3,9,57
5805,-107,44,90,376,4,10,57
5805,-107,38,90,376,3,9,57
5805,-107,55,90,376,3,9,57
5805,-107,52,90,376,3,9,57
5805,-107,46,90,376,3,11,58
5805,-107,45,90,376,2,11,57
5805,-107,46,90,376,2,10,57
5805,-107,53,90,376,4,9,57
5805,-107,44,90,376,2,11,58
5805,-107,46,90,376,3,9,57
5805,-107,49,90,376,4,9,57
5805,-107,47,90,376,3,10,57
5805,-107,44,90,376,5,10,58
5805,-107,62,90,376,2,8,57
5805,-107,66,90,376,3,9,57
5805,-107,49,90,376,3,9,57
5805,-107,54,90,376,4,9,57
5805,-107,32,90,376,3,9,57
5805,-107,47,90,376,3,9,57
5805,-107,50,90,376,3,8,57
5805,-107,71,90,376,3,10,57
5805,-107,70,90,376,3,11,57
5805,-107,41,90,376,3,9,57
5805,-107,45,90,376,2,7,57
5805,-107,57,90,376,4,8,58
5805,-107,63,90,376,3,8,57
5805,-107,50,90,376,2,10,57
5805,-107,50,90,376,4,8,57
5805,-107,59,90,376,3,11,58
5805,-107,67,90,376,3,10,58
5805,-107,68,90,376,3,10,58
5805,-107,57,90,376,4,7,58
5805,-107,54,90,376,3,8,57
5805,-107,59,90,376,3,11,58
5805,-107,51,90,376,3,9,58
5805,-107,51,90,376,3,9,57
5805,-107,44,90,376,2,10,57
5805,-107,48,90,376,3,9,57
5805,-107,50,90,376,3,10,58
5805,-107,45,90,376,3,9,58
5805,-107,39,90,376,4,9,57
5805,-107,40,90,376,3,8,57
5805,-107,56,90,376,3,7,57
5805,-107,44,90,376,4,9,58
5805,-107,43,90,376,3,11,57
5805,-107,47,90,376,3,9,57
5805,-107,53,90,376,3,10,58
5805,-107,55,90,376,4,10,57
5805,-107,56,90,376,3,10,58
5805,-107,52,90,376,3,10,57
5805,-107,44,90,376,3,8,57
5805,-107,57,90,376,4,8,57
5805,-107,37,89,377,3,9,56
5805,-107,39,90,376,3,9,57
5805,-107,71,90,376,2,9,57
5805,-107,56,90,376,3,9,57
5805,-107,48,90,376,4,9,58
5805,-107,37,90,376,4,10,58
5805,-107,43,90,376,4,8,57
5805,-107,57,90,376,4,9,58
5805,-107,56,90,376,3,10,57
5805,-107,52,90,376,3,10,58
5805,-107,56,90,376,3,11,59
5805,-107,53,90,376,1,9,56
5805,-107,38,90,376,4,9,57
5805,-107,60,90,376,3,7,56
5805,-107,44,90,376,3,11,58
5805,-107,58,90,376,3,9,57
5805,-107,57,90,376,2,8,57
5805,-107,47,90,376,4,9,57
5805,-107,43,90,376,4,7,56
5805,-107,37,90,376,3,12,58
5805,-107,59,90,376,3,9,57
5805,-107,64,90,376,3,8,58
5805,-107,64,90,376,3,9,57
5805,-107,42,90,376,4,10,58
5805,-107,63,90,376,2,9,57
5805,-107,62,90,376,2,11,59
5805,-107,52,90,376,3,10,57
5805,-107,52,90,376,4,9,58
5805,-107,54,90,376,3,8,58
5805,-107,32,90,376,4,11,57
5805,-107,49,90,376,4,10,57
5805,-107,51,89,376,4,9,56
5805,-107,62,90,376,3,11,58
5805,-107,61,89,376,3,8,55
5805,-107,34,90,376,4,7,57
5805,-107,39,90,376,3,9,56
5805,-107,52,90,376,3,9,58
5805,-107,44,90,376,2,9,58
5805,-107,49,90,376,4,9,57
5805,-107,45,89,376,3,9,56
5805,-107,59,90,376,4,9,57
5805,-107,70,90,376,2,8,56
5805,-107,52,90,376,4,10,57
5805,-107,58,90,376,3,8,57
5805,-107,57,90,376,3,11,58
5805,-107,72,90,376,3,9,57
5805,-107,41,89,376,3,10,56
5805,-107,50,90,376,2,11,58
5805,-107,47,90,376,2,8,56
5805,-107,36,90,376,4,11,58
5805,-107,41,90,376,2,9,56
5805,-107,44,90,376,4,10,57
5805,-107,56,90,376,2,8,58
5805,-107,61,90,376,3,9,58
5805,-107,56,90,376,4,9,57
5805,-107,53,90,376,3,9,57
5805,-107,64,90,376,3,9,57
5805,-107,40,90,376,4,9,57
5805,-107,43,90,376,4,9,57
5805,-107,57,90,376,4,10,57
5805,-107,55,90,376,2,10,57
5805,-107,38,90,376,3,8,57
5805,-107,35,90,376,3,9,57
5805,-107,55,90,376,3,10,57
5805,-107,33,90,376,5,8,56
5805,-107,72,90,376,3,10,58
5805,-107,56,90,376,3,8,57
5805,-107,41,90,376,3,9,57
5805,-107,56,90,376,5,9,57
5805,-107,41,90,376,4,10,57
5805,-107,28,89,377,5,8,56
5805,-107,55,90,376,4,10,58
5805,-107,56,90,376,4,9,57
5805,-107,54,90,376,4,9,56
5805,-107,54,90,376,4,10,57
5805,-107,49,90,376,1,11,58
5805,-107,41,90,376,4,9,57
5805,-107,49,90,376,4,11,58
5805,-107,55,90,376,2,10,58
5805,-107,54,90,376,3,10,58
5805,-107,63,90,376,4,9,57
5805,-107,42,90,376,5,10,58
5805,-107,42,90,376,4,10,58
5805,-107,51,90,376,3,8,58
5805,-107,38,90,376,3,11,57
5805,-107,60,90,376,3,9,58
5805,-107,44,90,376,3,9,57
5805,-107,42,89,376,3,7,55
5805,-107,57,90,376,3,8,57
5805,-107,52,90,376,3,10,58
5805,-107,60,90,376,4,8,57
5805,-107,64,90,376,3,10,57
5805,-107,66,90,376,3,9,58
5805,-107,47,90,376,2,9,57
5805,-107,39,90,376,3,10,57
5805,-107,64,90,376,3,10,57
5805,-107,43,90,376,4,8,56
5805,-107,52,90,376,3,10,58
5805,-107,49,90,376,4,8,58
5805,-107,54,90,376,4,12,59
5805,-107,37,90,376,3,11,58
5805,-107,49,90,376,4,9,56
5805,-107,47,90,376,4,10,58
5805,-107,45,90,376,2,8,56
5805,-107,52,90,376,2,11,57
5805,-107,47,90,376,4,10,58
5805,-107,53,90,376,4,9,57
5805,-107,46,90,376,3,10,58
5805,-107,29,90,376,4,11,58
5805,-107,52,90,376,5,9,58
5805,-107,35,90,376,3,9,57
5805,-107,61,90,376,2,9,58
5805,-107,49,90,376,4,11,58
5805,-107,51,90,376,2,11,58
5805,-107,46,90,376,2,10,57
5805,-107,35,90,376,3,8,57
5805,-107,38,90,376,4,8,57
5805,-107,31,89,376,3,10,57
5805,-107,48,90,376,3,9,57
5805,-107,74,89,377,4,11,57
5805,-107,44,90,376,4,9,57
5805,-107,52,90,376,2,10,57
5805,-107,49,90,376,2,11,57
5805,-107,57,90,376,3,10,57
5805,-107,66,90,376,4,10,58
5805,-107,50,90,376,3,10,58
5805,-107,39,90,376,3,9,57
5805,-107,36,90,376,4,8,57
5805,-107,52,90,376,3,9,56
5805,-107,49,90,376,3,9,57
5805,-107,40,89,376,4,11,57
5805,-107,53,90,376,3,9,58
5805,-107,60,90,376,3,8,57
5805,-107,47,90,376,2,10,58
5805,-107,51,90,376,4,10,57
5805,-107,64,89,376,4,8,56
5805,-107,52,90,376,4,8,56
5805,-107,56,90,376,4,10,57
5805,-107,73,90,376,2,11,58
5805,-107,62,90,376,4,9,58
5805,-107,46,90,376,3,11,58
5805,-107,70,90,376,3,9,58
5805,-107,67,90,376,2,7,56
5805,-107,53,90,376,2,9,57
5805,-107,56,90,376,3,9,58
5805,-107,35,90,376,3,9,57
5805,-107,63,90,376,3,9,58
5805,-107,55,90,376,4,9,58
5805,-107,55,90,376,3,8,57
5805,-107,48,90,376,4,9,57
5805,-107,57,89,376,4,10,58
5805,-107,43,90,376,3,7,57
5805,-107,53,90,376,3,9,57
5805,-107,36,90,376,3,10,58
5805,-107,65,90,376,3,8,57
5805,-107,56,90,376,2,10,58
5805,-107,44,90,376,3,9,57
5805,-107,48,90,376,3,10,58
5805,-107,45,90,376,3,9,57
5805,-107,48,90,376,3,9,57
5805,-107,50,90,376,3,10,58
5805,-107,36,90,376,2,10,58
5805,-107,39,90,376,3,9,57
5805,-107,56,90,376,3,11,58
5805,-107,37,90,376,4,7,57
5805,-107,51,90,376,4,8,57
5805,-107,47,90,376,4,9,57
5805,-107,56,90,376,3,11,57
5805,-107,35,90,376,2,10,56
5805,-107,55,90,376,3,9,58
5805,-107,47,90,376,2,10,58
5805,-107,48,90,376,3,9,57
5805,-107,43,90,376,3,10,58
5805,-107,62,90,376,2,11,58
5805,-107,49,90,376,3,10,58
5805,-107,33,90,376,2,8,58
5805,-107,60,90,376,4,10,58
5805,-107,39,90,376,2,9,57
5805,-107,49,90,376,3,11,57
5805,-107,45,90,376,3,8,58
5805,-107,45,90,376,3,9,57
5805,-107,44,90,376,3,9,57
5805,-107,51,90,376,3,9,57
5805,-107,53,90,376,3,10,58
5805,-107,37,90,376,4,7,56
5805,-107,49,90,376,3,10,58
5805,-107,36,90,376,4,11,57
5805,-107,64,90,376,5,8,58
5805,-107,60,90,376,4,8,57
5805,-107,39,90,376,4,10,58
5805,-107,50,90,376,3,6,55
5805,-107,49,90,376,4,10,57
5805,-107,38,90,376,2,9,57
5805,-107,48,89,377,4,10,57
5805,-107,52,90,376,3,8,57
5805,-107,42,90,376,5,8,57
5805,-107,53,90,376,3,8,57
5805,-107,55,90,376,4,11,58
5805,-107,48,90,376,3,9,58
5805,-107,48,90,376,4,10,57
5805,-107,58,90,376,4,9,57
5805,-107,40,90,376,3,9,57
5805,-107,35,90,376,3,8,57
5805,-107,46,89,376,4,9,57
5805,-107,50,90,376,4,9,58
5805,-107,64,90,376,4,10,58
5805,-107,44,90,376,3,9,56
5805,-107,61,90,376,4,10,57
5805,-107,61,90,376,3,9,57
5805,-107,40,90,376,3,10,58
5805,-107,52,90,376,2,8,58
5805,-107,51,90,376,2,10,58
5805,-107,31,90,376,4,8,57
5805,-107,38,90,376,2,10,56
5805,-107,55,90,376,3,8,58
5805,-107,69,90,376,4,10,58
5805,-107,50,90,376,3,11,58
5805,-107,46,90,376,2,11,57
5805,-107,64,90,376,3,8,57
5805,-107,49,90,376,3,10,58
5805,-107,45,89,377,4,10,56
5805,-107,34,90,376,3,10,58
5805,-107,47,89,376,4,8,57
5805,-107,41,90,376,3,9,58
5805,-107,48,90,376,2,10,58
5805,-107,60,90,376,2,9,57
5805,-107,51,90,376,3,9,58
5805,-107,54,90,376,4,10,58
5805,-107,66,90,376,1,10,59
5805,-107,28,90,376,3,9,57
5805,-107,74,90,376,3,9,57
5805,-107,50,90,376,5,9,57
5805,-107,45,90,376,4,12,58
5805,-107,44,90,376,3,8,57
5805,-107,58,90,376,2,10,58
5805,-107,44,90,376,3,8,57
5805,-107,59,90,376,3,8,58
5805,-107,66,90,376,3,9,57
5805,-107,51,90,376,3,9,57
5805,-107,52,90,376,4,10,57
5805,-107,61,90,376,3,9,58
5805,-107,44,90,376,4,11,57
5805,-107,43,90,376,3,8,56
5805,-107,52,90,376,4,10,57
5805,-107,58,90,376,3,9,57
5805,-107,42,90,376,3,12,58
5805,-107,48,89,376,4,9,57
5805,-107,37,90,376,3,11,57
5805,-107,36,90,376,3,9,57
5805,-107,52,90,376,4,9,57
5805,-107,55,90,376,3,9,57
5805,-107,48,90,376,4,9,58
5805,-107,41,90,376,5,10,57
5805,-107,42,90,376,2,9,56
5805,-107,42,90,376,3,10,57
5805,-107,49,90,376,4,9,57
5805,-107,49,90,376,3,10,57
5805,-107,49,90,376,2,10,58
5805,-107,56,90,376,3,10,57
5805,-107,64,90,376,4,9,57
5805,-107,63,89,376,4,9,57
5805,-107,55,90,376,3,9,57
5805,-107,46,89,376,3,9,57
5805,-107,58,90,376,1,9,57
5805,-107,55,90,376,2,10,58
5805,-107,58,89,377,3,9,57
5805,-107,37,90,376,4,10,58
5805,-107,47,90,376,4,9,57
5805,-107,60,90,376,4,11,58
5805,-107,45,90,376,2,9,57
5805,-107,69,90,376,4,9,57
5805,-107,49,90,376,3,9,58
5805,-107,57,90,376,4,8,57
5805,-107,66,90,376,3,9,58
5805,-107,42,90,376,3,9,58
5805,-107,41,90,376,4,9,58
5805,-107,64,90,376,5,10,56
5805,-107,58,90,376,3,10,57
5805,-107,34,90,376,3,11,57
5805,-107,44,90,376,3,11,57
5805,-107,58,90,376,3,9,57
5805,-107,48,90,376,3,9,58
5805,-107,55,90,376,3,10,57
5805,-107,72,90,376,3,9,58
5805,-107,39,90,376,4,9,58
5805,-107,52,90,376,3,8,57
5805,-107,52,90,376,2,8,58
5805,-107,49,89,376,4,8,56
5805,-107,40,90,376,3,9,57
5805,-107,55,90,376,2,9,57
5805,-107,64,90,376,4,9,59
5805,-107,56,90,376,4,9,57
5805,-107,40,90,376,3,9,56
5805,-107,51,90,376,5,9,57
5805,-107,42,90,376,3,10,57
5805,-107,53,90,376,4,9,58
5805,-107,50,90,376,4,9,57
5805,-107,38,90,376,3,10,57
5805,-107,63,90,376,4,9,57
5805,-107,60,90,376,3,9,56
5805,-107,56,90,376,4,11,57
5805,-107,56,90,376,2,9,58
5805,-107,59,90,376,4,10,58
5805,-107,47,90,376,3,11,57
5805,-107,39,90,376,4,12,57
5805,-107,57,90,376,2,11,58
5805,-107,41,90,376,3,10,57
5805,-107,51,90,376,4,10,57
5805,-107,48,90,376,2,10,58
5805,-107,47,90,376,2,9,57
5805,-107,62,90,376,3,9,57
5805,-107,49,90,376,5,9,57
5805,-107,69,90,376,3,10,58
5805,-107,58,90,376,5,11,59
5805,-107,34,90,376,4,9,57
5805,-107,49,90,376,3,10,58
5805,-107,60,90,376,4,9,57
5805,-107,46,90,376,3,8,57
5805,-107,62,90,376,3,10,58
5805,-107,52,90,376,2,9,57
5805,-107,49,90,376,3,9,57
5805,-107,27,90,376,3,8,57
5805,-107,41,90,376,4,9,58
5805,-107,45,90,376,4,9,58
5805,-107,47,90,376,3,11,58
5805,-107,42,90,376,5,10,58
5805,-107,60,90,376,2,9,58
5805,-107,51,90,376,3,11,58
5805,-107,38,90,376,3,9,57
5805,-107,70,90,376,2,7,57
5805,-107,37,90,376,4,9,57
5805,-107,54,90,376,3,9,58
5805,-107,35,90,376,3,10,58
5805,-107,48,90,376,4,9,57
5805,-107,54,90,376,3,8,56
5805,-107,44,90,376,2,6,57
5805,-107,44,90,376,3,9,57
5805,-107,51,90,376,1,10,57
5805,-107,50,90,376,3,9,57
5805,-107,58,90,376,3,10,57
5805,-107,44,90,376,3,10,58
5805,-107,48,90,376,4,10,57
5805,-107,50,90,376,3,8,56
5805,-107,49,90,376,2,8,57
5805,-107,48,90,376,2,10,58
5805,-107,52,90,376,4,10,57
5805,-107,44,90,376,3,9,57
5805,-107,42,90,376,3,9,57
5805,-107,43,90,376,3,9,57
5805,-107,45,90,376,3,9,58
5805,-107,44,90,376,4,10,58
5805,-107,42,90,376,3,9,57
5805,-107,48,90,376,3,10,57
5805,-107,63,90,376,4,8,57
5805,-107,56,90,376,2,8,57
5805,-107,48,90,376,4,10,57
5805,-107,52,90,376,4,11,58
5805,-107,67,90,376,4,11,58
5805,-107,52,90,376,3,10,57
5805,-107,53,90,376,3,10,58
5805,-107,51,90,376,3,10,58
5805,-107,50,90,376,3,11,58
5805,-107,46,90,376,4,8,57
5805,-107,36,90,376,4,10,57
5805,-107,39,90,376,2,11,57
5805,-107,53,90,376,2,9,57
5805,-107,53,90,376,3,10,58
5805,-107,48,90,376,3,9,57
5805,-107,52,89,376,4,8,56
5805,-107,52,90,376,2,10,57
5805,-107,67,90,376,4,10,57
5805,-107,57,90,376,2,11,58
5805,-107,57,90,376,5,10,58
5805,-107,37,90,376,4,10,57
5805,-107,41,90,376,3,11,58
5805,-107,58,90,376,4,9,58
5805,-107,40,90,376,4,8,58
5805,-107,46,90,376,4,10,57
5805,-107,32,90,376,4,9,57
5805,-107,51,90,376,3,8,57
5805,-107,36,90,376,2,7,56
5805,-107,65,90,376,4,11,58
5805,-107,45,90,376,3,9,57
5805,-107,62,90,376,3,9,57
5805,-107,32,89,376,5,7,56
5805,-107,49,90,376,2,11,58
5805,-107,50,90,376,3,10,57
5805,-107,43,90,376,3,10,58
5805,-107,49,90,376,2,11,58
5805,-107,46,90,376,4,10,57
5805,-107,61,90,376,3,9,57
5805,-107,58,90,376,4,8,58
5805,-107,62,90,376,2,11,58
5805,-107,59,90,376,3,8,57
5805,-107,41,90,376,3,10,58
5805,-107,35,90,376,1,9,57
5805,-107,54,90,376,3,8,56
5805,-107,35,90,376,1,11,57
5805,-107,48,90,376,4,9,58
5805,-107,32,90,376,3,9,57
5805,-107,55,90,376,3,11,58
5805,-107,49,90,376,4,10,58
5805,-107,35,90,376,3,11,57
5805,-107,48,90,376,1,10,57
5805,-107,66,90,376,4,9,58
5805,-107,74,90,376,2,10,58
5805,-107,67,90,376,3,10,58
5805,-107,35,90,376,3,10,57
5805,-107,45,90,376,2,10,58
5805,-107,43,90,376,5,11,57
5805,-107,42,90,376,3,9,57
5805,-107,54,90,376,3,11,58
5805,-107,44,90,376,2,8,57
5805,-107,49,90,376,3,10,57
5805,-107,65,90,376,2,11,58
5805,-107,36,90,376,1,10,57
5805,-107,47,90,376,3,9,56
5805,-107,60,90,376,3,10,57
5805,-107,58,90,376,3,9,56
5805,-107,57,90,376,3,9,58
5805,-107,59,90,376,3,9,57
5805,-107,62,90,376,4,10,57
5805,-107,43,90,376,4,9,57
5805,-107,58,90,376,3,9,57
5805,-107,52,90,376,2,11,57
5805,-107,39,90,376,4,10,58
5805,-107,74,90,376,4,10,58
5805,-107,52,90,376,1,10,57
5805,-107,60,90,376,3,7,57
5805,-107,61,90,376,3,11,58
5805,-107,42,90,376,4,11,58
5805,-107,49,90,376,2,11,57
5805,-107,40,89,377,3,11,56
5805,-107,59,90,376,4,10,58
5805,-107,82,90,376,1,11,57
5805,-107,60,90,376,2,10,57
5805,-107,59,90,376,3,10,57
5805,-107,56,90,376,3,10,57
5805,-107,45,90,376,3,8,57
5805,-107,38,90,376,4,10,57
5805,-107,58,90,376,3,9,57
5805,-107,36,90,376,3,9,57
5805,-107,63,90,376,3,10,58
5805,-107,41,89,376,3,11,57
5805,-107,55,90,376,4,9,58
5805,-107,68,90,376,3,10,58
5805,-107,73,90,376,3,10,58
5805,-107,66,90,376,3,8,56
5805,-107,35,90,376,3,9,57
5805,-107,47,89,376,4,9,57
5805,-107,50,90,376,3,9,57
5805,-107,30,90,376,4,8,56
5805,-107,57,90,376,4,10,58
5805,-107,38,90,376,3,10,58
5805,-107,50,90,376,3,8,57
5805,-107,57,90,376,3,11,57
5805,-107,53,90,376,3,8,56
5805,-107,50,90,376,4,9,57
5805,-107,44,90,376,3,11,57
5805,-107,57,90,376,4,10,58
5805,-107,53,90,376,3,10,58
5805,-107,48,90,376,2,10,58
5805,-107,55,90,376,3,10,58
5805,-107,54,90,376,3,8,57
5805,-107,49,90,376,5,10,58
5805,-107,33,90,376,4,9,57
5805,-107,55,90,376,2,10,58
5805,-107,64,90,376,3,9,58
5805,-107,40,90,376,3,9,58
5805,-107,48,90,376,3,10,58
5805,-107,43,90,376,3,9,57
5805,-107,65,90,376,2,10,57
5805,-107,55,90,376,2,11,58
5805,-107,48,90,376,3,10,58
5805,-107,47,90,376,3,9,57
5805,-107,49,89,377,4,8,56
5805,-107,45,90,376,4,8,58
5805,-107,50,90,376,3,9,57
5805,-107,48,90,376,3,10,57
5805,-107,51,90,376,3,10,58
5805,-107,63,90,376,3,8,57
5805,-107,50,90,376,5,10,57
5805,-107,48,90,376,4,8,57
5805,-107,44,90,376,3,12,58
5805,-107,62,90,376,4,10,58
5805,-107,43,90,376,3,8,57
5805,-107,70,90,376,4,9,57
5805,-107,47,90,376,4,11,57
5805,-107,49,90,376,4,10,57
5805,-107,70,90,376,4,8,58
5805,-107,49,90,376,2,8,57
5805,-107,54,90,376,3,11,58
5805,-107,48,90,376,2,10,57
5805,-107,52,90,376,3,10,58
5805,-107,38,90,376,3,10,58
5805,-107,69,90,376,4,9,57
5805,-107,45,89,376,4,10,56
5805,-107,40,90,376,4,9,56
5805,-107,72,90,376,3,11,57
5805,-107,63,90,376,2,9,57
5805,-107,49,90,376,3,10,58
5805,-107,54,90,376,2,9,57
5805,-107,52,90,376,3,11,59
5805,-107,55,90,376,3,9,57
5805,-107,47,90,376,4,10,57
5805,-107,42,90,376,2,9,57
5805,-107,59,90,376,3,8,56
5805,-107,50,90,376,3,11,58
5805,-107,49,90,376,4,11,58
5805,-107,63,90,376,4,11,58
5805,-107,49,90,376,3,8,57
5805,-107,50,90,376,3,10,58
5805,-107,61,90,376,4,10,57
5805,-107,41,90,376,4,11,58
5805,-107,49,90,376,3,10,58
5805,-107,63,90,376,2,9,57
5805,-107,51,90,376,3,9,58
5805,-107,51,90,376,3,9,58
5805,-107,39,90,376,3,10,58
5805,-107,31,90,376,4,10,57
5805,-107,58,90,376,4,10,58
5805,-107,50,90,376,3,9,57
5805,-107,36,90,376,3,9,58
5805,-107,59,90,376,4,8,56
5805,-107,61,90,376,2,10,58
5805,-107,50,90,376,3,9,57
5805,-107,64,90,376,2,10,58
5805,-107,30,90,376,3,11,58
5805,-107,56,90,376,4,10,57
5805,-107,50,89,377,5,10,57
5805,-107,41,89,376,3,8,57
5805,-107,45,90,376,3,11,58
5805,-107,48,90,376,3,11,58
5805,-107,45,90,376,2,11,58
5805,-107,69,90,376,3,9,57
5805,-107,45,90,376,4,10,58
5805,-107,63,90,376,3,10,57
5805,-107,63,90,376,4,9,57
5805,-107,46,90,376,3,9,57
5805,-107,60,90,376,3,10,58
5805,-107,44,90,376,3,8,56
5805,-107,42,89,376,4,10,58
5805,-107,36,90,376,4,10,57
5805,-107,65,90,376,1,8,57
5805,-107,49,89,376,5,11,56
5805,-107,40,90,376,3,9,57
5805,-107,60,90,376,2,9,58
5805,-107,51,90,376,2,9,56
5805,-107,58,90,376,3,7,55
5805,-107,34,90,376,3,9,57
5805,-107,46,90,376,2,9,57
5805,-107,55,90,376,3,9,57
5805,-107,34,89,376,3,9,56
5805,-107,46,90,376,2,8,58
5805,-107,38,90,376,3,11,58
5805,-107,41,90,376,3,8,57
5805,-107,63,90,376,5,9,57
5805,-107,37,90,376,3,10,58
5805,-107,48,90,376,3,8,58
5805,-107,60,90,376,3,9,57
5805,-107,53,90,376,4,10,59
5805,-107,49,90,376,3,9,57
5805,-107,70,90,376,3,9,59
5805,-107,64,90,376,3,10,58
5805,-107,43,90,376,4,9,57
5805,-107,63,90,376,3,9,57
5805,-107,54,90,376,3,9,56
5805,-107,67,90,376,4,10,57
5805,-107,53,90,376,4,13,58
5805,-107,51,90,376,3,9,58
5805,-107,46,90,376,2,10,58
5805,-107,27,89,377,6,8,55
5805,-107,50,90,376,2,11,57
5805,-107,59,90,376,4,9,57
5805,-107,55,90,376,4,9,57
5805,-107,59,90,376,3,10,58
5805,-107,67,90,376,4,11,58
5805,-107,39,90,376,2,10,58
5805,-107,53,90,376,3,8,57
5805,-107,65,90,376,4,8,57
5805,-107,41,90,376,3,10,57
5805,-107,53,90,376,3,10,58
5805,-107,53,90,376,2,10,58
5805,-107,39,90,376,2,10,57
5805,-107,50,90,376,3,9,57
5805,-107,56,90,376,2,11,57
5805,-107,45,90,376,4,12,57
5805,-107,47,90,376,3,8,56
5805,-107,57,90,376,3,9,58
5805,-107,57,90,376,3,10,58
5805,-107,58,90,376,3,10,57
5805,-107,69,90,376,4,7,57
5805,-107,39,90,376,2,6,55
5805,-107,51,90,376,4,9,58
5805,-107,46,90,376,4,10,58
5805,-107,32,90,376,3,9,57
5805,-107,46,90,376,2,10,58
5805,-107,46,90,376,3,8,58
5805,-107,36,90,376,3,11,57
5805,-107,41,90,376,5,9,58
5805,-107,32,90,376,2,9,57
5805,-107,37,90,376,4,10,57
5805,-107,51,90,376,4,10,57
5805,-107,44,89,377,4,9,55
5805,-107,34,90,376,3,8,57
5805,-107,50,90,376,2,10,58
5805,-107,60,90,376,4,10,58
5805,-107,53,90,376,4,9,56
5805,-107,53,90,376,3,10,58
5805,-107,51,90,376,3,10,57
5805,-107,50,89,376,5,9,56
5805,-107,34,90,376,4,10,58
5805,-107,46,89,376,4,8,55
5805,-107,37,90,376,2,10,57
5805,-107,73,90,376,2,8,57
5805,-107,37,90,376,3,11,57
5805,-107,40,90,376,2,10,57
5805,-107,54,90,376,3,8,57
5805,-107,46,90,376,3,9,57
5805,-107,45,90,376,2,10,57
5805,-107,60,90,376,3,8,58
5805,-107,53,90,376,3,10,57
5805,-107,49,90,376,4,11,58
5805,-107,50,90,376,3,10,58
5805,-107,48,90,376,2,8,57
5805,-107,53,89,376,3,11,57
5805,-107,59,90,376,3,10,58
5805,-107,47,90,376,3,9,56
5805,-107,58,90,376,2,9,57
5805,-107,42,90,376,3,10,57
5805,-107,51,90,376,3,9,58
5805,-107,59,90,376,3,9,58
5805,-107,34,90,376,3,9,57
5805,-107,62,90,376,2,10,58
5805,-107,52,90,376,2,8,56
5805,-107,53,90,376,3,11,58
5805,-107,50,90,376,3,8,57
5805,-107,50,90,376,3,11,59
5805,-107,54,90,376,5,11,57
5805,-107,64,90,376,2,9,57
5805,-107,53,90,376,3,9,57
5805,-107,31,90,376,4,10,58
5805,-107,63,90,376,3,10,57
5805,-107,37,90,376,3,11,58
5805,-107,68,90,376,3,10,58
5805,-107,34,90,376,2,8,57
5805,-107,47,90,376,4,10,57
5805,-107,31,90,376,4,8,57
5805,-107,64,90,376,4,8,57
5805,-107,56,90,376,3,10,57
5805,-107,50,90,376,2,8,57
5805,-107,65,90,376,3,9,58
5805,-107,55,90,376,4,10,57
5805,-107,65,90,376,3,9,58
5805,-107,67,90,376,2,9,57
5805,-107,64,90,376,4,7,57
5805,-107,35,89,376,5,10,57
5805,-107,55,90,376,4,9,57
5805,-107,63,90,376,3,10,58
5805,-107,58,90,376,4,10,58
5805,-107,56,90,376,2,9,58
5805,-107,44,90,376,3,8,56
5805,-107,40,89,376,3,9,56
5805,-107,70,90,376,2,9,57
5805,-107,51,90,376,3,10,57
5805,-107,45,90,376,2,10,57
5805,-107,46,89,376,3,11,57
5805,-107,42,90,376,3,8,58
5805,-107,42,89,377,4,8,57
5805,-107,49,90,376,3,9,57
5805,-107,38,89,377,5,8,57
5805,-107,41,90,376,3,11,58
5805,-107,60,90,376,4,10,58
5805,-107,54,90,376,2,8,57
5805,-107,42,90,376,3,10,57
5805,-107,63,90,376,4,10,58
5805,-107,45,90,376,4,8,57
5805,-107,49,90,376,3,8,57
5805,-107,76,90,376,2,7,57
5805,-107,54,90,376,4,11,59
5805,-107,46,90,376,4,8,56
5805,-107,42,90,376,3,8,57
5805,-107,32,90,376,4,9,57
5805,-107,50,90,376,3,10,58
5805,-107,57,90,376,3,10,58
5805,-107,69,90,376,3,9,58
5805,-107,57,90,376,4,8,58
5805,-107,45,90,376,4,9,57
5805,-107,48,90,376,3,9,57
5805,-107,35,90,376,4,9,57
5805,-107,59,90,376,3,9,58
5805,-107,65,90,376,2,9,57
5805,-107,53,90,376,2,11,57
5805,-107,52,90,376,3,9,57
5805,-107,47,90,376,2,9,57
5805,-107,42,90,376,4,11,58
5805,-107,46,90,376,4,9,58
5805,-107,37,90,376,4,8,57
5805,-107,57,90,376,3,8,57
5805,-107,46,90,376,4,9,57
5805,-107,35,90,376,3,11,58
5805,-107,64,90,376,3,10,58
5805,-107,42,90,376,4,10,58
5805,-107,54,90,376,3,8,57
5805,-107,50,90,376,3,10,58
5805,-107,63,90,376,3,8,57
5805,-107,47,90,376,2,9,57
5805,-107,66,90,376,3,7,57
5805,-107,55,90,376,2,9,58
5805,-107,43,90,376,2,9,57
5805,-107,32,89,376,4,11,57
5805,-107,76,90,376,3,11,57
5805,-107,58,89,376,4,11,57
5805,-107,52,90,376,3,9,58
5805,-107,51,90,376,3,11,58
5805,-107,50,90,376,5,9,57
5805,-107,47,90,376,3,9,57
5805,-107,51,90,376,3,10,57
5805,-107,33,90,376,3,10,57
5805,-107,46,90,376,3,9,58
5805,-107,58,90,376,3,9,57
5805,-107,60,90,376,3,10,57
5805,-107,46,90,376,3,9,57
5805,-107,42,90,376,3,11,57
5805,-107,51,90,376,2,10,58
5805,-107,46,90,376,4,11,57
5805,-107,61,90,376,3,9,57
5805,-107,46,90,376,3,10,58
5805,-107,43,90,376,4,11,57
5805,-107,30,90,376,3,10,57
5805,-107,40,90,376,4,9,57
5805,-107,55,90,376,3,8,57
5805,-107,44,90,376,3,8,57
5805,-107,33,90,376,2,12,58
5805,-107,37,90,376,4,8,57
5805,-107,37,90,376,4,9,57
5805,-107,49,90,376,4,10,57
5805,-107,60,90,376,2,10,57
5805,-107,42,90,376,3,9,57
5805,-107,48,90,376,2,9,58
5805,-107,51,90,376,4,9,57
5805,-107,56,90,376,4,10,57
5805,-107,43,90,376,3,9,57
5805,-107,43,90,376,3,9,57
5805,-107,49,90,376,4,11,57
5805,-107,80,90,376,1,8,56
5805,-107,49,90,376,2,10,58
5805,-107,40,90,376,3,11,58
5805,-107,56,90,376,4,10,58
5805,-107,46,90,376,3,9,57
5805,-107,33,89,376,4,8,56
5805,-107,39,90,376,2,11,58
5805,-107,53,89,376,4,8,56
5805,-107,44,90,376,3,10,57
5805,-107,71,90,376,4,8,57
5805,-107,64,90,376,3,9,58
5805,-107,62,90,376,2,10,57
5805,-107,58,90,376,3,9,57
5805,-107,38,90,376,3,8,57
5805,-107,51,90,376,4,9,57
5805,-107,68,90,376,2,10,58
5805,-107,55,90,376,3,11,58
5805,-107,50,90,376,3,9,57
5805,-107,38,90,376,3,9,57
5805,-107,62,90,376,4,8,57
5805,-107,37,89,376,3,9,56
5805,-107,40,90,376,3,11,58
5805,-107,54,90,376,3,9,57
5805,-107,59,90,376,4,9,58
5805,-107,55,90,376,4,10,58
5805,-107,23,90,376,3,9,57
5805,-107,55,90,376,3,9,57
5805,-107,62,89,376,4,10,57
5805,-107,47,90,376,4,7,57
5805,-107,49,90,376,5,10,58
5805,-107,41,90,376,3,9,57
5805,-107,36,90,376,3,9,57
5805,-107,51,90,376,4,10,58
5805,-107,36,90,376,4,10,58
5805,-107,31,90,376,2,9,57
5805,-107,46,90,376,3,9,56
5805,-107,51,90,376,5,9,57
5805,-107,40,90,376,3,11,57
5805,-107,35,90,376,3,10,58
5805,-107,61,90,376,2,10,58
5805,-107,58,90,376,3,11,57
5805,-107,44,90,376,5,11,58
5805,-107,45,90,376,2,9,56
5805,-107,68,90,376,3,10,58
5805,-107,49,90,376,5,9,58
5805,-107,55,90,376,5,9,57
5805,-107,59,90,376,2,9,57
5805,-107,34,90,376,4,8,56
5805,-107,48,90,376,4,11,58
5805,-107,44,90,376,3,10,57
5805,-107,54,90,376,3,9,58
5805,-107,66,90,376,3,10,58
5805,-107,44,90,376,2,9,57
5805,-107,58,90,376,3,9,58
5805,-107,55,89,376,3,8,56
5805,-107,38,90,376,4,10,57
5805,-107,62,90,376,4,7,56
5805,-107,62,89,376,4,10,56
5805,-107,64,90,376,3,10,58
5805,-107,52,90,376,4,9,57
5805,-107,73,90,376,4,9,57
5805,-107,52,90,376,3,8,56
5805,-107,47,90,376,3,10,57
5805,-107,60,90,376,3,9,58
5805,-107,47,90,376,4,8,57
5805,-107,40,90,376,3,10,58
5805,-107,42,90,376,3,8,56
5805,-107,32,90,376,4,10,57
5805,-107,42,90,376,4,9,58
5805,-107,43,90,376,2,12,58
5805,-107,43,90,376,2,9,57
5805,-107,67,90,376,3,9,57
5805,-107,63,90,376,2,9,58
5805,-107,36,90,376,3,10,57
5805,-107,43,89,376,5,10,56
5805,-107,37,90,376,2,8,57
5805,-107,39,90,376,3,8,57
5805,-107,62,90,376,3,9,58
5805,-107,59,90,376,4,11,59
5805,-107,50,90,376,3,9,57
5805,-107,67,90,376,3,10,58
5805,-107,45,90,376,2,10,57
5805,-107,37,90,376,4,9,57
5805,-107,70,90,376,2,8,57
5805,-107,38,90,376,4,10,58
5805,-107,33,90,376,2,9,57
5805,-107,51,89,376,4,10,57
5805,-107,46,90,376,3,9,57
5805,-107,50,90,376,3,10,57
5805,-107,73,90,376,5,9,56
5805,-107,48,89,376,3,9,57
5805,-107,60,90,376,3,9,57
5805,-107,59,90,376,4,10,57
5805,-107,69,90,376,3,10,58
5805,-107,45,90,376,2,9,58
5805,-107,46,90,376,4,9,57
5805,-107,59,90,376,4,11,56
5805,-107,67,90,376,2,11,58
5805,-107,52,90,376,3,9,57
5805,-107,46,90,376,3,10,58
5805,-107,42,90,376,4,8,57
5805,-107,42,90,376,2,9,57
5805,-107,67,90,376,3,10,58
5805,-107,47,90,376,4,9,57
5805,-107,50,90,376,2,9,58
5805,-107,58,90,376,3,11,57
5805,-107,39,90,376,3,10,57
5805,-107,53,90,376,3,9,57
5805,-107,46,90,376,3,10,57
5805,-107,56,90,376,4,10,58
5805,-107,67,90,376,3,8,57
5805,-107,69,90,376,3,9,58
5805,-107,54,90,376,2,10,58
5805,-107,35,90,376,4,9,57
5805,-107,37,90,376,2,9,57
5805,-107,65,90,376,3,10,58
5805,-107,53,90,376,4,11,57
5805,-107,42,90,376,3,10,57
5805,-107,38,90,376,3,10,57
5805,-107,69,90,376,5,10,58
5805,-107,61,90,376,2,9,57
5805,-107,53,90,376,3,10,58
5805,-107,42,90,376,3,10,57
5805,-107,51,90,376,4,10,57
5805,-107,53,90,376,4,9,57
5805,-107,51,90,376,2,8,57
5805,-107,49,90,376,3,9,57
5805,-107,46,90,376,2,9,58
5805,-107,71,90,376,2,8,58
5805,-107,64,90,376,3,8,58
5805,-107,67,90,376,3,9,57
5805,-107,41,90,376,3,9,58
5805,-107,50,90,376,3,9,57
5805,-107,51,89,376,5,11,57
5805,-107,34,90,376,3,8,56
5805,-107,51,90,376,3,10,58
5805,-107,38,90,376,3,9,57
5805,-107,35,90,376,4,9,57
5765,-108,52,90,377,4,10,58
5765,-108,60,89,377,5,7,57
5765,-108,59,90,377,5,10,58
5765,-108,61,90,377,5,8,58
5765,-108,47,90,377,4,10,59
5765,-108,55,90,377,5,10,59
5765,-108,37,89,377,6,9,57
5765,-108,49,90,377,4,9,58
5765,-108,31,90,377,5,8,58
5765,-108,54,90,377,5,9,57
5765,-108,54,90,377,5,10,59
5765,-108,64,90,377,4,10,59
5765,-108,39,90,377,5,9,58
5765,-108,36,90,377,3,8,57
5765,-108,44,90,377,4,9,59
5765,-108,55,90,377,5,9,58
5765,-108,38,90,377,5,9,58
5765,-108,36,89,378,5,9,57
5765,-108,52,90,377,5,10,58
5765,-108,60,90,377,4,12,59
5765,-108,40,90,377,5,10,58
5765,-108,46,90,377,6,9,59
5765,-108,61,90,377,4,9,58
5765,-108,54,90,377,5,11,58
5765,-108,60,90,377,5,9,58
5765,-108,36,89,377,5,10,58
5765,-108,48,90,377,5,9,58
5765,-108,50,90,377,5,9,58
5765,-108,79,90,377,4,10,59
5765,-108,66,90,377,4,8,58
5765,-108,63,90,377,4,10,59
5765,-108,44,90,377,5,8,57
5765,-108,47,90,377,5,9,58
5765,-108,37,90,377,3,9,58
5765,-108,51,90,377,4,12,58
5765,-108,41,90,377,5,8,58
5765,-108,45,90,377,4,9,57
5765,-108,34,89,378,5,11,57
5765,-108,46,90,377,4,11,59
5765,-108,45,89,377,4,10,58
5765,-108,49,90,377,5,10,58
5765,-108,45,90,377,4,11,59
5765,-108,43,90,377,5,9,58
5765,-108,41,90,377,5,9,58
5765,-108,35,89,377,5,9,57
5765,-108,37,90,377,5,9,58
5765,-108,52,90,377,5,9,58
5765,-108,42,90,377,5,10,59
5765,-108,38,88,378,6,10,56
5765,-108,69,90,377,5,9,57
5765,-108,46,90,377,4,10,58
5765,-108,66,88,378,6,9,57
5765,-108,62,90,377,4,9,58
5765,-108,46,89,377,6,7,56
5765,-108,58,90,377,4,9,59
5765,-108,64,90,377,5,8,58
5765,-108,52,90,377,3,8,58
5765,-108,56,90,377,3,10,58
5765,-108,38,88,378,6,7,55
5765,-108,39,90,377,4,9,57
5765,-108,58,90,377,6,8,58
5765,-108,46,90,377,4,10,58
5765,-108,48,90,377,5,9,58
5765,-108,34,89,378,5,9,57
5765,-108,57,90,377,5,10,58
5765,-108,36,89,377,6,10,57
5765,-108,53,90,377,4,8,58
5765,-108,36,90,377,5,10,58
5765,-108,58,90,377,5,10,58
5765,-108,36,89,378,7,8,57
5765,-108,40,90,377,5,8,58
5765,-108,41,90,377,5,10,58
5765,-108,36,90,377,5,10,58
5765,-108,42,90,377,5,10,59
5765,-108,39,90,377,5,11,59
5765,-108,54,90,377,5,9,58
5765,-108,36,90,377,4,10,58
5765,-108,51,90,377,4,10,59
5765,-108,46,90,377,4,9,58
5765,-108,71,90,377,5,9,58
5765,-108,53,90,377,5,8,58
5765,-108,65,90,377,5,11,59
5765,-108,67,90,377,5,8,58
5765,-108,50,90,377,5,8,57
5765,-108,42,90,377,5,10,58
5765,-108,49,90,377,5,10,58
5765,-108,53,90,377,5,10,57
5765,-108,60,90,377,5,8,58
5765,-108,44,90,377,5,10,58
5765,-108,39,90,377,4,8,58
5765,-108,40,90,377,5,10,58
5765,-108,48,90,377,4,7,57
5765,-108,62,90,377,5,8,58
5765,-108,64,90,377,6,9,58
5765,-108,63,90,377,4,10,59
5765,-108,53,90,377,5,10,59
5765,-108,46,89,378,5,10,57
5765,-108,60,90,377,5,10,59
5765,-108,56,90,377,5,13,60
5765,-108,64,90,377,4,9,59
5765,-108,68,90,377,4,8,58
5765,-108,50,90,377,6,8,57
5765,-108,47,90,377,4,9,57
5765,-108,32,89,377,5,11,57
5765,-108,54,90,377,4,10,58
5765,-108,37,88,379,5,7,54
5765,-108,42,90,377,3,10,58
5765,-108,50,90,377,4,9,58
5765,-108,61,90,377,6,10,59
5765,-108,36,89,378,5,10,57
5765,-108,63,89,377,5,11,58
5765,-108,43,90,377,5,8,58
5765,-108,56,90,377,5,8,58
5765,-108,43,88,378,5,8,57
5765,-108,49,90,377,4,9,58
5765,-108,46,90,377,4,7,59
5765,-108,48,90,377,5,10,59
5765,-108,43,89,377,5,9,57
5765,-108,37,89,377,6,9,57
5765,-108,49,90,377,5,11,58
5765,-108,46,90,377,4,7,58
5765,-108,67,90,377,5,10,58
5765,-108,47,90,377,5,8,57
5765,-108,52,90,377,5,10,58
5765,-108,47,90,377,4,9,58
5765,-108,43,89,378,5,9,57
5765,-108,41,90,377,5,9,58
5765,-108,43,89,378,6,9,57
5765,-108,62,90,377,5,9,58
5765,-108,38,88,379,6,8,55
5765,-108,56,90,377,4,9,58
5765,-108,53,90,377,5,10,58
5765,-108,44,90,377,5,9,58
5765,-108,50,90,377,5,10,58
5765,-108,44,89,377,6,10,57
5765,-108,42,90,377,6,9,57
5765,-108,35,90,377,4,10,58
5765,-108,45,90,377,4,8,58
5765,-108,48,89,378,6,9,58
5765,-108,37,90,377,6,10,57
5765,-108,68,90,377,5,11,59
5765,-108,41,90,377,4,10,58
5765,-108,37,89,377,5,10,58
5765,-108,53,89,377,4,9,57
5765,-108,46,90,377,4,8,59
5765,-108,59,90,377,4,7,58
5765,-108,47,90,377,4,9,58
5765,-108,51,90,377,5,9,58
5765,-108,30,90,377,4,9,57
5765,-108,42,90,377,3,8,58
5765,-108,46,90,377,5,9,58
5765,-108,33,90,377,6,8,57
5765,-108,57,90,377,5,12,59
5765,-108,41,90,377,4,11,59
5765,-108,39,90,377,4,8,58
5765,-108,48,90,377,4,9,58
5765,-108,61,90,377,5,11,59
5765,-108,53,90,377,5,10,58
5765,-108,35,90,377,4,7,57
5765,-108,45,90,377,5,9,58
5765,-108,34,90,377,4,10,58
5765,-108,39,90,377,6,10,58
5765,-108,43,89,377,6,11,58
5765,-108,63,90,377,3,11,59
5765,-108,44,90,377,6,9,58
5765,-108,59,89,377,6,9,58
5765,-108,39,90,377,5,10,58
5765,-108,54,90,377,5,11,58
5765,-108,48,90,377,5,10,59
5765,-108,56,90,377,4,10,59
5765,-108,52,90,377,5,9,58
5765,-108,62,90,377,4,10,59
5765,-108,51,90,377,6,10,58
5765,-108,29,89,378,6,9,57
5765,-108,36,90,377,6,10,58
5765,-108,40,90,377,4,6,57
5765,-108,46,90,377,5,9,58
5765,-108,47,90,377,6,9,59
5765,-108,32,90,377,4,13,59
5765,-108,47,90,377,5,10,58
5765,-108,62,90,377,3,9,59
5765,-108,52,90,377,5,10,58
5765,-108,42,87,379,6,0,55
5765,-108,46,90,377,3,10,58
5765,-108,54,90,377,6,10,58
5765,-108,35,90,377,5,11,58
5765,-108,65,90,377,5,9,58
5765,-108,47,90,377,4,10,58
5765,-108,45,90,377,5,11,59
5765,-108,32,89,377,6,6,55
5765,-108,50,90,377,4,9,58
5765,-108,51,90,377,5,10,58
5765,-108,44,90,377,5,9,58
5765,-108,31,90,377,5,9,58
5765,-108,55,90,377,5,10,58
5765,-108,61,90,377,4,10,58
5765,-108,39,90,377,5,11,58
5765,-108,22,89,377,5,9,57
5765,-108,41,90,377,3,11,59
5765,-108,53,90,377,4,10,58
5765,-108,43,90,377,4,9,58
5765,-108,47,90,377,5,10,59
5765,-108,46,89,377,6,7,56
5765,-108,41,90,377,6,10,58
5765,-108,45,90,377,5,9,58
5765,-108,52,90,377,3,10,57
5765,-108,43,90,377,5,9,57
5765,-108,39,90,377,5,9,58
5765,-108,49,90,377,6,9,58
5765,-108,45,90,377,4,8,58
5765,-108,64,90,377,4,10,59
5765,-108,37,90,377,5,9,58
5765,-108,40,90,377,5,10,58
5765,-108,44,90,377,3,9,58
5765,-108,40,90,377,6,11,58
5765,-108,52,89,378,6,9,57
5765,-108,53,90,377,7,8,58
5765,-108,66,90,377,4,9,58
5765,-108,37,90,377,3,10,59
5765,-108,41,90,377,5,8,58
5765,-108,76,90,377,6,11,59
5765,-108,37,90,377,4,8,57
5765,-108,53,89,377,5,11,57
5765,-108,45,90,377,3,10,58
5765,-108,42,90,377,3,10,58
5765,-108,36,89,377,5,9,57
5765,-108,49,90,377,5,10,58
5765,-108,31,90,377,5,9,58
5765,-108,46,90,377,6,8,57
5765,-108,38,88,378,7,9,57
5765,-108,45,90,377,6,9,57
5765,-108,41,89,378,5,8,56
5765,-108,49,90,377,5,11,59
5765,-108,44,89,377,5,9,57
5765,-108,52,90,377,5,9,58
5765,-108,40,89,377,6,8,58
5765,-108,51,90,377,5,8,57
5765,-108,37,90,377,6,10,58
5765,-108,48,90,377,5,9,58
5765,-108,58,90,377,5,9,57
5765,-108,32,89,377,6,10,58
5765,-108,38,90,377,5,8,57
5765,-108,54,90,377,5,8,58
5765,-108,52,90,377,5,9,57
5765,-108,45,90,377,5,9,58
5765,-108,48,89,377,5,10,57
5765,-108,48,90,377,4,10,58
5765,-108,43,90,377,4,9,58
5765,-108,44,89,377,4,8,56
5765,-108,25,90,377,6,9,58
5765,-108,43,89,377,6,10,58
5765,-108,56,90,377,4,11,59
5765,-108,48,89,378,5,11,57
5765,-108,52,90,377,5,9,58
5765,-108,36,89,378,5,10,56
5765,-108,48,90,377,5,8,58
5765,-108,33,90,377,6,8,57
5765,-108,52,89,378,6,7,56
5765,-108,34,89,378,5,10,57
5765,-108,42,89,377,5,8,57
5765,-108,53,89,378,5,10,57
5765,-108,70,90,377,5,7,57
5765,-108,48,90,377,5,10,57
5765,-108,52,89,378,4,8,56
5765,-108,52,90,377,5,8,57
5765,-108,63,90,377,6,9,58
5765,-108,70,90,377,4,10,58
5765,-108,56,90,377,5,11,59
5765,-108,49,90,377,4,8,59
5765,-108,43,90,377,4,9,58
5765,-108,45,90,377,5,10,58
5765,-108,31,90,377,5,9,57
5765,-108,56,90,377,4,10,59
5765,-108,42,90,377,5,10,59
5765,-108,41,90,377,4,10,58
5765,-108,39,90,377,6,10,58
5765,-108,49,90,377,5,9,58
5765,-108,37,90,377,5,9,58
5765,-108,46,89,377,5,11,59
5765,-108,64,90,377,5,9,58
5765,-108,52,88,378,6,10,56
5765,-108,49,90,377,5,10,58
5765,-108,66,90,377,6,8,58
5765,-108,52,90,377,4,8,57
5765,-108,63,90,377,5,9,57
5765,-108,37,90,377,3,8,57
5765,-108,40,90,377,5,10,58
5765,-108,54,90,377,5,9,58
5765,-108,63,90,377,5,11,59
5765,-108,46,89,378,5,9,57
5765,-108,52,90,377,5,12,59
5765,-108,55,90,377,5,11,59
5765,-108,57,90,377,5,9,58
5765,-108,50,89,378,5,9,57
5765,-108,55,90,377,4,10,58
5765,-108,54,90,377,4,8,57
5765,-108,35,90,377,4,8,57
5765,-108,55,90,377,4,8,58
5765,-108,41,90,377,6,8,58
5765,-108,28,89,378,6,8,56
5765,-108,37,90,377,4,10,59
5765,-108,73,90,377,6,10,59
5765,-108,76,90,377,5,10,58
5765,-108,52,90,377,4,8,58
5765,-108,41,90,377,5,8,58
5765,-108,48,90,377,5,10,58
5765,-108,43,90,377,5,10,58
5765,-108,52,90,377,6,7,58
5765,-108,37,90,377,4,10,58
5765,-108,75,90,377,5,10,58
5765,-108,38,90,377,4,10,58
5765,-108,54,90,377,4,9,57
5765,-108,36,90,377,4,9,58
5765,-108,41,90,377,5,7,58
5765,-108,26,89,378,6,10,57
5765,-108,30,90,377,5,9,57
5765,-108,38,90,377,4,8,58
5765,-108,35,89,378,5,9,57
5765,-108,42,90,377,3,8,57
5765,-108,58,90,377,4,10,57
5765,-108,47,90,377,5,11,58
5765,-108,48,89,377,5,9,56
5765,-108,59,89,377,6,8,58
5765,-108,44,90,377,4,9,58
5765,-108,58,90,377,5,8,58
5765,-108,55,90,377,4,9,57
5765,-108,49,90,377,4,10,58
5765,-108,56,90,377,5,10,59
5765,-108,32,90,377,5,9,57
5765,-108,56,89,377,7,10,57
5765,-108,43,90,377,5,8,57
5765,-108,43,90,377,6,9,58
5765,-108,44,90,377,4,11,59
5765,-108,61,90,377,4,8,57
5765,-108,45,89,378,6,8,57
5765,-108,43,90,377,5,9,57
5765,-108,45,90,377,5,9,57
5765,-108,41,90,377,5,9,58
5765,-108,59,90,377,5,9,59
5765,-108,47,90,377,4,8,57
5765,-108,69,90,377,5,10,58
5765,-108,52,90,377,5,12,59
5765,-108,44,90,377,4,9,58
5765,-108,37,90,377,5,11,59
5765,-108,46,90,377,6,10,60
5765,-108,33,90,377,4,11,57
5765,-108,42,90,377,5,10,58
5765,-108,43,90,377,4,10,58
5765,-108,52,90,377,4,8,57
5765,-108,50,90,377,5,10,58
5765,-108,52,90,377,5,7,57
5765,-108,45,90,377,6,9,58
5765,-108,44,90,377,5,11,59
5765,-108,54,90,377,4,10,58
5765,-108,38,89,377,6,10,57
5765,-108,55,90,377,4,9,59
5765,-108,43,88,378,6,11,56
5765,-108,39,90,377,3,9,58
5765,-108,49,90,377,6,10,59
5765,-108,37,90,377,5,8,57
5765,-108,47,90,377,5,9,58
5765,-108,41,90,377,5,7,57
5765,-108,38,89,377,6,10,58
5765,-108,49,90,377,4,9,57
5765,-108,38,90,377,3,9,58
5765,-108,57,89,377,5,10,58
5765,-108,66,90,377,5,8,57
5765,-108,33,90,377,4,9,59
5765,-108,56,90,377,5,11,58
5765,-108,35,90,377,5,9,58
5765,-108,45,90,377,4,10,58
5765,-108,36,90,377,4,8,58
5765,-108,43,90,377,4,9,58
5765,-108,50,90,377,5,9,58
5765,-108,63,90,377,4,10,58
5765,-108,70,90,377,4,9,58
5765,-108,45,90,377,4,9,58
5765,-108,54,89,377,4,10,57
5765,-108,55,90,377,6,9,58
5765,-108,43,90,377,4,9,58
5765,-108,44,90,377,5,11,59
5765,-108,53,90,377,5,9,59
5765,-108,58,90,377,4,9,57
5765,-108,32,90,377,5,8,58
5765,-108,50,90,377,4,7,57
5765,-108,46,89,377,6,9,57
5765,-108,30,90,377,4,9,57
5765,-108,51,90,377,5,9,58
5765,-108,31,89,378,5,8,56
5765,-108,45,90,377,5,8,57
5765,-108,42,90,377,5,8,58
5765,-108,54,90,377,5,10,58
5765,-108,38,90,377,5,11,58
5765,-108,38,90,377,5,9,58
5765,-108,53,89,378,7,10,57
5765,-108,30,89,377,5,8,57
5765,-108,54,90,377,5,10,58
5765,-108,51,90,377,5,10,58
5765,-108,37,89,378,5,8,56
5765,-108,48,90,377,6,11,59
5765,-108,51,90,377,5,9,58
5765,-108,35,90,377,4,9,58
5765,-108,54,90,377,5,9,58
5765,-108,51,90,377,5,8,58
5765,-108,54,90,377,5,8,57
5765,-108,42,90,377,6,10,58
5765,-108,39,89,377,5,11,57
5765,-108,40,90,377,4,10,59
5765,-108,78,90,377,5,9,58
5765,-108,39,90,377,4,9,57
5765,-108,52,90,377,4,10,58
5765,-108,31,88,378,5,8,56
5765,-108,51,89,377,5,8,57
5765,-108,73,90,377,4,10,59
5765,-108,48,89,377,5,7,56
5765,-108,29,89,378,5,10,58
5765,-108,24,89,377,7,7,55
5765,-108,64,90,377,6,10,58
5765,-108,40,90,377,4,9,57
5765,-108,62,90,377,5,9,59
5765,-108,38,90,377,5,9,57
5765,-108,48,89,377,6,9,56
5765,-108,46,90,377,5,10,58
5765,-108,33,89,378,7,11,58
5765,-108,31,90,377,6,10,58
5765,-108,42,90,377,5,9,58
5765,-108,31,90,377,5,7,58
5765,-108,51,90,377,3,12,59
5765,-108,48,90,377,4,9,57
5765,-108,53,90,377,4,10,58
5765,-108,42,90,377,6,9,58
5765,-108,37,90,377,6,9,58
5765,-108,38,90,377,6,9,59
5765,-108,51,90,377,4,10,58
5765,-108,46,90,377,6,8,58
5765,-108,39,90,377,6,11,58
5765,-108,58,90,377,5,11,58
5765,-108,48,90,377,5,10,58
5765,-108,39,90,377,5,10,58
5765,-108,36,88,378,6,9,57
5765,-108,55,80,387,7,57,48
5765,-108,18,80,386,6,9,48
5765,-108,55,90,377,6,6,58
5765,-108,49,90,377,6,9,58
5765,-108,46,90,377,4,9,57
5765,-108,42,90,377,6,11,57
5765,-108,55,90,377,5,9,58
5765,-108,51,90,377,5,9,58
5765,-108,41,90,377,5,8,57
5765,-108,47,90,377,5,10,59
5765,-108,39,89,378,4,10,58
5765,-108,58,90,377,6,8,58
5765,-108,46,90,377,5,10,59
5765,-108,47,90,377,6,10,58
5765,-108,47,88,379,6,9,56
5765,-108,42,90,377,5,8,58
5765,-108,60,89,377,6,8,57
5765,-108,42,90,377,5,11,59
5765,-108,42,90,377,4,9,58
5765,-108,39,90,377,4,8,58
5765,-108,52,90,377,4,9,59
5765,-108,38,90,377,4,10,58
5765,-108,43,89,378,6,11,58
5765,-108,57,90,377,6,10,58
5765,-108,51,89,377,5,8,56
5765,-108,46,90,377,5,10,57
5765,-108,32,88,378,4,9,56
5765,-108,65,90,377,5,10,58
5765,-108,30,89,377,5,10,57
5765,-108,58,90,377,6,10,58
5765,-108,53,90,377,4,9,58
5765,-108,56,90,377,5,9,57
5765,-108,78,90,377,4,9,59
5765,-108,36,90,377,5,6,58
5765,-108,28,90,377,4,10,58
5765,-108,48,90,377,6,8,57
5765,-108,54,90,377,5,9,58
5765,-108,69,90,377,5,10,59
5765,-108,67,90,377,4,8,58
5765,-108,47,90,377,5,10,58
5765,-108,41,90,377,4,9,58
5765,-108,56,89,378,5,9,57
5765,-108,48,89,378,7,9,57
5765,-108,51,89,378,5,9,57
5765,-108,59,90,377,5,10,59
5765,-108,56,89,377,5,12,58
5765,-108,52,88,379,6,7,55
5765,-108,71,90,377,4,9,58
5765,-108,33,90,377,5,8,58
5765,-108,46,90,377,5,11,58
5765,-108,53,90,377,5,9,59
5765,-108,41,89,378,7,9,56
5765,-108,45,88,378,5,9,56
5765,-108,47,90,377,3,12,59
5765,-108,39,90,377,4,9,58
5765,-108,39,90,377,5,8,57
5765,-108,47,90,377,5,8,57
5765,-108,38,90,377,6,9,58
5765,-108,51,90,377,5,9,57
5765,-108,31,88,378,7,8,56
5765,-108,55,89,378,5,9,57
5765,-108,54,90,377,4,7,58
5765,-108,70,90,377,5,8,58
5765,-108,42,89,378,5,8,57
5765,-108,43,89,378,6,9,57
5765,-108,63,90,377,4,7,57
5765,-108,39,89,378,6,9,57
5765,-108,39,90,377,5,9,57
5765,-108,52,90,377,6,9,58
5765,-108,41,90,377,4,12,58
5765,-108,52,90,377,5,10,59
5765,-108,69,90,377,4,11,59
5765,-108,56,90,377,5,10,58
5765,-108,38,90,377,4,9,58
5765,-108,66,90,377,5,10,58
5765,-108,30,90,377,5,9,58
5765,-108,51,90,377,5,9,59
5765,-108,32,85,381,5,0,54
5765,-108,99,89,377,4,1,57
5765,-108,47,90,377,4,9,58
5765,-108,50,89,378,5,11,58
5765,-108,53,90,377,5,9,58
5765,-108,53,90,377,5,9,58
5765,-108,57,89,377,5,8,57
5765,-108,53,90,377,5,9,58
5765,-108,69,90,377,4,10,58
5765,-108,42,90,377,4,9,58
5765,-108,58,90,377,3,8,57
5765,-108,45,88,379,6,9,57
5765,-108,53,89,377,6,9,57
5765,-108,53,90,377,5,9,59
5765,-108,52,90,377,5,7,58
5765,-108,38,90,377,4,9,57
5765,-108,47,89,378,5,9,57
5765,-108,70,90,377,5,10,59
5765,-108,42,90,377,5,8,58
5765,-108,43,90,377,4,7,57
5765,-108,50,90,377,3,8,58
5765,-108,44,90,377,5,9,58
5765,-108,58,90,377,4,8,59
5765,-108,59,90,377,4,9,57
5765,-108,39,90,377,3,7,57
5765,-108,50,90,377,5,10,58
5765,-108,52,90,377,5,8,59
5765,-108,46,90,377,6,10,58
5765,-108,62,89,377,4,10,57
5765,-108,51,90,377,5,10,58
5765,-108,42,90,377,4,9,58
5765,-108,32,90,377,5,11,59
5765,-108,61,90,377,4,10,59
5765,-108,44,90,377,4,10,58
5765,-108,42,90,377,5,9,58
5765,-108,60,90,377,4,9,58
5765,-108,41,90,377,6,9,57
5765,-108,51,90,377,5,9,58
5765,-108,31,89,378,5,11,59
5765,-108,41,89,377,6,7,57
5765,-108,60,90,377,3,10,59
5765,-108,43,89,377,6,8,57
5765,-108,36,90,377,4,7,57
5765,-108,38,90,377,6,10,58
5765,-108,45,90,377,2,10,58
5765,-108,44,90,377,5,11,59
5765,-108,61,90,377,5,11,59
5765,-108,43,90,377,6,9,58
5765,-108,35,90,377,4,9,58
5765,-108,45,90,377,6,8,57
5765,-108,53,90,377,4,8,58
5765,-108,59,90,377,5,9,57
5765,-108,72,90,377,5,10,59
5765,-108,46,90,377,5,10,58
5765,-108,55,90,377,4,10,59
5765,-108,63,90,377,4,8,58
5765,-108,59,90,377,4,7,56
5765,-108,55,90,377,5,10,58
5765,-108,50,89,378,6,9,58
5765,-108,57,90,377,4,8,57
5765,-108,40,90,377,4,12,59
5765,-108,40,90,377,5,9,58
5765,-108,62,90,377,4,8,59
5765,-108,51,90,377,5,8,58
5765,-108,57,90,377,5,9,57
5765,-108,48,90,377,5,8,58
5765,-108,49,90,377,5,10,58
5765,-108,35,90,377,5,9,58
5765,-108,66,90,377,4,10,59
5765,-108,40,90,377,5,10,58
5765,-108,36,90,377,4,10,58
5765,-108,42,90,377,5,11,58
5765,-108,42,90,377,5,8,57
5765,-108,45,90,377,6,10,58
5765,-108,36,90,377,4,9,57
5765,-108,50,90,377,5,10,58
5765,-108,56,90,377,4,8,59
5765,-108,38,89,378,6,11,58
5765,-108,62,90,377,5,12,59
5765,-108,50,90,377,6,10,58
5765,-108,33,90,377,5,9,58
5765,-108,46,90,377,5,10,57
5765,-108,34,90,377,4,10,59
5765,-108,40,90,377,4,10,59
5765,-108,53,90,377,4,10,59
5765,-108,37,90,377,3,9,58
5765,-108,65,90,377,5,10,58
5765,-108,45,89,378,5,10,58
5765,-108,43,90,377,4,10,57
5765,-108,59,90,377,6,10,58
5765,-108,42,89,378,6,10,57
5765,-108,66,89,377,5,9,57
5765,-108,49,90,377,5,11,58
5765,-108,46,89,377,6,10,57
5765,-108,43,90,377,4,10,58
5765,-108,38,90,377,6,8,58
5765,-108,47,90,377,3,9,57
5765,-108,35,88,379,5,8,55
5765,-108,67,90,377,4,10,58
5765,-108,65,90,377,5,12,59
5765,-108,57,90,377,5,9,59
5765,-108,40,90,377,5,9,58
5765,-108,53,90,377,6,6,57
5765,-108,61,90,377,6,10,59
5765,-108,54,88,379,5,11,57
5765,-108,31,90,377,5,10,58
5765,-108,49,90,377,5,9,58
5765,-108,49,90,377,4,9,57
5765,-108,38,90,377,5,9,58
5765,-108,49,90,377,5,8,57
5765,-108,57,90,377,6,9,58
5765,-108,46,90,377,5,10,59
5765,-108,48,89,378,6,8,57
5765,-108,47,89,378,6,9,57
5765,-108,40,90,377,5,10,58
5765,-108,43,90,377,4,9,58
5765,-108,68,90,377,4,9,58
5765,-108,41,90,377,5,11,58
5765,-108,39,90,377,5,10,58
5765,-108,39,89,378,5,10,57
5765,-108,63,90,377,5,8,57
5765,-108,52,90,377,4,10,59
5765,-108,53,90,377,4,9,58
5765,-108,43,89,377,5,9,57
5765,-108,53,90,377,4,8,57
5765,-108,56,90,377,5,9,58
5765,-108,45,89,377,6,11,58
5765,-108,61,90,377,5,8,58
5765,-108,42,89,377,6,9,57
5765,-108,46,89,378,4,9,56
5765,-108,55,90,377,4,9,58
5765,-108,31,90,377,4,9,58
5765,-108,43,89,377,7,11,57
5765,-108,40,90,377,6,9,57
5765,-108,56,90,377,5,7,57
5765,-108,73,90,377,5,10,58
5765,-108,57,90,377,5,10,59
5765,-108,51,90,377,5,8,57
5765,-108,43,89,377,5,8,56
5765,-108,49,90,377,4,10,58
5765,-108,46,90,377,6,9,58
5765,-108,30,90,377,5,10,58
5765,-108,38,90,377,5,10,58
5765,-108,50,90,377,4,8,58
5765,-108,46,90,377,6,9,58
5765,-108,50,90,377,6,8,58
5765,-108,46,90,377,5,9,58
5765,-108,59,90,377,4,10,58
5765,-108,32,90,377,4,7,57
5765,-108,53,90,377,5,9,58
5765,-108,29,90,377,5,9,58
5765,-108,53,90,377,5,9,58
5765,-108,48,90,377,4,7,57
5765,-108,46,90,377,4,10,58
5765,-108,60,90,377,5,9,57
5765,-108,37,89,377,4,9,56
5765,-108,42,90,377,4,9,57
5765,-108,44,90,377,5,10,58
5765,-108,48,90,377,3,10,58
5765,-108,46,90,377,5,11,59
5765,-108,40,90,377,6,9,58
5765,-108,52,90,377,5,12,59
5765,-108,49,90,377,5,11,59
5765,-108,66,90,377,4,10,58
5765,-108,58,90,377,3,9,58
5765,-108,45,90,377,6,11,59
5765,-108,61,90,377,4,9,59
5765,-108,50,90,377,4,9,58
5765,-108,70,90,377,4,10,58
5765,-108,51,90,377,4,11,59
5765,-108,41,90,377,3,8,57
5765,-108,49,90,377,4,9,58
5765,-108,37,90,377,5,8,58
5765,-108,41,88,378,5,10,57
5765,-108,47,90,377,5,10,58
5765,-108,56,90,377,6,9,58
5765,-108,38,90,377,5,10,58
5765,-108,36,89,377,5,9,57
5765,-108,57,90,377,4,10,59
5765,-108,50,89,377,5,10,58
5765,-108,53,90,377,4,9,59
5765,-108,35,89,377,6,9,57
5765,-108,64,90,377,3,10,58
5765,-108,46,90,377,4,8,58
5765,-108,55,90,377,4,11,58
5765,-108,61,90,377,4,8,57
5765,-108,42,90,377,5,10,59
5765,-108,52,90,377,6,8,58
5765,-108,50,89,377,5,10,57
5765,-108,56,90,377,5,10,58
5805,-108,42,89,378,5,9,57
5805,-108,64,89,377,6,13,57
5805,-108,44,90,377,4,9,57
5805,-108,36,90,377,5,9,57
5805,-108,59,90,377,5,9,58
5805,-108,43,90,377,4,9,57
5805,-108,46,90,377,5,9,58
5805,-108,48,90,377,4,10,57
5805,-108,34,90,377,3,10,57
5805,-108,47,90,377,5,10,58
5805,-108,48,90,377,4,9,58
5805,-108,48,90,377,5,11,58
5805,-108,49,90,377,5,9,57
5805,-108,35,90,377,5,10,57
5805,-108,58,90,377,4,9,57
5805,-108,50,90,377,5,10,57
5805,-108,68,90,377,5,10,57
5805,-108,37,90,377,6,11,57
5805,-108,29,90,377,5,8,57
5805,-108,41,90,377,5,11,58
5805,-108,50,90,377,4,9,57
5805,-108,32,90,377,4,9,57
5805,-108,50,90,377,5,11,57
5805,-108,44,90,377,4,10,58
5805,-108,43,90,377,4,8,57
5805,-108,50,90,377,5,10,57
5805,-108,61,90,377,4,12,59
5805,-108,30,90,377,3,10,58
5805,-108,69,90,377,5,9,58
5805,-108,48,89,377,5,8,55
5805,-108,35,90,377,6,9,57
5805,-108,48,90,377,5,11,58
5805,-108,55,90,377,5,11,57
5805,-108,49,90,377,3,10,57
5805,-108,54,90,377,4,10,58
5805,-108,60,90,377,3,9,58
5805,-108,55,90,377,2,9,57
5805,-108,60,90,377,4,9,57
5805,-108,46,90,377,6,10,58
5805,-108,47,90,377,5,10,58
5805,-108,55,90,377,4,9,58
5805,-108,54,90,377,4,11,57
5805,-108,35,90,377,5,8,57
5805,-108,38,90,377,5,8,57
5805,-108,36,89,377,5,11,57
5805,-108,51,90,377,4,10,58
5805,-108,31,90,377,4,9,57
5805,-108,54,88,378,7,11,56
5805,-108,73,90,377,5,9,57
5805,-108,33,90,377,5,11,58
5805,-108,64,90,377,4,9,57
5805,-108,57,90,377,5,10,57
5805,-108,46,90,377,4,10,57
5805,-108,69,90,377,4,9,58
5805,-108,43,90,377,5,8,57
5805,-108,38,90,377,5,10,58
5805,-108,49,90,377,4,10,57
5805,-108,40,90,377,4,8,57
5805,-108,53,90,377,5,10,58
5805,-108,41,90,377,5,8,57
5805,-108,49,90,377,5,9,57
5805,-108,54,90,377,5,9,58
5805,-108,61,90,377,5,9,58
5805,-108,50,90,377,5,9,58
5805,-108,34,90,377,4,11,58
5805,-108,49,90,377,4,10,57
5805,-108,56,90,377,6,10,57
5805,-108,47,90,377,4,9,57
5805,-108,43,90,377,4,10,57
5805,-108,40,90,377,4,10,57
5805,-108,38,90,377,3,10,57
5805,-108,27,90,377,4,9,57
5805,-108,50,90,377,4,10,58
5805,-108,38,90,377,5,8,58
5805,-108,46,90,377,5,10,57
5805,-108,35,90,377,4,8,57
5805,-108,54,90,377,4,10,57
5805,-108,53,90,377,5,9,58
5805,-108,52,90,377,5,9,57
5805,-108,43,90,377,4,9,57
5805,-108,42,90,377,5,9,57
5805,-108,54,90,377,5,10,57
5805,-108,46,90,377,4,9,57
5805,-108,35,90,377,4,8,56
5805,-108,46,90,377,3,10,57
5805,-108,56,90,377,4,10,58
5805,-108,41,90,377,4,9,57
5805,-108,47,90,377,4,9,57
5805,-108,58,90,377,5,10,59
5805,-108,53,90,377,4,10,58
5805,-108,40,90,377,5,10,57
5805,-108,48,90,377,5,10,57
5805,-108,56,90,377,5,9,57
5805,-108,47,90,377,5,8,57
5805,-108,37,89,377,6,10,57
5805,-108,44,90,377,4,10,58
5805,-108,43,90,377,4,9,57
5805,-108,57,90,377,4,11,58
5805,-108,56,90,377,5,11,58
5805,-108,43,90,377,3,8,57
5805,-108,47,89,377,5,10,57
5805,-108,48,90,377,3,11,57
5805,-108,40,90,377,4,10,58
5805,-108,55,90,377,4,9,57
5805,-108,36,90,377,5,8,56
5805,-108,52,90,377,4,10,58
5805,-108,61,90,377,4,11,58
5805,-108,57,90,377,5,8,57
5805,-108,28,88,378,5,8,54
5805,-108,59,90,377,3,9,57
5805,-108,52,90,377,5,10,58
5805,-108,57,90,377,5,9,57
5805,-108,47,90,377,4,8,57
5805,-108,45,90,377,4,9,58
5805,-108,53,90,377,5,10,57
5805,-108,47,90,377,4,10,57
5805,-108,45,90,377,4,9,58
5805,-108,51,90,377,5,10,57
5805,-108,57,90,377,5,10,57
5805,-108,45,90,377,3,10,57
5805,-108,38,90,377,5,9,57
5805,-108,44,90,377,5,10,57
5805,-108,53,90,377,5,10,57
5805,-108,47,90,377,4,9,58
5805,-108,59,90,377,3,9,57
5805,-108,48,90,377,3,8,57
5805,-108,55,90,377,5,9,57
5805,-108,68,90,377,5,11,58
5805,-108,54,90,377,4,9,57
5805,-108,48,90,377,5,8,57
5805,-108,65,90,377,4,9,58
5805,-108,55,90,377,4,9,58
5805,-108,50,90,377,4,10,58
5805,-108,54,90,377,4,10,57
5805,-108,33,90,377,4,8,58
5805,-108,45,90,377,5,11,57
5805,-108,58,90,377,4,9,57
5805,-108,70,90,377,5,11,58
5805,-108,65,90,377,4,9,57
5805,-108,41,90,377,4,8,57
5805,-108,31,89,377,5,7,56
5805,-108,56,90,377,5,11,58
5805,-108,64,90,377,4,11,58
5805,-108,46,90,377,4,9,56
5805,-108,41,90,377,3,8,56
5805,-108,45,90,377,4,9,57
5805,-108,41,90,377,4,10,57
5805,-108,56,90,377,4,8,57
5805,-108,68,90,377,4,10,57
5805,-108,56,90,377,3,8,56
5805,-108,44,90,377,4,9,57
5805,-108,48,90,377,4,10,59
5805,-108,59,90,377,5,8,57
5805,-108,67,90,377,4,12,58
5805,-108,58,90,377,5,9,56
5805,-108,45,90,377,5,8,57
5805,-108,40,90,377,4,9,57
5805,-108,46,90,377,4,9,58
5805,-108,48,90,377,6,10,57
5805,-108,51,90,377,5,10,58
5805,-108,60,90,377,4,11,57
5805,-108,64,90,377,4,9,57
5805,-108,58,90,377,4,10,57
5805,-108,53,90,377,5,10,58
5805,-108,53,90,377,4,8,57
5805,-108,43,90,377,4,10,58
5805,-108,55,90,377,6,9,57
5805,-108,60,90,377,4,10,58
5805,-108,52,90,377,5,9,57
5805,-108,61,90,377,4,8,58
5805,-108,54,90,377,5,9,57
5805,-108,48,90,377,4,8,57
5805,-108,50,90,377,5,9,58
5805,-108,49,90,377,3,11,57
5805,-108,52,90,377,5,9,57
5805,-108,56,90,377,6,8,57
5805,-108,48,90,377,5,8,57
5805,-108,62,90,377,5,10,57
5805,-108,55,90,377,6,8,58
5805,-108,60,90,377,5,10,58
5805,-108,26,90,377,4,8,56
5805,-108,52,90,377,4,8,58
5805,-108,76,90,377,5,9,57
5805,-108,41,90,377,3,10,57
5805,-108,66,90,377,5,11,57
5805,-108,48,90,377,5,12,58
5805,-108,50,90,377,5,10,57
5805,-108,47,90,377,6,9,57
5805,-108,42,90,377,5,9,58
5805,-108,56,90,377,5,9,57
5805,-108,39,90,377,4,9,57
5805,-108,63,90,377,4,9,57
5805,-108,50,90,377,4,8,57
5805,-108,40,90,377,5,9,56
5805,-108,51,90,377,4,10,57
5805,-108,45,90,377,5,10,58
5805,-108,37,90,377,5,9,57
5805,-108,66,89,377,4,8,56
5805,-108,49,90,377,4,9,57
5805,-108,44,90,377,5,8,58
5805,-108,34,90,377,5,10,57
5805,-108,43,90,377,6,9,57
5805,-108,40,90,377,3,8,57
5805,-108,51,90,377,3,10,58
5805,-108,34,90,377,4,9,57
5805,-108,50,90,377,4,8,57
5805,-108,43,90,377,4,9,57
5805,-108,45,90,377,3,10,58
5805,-108,63,90,377,3,10,59
5805,-108,46,90,377,5,9,57
5805,-108,47,90,377,4,10,57
5805,-108,48,90,377,4,9,57
5805,-108,72,90,377,5,9,58
5805,-108,48,90,377,3,9,58
5805,-108,49,90,377,5,10,57
5805,-108,56,90,377,3,9,57
5805,-108,32,90,377,4,8,56
5805,-108,55,89,377,6,8,56
5805,-108,53,90,377,6,9,57
5805,-108,48,90,377,5,12,57
5805,-108,48,90,377,4,8,56
5805,-108,44,90,377,3,9,58
5805,-108,50,90,377,6,10,57
5805,-108,43,88,378,8,9,56
5805,-108,47,90,377,3,10,58
5805,-108,46,90,377,3,10,58
5805,-108,52,90,377,5,10,58
5805,-108,40,90,377,4,8,57
5805,-108,57,90,377,5,9,57
5805,-108,40,90,377,5,10,57
5805,-108,50,90,377,4,9,57
5805,-108,28,90,377,5,7,57
5805,-108,44,90,377,3,9,57
5805,-108,50,90,377,4,10,58
5805,-108,47,90,377,4,10,57
5805,-108,34,89,377,6,8,55
5805,-108,35,90,377,5,11,58
5805,-108,70,90,377,5,9,58
5805,-108,45,90,377,4,9,57
5805,-108,54,90,377,4,11,57
5805,-108,59,90,377,5,8,57
5805,-108,49,90,377,4,8,57
5805,-108,56,90,377,4,11,58
5805,-108,58,90,377,5,9,58
5805,-108,70,90,377,4,11,58
5805,-108,57,90,377,5,8,57
5805,-108,47,89,378,6,9,56
5805,-108,50,90,377,5,10,58
5805,-108,59,90,377,5,11,57
5805,-108,56,90,377,5,10,57
5805,-108,51,90,377,4,8,57
5805,-108,38,90,377,5,9,57
5805,-108,44,90,377,3,10,57
5805,-108,42,90,377,5,10,57
5805,-108,39,89,377,5,10,56
5805,-108,50,90,377,5,10,57
5805,-108,49,90,377,6,11,57
5805,-108,65,90,377,5,10,57
5805,-108,52,90,377,6,10,58
5805,-108,38,90,377,4,9,57
5805,-108,52,90,377,5,8,56
5805,-108,73,90,377,5,10,58
5805,-108,60,89,377,5,10,56
5805,-108,55,90,377,4,9,57
5805,-108,45,90,377,5,10,58
5805,-108,52,90,377,4,9,57
5805,-108,50,89,377,5,9,57
5805,-108,40,90,377,3,9,57
5805,-108,67,90,377,4,10,58
5805,-108,51,90,377,4,7,56
5805,-108,42,90,377,6,9,57
5805,-108,37,90,377,4,10,57
5805,-108,47,90,377,5,9,58
5805,-108,49,90,377,4,10,57
5805,-108,68,90,377,5,9,57
5805,-108,59,90,377,5,10,58
5805,-108,41,89,377,6,8,55
5805,-108,39,90,377,3,11,58
5805,-108,42,90,377,5,8,56
5805,-108,61,90,377,5,9,57
5805,-108,48,90,377,5,9,57
5805,-108,44,90,377,4,10,57
5805,-108,50,90,377,5,8,56
5805,-108,41,90,377,5,12,58
5805,-108,30,90,377,5,10,57
5805,-108,54,90,377,6,9,58
5805,-108,74,90,377,6,11,58
5805,-108,50,90,377,3,10,58
5805,-108,45,90,377,5,9,57
5805,-108,61,90,377,4,10,57
5805,-108,71,90,377,5,9,58
5805,-108,62,90,377,5,9,58
5805,-108,44,90,377,4,8,57
5805,-108,53,90,377,6,10,57
5805,-108,49,90,377,4,9,58
5805,-108,51,90,377,4,10,57
5805,-108,44,90,377,5,9,58
5805,-108,52,90,377,6,9,57
5805,-108,65,90,377,5,9,57
5805,-108,55,89,377,5,10,57
5805,-108,46,90,377,5,8,56
5805,-108,62,90,377,5,11,58
5805,-108,32,89,377,6,10,56
5805,-108,52,90,377,4,8,57
5805,-108,59,90,377,5,9,57
5805,-108,34,90,377,5,11,58
5805,-108,50,90,377,5,10,58
5805,-108,41,90,377,5,8,57
5805,-108,39,90,377,3,9,57
5805,-108,46,90,377,5,9,57
5805,-108,42,90,377,5,8,57
5805,-108,47,90,377,4,8,56
5805,-108,47,90,377,5,12,58
5805,-108,45,90,377,3,10,57
5805,-108,57,90,377,3,10,58
5805,-108,57,90,377,3,10,58
5805,-108,32,89,377,4,9,56
5805,-108,52,90,377,3,11,58
5805,-108,59,90,377,5,10,57
5805,-108,59,89,378,6,10,57
5805,-108,43,90,377,5,10,58
5805,-108,47,90,377,4,9,56
5805,-108,50,90,377,5,10,58
5805,-108,44,90,377,5,9,57
5805,-108,54,90,377,4,7,56
5805,-108,46,90,377,4,10,57
5805,-108,53,90,377,5,9,57
5805,-108,57,90,377,4,12,58
5805,-108,75,90,377,4,11,58
5805,-108,49,90,377,5,10,58
5805,-108,50,90,377,4,10,57
5805,-108,60,90,377,5,10,58
5805,-108,63,90,377,5,9,57
5805,-108,47,90,377,6,8,57
5805,-108,49,90,377,3,9,57
5805,-108,53,90,377,4,10,58
5805,-108,55,90,377,4,8,56
5805,-108,61,90,377,5,9,57
5805,-108,61,90,377,3,10,58
5805,-108,47,90,377,5,9,57
5805,-108,50,90,377,5,10,57
5805,-108,41,90,377,4,9,57
5805,-108,50,90,377,5,11,59
5805,-108,65,90,377,5,9,58
5805,-108,65,90,377,5,9,57
5805,-108,58,90,377,5,10,57
5805,-108,59,90,377,4,9,57
5805,-108,58,90,377,5,9,57
5805,-108,45,90,377,5,10,58
5805,-108,64,90,377,5,12,59
5805,-108,52,90,377,3,9,57
5805,-108,45,90,377,6,10,57
5805,-108,42,90,377,4,9,57
5805,-108,62,90,377,5,9,57
5805,-108,66,90,377,5,10,58
5805,-108,65,90,377,4,10,58
5805,-108,45,90,377,3,10,58
5805,-108,51,90,377,3,10,58
5805,-108,57,90,377,5,10,58
5805,-108,51,90,377,5,11,59
5805,-108,45,90,377,4,10,57
5805,-108,35,90,377,6,10,57
5805,-108,46,90,377,4,11,58
5805,-108,44,90,377,5,10,58
5805,-108,54,90,377,4,9,57
5805,-108,68,90,377,5,9,57
5805,-108,54,90,377,5,7,58
5805,-108,63,90,377,4,9,57
5805,-108,29,90,377,4,9,57
5805,-108,57,90,377,4,8,57
5805,-108,48,90,377,5,9,57
5805,-108,54,90,377,5,8,57
5805,-108,50,90,377,5,8,57
5805,-108,52,90,377,3,9,57
5805,-108,34,90,377,2,8,56
5805,-108,45,90,377,5,10,57
5805,-108,51,90,377,4,8,57
5805,-108,56,89,377,5,11,57
5805,-108,47,90,377,3,9,57
5805,-108,49,90,377,4,9,57
5805,-108,44,89,377,5,8,56
5805,-108,40,90,377,4,9,57
5805,-108,61,90,377,5,8,57
5805,-108,56,90,377,4,9,56
5805,-108,60,90,377,5,11,58
5805,-108,42,90,377,4,9,57
5805,-108,42,90,377,3,10,57
5805,-108,51,90,377,5,8,58
5805,-108,54,90,377,4,11,58
5805,-108,56,90,377,5,10,58
5805,-108,60,90,377,3,9,58
5805,-108,61,90,377,4,11,57
5805,-108,47,90,377,5,10,57
5805,-108,46,90,377,5,11,59
5805,-108,48,90,377,4,10,57
5805,-108,50,90,377,5,7,57
5805,-108,43,90,377,4,8,57
5805,-108,66,90,377,4,8,57
5805,-108,48,90,377,5,8,57
5805,-108,57,90,377,4,9,57
5805,-108,45,90,377,6,12,58
5805,-108,50,90,377,4,10,58
5805,-108,51,90,377,3,9,58
5805,-108,54,90,377,4,8,56
5805,-108,55,90,377,4,10,57
5805,-108,54,90,377,5,10,58
5805,-108,37,90,377,4,12,57
5805,-108,51,90,377,5,11,57
5805,-108,49,90,377,4,9,57
5805,-108,51,90,377,4,9,57
5805,-108,46,90,377,4,8,55
5805,-108,49,90,377,6,10,59
5805,-108,63,90,377,5,11,58
5805,-108,39,90,377,4,9,57
5805,-108,52,89,377,5,10,57
5805,-108,58,90,377,4,10,57
5805,-108,46,90,377,4,9,57
5805,-108,48,90,377,5,11,58
5805,-108,54,90,377,4,11,57
5805,-108,33,90,377,4,9,57
5805,-108,66,90,377,5,8,57
5805,-108,63,90,377,4,9,58
5805,-108,56,90,377,6,9,58
5805,-108,70,90,377,5,11,57
5805,-108,55,90,377,5,11,58
5805,-108,49,90,377,5,9,57
5805,-108,35,90,377,6,8,57
5805,-108,55,90,377,5,9,57
5805,-108,40,90,377,5,12,58
5805,-108,47,90,377,5,9,56
5805,-108,64,90,377,4,9,57
5805,-108,60,90,377,4,11,58
5805,-108,54,90,377,5,9,57
5805,-108,48,90,377,4,9,58
5805,-108,50,90,377,5,7,57
5805,-108,52,90,377,4,11,58
5805,-108,50,90,377,6,9,57
5805,-108,39,90,377,4,10,57
5805,-108,41,90,377,6,10,58
5805,-108,50,90,377,5,11,58
5805,-108,45,90,377,5,7,57
5805,-108,30,90,377,5,9,57
5805,-108,64,90,377,5,10,57
5805,-108,66,90,377,5,9,57
5805,-108,52,90,377,6,10,58
5805,-108,47,89,377,4,8,55
5805,-108,46,90,377,4,10,58
5805,-108,38,90,377,5,9,57
5805,-108,50,90,377,5,9,58
5805,-108,42,90,377,4,11,57
5805,-108,54,90,377,4,9,57
5805,-108,52,90,377,5,9,57
5805,-108,44,90,377,5,10,57
5805,-108,30,90,377,5,9,57
5805,-108,55,90,377,4,9,56
5805,-108,63,90,377,4,11,58
5805,-108,46,90,377,3,10,58
5805,-108,43,89,378,6,10,56
5805,-108,50,89,377,5,9,57
5805,-108,54,90,377,5,9,57
5805,-108,53,90,377,5,9,57
5805,-108,48,90,377,3,9,57
5805,-108,54,90,377,6,9,57
5805,-108,53,90,377,5,9,56
5805,-108,56,90,377,6,11,58
5805,-108,44,90,377,4,9,57
5805,-108,48,90,377,4,9,57
5805,-108,53,90,377,5,9,57
5805,-108,53,90,377,6,10,58
5805,-108,43,90,377,6,8,58
5805,-108,55,90,377,4,9,57
5805,-108,59,90,377,4,10,57
5805,-108,48,90,377,5,11,58
5805,-108,51,90,377,4,10,57
5805,-108,57,90,377,6,9,58
5805,-108,58,90,377,4,10,58
5805,-108,40,90,377,4,11,58
5805,-108,63,90,377,6,9,58
5805,-108,52,90,377,4,8,57
5805,-108,50,90,377,5,9,57
5805,-108,38,90,377,5,8,56
5805,-108,38,90,377,4,8,57
5805,-108,56,90,377,4,8,57
5805,-108,53,90,377,4,10,58
5805,-108,47,90,377,4,12,58
5805,-108,36,90,377,4,9,57
5805,-108,52,90,377,6,9,57
5805,-108,34,90,377,5,11,57
5805,-108,46,90,377,3,9,57
5805,-108,36,89,377,5,8,56
5805,-108,51,90,377,4,9,58
5805,-108,32,89,378,5,9,56
5805,-108,42,90,377,4,10,57
5805,-108,41,90,377,5,10,57
5805,-108,38,90,377,4,10,58
5805,-108,53,90,377,5,10,57
5805,-108,47,90,377,5,11,58
5805,-108,58,90,377,6,10,57
5805,-108,63,90,377,6,8,57
5805,-108,47,89,377,5,8,56
5805,-108,39,90,377,5,9,57
5805,-108,56,90,377,3,8,56
5805,-108,52,90,377,5,10,58
5805,-108,68,90,377,3,9,58
5805,-108,40,90,377,5,8,56
5805,-108,56,90,377,6,10,58
5805,-108,63,90,377,4,10,58
5805,-108,56,90,377,5,10,57
5805,-108,50,90,377,3,8,57
5805,-108,61,90,377,3,10,57
5805,-108,35,90,377,4,7,56
5805,-108,37,90,377,5,11,58
5805,-108,54,90,377,4,10,58
5805,-108,48,90,377,3,7,56
5805,-108,59,90,377,5,11,57
5805,-108,66,90,377,4,8,57
5805,-108,53,90,377,5,10,57
5805,-108,50,90,377,5,10,58
5805,-108,46,90,377,5,11,58
5805,-108,57,90,377,6,10,58
5805,-108,54,90,377,4,9,57
5805,-108,46,90,377,4,8,57
5805,-108,41,90,377,5,9,56
5805,-108,52,90,377,5,9,57
5805,-108,37,90,377,4,8,56
5805,-108,43,90,377,5,11,58
5805,-108,45,90,377,4,9,57
5805,-108,55,90,377,3,8,57
5805,-108,39,90,377,5,10,58
5805,-108,45,89,377,6,9,57
5805,-108,46,90,377,5,10,58
5805,-108,41,90,377,4,10,58
5805,-108,38,90,377,4,10,58
5805,-108,59,90,377,4,11,57
5805,-108,56,90,377,3,8,57
5805,-108,51,89,378,4,9,56
5805,-108,37,90,377,5,7,57
5805,-108,36,90,377,4,10,57
5805,-108,58,90,377,4,10,58
5805,-108,57,90,377,4,11,58
5805,-108,64,90,377,5,10,58
5805,-108,60,90,377,5,10,57
5805,-108,57,90,377,5,11,59
5805,-108,41,90,377,5,9,57
5805,-108,56,90,377,5,8,57
5805,-108,48,90,377,4,8,57
5805,-108,73,90,377,5,10,57
5805,-108,41,90,377,5,9,58
5805,-108,58,90,377,5,9,58
5805,-108,53,90,377,4,10,58
5805,-108,72,90,377,4,9,57
5805,-108,36,90,377,5,8,57
5805,-108,35,90,377,4,8,56
5805,-108,78,90,377,4,8,57
5805,-108,40,90,377,4,11,58
5805,-108,83,90,377,5,10,57
5805,-108,37,90,377,4,8,57
5805,-108,40,90,377,5,10,58
5805,-108,42,90,377,5,10,58
5805,-108,48,90,377,4,9,58
5805,-108,52,90,377,4,9,58
5805,-108,55,90,377,4,10,58
5805,-108,65,90,377,5,10,57
5805,-108,49,90,377,4,8,57
5805,-108,50,90,377,5,7,57
5805,-108,45,90,377,6,10,58
5805,-108,46,90,377,5,11,58
5805,-108,29,90,377,5,12,58
5805,-108,41,90,377,5,10,58
5805,-108,58,90,377,5,10,58
5805,-108,37,90,377,5,8,57
5805,-108,44,90,377,4,10,58
5805,-108,40,90,377,5,9,57
5805,-108,29,90,377,4,9,57
5805,-108,36,90,377,6,10,57
5805,-108,52,89,377,4,5,55
5805,-108,53,90,377,5,9,57
5805,-108,64,90,377,4,12,58
5805,-108,45,90,377,5,9,57
5805,-108,58,90,377,4,7,56
5805,-108,53,90,377,5,11,58
5805,-108,45,88,378,6,9,55
5805,-108,44,90,377,5,7,56
5805,-108,54,90,377,4,10,57
5805,-108,37,90,377,5,10,58
5805,-108,28,90,377,5,9,56
5805,-108,37,90,377,4,8,57
5805,-108,49,90,377,3,10,57
5805,-108,42,90,377,3,10,58
5805,-108,45,90,377,6,10,57
5805,-108,46,90,377,5,9,57
5805,-108,49,90,377,3,9,57
5805,-108,48,90,377,3,10,57
5805,-108,54,90,377,4,9,57
5805,-108,39,90,377,3,10,57
5805,-108,59,90,377,4,9,57
5805,-108,45,90,377,4,8,57
5805,-108,61,90,377,4,11,58
5805,-108,43,90,377,4,10,58
5805,-108,34,90,377,6,9,57
5805,-108,65,90,377,4,8,57
5805,-108,65,90,377,3,11,57
5805,-108,54,90,377,4,8,56
5805,-108,48,90,377,5,9,57
5805,-108,54,90,377,4,8,57
5805,-108,61,90,377,4,12,58
5805,-108,40,90,377,5,10,58
5805,-108,59,90,377,4,9,57
5805,-108,56,90,377,5,8,57
5805,-108,44,90,377,4,10,57
5805,-108,30,90,377,4,10,57
5805,-108,41,90,377,5,8,57
5805,-108,44,90,377,4,9,57
5805,-108,53,90,377,5,10,58
5805,-108,52,90,377,4,9,57
5805,-108,46,90,377,5,8,57
5805,-108,50,90,377,5,10,57
5805,-108,50,90,377,5,9,57
5805,-108,57,90,377,5,11,58
5805,-108,52,90,377,5,9,57
5805,-108,28,90,377,3,9,56
5805,-108,58,90,377,4,9,58
5805,-108,51,90,377,5,10,58
5805,-108,59,90,377,6,9,58
5805,-108,44,90,377,5,8,56
5805,-108,56,90,377,5,8,57
5805,-108,60,90,377,5,10,57
5805,-108,41,90,377,4,9,57
5805,-108,63,90,377,4,10,57
5805,-108,60,90,377,5,11,58
5805,-108,46,90,377,6,10,58
5805,-108,53,90,377,4,10,58
5805,-108,54,90,377,5,9,57
5805,-108,53,90,377,4,9,57
5805,-108,55,90,377,5,9,57
5805,-108,41,90,377,5,9,57
5805,-108,50,90,377,5,10,57
5805,-108,64,90,377,4,9,57
5805,-108,57,90,377,4,9,58
5805,-108,60,90,377,4,9,58
5805,-108,41,90,377,3,11,58
5805,-108,68,90,377,5,8,58
5805,-108,31,89,377,5,9,56
5805,-108,63,90,377,4,9,57
5805,-108,33,90,377,4,10,57
5805,-108,56,90,377,5,9,57
5805,-108,62,90,377,5,10,58
5805,-108,49,90,377,4,10,58
5805,-108,44,90,377,5,10,58
5805,-108,55,90,377,5,9,57
5805,-108,43,90,377,6,10,57
5805,-108,49,90,377,4,10,58
5805,-108,41,90,377,5,8,57
5805,-108,41,90,377,4,10,58
5805,-108,50,90,377,4,10,58
5805,-108,41,90,377,4,10,57
5805,-108,63,90,377,5,10,57
5805,-108,47,90,377,5,7,57
5805,-108,52,89,377,6,9,56
5805,-108,44,90,377,4,9,57
5805,-108,36,90,377,3,10,57
5805,-108,65,90,377,5,10,57
5805,-108,45,90,377,5,9,58
5805,-108,52,90,377,4,8,57
5805,-108,62,90,377,4,9,57
5805,-108,59,90,377,5,9,58
5805,-108,46,90,377,4,9,57
5805,-108,62,90,377,4,11,58
5805,-108,55,90,377,3,10,58
5805,-108,56,90,377,5,10,57
5805,-108,46,90,377,5,9,57
5805,-108,51,90,377,5,9,58
5805,-108,55,90,377,6,11,57
5805,-108,49,90,377,5,10,58
5805,-108,43,90,377,3,9,57
5805,-108,48,90,377,4,11,58
5805,-108,54,90,377,5,8,58
5805,-108,71,90,377,4,9,57
5805,-108,50,90,377,4,9,57
5805,-108,58,90,377,5,7,56
5805,-108,41,90,377,4,8,57
5805,-108,35,90,377,5,8,58
5805,-108,52,90,377,5,7,56
5805,-108,44,90,377,5,9,57
5805,-108,53,90,377,4,8,57
5805,-108,26,89,378,6,9,57
5805,-108,51,90,377,5,8,57
5805,-108,48,89,377,5,8,56
5805,-108,50,90,377,5,10,58
5805,-108,56,90,377,4,10,58
5805,-108,40,90,377,4,9,57
5805,-108,42,90,377,3,9,57
5805,-108,52,90,377,5,10,59
5805,-108,45,90,377,4,10,58
5805,-108,48,90,377,4,9,57
5805,-108,42,90,377,4,9,57
5805,-108,52,90,377,4,9,57
5805,-108,63,90,377,5,8,57
5805,-108,33,89,377,5,10,57
5805,-108,61,90,377,4,9,57
5805,-108,59,90,377,5,9,57
5805,-108,59,90,377,4,9,58
5805,-108,60,90,377,6,12,58
5805,-108,60,90,377,6,10,57
5805,-108,55,90,377,6,11,58
5805,-108,55,90,377,4,9,57
5805,-108,54,90,377,5,9,58
5805,-108,49,90,377,3,10,58
5805,-108,45,90,377,4,10,57
5805,-108,48,90,377,3,11,58
5805,-108,59,90,377,4,11,59
5805,-108,53,90,377,6,10,58
5805,-108,56,90,377,4,10,58
5805,-108,51,90,377,5,9,57
5805,-108,62,90,377,4,9,57
5805,-108,26,90,377,4,9,56
5805,-108,38,90,377,4,10,58
5805,-108,76,90,377,4,10,58
5805,-108,44,90,377,3,10,57
5805,-108,38,90,377,4,10,57
5805,-108,41,90,377,4,8,57
5805,-108,57,90,377,5,9,57
5805,-108,38,90,377,3,10,57
5805,-108,45,89,377,6,8,57
5805,-108,64,90,377,4,10,57
5805,-108,51,90,377,5,9,57
5805,-108,41,90,377,4,11,58
5805,-108,60,90,377,4,10,58
5805,-108,69,90,377,5,9,57
5805,-108,63,90,377,4,8,57
5805,-108,30,90,377,4,7,56
5805,-108,45,90,377,6,9,57
5805,-108,81,90,377,5,9,57
5805,-108,71,90,377,6,8,57
5805,-108,52,90,377,5,9,57
5805,-108,39,90,377,3,10,58
5805,-108,58,90,377,4,10,58
5805,-108,72,90,377,4,9,58
5805,-108,58,90,377,4,9,58
5805,-108,45,89,377,5,9,57
5805,-108,54,90,377,3,10,58
5805,-108,47,90,377,5,10,58
5805,-108,55,90,377,4,7,57
5805,-108,41,90,377,5,10,57
5805,-108,49,90,377,5,8,57
5805,-108,44,90,377,4,11,57
5805,-108,51,90,377,4,8,56
5805,-108,38,90,377,3,11,58
5805,-108,49,90,377,4,10,58
5805,-108,54,90,377,4,9,58
5805,-108,53,89,378,5,10,56
5805,-108,51,90,377,6,10,58
5805,-108,58,90,377,5,8,57
5805,-108,40,90,377,4,9,57
5805,-108,39,89,378,6,12,58
5805,-108,46,90,377,4,10,58
5805,-108,41,90,377,5,9,57
5805,-108,45,90,377,7,10,57
5805,-108,49,90,377,4,9,58
5805,-108,41,89,377,6,9,56
5805,-108,60,90,377,3,9,57
5805,-108,66,90,377,3,9,57
5805,-108,52,90,377,5,9,58
5805,-108,46,90,377,5,9,57
5805,-108,42,90,377,4,9,57
5805,-108,53,90,377,6,9,57
5805,-108,63,90,377,4,11,58
5805,-108,35,90,377,4,10,57
5805,-108,51,90,377,5,9,57
5805,-108,53,90,377,4,10,57
5805,-108,54,90,377,5,7,58
5805,-108,51,90,377,5,10,57
5805,-108,47,90,377,5,9,58
5805,-108,49,90,377,5,10,58
5805,-108,65,90,377,3,11,59
5805,-108,54,90,377,3,10,57
5805,-108,43,89,377,5,8,55
5805,-108,44,90,377,4,12,58
5805,-108,54,90,377,5,9,57
5805,-108,59,90,377,4,11,59
5805,-108,41,90,377,5,9,57
5805,-108,38,90,377,4,9,57
5805,-108,47,90,377,5,11,57
5805,-108,35,90,377,3,8,57
5805,-108,42,90,377,4,8,57
5805,-108,44,90,377,4,8,57
5805,-108,58,90,377,5,9,57
5805,-108,53,90,377,5,10,58
5805,-108,61,90,377,4,8,58
5805,-108,34,89,378,5,9,55
5805,-108,49,90,377,5,10,58
5805,-108,43,90,377,4,9,58
5805,-108,53,90,377,5,10,58
5805,-108,51,90,377,4,9,58
5805,-108,80,90,377,3,11,58
5805,-108,51,90,377,4,8,56
5805,-108,64,90,377,4,9,57
5805,-108,59,90,377,4,10,57
5805,-108,41,90,377,5,9,57
5805,-108,26,90,377,5,9,57
5805,-108,51,90,377,6,11,57
5805,-108,55,90,377,4,10,57
5805,-108,50,90,377,3,8,56
5805,-108,58,90,377,3,11,57
5805,-108,60,90,377,6,9,57
5805,-108,32,90,377,4,9,57
5805,-108,70,90,377,6,11,59
5805,-108,33,90,377,5,9,57
5805,-108,41,90,377,5,9,57
5805,-108,49,90,377,5,9,58
5805,-108,49,90,377,3,9,58
5805,-108,51,90,377,4,11,58
5805,-108,45,89,377,6,10,57
5805,-108,56,90,377,4,10,58
5805,-108,39,90,377,4,10,57
5805,-108,44,90,377,4,10,57
5805,-108,33,90,377,4,9,57
5805,-108,54,90,377,4,10,57
5805,-108,48,90,377,4,9,56
5805,-108,41,90,377,3,8,57
5805,-108,69,90,377,5,9,57
5805,-108,40,90,377,4,10,58
5805,-108,50,90,377,3,9,57
5805,-108,30,90,377,5,10,57
5805,-108,45,90,377,5,9,57
5805,-108,47,90,377,4,10,58
5805,-108,57,90,377,4,11,57
5805,-108,35,90,377,3,9,57
5805,-108,58,90,377,4,8,57
5805,-108,56,90,377,5,9,57
5805,-108,47,90,377,5,10,58
5805,-108,50,90,377,5,10,57
5805,-108,55,90,377,5,11,57
5805,-108,48,90,377,5,9,57
5805,-108,44,90,377,3,10,58
5805,-108,56,90,377,4,9,58
5805,-108,56,90,377,5,9,57
5805,-108,62,90,377,5,11,58
5805,-108,48,90,377,5,8,57
5805,-108,40,90,377,4,9,57
5805,-108,44,90,377,5,10,58
5805,-108,51,90,377,3,9,58
5805,-108,50,90,377,3,8,56
5805,-108,56,90,377,4,8,56
5805,-108,45,90,377,4,10,57
5805,-108,43,90,377,5,8,57
5805,-108,49,90,377,6,10,57
5805,-108,48,90,377,4,11,58
5805,-108,55,90,377,3,9,58
5805,-108,43,90,377,4,7,57
5805,-108,63,90,377,5,9,57
5805,-108,48,90,377,4,10,57
5805,-108,54,90,377,4,9,57
5805,-108,46,90,377,3,10,58
5805,-108,52,90,377,4,8,56
5805,-108,47,90,377,3,11,58
5805,-108,58,90,377,4,9,57
5805,-108,43,90,377,3,9,58
5805,-108,39,90,377,5,10,57
5805,-108,50,90,377,3,9,58
5805,-108,49,90,377,4,9,57
5805,-108,47,90,377,3,9,57
5805,-108,57,90,377,5,8,58
5805,-108,50,90,377,5,10,57
5805,-108,49,90,377,6,9,57
5805,-108,35,90,377,4,11,58
5805,-108,46,90,377,3,9,57
5805,-108,49,90,377,5,9,58
5805,-108,45,90,377,4,10,57
5805,-108,42,90,377,4,10,57
5805,-108,37,90,377,4,10,58
5805,-108,58,90,377,5,8,57
5805,-108,66,90,377,4,8,58
5805,-108,58,90,377,4,10,57
5805,-108,54,90,377,4,9,57
5805,-108,52,90,377,6,9,57
5805,-108,50,90,377,5,9,58
5805,-108,55,90,377,4,9,57
5805,-108,57,90,377,4,11,58
5805,-108,52,90,377,4,8,57
5805,-108,42,90,377,4,9,57
5805,-108,53,90,377,4,9,57
5805,-108,51,90,377,5,11,58
5805,-108,71,90,377,5,9,57
5805,-108,36,90,377,5,9,57
5805,-108,57,90,377,6,12,58
5805,-108,40,90,377,4,9,59
5805,-108,36,90,377,5,9,57
5805,-108,34,90,377,4,8,57
5805,-108,41,90,377,4,8,58
5805,-108,65,90,377,4,11,58
5805,-108,42,90,377,4,9,57
5805,-108,55,90,377,3,9,57
5805,-108,66,90,377,4,11,57
5805,-108,67,90,377,3,10,58
5805,-108,60,90,377,4,9,58
5805,-108,51,90,377,5,9,57
5805,-108,60,90,377,4,10,58
5805,-108,57,90,377,4,10,58
5805,-108,50,90,377,3,10,56
5805,-108,46,90,377,5,10,58
5805,-108,56,90,377,4,12,59
5805,-108,58,90,377,5,9,57
5805,-108,70,90,377,4,9,57
5805,-108,36,90,377,5,9,57
5805,-108,51,90,377,4,9,58
5805,-108,57,90,377,4,8,57
5805,-108,51,90,377,3,9,58
5805,-108,48,90,377,4,9,57
5805,-108,47,90,377,4,11,57
5805,-108,43,89,378,5,8,57
5805,-108,53,90,377,4,8,57
5805,-108,54,90,377,5,8,57
5805,-108,47,90,377,5,8,58
5805,-108,57,90,377,5,9,57
5805,-108,57,90,377,4,8,57
5805,-108,61,90,377,4,10,58
5805,-108,47,90,377,5,9,57
5805,-108,41,89,377,6,12,57
5805,-108,51,90,377,5,7,57
5805,-108,30,90,377,3,8,56
5805,-108,41,90,377,5,10,57
5805,-108,58,90,377,3,10,58
5805,-108,51,90,377,5,11,58
5805,-108,33,90,377,4,9,57
5805,-108,54,90,377,4,8,57
5805,-108,45,90,377,3,9,58
5805,-108,60,90,377,5,9,57
5805,-108,58,90,377,4,8,56
5805,-108,46,90,377,6,10,58
5805,-108,61,90,377,5,9,57
5805,-108,50,90,377,5,10,58
5805,-108,45,90,377,6,9,56
5805,-108,43,90,377,4,8,57
5805,-108,43,90,377,5,9,57
5805,-108,59,90,377,6,11,58
5805,-108,45,90,377,5,9,57
5805,-108,63,90,377,4,10,58
5805,-108,50,90,377,5,9,58
5805,-108,52,90,377,4,11,58
5805,-108,33,90,377,5,9,57
5805,-108,48,90,377,6,8,56
5805,-108,47,90,377,6,10,57
5805,-108,39,90,377,4,9,58
5805,-108,51,90,377,4,9,57
5805,-108,57,90,377,5,8,57
5805,-108,39,90,377,4,9,58
5805,-108,53,90,377,4,9,57
5805,-108,33,89,377,5,8,56
5805,-108,48,90,377,4,9,57
5805,-108,43,90,377,4,10,59
5805,-108,56,90,377,5,10,58
5805,-108,49,90,377,3,10,57
5805,-108,40,90,377,4,9,57
5805,-108,41,90,377,6,8,57
5805,-108,76,90,377,4,8,58
5805,-108,61,90,377,5,9,58
5805,-108,41,90,377,4,10,57
5805,-108,34,89,377,5,8,55
5805,-108,55,90,377,4,10,58
5805,-108,43,90,377,5,10,58
5805,-108,31,90,377,4,9,57
5805,-108,56,90,377,4,10,57
5805,-108,52,90,377,4,10,58
5805,-108,55,90,377,5,11,57
5805,-108,46,90,377,3,9,57
5805,-108,40,90,377,4,10,58
5805,-108,63,90,377,4,9,57
5805,-108,57,90,377,5,9,58
5805,-108,55,90,377,4,9,57
5805,-108,38,90,377,6,10,57
5805,-108,50,90,377,5,10,58
5805,-108,56,90,377,4,9,58
5805,-108,43,90,377,6,9,57
5805,-108,41,90,377,4,9,57
5805,-108,53,90,377,4,10,57
5805,-108,57,90,377,5,10,57
5805,-108,53,90,377,5,9,57
5805,-108,51,90,377,5,11,57
5805,-108,64,90,377,4,10,58
5805,-108,32,90,377,6,10,57
5805,-108,48,89,377,6,10,57
5805,-108,40,90,377,6,10,57
5805,-108,31,90,377,4,10,57
5805,-108,36,90,377,4,10,58
5805,-108,55,90,377,5,10,58
5805,-108,42,90,377,5,9,57
5805,-108,46,90,377,3,8,57
5805,-108,47,90,377,5,10,58
5805,-108,39,90,377,4,10,58
5805,-108,46,90,377,5,10,57
5805,-108,41,89,378,5,10,57
5805,-108,45,90,377,6,9,58
5805,-108,60,90,377,4,9,57
5805,-108,26,88,378,6,9,56
5805,-108,38,90,377,4,9,57
5805,-108,63,90,377,4,9,58
5805,-108,41,90,377,6,10,58
5805,-108,51,89,377,5,10,56
5805,-108,44,90,377,3,8,57
5805,-108,62,90,377,4,8,56
5805,-108,31,90,377,5,10,58
5805,-108,49,90,377,5,9,58
5805,-108,55,90,377,4,9,57
5805,-108,55,90,377,5,10,57
5805,-108,51,90,377,6,10,58
5805,-108,39,90,377,4,9,57
5805,-108,37,88,379,6,9,55
5805,-108,46,90,377,4,8,57
5805,-108,43,90,377,3,9,58
5805,-108,57,90,377,4,9,57
5805,-108,48,90,377,4,10,57
5805,-108,59,90,377,5,10,58
5805,-108,58,90,377,6,9,57
5805,-108,47,90,377,4,10,58
5805,-108,56,90,377,5,11,58
5805,-108,52,90,377,4,8,57
5805,-108,35,90,377,5,11,58
5805,-108,49,90,377,4,9,57
5805,-108,54,90,377,5,9,57
5805,-108,31,90,377,4,10,57
5805,-108,28,90,377,5,10,57
5805,-108,50,90,377,4,7,57
5805,-108,45,90,377,4,7,58
5805,-108,53,90,377,5,10,58
5805,-108,52,90,377,4,9,57
5805,-108,60,90,377,4,9,58
5805,-108,56,89,377,4,10,57
5805,-108,47,90,377,4,11,58
5805,-108,62,90,377,5,10,58
5805,-108,46,90,377,5,9,57
5805,-108,38,90,377,5,9,57
5805,-108,47,90,377,3,10,57
5805,-108,36,90,377,4,10,57
5805,-108,54,90,377,3,8,57
5805,-108,54,90,377,5,10,57
5805,-108,60,90,377,5,7,57
5805,-108,66,90,377,4,9,56
5805,-108,49,90,377,6,10,57
5805,-108,36,89,377,5,9,56
5805,-108,56,90,377,3,10,58
5805,-108,48,90,377,5,9,57
5805,-108,45,89,377,4,9,57
5805,-108,61,90,377,5,8,57
5805,-108,50,90,377,5,10,57
5805,-108,48,90,377,5,9,57
5805,-108,37,90,377,5,10,58
5805,-108,40,90,377,4,10,57
5805,-108,42,90,377,4,9,58
5805,-108,43,90,377,5,7,57
5805,-108,39,90,377,4,9,57
5805,-108,53,90,377,5,9,58
5805,-108,48,90,377,4,10,57
5805,-108,58,90,377,4,9,57
5805,-108,48,90,377,4,9,57
5805,-108,41,90,377,6,10,58
5805,-108,46,90,377,4,9,57
5805,-108,39,90,377,4,9,58
5805,-108,50,90,377,5,10,58
5805,-108,39,90,377,5,7,57
5805,-108,46,90,377,5,8,57
5805,-108,38,90,377,6,10,57
5805,-108,44,90,377,4,8,57
5805,-108,61,90,377,4,11,57
5805,-108,54,90,377,4,9,57
5805,-108,52,90,377,5,9,57
5805,-108,42,90,377,5,8,57
5805,-108,50,90,377,4,9,57
5805,-108,66,90,377,4,10,58
5805,-108,39,90,377,5,10,57
5805,-108,54,90,377,5,11,57
5805,-108,54,89,378,5,8,56
5805,-108,55,90,377,4,8,57
5805,-108,58,90,377,4,10,58
5805,-108,59,90,377,4,9,57
5805,-108,46,90,377,5,10,58
5805,-108,38,90,377,4,9,57
5805,-108,48,90,377,4,8,56
5805,-108,40,89,377,4,10,56
5805,-108,45,90,377,5,10,58
5805,-108,38,90,377,5,9,57
5805,-108,64,90,377,5,10,58
5805,-108,29,90,377,5,10,57
5805,-108,42,90,377,5,10,58
5805,-108,38,90,377,4,8,58
5805,-108,46,90,377,4,9,58
5805,-108,65,90,377,5,8,56
5805,-108,58,90,377,4,10,58
5805,-108,64,90,377,5,9,58
5805,-108,49,90,377,5,10,57
5805,-108,47,90,377,4,10,59
5805,-108,47,90,377,4,9,57
5805,-108,46,90,377,5,9,58
5805,-108,53,90,377,3,9,57
5805,-108,57,90,377,5,9,57
5805,-108,50,90,377,5,10,58
5805,-108,49,90,377,4,9,57
5805,-108,55,90,377,5,9,58
5805,-108,45,90,377,4,9,58
5805,-108,64,90,377,5,11,57
5805,-108,64,90,377,3,11,58
5805,-108,36,90,377,4,8,58
5805,-108,43,90,377,4,11,58
5805,-108,43,90,377,4,9,57
5805,-108,60,90,377,6,9,56
5805,-108,43,90,377,4,10,57
5805,-108,49,90,377,5,9,57
5805,-108,52,90,377,5,11,58
5805,-108,47,90,377,5,11,58
5805,-108,45,90,377,4,10,57
5805,-108,58,90,377,4,9,56
5805,-108,59,90,377,5,9,56
5805,-108,42,90,377,6,10,58
5805,-108,54,90,377,4,11,58
5805,-108,47,90,377,3,11,57
5805,-108,57,90,377,5,9,57
5805,-108,33,90,377,5,10,57
5805,-108,69,90,377,4,9,57
5805,-108,61,90,377,4,9,57
5805,-108,58,90,377,5,9,58
5805,-108,43,90,377,5,10,58
5805,-108,48,90,377,4,11,57
5805,-108,61,90,377,4,11,57
5805,-108,59,90,377,5,10,57
5805,-108,48,90,377,4,10,57
5805,-108,35,90,377,6,8,56
5805,-108,60,90,377,4,11,57
5805,-108,57,90,377,5,10,57
5805,-108,46,90,377,5,8,57
5805,-108,45,90,377,5,10,57
5805,-108,49,90,377,4,11,58
5805,-108,59,89,377,6,11,56
5805,-108,43,90,377,6,9,57
5805,-108,40,90,377,5,9,57
5805,-108,34,90,377,4,9,57
5805,-108,61,90,377,5,11,58
5805,-108,47,90,377,3,9,57
5805,-108,48,90,377,4,7,56
5805,-108,54,90,377,6,11,58
5805,-108,49,90,377,5,9,57
5805,-108,31,90,377,5,9,57
5805,-108,61,90,377,4,9,57
5805,-108,44,90,377,5,7,55
5805,-108,50,90,377,3,11,57
5805,-108,48,90,377,5,10,58
5805,-108,37,90,377,4,8,57
5805,-108,45,90,377,4,10,58
5805,-108,36,90,377,5,12,58
5805,-108,49,90,377,5,7,56
5805,-108,37,90,377,3,9,56
5805,-108,50,90,377,4,9,57
5805,-108,58,90,377,4,10,57
5805,-108,56,90,377,5,8,58
5805,-108,36,90,377,4,9,57
5805,-108,58,90,377,5,9,57
5805,-108,38,90,377,5,11,58
5805,-108,48,90,377,4,9,58
5805,-108,52,90,377,4,9,57
5805,-108,43,90,377,5,10,57
5805,-108,51,90,377,4,9,57
5805,-108,51,90,377,5,10,57
5805,-108,45,90,377,3,10,57
5805,-108,54,90,377,4,9,57
5805,-108,43,90,377,6,10,56
5805,-108,37,90,377,4,9,57
5805,-108,48,90,377,5,7,57
5805,-108,44,90,377,4,9,57
5805,-108,43,90,377,4,11,57
5805,-108,40,90,377,5,8,57
5805,-108,44,90,377,4,9,57
5805,-108,62,90,377,5,9,57
5805,-108,54,90,377,6,10,58
5805,-108,56,90,377,3,10,58
5805,-108,48,90,377,5,11,58
5805,-108,63,90,377,3,9,58
5805,-108,39,90,377,5,10,58
5805,-108,60,90,377,4,10,58
5805,-108,35,90,377,4,9,57
5805,-108,45,90,377,5,8,57
5805,-108,59,90,377,4,10,58
5805,-108,47,90,377,5,9,57
5805,-108,34,90,377,5,9,57
5805,-108,49,89,377,5,11,57
5805,-108,31,90,377,5,10,57
5805,-108,28,90,377,3,10,56
5805,-108,51,90,377,4,9,57
5805,-108,43,90,377,3,10,58
5805,-108,51,90,377,5,8,57
5805,-108,42,90,377,5,9,57
5805,-108,33,90,377,5,8,56
5805,-108,42,89,378,4,8,56
5805,-108,62,90,377,5,9,57
5805,-108,43,90,377,5,9,58
5805,-108,36,90,377,4,10,57
5805,-108,51,90,377,5,9,58
5805,-108,52,90,377,5,8,57
5805,-108,46,89,377,5,9,56
5805,-108,37,90,377,4,9,57
5805,-108,42,90,377,4,9,57
5805,-108,39,90,377,3,9,57
5805,-108,50,90,377,4,9,57
5805,-108,49,90,377,4,11,59
5805,-108,55,90,377,4,9,58
5805,-108,39,90,377,4,9,57
5805,-108,35,90,377,3,10,57
5805,-108,55,90,377,5,10,58
5805,-108,48,90,377,5,10,59
5805,-108,62,90,377,5,8,57
5805,-108,49,89,378,6,10,57
5805,-108,53,90,377,7,8,57
5805,-108,38,90,377,4,9,57
5805,-108,51,90,377,6,9,57
5805,-108,49,90,377,4,10,57
5805,-108,58,89,377,5,11,57
5805,-108,55,90,377,5,10,58
5805,-108,43,90,377,5,8,57
5805,-108,72,90,377,4,7,58
5805,-108,35,90,377,5,8,57
5805,-108,48,90,377,6,8,57
5805,-108,63,90,377,5,9,58
5805,-108,56,90,377,4,10,58
5805,-108,52,90,377,4,10,58
5805,-108,41,90,377,5,9,56
5805,-108,41,90,377,4,8,56
5805,-108,55,90,377,4,10,58
5805,-108,45,90,377,4,10,57
5805,-108,44,90,377,5,9,57
5805,-108,48,90,377,4,10,58
5805,-108,51,90,377,4,8,58
5805,-108,46,90,377,4,8,57
5805,-108,39,90,377,4,9,58
5805,-108,44,90,377,4,9,56
5805,-108,36,90,377,4,9,58
5805,-108,46,90,377,5,9,58
5805,-108,51,90,377,5,10,59
5805,-108,59,90,377,5,10,58
5805,-108,49,90,377,5,9,57
5805,-108,64,90,377,4,9,57
5805,-108,74,90,377,5,9,57
5805,-108,38,90,377,5,9,58
5805,-108,41,90,377,4,9,57
5805,-108,39,90,377,4,9,57
5805,-108,55,89,377,6,10,56
5805,-108,39,90,377,5,9,58
5805,-108,74,90,377,5,10,57
5805,-108,55,90,377,6,11,57
5805,-108,69,90,377,5,11,58
5805,-108,32,90,377,5,8,57
5805,-108,36,90,377,4,9,56
5805,-108,42,90,377,4,9,57
5805,-108,39,90,377,5,9,57
5805,-108,58,90,377,4,9,58
5805,-108,53,90,377,3,9,57
5805,-108,52,90,377,5,9,57
5805,-108,45,90,377,4,9,57
5805,-108,63,90,377,4,10,58
5805,-108,48,90,377,4,9,57
5805,-108,51,90,377,5,7,56
5805,-108,57,90,377,4,10,58
5805,-108,39,90,377,5,9,57
5805,-108,34,90,377,4,8,57
5805,-108,47,89,377,6,8,56
5805,-108,45,90,377,5,10,57
5805,-108,46,90,377,5,8,56
5805,-108,50,90,377,4,9,57
5805,-108,37,89,378,6,7,55
5805,-108,25,89,378,6,10,55
5805,-108,51,90,377,5,9,57
5805,-108,56,90,377,5,10,58
5805,-108,43,90,377,4,10,58
5805,-108,38,90,377,5,8,57
5805,-108,49,90,377,4,10,57
5805,-108,34,90,377,4,10,57
5805,-108,53,90,377,4,9,57
5805,-108,32,90,377,6,8,57
5805,-108,49,90,377,3,9,58
5805,-108,60,90,377,4,9,58
5805,-108,41,90,377,3,8,57
5805,-108,60,90,377,5,9,57
5805,-108,35,90,377,3,10,57
5805,-108,61,90,377,5,10,58
5805,-108,42,90,377,5,8,56
5805,-108,53,90,377,4,9,58
5805,-108,40,90,377,4,9,57
5805,-108,43,90,377,5,9,57
5805,-108,49,90,377,5,10,58
5805,-108,40,90,377,4,10,57
5805,-108,59,90,377,5,10,57
5805,-108,36,90,377,5,10,57
5805,-108,52,90,377,5,10,58
5805,-108,36,90,377,3,11,58
5805,-108,53,90,377,5,7,57
5805,-108,52,90,377,5,10,58
5805,-108,52,90,377,4,9,58
5805,-108,56,90,377,5,10,59
5805,-108,43,90,377,4,10,58
5805,-108,54,90,377,3,10,58
5805,-108,39,90,377,6,9,57
5805,-108,46,90,377,4,10,58
5805,-108,59,90,377,5,9,57
5805,-108,49,90,377,5,11,58
5805,-108,57,90,377,5,9,57
5805,-108,62,90,377,5,8,56
5805,-108,39,90,377,5,10,58
5805,-108,34,90,377,5,10,58
5805,-108,36,90,377,4,11,58
5805,-108,43,90,377,4,11,58
5805,-108,49,90,377,3,10,57
5805,-108,43,90,377,5,9,57
5805,-108,42,90,377,4,8,56
5805,-108,48,90,377,5,9,57
5805,-108,48,90,377,4,10,58
5805,-108,49,90,377,4,10,58
5805,-108,46,90,377,4,8,57
5805,-108,37,89,377,5,11,57
5805,-108,56,90,377,4,7,57
5805,-108,35,90,377,3,8,56
5805,-108,52,90,377,5,10,57
5805,-108,57,90,377,4,10,57
5805,-108,44,90,377,6,7,57
5805,-108,48,89,377,5,10,57
5805,-108,67,90,377,4,10,58
5805,-108,53,90,377,4,11,57
5805,-108,42,89,377,5,8,56
5805,-108,46,90,377,5,9,57
5805,-108,47,90,377,6,8,57
5805,-108,40,90,377,4,9,57
5805,-108,43,90,377,3,10,57
5805,-108,51,90,377,5,10,57
5805,-108,43,90,377,5,9,58
5805,-108,53,90,377,4,10,57
5805,-108,45,90,377,4,10,57
5805,-108,34,88,378,5,9,56
5805,-108,58,90,377,4,8,57
5805,-108,40,90,377,5,10,57
5805,-108,54,90,377,5,9,57
5805,-108,54,90,377,3,7,57
5805,-108,33,90,377,5,9,56
5805,-108,35,90,377,5,10,57
5805,-108,44,90,377,4,9,57
5805,-108,47,90,377,5,8,57
5805,-108,41,90,377,3,9,57
5805,-108,46,90,377,4,8,57
5805,-108,66,90,377,4,10,57
5805,-108,57,90,377,5,9,57
5805,-108,28,90,377,5,10,57
5805,-108,50,90,377,5,11,57
5805,-108,46,89,377,6,9,56
5805,-108,55,90,377,6,10,58
5805,-108,27,89,377,5,8,56
5805,-108,53,90,377,5,9,58
5805,-108,40,90,377,5,11,57
5805,-108,35,90,377,6,11,58
5805,-108,38,90,377,4,9,57
5805,-108,43,90,377,4,10,57
5805,-108,53,90,377,5,10,57
5805,-108,52,90,377,3,8,57
5805,-108,46,90,377,4,9,58
5805,-108,64,90,377,5,11,57
5805,-108,30,90,377,5,9,58
5805,-108,38,90,377,4,9,57
5805,-108,55,90,377,4,11,57
5805,-108,63,90,377,4,9,58
5805,-108,46,90,377,5,9,57
5805,-108,33,90,377,5,7,57
5805,-108,41,90,377,5,9,57
5805,-108,53,90,377,4,10,57
5805,-108,60,90,377,3,9,57
5805,-108,41,90,377,3,10,58
5805,-108,49,90,377,6,10,58
5805,-108,50,90,377,4,9,57
5805,-108,60,90,377,5,9,57
5805,-108,57,90,377,4,10,58
5805,-108,43,88,378,6,10,55
5805,-108,52,90,377,5,10,57
5805,-108,33,89,377,5,9,56
5805,-108,50,90,377,5,10,58
5805,-108,38,90,377,4,9,57
5805,-108,36,90,377,4,9,57
5805,-108,42,90,377,4,10,58
5805,-108,71,90,377,5,10,58
5805,-108,44,90,377,5,10,57
5805,-108,68,90,377,5,10,57
5805,-108,37,90,377,5,10,57
5805,-108,37,90,377,5,10,58
5805,-108,67,90,377,5,10,58
5805,-108,35,90,377,5,8,58
5805,-108,45,90,377,5,10,57
5805,-108,50,90,377,5,9,57
5805,-108,49,90,377,5,9,58
5805,-108,44,90,377,6,8,57
5805,-108,61,90,377,5,10,57
5805,-108,57,90,377,4,6,56
5805,-108,48,90,377,5,8,56
5805,-108,55,90,377,4,7,56
5805,-108,50,90,377,5,10,58
5805,-108,41,90,377,4,9,57
5805,-108,56,90,377,4,9,57
5805,-108,47,90,377,4,8,56
5805,-108,41,90,377,3,9,57
5805,-108,50,90,377,4,9,57
5805,-108,40,90,377,6,9,57
5805,-108,54,90,377,4,8,58
5805,-108,52,90,377,4,9,57
5805,-108,36,90,377,6,10,58
5805,-108,68,90,377,6,10,58
5805,-108,35,90,377,5,10,57
5805,-108,45,90,377,4,10,58
5805,-108,34,90,377,6,9,57
5805,-108,34,90,377,4,9,57
5805,-108,52,90,377,6,11,58
5805,-108,60,90,377,5,9,57
5805,-108,62,90,377,5,10,58
5805,-108,29,90,377,3,9,57
5805,-108,49,90,377,5,11,58
5805,-108,60,90,377,5,9,57
5805,-108,66,90,377,4,10,58
5805,-108,60,90,377,5,8,57
5805,-108,62,90,377,5,9,57
5805,-108,59,90,377,5,10,58
5805,-108,41,90,377,6,10,57
5805,-108,42,90,377,5,10,57
5805,-108,45,90,377,5,10,57
5805,-108,46,90,377,4,10,58
5805,-108,64,90,377,5,10,58
5805,-108,44,90,377,6,10,58
5805,-108,46,90,377,3,9,57
5805,-108,42,90,377,3,10,58
5805,-108,52,90,377,5,9,57
5805,-108,48,90,377,3,10,57
5805,-108,49,90,377,5,9,57
5805,-108,39,90,377,5,9,57
5805,-108,50,90,377,6,10,57
5805,-108,45,89,377,4,10,57
5805,-108,57,90,377,5,8,57
5805,-108,63,90,377,4,10,58
5805,-108,44,90,377,5,10,58
5805,-108,49,90,377,5,11,57
5805,-108,41,90,377,3,10,58
5805,-108,42,90,377,4,9,56
5805,-108,59,90,377,4,11,58
5805,-108,73,90,377,5,8,57
5805,-108,54,90,377,4,9,57
5805,-108,38,90,377,5,9,57
5805,-108,44,90,377,5,8,58
5805,-108,58,90,377,5,9,58
5805,-108,50,89,377,5,10,56
5805,-108,52,90,377,5,10,57
5805,-108,65,90,377,5,11,57
5805,-108,47,90,377,4,10,57
5805,-108,55,90,377,5,11,58
5805,-108,50,90,377,5,10,57
5805,-108,64,90,377,3,9,57
5805,-108,50,90,377,4,11,58
5805,-108,33,90,377,5,11,58
5805,-108,38,90,377,4,11,58
5805,-108,48,90,377,4,10,57
5805,-108,58,90,377,4,9,57
5805,-108,42,90,377,4,9,57
5805,-108,37,90,377,5,10,58
5805,-108,55,90,377,5,11,58
5805,-108,48,90,377,5,9,58
5805,-108,54,90,377,5,9,57
5805,-108,51,90,377,4,9,57
5805,-108,40,90,377,4,8,57
5805,-108,45,90,377,3,10,57
5805,-108,42,90,377,5,11,58
5805,-108,46,90,377,4,10,58
5805,-108,48,90,377,4,9,57
5805,-108,58,90,377,3,9,57
5805,-108,48,90,377,5,11,57
5805,-108,39,90,377,5,10,57
5805,-108,67,90,377,5,10,59
5805,-108,63,90,377,4,10,58
5805,-108,49,90,377,6,10,58
5805,-108,53,90,377,4,11,58
5805,-108,33,90,377,4,11,58
5805,-108,47,90,377,4,10,58
5805,-108,52,90,377,4,8,57
5805,-108,55,90,377,5,10,57
5805,-108,45,90,377,5,11,58
5805,-108,47,90,377,4,11,59
5805,-108,54,90,377,5,9,57
5805,-108,63,90,377,5,9,57
5805,-108,38,90,377,4,10,58
5805,-108,45,90,377,3,8,57
5805,-108,42,90,377,4,10,57
5805,-108,38,90,377,5,10,58
5805,-108,51,90,377,5,9,57
5805,-108,58,90,377,4,10,58
5805,-108,63,90,377,5,9,57
5805,-108,57,90,377,3,9,58
5805,-108,50,90,377,4,9,58
5805,-108,52,90,377,4,8,57
5805,-108,41,90,377,5,9,57
5805,-108,45,90,377,4,10,58
5805,-108,39,90,377,4,12,59
5805,-108,61,90,377,5,10,58
5805,-108,36,90,377,5,11,58
5805,-108,28,90,377,5,8,56
5805,-108,60,90,377,4,10,57
5805,-108,40,90,377,4,9,57
5805,-108,46,89,377,6,9,56
5805,-108,49,90,377,4,11,57
5805,-108,39,90,377,4,10,57
5805,-108,55,90,377,5,10,57
5805,-108,38,90,377,5,11,58
5805,-108,60,90,377,4,8,57
5805,-108,53,90,377,4,9,57
5805,-108,32,90,377,4,10,58
5805,-108,49,89,377,6,11,57
5805,-108,66,90,377,4,9,58
5805,-108,43,90,377,4,9,57
5805,-108,67,90,377,4,10,58
5805,-108,47,90,377,4,9,57
5805,-108,30,90,377,5,9,57
5805,-108,48,90,377,4,9,57
5805,-108,55,90,377,5,8,57
5805,-108,58,90,377,5,8,56
5805,-108,46,90,377,5,7,56
5805,-108,50,90,377,4,9,57
5805,-108,43,90,377,4,11,57
5805,-108,61,90,377,5,8,57
5805,-108,50,90,377,4,8,57
5805,-108,63,90,377,3,10,58
5805,-108,59,90,377,5,10,58
5805,-108,65,90,377,3,10,58
5805,-108,55,90,377,5,9,57
5805,-108,57,90,377,3,9,58
5805,-108,43,90,377,4,9,57
5805,-108,46,90,377,5,10,58
5805,-108,38,90,377,5,9,57
5805,-108,39,89,377,4,11,57
5805,-108,40,90,377,4,10,57
5805,-108,49,90,377,5,10,57
5805,-108,55,89,377,5,9,56
5805,-108,36,90,377,3,9,57
5805,-108,48,89,377,6,9,57
5805,-108,56,90,377,5,9,57
5805,-108,54,90,377,5,8,57
5805,-108,40,90,377,4,9,57
5805,-108,46,90,377,5,7,57
5805,-108,58,90,377,4,11,58
5805,-108,66,90,377,4,8,57
5805,-108,44,90,377,3,11,58
5805,-108,64,90,377,4,10,57
5805,-108,37,90,377,5,9,57
5805,-108,38,90,377,5,12,58
5805,-108,38,90,377,4,9,57
5805,-108,64,90,377,5,10,58
5805,-108,58,90,377,4,9,57
5805,-108,49,90,377,5,9,57
5805,-108,55,90,377,5,10,58
5805,-108,48,90,377,4,8,57
5805,-108,54,90,377,5,10,58
5805,-108,54,90,377,5,9,57
5805,-108,55,90,377,4,10,58
5805,-108,52,90,377,4,8,57
5805,-108,68,90,377,4,10,58
5805,-108,42,90,377,5,11,58
5805,-108,40,90,377,5,9,57
5805,-108,55,90,377,6,10,57
5805,-108,55,90,377,4,9,58
5805,-108,39,90,377,6,10,58
5805,-108,46,90,377,4,10,58
5805,-108,31,90,377,4,9,57
5805,-108,43,89,377,4,11,57
5805,-108,74,90,377,4,9,57
5805,-108,55,90,377,5,9,57
5805,-108,46,90,377,4,10,58
5805,-108,55,90,377,4,11,59
5805,-108,30,90,377,4,10,57
5805,-108,47,90,377,4,9,58
5805,-108,36,90,377,5,10,57
5805,-108,32,89,377,5,11,57
5805,-108,55,90,377,3,10,57
5805,-108,48,90,377,5,9,57
5805,-108,48,90,377,4,9,57
5805,-108,40,90,377,4,9,57
5805,-108,29,90,377,2,10,58
5805,-108,48,90,377,4,10,58
5805,-108,56,90,377,5,9,58
5805,-108,40,90,377,4,10,57
5805,-108,54,90,377,4,8,57
5805,-108,50,90,377,4,7,58
5805,-108,48,90,377,4,10,58
5805,-108,61,90,377,5,9,57
5805,-108,51,90,377,5,8,57
5805,-108,58,90,377,5,11,58
5805,-108,54,90,377,5,11,58
5805,-108,49,90,377,4,9,57
5805,-108,52,90,377,4,11,57
5805,-108,51,90,377,4,9,57
5805,-108,47,90,377,6,10,57
5805,-108,50,90,377,5,9,57
5805,-108,64,89,377,6,12,57
5805,-108,54,90,377,4,11,58
5805,-108,61,90,377,4,9,58
5805,-108,56,90,377,4,9,57
5805,-108,70,90,377,4,10,58
5805,-108,58,90,377,4,9,58
5805,-108,49,90,377,5,9,57
5805,-108,70,90,377,5,10,57
5805,-108,67,90,377,4,10,58
5805,-108,70,90,377,5,8,57
5805,-108,47,90,377,5,9,58
5805,-108,48,90,377,6,10,57
5805,-108,52,90,377,5,8,57
5805,-108,68,90,377,5,11,58
5805,-108,48,90,377,4,10,56
5805,-108,35,90,377,4,10,57
5805,-108,53,90,377,5,8,56
5805,-108,52,90,377,3,9,56
5805,-108,70,90,377,5,9,57
5805,-108,50,90,377,5,10,58
5805,-108,56,90,377,3,10,58
5805,-108,46,90,377,5,10,58
5805,-108,50,90,377,3,10,58
5805,-108,60,90,377,6,9,58
5805,-108,53,90,377,4,9,57
5805,-108,47,90,377,5,7,57
5805,-108,47,90,377,5,9,57
5805,-108,50,90,377,4,10,57
5805,-108,60,90,377,5,10,58
5805,-108,41,90,377,4,10,57
5805,-108,52,90,377,3,9,57
5805,-108,40,90,377,6,8,57
5805,-108,60,90,377,4,10,59
5805,-108,54,90,377,5,9,57
5805,-108,57,90,377,4,9,57
5805,-108,43,90,377,5,9,57
5805,-108,55,90,377,3,8,57
5805,-108,34,90,377,4,10,57
5805,-108,40,90,377,5,10,57
5805,-108,57,90,377,4,8,57
5805,-108,29,90,377,4,11,57
5805,-108,51,90,377,4,10,57
5805,-108,53,90,377,4,9,57
5805,-108,57,90,377,5,9,57
5805,-108,44,90,377,4,8,57
5805,-108,53,90,377,3,10,58
5805,-108,51,90,377,5,11,58
5805,-108,36,89,377,6,10,56
5805,-108,37,90,377,5,10,57
5805,-108,62,90,377,5,9,58
5805,-108,57,90,377,5,9,57
5805,-108,50,90,377,5,8,57
5805,-108,49,90,377,3,9,57
5805,-108,55,89,377,5,11,57
5805,-108,63,90,377,4,10,57
5805,-108,76,90,377,4,11,58
5805,-108,61,90,377,5,7,56
5805,-108,49,90,377,4,10,57
5805,-108,30,90,377,4,8,56
5805,-108,49,90,377,4,10,57
5805,-108,59,90,377,4,8,57
5805,-108,50,90,377,3,10,58
5805,-108,60,89,377,5,8,55
5805,-108,73,90,377,5,7,57
5805,-108,59,90,377,4,9,57
5805,-108,60,90,377,4,9,58
5805,-108,50,90,377,5,9,57
5805,-108,58,90,377,5,11,57
5805,-108,68,90,377,5,12,58
5805,-108,51,90,377,4,10,59
5805,-108,46,90,377,3,10,58
5805,-108,59,90,377,3,9,57
5805,-108,38,90,377,5,7,56
5805,-108,38,89,377,5,11,56
5805,-108,47,90,377,6,9,57
5805,-108,42,90,377,5,9,57
5805,-108,48,90,377,3,10,58
5805,-108,51,90,377,3,10,58
5805,-108,59,90,377,5,10,58
5805,-108,49,90,377,4,9,57
5805,-108,34,90,377,5,10,58
5805,-108,47,90,377,4,8,57
5805,-108,56,90,377,5,11,58
5805,-108,49,90,377,5,10,58
5805,-108,42,90,377,4,9,57
5805,-108,46,90,377,4,10,56
5805,-108,40,90,377,3,9,57
5805,-108,40,90,377,5,9,58
5805,-108,34,90,377,4,9,57
5805,-108,32,88,378,6,9,55
5805,-108,64,90,377,4,7,56
5805,-108,59,90,377,5,9,57
5805,-108,56,90,377,4,11,58
5805,-108,47,90,377,4,8,57
5805,-108,77,90,377,5,8,58
5805,-108,49,89,377,6,8,56
5805,-108,61,89,377,5,9,56
5805,-108,66,90,377,5,10,57
5805,-108,53,90,377,4,9,57
5805,-108,43,90,377,5,9,57
5805,-108,44,90,377,6,10,58
5805,-108,48,90,377,4,9,57
5805,-108,57,90,377,5,9,57
5805,-108,39,90,377,4,10,57
5805,-108,47,90,377,4,10,58
5805,-108,58,90,377,4,8,57
5805,-108,45,90,377,4,9,57
5805,-108,47,90,377,5,10,57
5805,-108,43,90,377,4,8,57
5805,-108,57,90,377,4,9,57
5805,-108,63,90,377,5,8,58
5805,-108,57,90,377,4,8,57
5805,-108,45,90,377,4,8,57
5805,-108,32,90,377,3,8,56
5805,-108,50,90,377,5,8,57
5805,-108,49,90,377,4,10,57
5805,-108,60,90,377,5,9,57
5805,-108,36,90,377,4,8,57
5805,-108,58,90,377,5,9,58
5805,-108,63,90,377,5,10,58
5805,-108,58,90,377,5,8,57
5805,-108,37,90,377,4,9,57
5805,-108,43,90,377,6,10,58
5805,-108,66,90,377,2,9,57
5805,-108,52,89,378,6,8,56
5805,-108,59,90,377,5,8,56
5805,-108,45,90,377,4,8,57
5805,-108,41,90,377,5,9,57
5805,-108,36,90,377,3,11,58
5805,-108,51,90,377,4,9,57
5805,-108,37,90,377,4,10,57
5805,-108,39,90,377,5,10,58
5805,-108,36,90,377,4,11,58
5805,-108,58,90,377,4,9,58
5805,-108,43,90,377,4,8,57
5805,-108,53,90,377,5,7,57
5805,-108,37,90,377,5,8,57
5805,-108,51,90,377,5,8,57
5805,-108,62,90,377,6,8,58
5805,-108,35,90,377,4,9,57
5805,-108,50,90,377,4,9,58
5805,-108,35,90,377,5,10,58
5805,-108,55,90,377,6,10,57
5805,-108,49,90,377,4,9,57
5805,-108,57,90,377,6,10,58
5805,-108,46,90,377,5,10,58
5805,-108,48,90,377,3,8,57
5805,-108,52,90,377,4,10,58
5805,-108,54,90,377,5,10,58
5805,-108,48,90,377,5,8,56
5805,-108,37,90,377,5,10,57
5805,-108,32,90,377,6,10,57
5805,-108,30,90,377,4,10,56
5805,-108,38,90,377,5,9,56
5805,-108,42,90,377,5,9,56
5805,-108,60,90,377,4,10,57
5805,-108,36,90,377,4,10,57
5805,-108,46,89,377,5,11,57
5805,-108,47,90,377,4,9,57
5805,-108,42,89,377,5,8,55
5805,-108,59,90,377,4,11,58
5805,-108,57,90,377,5,10,57
5805,-108,47,90,377,5,9,56
5805,-108,56,90,377,5,9,57
5805,-108,49,90,377,5,11,57
5805,-108,47,90,377,5,12,58
5805,-108,48,90,377,4,11,58
5805,-108,53,90,377,3,7,57
5805,-108,35,90,377,5,9,57
5805,-108,47,90,377,5,9,58
5805,-108,44,90,377,4,9,58
5805,-108,50,90,377,5,8,57
5805,-108,75,90,377,5,10,58
5805,-108,58,90,377,5,10,58
5805,-108,42,90,377,6,11,59
5805,-108,52,90,377,5,10,57
5805,-108,61,90,377,6,9,57
5805,-108,30,90,377,4,9,57
5805,-108,53,90,377,5,10,57
5805,-108,48,90,377,5,10,58
5805,-108,51,90,377,4,10,58
5805,-108,56,90,377,5,10,59
5805,-108,39,90,377,4,11,58
5805,-108,41,90,377,5,8,57
5805,-108,72,90,377,5,9,57
5805,-108,52,89,377,5,10,57
5805,-108,58,90,377,5,11,58
5805,-108,64,90,377,5,9,58
5805,-108,63,90,377,5,9,58
5805,-108,51,90,377,3,9,57
5805,-108,59,90,377,4,9,56
5805,-108,55,90,377,6,10,57
5805,-108,47,90,377,6,10,58
5805,-108,35,90,377,5,9,58
5805,-108,52,90,377,4,8,57
5805,-108,50,90,377,4,9,56
5805,-108,59,90,377,5,9,57
5805,-108,54,90,377,5,9,58
5805,-108,49,90,377,3,9,57
5805,-108,27,90,377,4,9,57
5805,-108,55,90,377,4,9,57
5805,-108,34,90,377,6,10,57
5805,-108,51,90,377,5,9,58
5805,-108,45,90,377,3,8,56
5805,-108,62,90,377,6,11,58
5805,-108,55,90,377,4,9,57
5805,-108,45,90,377,4,8,57
5805,-108,58,90,377,4,10,57
5805,-108,55,90,377,5,8,57
5805,-108,44,90,377,4,8,57
5805,-108,56,90,377,5,9,58
5805,-108,63,90,377,5,10,58
5805,-108,44,90,377,4,7,58
5805,-108,53,90,377,5,9,57
5805,-108,35,90,377,5,11,57
5805,-108,42,90,377,4,11,57
5805,-108,52,90,377,5,8,56
5805,-108,60,90,377,4,9,57
5805,-108,49,90,377,4,9,55
5805,-108,54,90,377,4,11,58
5805,-108,40,90,377,5,11,57
5805,-108,38,89,377,5,8,57
5805,-108,74,90,377,3,11,58
5805,-108,43,90,377,4,11,57
5805,-108,51,90,377,5,8,57
5805,-108,58,90,377,5,12,58
5805,-108,42,90,377,4,12,59
5805,-108,54,90,377,4,9,57
5805,-108,42,90,377,5,10,57
5805,-108,28,90,377,4,10,57
5805,-108,43,90,377,5,8,56
5805,-108,49,90,377,5,11,58
5805,-108,75,90,377,4,9,58
5805,-108,41,90,377,6,9,57
5805,-108,51,90,377,4,10,58
5805,-108,50,90,377,6,9,58
5805,-108,56,89,377,6,9,57
5805,-108,52,90,377,6,9,57
5805,-108,37,90,377,4,9,58
5805,-108,70,90,377,4,8,57
5805,-108,68,90,377,5,12,58
5805,-108,52,90,377,5,9,57
5805,-108,51,90,377,4,9,57
5805,-108,37,90,377,4,10,58
5805,-108,51,90,377,5,8,56
5805,-108,36,90,377,3,9,57
5805,-108,41,90,377,5,9,57
5805,-108,65,89,378,5,10,57
5805,-108,68,90,377,5,11,57
5805,-108,49,90,377,5,8,57
5805,-108,51,90,377,4,10,57
5805,-108,58,90,377,4,11,58
5805,-108,58,90,377,5,10,58
5805,-108,44,90,377,6,9,57
5805,-108,63,90,377,4,10,57
5805,-108,55,90,377,3,10,57
5805,-108,47,90,377,6,8,57
5805,-108,42,90,377,5,12,58
5805,-108,71,90,377,4,9,59
5805,-108,57,90,377,5,9,58
5805,-108,67,90,377,4,9,57
5805,-108,55,90,377,5,10,58
5805,-108,47,90,377,3,10,57
5805,-108,50,89,377,6,9,56
5805,-108,46,90,377,5,9,57
5805,-108,42,90,377,5,8,57
5805,-108,32,89,377,5,9,56
5805,-108,37,90,377,4,9,57
5805,-108,52,89,377,5,11,57
5805,-108,57,90,377,4,9,57
5805,-108,68,90,377,4,9,57
5805,-108,45,90,377,5,10,57
5805,-108,44,90,377,5,8,56
5805,-108,48,90,377,5,9,57
5805,-108,77,90,377,3,10,58
5805,-108,43,90,377,4,9,57
5805,-108,58,90,377,5,8,57
5805,-108,60,90,377,5,10,58
5805,-108,75,90,377,4,10,58
5805,-108,60,90,377,5,10,57
5805,-108,55,90,377,3,9,58
5805,-108,57,90,377,4,9,57
5805,-108,53,90,377,5,11,57
5805,-108,54,90,377,5,11,59
5805,-108,41,90,377,4,9,57
5805,-108,58,90,377,4,12,58
5805,-108,61,90,377,4,10,58
5805,-108,61,90,377,4,8,57
5805,-108,37,90,377,3,10,57
5805,-108,34,90,377,5,10,58
5805,-108,56,90,377,4,10,57
5805,-108,52,90,377,4,7,57
5805,-108,57,90,377,4,8,57
5805,-108,47,90,377,4,10,57
5805,-108,57,90,377,5,9,57
5805,-108,44,90,377,5,9,57
5805,-108,49,90,377,4,10,58
5805,-108,48,90,377,4,9,57
5805,-108,56,90,377,4,9,57
5805,-108,41,90,377,4,11,58
5805,-108,67,90,377,3,11,58
5805,-108,44,90,377,4,9,57
5805,-108,68,90,377,6,9,57
5805,-108,63,89,377,5,9,57
5805,-108,49,90,377,4,10,57
5805,-108,65,90,377,4,10,58
5805,-108,48,90,377,6,7,56
5805,-108,54,90,377,5,8,58
5805,-108,45,90,377,4,9,57
5805,-108,56,90,377,5,9,58
5805,-108,60,90,377,4,9,57
5805,-108,47,90,377,5,9,57
5805,-108,52,90,377,5,10,57
5805,-108,45,90,377,5,10,57
5805,-108,44,90,377,4,9,57
5805,-108,55,90,377,4,10,57
5805,-108,51,90,377,5,9,58
5805,-108,57,90,377,4,9,57
5805,-108,47,90,377,5,11,57
5805,-108,69,90,377,4,12,58
5805,-108,42,90,377,5,9,58
5805,-108,45,90,377,3,10,58
5805,-108,52,90,377,5,10,57
5805,-108,47,90,377,3,10,58
5805,-108,66,90,377,5,11,58
5805,-108,47,90,377,4,10,57
5805,-108,46,90,377,6,8,57
5805,-108,61,90,377,4,10,57
5805,-108,51,90,377,5,9,57
5805,-108,79,90,377,4,9,57
5805,-108,43,90,377,5,9,58
5805,-108,67,90,377,4,10,58
5805,-108,66,90,377,6,9,58
5805,-108,43,90,377,4,7,56
5805,-108,39,90,377,5,10,58
5805,-108,41,90,377,5,10,58
5805,-108,50,90,377,5,10,58
5805,-108,69,90,377,4,9,58
5805,-108,68,90,377,4,11,58
5805,-108,36,89,378,5,8,56
5805,-108,55,90,377,4,11,58
5805,-108,55,90,377,5,9,57
5805,-108,54,90,377,3,9,58
5805,-108,42,90,377,5,10,57
5805,-108,47,89,378,6,8,56
5805,-108,63,90,377,4,9,57
5805,-108,57,90,377,4,9,58
5805,-108,34,90,377,6,9,57
5805,-108,37,89,377,5,11,57
5805,-108,43,90,377,3,9,57
5805,-108,81,90,377,4,11,57
5805,-108,65,90,377,5,7,57
5805,-108,53,90,377,4,9,57
5805,-108,62,90,377,4,11,57
5805,-108,47,90,377,4,10,58
5805,-108,69,90,377,4,10,58
5805,-108,57,90,377,5,10,58
5805,-108,56,90,377,4,10,57
5805,-108,66,90,377,4,10,58
5805,-108,50,89,377,5,9,56
5805,-108,55,90,377,4,10,58
5805,-108,50,90,377,4,9,57
5805,-108,52,89,378,7,7,55
5805,-108,53,90,377,4,9,58
5805,-108,38,90,377,4,9,58
5805,-108,64,90,377,4,8,58
5805,-108,53,90,377,4,9,57
5805,-108,53,90,377,5,7,58
5805,-108,68,90,377,5,12,58
5805,-108,57,90,377,4,10,57
5805,-108,44,90,377,4,9,57
5805,-108,64,90,377,4,10,58
5805,-108,41,90,377,4,10,59
5805,-108,56,90,377,6,9,58
5805,-108,66,90,377,4,11,58
5805,-108,43,90,377,5,8,57
5805,-108,47,89,377,6,9,56
5805,-108,42,90,377,4,10,57
5805,-108,61,90,377,4,11,57
5805,-108,55,90,377,5,9,58
5805,-108,58,90,377,4,9,58
5805,-108,47,90,377,5,10,58
5805,-108,66,90,377,3,9,58
5805,-108,41,90,377,4,11,57
5805,-108,44,90,377,4,9,57
5805,-108,48,90,377,5,9,57
5805,-108,61,90,377,5,11,58
5805,-108,58,90,377,5,11,57
5805,-108,60,90,377,3,9,58
5805,-108,61,90,377,5,10,58
5805,-108,58,90,377,5,9,57
5805,-108,75,90,377,6,9,57
5805,-108,43,90,377,4,10,57
5805,-108,45,90,377,6,8,57
5805,-108,43,89,377,5,10,57
5805,-108,51,90,377,6,9,57
5805,-108,57,90,377,5,9,58
5805,-108,51,90,377,5,10,57
5805,-108,49,90,377,4,9,57
5805,-108,46,90,377,5,8,57
5805,-108,44,90,377,4,10,57
5805,-108,44,90,377,4,9,57
5805,-108,45,90,377,4,9,57
5805,-108,55,90,377,5,9,57
5805,-108,47,90,377,5,11,58
5805,-108,41,90,377,5,11,58
5805,-108,56,90,377,5,9,57
5805,-108,63,90,377,6,9,58
5805,-108,54,90,377,4,9,58
5805,-108,45,90,377,5,11,58
5805,-108,57,90,377,4,10,58
5805,-108,52,90,377,6,9,57
5805,-108,71,90,377,4,10,58
5805,-108,54,90,377,4,10,58
5805,-108,41,90,377,6,9,57
5805,-108,47,90,377,4,8,56
5805,-108,50,90,377,5,12,58
5805,-108,49,90,377,5,8,57
5805,-108,76,90,377,5,9,57
5805,-108,52,90,377,5,8,57
5805,-108,57,90,377,4,10,58
5805,-108,45,90,377,4,10,58
5805,-108,53,90,377,4,8,57
5805,-108,55,90,377,4,9,58
5805,-108,45,90,377,5,9,57
5805,-108,59,90,377,4,11,57
5805,-108,53,90,377,4,9,57
5805,-108,41,90,377,4,9,57
5805,-108,53,90,377,5,9,57
5805,-108,42,90,377,5,9,57
5805,-108,50,90,377,4,9,57
5805,-108,51,90,377,4,8,57
5805,-108,59,90,377,4,10,58
5805,-108,46,90,377,5,9,58
5805,-108,44,89,377,5,10,56
5805,-108,47,90,377,4,9,57
5805,-108,52,90,377,4,11,58
5805,-108,34,89,377,5,10,56
5805,-108,46,90,377,5,9,57
5805,-108,45,90,377,5,10,58
5805,-108,57,90,377,4,7,56
5805,-108,56,90,377,5,9,57
5805,-108,44,90,377,5,10,56
5805,-108,63,90,377,5,9,57
5805,-108,79,90,377,5,9,58
5805,-108,41,90,377,4,10,58
5805,-108,55,90,377,6,9,58
5805,-108,55,90,377,5,10,59
5805,-108,56,90,377,3,9,58
5805,-108,41,90,377,4,9,57
5805,-108,51,90,377,4,9,58
5805,-108,38,90,377,5,10,58
5805,-108,52,90,377,3,11,57
5805,-108,67,90,377,4,10,58
5805,-108,40,90,377,5,9,57
5805,-108,60,90,377,3,10,57
5805,-108,48,90,377,3,7,57
5805,-108,44,90,377,5,9,58
5805,-108,47,90,377,5,8,57
5805,-108,43,90,377,5,10,58
5805,-108,35,90,377,4,8,57
5805,-108,66,90,377,5,11,58
5805,-108,40,90,377,4,9,57
5805,-108,31,90,377,5,9,57
5805,-108,53,90,377,3,10,57
5805,-108,59,90,377,3,10,58
5805,-108,40,90,377,4,9,57
5805,-108,67,90,377,3,9,57
5805,-108,63,90,377,5,10,58
5805,-108,51,90,377,5,9,57
5805,-108,44,90,377,5,10,57
5805,-108,49,90,377,4,9,57
5805,-108,63,90,377,4,11,58
5805,-108,46,90,377,6,7,57
5805,-108,42,90,377,5,8,57
5805,-108,57,90,377,5,10,58
5805,-108,55,90,377,6,9,56
5805,-108,49,90,377,4,10,58
5805,-108,53,90,377,3,10,58
5805,-108,66,90,377,5,10,58
5805,-108,45,90,377,4,10,57
5805,-108,66,90,377,5,10,58
5805,-108,53,90,377,4,9,57
5805,-108,47,90,377,5,9,57
5805,-108,58,90,377,3,10,57
5805,-108,60,90,377,4,9,58
5805,-108,56,90,377,5,10,57
5805,-108,51,90,377,4,9,58
5805,-108,49,90,377,5,8,57
5805,-108,73,90,377,3,10,58
5805,-108,46,90,377,5,9,58
5805,-108,66,90,377,4,10,58
5805,-108,35,90,377,4,9,57
5805,-108,61,90,377,4,9,57
5805,-108,52,89,378,6,9,57
5805,-108,44,90,377,5,9,57
5805,-108,41,90,377,3,11,58
5805,-108,46,90,377,4,9,57
5805,-108,46,90,377,5,10,58
5805,-108,59,90,377,4,8,56
5805,-108,59,90,377,4,10,58
5805,-108,54,90,377,6,9,58
5805,-108,59,90,377,5,9,58
5805,-108,60,90,377,4,10,58
5805,-108,55,90,377,4,10,57
5805,-108,59,90,377,5,9,57
5805,-108,61,90,377,5,9,57
5805,-108,33,90,377,6,8,56
5805,-108,48,90,377,6,11,58
5805,-108,68,90,377,5,12,58
5805,-108,53,90,377,5,10,58
5805,-108,45,90,377,4,10,58
5805,-108,35,90,377,5,9,57
5805,-108,53,90,377,3,8,57
5805,-108,50,90,377,5,8,57
5805,-108,65,90,377,4,9,57
5805,-108,38,90,377,5,8,57
5805,-108,55,90,377,4,11,58
5805,-108,37,89,378,6,10,56
5805,-108,59,90,377,4,10,58
5805,-108,54,90,377,3,10,57
5805,-108,51,90,377,6,8,57
5805,-108,50,90,377,4,9,58
5805,-108,59,90,377,5,10,57
5805,-108,46,90,377,4,9,57
5805,-108,41,90,377,6,8,57
5805,-108,45,90,377,4,9,57
5805,-108,51,90,377,3,9,58
5805,-108,44,90,377,4,9,58
5805,-108,53,90,377,5,8,57
5805,-108,68,90,377,5,7,57
5805,-108,36,90,377,4,8,57
5805,-108,58,90,377,4,9,58
5805,-108,44,90,377,5,9,57
5805,-108,58,90,377,5,9,58
5805,-108,60,90,377,4,9,57
5805,-108,57,90,377,4,10,58
5805,-108,52,90,377,5,9,57
5805,-108,52,90,377,4,9,57
5805,-108,60,90,377,5,9,57
5805,-108,58,90,377,5,9,57
5805,-108,46,90,377,4,9,58
5805,-108,61,90,377,4,10,58
5805,-108,33,90,377,3,9,58
5805,-108,65,90,377,5,9,57
5805,-108,51,90,377,5,9,57
5805,-108,40,90,377,4,10,58
5805,-108,49,90,377,4,9,57
5805,-108,50,90,377,5,9,57
5805,-108,58,90,377,4,9,57
5805,-108,38,90,377,4,9,57
5805,-108,43,90,377,4,10,56
5805,-108,45,90,377,3,9,58
5805,-108,47,90,377,4,9,57
5805,-108,51,90,377,5,9,57
5805,-108,59,90,377,4,9,58
5805,-108,63,90,377,4,9,57
5805,-108,54,90,377,5,10,59
5805,-108,48,90,377,4,7,57
5805,-108,66,90,377,5,9,57
5805,-108,55,90,377,4,9,58
5805,-108,51,90,377,5,9,57
5805,-108,56,90,377,3,9,57
5805,-108,41,90,377,5,10,57
5805,-108,47,90,377,4,9,56
5805,-108,38,90,377,5,12,57
5805,-108,72,90,377,5,9,58
5805,-108,72,90,377,5,10,58
5805,-108,48,90,377,5,9,58
5805,-108,39,90,377,4,8,57
5805,-108,52,90,377,4,9,57
5805,-108,59,90,377,4,10,57
5805,-108,66,90,377,4,10,58
5805,-108,63,90,377,4,8,57
5805,-108,76,90,377,5,7,57
5805,-108,65,90,377,5,9,57
5805,-108,49,90,377,5,7,56
5805,-108,49,90,377,5,10,57
5805,-108,45,90,377,5,11,58
5805,-108,59,90,377,3,8,57
5805,-108,51,90,377,4,8,57
5805,-108,48,90,377,5,9,57
5805,-108,49,90,377,3,8,56
5805,-108,47,90,377,3,10,58
5805,-108,61,90,377,4,9,57
5805,-108,62,90,377,4,9,58
5805,-108,55,90,377,4,9,58
5805,-108,40,90,377,5,10,57
5805,-108,39,90,377,4,9,57
5805,-108,65,90,377,4,12,58
5805,-108,48,90,377,4,7,57
5805,-108,41,90,377,4,9,57
5805,-108,46,90,377,5,9,57
5805,-108,55,90,377,5,8,57
5805,-108,43,90,377,4,7,55
5805,-108,43,90,377,5,10,57
5805,-108,51,90,377,4,10,58
5805,-108,35,90,377,4,10,57
5805,-108,58,90,377,4,10,57
5805,-108,48,90,377,4,8,56
5805,-108,30,90,377,6,8,57
5805,-108,44,90,377,4,10,57
5805,-108,58,90,377,3,8,57
5805,-108,49,90,377,5,10,57
5805,-108,66,90,377,4,9,57
5805,-108,52,90,377,4,10,57
5805,-108,51,90,377,3,10,57
5805,-108,59,90,377,5,11,57
5805,-108,47,90,377,4,9,58
5805,-108,58,90,377,4,9,58
5805,-108,49,90,377,4,10,58
5805,-108,51,90,377,4,8,57
5805,-108,41,90,377,4,11,58
5805,-108,69,90,377,6,10,58
5805,-108,57,90,377,4,9,58
5805,-108,65,90,377,4,8,58
5805,-108,38,90,377,5,11,58
5805,-108,49,90,377,5,11,57
5805,-108,54,90,377,5,8,58
5805,-108,54,90,377,3,10,57
5805,-108,64,90,377,4,9,57
5805,-108,42,90,377,5,9,57
5805,-108,44,90,377,4,10,58
5805,-108,37,90,377,3,9,57
5805,-108,60,90,377,5,9,58
5805,-108,44,90,377,5,9,57
5805,-108,47,90,377,4,9,57
5805,-108,39,90,377,5,8,57
5805,-108,50,90,377,6,11,58
5805,-108,40,90,377,5,9,57
5805,-108,54,90,377,5,10,57
5805,-108,61,89,377,5,10,56
5805,-108,51,90,377,4,8,57
5805,-108,43,90,377,4,8,57
5805,-108,65,90,377,5,8,57
5805,-108,74,90,377,5,10,57
5805,-108,61,90,377,4,8,58
5805,-108,82,90,377,5,10,57
5805,-108,33,90,377,5,10,57
5805,-108,59,90,377,4,9,57
5805,-108,51,90,377,4,9,58
5805,-108,71,90,377,5,7,58
5805,-108,39,90,377,4,10,57
5805,-108,53,90,377,4,9,57
5805,-108,53,90,377,4,8,57
5805,-108,57,90,377,4,9,57
5805,-108,46,90,377,5,9,58
5805,-108,45,90,377,4,9,57
5805,-108,46,90,377,4,9,58
5805,-108,51,90,377,4,9,59
5805,-108,34,90,377,5,9,57
5805,-108,48,90,377,5,9,57
5805,-108,60,90,377,5,10,58
5805,-108,56,90,377,4,10,58
5805,-108,49,90,377,5,10,57
5805,-108,72,90,377,5,9,58
5805,-108,44,90,377,4,10,58
5805,-108,60,90,377,3,10,57
5805,-108,68,90,377,5,9,57
5805,-108,54,90,377,3,9,56
5805,-108,50,90,377,5,8,57
5805,-108,61,90,377,4,8,57
5805,-108,57,90,377,5,8,57
5805,-108,41,90,377,4,10,57
5805,-108,42,90,377,5,10,58
5805,-108,52,90,377,4,10,58
5805,-108,40,90,377,3,9,57
5805,-108,56,90,377,5,8,56
5805,-108,65,90,377,4,9,57
5805,-108,30,90,377,4,8,57
5805,-108,56,90,377,4,8,57
5805,-108,47,90,377,6,8,55
5805,-108,52,90,377,5,8,57
5805,-108,46,90,377,3,9,58
5805,-108,84,90,377,5,10,58
5805,-108,51,90,377,5,10,58
5805,-108,59,90,377,5,10,57
5805,-108,66,90,377,5,11,58
5805,-108,54,90,377,3,9,57
5805,-108,51,90,377,4,9,57
5805,-108,51,90,377,4,9,57
5805,-108,55,90,377,2,8,57
5805,-108,66,90,377,4,7,56
5805,-108,56,90,377,5,10,56
5805,-108,60,90,377,4,10,57
5805,-108,51,90,377,4,9,57
5805,-108,47,90,377,5,8,57
5805,-108,57,90,377,3,8,57
5805,-108,58,90,377,6,8,57
5805,-108,58,90,377,4,10,57
5805,-108,58,90,377,4,8,55
5805,-108,58,90,377,5,9,58
5805,-108,56,90,377,4,10,58
5805,-108,55,90,377,3,9,58
5805,-108,61,90,377,4,10,57
5805,-108,68,90,377,6,8,57
5805,-108,48,90,377,5,10,57
5805,-108,44,90,377,5,9,58
5805,-108,42,90,377,6,9,58
5805,-108,69,90,377,3,10,57
5805,-108,53,90,377,4,9,57
5805,-108,31,88,379,7,8,54
5805,-108,46,90,377,5,11,58
5805,-108,65,90,377,6,9,57
5805,-108,51,90,377,4,8,56
5805,-108,44,90,377,5,8,57
5805,-108,54,90,377,6,8,57
5805,-108,54,90,377,5,10,58
5805,-108,41,88,379,6,9,55
5805,-108,52,90,377,5,9,57
5805,-108,38,89,377,6,8,55
5805,-108,37,90,377,5,9,57
5805,-108,31,90,377,5,9,57
5805,-108,50,90,377,5,9,57
5805,-108,62,90,377,5,10,57
5805,-108,39,90,377,5,8,58
5805,-108,54,90,377,4,8,57
5805,-108,57,90,377,4,10,58
5805,-108,52,90,377,5,8,57
5805,-108,55,90,377,4,10,58
5805,-108,48,90,377,4,9,58
5805,-108,60,90,377,4,11,57
5805,-108,66,90,377,5,9,57
5805,-108,59,90,377,4,7,57
5805,-108,57,90,377,3,11,58
5805,-108,36,89,377,4,7,55
5805,-108,73,90,377,5,10,59
5805,-108,66,90,377,5,9,57
5805,-108,53,90,377,4,9,57
5805,-108,47,90,377,5,10,57
5805,-108,33,90,377,4,10,57
5805,-108,43,90,377,5,10,58
5805,-108,53,90,377,4,8,57
5805,-108,66,90,377,4,9,57
5805,-108,42,90,377,5,9,57
5805,-108,52,90,377,5,10,58
5805,-108,46,90,377,4,11,58
5805,-108,69,90,377,5,8,58
5805,-108,62,90,377,5,8,57
5805,-108,66,90,377,5,11,58
5805,-108,53,90,377,4,10,57
5805,-108,50,90,377,4,10,58
5805,-108,50,90,377,4,10,57
5805,-108,78,90,377,5,9,58
5805,-108,54,90,377,5,8,57
5805,-108,54,90,377,6,9,58
5805,-108,48,90,377,5,9,58
5805,-108,38,90,377,7,12,58
5805,-108,62,90,377,5,10,57
5805,-108,58,90,377,3,10,57
5805,-108,48,89,377,5,9,55
5805,-108,63,90,377,5,9,57
5805,-108,55,90,377,3,8,56
5805,-108,44,90,377,4,10,58
5805,-108,68,90,377,4,9,57
5805,-108,41,89,377,5,8,56
5805,-108,44,90,377,4,10,57
5805,-108,57,90,377,5,11,58
5805,-108,43,90,377,5,9,57
5805,-108,57,90,377,4,9,57
5805,-108,47,90,377,5,8,56
5805,-108,70,90,377,5,9,57
5805,-108,60,90,377,4,8,57
5805,-108,58,90,377,3,10,58
5805,-108,45,90,377,4,9,57
5805,-108,62,90,377,5,8,57
5805,-108,38,90,377,4,10,57
5805,-108,77,90,377,4,10,57
5805,-108,63,90,377,3,9,59
5805,-108,64,90,377,4,9,57
5805,-108,57,89,377,5,10,57
5805,-108,35,90,377,4,10,58
5805,-108,33,90,377,5,10,57
5805,-108,60,90,377,5,10,57
5805,-108,47,90,377,5,11,58
5805,-108,42,90,377,5,10,57
5805,-108,64,89,377,7,9,55
5805,-108,45,90,377,5,9,57
5805,-108,54,90,377,4,9,57
5805,-108,60,90,377,4,9,58
5805,-108,54,90,377,4,11,57
5805,-108,55,90,377,6,9,57
5805,-108,54,90,377,5,9,57
5805,-108,39,90,377,6,9,57
5805,-108,60,90,377,5,8,58
5805,-108,56,90,377,6,10,57
5805,-108,60,90,377,3,10,59
5805,-108,53,90,377,4,10,57
5805,-108,50,90,377,4,10,57
5805,-108,50,90,377,5,10,58
5805,-108,49,89,377,5,9,57
5805,-108,62,90,377,4,10,57
5805,-108,61,90,377,4,10,58
5805,-108,72,90,377,4,9,57
5805,-108,45,90,377,5,9,57
5805,-108,42,90,377,5,9,57
5805,-108,51,90,377,6,11,58
5805,-108,50,90,377,5,10,58
5805,-108,58,90,377,3,9,56
5805,-108,57,90,377,5,10,57
5805,-108,45,90,377,4,11,58
5805,-108,60,90,377,5,9,58
5805,-108,62,90,377,5,10,57
5805,-108,51,90,377,5,9,58
5805,-108,48,90,377,5,10,57
5805,-108,50,90,377,4,9,57
5805,-108,50,89,377,5,8,56
5805,-108,47,90,377,4,9,57
5805,-108,48,89,377,5,8,56
5805,-108,47,90,377,5,11,58
5805,-108,68,90,377,4,10,58
5805,-108,41,89,378,5,9,57
5805,-108,57,90,377,4,10,58
5805,-108,65,90,377,4,11,58
5805,-108,41,90,377,4,10,58
5805,-108,53,90,377,5,10,57
5805,-108,39,90,377,5,9,57
5805,-108,63,90,377,4,9,57
5805,-108,59,90,377,4,9,58
5805,-108,59,90,377,4,8,57
5805,-108,46,90,377,4,9,57
5805,-108,50,90,377,4,9,57
5805,-108,47,90,377,4,8,57
5805,-108,41,90,377,4,9,57
5805,-108,63,90,377,5,10,58
5805,-108,53,90,377,4,9,57
5805,-108,66,90,377,4,8,57
5805,-108,46,90,377,4,9,57
5805,-108,53,90,377,4,10,57
5805,-108,52,90,377,5,8,57
5805,-108,67,90,377,5,8,58
5805,-108,50,90,377,3,8,57
5805,-108,52,90,377,4,6,57
5805,-108,52,90,377,4,10,57
5805,-108,52,90,377,5,9,57
5805,-108,33,90,377,5,9,57
5805,-108,57,90,377,5,9,57
5805,-108,66,90,377,6,10,57
5805,-108,49,90,377,5,9,58
5805,-108,52,90,377,6,9,57
5805,-108,38,90,377,4,10,58
5805,-108,42,90,377,4,9,57
5805,-108,55,90,377,4,11,59
5805,-108,38,90,377,3,9,57
5805,-108,57,90,377,6,9,57
5805,-108,40,90,377,4,10,57
5805,-108,44,90,377,5,11,58
5805,-108,53,90,377,4,10,58
5805,-108,36,90,377,5,9,57
5805,-108,49,90,377,4,8,57
5805,-108,67,90,377,5,9,57
5805,-108,48,90,377,4,8,58
5805,-108,35,88,378,6,8,55
5805,-108,41,90,377,4,9,57
5805,-108,36,90,377,5,8,57
5805,-108,50,90,377,6,10,58
5805,-108,41,90,377,5,9,57
5805,-108,55,90,377,5,11,57
5805,-108,54,90,377,4,10,58
5805,-108,42,89,377,4,10,56
5805,-108,74,90,377,3,9,57
5805,-108,43,90,377,5,9,58
5805,-108,46,90,377,4,9,58
5805,-108,45,90,377,4,10,58
5805,-108,61,90,377,5,10,57
5805,-108,64,90,377,3,9,57
5805,-108,53,90,377,4,11,57
5805,-108,67,90,377,4,10,58
5805,-108,44,90,377,4,9,57
5805,-108,41,90,377,5,10,58
5805,-108,41,90,377,4,9,57
5805,-108,67,90,377,5,8,57
5805,-108,56,90,377,5,10,57
5805,-108,51,90,377,4,9,57
5805,-108,77,90,377,5,10,58
5805,-108,53,90,377,5,9,58
5805,-108,47,90,377,4,10,58
5805,-108,64,90,377,4,10,58
5805,-108,53,90,377,5,10,57
5805,-108,41,90,377,4,8,56
5805,-108,51,90,377,5,11,59
5805,-108,53,90,377,5,10,57
5805,-108,49,89,377,5,9,56
5805,-108,47,90,377,4,9,58
5805,-108,57,90,377,5,9,57
5805,-108,53,90,377,5,10,58
5805,-108,49,90,377,4,9,58
5805,-108,58,90,377,5,10,57
5805,-108,46,90,377,6,8,57
5805,-108,55,90,377,5,9,58
5805,-108,67,90,377,4,8,58
5805,-108,55,90,377,5,10,57
5805,-108,65,90,377,4,10,58
5805,-108,58,90,377,5,9,57
5805,-108,36,90,377,4,9,56
5805,-108,61,90,377,4,10,57
5805,-108,66,90,377,4,9,57
5805,-108,48,90,377,4,9,57
5805,-108,36,90,377,4,9,56
5805,-108,45,90,377,4,7,56
5805,-108,47,90,377,5,8,57
5805,-108,60,90,377,4,10,58
5805,-108,45,90,377,4,10,57
5805,-108,62,90,377,5,9,57
5805,-108,55,90,377,4,9,58
5805,-108,53,90,377,4,12,58
5805,-108,61,90,377,4,11,58
5805,-108,60,90,377,4,10,57
5805,-108,35,90,377,4,9,56
5805,-108,47,90,377,4,9,58
5805,-108,52,90,377,4,9,57
5805,-108,62,90,377,5,11,59
5805,-108,55,90,377,4,10,57
5805,-108,46,90,377,6,9,57
5805,-108,57,90,377,4,9,57
5805,-108,60,90,377,3,7,57
5805,-108,67,90,377,5,6,56
5805,-108,50,90,377,2,10,57
5805,-108,53,90,377,6,9,57
5805,-108,64,90,377,5,10,58
5805,-108,87,90,377,4,10,58
5805,-108,50,90,377,4,10,58
5805,-108,37,90,377,4,10,57
5805,-108,45,90,377,5,10,58
5805,-108,46,90,377,5,10,58
5805,-108,52,90,377,5,10,58
5805,-108,49,90,377,5,9,57
5805,-108,49,90,377,3,9,57
5805,-108,55,90,377,6,10,58
5805,-108,33,90,377,4,7,57
5805,-108,61,90,377,4,9,58
5805,-108,52,90,377,3,9,57
5805,-108,64,90,377,3,10,58
5805,-108,49,90,377,4,9,57
5805,-108,56,90,377,5,10,58
5805,-108,58,90,377,4,10,57
5805,-108,54,90,377,5,8,57
5805,-108,61,90,377,4,9,58
5805,-108,55,90,377,5,9,57
5805,-108,73,90,377,4,10,58
5805,-108,39,90,377,4,9,57
5805,-108,51,90,377,5,10,57
5805,-108,37,90,377,5,10,57
5805,-108,48,90,377,3,9,57
5805,-108,63,90,377,6,8,56
5805,-108,58,90,377,3,10,57
5805,-108,43,89,377,5,10,57
5805,-108,59,90,377,5,9,57
5805,-108,51,90,377,6,10,58
5805,-108,36,90,377,4,9,57
5805,-108,53,90,377,5,9,58
5805,-108,48,90,377,5,10,58
5805,-108,46,90,377,4,10,57
5805,-108,40,89,378,6,8,55
5805,-108,63,90,377,5,9,57
5805,-108,60,90,377,4,8,57
5805,-108,60,90,377,4,8,57
5805,-108,51,90,377,5,9,56
5805,-108,60,90,377,4,10,57
5805,-108,51,89,378,6,10,57
5805,-108,46,90,377,5,9,58
5805,-108,58,90,377,5,8,57
5805,-108,53,90,377,6,10,58
5805,-108,45,90,377,5,10,57
5805,-108,52,90,377,5,10,57
5805,-108,49,90,377,4,11,58
5805,-108,59,90,377,4,9,57
5805,-108,68,90,377,5,10,58
5805,-108,48,89,377,5,10,57
5805,-108,53,90,377,4,9,57
5805,-108,54,90,377,5,9,57
5805,-108,47,89,377,6,9,56
5805,-108,34,90,377,3,9,56
5805,-108,53,90,377,5,10,57
5805,-108,54,90,377,5,9,57
5805,-108,43,90,377,5,9,57
5805,-108,51,90,377,5,9,57
5805,-108,36,90,377,4,10,58
5805,-108,34,90,377,4,12,58
5805,-108,64,90,377,5,12,57
5805,-108,59,90,377,5,10,57
5805,-108,53,90,377,4,9,57
5805,-108,45,90,377,5,11,58
5805,-108,55,90,377,4,9,57
5805,-108,74,90,377,4,10,58
5805,-108,68,90,377,5,9,57
5805,-108,61,90,377,4,9,58
5805,-108,71,90,377,5,9,57
5805,-108,58,90,377,5,10,58
5805,-108,61,90,377,4,10,57
5805,-108,69,90,377,5,10,57
5805,-108,68,90,377,5,7,57
5805,-108,57,90,377,4,10,58
5805,-108,51,90,377,4,9,57
5805,-108,52,90,377,4,9,58
5805,-108,59,90,377,3,8,58
5805,-108,46,90,377,5,9,57
5805,-108,47,90,377,4,10,57
5805,-108,55,90,377,5,8,57
5805,-108,56,90,377,6,10,58
5805,-108,41,90,377,5,9,57
5805,-108,59,90,377,4,8,57
5805,-108,48,90,377,5,10,58
5805,-108,58,90,377,4,10,58
5805,-108,42,90,377,3,10,56
5805,-108,44,90,377,5,9,57
5805,-108,62,90,377,3,9,57
5805,-108,51,90,377,5,9,57
5805,-108,41,90,377,5,7,57
5805,-108,56,90,377,5,10,58
5805,-108,58,90,377,5,9,57
5805,-108,64,90,377,4,11,57
5805,-108,41,90,377,5,11,57
5805,-108,43,90,377,4,8,56
5805,-108,56,90,377,4,9,57
5805,-108,59,90,377,4,9,57
5805,-108,46,90,377,4,9,57
5805,-108,52,90,377,3,10,58
5805,-108,57,90,377,4,10,57
5805,-108,61,90,377,5,9,58
5805,-108,52,90,377,4,10,58
5805,-108,63,90,377,5,9,57
5805,-108,56,90,377,5,11,59
5805,-108,59,90,377,6,10,57
5805,-108,55,90,377,5,9,57
5805,-108,49,90,377,5,10,58
5805,-108,46,90,377,4,8,57
5805,-108,59,90,377,4,10,58
5805,-108,68,90,377,4,8,57
5805,-108,62,90,377,5,10,57
5805,-108,52,89,377,5,11,58
5805,-108,48,90,377,6,7,57
5805,-108,41,90,377,5,10,58
5805,-108,56,90,377,3,8,58
5805,-108,48,90,377,5,10,58
5805,-108,64,90,377,6,9,57
5805,-108,49,90,377,4,9,57
5805,-108,34,90,377,4,10,57
5805,-108,69,90,377,4,10,58
5805,-108,51,90,377,6,9,57
5805,-108,41,90,377,5,10,57
5805,-108,61,90,377,3,11,57
5805,-108,33,90,377,4,9,57
5805,-108,55,90,377,4,9,57
5805,-108,59,90,377,5,9,57
5805,-108,49,90,377,4,9,57
5805,-108,46,90,377,4,8,57
5805,-108,71,90,377,5,8,58
5805,-108,42,90,377,5,9,56
5805,-108,48,90,377,5,10,58
5805,-108,59,90,377,5,9,57
5805,-108,36,90,377,3,7,56
5805,-108,41,90,377,5,11,58
5805,-108,60,90,377,5,9,56
5805,-108,57,90,377,5,10,57
5805,-108,49,90,377,5,9,58
5805,-108,52,90,377,4,10,58
5805,-108,66,90,377,4,10,57
5805,-108,63,90,377,5,11,57
5805,-108,45,89,377,6,9,56
5805,-108,51,90,377,5,10,57
5805,-108,44,90,377,4,9,57
5805,-108,60,90,377,4,9,58
5805,-108,31,88,378,6,8,55
5805,-108,43,90,377,3,9,57
5805,-108,47,90,377,4,8,57
5805,-108,48,90,377,5,10,58
5805,-108,67,90,377,5,10,57
5805,-108,58,90,377,4,8,57
5805,-108,41,90,377,4,10,57
5805,-108,40,90,377,3,9,57
5805,-108,68,90,377,5,7,56
5805,-108,58,90,377,5,10,58
5805,-108,64,90,377,5,9,58
5805,-108,58,90,377,5,8,57
5805,-108,48,90,377,4,11,57
5805,-108,72,90,377,4,10,57
5805,-108,43,90,377,5,8,56
5805,-108,45,90,377,5,9,57
5805,-108,49,90,377,5,10,57
5805,-108,67,90,377,4,8,57
5805,-108,69,90,377,4,11,58
5805,-108,62,90,377,4,9,57
5805,-108,43,90,377,5,9,57
5805,-108,64,90,377,3,9,57
5805,-108,54,90,377,4,9,58
5805,-108,50,90,377,5,11,58
5805,-108,53,90,377,5,9,57
5805,-108,54,90,377,5,10,58
5805,-108,54,90,377,4,8,57
5805,-108,41,90,377,5,11,58
5805,-108,69,90,377,5,10,58
5805,-108,51,90,377,3,9,57
5805,-108,55,90,377,5,10,58
5805,-108,35,90,377,4,8,57
5805,-108,55,90,377,6,10,57
5805,-108,54,90,377,5,9,57
5805,-108,55,90,377,5,8,57
5805,-108,48,90,377,3,10,58
5805,-108,47,90,377,4,10,58
5805,-108,34,90,377,3,10,58
5805,-108,50,90,377,5,8,57
5805,-108,63,90,377,4,11,58
5805,-108,42,90,377,4,9,57
5805,-108,67,90,377,4,9,57
5805,-108,48,90,377,4,12,58
5805,-108,54,90,377,4,7,57
5805,-108,52,90,377,3,10,57
5805,-108,58,90,377,6,11,58
5805,-108,48,90,377,3,10,58
5805,-108,39,90,377,5,11,58
5805,-108,65,90,377,5,10,57
5805,-108,45,90,377,5,9,57
5805,-108,58,90,377,4,9,57
5805,-108,45,90,377,4,9,57
5805,-108,40,90,377,5,11,58
5805,-108,52,90,377,4,9,57
5805,-108,52,90,377,4,7,57
5805,-108,49,90,377,5,10,58
5805,-108,54,90,377,4,8,57
5805,-108,46,90,377,5,11,58
5805,-108,56,90,377,4,9,57
5805,-108,46,90,377,5,9,57
5805,-108,39,90,377,5,10,58
5805,-108,51,90,377,4,7,57
5805,-108,51,89,378,5,10,57
5805,-108,50,90,377,5,8,57
5805,-108,44,90,377,4,11,58
5805,-108,52,90,377,4,10,58
5805,-108,46,90,377,4,9,57
5805,-108,44,90,377,4,10,57
5805,-108,67,90,377,4,9,58
5805,-108,57,90,377,5,11,57
5805,-108,45,90,377,5,8,57
5805,-108,37,90,377,5,10,57
5805,-108,63,90,377,5,9,58
5805,-108,68,90,377,5,9,57
5805,-108,34,90,377,4,10,57
5805,-108,45,90,377,5,9,57
5805,-108,39,90,377,4,9,57
5805,-108,71,90,377,5,10,58
5805,-108,48,90,377,5,11,59
5805,-108,51,90,377,4,9,57
5805,-108,57,90,377,5,9,57
5805,-108,67,90,377,3,9,57
5805,-108,56,90,377,5,10,58
5805,-108,52,90,377,4,10,57
5805,-108,63,90,377,4,10,57
5805,-108,53,89,377,4,8,56
5805,-108,67,90,377,4,10,57
5805,-108,59,90,377,4,9,58
5805,-108,61,90,377,4,11,59
5805,-108,36,90,377,5,9,56
5805,-108,43,90,377,5,7,56
5805,-108,34,90,377,5,7,56
5805,-108,45,90,377,5,8,57
5805,-108,67,90,377,4,11,58
5805,-108,56,90,377,5,10,57
5805,-108,65,90,377,3,9,57
5805,-108,53,90,377,4,10,58
5805,-108,40,90,377,4,9,57
5805,-108,33,90,377,3,10,57
5805,-108,45,90,377,4,11,57
5805,-108,57,90,377,5,11,57
5805,-108,62,90,377,5,12,58
5805,-108,49,90,377,5,10,57
5805,-108,54,90,377,4,11,58
5805,-108,49,90,377,4,9,58
5805,-108,47,90,377,3,9,57
5805,-108,50,90,377,4,11,57
5805,-108,42,90,377,3,10,58
5805,-108,39,90,377,4,9,57
5805,-108,46,90,377,5,9,57
5805,-108,63,90,377,4,9,57
5805,-108,40,90,377,4,9,56
5805,-108,52,89,377,4,9,57
5805,-108,47,90,377,3,9,57
5805,-108,47,90,377,4,9,57
5805,-108,51,90,377,4,9,58
5805,-108,44,90,377,4,8,57
5805,-108,58,90,377,5,11,58
5805,-108,47,90,377,4,9,57
5805,-108,55,90,377,4,8,57
5805,-108,59,90,377,5,8,57
5805,-108,45,90,377,5,8,57
5805,-108,46,90,377,5,10,58
5805,-108,54,90,377,5,9,57
5805,-108,50,90,377,5,8,57
5805,-108,42,90,377,5,9,57
5805,-108,62,90,377,5,9,57
5805,-108,62,90,377,5,11,58
5805,-108,51,90,377,4,9,58
5805,-108,54,90,377,4,9,57
5805,-108,51,90,377,5,10,58
5805,-108,52,90,377,3,10,58
5805,-108,44,89,377,5,10,57
5805,-108,57,90,377,4,12,57
5805,-108,41,90,377,4,10,58
5805,-108,57,90,377,4,10,57
5805,-108,49,90,377,4,7,57
5805,-108,52,90,377,5,8,57
5805,-108,54,90,377,4,9,57
5805,-108,46,90,377,5,8,57
5805,-108,64,90,377,5,10,57
5805,-108,53,90,377,4,7,57
5805,-108,55,90,377,4,11,58
5805,-108,44,90,377,6,10,57
5805,-108,41,90,377,5,10,57
5805,-108,36,90,377,3,9,57
5805,-108,46,90,377,5,10,58
5805,-108,43,90,377,4,10,58
5805,-108,57,90,377,2,10,58
5805,-108,38,89,378,6,10,56
5805,-108,43,90,377,4,10,58
5805,-108,61,90,377,5,10,58
5805,-108,43,90,377,4,8,57
5805,-108,48,90,377,5,9,58
5805,-108,54,90,377,4,10,57
5805,-108,57,90,377,5,8,56
5805,-108,66,90,377,4,8,56
5805,-108,36,90,377,3,9,57
5805,-108,47,90,377,5,9,57
5805,-108,47,90,377,6,8,57
5805,-108,51,90,377,6,10,58
5805,-108,49,90,377,5,10,58
5805,-108,49,90,377,4,9,58
5805,-108,50,90,377,4,10,57
5805,-108,47,90,377,5,9,57
5805,-108,47,90,377,4,9,57
5805,-108,51,90,377,4,7,57
5805,-108,44,90,377,5,8,56
5805,-108,55,90,377,3,8,56
5805,-108,39,90,377,6,8,57
5805,-108,57,90,377,5,10,57
5805,-108,50,90,377,2,10,58
5805,-108,67,90,377,4,8,57
5805,-108,35,90,377,4,9,57
5805,-108,43,90,377,4,11,58
5805,-108,52,90,377,5,9,57
5805,-108,49,90,377,2,10,57
5805,-108,44,90,377,4,11,58
5805,-108,56,90,377,4,9,57
5805,-108,68,90,377,5,10,58
5805,-108,59,90,377,4,7,56
5805,-108,44,90,377,4,7,57
5805,-108,38,90,377,4,9,57
5805,-108,46,90,377,2,9,58
5805,-108,52,90,377,4,10,57
5805,-108,47,90,377,4,8,57
5805,-108,44,90,377,4,9,57
5805,-108,38,90,377,3,7,58
5805,-108,41,90,377,4,11,57
5805,-108,34,90,377,4,10,57
5805,-108,55,90,377,4,9,57
5805,-108,49,90,377,3,9,58
5805,-108,34,90,377,6,11,58
5805,-108,63,90,377,5,7,57
5805,-108,49,90,377,4,9,58
5805,-108,41,90,377,5,9,57
5805,-108,38,89,377,3,7,55
5805,-108,71,90,377,3,8,57
5805,-108,58,90,377,5,10,58
5805,-108,53,90,377,5,11,58
5805,-108,47,90,377,5,9,57
5805,-108,58,90,377,4,11,58
5805,-108,45,90,377,4,10,58
5805,-108,44,90,377,5,10,57
5805,-108,51,90,377,4,9,57
5805,-108,47,90,377,5,9,57
5805,-108,56,90,377,4,10,58
5805,-108,70,90,377,5,10,57
5805,-108,58,90,377,5,8,57
5805,-108,47,90,377,6,10,58
5805,-108,49,90,377,6,10,58
5805,-108,46,90,377,4,11,58
5805,-108,58,89,377,5,10,56
5805,-108,48,90,377,5,8,57
5805,-108,46,90,377,4,8,57
5805,-108,72,90,377,5,9,58
5805,-108,45,90,377,4,8,56
5805,-108,63,90,377,6,10,58
5805,-108,55,90,377,4,9,57
5805,-108,63,90,377,4,9,57
5805,-108,64,90,377,4,11,58
5805,-108,57,90,377,5,9,58
5805,-108,53,90,377,4,10,58
5805,-108,51,90,377,5,10,58
5805,-108,44,90,377,4,9,56
5805,-108,26,90,377,4,9,57
5805,-108,35,90,377,5,7,55
5805,-108,51,90,377,4,9,57
5805,-108,59,90,377,4,9,57
5805,-108,44,90,377,5,9,57
5805,-108,64,90,377,4,12,58
5805,-108,34,90,377,5,12,59
5805,-108,48,90,377,5,8,58
5805,-108,38,90,377,3,10,58
5805,-108,33,90,377,4,11,58
5805,-108,57,90,377,5,10,57
5805,-108,42,90,377,4,9,56
5805,-108,51,90,377,5,9,57
5805,-108,61,90,377,4,11,58
5805,-108,63,90,377,5,9,56
5805,-108,45,90,377,4,8,56
5805,-108,53,90,377,5,8,58
5805,-108,35,90,377,4,10,57
5805,-108,55,90,377,4,10,58
5805,-108,31,90,377,5,11,58
5805,-108,36,90,377,4,10,58
5805,-108,45,90,377,5,9,57
5805,-108,57,90,377,4,8,57
5805,-108,62,90,377,5,8,58
5805,-108,40,90,377,4,11,58
5805,-108,37,90,377,4,9,57
5805,-108,53,90,377,5,10,58
5805,-108,51,90,377,6,9,58
5805,-108,57,90,377,5,9,58
5805,-108,46,90,377,5,8,57
5805,-108,30,88,378,5,8,54
5805,-108,48,90,377,4,9,57
5805,-108,43,89,377,6,9,56
5805,-108,45,90,377,3,9,57
5805,-108,49,90,377,5,9,57
5805,-108,49,90,377,4,10,58
5805,-108,65,90,377,5,10,57
5805,-108,55,90,377,4,9,57
5805,-108,64,90,377,5,11,57
5805,-108,40,90,377,5,10,57
5805,-108,47,90,377,4,10,58
5805,-108,36,90,377,5,7,56
5805,-108,46,90,377,6,11,58
5805,-108,54,90,377,4,9,57
5805,-108,42,90,377,4,6,56
5805,-108,40,90,377,4,9,57
5805,-108,49,90,377,5,9,58
5805,-108,54,90,377,5,7,56
5805,-108,63,90,377,5,8,57
5805,-108,35,90,377,5,10,58
5805,-108,46,90,377,5,10,57
5805,-108,56,90,377,5,9,57
5805,-108,54,90,377,4,9,58
5805,-108,43,90,377,3,9,57
5805,-108,38,90,377,4,10,57
5805,-108,43,90,377,5,11,58
5805,-108,78,90,377,5,9,58
5805,-108,54,90,377,3,10,57
5805,-108,34,90,377,4,11,58
5805,-108,55,90,377,5,9,57
5805,-108,47,90,377,5,8,57
5805,-108,51,90,377,4,10,58
5805,-108,59,90,377,5,11,58
5805,-108,39,90,377,5,10,58
5805,-108,29,90,377,4,11,57
5805,-108,60,90,377,4,10,57
5805,-108,68,90,377,5,9,57
5805,-108,50,90,377,5,11,58
5805,-108,49,90,377,5,10,58
5805,-108,38,90,377,5,10,57
5805,-108,34,90,377,6,9,57
5805,-108,63,90,377,4,10,58
5805,-108,55,90,377,5,9,57
5805,-108,46,90,377,5,8,57
5805,-108,60,89,377,6,11,57
5805,-108,50,90,377,5,10,57
5805,-108,48,90,377,5,10,57
5805,-108,52,90,377,6,9,57
5805,-108,48,90,377,4,10,58
5805,-108,61,90,377,4,10,58
5805,-108,46,90,377,5,9,57
5805,-108,57,90,377,3,8,57
5805,-108,48,90,377,4,7,57
5805,-108,49,90,377,6,10,57
5805,-108,72,90,377,4,12,58
5805,-108,62,90,377,5,9,58
5805,-108,62,90,377,5,9,57
5805,-108,57,90,377,4,9,57
5805,-108,39,90,377,5,9,57
5805,-108,61,90,377,5,10,57
5805,-108,50,90,377,4,10,58
5805,-108,44,90,377,5,8,57
5805,-108,64,90,377,5,10,58
5805,-108,49,90,377,4,10,58
5805,-108,49,90,377,5,10,58
5805,-108,52,90,377,5,10,57
5805,-108,54,90,377,5,8,57
5805,-108,49,90,377,3,9,57
5805,-108,55,90,377,5,8,57
5805,-108,47,90,377,4,10,58
5805,-108,46,90,377,4,10,58
5805,-108,46,90,377,3,10,58
5805,-108,33,90,377,4,9,58
5805,-108,49,90,377,4,9,58
5805,-108,32,90,377,5,10,58
5805,-108,38,90,377,4,9,58
5805,-108,34,90,377,6,10,58
5805,-108,29,89,377,5,8,55
5805,-108,47,90,377,3,10,58
5805,-108,68,90,377,4,10,57
5805,-108,46,90,377,5,9,57
5805,-108,55,90,377,3,10,58
5805,-108,50,90,377,4,7,57
5805,-108,34,90,377,4,9,57
5805,-108,37,90,377,4,9,57
5805,-108,56,90,377,6,9,57
5805,-108,55,90,377,4,10,57
5805,-108,40,90,377,4,11,57
5805,-108,42,90,377,4,9,57
5805,-108,25,89,377,6,10,56
5805,-108,69,90,377,4,9,58
5805,-108,62,90,377,5,10,57
5805,-108,49,90,377,5,11,57
5805,-108,64,90,377,4,9,57
5805,-108,57,90,377,5,10,57
5805,-108,53,90,377,4,10,57
5805,-108,35,90,377,4,10,58
5805,-108,35,90,377,3,9,57
5805,-108,44,90,377,5,8,56
5805,-108,51,90,377,5,10,58
5805,-108,42,90,377,3,9,57
5805,-108,53,90,377,5,10,57
5805,-108,51,90,377,5,9,57
5805,-108,49,90,377,5,10,57
5805,-108,65,90,377,4,9,58
5805,-108,50,90,377,5,9,58
5805,-108,48,90,377,4,9,58
5805,-108,56,90,377,5,10,58
5805,-108,63,90,377,4,10,57
5805,-108,60,90,377,4,9,57
5805,-108,36,90,377,4,10,58
5805,-108,49,90,377,4,10,58
5805,-108,41,90,377,5,10,58
5805,-108,39,90,377,5,10,57
5805,-108,41,90,377,4,10,58
5805,-108,58,90,377,5,10,58
5805,-108,39,90,377,4,9,57
5805,-108,47,90,377,5,8,57
5805,-108,38,90,377,3,9,57
5805,-108,68,90,377,4,10,58
5805,-108,46,90,377,5,11,57
5805,-108,48,90,377,4,8,56
5805,-108,38,90,377,5,8,58
5805,-108,42,90,377,5,9,57
5805,-108,35,89,378,6,9,57
5805,-108,50,90,377,4,8,57
5805,-108,37,90,377,4,10,57
5805,-108,41,90,377,6,11,57
5805,-108,42,90,377,5,9,57
5805,-108,57,90,377,4,9,57
5805,-108,39,90,377,3,9,57
5805,-108,39,90,377,4,9,57
5805,-108,50,90,377,5,7,57
5805,-108,45,90,377,5,8,57
5805,-108,44,90,377,4,8,57
5805,-108,46,90,377,5,10,58
5805,-108,44,90,377,4,11,58
5805,-108,38,90,377,5,8,57
5805,-108,32,90,377,4,9,57
5805,-108,29,90,377,5,9,57
5805,-108,40,90,377,4,8,57
5805,-108,51,90,377,4,8,57
5805,-108,44,90,377,6,7,56
5805,-108,57,90,377,6,11,57
5805,-108,54,90,377,6,9,57
5805,-108,49,90,377,4,9,57
5805,-108,52,90,377,4,9,57
5805,-108,69,90,377,3,8,58
5805,-108,53,90,377,5,9,58
5805,-108,60,90,377,4,8,57
5805,-108,65,90,377,4,9,57
5805,-108,48,90,377,5,8,57
5805,-108,66,90,377,5,11,58
5805,-108,57,90,377,4,9,57
5805,-108,49,90,377,4,11,58
5805,-108,43,90,377,5,10,58
5805,-108,35,90,377,4,8,56
5805,-108,54,90,377,4,9,57
5805,-108,49,90,377,4,10,58
5805,-108,53,90,377,4,9,58
5805,-108,40,90,377,4,9,58
5805,-108,57,90,377,4,8,57
5805,-108,38,90,377,5,11,58
5805,-108,61,90,377,4,9,58
5805,-108,58,90,377,5,10,57
5805,-108,70,90,377,4,8,57
5805,-108,71,90,377,3,9,57
5805,-108,43,90,377,5,10,57
5805,-108,40,90,377,4,9,58
5805,-108,57,90,377,4,11,58
5805,-108,53,90,377,4,11,58
5805,-108,43,90,377,5,10,57
5805,-108,51,90,377,5,7,56
5805,-108,44,90,377,5,9,57
5805,-108,46,88,378,6,9,55
5805,-108,62,90,377,5,9,57
5805,-108,39,90,377,5,6,55
5805,-108,60,90,377,4,11,58
5805,-108,50,90,377,4,10,58
5805,-108,36,90,377,6,9,57
5805,-108,50,90,377,3,10,57
5805,-108,52,90,377,5,11,58
5805,-108,37,89,377,5,9,56
5805,-108,47,90,377,4,10,57
5805,-108,40,90,377,4,10,57
5805,-108,63,90,377,4,10,57
5805,-108,35,89,377,6,8,56
5805,-108,35,90,377,5,10,57
5805,-108,61,90,377,3,8,57
5805,-108,54,90,377,5,8,57
5805,-108,52,90,377,3,6,56
5805,-108,67,90,377,5,10,58
5805,-108,54,90,377,5,9,57
5805,-108,64,90,377,4,10,58
5805,-108,47,90,377,5,10,58
5805,-108,51,90,377,4,11,58
5805,-108,42,89,377,6,12,57
5805,-108,51,90,377,4,10,57
5805,-108,33,90,377,4,10,57
5805,-108,58,90,377,4,9,58
5805,-108,48,90,377,4,8,57
5805,-108,39,90,377,3,8,58
5805,-108,47,90,377,5,11,58
5805,-108,39,90,377,5,9,57
5805,-108,52,90,377,5,8,57
5805,-108,52,90,377,4,7,56
5805,-108,45,89,378,5,11,57
5805,-108,46,90,377,4,8,56
5805,-108,59,90,377,5,9,57
5805,-108,44,90,377,3,8,57
5805,-108,52,90,377,4,10,58
5805,-108,58,90,377,4,8,57
5805,-108,44,90,377,6,10,58
5805,-108,44,90,377,5,11,58
5805,-108,59,90,377,4,10,58
5805,-108,60,90,377,4,8,57
5805,-108,56,90,377,5,9,57
5805,-108,58,90,377,4,10,57
5805,-108,75,90,377,6,7,57
5805,-108,42,90,377,4,10,57
5805,-108,48,90,377,5,10,58
5805,-108,57,90,377,3,9,57
5805,-108,51,90,377,5,9,57
5805,-108,64,90,377,3,9,57
5805,-108,60,90,377,5,11,58
5805,-108,71,90,377,5,10,57
5805,-108,49,90,377,6,11,58
5805,-108,54,90,377,4,9,57
5805,-108,50,90,377,3,10,58
5805,-108,38,90,377,5,10,58
5805,-108,58,90,377,5,11,59
5805,-108,38,90,377,6,10,58
5805,-108,62,90,377,4,9,57
5805,-108,34,90,377,4,7,57
5805,-108,50,90,377,5,10,58
5805,-108,58,90,377,4,9,57
5805,-108,49,90,377,4,10,57
5805,-108,48,90,377,4,10,57
5805,-108,56,90,377,5,10,57
5805,-108,38,90,377,5,9,57
5805,-108,33,90,377,4,10,56
5805,-108,40,90,377,4,11,57
5805,-108,57,90,377,5,9,58
5805,-108,51,90,377,5,9,57
5805,-108,48,90,377,3,10,58
5805,-108,41,90,377,4,11,58
5805,-108,68,90,377,5,10,57
5805,-108,64,90,377,5,9,57
5805,-108,78,90,377,5,9,57
5805,-108,32,90,377,5,9,57
5805,-108,65,90,377,5,10,57
5805,-108,57,90,377,4,10,58
5805,-108,61,90,377,5,8,58
5805,-108,42,90,377,4,9,57
5805,-108,66,90,377,5,8,56
5805,-108,43,90,377,4,10,57
5805,-108,53,90,377,4,11,57
5805,-108,30,89,377,5,8,56
5805,-108,65,90,377,4,10,58
5805,-108,52,90,377,4,10,57
5805,-108,50,90,377,5,8,57
5805,-108,43,90,377,4,10,57
5805,-108,36,90,377,5,9,57
5805,-108,44,90,377,4,11,58
5805,-108,57,90,377,3,8,57
5805,-108,37,90,377,4,10,58
5805,-108,49,90,377,5,10,58
5805,-108,57,90,377,4,8,57
5805,-108,62,90,377,4,9,58
5805,-108,48,90,377,4,10,57
5805,-108,43,90,377,5,8,57
5805,-108,58,90,377,5,10,57
5805,-108,41,90,377,5,10,58
5805,-108,48,90,377,4,11,57
5805,-108,39,90,377,4,10,57
5805,-108,64,90,377,5,10,57
5805,-108,56,90,377,5,9,57
5805,-108,52,90,377,4,8,57
5805,-108,43,90,377,4,10,57
5805,-108,47,90,377,4,10,57
5805,-108,49,90,377,4,8,56
5805,-108,40,90,377,5,11,59
5805,-108,36,90,377,6,10,58
5805,-108,53,90,377,5,11,58
5805,-108,44,90,377,3,9,57
5805,-108,52,90,377,4,10,57
5805,-108,59,90,377,5,10,58
5805,-108,58,90,377,4,8,57
5805,-108,61,90,377,5,10,57
5805,-108,45,90,377,6,9,57
5805,-108,37,90,377,5,9,57
5805,-108,41,90,377,5,9,57
5805,-108,61,90,377,5,10,58
5805,-108,63,90,377,5,9,57
5805,-108,56,90,377,4,9,57
5805,-108,45,90,377,4,8,57
5805,-108,55,90,377,4,9,58
5805,-108,36,90,377,4,9,57
5805,-108,48,90,377,5,10,57
5805,-108,50,90,377,3,9,57
5805,-108,38,90,377,5,8,57
5805,-108,42,90,377,4,9,57
5805,-108,57,90,377,6,9,57
5805,-108,36,89,377,6,10,56
5805,-108,54,90,377,5,9,57
5805,-108,44,90,377,4,10,57
5805,-108,48,90,377,5,8,57
5805,-108,64,90,377,4,10,58
5805,-108,46,90,377,4,9,57
5805,-108,45,90,377,5,11,57
5805,-108,49,90,377,4,8,57
5805,-108,45,90,377,4,9,57
5805,-108,52,90,377,4,9,58
5805,-108,52,90,377,5,9,57
5805,-108,44,90,377,3,10,58
5805,-108,53,90,377,5,8,57
5805,-108,59,90,377,4,9,57
5805,-108,46,90,377,4,9,58
5805,-108,64,90,377,4,12,58
5805,-108,72,90,377,5,9,58
5805,-108,40,90,377,5,6,56
5805,-108,59,90,377,4,9,57
5805,-108,59,90,377,4,9,57
5805,-108,62,90,377,4,11,58
5805,-108,53,90,377,3,9,57
5805,-108,52,90,377,6,8,56
5805,-108,34,90,377,5,9,57
5805,-108,67,90,377,6,9,57
5805,-108,42,90,377,5,10,58
5805,-108,42,90,377,4,8,57
5805,-108,45,90,377,4,11,57
5805,-108,56,90,377,5,10,58
5805,-108,39,90,377,4,10,58
5805,-108,44,90,377,4,11,58
5805,-108,58,90,377,5,9,58
5805,-108,48,90,377,5,10,58
5805,-108,44,89,377,5,10,57
5805,-108,43,90,377,4,11,57
5805,-108,55,90,377,6,10,58
5805,-108,57,90,377,3,8,57
5805,-108,38,90,377,4,10,57
5805,-108,62,90,377,4,9,57
5805,-108,31,90,377,4,9,57
5805,-108,35,90,377,5,9,57
5805,-108,60,90,377,5,9,57
5805,-108,45,90,377,4,10,57
5805,-108,51,90,377,6,9,57
5805,-108,42,90,377,4,11,57
5805,-108,50,90,377,5,9,57
5805,-108,57,90,377,5,7,56
5805,-108,32,90,377,5,11,58
5805,-108,49,90,377,4,9,57
5805,-108,51,90,377,6,10,58
5805,-108,49,90,377,4,12,58
5805,-108,59,90,377,2,9,57
5805,-108,48,90,377,5,9,58
5805,-108,54,90,377,4,9,57
5805,-108,42,90,377,4,10,57
5805,-108,45,89,377,5,12,57
5805,-108,66,90,377,6,9,58
5805,-108,37,90,377,2,8,57
5805,-108,66,90,377,4,9,57
5805,-108,38,90,377,4,8,56
5805,-108,42,90,377,4,10,57
5805,-108,47,90,377,3,9,58
5805,-108,66,90,377,5,7,57
5805,-108,37,90,377,4,8,57
5805,-108,53,90,377,4,10,57
5805,-108,33,90,377,6,10,58
5805,-108,65,90,377,3,11,58
5805,-108,51,90,377,4,8,57
5805,-108,55,90,377,3,9,57
5805,-108,68,90,377,6,10,58
5805,-108,46,90,377,4,9,57
5805,-108,50,90,377,5,10,58
5805,-108,38,90,377,6,9,57
5805,-108,43,90,377,5,10,57
5805,-108,59,90,377,6,9,57
5805,-108,44,90,377,4,10,57
5805,-108,39,90,377,4,12,58
5805,-108,55,90,377,3,9,58
5805,-108,53,90,377,4,9,57
5805,-108,55,90,377,5,10,57
5805,-108,57,90,377,5,9,57
5805,-108,46,90,377,4,11,58
5805,-108,41,90,377,5,10,57
5805,-108,50,90,377,5,10,58
5805,-108,45,90,377,5,7,56
5805,-108,58,90,377,5,11,58
5805,-108,56,90,377,4,10,58
5805,-108,45,90,377,5,9,57
5805,-108,55,90,377,3,10,57
5805,-108,47,90,377,4,9,58
5805,-108,65,90,377,6,10,58
5805,-108,47,90,377,4,11,58
5805,-108,67,90,377,6,8,57
5805,-108,47,90,377,6,9,57
5805,-108,36,90,377,5,10,58
5805,-108,56,90,377,4,9,57
5805,-108,55,90,377,5,10,58
5805,-108,44,90,377,4,9,57
5805,-108,38,90,377,5,9,57
5805,-108,31,90,377,5,9,57
5805,-108,31,89,377,5,9,57
5805,-108,38,90,377,4,8,57
5805,-108,43,90,377,4,8,57
5805,-108,47,90,377,3,10,58
5805,-108,50,90,377,4,7,58
5805,-108,54,90,377,4,9,58
5805,-108,35,90,377,4,8,56
5805,-108,50,90,377,4,9,57
5805,-108,55,90,377,4,9,58
5805,-108,60,90,377,4,11,58
5805,-108,49,90,377,5,9,57
5805,-108,41,90,377,4,9,56
5805,-108,58,90,377,5,10,57
5805,-108,42,90,377,4,10,57
5805,-108,68,90,377,5,10,58
5805,-108,46,90,377,5,9,57
5805,-108,43,90,377,5,9,57
5805,-108,45,90,377,5,10,57
5805,-108,43,90,377,5,9,57
5805,-108,48,90,377,6,10,57
5805,-108,39,90,377,5,11,58
5805,-108,69,90,377,4,9,57
5805,-108,69,90,377,6,8,57
5805,-108,66,90,377,4,11,58
5805,-108,41,90,377,5,6,57
5805,-108,59,90,377,4,9,58
5805,-108,65,90,377,5,9,57
5805,-108,44,90,377,5,9,57
5805,-108,65,90,377,5,10,58
5805,-108,47,90,377,5,10,57
5805,-108,57,90,377,5,10,58
5805,-108,70,90,377,5,10,58
5805,-108,41,90,377,5,9,57
5805,-108,45,90,377,4,9,57
5805,-108,52,90,377,4,10,58
5805,-108,50,90,377,4,9,57
5805,-108,41,90,377,5,9,57
5805,-108,67,90,377,5,10,58
5805,-108,62,90,377,4,9,57
5805,-108,34,90,377,4,12,58
5805,-108,48,90,377,6,10,58
5805,-108,61,90,377,4,8,57
5805,-108,61,90,377,5,9,58
5805,-108,60,90,377,4,10,57
5805,-108,59,90,377,5,11,58
5805,-108,46,90,377,5,9,57
5805,-108,49,90,377,5,10,57
5805,-108,46,90,377,4,9,57
5805,-108,67,90,377,5,10,58
5805,-108,48,90,377,4,11,58
5805,-108,51,90,377,5,9,57
5805,-108,76,90,377,4,12,58
5805,-108,44,90,377,4,10,57
5805,-108,55,90,377,4,9,57
5805,-108,60,90,377,4,10,57
5805,-108,59,90,377,4,9,57
5805,-108,45,90,377,5,9,57
5805,-108,50,90,377,5,9,58
5805,-108,71,90,377,5,8,57
5805,-108,68,90,377,4,10,58
5805,-108,53,89,377,6,9,56
5805,-108,79,90,377,5,8,57
5805,-108,44,90,377,4,9,57
5805,-108,34,90,377,4,9,58
5805,-108,33,90,377,6,9,57
5805,-108,52,90,377,5,9,57
5805,-108,46,90,377,4,11,59
5805,-108,51,90,377,5,8,57
5805,-108,56,90,377,5,10,58
5805,-108,72,90,377,4,8,57
5805,-108,49,90,377,5,9,56
5805,-108,56,90,377,5,11,58
5805,-108,68,90,377,6,8,57
5805,-108,48,90,377,5,11,57
5805,-108,50,90,377,5,9,57
5805,-108,63,90,377,3,9,57
5805,-108,50,90,377,4,8,57
5805,-108,42,90,377,4,9,57
5805,-108,50,90,377,4,9,57
5805,-108,65,90,377,5,10,58
5805,-108,54,90,377,3,11,59
5805,-108,45,90,377,4,10,57
5805,-108,68,89,377,5,9,57
5805,-108,47,90,377,4,10,58
5805,-108,33,90,377,5,9,57
5805,-108,42,90,377,4,9,57
5805,-108,49,90,377,5,11,57
5805,-108,38,90,377,6,10,58
5805,-108,52,90,377,5,9,57
5805,-108,42,90,377,5,8,57
5805,-108,41,90,377,4,9,57
5805,-108,49,90,377,4,9,57
5805,-108,33,90,377,6,10,57
5805,-108,44,90,377,5,10,58
5805,-108,44,89,377,6,9,57
5805,-108,40,90,377,5,10,57
5805,-108,52,90,377,5,9,57
5805,-108,52,90,377,5,9,57
5805,-108,47,90,377,4,10,58
5805,-108,46,90,377,5,8,57
5805,-108,52,90,377,3,11,58
5805,-108,47,90,377,4,9,57
5805,-108,47,90,377,4,10,58
5805,-108,36,90,377,4,7,56
5805,-108,49,90,377,5,12,58
5805,-108,43,90,377,6,11,57
5805,-108,44,90,377,5,10,58
5805,-108,42,90,377,4,9,57
5805,-108,40,90,377,5,9,57
5805,-108,63,90,377,5,12,57
5805,-108,51,90,377,4,9,57
5805,-108,48,90,377,5,11,58
5805,-108,59,90,377,6,9,57
5805,-108,48,90,377,4,10,57
5805,-108,39,90,377,4,8,57
5805,-108,41,89,377,5,9,56
5805,-108,39,90,377,5,10,58
5805,-108,44,90,377,5,11,59
5805,-108,52,90,377,3,10,58
5805,-108,55,90,377,4,9,58
5805,-108,42,90,377,6,9,57
5805,-108,41,90,377,4,10,58
5805,-108,68,90,377,3,8,56
5805,-108,57,90,377,5,8,58
5805,-108,51,90,377,5,8,57
5805,-108,63,90,377,4,10,57
5805,-108,54,90,377,5,10,58
5805,-108,37,90,377,5,10,57
5805,-108,42,90,377,5,9,57
5805,-108,56,90,377,5,9,57
5805,-108,56,90,377,6,9,57
5805,-108,35,90,377,3,10,57
5805,-108,47,89,377,6,9,57
5805,-108,61,90,377,5,10,58
5805,-108,61,90,377,5,10,57
5805,-108,25,89,377,6,9,56
5805,-108,64,90,377,4,8,57
5805,-108,55,90,377,6,9,57
5805,-108,49,90,377,3,12,58
5805,-108,51,90,377,4,9,57
5805,-108,49,89,377,4,7,56
5805,-108,37,90,377,4,10,57
5805,-108,46,90,377,4,8,57
5805,-108,54,90,377,4,8,57
5805,-108,47,90,377,4,10,57
5805,-108,51,90,377,5,9,57
5805,-108,44,90,377,4,11,58
5805,-108,62,90,377,3,9,57
5805,-108,44,90,377,4,10,57
5805,-108,52,90,377,4,10,57
5805,-108,51,90,377,5,10,57
5805,-108,61,89,377,5,9,57
5805,-108,57,90,377,4,10,59
5805,-108,69,90,377,3,8,57
5805,-108,46,90,377,3,10,58
5805,-108,59,90,377,4,9,57
5805,-108,42,90,377,6,8,57
5805,-108,45,90,377,4,7,57
5805,-108,38,90,377,5,10,57
5805,-108,43,90,377,6,8,56
5805,-108,40,90,377,5,10,57
5805,-108,33,90,377,5,10,57
5805,-108,59,90,377,4,9,57
5805,-108,58,90,377,3,9,58
5805,-108,54,90,377,5,9,57
5805,-108,51,90,377,4,9,58
5805,-108,55,90,377,5,9,58
5805,-108,60,90,377,5,10,58
5805,-108,45,90,377,4,9,57
5805,-108,43,90,377,5,8,57
5805,-108,58,90,377,5,9,57
5805,-108,54,90,377,5,10,58
5805,-108,36,90,377,5,8,57
5805,-108,55,90,377,4,10,57
5805,-108,45,89,377,5,12,58
5805,-108,57,90,377,4,9,57
5805,-108,48,89,377,6,11,57
5805,-108,49,90,377,5,11,59
5805,-108,64,90,377,5,9,57
5805,-108,51,90,377,5,9,58
5805,-108,50,90,377,5,11,57
5805,-108,44,90,377,4,9,57
5805,-108,56,90,377,4,9,58
5805,-108,64,90,377,4,8,57
5805,-108,49,90,377,5,11,58
5805,-108,59,90,377,5,8,57
5805,-108,43,90,377,4,10,57
5805,-108,53,90,377,6,10,58
5805,-108,42,90,377,5,9,57
5805,-108,40,89,378,5,11,56
5805,-108,71,90,377,4,10,58
5805,-108,43,90,377,4,11,58
5805,-108,58,89,377,5,9,57
5805,-108,52,90,377,4,10,57
5805,-108,51,90,377,4,8,57
5805,-108,77,90,377,4,8,57
5805,-108,36,89,377,6,10,57
5805,-108,57,90,377,4,11,58
5805,-108,54,90,377,5,10,57
5805,-108,41,90,377,5,10,58
5805,-108,60,90,377,5,12,57
5805,-108,58,90,377,3,9,57
5805,-108,46,90,377,4,9,57
5805,-108,47,90,377,5,9,57
5805,-108,61,90,377,5,11,57
5805,-108,42,90,377,3,10,58
5805,-108,58,90,377,5,9,57
5805,-108,54,90,377,4,9,57
5805,-108,37,90,377,4,10,57
5805,-108,59,90,377,5,10,58
5805,-108,53,90,377,4,8,57
5805,-108,45,90,377,4,11,58
5805,-108,42,90,377,3,9,57
5805,-108,41,90,377,5,10,58
5805,-108,51,90,377,4,11,57
5805,-108,58,90,377,5,8,56
5805,-108,54,90,377,5,10,58
5805,-108,53,90,377,4,10,58
5805,-108,40,90,377,6,9,57
5805,-108,40,90,377,5,10,57
5805,-108,54,90,377,3,8,57
5805,-108,68,90,377,5,8,57
5805,-108,64,90,377,4,8,57
5805,-108,59,90,377,5,11,58
5805,-108,76,90,377,3,10,58
5805,-108,51,90,377,4,10,58
5805,-108,53,90,377,4,10,57
5805,-108,67,90,377,4,11,58
5805,-108,63,90,377,5,9,58
5805,-108,46,90,377,5,8,57
5805,-108,38,90,377,4,9,57
5805,-108,56,90,377,5,9,57
5805,-108,56,90,377,5,9,57
5805,-108,58,90,377,5,9,57
5805,-108,57,90,377,3,10,58
5805,-108,78,90,377,4,10,57
5805,-108,55,90,377,4,8,56
5805,-108,55,90,377,4,10,58
5805,-108,60,90,377,4,10,58
5805,-108,46,90,377,5,11,58
5805,-108,37,90,377,5,9,57
5805,-108,49,90,377,5,10,57
5805,-108,40,90,377,3,10,57
5805,-108,59,90,377,4,8,57
5805,-108,45,90,377,6,9,58
5805,-108,35,90,377,4,10,58
5805,-108,48,90,377,5,10,58
5805,-108,49,90,377,5,9,57
5805,-108,46,90,377,4,9,57
5805,-108,45,90,377,4,10,57
5805,-108,60,90,377,5,9,58
5805,-108,50,90,377,6,7,57
5805,-108,39,90,377,4,10,58
5805,-108,64,90,377,4,11,58
5805,-108,45,90,377,4,10,57
5805,-108,43,90,377,4,8,57
5805,-108,57,90,377,4,8,58
5805,-108,48,90,377,4,9,57
5805,-108,37,90,377,5,9,57
5805,-108,45,90,377,4,8,56
5805,-108,37,89,377,6,10,57
5805,-108,55,90,377,3,10,57
5805,-108,57,90,377,3,9,57
5805,-108,45,90,377,4,8,56
5805,-108,46,90,377,5,10,57
5805,-108,51,90,377,5,9,58
5805,-108,41,90,377,5,8,57
5805,-108,44,90,377,4,9,57
5805,-108,47,90,377,6,10,57
5805,-108,43,90,377,5,10,57
5805,-108,32,90,377,5,9,57
5805,-108,58,90,377,6,8,57
5805,-108,54,90,377,5,9,57
5805,-108,42,90,377,5,10,57
5805,-108,56,90,377,4,10,58
5805,-108,49,90,377,3,9,57
5805,-108,62,90,377,3,9,57
5805,-108,45,90,377,4,9,56
5805,-108,62,90,377,4,9,58
5805,-108,50,90,377,5,10,57
5805,-108,51,90,377,4,10,58
5805,-108,38,90,377,4,8,56
5805,-108,64,90,377,4,9,57
5805,-108,49,90,377,5,9,57
5805,-108,60,90,377,4,10,58
5805,-108,50,90,377,4,11,58
5805,-108,49,89,377,6,9,56
5805,-108,58,90,377,3,10,58
5805,-108,61,90,377,4,8,56
5805,-108,55,90,377,5,10,58
5805,-108,48,90,377,4,9,57
5805,-108,63,90,377,4,9,57
5805,-108,53,90,377,5,8,57
5805,-108,67,90,377,5,9,57
5805,-108,52,90,377,4,10,58
5805,-108,30,90,377,5,9,57
5805,-108,64,90,377,5,10,58
5805,-108,55,90,377,4,10,58
5805,-108,63,90,377,3,8,57
5805,-108,69,90,377,4,9,57
5805,-108,32,90,377,4,10,56
5805,-108,45,90,377,6,10,57
5805,-108,69,90,377,5,10,58
5805,-108,58,90,377,4,10,57
5805,-108,55,90,377,6,8,57
5805,-108,55,90,377,5,7,56
5805,-108,61,90,377,4,9,58
5805,-108,37,90,377,5,8,58
5805,-108,71,90,377,5,10,57
5805,-108,39,90,377,5,12,58
5805,-108,51,90,377,5,7,56
5805,-108,41,89,377,5,10,57
5805,-108,60,90,377,5,9,57
5805,-108,52,90,377,5,11,57
5805,-108,45,90,377,4,8,57
5805,-108,67,90,377,5,11,58
5805,-108,38,90,377,4,9,57
5805,-108,45,90,377,5,10,58
5805,-108,45,90,377,4,10,56
5805,-108,47,90,377,5,10,58
5805,-108,45,90,377,5,7,57
5805,-108,54,90,377,3,8,57
5805,-108,57,90,377,4,11,57
5805,-108,55,90,377,5,10,58
5805,-108,45,90,377,4,10,58
5805,-108,55,90,377,4,10,58
5805,-108,47,90,377,5,9,57
5805,-108,54,90,377,4,8,57
5805,-108,40,89,378,6,10,57
5805,-108,51,90,377,5,9,56
5805,-108,57,90,377,4,8,56
5805,-108,37,90,377,4,10,58
5805,-108,34,90,377,4,9,57
5805,-108,71,90,377,5,10,58
5805,-108,44,90,377,4,10,58
5805,-108,47,90,377,5,11,58
5805,-108,30,89,378,5,8,56
5805,-108,37,90,377,5,8,56
5805,-108,51,90,377,5,10,57
5805,-108,61,90,377,5,11,57
5805,-108,61,90,377,3,11,58
5805,-108,45,90,377,4,9,57
5805,-108,32,90,377,4,9,58
5805,-108,48,90,377,4,11,58
5805,-108,42,90,377,6,9,57
5805,-108,64,90,377,4,8,57
5805,-108,26,90,377,5,10,57
5805,-108,65,90,377,4,9,57
5805,-108,53,90,377,4,9,57
5805,-108,39,90,377,4,8,57
5805,-108,59,90,377,4,10,58
5805,-108,68,90,377,5,9,57
5805,-108,60,90,377,3,9,58
5805,-108,42,90,377,4,10,58
5805,-108,44,90,377,3,9,57
5805,-108,46,90,377,2,9,57
5805,-108,52,90,377,4,9,57
5805,-108,56,90,377,5,9,57
5805,-108,40,90,377,5,10,58
5805,-108,38,90,377,4,10,57
5805,-108,49,90,377,5,10,58
5805,-108,41,90,377,5,9,57
5805,-108,52,90,377,5,10,58
5805,-108,42,90,377,6,12,57
5805,-108,44,90,377,5,12,58
5805,-108,54,90,377,5,10,57
5805,-108,47,90,377,5,10,57
5805,-108,49,90,377,5,11,58
5805,-108,52,88,378,7,10,56
5805,-108,59,90,377,4,9,57
5805,-108,42,90,377,6,10,58
5805,-108,45,90,377,4,9,58
5805,-108,58,90,377,4,9,57
5805,-108,55,90,377,3,9,57
5805,-108,42,89,377,5,7,55
5805,-108,70,90,377,4,8,57
5805,-108,47,90,377,5,10,57
5805,-108,51,90,377,5,8,58
5805,-108,49,90,377,4,12,59
5805,-108,46,90,377,4,8,57
5805,-108,54,90,377,5,10,58
5805,-108,45,90,377,4,11,58
5805,-108,55,90,377,4,10,57
5805,-108,44,90,377,5,9,57
5805,-108,56,90,377,3,9,57
5805,-108,49,90,377,6,11,58
5805,-108,46,90,377,5,8,57
5805,-108,36,90,377,4,9,57
5805,-108,73,90,377,5,9,57
5805,-108,59,90,377,3,10,57
5805,-108,69,90,377,5,11,58
5805,-108,61,90,377,5,10,58
5805,-108,51,90,377,5,10,58
5805,-108,60,90,377,4,10,57
5805,-108,55,90,377,4,9,58
5805,-108,64,90,377,4,9,57
5805,-108,49,90,377,4,10,58
5805,-108,46,90,377,7,10,58
5805,-108,50,90,377,3,9,57
5805,-108,46,90,377,5,9,57
5805,-108,49,90,377,3,8,57
5805,-108,43,90,377,4,9,57
5805,-108,50,90,377,4,7,56
5805,-108,61,90,377,4,10,58
5805,-108,59,90,377,4,8,57
5805,-108,46,90,377,4,10,58
5805,-108,54,90,377,5,8,57
5805,-108,48,90,377,4,9,57
5805,-108,61,90,377,3,10,57
5805,-108,35,90,377,5,10,57
5805,-108,46,90,377,5,7,56
5805,-108,30,90,377,4,8,56
5805,-108,45,90,377,5,9,57
5805,-108,39,90,377,4,9,57
5805,-108,46,90,377,5,7,59
5805,-108,49,90,377,4,8,57
5805,-108,51,90,377,5,9,57
5805,-108,46,90,377,5,9,57
5805,-108,49,90,377,5,9,58
5805,-108,58,90,377,4,9,57
5805,-108,56,90,377,4,11,57
5805,-108,32,90,377,4,8,56
5805,-108,46,89,377,5,7,56
5805,-108,44,90,377,4,9,57
5805,-108,67,90,377,4,10,57
5805,-108,55,90,377,4,11,57
5805,-108,50,90,377,6,9,58
5805,-108,40,89,378,5,10,57
5805,-108,53,90,377,6,11,59
5805,-108,51,90,377,4,9,58
5805,-108,58,90,377,4,10,57
5805,-108,52,90,377,4,11,58
5805,-108,50,90,377,4,10,57
5805,-108,48,90,377,5,11,58
5805,-108,58,90,377,4,10,57
5805,-108,42,89,377,5,8,56
5805,-108,54,90,377,5,10,57
5805,-108,54,90,377,4,10,58
5805,-108,46,90,377,4,9,57
5805,-108,29,90,377,5,9,57
5805,-108,41,90,377,4,9,56
5805,-108,41,90,377,5,11,58
5805,-108,53,90,377,4,9,57
5805,-108,43,90,377,5,9,57
5805,-108,57,90,377,4,9,57
5805,-108,56,90,377,4,11,57
5805,-108,63,90,377,5,9,58
5805,-108,57,90,377,5,9,58
5805,-108,45,90,377,4,9,57
5805,-108,48,90,377,4,7,58
5805,-108,41,90,377,5,9,58
5805,-108,64,90,377,3,9,58
5805,-108,38,90,377,5,8,56
5805,-108,49,90,377,4,10,58
5805,-108,34,90,377,5,9,57
5805,-108,35,90,377,5,11,58
5805,-108,28,90,377,5,9,57
5805,-108,56,90,377,4,10,58
5805,-108,47,90,377,5,9,57
5805,-108,26,89,377,5,9,56
5805,-108,27,90,377,5,10,57
5805,-108,65,90,377,4,10,58
5805,-108,50,90,377,4,10,58
5805,-108,67,90,377,6,8,58
5805,-108,47,90,377,5,11,57
5805,-108,33,89,377,5,9,56
5805,-108,51,90,377,4,11,58
5805,-108,54,90,377,6,9,57
5805,-108,49,89,377,6,10,58
5805,-108,57,90,377,4,10,58
5805,-108,54,90,377,5,8,57
5805,-108,45,90,377,4,9,57
5805,-108,61,90,377,4,9,57
5805,-108,52,90,377,4,12,57
5805,-108,63,90,377,4,10,57
5805,-108,33,90,377,4,8,56
5805,-108,44,89,377,5,10,57
5805,-108,52,90,377,4,9,57
5805,-108,51,90,377,5,9,57
5805,-108,40,89,377,5,11,57
5805,-108,61,90,377,5,9,57
5805,-108,60,90,377,4,10,57
5805,-108,58,90,377,4,10,58
5805,-108,52,90,377,5,9,58
5805,-108,58,90,377,5,11,57
5805,-108,38,90,377,4,9,57
5805,-108,61,90,377,5,11,58
5805,-108,45,90,377,6,9,57
5805,-108,74,90,377,4,9,58
5805,-108,48,90,377,5,12,58
5805,-108,34,90,377,4,9,57
5805,-108,51,90,377,4,11,58
5805,-108,49,90,377,4,9,57
5805,-108,46,90,377,5,10,56
5805,-108,53,90,377,5,9,58
5805,-108,51,90,377,5,9,58
5805,-108,39,90,377,4,9,57
5805,-108,42,90,377,5,9,58
5805,-108,46,90,377,4,10,57
5805,-108,57,90,377,5,8,57
5805,-108,64,90,377,3,10,57
5805,-108,57,90,377,4,7,57
5805,-108,44,90,377,5,9,57
5805,-108,66,90,377,4,10,57
5805,-108,40,90,377,4,9,57
5805,-108,60,90,377,3,9,57
5805,-108,75,90,377,5,10,58
5805,-108,57,90,377,5,9,57
5805,-108,48,90,377,6,9,57
5805,-108,58,90,377,3,10,57
5805,-108,63,90,377,4,9,57
5805,-108,61,90,377,6,9,58
5805,-108,49,90,377,5,10,57
5805,-108,39,90,377,4,10,58
5805,-108,46,90,377,4,10,58
5805,-108,60,90,377,6,9,57
5805,-108,53,90,377,5,7,58
5805,-108,58,90,377,4,9,57
5805,-108,50,90,377,3,8,57
5805,-108,48,90,377,3,9,57
5805,-108,39,90,377,5,11,58
5805,-108,66,90,377,5,8,57
5805,-108,41,90,377,5,8,56
5805,-108,62,90,377,5,10,57
5805,-108,64,90,377,4,11,58
5805,-108,46,90,377,4,7,57
5805,-108,43,90,377,5,11,58
5805,-108,39,90,377,5,9,57
5805,-108,50,90,377,5,9,58
5805,-108,52,90,377,3,9,58
5805,-108,46,90,377,4,9,57
5805,-108,53,90,377,6,9,57
5805,-108,52,90,377,5,9,58
5805,-108,66,90,377,4,8,57
5805,-108,71,90,377,3,9,57
5805,-108,37,90,377,4,11,58
5805,-108,35,90,377,4,9,57
5805,-108,42,90,377,4,9,58
5805,-108,49,90,377,5,10,57
5805,-108,55,90,377,5,9,58
5805,-108,43,90,377,4,10,58
5805,-108,36,90,377,3,9,57
5805,-108,46,90,377,5,9,57
5805,-108,49,89,377,5,8,56
5805,-108,58,90,377,3,8,57
5805,-108,49,90,377,4,10,57
5805,-108,57,90,377,5,11,58
5805,-108,51,90,377,4,9,57
5805,-108,49,90,377,4,9,58
5805,-108,46,90,377,4,9,57
5805,-108,44,90,377,2,7,56
5805,-108,39,90,377,6,9,58
5805,-108,58,90,377,5,8,57
5805,-108,55,90,377,4,10,58
5805,-108,60,90,377,5,9,57
5805,-108,62,90,377,4,8,58
5805,-108,48,89,377,5,9,56
5805,-108,62,90,377,5,9,58
5805,-108,35,90,377,5,10,57
5805,-108,54,90,377,4,10,58
5805,-108,62,90,377,4,10,57
5805,-108,44,90,377,6,9,57
5805,-108,66,90,377,4,12,58
5805,-108,36,90,377,5,11,58
5805,-108,41,89,377,6,9,55
5805,-108,50,90,377,5,7,57
5805,-108,32,90,377,5,10,57
5805,-108,51,90,377,6,10,57
5805,-108,55,90,377,4,11,58
5805,-108,58,90,377,5,10,58
5805,-108,32,90,377,4,10,58
5805,-108,45,90,377,5,9,58
5805,-108,45,90,377,5,10,58
5805,-108,41,90,377,3,9,57
5805,-108,45,90,377,4,9,58
5805,-108,41,90,377,4,10,57
5805,-108,41,90,377,4,11,58
5805,-108,54,90,377,4,10,57
5805,-108,53,90,377,5,11,59
5805,-108,56,90,377,5,9,57
5805,-108,39,90,377,4,9,57
5805,-108,55,90,377,4,10,58
5805,-108,48,90,377,3,9,58
5805,-108,58,90,377,5,10,57
5805,-108,53,90,377,5,9,57
5805,-108,57,90,377,4,10,58
5805,-108,51,90,377,3,8,57
5805,-108,44,90,377,4,11,58
5805,-108,61,90,377,6,12,58
5805,-108,55,90,377,5,8,57
5805,-108,45,90,377,4,9,58
5805,-108,55,90,377,4,10,58
5805,-108,39,90,377,5,11,58
5805,-108,46,89,377,6,9,56
5805,-108,44,90,377,5,10,57
5805,-108,31,90,377,4,10,57
5805,-108,54,90,377,3,9,57
5805,-108,39,90,377,5,9,57
5805,-108,64,90,377,4,9,58
5805,-108,55,90,377,5,10,57
5805,-108,59,90,377,5,10,58
5805,-108,41,90,377,5,9,56
5805,-108,55,90,377,5,6,56
5805,-108,52,90,377,5,9,57
5805,-108,50,90,377,6,11,59
5805,-108,50,90,377,5,9,58
5805,-108,50,90,377,4,11,58
5805,-108,56,90,377,5,11,58
5805,-108,54,90,377,6,10,58
5805,-108,51,90,377,4,8,57
5805,-108,44,90,377,4,9,57
5805,-108,54,90,377,4,9,58
5805,-108,59,90,377,5,7,57
5805,-108,56,90,377,5,10,57
5805,-108,43,90,377,5,9,57
5805,-108,52,90,377,4,10,57
5805,-108,48,90,377,4,10,58
5805,-108,46,90,377,5,8,56
5805,-108,43,90,377,4,9,57
5805,-108,37,90,377,4,10,58
5805,-108,66,90,377,4,9,57
5805,-108,36,90,377,4,9,57
5805,-108,65,90,377,5,9,57
5805,-108,61,90,377,4,9,57
5805,-108,50,90,377,6,9,58
5805,-108,47,90,377,5,9,57
5805,-108,50,90,377,5,9,57
5805,-108,56,90,377,5,9,57
5805,-108,62,90,377,5,11,58
5805,-108,49,90,377,4,9,57
5805,-108,52,90,377,4,9,57
5805,-108,54,90,377,3,10,58
5805,-108,69,90,377,5,11,57
5805,-108,54,90,377,4,9,58
5805,-108,64,90,377,5,10,58
5805,-108,32,90,377,5,9,57
5805,-108,61,90,377,4,8,57
5805,-108,31,90,377,5,8,57
5805,-108,50,90,377,4,9,57
5805,-108,42,88,378,6,12,56
5805,-108,50,90,377,4,9,57
5805,-108,52,90,377,4,10,58
5805,-108,48,90,377,4,9,57
5805,-108,55,90,377,4,10,58
5805,-108,50,90,377,3,11,58
5805,-108,49,90,377,4,10,58
5805,-108,49,90,377,4,9,58
5805,-108,48,90,377,4,9,57
5805,-108,47,90,377,5,10,58
5805,-108,64,90,377,5,10,57
5805,-108,45,90,377,5,11,58
5805,-108,54,90,377,5,11,59
5805,-108,49,90,377,4,9,58
5805,-108,48,90,377,5,9,57
5805,-108,58,90,377,3,10,58
5805,-108,46,90,377,4,7,57
5805,-108,49,90,377,4,11,58
5805,-108,64,90,377,4,8,57
5805,-108,49,90,377,5,9,58
5805,-108,47,90,377,5,9,57
5805,-108,56,90,377,4,10,58
5805,-108,54,90,377,4,7,56
5805,-108,42,90,377,4,10,57
5805,-108,68,90,377,5,7,57
5805,-108,37,90,377,4,9,57
5805,-108,70,90,377,5,10,58
5805,-108,53,90,377,3,9,57
5805,-108,49,89,378,6,9,57
5805,-108,43,90,377,4,8,57
5805,-108,55,90,377,5,10,58
5805,-108,56,90,377,5,9,57
5805,-108,28,90,377,4,11,57
5805,-108,34,90,377,5,8,57
5805,-108,57,90,377,4,11,57
5805,-108,51,90,377,5,11,58
5805,-108,41,90,377,4,9,57
5805,-108,45,90,377,4,8,57
5805,-108,55,90,377,5,10,58
5805,-108,46,90,377,5,8,57
5805,-108,42,90,377,5,10,57
5805,-108,64,90,377,5,9,57
5805,-108,64,90,377,4,10,57
5805,-108,60,90,377,5,9,57
5805,-108,60,90,377,4,10,57
5805,-108,45,90,377,4,10,58
5805,-108,49,90,377,5,9,57
5805,-108,52,90,377,5,9,58
5805,-108,49,89,378,6,10,56
5805,-108,53,90,377,5,10,57
5805,-108,39,90,377,4,9,57
5805,-108,55,90,377,5,8,57
5805,-108,61,90,377,5,9,57
5805,-108,58,90,377,6,9,58
5805,-108,55,90,377,5,9,57
5805,-108,52,90,377,4,9,58
5805,-108,49,90,377,5,10,57
5805,-108,68,90,377,3,9,58
5805,-108,68,90,377,5,10,58
5805,-108,42,89,377,5,9,57
5805,-108,47,90,377,4,12,58
5805,-108,47,90,377,4,8,57
5805,-108,53,90,377,4,10,58
5805,-108,52,90,377,5,10,58
5805,-108,41,90,377,5,10,58
5805,-108,50,90,377,5,9,58
5805,-108,38,90,377,5,10,57
5805,-108,31,88,378,6,8,55
5805,-108,46,90,377,7,10,58
5805,-108,62,90,377,4,10,57
5805,-108,38,90,377,5,9,58
5805,-108,55,90,377,6,10,58
5805,-108,47,90,377,5,8,57
5805,-108,58,90,377,4,9,58
5805,-108,45,90,377,4,9,57
5805,-108,40,90,377,4,10,57
5805,-108,59,90,377,4,10,57
5805,-108,46,90,377,4,9,57
5805,-108,50,90,377,5,9,57
5805,-108,49,90,377,4,8,57
5805,-108,62,90,377,5,10,58
5805,-108,52,90,377,5,10,57
5805,-108,52,90,377,5,9,57
5805,-108,45,90,377,6,9,58
5805,-108,46,90,377,5,9,57
5805,-108,58,90,377,5,10,58
5805,-108,38,90,377,3,11,58
5805,-108,64,90,377,5,9,57
5805,-108,63,90,377,5,8,57
5805,-108,60,90,377,4,9,58
5805,-108,43,90,377,5,8,57
5805,-108,34,90,377,6,10,57
5805,-108,51,90,377,5,12,58
5805,-108,43,90,377,5,9,57
5805,-108,43,90,377,4,9,58
5805,-108,47,90,377,6,8,57
5805,-108,33,90,377,3,8,57
5805,-108,36,90,377,3,9,57
5805,-108,58,90,377,5,10,57
5805,-108,63,90,377,5,11,57
5805,-108,45,89,377,5,8,56
5805,-108,47,90,377,5,10,58
5805,-108,58,90,377,3,12,57
5805,-108,51,90,377,5,8,57
5805,-108,48,90,377,5,9,58
5805,-108,64,90,377,4,9,58
5805,-108,53,90,377,5,10,58
5805,-108,57,90,377,5,8,57
5805,-108,63,90,377,4,11,58
5805,-108,47,90,377,5,9,57
5805,-108,50,89,377,5,10,56
5805,-108,52,90,377,6,9,58
5805,-108,50,90,377,4,9,57
5805,-108,48,89,378,5,8,56
5805,-108,60,90,377,4,9,58
5805,-108,48,90,377,6,11,58
5805,-108,38,90,377,4,8,56
5805,-108,73,90,377,5,11,59
5805,-108,49,90,377,5,9,57
5805,-108,44,90,377,4,10,58
5805,-108,48,90,377,6,10,58
5805,-108,29,90,377,4,9,56
5805,-108,63,90,377,3,11,58
5805,-108,52,90,377,4,11,57
5805,-108,44,90,377,4,8,55
5805,-108,47,90,377,4,10,58
5805,-108,39,90,377,5,9,57
5805,-108,53,90,377,3,11,58
5805,-108,45,90,377,5,7,57
5805,-108,65,90,377,4,10,58
5805,-108,45,90,377,6,8,56
5805,-108,51,90,377,5,8,57
5805,-108,41,88,378,4,11,56
5805,-108,59,90,377,4,11,58
5805,-108,44,90,377,4,10,58
5805,-108,45,90,377,5,10,58
5805,-108,44,90,377,5,8,57
5805,-108,36,90,377,6,9,57
5805,-108,34,90,377,3,9,56
5805,-108,52,90,377,5,10,58
5805,-108,38,90,377,5,10,57
5805,-108,64,90,377,5,12,57
5805,-108,46,90,377,4,9,57
5805,-108,46,90,377,4,9,58
5805,-108,48,89,377,5,10,57
5805,-108,58,90,377,5,8,57
5805,-108,58,90,377,4,9,58
5805,-108,51,90,377,4,10,57
5805,-108,52,90,377,4,9,58
5805,-108,61,90,377,5,10,57
5805,-108,67,90,377,4,11,58
5805,-108,45,90,377,4,10,57
5805,-108,42,90,377,4,9,57
5805,-108,48,90,377,5,9,57
5805,-108,58,90,377,5,10,58
5805,-108,55,90,377,5,10,58
5805,-108,57,90,377,5,10,57
5805,-108,52,90,377,4,10,57
5805,-108,54,89,377,5,10,57
5805,-108,40,90,377,4,10,57
5805,-108,61,90,377,6,9,58
5805,-108,60,90,377,4,9,58
5805,-108,29,90,377,4,9,57
5805,-108,57,90,377,4,9,58
5805,-108,48,90,377,5,10,57
5805,-108,36,90,377,4,8,56
5805,-108,55,90,377,5,10,58
5805,-108,49,90,377,4,9,57
5805,-108,47,90,377,4,9,58
5805,-108,46,90,377,4,9,57
5805,-108,44,90,377,4,8,57
5805,-108,46,90,377,4,10,57
5805,-108,61,90,377,5,11,58
5805,-108,37,90,377,4,9,57
5805,-108,57,90,377,5,10,58
5805,-108,33,87,379,7,10,55
5805,-108,49,90,377,3,9,57
5805,-108,30,90,377,4,9,57
5805,-108,41,90,377,5,9,58
5805,-108,49,90,377,4,11,58
5805,-108,54,90,377,3,10,57
5805,-108,35,90,377,3,10,57
5805,-108,43,90,377,4,10,58
5805,-108,61,90,377,5,11,57
5805,-108,34,90,377,5,10,58
5805,-108,55,90,377,5,9,56
5805,-108,41,90,377,5,9,57
5805,-108,49,89,377,4,9,57
5805,-108,62,90,377,4,10,58
5805,-108,41,90,377,5,9,57
5805,-108,48,90,377,4,10,58
5805,-108,43,90,377,4,10,56
5805,-108,50,90,377,5,10,57
5805,-108,34,90,377,5,10,57
5805,-108,40,90,377,3,10,57
5805,-108,46,89,377,4,9,56
5805,-108,40,90,377,4,11,58
5805,-108,43,90,377,4,7,56
5805,-108,64,90,377,4,9,57
5805,-108,45,90,377,4,8,57
5805,-108,44,90,377,6,9,56
5805,-108,49,90,377,4,10,58
5805,-108,57,90,377,5,9,57
5805,-108,40,90,377,4,10,57
5805,-108,38,90,377,4,10,57
5805,-108,37,90,377,6,10,57
5805,-108,44,88,378,6,7,55
5805,-108,36,90,377,4,10,57
5805,-108,44,90,377,5,10,58
5805,-108,56,90,377,5,10,58
5805,-108,47,90,377,6,10,58
5805,-108,53,90,377,5,10,57
5805,-108,34,89,377,7,7,56
5805,-108,42,90,377,3,10,58
5805,-108,51,90,377,4,11,57
5805,-108,40,90,377,5,8,56
5805,-108,34,90,377,5,11,58
5805,-108,69,90,377,3,9,57
5805,-108,41,90,377,4,8,57
5805,-108,33,89,378,6,8,56
5805,-108,34,90,377,4,9,57
5805,-108,40,90,377,4,8,56
5805,-108,34,90,377,4,9,57
5805,-108,28,90,377,4,9,55
5805,-108,40,90,377,5,10,57
5805,-108,52,90,377,4,8,57
5805,-108,39,90,377,4,8,57
5805,-108,33,90,377,4,10,57
5805,-108,41,90,377,5,10,57
5805,-108,47,90,377,5,10,58
5805,-108,47,90,377,5,10,58
5805,-108,32,90,377,6,9,58
5805,-108,44,90,377,5,8,56
5805,-108,54,90,377,5,11,58
5805,-108,49,90,377,5,9,57
5805,-108,49,90,377,4,11,58
5805,-108,42,90,377,4,10,57
5805,-108,65,90,377,5,9,58
5805,-108,54,90,377,5,8,57
5805,-108,40,90,377,3,9,57
5805,-108,62,90,377,4,9,58
5805,-108,42,90,377,5,10,58
5805,-108,60,90,377,5,11,58
5805,-108,56,90,377,4,10,58
5805,-108,52,90,377,4,11,58
5805,-108,50,90,377,5,9,57
5805,-108,50,90,377,5,9,57
5805,-108,45,90,377,3,9,57
5805,-108,53,90,377,4,12,59
5805,-108,47,90,377,4,9,57
5805,-108,36,90,377,6,10,57
5805,-108,47,90,377,4,9,57
5805,-108,56,90,377,3,8,57
5805,-108,57,90,377,5,12,58
5805,-108,49,90,377,4,10,58
5805,-108,70,90,377,5,10,57
5805,-108,42,90,377,3,11,58
5805,-108,33,90,377,5,8,57
5805,-108,52,90,377,4,10,57
5805,-108,32,90,377,3,9,57
5805,-108,38,89,377,6,9,56
5805,-108,44,90,377,4,8,57
5805,-108,37,90,377,4,10,58
5805,-108,33,90,377,5,9,57
5805,-108,62,90,377,4,8,58
5805,-108,47,90,377,5,10,57
5805,-108,56,90,377,4,9,57
5805,-108,44,90,377,4,9,57
5805,-108,45,90,377,5,9,57
5805,-108,32,90,377,3,9,57
5805,-108,55,90,377,4,9,57
5805,-108,58,90,377,5,11,57
5805,-108,36,90,377,3,10,57
5805,-108,35,90,377,4,8,57
5805,-108,59,90,377,4,10,58
5805,-108,46,90,377,5,9,57
5805,-108,42,90,377,6,8,56
5805,-108,41,90,377,5,9,57
5805,-108,53,90,377,4,8,57
5805,-108,70,90,377,4,10,58
5805,-108,33,90,377,4,13,59
5805,-108,58,90,377,5,8,57
5805,-108,24,90,377,4,10,57
5805,-108,44,90,377,4,11,58
5805,-108,61,90,377,4,10,58
5805,-108,61,90,377,4,9,57
5805,-108,39,90,377,5,11,58
5805,-108,47,90,377,4,9,57
5805,-108,41,89,378,5,11,57
5805,-108,43,90,377,5,10,57
5805,-108,50,90,377,4,10,57
5805,-108,42,90,377,4,9,58
5805,-108,53,90,377,4,10,58
5805,-108,53,89,377,5,7,56
5805,-108,54,90,377,4,10,57
5805,-108,65,90,377,4,9,57
5805,-108,59,90,377,6,9,57
5805,-108,37,90,377,4,8,57
5805,-108,43,90,377,5,8,57
5805,-108,63,90,377,5,9,58
5805,-108,50,90,377,5,10,58
5805,-108,56,90,377,5,10,57
5805,-108,46,90,377,4,10,58
5805,-108,62,90,377,5,10,57
5805,-108,40,90,377,5,10,59
5805,-108,39,90,377,4,9,57
5805,-108,56,90,377,4,10,58
5805,-108,49,90,377,5,10,57
5805,-108,40,90,377,5,12,58
5805,-108,55,90,377,5,9,57
5805,-108,62,90,377,4,10,58
5805,-108,43,90,377,4,10,57
5805,-108,57,90,377,4,11,58
5805,-108,40,90,377,5,8,56
5805,-108,45,90,377,5,11,57
5805,-108,46,90,377,3,10,58
5805,-108,42,90,377,5,9,57
5805,-108,40,90,377,4,8,57
5805,-108,69,89,377,6,10,57
5805,-108,32,90,377,5,9,57
5805,-108,71,90,377,3,10,57
5805,-108,33,90,377,6,9,57
5805,-108,55,90,377,6,10,58
5805,-108,44,90,377,5,9,57
5805,-108,45,90,377,5,9,57
5805,-108,53,90,377,5,8,58
5805,-108,40,89,377,5,10,56
5805,-108,54,90,377,3,10,58
5805,-108,43,90,377,5,9,58
5805,-108,40,90,377,5,9,57
5805,-108,39,90,377,5,8,57
5805,-108,51,90,377,5,10,58
5805,-108,47,90,377,4,8,58
5805,-108,78,90,377,5,9,58
5805,-108,35,90,377,6,9,57
5805,-108,50,90,377,6,9,57
5805,-108,32,90,377,5,9,57
5805,-108,39,90,377,3,9,57
5805,-108,29,90,377,4,8,57
5805,-108,61,90,377,6,10,57
5805,-108,56,90,377,4,9,57
5805,-108,54,89,377,3,10,57
5805,-108,49,90,377,6,10,58
5805,-108,51,90,377,5,9,57
5805,-108,38,90,377,4,10,57
5805,-108,50,90,377,3,9,57
5805,-108,54,90,377,4,10,57
5805,-108,58,90,377,5,9,57
5805,-108,35,90,377,4,10,57
5805,-108,56,90,377,5,10,58
5805,-108,41,90,377,5,10,58
5805,-108,52,90,377,3,9,57
5805,-108,61,90,377,4,10,57
5805,-108,51,90,377,5,9,58
5805,-108,59,90,377,3,10,57
5805,-108,49,90,377,3,9,57
5805,-108,48,90,377,5,9,57
5805,-108,48,90,377,3,8,56
5805,-108,49,90,377,5,9,58
5805,-108,59,90,377,5,11,58
5805,-108,44,89,378,6,8,55
5805,-108,54,90,377,5,10,58
5805,-108,36,90,377,5,9,58
5805,-108,58,90,377,5,11,58
5805,-108,65,90,377,5,10,57
5805,-108,60,90,377,5,10,59
5805,-108,51,90,377,4,9,57
5805,-108,49,90,377,4,9,57
5805,-108,50,90,377,5,8,57
5805,-108,29,90,377,5,10,57
5805,-108,40,90,377,6,10,57
5805,-108,43,90,377,5,8,56
5805,-108,62,90,377,5,8,58
5805,-108,53,89,377,5,10,57
5805,-108,51,90,377,5,8,58
5805,-108,61,90,377,5,10,58
5805,-108,42,90,377,5,9,57
5805,-108,41,90,377,4,10,58
5805,-108,39,90,377,5,8,56
5805,-108,52,90,377,4,9,57
5805,-108,76,90,377,5,8,57
5805,-108,47,90,377,4,10,57
5805,-108,56,90,377,5,12,59
5805,-108,51,89,377,5,9,56
5805,-108,59,90,377,5,9,58
5805,-108,60,90,377,5,10,57
5805,-108,56,90,377,4,9,57
5805,-108,45,90,377,5,11,57
5805,-108,61,90,377,4,9,57
5805,-108,36,90,377,5,8,57
5805,-108,60,90,377,4,10,58
5805,-108,47,90,377,6,9,56
5805,-108,63,90,377,4,9,58
5805,-108,54,89,377,4,10,57
5805,-108,57,90,377,5,10,57
5805,-108,33,90,377,5,8,56
5805,-108,45,90,377,5,8,58
5805,-108,42,90,377,5,10,57
5805,-108,61,90,377,5,9,57
5805,-108,30,90,377,4,9,57
5805,-108,50,90,377,5,9,57
5805,-108,44,90,377,5,8,57
5805,-108,42,90,377,4,8,56
5805,-108,40,90,377,4,10,57
5805,-108,39,90,377,4,9,57
5805,-108,34,90,377,4,8,58
5805,-108,53,90,377,5,11,58
5805,-108,34,90,377,5,10,58
5805,-108,68,90,377,4,10,58
5805,-108,59,90,377,3,10,57
5805,-108,40,90,377,5,9,58
5805,-108,51,90,377,3,10,58
5805,-108,50,90,377,5,10,58
5805,-108,54,90,377,4,9,56
5805,-108,51,90,377,2,10,57
5805,-108,56,90,377,5,9,57
5805,-108,54,90,377,4,10,58
5805,-108,58,90,377,5,8,57
5805,-108,50,90,377,5,10,58
5805,-108,48,90,377,5,9,57
5805,-108,53,90,377,4,9,58
5805,-108,52,90,377,4,9,57
5805,-108,66,90,377,4,10,58
5805,-108,37,90,377,5,9,57
5805,-108,53,90,377,5,10,57
5805,-108,61,90,377,5,10,57
5805,-108,51,90,377,5,10,58
5805,-108,57,90,377,5,10,57
5805,-108,48,90,377,4,10,58
5805,-108,43,90,377,5,10,57
5805,-108,49,90,377,5,11,58
5805,-108,66,90,377,3,8,57
5805,-108,57,90,377,4,10,58
5805,-108,41,90,377,4,11,58
5805,-108,40,90,377,5,9,58
5805,-108,64,90,377,5,10,58
5805,-108,41,90,377,2,10,57
5805,-108,47,90,377,5,10,58
5805,-108,60,90,377,6,9,57
5805,-108,46,90,377,4,10,58
5805,-108,44,90,377,3,9,57
5805,-108,57,90,377,4,11,58
5805,-108,50,90,377,4,12,58
5805,-108,68,90,377,4,11,58
5805,-108,37,90,377,5,9,57
5805,-108,37,90,377,4,10,57
5805,-108,52,89,378,5,10,57
5805,-108,51,90,377,5,10,58
5805,-108,61,90,377,5,11,59
5805,-108,45,90,377,4,9,57
5805,-108,61,90,377,6,9,58
5805,-108,53,89,377,6,8,57
5805,-108,59,90,377,5,9,57
5805,-108,49,90,377,4,9,57
5805,-108,35,90,377,4,10,58
5805,-108,64,90,377,5,9,57
5805,-108,55,90,377,4,10,57
5805,-108,47,90,377,3,9,57
5805,-108,54,90,377,5,8,57
5805,-108,34,90,377,5,10,57
5805,-108,75,90,377,4,11,58
5805,-108,70,90,377,5,11,59
5805,-108,45,90,377,3,10,58
5805,-108,41,90,377,5,10,57
5805,-108,54,90,377,5,10,59
5805,-108,57,90,377,4,9,58
5805,-108,35,90,377,6,9,57
5805,-108,58,90,377,2,10,57
5805,-108,60,90,377,5,9,57
5805,-108,35,90,377,4,10,58
5805,-108,41,89,377,6,9,56
5805,-108,39,90,377,5,8,57
5805,-108,50,90,377,5,11,58
5805,-108,72,90,377,4,11,59
5805,-108,60,90,377,4,10,57
5805,-108,65,90,377,6,10,58
5805,-108,57,90,377,2,9,57
5805,-108,58,90,377,6,8,59
5805,-108,59,90,377,6,9,57
5805,-108,40,90,377,4,10,58
5805,-108,58,90,377,3,9,57
5805,-108,27,90,377,5,9,57
5805,-108,41,90,377,5,8,57
5805,-108,43,90,377,4,10,58
5805,-108,46,90,377,4,11,58
5805,-108,49,90,377,5,11,58
5805,-108,44,90,377,5,10,58
5805,-108,48,90,377,4,10,58
5805,-108,53,90,377,5,10,57
5805,-108,46,90,377,5,7,56
5805,-108,50,90,377,5,10,58
5805,-108,55,90,377,3,10,58
5805,-108,41,90,377,3,9,58
5805,-108,62,90,377,4,10,57
5805,-108,57,89,377,5,8,56
5805,-108,42,90,377,3,7,56
5805,-108,60,90,377,4,10,58
5805,-108,48,90,377,5,9,57
5805,-108,47,90,377,5,10,58
5805,-108,50,90,377,5,11,58
5805,-108,52,90,377,2,10,57
5805,-108,51,90,377,4,10,58
5805,-108,37,90,377,3,8,57
5805,-108,71,90,377,3,10,57
5805,-108,48,90,377,5,9,57
5805,-108,36,90,377,5,9,57
5805,-108,43,90,377,5,8,57
5805,-108,50,90,377,4,10,57
5805,-108,34,90,377,6,9,57
5805,-108,51,90,377,5,9,58
5805,-108,68,90,377,4,8,58
5805,-108,60,90,377,4,9,57
5805,-108,56,89,377,5,10,57
5805,-108,47,90,377,5,9,57
5805,-108,39,90,377,5,9,57
5805,-108,47,90,377,3,10,58
5805,-108,41,90,377,4,10,58
5805,-108,40,90,377,6,10,58
5805,-108,50,90,377,4,7,57
5805,-108,45,90,377,4,8,58
5805,-108,64,90,377,4,9,58
5805,-108,59,90,377,5,9,57
5805,-108,58,90,377,5,9,58
5805,-108,57,90,377,3,9,58
5805,-108,48,90,377,4,8,57
5805,-108,50,90,377,4,9,57
5805,-108,52,90,377,5,9,57
5805,-108,40,90,377,4,10,58
5805,-108,63,90,377,5,10,57
5805,-108,50,89,377,4,11,57
5805,-108,56,90,377,4,9,57
5805,-108,63,90,377,5,10,58
5805,-108,39,90,377,4,10,57
5805,-108,57,90,377,4,11,58
5805,-108,76,90,377,5,9,58
5805,-108,61,90,377,4,12,58
5805,-108,49,90,377,5,10,57
5805,-108,55,90,377,3,10,58
5805,-108,39,90,377,4,8,56
5805,-108,47,89,377,6,9,55
5805,-108,53,90,377,4,9,57
5805,-108,36,90,377,4,9,57
5805,-108,42,90,377,4,10,57
5805,-108,67,90,377,4,8,57
5805,-108,45,90,377,4,11,57
5805,-108,45,90,377,4,10,59
5805,-108,49,90,377,6,10,57
5805,-108,43,90,377,4,7,57
5805,-108,48,90,377,5,10,57
5805,-108,47,90,377,4,7,56
5805,-108,46,90,377,6,12,58
5805,-108,45,90,377,4,10,58
5805,-108,46,89,377,6,9,56
5805,-108,51,90,377,5,9,58
5805,-108,41,90,377,6,9,57
5805,-108,36,89,377,6,9,55
5805,-108,47,90,377,5,8,57
5805,-108,55,90,377,5,9,57
5805,-108,40,90,377,6,10,57
5805,-108,42,90,377,4,10,58
5805,-108,44,90,377,5,9,57
5805,-108,29,90,377,5,8,56
5805,-108,54,90,377,5,9,57
5805,-108,45,90,377,5,10,57
5805,-108,57,89,377,6,8,56
5805,-108,56,90,377,5,10,58
5805,-108,31,89,377,6,10,57
5805,-108,44,90,377,5,11,58
5805,-108,54,90,377,5,10,57
5805,-108,42,90,377,6,10,57
5805,-108,47,90,377,4,8,57
5805,-108,42,90,377,4,9,57
5805,-108,51,90,377,5,9,57
5805,-108,46,90,377,4,8,57
5805,-108,55,90,377,5,10,58
5805,-108,53,89,377,5,8,56
5805,-108,56,90,377,3,9,57
5805,-108,60,90,377,4,10,58
5805,-108,63,90,377,4,7,57
5805,-108,46,90,377,5,10,58
5805,-108,48,90,377,5,10,58
5805,-108,36,90,377,5,9,56
5805,-108,44,90,377,3,10,57
5805,-108,31,90,377,3,9,57
5805,-108,45,90,377,4,9,57
5805,-108,45,90,377,4,9,57
5805,-108,55,90,377,5,10,57
5805,-108,56,90,377,4,10,57
5805,-108,71,90,377,5,9,57
5805,-108,34,90,377,3,9,57
5805,-108,36,89,377,6,9,56
5805,-108,47,90,377,4,8,57
5805,-108,63,90,377,4,9,57
5805,-108,56,90,377,5,9,57
5805,-108,54,90,377,2,9,57
5805,-108,43,90,377,5,10,57
5805,-108,63,90,377,4,10,58
5805,-108,38,89,377,4,10,57
5805,-108,46,90,377,5,10,58
5805,-108,52,90,377,3,11,58
5805,-108,53,90,377,5,11,58
5805,-108,58,90,377,4,10,57
5805,-108,37,90,377,4,9,58
5805,-108,50,90,377,3,10,58
5805,-108,49,90,377,4,8,57
5805,-108,53,90,377,5,8,57
5805,-108,64,90,377,4,10,57
5805,-108,32,90,377,5,9,57
5805,-108,53,90,377,5,9,57
5805,-108,33,90,377,5,9,57
5805,-108,45,90,377,4,10,58
5805,-108,51,90,377,4,9,57
5805,-108,55,90,377,4,8,58
5805,-108,41,90,377,4,10,57
5805,-108,41,90,377,6,9,56
5805,-108,49,90,377,3,8,56
5805,-108,51,90,377,4,9,57
5805,-108,48,90,377,2,9,57
5805,-108,62,90,377,4,9,57
5805,-108,46,90,377,3,9,57
5805,-108,57,90,377,4,10,59
5805,-108,41,90,377,3,9,57
5805,-108,53,90,377,3,9,57
5805,-108,53,90,377,3,9,57
5805,-108,53,90,377,4,10,57
5805,-108,34,90,377,3,10,57
5805,-108,41,90,377,5,10,58
5805,-108,56,90,377,4,8,58
5805,-108,35,90,377,4,9,57
5805,-108,28,89,377,6,8,55
5805,-108,48,90,377,3,9,57
5805,-108,58,90,377,4,9,57
5805,-108,48,90,377,4,9,57
5805,-108,59,90,377,6,10,57
5805,-108,37,90,377,4,8,58
5805,-108,62,90,377,4,8,58
5805,-108,55,89,377,5,9,56
5805,-108,32,90,377,5,10,58
5805,-108,51,90,377,4,10,57
5805,-108,36,90,377,5,10,57
5805,-108,43,90,377,5,10,57
5805,-108,59,90,377,4,9,57
5805,-108,58,90,377,4,11,57
5805,-108,33,90,377,4,9,58
5805,-108,38,90,377,5,10,58
5805,-108,35,89,377,5,8,56
5805,-108,42,90,377,3,10,57
5805,-108,49,90,377,5,11,58
5805,-108,48,90,377,5,10,58
5805,-108,46,90,377,4,9,58
5805,-108,43,90,377,2,11,57
5805,-108,50,90,377,6,9,57
5805,-108,43,90,377,4,10,58
5805,-108,51,90,377,4,10,58
5805,-108,42,90,377,5,9,57
5805,-108,40,90,377,5,10,58
5805,-108,46,90,377,4,11,57
5805,-108,65,90,377,5,10,57
5805,-108,57,90,377,4,9,58
5805,-108,45,90,377,6,9,57
5805,-108,49,90,377,5,9,58
5805,-108,40,90,377,5,10,56
5805,-108,54,90,377,4,10,57
5805,-108,47,89,377,6,9,56
5805,-108,52,90,377,3,9,57
5805,-108,50,90,377,5,11,58
5805,-108,49,90,377,4,9,57
5805,-108,42,90,377,4,8,57
5805,-108,69,90,377,5,9,58
5805,-108,44,89,377,6,11,57
5805,-108,53,90,377,5,10,58
5805,-108,65,90,377,5,11,57
5805,-108,52,90,377,5,8,57
5805,-108,52,90,377,5,11,58
5805,-108,39,89,377,6,12,57
5805,-108,66,90,377,4,8,57
5805,-108,49,90,377,5,10,58
5805,-108,48,90,377,4,9,57
5805,-108,51,90,377,4,8,56
5805,-108,38,90,377,6,9,57
5805,-108,46,90,377,5,9,57
5805,-108,50,90,377,5,9,58
5805,-108,63,90,377,5,8,57
5805,-108,35,90,377,4,9,57
5805,-108,29,90,377,4,10,57
5805,-108,66,90,377,3,9,57
5805,-108,59,90,377,4,10,58
5805,-108,41,90,377,5,11,57
5805,-108,35,90,377,4,9,57
5805,-108,44,90,377,4,10,57
5805,-108,41,90,377,4,8,57
5805,-108,31,90,377,5,9,58
5805,-108,48,90,377,5,9,57
5805,-108,57,90,377,5,10,57
5805,-108,56,90,377,5,10,58
5805,-108,64,90,377,3,9,58
5805,-108,37,90,377,5,10,57
5805,-108,55,90,377,5,9,58
5805,-108,48,90,377,5,9,57
5805,-108,59,90,377,4,9,56
5805,-108,61,90,377,5,9,57
5805,-108,36,90,377,4,10,57
5805,-108,36,90,377,5,9,57
5805,-108,60,90,377,5,9,58
5805,-108,56,90,377,5,8,57
5805,-108,30,90,377,4,10,57
5805,-108,55,90,377,3,9,57
5805,-108,41,90,377,4,9,57
5805,-108,35,90,377,6,10,57
5805,-108,37,90,377,3,9,56
5805,-108,51,90,377,5,10,57
5805,-108,47,90,377,4,10,57
5805,-108,43,90,377,5,10,58
5805,-108,37,90,377,5,10,57
5805,-108,59,90,377,4,10,57
5805,-108,36,90,377,5,12,59
5805,-108,42,90,377,5,8,56
5805,-108,59,90,377,6,9,57
5805,-108,63,90,377,5,16,62
5805,-108,41,90,377,6,9,57
5805,-108,53,90,377,6,10,58
5805,-108,55,90,377,6,7,56
5805,-108,46,90,377,6,9,57
5805,-108,40,90,377,5,11,58
5805,-108,47,90,377,6,9,57
5805,-108,31,89,378,6,10,57
5805,-108,37,90,377,6,10,57
5805,-108,43,89,377,7,9,56
5805,-108,66,90,377,6,11,58
5805,-108,63,90,377,5,9,58
5805,-108,36,90,377,3,9,57
5805,-108,53,90,377,5,9,57
5805,-108,33,90,377,4,10,57
5805,-108,60,90,377,5,9,58
5805,-108,55,90,377,5,9,57
5805,-108,49,90,377,5,11,57
5805,-108,29,90,377,5,8,57
5805,-108,63,90,377,6,8,57
5805,-108,48,90,377,6,8,57
5805,-108,35,90,377,4,8,56
5805,-108,63,90,377,6,10,57
5805,-108,48,90,377,6,10,57
5805,-108,62,90,377,6,9,57
5805,-108,36,90,377,5,11,59
5805,-108,67,90,377,5,9,58
5805,-108,68,90,377,6,9,57
5805,-108,32,90,377,6,10,57
5805,-108,52,90,377,5,9,58
5805,-108,47,90,377,5,10,57
5805,-108,44,90,377,6,10,58
5805,-108,35,90,377,5,10,57
5805,-108,61,90,377,5,10,57
5805,-108,28,89,377,6,11,56
5805,-108,41,90,377,6,9,57
5805,-108,40,90,377,5,8,57
5805,-108,48,90,377,7,10,57
5805,-108,63,90,377,4,9,57
5805,-108,52,90,377,5,10,58
5805,-108,40,90,377,5,9,57
5805,-108,41,90,377,5,10,57
5805,-108,40,90,377,4,9,57
5805,-108,48,90,377,5,9,58
5805,-108,54,89,377,5,10,57
5805,-108,54,90,377,5,9,57
5805,-108,51,90,377,6,10,58
5805,-108,55,89,377,6,9,57
5805,-108,53,90,377,6,10,57
5805,-108,48,90,377,5,10,58
5805,-108,74,90,377,6,10,58
5805,-108,52,90,377,5,9,57
5805,-108,59,90,377,6,10,58
5805,-108,40,90,377,5,9,57
5805,-108,68,90,377,6,9,58
5805,-108,55,89,377,7,11,57
5805,-108,47,90,377,5,10,57
5805,-108,34,90,377,5,9,57
5805,-108,41,89,377,6,10,56
5805,-108,53,90,377,5,8,56
5805,-108,59,90,377,5,10,58
5805,-108,52,90,377,5,9,58
5805,-108,49,90,377,5,10,58
5805,-108,56,90,377,5,9,57
5805,-108,39,90,377,6,9,57
5805,-108,38,90,377,5,10,57
5805,-108,76,90,377,6,9,58
5805,-108,60,90,377,5,9,57
5805,-108,42,90,377,6,9,56
5805,-108,67,90,377,6,10,58
5805,-108,58,90,377,6,9,57
5805,-108,50,90,377,6,9,57
5805,-108,52,90,377,6,9,56
5805,-108,58,90,377,5,8,57
5805,-108,41,90,377,6,10,57
5805,-108,40,90,377,6,10,57
5805,-108,61,90,377,5,10,58
5805,-108,48,90,377,4,11,58
5805,-108,39,90,377,5,9,57
5805,-108,50,90,377,7,10,58
5805,-108,56,90,377,6,9,58
5805,-108,38,90,377,5,10,58
5805,-108,51,90,377,5,10,58
5805,-108,65,90,377,5,8,58
5805,-108,47,90,377,3,10,57
5805,-108,50,90,377,5,9,57
5805,-108,36,90,377,6,9,58
5805,-108,46,90,377,5,11,58
5805,-108,58,90,377,5,10,58
5805,-108,53,90,377,5,9,57
5805,-108,72,90,377,5,9,57
5805,-108,56,90,377,6,9,57
5805,-108,55,90,377,5,13,59
5805,-108,52,90,377,4,9,57
5805,-108,50,90,377,5,9,57
5805,-108,49,90,377,6,10,57
5805,-108,55,90,377,5,9,57
5805,-108,43,90,377,4,11,57
5805,-108,49,89,378,7,6,55
5805,-108,56,90,377,5,10,57
5805,-108,66,90,377,5,10,57
5805,-108,58,90,377,6,11,59
5805,-108,72,90,377,4,9,57
5805,-108,55,90,377,6,11,58
5805,-108,48,90,377,4,9,57
5805,-108,49,90,377,5,10,58
5805,-108,28,90,377,5,10,57
5805,-108,39,88,378,6,8,55
5805,-108,49,90,377,6,9,58
5805,-108,58,90,377,6,10,57
5805,-108,35,90,377,6,10,58
5805,-108,49,90,377,6,8,57
5805,-108,68,90,377,4,8,56
5805,-108,42,90,377,6,10,57
5805,-108,48,89,377,6,11,57
5805,-108,48,90,377,6,11,57
5805,-108,55,90,377,5,10,57
5805,-108,57,90,377,6,9,58
5805,-108,50,90,377,6,10,57
5805,-108,67,90,377,5,11,58
5805,-108,49,90,377,5,11,58
5805,-108,57,90,377,4,8,57
5805,-108,59,90,377,5,9,57
5805,-108,62,90,377,5,10,58
5805,-108,61,90,377,6,9,57
5805,-108,49,90,377,5,9,57
5805,-108,50,90,377,6,10,58
5805,-108,54,89,377,6,9,57
5805,-108,51,90,377,5,10,58
5805,-108,49,90,377,6,10,57
5805,-108,52,90,377,4,10,58
5805,-108,41,90,377,5,9,57
5805,-108,47,90,377,6,9,58
5805,-108,48,90,377,5,9,57
5805,-108,52,90,377,6,9,57
5805,-108,49,89,377,6,8,56
5805,-108,59,90,377,5,7,57
5805,-108,58,90,377,6,8,57
5805,-108,66,90,377,7,9,58
5805,-108,66,90,377,4,8,57
5805,-108,35,90,377,5,9,57
5805,-108,42,90,377,7,9,57
5805,-108,68,90,377,4,9,57
5805,-108,47,90,377,6,10,57
5805,-108,45,90,377,5,9,58
5805,-108,50,90,377,3,8,57
5805,-108,52,90,377,5,10,57
5805,-108,53,90,377,6,8,57
5805,-108,61,90,377,6,12,59
5805,-108,53,90,377,5,10,57
5805,-108,54,90,377,6,10,58
5805,-108,60,90,377,5,10,58
5805,-108,52,90,377,6,10,57
5805,-108,76,90,377,6,9,58
5785,-108,51,90,377,6,9,57
5785,-108,54,90,377,6,11,58
5785,-108,46,89,377,7,10,57
5785,-108,59,90,377,5,9,58
5785,-108,53,90,377,5,8,57
5785,-108,61,90,377,5,9,58
5785,-108,63,90,377,5,9,58
5785,-108,58,90,377,4,9,58
5785,-108,35,89,377,4,10,57
5785,-108,72,90,377,6,8,57
5785,-108,54,90,377,5,9,57
5785,-108,58,89,377,7,9,57
5785,-108,36,90,377,6,9,57
5785,-108,41,90,377,5,11,57
5785,-108,49,90,377,4,10,58
5785,-108,48,90,377,6,7,56
5785,-108,57,90,377,7,10,58
5785,-108,58,90,377,4,9,57
5785,-108,36,89,377,7,9,56
5785,-108,50,90,377,6,10,58
5785,-108,53,90,377,5,9,58
5785,-108,51,90,377,6,9,58
5785,-108,60,90,377,5,10,58
5785,-108,52,90,377,5,10,58
5785,-108,57,90,377,6,10,58
5785,-108,50,89,377,5,8,57
5785,-108,63,90,377,6,9,58
5785,-108,50,90,377,7,9,57
5785,-108,64,90,377,6,8,57
5785,-108,42,89,378,6,9,56
5785,-108,55,90,377,6,9,57
5785,-108,42,90,377,4,9,57
5785,-108,45,90,377,6,9,58
5785,-108,49,90,377,5,8,58
5785,-108,55,90,377,6,11,58
5785,-108,71,90,377,6,9,57
5785,-108,35,89,378,7,11,57
5785,-108,71,90,377,5,11,59
5785,-108,60,90,377,6,10,57
5785,-108,50,90,377,7,11,58
5785,-108,51,90,377,5,9,58
5785,-108,64,90,377,5,10,59
5785,-108,57,90,377,5,11,58
5785,-108,53,90,377,4,10,58
5785,-108,48,90,377,6,10,58
5785,-108,58,90,377,5,10,58
5785,-108,40,90,377,5,8,57
5785,-108,38,90,377,6,9,58
5785,-108,30,89,377,6,8,56
5785,-108,56,90,377,6,10,58
5785,-108,47,90,377,6,11,57
5785,-108,60,89,377,6,9,57
5785,-108,53,90,377,4,7,58
5785,-108,53,90,377,5,9,58
5785,-108,36,90,377,6,10,57
5785,-108,49,90,377,4,11,57
5785,-108,59,90,377,5,11,58
5785,-108,49,89,377,6,9,56
5785,-108,44,90,377,7,9,58
5785,-108,45,90,377,5,9,57
5785,-108,54,90,377,6,10,58
5785,-108,50,90,377,5,9,56
5785,-108,48,90,377,6,7,56
5785,-108,50,90,377,5,9,57
5785,-108,47,90,377,5,9,58
5785,-108,33,90,377,6,10,58
5785,-108,31,90,377,6,10,57
5785,-108,48,90,377,4,10,58
5785,-108,45,90,377,6,10,58
5785,-108,49,90,377,5,11,57
5785,-108,59,90,377,5,9,57
5785,-108,32,90,377,6,9,57
5785,-108,47,90,377,6,9,58
5785,-108,51,90,377,5,9,58
5785,-108,45,90,377,4,10,58
5785,-108,47,90,377,6,8,57
5785,-108,49,90,377,6,10,58
5785,-108,62,90,377,5,9,58
5785,-108,44,90,377,6,9,58
5785,-108,50,89,377,6,8,57
5785,-108,40,90,377,6,10,57
5785,-108,70,90,377,5,10,59
5785,-108,56,90,377,7,7,56
5785,-108,58,90,377,6,9,57
5785,-108,54,90,377,5,9,58
5785,-108,40,90,377,6,9,57
5785,-108,71,90,377,5,10,58
5785,-108,53,90,377,7,11,58
5785,-108,53,90,377,4,10,58
5785,-108,54,90,377,5,9,57
5785,-108,38,90,377,5,10,58
5785,-108,61,90,377,5,9,57
5785,-108,52,90,377,4,7,56
5785,-108,61,90,377,6,8,58
5785,-108,59,90,377,6,12,58
5785,-108,44,90,377,5,11,59
5785,-108,44,90,377,6,11,58
5785,-108,56,90,377,5,10,58
5785,-108,31,90,377,6,9,57
5785,-108,62,90,377,5,9,57
5785,-108,44,90,377,7,9,57
5785,-108,51,89,378,7,8,56
5785,-108,58,90,377,6,10,58
5785,-108,45,90,377,5,9,58
5785,-108,72,90,377,4,9,58
5785,-108,37,90,377,6,10,58
5785,-108,62,90,377,5,9,58
5785,-108,43,89,377,6,10,57
5785,-108,51,90,377,6,9,58
5785,-108,48,90,377,6,10,58
5785,-108,46,90,377,4,9,58
5785,-108,48,90,377,4,9,57
5785,-108,50,90,377,5,9,59
5785,-108,59,90,377,6,10,57
5785,-108,70,90,377,4,8,57
5785,-108,69,90,377,7,9,57
5785,-108,70,90,377,6,9,58
5785,-108,46,90,377,6,9,57
5785,-108,70,90,377,4,9,58
5785,-108,50,90,377,5,9,58
5785,-108,57,90,377,6,9,58
5785,-108,44,90,377,6,9,58
5785,-108,43,89,378,5,9,58
5785,-108,34,90,377,5,9,57
5785,-108,35,90,377,7,10,58
5785,-108,47,90,377,6,9,57
5785,-108,51,90,377,5,9,57
5785,-108,37,89,377,7,11,57
5785,-108,49,90,377,5,9,58
5785,-108,47,90,377,7,9,57
5785,-108,42,90,377,7,9,57
5785,-108,45,89,377,6,10,57
5785,-108,44,90,377,5,12,58
5785,-108,29,90,377,5,8,56
5785,-108,58,90,377,6,9,57
5785,-108,49,90,377,5,9,57
5785,-108,64,90,377,6,9,58
5785,-108,62,90,377,6,9,58
5785,-108,38,90,377,7,9,58
5785,-108,44,90,377,4,9,58
5785,-108,48,90,377,6,8,58
5785,-108,48,90,377,5,9,57
5785,-108,37,90,377,4,9,57
5785,-108,49,90,377,6,11,57
5785,-108,61,90,377,5,10,58
5785,-108,51,90,377,5,11,58
5785,-108,66,90,377,6,10,59
5785,-108,40,90,377,5,8,57
5785,-108,62,90,377,5,10,58
5785,-108,57,90,377,5,8,58
5785,-108,48,90,377,6,10,58
5785,-108,34,90,377,5,10,58
5785,-108,66,90,377,5,10,58
5785,-108,64,90,377,6,10,58
5785,-108,31,90,377,5,11,57
5785,-108,76,90,377,7,10,58
5785,-108,60,90,377,6,9,57
5785,-108,32,89,377,5,10,57
5785,-108,39,90,377,4,12,59
5785,-108,40,90,377,6,9,57
5785,-108,58,90,377,4,9,57
5785,-108,69,89,377,6,9,57
5785,-108,50,90,377,6,8,57
5785,-108,49,90,377,6,7,57
5785,-108,53,90,377,6,11,58
5785,-108,57,90,377,5,9,58
5785,-108,66,90,377,5,9,57
5785,-108,53,90,377,5,10,58
5785,-108,58,90,377,5,10,58
5785,-108,61,90,377,5,9,58
5785,-108,37,90,377,6,10,58
5785,-108,41,90,377,6,8,57
5785,-108,48,90,377,6,9,58
5785,-108,56,90,377,5,13,59
5785,-108,47,90,377,6,11,58
5785,-108,34,90,377,5,7,56
5785,-108,41,90,377,6,8,57
5785,-108,36,89,377,5,10,57
5785,-108,57,90,377,4,10,58
5785,-108,39,89,377,5,8,56
5785,-108,51,90,377,5,9,58
5785,-108,61,90,377,5,10,58
5785,-108,58,90,377,5,8,57
5785,-108,42,90,377,6,9,57
5785,-108,61,90,377,5,10,57
5785,-108,36,90,377,6,10,57
5785,-108,61,90,377,6,9,59
5785,-108,55,90,377,6,10,58
5785,-108,44,90,377,4,9,57
5785,-108,66,90,377,6,9,57
5785,-108,45,90,377,5,10,58
5785,-108,40,90,377,6,9,58
5785,-108,38,90,377,6,9,57
5785,-108,47,90,377,5,11,59
5785,-108,34,90,377,6,8,57
5785,-108,47,90,377,7,10,58
5785,-108,44,90,377,6,9,57
5785,-108,52,90,377,5,8,57
5785,-108,52,90,377,5,10,58
5785,-108,48,90,377,5,10,57
5785,-108,47,90,377,5,8,57
5785,-108,47,89,377,6,10,57
5785,-108,34,90,377,5,11,58
5785,-108,45,89,377,5,11,57
5785,-108,58,90,377,5,11,57
5785,-108,42,90,377,5,8,57
5785,-108,69,90,377,6,9,57
5785,-108,35,90,377,5,8,57
5785,-108,50,90,377,4,10,58
5785,-108,51,90,377,6,9,58
5785,-108,63,90,377,6,10,58
5785,-108,45,90,377,5,11,58
5785,-108,54,90,377,5,10,58
5785,-108,41,90,377,6,8,57
5785,-108,56,89,378,6,12,57
5785,-108,55,90,377,7,10,58
5785,-108,60,90,377,6,10,58
5785,-108,43,89,377,6,9,56
5785,-108,57,90,377,6,9,58
5785,-108,55,90,377,7,9,57
5785,-108,50,90,377,7,9,58
5785,-108,51,90,377,6,9,58
5785,-108,76,90,377,6,9,58
5785,-108,66,90,377,4,9,57
5785,-108,49,90,377,5,9,57
5785,-108,54,89,377,5,11,58
5785,-108,54,90,377,5,9,58
5785,-108,67,90,377,6,10,59
5785,-108,54,90,377,5,9,58
5785,-108,56,90,377,5,9,57
5785,-108,52,90,377,5,9,57
5785,-108,41,90,377,5,10,58
5785,-108,38,90,377,5,9,57
5785,-108,45,90,377,4,9,57
5785,-108,51,90,377,5,10,58
5785,-108,30,90,377,6,8,56
5785,-108,37,90,377,5,8,56
5785,-108,34,90,377,5,10,57
5785,-108,36,90,377,5,8,57
5785,-108,52,90,377,5,10,58
5785,-108,41,90,377,5,10,58
5785,-108,46,90,377,5,8,57
5785,-108,64,90,377,6,9,57
5785,-108,49,90,377,5,8,58
5785,-108,44,90,377,5,9,57
5785,-108,32,90,377,5,10,58
5785,-108,43,90,377,6,8,57
5785,-108,45,90,377,5,9,58
5785,-108,51,90,377,4,10,59
5785,-108,64,90,377,5,9,58
5785,-108,43,90,377,5,9,57
5785,-108,55,90,377,4,9,57
5785,-108,51,90,377,5,8,57
5785,-108,51,90,377,6,10,58
5785,-108,59,90,377,6,9,58
5785,-108,29,90,377,5,9,57
5785,-108,61,90,377,4,10,58
5785,-108,54,90,377,5,10,58
5785,-108,33,90,377,6,9,57
5785,-108,54,90,377,6,11,58
5785,-108,35,90,377,4,10,57
5785,-108,49,90,377,6,9,58
5785,-108,56,90,377,6,10,58
5785,-108,39,90,377,5,8,57
5785,-108,39,90,377,5,9,57
5785,-108,51,90,377,6,12,59
5785,-108,45,90,377,6,10,57
5785,-108,49,90,377,3,10,57
5785,-108,35,89,377,7,9,56
5785,-108,51,90,377,5,9,57
5785,-108,51,90,377,6,8,58
5785,-108,37,90,377,4,10,58
5785,-108,41,89,377,6,10,56
5785,-108,33,90,377,5,9,57
5785,-108,54,90,377,6,9,58
5785,-108,49,90,377,6,11,59
5785,-108,66,90,377,6,10,58
5785,-108,48,90,377,6,10,58
5785,-108,39,89,377,6,10,57
5785,-108,31,90,377,6,7,58
5785,-108,43,90,377,5,9,57
5785,-108,57,90,377,7,9,58
5785,-108,50,89,378,7,9,57
5785,-108,57,90,377,7,9,58
5785,-108,67,90,377,6,9,58
5785,-108,63,90,377,4,9,57
5785,-108,44,90,377,6,10,59
5785,-108,57,90,377,5,9,58
5785,-108,38,90,377,5,8,58
5785,-108,58,90,377,5,9,58
5785,-108,45,90,377,6,11,59
5785,-108,47,90,377,5,8,58
5785,-108,37,90,377,6,9,58
5785,-108,41,90,377,4,8,57
5785,-108,41,90,377,5,9,58
5785,-108,47,90,377,4,10,59
5785,-108,33,90,377,5,10,57
5785,-108,39,90,377,4,9,57
5785,-108,45,90,377,4,12,58
5785,-108,51,90,377,5,8,58
5785,-108,64,90,377,4,8,57
5785,-108,53,90,377,5,9,58
5785,-108,49,90,377,5,9,57
5785,-108,54,90,377,5,9,57
5785,-108,37,89,377,5,10,56
5785,-108,65,90,377,7,9,57
5785,-108,62,90,377,6,11,59
5785,-108,40,90,377,5,11,58
5785,-108,45,90,377,5,10,58
5785,-108,33,90,377,6,9,57
5785,-108,56,90,377,5,7,57
5785,-108,37,90,377,4,10,58
5785,-108,48,90,377,6,9,57
5785,-108,63,90,377,4,8,58
5785,-108,63,90,377,6,8,57
5785,-108,49,90,377,6,11,58
5785,-108,52,90,377,5,8,57
5785,-108,48,90,377,5,10,58
5785,-108,43,89,377,6,8,56
5785,-108,51,90,377,5,9,57
5785,-108,51,90,377,5,9,58
5785,-108,51,90,377,6,10,58
5785,-108,41,90,377,5,9,58
5785,-108,38,90,377,6,10,58
5785,-108,75,90,377,5,11,58
5785,-108,33,90,377,6,10,57
5785,-108,71,90,377,4,11,58
5785,-108,43,90,377,5,8,58
5785,-108,79,90,377,6,7,58
5785,-108,53,90,377,6,10,58
5785,-108,47,90,377,6,9,57
5785,-108,48,90,377,5,9,57
5785,-108,61,90,377,5,10,57
5785,-108,56,89,377,6,8,57
5785,-108,68,90,377,5,9,58
5785,-108,41,90,377,6,10,59
5785,-108,51,90,377,6,10,57
5785,-108,36,90,377,5,9,57
5785,-108,48,90,377,6,9,58
5785,-108,50,90,377,6,10,58
5785,-108,55,90,377,4,10,57
5785,-108,45,89,378,6,9,57
5785,-108,47,90,377,6,9,58
5785,-108,59,90,377,5,9,58
5785,-108,47,90,377,4,9,57
5785,-108,55,90,377,4,10,58
5785,-108,75,90,377,5,8,57
5785,-108,47,89,377,5,8,56
5785,-108,62,90,377,5,10,59
5785,-108,61,90,377,5,8,58
5785,-108,37,90,377,6,11,58
5785,-108,62,89,378,6,9,57
5785,-108,65,90,377,6,9,58
5785,-108,36,89,377,7,11,57
5785,-108,45,90,377,4,8,57
5785,-108,47,90,377,5,10,58
5785,-108,42,90,377,5,10,59
5785,-108,59,90,377,4,8,58
5785,-108,52,90,377,6,11,58
5785,-108,69,90,377,7,8,57
5785,-108,42,90,377,6,9,57
5785,-108,55,90,377,6,9,58
5785,-108,46,90,377,5,10,58
5785,-108,51,90,377,4,9,58
5785,-108,62,90,377,6,9,57
5785,-108,53,90,377,6,10,59
5785,-108,53,90,377,6,10,58
5785,-108,47,90,377,5,8,57
5785,-108,50,90,377,6,7,57
5785,-108,46,90,377,6,7,56
5785,-108,44,90,377,6,9,58
5785,-108,53,90,377,7,9,58
5785,-108,70,90,377,6,10,58
5785,-108,48,90,377,5,9,57
5785,-108,55,90,377,7,10,57
5785,-108,48,90,377,6,10,58
5785,-108,42,90,377,5,10,58
5785,-108,54,90,377,5,10,59
5785,-108,69,90,377,6,9,58
5785,-108,63,90,377,5,10,58
5785,-108,54,90,377,6,9,57
5785,-108,49,90,377,4,11,58
5785,-108,58,90,377,5,8,57
5785,-108,58,90,377,6,11,58
5785,-108,59,90,377,6,8,57
5785,-108,41,90,377,5,10,58
5785,-108,40,89,377,5,10,58
5785,-108,48,90,377,6,10,58
5785,-108,45,90,377,6,10,57
5785,-108,52,90,377,5,8,57
5785,-108,68,90,377,6,9,57
5785,-108,42,90,377,6,8,58
5785,-108,53,90,377,5,10,58
5785,-108,44,90,377,5,9,58
5785,-108,43,90,377,5,9,58
5785,-108,58,90,377,8,10,58
5785,-108,57,90,377,4,9,57
5785,-108,57,90,377,4,9,58
5785,-108,55,89,377,6,10,57
5785,-108,72,90,377,6,8,57
5785,-108,39,90,377,6,9,58
5785,-108,52,90,377,5,10,57
5785,-108,52,90,377,5,11,58
5785,-108,49,90,377,5,8,57
5785,-108,45,89,377,5,11,57
5785,-108,53,90,377,4,9,58
5785,-108,43,90,377,6,9,58
5785,-108,57,90,377,7,8,57
5785,-108,75,90,377,5,10,58
5785,-108,47,90,377,6,10,59
5785,-108,37,90,377,4,10,58
5785,-108,34,89,378,5,9,57
5785,-108,50,90,377,6,9,58
5785,-108,42,90,377,5,9,58
5785,-108,35,90,377,7,10,57
5785,-108,41,90,377,5,8,57
5785,-108,40,90,377,6,10,58
5785,-108,45,90,377,5,7,57
5785,-108,44,90,377,5,9,57
5785,-108,57,90,377,5,11,57
5785,-108,52,90,377,4,10,58
5785,-108,40,90,377,7,10,57
5785,-108,62,90,377,4,9,57
5785,-108,46,90,377,5,9,58
5785,-108,47,90,377,6,9,57
5785,-108,48,90,377,6,10,57
5785,-108,44,90,377,6,11,58
5785,-108,63,89,377,5,11,57
5785,-108,46,90,377,5,8,57
5785,-108,32,90,377,6,12,58
5785,-108,49,90,377,6,8,58
5785,-108,45,89,377,6,8,56
5785,-108,46,90,377,5,9,58
5785,-108,56,90,377,5,8,57
5785,-108,41,90,377,5,8,57
5785,-108,48,90,377,5,8,57
5785,-108,43,90,377,5,8,57
5785,-108,49,90,377,5,9,57
5785,-108,53,90,377,6,9,57
5785,-108,39,90,377,5,10,58
5785,-108,43,90,377,5,10,58
5785,-108,66,90,377,6,10,58
5785,-108,55,90,377,6,9,58
5785,-108,52,90,377,5,9,56
5785,-108,55,90,377,6,10,58
5785,-108,55,89,378,6,11,57
5785,-108,55,90,377,6,10,57
5785,-108,37,90,377,5,7,56
5785,-108,40,90,377,5,10,58
5785,-108,60,90,377,6,8,57
5785,-108,52,90,377,5,7,56
5785,-108,61,90,377,6,9,58
5785,-108,57,90,377,5,9,58
5785,-108,57,90,377,6,10,58
5785,-108,71,90,377,6,10,58
5785,-108,35,89,378,7,9,57
5785,-108,56,90,377,6,9,58
5785,-108,46,90,377,6,10,58
5785,-108,59,90,377,6,9,57
5785,-108,62,90,377,5,9,57
5785,-108,37,89,377,7,10,57
5785,-108,58,90,377,5,10,57
5785,-108,44,90,377,5,13,59
5785,-108,49,90,377,6,9,57
5785,-108,48,90,377,5,8,57
5785,-108,54,90,377,4,8,58
5785,-108,47,90,377,5,10,57
5785,-108,40,90,377,5,9,58
5785,-108,63,90,377,5,10,58
5785,-108,64,90,377,4,9,58
5785,-108,28,89,377,6,10,57
5785,-108,49,90,377,5,10,58
5785,-108,33,90,377,6,11,58
5785,-108,55,90,377,7,9,58
5785,-108,61,90,377,6,9,58
5785,-108,63,90,377,5,10,58
5785,-108,36,90,377,7,8,58
5785,-108,47,90,377,5,9,58
5785,-108,62,90,377,6,10,59
5785,-108,42,90,377,5,10,58
5785,-108,64,90,377,6,9,57
5785,-108,42,90,377,6,10,58
5785,-108,43,89,378,6,8,56
5785,-108,40,90,377,6,8,57
5785,-108,77,90,377,7,10,58
5785,-108,51,90,377,5,10,59
5785,-108,54,90,377,6,9,57
5785,-108,52,90,377,4,10,58
5785,-108,45,89,378,6,8,56
5785,-108,44,90,377,6,7,57
5785,-108,46,90,377,5,9,58
5785,-108,46,90,377,6,9,57
5785,-108,41,90,377,6,11,58
5785,-108,67,90,377,5,9,57
5785,-108,43,90,377,5,9,58
5785,-108,36,90,377,5,11,59
5785,-108,74,90,377,5,10,58
5785,-108,65,90,377,5,9,57
5785,-108,46,90,377,6,9,57
5785,-108,55,89,377,6,12,57
5785,-108,58,90,377,5,9,57
5785,-108,66,90,377,6,9,57
5785,-108,36,90,377,4,9,58
5785,-108,42,90,377,6,9,57
5785,-108,75,90,377,5,9,58
5785,-108,58,90,377,7,8,57
5785,-108,57,90,377,6,8,57
5785,-108,33,90,377,7,10,57
5785,-108,61,90,377,6,12,58
5785,-108,40,90,377,4,9,58
5785,-108,62,90,377,4,10,58
5785,-108,57,90,377,4,9,59
5785,-108,65,90,377,6,9,58
5785,-108,47,90,377,7,9,57
5785,-108,49,89,377,6,11,57
5785,-108,37,90,377,5,8,57
5785,-108,59,90,377,5,10,59
5785,-108,48,90,377,6,10,58
5785,-108,47,90,377,6,9,57
5785,-108,61,90,377,6,10,57
5785,-108,72,90,377,6,9,57
5785,-108,44,90,377,6,9,58
5785,-108,52,90,377,5,10,58
5785,-108,69,90,377,6,7,56
5785,-108,64,90,377,6,10,58
5785,-108,48,90,377,5,11,58
5785,-108,53,90,377,5,10,58
5785,-108,31,90,377,5,9,56
5785,-108,34,90,377,6,8,57
5785,-108,46,90,377,4,7,57
5785,-108,58,90,377,6,11,58
5785,-108,72,90,377,6,8,58
5785,-108,43,89,378,6,10,57
5785,-108,52,90,377,5,10,57
5785,-108,47,90,377,6,10,58
5785,-108,53,90,377,6,10,58
5785,-108,48,90,377,7,9,58
5785,-108,35,90,377,6,11,57
5785,-108,52,90,377,7,10,57
5785,-108,49,90,377,5,9,57
5785,-108,43,90,377,5,10,58
5785,-108,47,90,377,6,10,58
5785,-108,53,90,377,6,10,58
5785,-108,47,90,377,6,9,57
5785,-108,39,90,377,6,9,57
5785,-108,53,90,377,5,9,57
5785,-108,56,89,378,6,8,56
5785,-108,60,90,377,6,10,57
5785,-108,60,90,377,6,9,57
5785,-108,53,90,377,6,10,58
5785,-108,57,90,377,5,8,57
5785,-108,47,90,377,6,8,57
5785,-108,40,90,377,5,9,57
5785,-108,50,90,377,5,10,57
5785,-108,30,90,377,5,9,57
5785,-108,61,90,377,5,9,58
5785,-108,49,90,377,5,9,57
5785,-108,42,90,377,6,8,58
5785,-108,30,90,377,6,10,58
5785,-108,63,90,377,7,9,58
5785,-108,50,90,377,5,10,58
5785,-108,48,90,377,5,9,57
5785,-108,42,90,377,5,9,58
5785,-108,50,90,377,7,10,58
5785,-108,57,90,377,4,10,58
5785,-108,32,90,377,5,8,57
5785,-108,59,90,377,6,9,58
5785,-108,61,90,377,6,9,58
5785,-108,66,90,377,5,10,58
5785,-108,51,90,377,6,10,58
5785,-108,54,90,377,5,8,57
5785,-108,52,90,377,5,10,58
5785,-108,33,90,377,4,9,56
5785,-108,44,90,377,6,9,58
5785,-108,28,90,377,6,9,57
5785,-108,39,90,377,6,9,57
5785,-108,41,90,377,4,9,58
5785,-108,62,90,377,5,10,58
5785,-108,58,90,377,5,9,57
5785,-108,39,89,377,6,9,57
5785,-108,44,90,377,5,9,57
5785,-108,61,90,377,6,10,57
5785,-108,30,90,377,6,8,58
5785,-108,51,90,377,6,9,58
5785,-108,56,90,377,5,9,58
5785,-108,44,89,378,7,10,57
5785,-108,49,89,378,6,9,57
5785,-108,43,90,377,6,9,57
5785,-108,44,90,377,5,10,57
5785,-108,70,90,377,4,10,57
5785,-108,53,90,377,5,10,58
5785,-108,36,90,377,6,9,58
5785,-108,48,90,377,5,9,57
5785,-108,43,90,377,6,9,57
5785,-108,36,90,377,6,11,57
5785,-108,41,90,377,6,8,58
5785,-108,53,90,377,4,9,57
5785,-108,47,88,378,5,10,56
5785,-108,35,90,377,5,9,57
5785,-108,41,90,377,6,10,57
5785,-108,43,90,377,5,9,58
5785,-108,53,90,377,5,9,58
5785,-108,49,90,377,5,9,58
5785,-108,58,90,377,4,11,58
5785,-108,58,90,377,7,10,58
5785,-108,44,90,377,6,7,57
5785,-108,52,90,377,5,8,57
5785,-108,59,89,377,7,8,56
5785,-108,61,90,377,5,9,57
5785,-108,40,90,377,5,8,56
5785,-108,61,90,377,6,10,58
5785,-108,50,90,377,5,9,57
5785,-108,42,90,377,6,10,58
5785,-108,33,90,377,6,11,57
5785,-108,38,90,377,4,9,57
5785,-108,57,90,377,5,10,58
5785,-108,37,89,378,7,8,56
5785,-108,44,90,377,5,10,58
5785,-108,50,90,377,5,9,57
5785,-108,64,90,377,5,9,58
5785,-108,56,90,377,5,8,57
5785,-108,30,89,377,6,9,57
5785,-108,68,90,377,7,10,57
5785,-108,63,90,377,6,11,58
5785,-108,70,90,377,6,8,57
5785,-108,50,90,377,6,9,57
5785,-108,40,90,377,5,10,58
5785,-108,56,89,377,6,10,56
5785,-108,41,90,377,5,8,57
5785,-108,57,90,377,5,12,59
5785,-108,27,90,377,5,8,56
5785,-108,38,90,377,5,11,58
5785,-108,46,90,377,5,9,58
5785,-108,52,90,377,6,10,58
5785,-108,43,89,377,6,8,57
5785,-108,47,90,377,7,9,58
5785,-108,40,90,377,4,9,57
5785,-108,28,89,377,5,9,56
5785,-108,28,89,377,5,10,57
5785,-108,56,90,377,5,9,58
5785,-108,49,90,377,5,7,57
5785,-108,59,90,377,6,9,58
5785,-108,65,90,377,5,9,58
5785,-108,51,90,377,4,9,58
5785,-108,61,90,377,5,10,58
5785,-108,54,90,377,6,10,58
5785,-108,41,90,377,5,10,57
5785,-108,64,90,377,6,11,57
5785,-108,61,89,377,5,9,57
5785,-108,51,90,377,6,10,58
5785,-108,66,90,377,6,10,57
5785,-108,71,90,377,7,10,58
5785,-108,57,90,377,6,9,58
5785,-108,45,90,377,6,10,58
5785,-108,35,90,377,4,8,57
5785,-108,53,90,377,5,10,58
5785,-108,49,90,377,5,9,57
5785,-108,46,89,378,6,9,56
5785,-108,60,89,378,5,8,56
5785,-108,50,90,377,4,8,57
5785,-108,47,90,377,4,9,58
5785,-108,36,90,377,5,9,57
5785,-108,33,90,377,4,9,57
5785,-108,99,90,377,5,16,63
5785,-108,58,90,377,6,8,56
5785,-108,41,90,377,5,9,57
5785,-108,48,90,377,4,8,57
5785,-108,37,90,377,4,10,57
5785,-108,31,88,378,6,10,56
5785,-108,61,90,377,4,10,59
5785,-108,37,90,377,5,10,58
5785,-108,61,90,377,3,8,57
5785,-108,55,89,377,5,10,57
5785,-108,56,90,377,5,9,57
5785,-108,44,90,377,4,8,57
5785,-108,63,90,377,5,9,58
5785,-108,51,90,377,4,9,58
5785,-108,56,90,377,4,8,58
5785,-108,63,90,377,5,10,58
5785,-108,47,90,377,5,10,58
5785,-108,58,90,377,3,9,57
5785,-108,55,90,377,5,10,58
5785,-108,50,90,377,5,10,58
5785,-108,61,90,377,5,11,58
5785,-108,67,90,377,6,9,57
5785,-108,47,90,377,4,10,58
5785,-108,52,90,377,4,11,58
5785,-108,51,90,377,4,8,57
5785,-108,43,90,377,4,10,57
5785,-108,47,90,377,5,10,58
5785,-108,51,90,377,5,9,58
5785,-108,57,90,377,4,9,57
5785,-108,55,90,377,5,9,56
5785,-108,34,90,377,4,10,58
5785,-108,74,90,377,4,9,58
5785,-108,62,90,377,4,10,58
5785,-108,62,90,377,5,6,58
5785,-108,53,89,377,5,9,57
5785,-108,45,90,377,3,8,57
5785,-108,40,90,377,5,8,57
5785,-108,43,89,378,5,9,56
5785,-108,59,90,377,3,10,59
5785,-108,53,90,377,3,9,57
5785,-108,55,90,377,5,9,58
5785,-108,62,90,377,5,10,58
5785,-108,47,90,377,4,9,58
5785,-108,39,90,377,4,9,58
5805,-108,33,90,377,5,10,57
5805,-108,51,90,377,4,8,57
5805,-108,55,90,377,4,11,57
5805,-108,39,90,377,4,9,57
5805,-108,26,90,377,5,9,56
5805,-108,52,90,377,4,10,57
5805,-108,61,90,377,5,10,58
5805,-108,56,90,377,5,8,56
5805,-108,61,90,377,4,10,58
5805,-108,50,90,377,4,11,57
5805,-108,64,90,377,3,11,58
5805,-108,35,90,377,4,9,57
5805,-108,62,90,377,3,9,57
5805,-108,41,90,377,4,10,57
5805,-108,56,90,377,3,9,57
5805,-108,48,90,377,4,7,57
5805,-108,58,90,377,4,9,58
5805,-108,54,90,377,4,10,57
5805,-108,59,90,377,4,10,57
5805,-108,50,90,377,4,8,56
5805,-108,41,90,377,4,8,56
5805,-108,62,90,377,4,9,57
5805,-108,50,90,377,6,10,58
5805,-108,52,89,378,6,9,56
5805,-108,38,90,377,4,11,58
5805,-108,59,90,377,5,9,58
5805,-108,50,90,377,5,8,57
5805,-108,64,90,377,4,10,57
5805,-108,60,90,377,4,9,57
5805,-108,52,89,377,6,9,56
5805,-108,40,90,377,4,8,57
5805,-108,47,90,377,4,9,57
5805,-108,37,90,377,3,9,57
5805,-108,54,90,377,4,11,58
5805,-108,47,90,377,4,9,57
5805,-108,52,90,377,5,9,58
5805,-108,49,90,377,4,10,57
5805,-108,49,89,377,5,8,55
5805,-108,47,90,377,3,9,57
5805,-108,50,90,377,5,11,58
5805,-108,61,90,377,5,9,58
5805,-108,52,90,377,6,9,58
5805,-108,30,90,377,5,8,57
5805,-108,60,90,377,4,11,58
5805,-108,64,90,377,3,8,57
5805,-108,52,90,377,4,10,58
5805,-108,58,90,377,5,9,57
5805,-108,46,90,377,5,9,57
5805,-108,59,90,377,4,9,57
5805,-108,59,90,377,4,9,57
5805,-108,50,90,377,4,8,57
5805,-108,55,90,377,5,8,57
5805,-108,29,90,377,4,10,57
5805,-108,33,90,377,4,8,57
5805,-108,43,90,377,4,9,57
5805,-108,57,90,377,4,9,57
5805,-108,57,90,377,5,8,57
5805,-108,50,90,377,4,10,58
5805,-108,38,90,377,4,10,57
5805,-108,47,90,377,3,10,57
5805,-108,56,90,377,4,9,58
5805,-108,47,89,377,5,9,57
5805,-108,61,90,377,5,10,57
5805,-108,46,90,377,6,10,58
5805,-108,55,90,377,5,8,58
5805,-108,51,90,377,4,8,57
5805,-108,42,90,377,4,10,57
5805,-108,53,90,377,5,10,58
5805,-108,52,90,377,5,9,57
5805,-108,54,90,377,5,9,57
5805,-108,37,90,377,5,11,57
5805,-108,49,90,377,5,11,58
5805,-108,66,90,377,5,8,57
5805,-108,45,90,377,3,10,58
5805,-108,56,90,377,5,10,57
5805,-108,41,90,377,5,9,57
5805,-108,41,90,377,5,9,57
5805,-108,32,90,377,5,10,58
5805,-108,62,90,377,4,8,58
5805,-108,68,90,377,4,9,57
5805,-108,61,90,377,4,9,58
5805,-108,64,90,377,5,10,57
5805,-108,61,90,377,5,9,58
5805,-108,57,90,377,5,9,57
5805,-108,42,90,377,4,9,58
5805,-108,31,90,377,4,9,57
5805,-108,58,90,377,4,8,56
5805,-108,47,90,377,6,10,58
5805,-108,44,90,377,4,10,57
5805,-108,55,90,377,6,11,58
5805,-108,50,90,377,4,9,57
5805,-108,57,90,377,5,11,57
5805,-108,60,90,377,4,10,58
5805,-108,37,90,377,5,10,57
5805,-108,50,90,377,4,10,57
5805,-108,45,90,377,4,10,58
5805,-108,64,90,377,5,12,59
5805,-108,43,90,377,4,9,57
5805,-108,58,90,377,5,8,57
5805,-108,46,90,377,5,9,57
5805,-108,34,90,377,4,10,58
5805,-108,46,90,377,4,10,57
5805,-108,44,90,377,4,10,58
5805,-108,52,90,377,5,8,57
5805,-108,62,90,377,5,9,57
5805,-108,47,89,377,5,9,57
5805,-108,42,90,377,4,11,57
5805,-108,42,90,377,4,8,56
5805,-108,55,90,377,5,9,57
5805,-108,44,90,377,4,9,58
5805,-108,56,90,377,5,9,57
5805,-108,38,90,377,4,9,57
5805,-108,49,90,377,5,10,58
5805,-108,26,90,377,5,9,57
5805,-108,59,90,377,4,8,57
5805,-108,45,89,377,4,9,57
5805,-108,55,90,377,4,9,57
5805,-108,50,90,377,5,8,57
5805,-108,38,90,377,5,10,57
5805,-108,38,90,377,5,10,57
5805,-108,33,90,377,5,9,57
5805,-108,63,90,377,6,9,57
5805,-108,60,90,377,4,10,58
5805,-108,57,90,377,4,8,57
5805,-108,43,90,377,4,9,56
5805,-108,60,90,377,4,9,58
5805,-108,61,90,377,4,9,57
5805,-108,46,90,377,4,10,57
5805,-108,56,90,377,5,11,59
5805,-108,63,90,377,5,10,57
5805,-108,43,90,377,6,10,57
5805,-108,45,90,377,3,11,58
5805,-108,53,90,377,5,10,58
5805,-108,42,90,377,5,12,58
5805,-108,52,90,377,3,9,57
5805,-108,57,90,377,4,9,57
5805,-108,46,90,377,4,11,58
5805,-108,34,90,377,4,9,58
5805,-108,40,90,377,4,10,58
5805,-108,38,90,377,5,9,58
5805,-108,50,90,377,5,9,57
5805,-108,43,90,377,5,11,59
5805,-108,40,90,377,4,9,57
5805,-108,52,90,377,5,10,58
5805,-108,62,90,377,5,10,58
5805,-108,41,90,377,3,9,57
5805,-108,48,90,377,5,9,58
5805,-108,46,90,377,6,11,57
5805,-108,44,90,377,5,9,58
5805,-108,39,90,377,3,8,56
5805,-108,59,90,377,4,9,57
5805,-108,42,90,377,5,10,58
5805,-108,43,90,377,5,10,58
5805,-108,55,90,377,4,9,57
5805,-108,63,90,377,5,11,58
5805,-108,31,90,377,4,9,57
5805,-108,56,90,377,3,8,58
5805,-108,62,90,377,5,10,58
5805,-108,57,90,377,3,8,57
5805,-108,48,90,377,5,11,59
5805,-108,30,90,377,5,10,57
5805,-108,47,90,377,4,9,57
5805,-108,52,90,377,5,11,58
5805,-108,57,90,377,4,11,58
5805,-108,59,90,377,4,10,57
5805,-108,72,90,377,4,11,58
5805,-108,45,90,377,3,10,58
5805,-108,54,90,377,4,10,57
5805,-108,45,90,377,5,9,57
5805,-108,39,89,377,6,7,56
5805,-108,60,90,377,4,10,58
5805,-108,36,90,377,5,7,57
5805,-108,50,90,377,5,9,57
5805,-108,53,90,377,4,10,58
5805,-108,43,90,377,5,10,58
5805,-108,43,90,377,4,9,58
5805,-108,39,90,377,6,10,58
5805,-108,45,90,377,4,10,58
5805,-108,52,90,377,3,9,57
5805,-108,48,90,377,4,9,57
5805,-108,48,90,377,5,9,57
5805,-108,47,90,377,5,8,57
5805,-108,68,90,377,5,10,57
5805,-108,34,90,377,5,10,57
5805,-108,48,90,377,4,10,57
5805,-108,41,90,377,5,10,57
5805,-108,46,90,377,5,10,58
5805,-108,38,90,377,4,11,58
5805,-108,59,90,377,4,11,58
5805,-108,36,90,377,5,10,57
5805,-108,46,90,377,4,9,57
5805,-108,43,90,377,5,8,57
5805,-108,53,90,377,5,9,58
5805,-108,44,90,377,6,10,57
5805,-108,39,90,377,5,12,59
5805,-108,37,90,377,4,9,57
5805,-108,50,89,378,6,10,57
5805,-108,60,90,377,5,10,58
5805,-108,66,90,377,3,8,57
5805,-108,46,90,377,5,11,58
5805,-108,49,89,377,6,10,56
5805,-108,54,90,377,3,8,57
5805,-108,47,90,377,5,10,58
5805,-108,55,90,377,5,9,58
5805,-108,63,90,377,5,10,58
5805,-108,47,90,377,4,10,58
5805,-108,51,90,377,4,9,57
5805,-108,45,90,377,5,10,57
5805,-108,54,90,377,6,10,58
5805,-108,59,90,377,4,8,57
5805,-108,54,90,377,4,10,57
5805,-108,36,90,377,4,9,57
5805,-108,51,90,377,6,8,56
5805,-108,66,90,377,5,9,57
5805,-108,55,90,377,5,9,57
5805,-108,70,90,377,5,8,57
5805,-108,56,90,377,5,9,58
5805,-108,40,90,377,4,9,57
5805,-108,61,90,377,4,10,58
5805,-108,30,90,377,4,10,57
5805,-108,56,90,377,5,12,58
5805,-108,55,90,377,3,10,58
5805,-108,33,90,377,4,9,57
5805,-108,42,90,377,4,9,57
5805,-108,53,90,377,4,9,58
5805,-108,41,90,377,5,9,58
5805,-108,60,90,377,5,9,57
5805,-108,43,90,377,5,10,58
5805,-108,44,90,377,3,10,57
5805,-108,40,90,377,5,10,57
5805,-108,68,90,377,5,10,58
5805,-108,42,90,377,3,10,58
5805,-108,54,90,377,5,11,58
5805,-108,38,90,377,5,10,58
5805,-108,44,90,377,4,10,58
5805,-108,60,90,377,5,9,58
5805,-108,59,90,377,5,10,58
5805,-108,58,90,377,4,10,58
5805,-108,61,90,377,5,10,57
5805,-108,50,90,377,5,10,58
5805,-108,44,90,377,4,9,57
5805,-108,63,90,377,4,9,57
5805,-108,49,90,377,4,9,57
5805,-108,66,90,377,5,9,57
5805,-108,46,90,377,5,9,57
5805,-108,44,89,377,5,6,54
5805,-108,52,90,377,4,11,58
5805,-108,44,90,377,5,12,57
5805,-108,43,90,377,3,10,58
5805,-108,41,90,377,4,8,57
5805,-108,36,90,377,5,10,58
5805,-108,58,90,377,4,10,58
5805,-108,42,90,377,4,10,58
5805,-108,51,90,377,4,8,57
5805,-108,48,90,377,5,10,58
5805,-108,45,89,377,4,9,56
5805,-108,46,90,377,5,10,58
5805,-108,53,90,377,5,12,58
5805,-108,47,90,377,6,10,57
5805,-108,63,90,377,4,11,58
5805,-108,53,90,377,5,10,58
5805,-108,42,90,377,5,5,55
5805,-108,57,90,377,4,9,57
5805,-108,64,90,377,4,8,58
5805,-108,61,90,377,5,10,57
5805,-108,46,90,377,3,10,57
5805,-108,40,90,377,2,9,57
5805,-108,70,90,377,5,8,58
5805,-108,42,90,377,5,10,58
5805,-108,49,90,377,3,10,57
5805,-108,56,90,377,4,11,57
5805,-108,51,90,377,4,11,58
5805,-108,43,90,377,5,9,57
5805,-108,37,90,377,4,9,57
5805,-108,49,90,377,5,9,57
5805,-108,39,90,377,4,9,58
5805,-108,40,90,377,4,12,57
5805,-108,44,90,377,4,8,57
5805,-108,49,90,377,5,10,58
5805,-108,42,90,377,5,11,58
5805,-108,45,90,377,5,8,56
5805,-108,80,90,377,6,11,58
5805,-108,40,90,377,4,9,57
5805,-108,44,90,377,5,8,57
5805,-108,42,90,377,6,9,57
5805,-108,51,90,377,5,10,58
5805,-108,66,90,377,5,10,58
5805,-108,41,90,377,4,9,57
5805,-108,51,90,377,5,9,57
5805,-108,54,90,377,3,9,57
5805,-108,39,90,377,4,9,57
5805,-108,62,90,377,5,8,58
5805,-108,38,90,377,3,8,57
5805,-108,45,90,377,4,8,57
5805,-108,42,90,377,4,8,57
5805,-108,39,90,377,5,9,58
5805,-108,48,90,377,4,9,57
5805,-108,40,90,377,6,10,58
5805,-108,41,90,377,5,12,58
5805,-108,52,90,377,3,11,57
5805,-108,63,90,377,5,11,58
5805,-108,59,90,377,4,8,57
5805,-108,45,90,377,6,11,57
5805,-108,41,89,377,6,8,56
5805,-108,44,90,377,5,10,57
5805,-108,41,90,377,3,9,57
5805,-108,31,90,377,4,8,55
5805,-108,30,89,378,5,11,56
5805,-108,45,90,377,3,9,58
5805,-108,35,90,377,4,9,57
5805,-108,45,90,377,4,10,58
5805,-108,61,90,377,5,12,58
5805,-108,32,90,377,5,10,58
5805,-108,42,90,377,4,10,58
5805,-108,27,90,377,4,10,57
5805,-108,57,90,377,5,10,58
5805,-108,43,90,377,3,9,57
5805,-108,35,90,377,7,8,57
5805,-108,39,90,377,4,9,57
5805,-108,35,90,377,5,10,57
5805,-108,32,90,377,5,9,57
5805,-108,44,90,377,4,7,57
5805,-108,58,90,377,5,8,57
5805,-108,32,90,377,5,9,57
5805,-108,49,90,377,4,11,58
5805,-108,43,89,377,5,11,57
5805,-108,58,90,377,5,10,58
5805,-108,58,90,377,5,9,57
5805,-108,46,90,377,5,10,58
5805,-108,43,90,377,6,9,57
5805,-108,46,90,377,6,10,58
5805,-108,37,90,377,4,9,57
5805,-108,57,90,377,5,9,57
5805,-108,58,90,377,4,11,58
5805,-108,53,89,377,5,9,57
5805,-108,46,90,377,6,9,57
5805,-108,47,90,377,4,9,57
5805,-108,63,90,377,4,11,57
5805,-108,43,89,377,5,10,57
5805,-108,44,90,377,4,11,58
5805,-108,48,90,377,4,11,58
5805,-108,47,90,377,4,9,58
5805,-108,48,90,377,4,8,57
5805,-108,47,90,377,5,7,58
5805,-108,60,90,377,4,11,57
5805,-108,36,90,377,3,11,57
5805,-108,47,90,377,5,10,57
5805,-108,46,90,377,4,10,58
5805,-108,47,90,377,4,10,57
5805,-108,71,90,377,5,11,57
5805,-108,40,90,377,6,8,57
5805,-108,48,90,377,4,9,57
5805,-108,41,90,377,5,11,58
5805,-108,34,90,377,5,10,57
5805,-108,51,90,377,4,10,58
5805,-108,50,90,377,5,8,58
5805,-108,40,90,377,5,10,57
5805,-108,52,90,377,4,10,58
5805,-108,39,90,377,5,9,57
5805,-108,45,90,377,5,9,58
5805,-108,49,90,377,3,11,59
5805,-108,46,90,377,4,10,57
5805,-108,41,90,377,4,9,58
5805,-108,52,90,377,4,10,57
5805,-108,42,90,377,4,11,58
5805,-108,53,90,377,4,10,58
5805,-108,54,90,377,5,10,58
5805,-108,57,90,377,5,9,56
5805,-108,34,90,377,4,8,57
5805,-108,39,90,377,4,10,58
5805,-108,69,90,377,6,8,58
5805,-108,42,90,377,4,10,58
5805,-108,38,90,377,5,8,57
5805,-108,54,90,377,5,9,57
5805,-108,35,90,377,4,9,57
5805,-108,34,90,377,5,10,58
5805,-108,59,90,377,5,9,57
5805,-108,46,90,377,5,10,57
5805,-108,67,90,377,4,10,57
5805,-108,54,90,377,5,10,58
5805,-108,50,90,377,3,10,57
5805,-108,41,90,377,5,11,58
5805,-108,50,90,377,4,10,57
5805,-108,36,90,377,5,10,59
5805,-108,70,90,377,6,11,58
5805,-108,54,90,377,5,10,58
5805,-108,45,90,377,4,10,58
5805,-108,62,90,377,3,9,58
5805,-108,43,90,377,5,8,57
5805,-108,39,90,377,5,9,58
5805,-108,61,90,377,5,10,58
5805,-108,32,90,377,6,9,57
5805,-108,44,90,377,5,9,57
5805,-108,49,90,377,4,10,58
5805,-108,49,90,377,5,9,57
5805,-108,39,90,377,5,11,58
5805,-108,57,90,377,3,10,58
5805,-108,41,90,377,4,10,58
5805,-108,54,90,377,5,10,57
5805,-108,50,90,377,5,10,57
5805,-108,55,90,377,4,10,58
5805,-108,50,90,377,3,9,57
5805,-108,32,90,377,6,10,57
5805,-108,56,90,377,4,9,57
5805,-108,47,90,377,4,11,58
5805,-108,40,90,377,5,9,58
5805,-108,50,90,377,4,12,58
5805,-108,60,90,377,4,9,57
5805,-108,56,90,377,4,11,57
5805,-108,38,90,377,5,9,57
5805,-108,55,90,377,5,7,57
5805,-108,32,90,377,4,11,57
5805,-108,38,90,377,4,10,57
5805,-108,49,90,377,5,8,57
5805,-108,45,90,377,4,9,56
5805,-108,32,90,377,4,9,57
5805,-108,54,90,377,5,8,58
5805,-108,46,90,377,5,11,59
5805,-108,69,90,377,4,9,57
5805,-108,33,90,377,5,8,56
5805,-108,57,90,377,4,10,57
5805,-108,52,90,377,4,9,57
5805,-108,39,89,377,5,11,56
5805,-108,33,90,377,4,9,57
5805,-108,50,90,377,5,8,58
5805,-108,59,90,377,5,9,57
5805,-108,47,90,377,4,9,57
5805,-108,42,90,377,6,10,58
5805,-108,49,89,377,4,10,57
5805,-108,56,90,377,4,11,57
5805,-108,40,90,377,5,8,57
5805,-108,43,90,377,5,10,57
5805,-108,53,90,377,6,9,57
5805,-108,52,90,377,4,9,58
5805,-108,49,90,377,3,9,57
5805,-108,45,90,377,4,8,57
5805,-108,63,90,377,5,11,57
5805,-108,61,90,377,5,9,58
5805,-108,45,90,377,4,10,57
5805,-108,51,90,377,4,10,58
5805,-108,35,90,377,5,12,59
5805,-108,61,90,377,5,10,57
5805,-108,51,90,377,4,10,58
5805,-108,52,90,377,5,9,58
5805,-108,57,90,377,5,10,58
5805,-108,37,89,377,6,8,56
5805,-108,51,90,377,4,9,57
5805,-108,45,90,377,5,10,58
5805,-108,31,90,377,3,9,57
5805,-108,52,90,377,6,11,58
5805,-108,44,90,377,4,10,57
5805,-108,42,90,377,4,9,57
5805,-108,60,90,377,6,9,57
5805,-108,41,90,377,5,10,57
5805,-108,57,90,377,5,9,58
5805,-108,58,90,377,4,8,57
5805,-108,36,90,377,6,11,58
5805,-108,36,90,377,5,9,57
5805,-108,48,90,377,5,10,58
5805,-108,59,90,377,4,9,58
5805,-108,53,90,377,4,9,57
5805,-108,43,90,377,4,8,57
5805,-108,37,90,377,5,7,56
5805,-108,50,90,377,5,9,57
5805,-108,42,90,377,4,10,57
5805,-108,49,90,377,4,10,57
5805,-108,26,90,377,5,9,57
5805,-108,59,90,377,5,8,57
5805,-108,44,90,377,3,10,58
5805,-108,57,90,377,5,9,56
5805,-108,41,90,377,5,11,57
5805,-108,31,90,377,3,9,56
5805,-108,62,90,377,4,10,57
5805,-108,40,90,377,5,7,56
5805,-108,39,90,377,5,9,57
5805,-108,59,89,377,5,11,57
5805,-108,45,90,377,4,10,58
5805,-108,34,90,377,6,7,55
5805,-108,59,90,377,4,10,57
5805,-108,53,90,377,4,9,57
5805,-108,37,90,377,5,12,58
5805,-108,49,90,377,4,11,57
5805,-108,42,90,377,4,9,57
5805,-108,50,90,377,3,10,58
5805,-108,34,90,377,3,9,57
5805,-108,35,90,377,5,9,57
5805,-108,61,90,377,5,11,57
5805,-108,33,90,377,4,11,58
5805,-108,50,90,377,4,10,57
5805,-108,48,90,377,3,9,57
5805,-108,37,90,377,5,11,58
5805,-108,40,90,377,4,8,57
5805,-108,51,90,377,4,10,58
5805,-108,40,90,377,4,5,56
5805,-108,41,90,377,3,8,56
5805,-108,46,90,377,4,9,57
5805,-108,47,90,377,5,10,58
5805,-108,56,90,377,5,9,57
5805,-108,35,90,377,5,9,57
5805,-108,47,90,377,4,10,57
5805,-108,34,90,377,4,11,59
5805,-108,53,90,377,4,9,58
5805,-108,61,90,377,4,9,57
5805,-108,53,90,377,4,10,58
5805,-108,49,90,377,5,8,57
5805,-108,41,90,377,5,10,58
5805,-108,54,90,377,5,9,57
5805,-108,50,90,377,4,10,57
5805,-108,56,90,377,4,8,57
5805,-108,38,90,377,5,9,57
5805,-108,34,90,377,4,8,57
5805,-108,57,90,377,5,8,57
5805,-108,68,90,377,5,10,58
5805,-108,33,90,377,5,8,56
5805,-108,59,90,377,5,8,58
5805,-108,47,90,377,4,9,57
5805,-108,50,90,377,3,9,56
5805,-108,54,90,377,4,9,57
5805,-108,36,90,377,4,9,57
5805,-108,38,90,377,3,10,57
5805,-108,57,90,377,5,9,57
5805,-108,40,90,377,4,11,58
5805,-108,39,90,377,3,10,57
5805,-108,39,90,377,5,8,57
5805,-108,35,90,377,4,10,57
5805,-108,41,90,377,6,8,57
5805,-108,38,90,377,3,9,57
5805,-108,44,90,377,3,10,57
5805,-108,70,90,377,6,9,58
5805,-108,45,90,377,4,9,57
5805,-108,61,90,377,4,12,58
5805,-108,58,90,377,4,10,57
5805,-108,37,90,377,4,9,57
5805,-108,51,90,377,5,9,58
5805,-108,51,90,377,3,9,57
5805,-108,34,90,377,4,9,57
5805,-108,45,90,377,5,7,56
5805,-108,41,90,377,3,11,58
5805,-108,34,90,377,4,8,56
5805,-108,56,90,377,4,10,58
5805,-108,37,90,377,5,12,59
5805,-108,69,90,377,4,11,58
5805,-108,55,90,377,4,8,57
5805,-108,45,90,377,5,9,57
5805,-108,44,90,377,6,10,57
5805,-108,41,90,377,5,9,57
5805,-108,61,90,377,3,10,58
5805,-108,44,90,377,5,9,57
5805,-108,45,90,377,6,8,57
5805,-108,46,89,378,4,10,57
5805,-108,64,90,377,5,9,59
5805,-108,26,90,377,5,9,56
5805,-108,62,90,377,4,9,58
5805,-108,35,90,377,4,11,56
5805,-108,50,90,377,6,9,57
5805,-108,50,90,377,5,8,57
5805,-108,53,90,377,5,9,57
5805,-108,64,90,377,4,11,58
5805,-108,48,90,377,5,8,56
5805,-108,50,90,377,5,12,58
5805,-108,49,90,377,3,8,56
5805,-108,60,90,377,5,10,58
5805,-108,42,90,377,6,10,57
5805,-108,39,90,377,4,9,57
5805,-108,53,90,377,4,9,57
5805,-108,47,90,377,4,8,56
5805,-108,54,90,377,4,11,59
5805,-108,39,90,377,5,9,57
5805,-108,39,90,377,5,10,57
5805,-108,48,90,377,3,11,58
5805,-108,43,88,378,7,9,55
5805,-108,47,90,377,4,9,57
5805,-108,53,90,377,5,8,56
5805,-108,34,90,377,4,9,57
5805,-108,45,90,377,5,10,58
5805,-108,43,90,377,5,8,56
5805,-108,44,90,377,6,8,57
5805,-108,53,90,377,5,9,57
5805,-108,47,90,377,5,9,57
5805,-108,36,90,377,4,8,56
5805,-108,42,90,377,5,10,58
5805,-108,57,90,377,3,10,57
5805,-108,53,90,377,5,10,57
5805,-108,48,90,377,4,9,58
5805,-108,50,90,377,5,10,57
5805,-108,64,90,377,5,11,58
5805,-108,51,90,377,4,8,57
5805,-108,34,90,377,5,9,58
5805,-108,41,90,377,4,10,57
5805,-108,39,90,377,3,10,57
5805,-108,41,90,377,4,10,58
5805,-108,38,90,377,4,10,58
5805,-108,62,90,377,5,10,58
5805,-108,32,90,377,4,8,56
5805,-108,52,90,377,3,11,59
5805,-108,53,90,377,5,10,57
5805,-108,54,89,377,6,9,57
5805,-108,57,90,377,5,10,58
5805,-108,47,90,377,4,10,57
5805,-108,39,90,377,6,9,57
5805,-108,46,90,377,4,8,56
5805,-108,54,89,378,6,10,57
5805,-108,36,90,377,4,8,57
5805,-108,41,90,377,5,10,57
5805,-108,48,90,377,5,8,57
5805,-108,56,90,377,5,10,58
5805,-108,38,90,377,5,8,57
5805,-108,55,90,377,4,8,58
5805,-108,71,90,377,5,9,58
5805,-108,40,90,377,4,10,57
5805,-108,30,90,377,5,10,57
5805,-108,58,90,377,5,9,58
5805,-108,68,90,377,4,9,58
5805,-108,36,90,377,5,10,58
5805,-108,39,89,378,7,10,57
5805,-108,29,90,377,5,9,57
5805,-108,50,90,377,5,10,57
5805,-108,59,90,377,5,9,57
5805,-108,49,90,377,6,9,57
5805,-108,35,90,377,5,9,58
5805,-108,47,90,377,5,11,59
5805,-108,51,90,377,5,9,58
5805,-108,73,90,377,5,9,58
5805,-108,55,90,377,6,9,57
5805,-108,57,90,377,5,10,58
5805,-108,52,90,377,5,10,57
5805,-108,47,90,377,4,10,57
5805,-108,49,90,377,5,8,57
5805,-108,47,90,377,5,9,58
5805,-108,37,90,377,5,9,57
5805,-108,44,90,377,5,8,57
5805,-108,62,90,377,4,10,58
5805,-108,53,90,377,4,9,57
5805,-108,38,90,377,4,10,58
5805,-108,59,90,377,5,11,58
5805,-108,49,90,377,4,10,57
5805,-108,37,90,377,2,9,57
5805,-108,41,90,377,3,9,57
5805,-108,45,90,377,4,9,58
5805,-108,37,90,377,5,9,57
5805,-108,45,89,377,5,8,55
5805,-108,42,90,377,4,9,57
5805,-108,72,90,377,4,10,58
5805,-108,53,90,377,4,11,58
5805,-108,59,90,377,6,9,57
5805,-108,45,90,377,5,9,57
5805,-108,47,90,377,6,9,56
5805,-108,59,90,377,5,9,57
5805,-108,61,90,377,5,10,58
5805,-108,51,90,377,4,9,57
5805,-108,43,90,377,5,10,57
5805,-108,52,90,377,3,12,57
5805,-108,52,90,377,5,9,57
5805,-108,49,90,377,5,9,57
5805,-108,48,90,377,5,10,57
5805,-108,60,90,377,3,8,57
5805,-108,52,90,377,4,10,58
5805,-108,45,90,377,3,10,57
5805,-108,45,90,377,4,8,56
5805,-108,46,90,377,2,8,57
5805,-108,55,90,377,4,10,57
5805,-108,46,90,377,4,8,57
5805,-108,40,90,377,4,9,57
5805,-108,52,90,377,5,11,58
5805,-108,64,90,377,3,9,57
5805,-108,55,90,377,5,10,58
5805,-108,40,90,377,5,10,57
5805,-108,46,90,377,4,10,57
5805,-108,58,90,377,5,8,57
5805,-108,50,90,377,5,8,57
5805,-108,46,90,377,4,10,58
5805,-108,42,90,377,4,10,57
5805,-108,38,90,377,4,10,57
5805,-108,55,90,377,6,10,58
5805,-108,47,90,377,3,9,58
5805,-108,61,90,377,4,10,58
5805,-108,44,90,377,5,8,56
5805,-108,51,90,377,4,9,58
5805,-108,45,90,377,4,8,57
5805,-108,43,90,377,5,8,57
5805,-108,51,90,377,3,11,58
5805,-108,62,90,377,4,10,58
5805,-108,45,90,377,4,10,57
5805,-108,52,89,377,5,11,57
5805,-108,65,90,377,4,11,58
5805,-108,33,90,377,5,9,57
5805,-108,33,90,377,5,8,56
5805,-108,38,90,377,4,10,57
5805,-108,59,90,377,4,10,57
5805,-108,50,90,377,4,10,58
5805,-108,63,90,377,4,10,58
5805,-108,68,90,377,4,10,57
5805,-108,44,90,377,5,9,57
5805,-108,45,90,377,5,9,56
5805,-108,51,90,377,4,9,57
5805,-108,41,90,377,4,9,57
5805,-108,73,90,377,4,10,58
5805,-108,61,90,377,5,7,57
5805,-108,60,90,377,4,8,57
5805,-108,48,90,377,5,11,58
5805,-108,57,90,377,5,9,58
5805,-108,56,90,377,3,8,58
5805,-108,29,90,377,5,9,57
5805,-108,48,90,377,4,9,58
5805,-108,48,90,377,5,9,57
5805,-108,64,90,377,4,10,58
5805,-108,51,90,377,5,8,57
5805,-108,59,90,377,5,10,57
5805,-108,58,90,377,5,8,57
5805,-108,39,90,377,3,9,57
5805,-108,54,90,377,4,10,57
5805,-108,49,90,377,4,10,58
5805,-108,37,90,377,4,11,58
5805,-108,54,90,377,6,10,58
5805,-108,38,90,377,5,8,56
5805,-108,50,89,378,5,8,56
5805,-108,71,90,377,3,11,58
5805,-108,50,90,377,5,10,57
5805,-108,44,90,377,4,10,58
5805,-108,61,90,377,4,9,57
5805,-108,61,90,377,5,12,58
5805,-108,34,90,377,5,9,58
5805,-108,45,90,377,5,10,58
5805,-108,42,90,377,5,11,58
5805,-108,43,90,377,5,8,57
5805,-108,62,90,377,4,9,57
5805,-108,49,90,377,3,11,58
5805,-108,64,90,377,5,9,58
5805,-108,32,90,377,4,9,57
5805,-108,36,90,377,4,8,57
5805,-108,51,90,377,4,9,57
5805,-108,33,90,377,4,11,58
5805,-108,36,90,377,4,9,57
5805,-108,72,90,377,5,9,57
5805,-108,48,90,377,6,10,57
5805,-108,43,90,377,3,9,57
5805,-108,34,90,377,4,10,56
5805,-108,54,90,377,3,9,57
5805,-108,47,90,377,4,11,58
5805,-108,45,90,377,4,10,58
5805,-108,51,90,377,4,11,58
5805,-108,46,90,377,4,10,57
5805,-108,42,90,377,5,10,58
5805,-108,34,90,377,5,9,57
5805,-108,40,90,377,5,9,58
5805,-108,31,90,377,4,9,57
5805,-108,55,90,377,3,10,58
5805,-108,54,90,377,5,10,57
5805,-108,42,90,377,6,10,58
5805,-108,55,90,377,5,8,57
5805,-108,42,90,377,6,9,57
5805,-108,68,90,377,5,9,58
5805,-108,41,90,377,3,9,57
5805,-108,65,90,377,6,9,57
5805,-108,62,90,377,4,10,58
5805,-108,35,90,377,5,10,57
5805,-108,41,89,377,7,11,57
5805,-108,63,90,377,4,10,57
5805,-108,41,90,377,5,11,57
5805,-108,26,89,378,6,10,56
5805,-108,46,90,377,4,8,57
5805,-108,57,90,377,4,11,59
5805,-108,63,90,377,5,10,57
5805,-108,60,90,377,6,8,57
5805,-108,42,90,377,4,9,57
5805,-108,42,88,378,5,8,55
5805,-108,38,89,377,6,9,56
5805,-108,36,90,377,3,10,56
5805,-108,32,90,377,5,10,57
5805,-108,47,90,377,3,8,57
5805,-108,46,90,377,4,11,57
5805,-108,39,90,377,4,7,56
5805,-108,35,90,377,4,11,57
5805,-108,44,90,377,5,11,58
5805,-108,52,90,377,5,9,58
5805,-108,52,90,377,4,10,57
5805,-108,51,90,377,3,10,58
5805,-108,52,90,377,5,10,57
5805,-108,45,90,377,4,10,57
5805,-108,45,90,377,4,9,57
5805,-108,56,90,377,4,10,58
5805,-108,35,90,377,6,8,57
5805,-108,52,90,377,4,11,57
5805,-108,50,90,377,5,9,57
5805,-108,68,90,377,4,10,59
5805,-108,71,90,377,4,9,57
5805,-108,60,90,377,6,10,58
5805,-108,43,90,377,4,8,57
5805,-108,38,90,377,5,10,57
5805,-108,61,90,377,5,8,57
5805,-108,60,90,377,5,9,57
5805,-108,52,89,377,4,9,56
5805,-108,41,90,377,4,10,58
5805,-108,38,90,377,4,9,57
5805,-108,50,90,377,5,7,57
5805,-108,55,90,377,2,10,58
5805,-108,60,90,377,5,9,56
5805,-108,45,90,377,6,9,57
5805,-108,61,90,377,5,10,58
5805,-108,42,89,377,4,11,57
5805,-108,48,90,377,5,10,57
5805,-108,41,90,377,4,9,57
5805,-108,33,90,377,6,9,57
5805,-108,46,90,377,4,10,57
5805,-108,44,90,377,5,10,58
5805,-108,36,90,377,5,10,58
5805,-108,33,90,377,5,11,57
5805,-108,32,90,377,4,9,58
5805,-108,38,90,377,4,10,57
5805,-108,42,90,377,5,10,58
5805,-108,39,90,377,5,8,57
5805,-108,45,90,377,5,11,58
5805,-108,52,90,377,4,10,58
5805,-108,44,90,377,4,9,57
5805,-108,44,90,377,4,10,57
5805,-108,48,90,377,4,10,57
5805,-108,53,90,377,4,10,57
5805,-108,43,90,377,3,10,58
5805,-108,54,90,377,5,9,57
5805,-108,42,90,377,5,12,57
5805,-108,55,90,377,5,8,57
5805,-108,58,90,377,3,10,58
5805,-108,60,90,377,5,9,57
5805,-108,41,90,377,4,7,57
5805,-108,51,90,377,6,10,58
5805,-108,52,90,377,5,8,57
5805,-108,54,90,377,6,9,57
5805,-108,42,90,377,5,8,57
5805,-108,35,89,377,5,8,56
5805,-108,54,90,377,5,9,58
5805,-108,64,90,377,5,11,57
5805,-108,38,90,377,4,10,57
5805,-108,43,90,377,6,9,57
5805,-108,51,90,377,6,8,57
5805,-108,35,90,377,4,11,57
5805,-108,45,90,377,5,8,57
5805,-108,52,90,377,4,9,57
5805,-108,27,90,377,4,9,57
5805,-108,51,90,377,3,9,57
5805,-108,52,90,377,4,9,57
5805,-108,41,90,377,4,9,57
5805,-108,75,90,377,4,9,57
5805,-108,46,90,377,5,10,58
5805,-108,54,89,377,5,8,57
5805,-108,63,90,377,5,11,58
5805,-108,71,90,377,5,10,57
5805,-108,32,90,377,3,10,57
5805,-108,41,90,377,4,9,57
5805,-108,34,90,377,4,8,57
5805,-108,41,90,377,4,9,57
5805,-108,25,90,377,3,8,57
5805,-108,59,90,377,5,10,58
5805,-108,36,90,377,4,9,57
5805,-108,62,90,377,3,10,57
5805,-108,37,90,377,4,9,57
5805,-108,43,90,377,5,9,57
5805,-108,39,90,377,6,9,58
5805,-108,57,90,377,3,8,57
5805,-108,53,90,377,4,9,57
5805,-108,55,90,377,5,10,58
5805,-108,47,90,377,4,9,58
5805,-108,70,90,377,3,8,57
5805,-108,53,90,377,5,10,57
5805,-108,32,90,377,6,11,58
5805,-108,57,90,377,3,10,57
5805,-108,41,90,377,5,9,58
5805,-108,67,90,377,4,11,58
5805,-108,37,90,377,5,10,57
5805,-108,45,90,377,5,10,57
5805,-108,45,90,377,5,9,57
5805,-108,38,90,377,4,9,58
5805,-108,54,90,377,5,9,57
5805,-108,64,90,377,4,9,58
5805,-108,50,90,377,3,8,57
5805,-108,57,90,377,6,10,57
5805,-108,44,90,377,4,10,57
5805,-108,61,90,377,3,10,57
5805,-108,54,90,377,6,10,58
5805,-108,42,90,377,5,10,57
5805,-108,58,90,377,5,8,56
5805,-108,42,90,377,5,9,57
5805,-108,42,89,377,5,10,55
5805,-108,54,90,377,3,9,58
5805,-108,68,89,377,6,9,56
5805,-108,65,90,377,6,10,58
5805,-108,48,90,377,4,9,57
5805,-108,34,90,377,4,10,57
5805,-108,34,90,377,5,11,59
5805,-108,64,90,377,4,9,57
5805,-108,53,90,377,5,10,57
5805,-108,57,90,377,5,10,57
5805,-108,44,89,378,6,8,56
5805,-108,43,90,377,5,9,57
5805,-108,45,90,377,3,9,58
5805,-108,44,90,377,5,7,56
5805,-108,57,90,377,5,7,55
5805,-108,53,90,377,4,11,57
5805,-108,40,90,377,5,9,57
5805,-108,29,90,377,5,9,57
5805,-108,32,90,377,4,9,58
5805,-108,46,90,377,5,8,57
5805,-108,33,90,377,5,10,57
5805,-108,56,90,377,4,11,58
5805,-108,46,90,377,3,9,57
5805,-108,41,90,377,4,8,57
5805,-108,54,90,377,5,10,58
5805,-108,54,90,377,5,10,58
5805,-108,48,90,377,5,11,58
5805,-108,33,90,377,5,9,57
5805,-108,43,90,377,5,8,56
5805,-108,46,90,377,5,9,58
5805,-108,41,90,377,4,9,56
5805,-108,43,90,377,5,10,58
5805,-108,32,90,377,5,9,58
5805,-108,58,90,377,4,9,58
5805,-108,48,90,377,4,10,57
5805,-108,43,90,377,5,8,57
5805,-108,46,90,377,5,9,57
5805,-108,31,90,377,4,9,57
5805,-108,49,90,377,5,11,57
5805,-108,43,90,377,4,8,57
5805,-108,44,90,377,4,8,57
5805,-108,33,90,377,4,8,57
5805,-108,69,90,377,5,9,57
5805,-108,44,90,377,6,9,58
5805,-108,50,90,377,4,10,58
5805,-108,58,90,377,3,10,57
5805,-108,62,90,377,5,8,57
5805,-108,52,90,377,5,9,58
5805,-108,49,90,377,4,10,57
5805,-108,51,90,377,5,10,57
5805,-108,48,90,377,5,11,58
5805,-108,60,90,377,3,11,57
5805,-108,58,90,377,6,10,58
5805,-108,46,90,377,4,11,59
5805,-108,71,90,377,4,10,58
5805,-108,52,90,377,5,9,57
5805,-108,41,90,377,5,10,57
5805,-108,52,90,377,5,8,57
5805,-108,54,90,377,3,9,57
5805,-108,35,90,377,4,12,58
5805,-108,73,90,377,4,11,59
5805,-108,36,90,377,4,10,56
5805,-108,52,90,377,5,9,57
5805,-108,63,90,377,5,9,57
5805,-108,42,90,377,5,10,57
5805,-108,35,90,377,5,9,57
5805,-108,62,90,377,4,7,57
5805,-108,63,90,377,4,8,57
5805,-108,51,90,377,5,10,58
5805,-108,44,90,377,5,8,57
5805,-108,40,90,377,4,10,57
5805,-108,54,90,377,5,10,59
5805,-108,49,90,377,5,10,58
5805,-108,30,90,377,4,9,56
5805,-108,55,90,377,4,9,57
5805,-108,66,90,377,5,9,57
5805,-108,48,90,377,5,9,57
5805,-108,54,90,377,4,10,58
5805,-108,46,90,377,5,8,57
5805,-108,59,90,377,5,10,58
5805,-108,54,90,377,3,9,57
5805,-108,45,89,377,4,8,56
5805,-108,49,90,377,5,9,57
5805,-108,44,90,377,4,7,57
5805,-108,55,90,377,4,10,58
5805,-108,46,90,377,4,10,58
5805,-108,63,90,377,5,10,58
5805,-108,35,89,378,5,10,57
5805,-108,48,90,377,4,9,58
5805,-108,62,90,377,4,10,58
5805,-108,39,90,377,6,8,56
5805,-108,72,90,377,4,12,58
5805,-108,47,90,377,3,10,57
5805,-108,60,90,377,3,9,58
5805,-108,62,90,377,5,11,58
5805,-108,59,90,377,5,10,57
5805,-108,57,90,377,4,9,57
5805,-108,45,90,377,3,10,57
5805,-108,45,90,377,6,10,57
5805,-108,55,90,377,5,11,58
5805,-108,57,90,377,2,10,57
5805,-108,56,90,377,5,11,58
5805,-108,64,90,377,4,10,58
5805,-108,57,90,377,3,10,58
5805,-108,62,90,377,4,10,58
5805,-108,53,90,377,5,8,56
5805,-108,58,90,377,5,9,57
5805,-108,29,89,377,4,10,56
5805,-108,47,90,377,3,9,57
5805,-108,55,90,377,5,7,56
5805,-108,57,90,377,4,10,58
5805,-108,38,90,377,4,8,57
5805,-108,40,90,377,4,11,59
5805,-108,60,90,377,4,9,57
5805,-108,47,89,377,6,11,58
5805,-108,61,90,377,5,10,58
5805,-108,41,90,377,6,10,58
5805,-108,42,90,377,4,8,57
5805,-108,38,90,377,4,8,58
5805,-108,55,90,377,4,7,57
5805,-108,49,90,377,4,10,58
5805,-108,56,90,377,5,9,58
5805,-108,42,90,377,5,10,58
5805,-108,56,90,377,5,9,59
5805,-108,50,90,377,5,10,57
5805,-108,41,90,377,4,9,57
5805,-108,51,90,377,4,10,58
5805,-108,40,90,377,5,10,58
5805,-108,64,90,377,4,8,57
5805,-108,45,90,377,5,10,57
5805,-108,47,90,377,4,12,58
5805,-108,39,90,377,3,8,57
5805,-108,51,90,377,4,10,57
5805,-108,50,90,377,5,9,57
5805,-108,48,90,377,5,9,58
5805,-108,52,90,377,5,8,57
5805,-108,63,90,377,5,10,57
5805,-108,75,90,377,4,10,57
5805,-108,45,89,377,5,11,56
5805,-108,33,90,377,4,10,57
5805,-108,47,90,377,5,9,57
5805,-108,52,89,377,3,9,56
5805,-108,54,90,377,5,10,57
5805,-108,44,90,377,5,9,57
5805,-108,33,90,377,5,10,57
5805,-108,53,90,377,5,11,57
5805,-108,57,90,377,4,9,58
5805,-108,54,90,377,5,8,56
5805,-108,59,90,377,4,8,57
5805,-108,56,90,377,4,9,58
5805,-108,54,90,377,5,10,57
5805,-108,44,90,377,5,12,58
5805,-108,47,90,377,5,8,57
5805,-108,42,90,377,4,10,58
5805,-108,55,90,377,3,10,58
5805,-108,67,90,377,4,9,58
5805,-108,82,90,377,5,9,58
5805,-108,59,90,377,4,9,57
5805,-108,60,90,377,4,9,58
5805,-108,44,90,377,4,8,57
5805,-108,47,90,377,4,10,57
5805,-108,54,90,377,5,9,57
5805,-108,50,89,378,6,9,57
5805,-108,59,90,377,5,10,57
5805,-108,49,90,377,5,8,57
5805,-108,46,90,377,5,10,58
5805,-108,41,90,377,4,9,58
5805,-108,52,90,377,4,8,57
5805,-108,57,90,377,5,10,58
5805,-108,50,90,377,5,9,57
5805,-108,60,90,377,5,10,58
5805,-108,56,90,377,4,10,58
5805,-108,52,90,377,4,7,58
5805,-108,36,90,377,5,9,57
5805,-108,37,90,377,4,7,56
5805,-108,43,89,378,6,9,56
5805,-108,52,90,377,5,10,58
5805,-108,47,90,377,3,10,57
5805,-108,46,90,377,5,9,57
5805,-108,43,90,377,4,8,56
5805,-108,57,90,377,5,10,57
5805,-108,46,90,377,5,9,57
5805,-108,37,90,377,4,9,57
5805,-108,54,90,377,3,8,56
5805,-108,46,89,377,6,11,57
5805,-108,59,90,377,6,8,57
5805,-108,51,90,377,4,7,58
5805,-108,60,90,377,4,10,58
5805,-108,44,90,377,4,10,58
5805,-108,45,90,377,3,10,58
5805,-108,34,89,377,5,10,57
5805,-108,46,90,377,4,9,57
5805,-108,54,90,377,5,11,58
5805,-108,34,90,377,4,9,57
5805,-108,40,90,377,4,11,58
5805,-108,46,90,377,4,9,57
5805,-108,50,90,377,5,8,57
5805,-108,47,90,377,5,8,57
5805,-108,49,90,377,4,10,57
5805,-108,47,90,377,4,8,57
5805,-108,54,90,377,6,9,58
5805,-108,58,90,377,5,9,57
5805,-108,58,90,377,3,9,58
5805,-108,39,90,377,4,10,57
5805,-108,54,90,377,4,11,58
5805,-108,53,90,377,4,10,58
5805,-108,46,90,377,5,10,58
5805,-108,46,90,377,4,9,58
5805,-108,60,90,377,5,11,58
5805,-108,52,90,377,5,10,57
5805,-108,48,90,377,6,9,57
5805,-108,64,90,377,5,8,57
5805,-108,36,90,377,4,12,57
5805,-108,55,90,377,5,9,57
5805,-108,32,90,377,4,9,56
5805,-108,38,90,377,3,10,58
5805,-108,42,90,377,4,8,57
5805,-108,36,89,377,5,9,57
5805,-108,64,90,377,4,9,58
5805,-108,55,90,377,4,10,56
5805,-108,48,90,377,3,8,57
5805,-108,50,90,377,4,8,57
5805,-108,44,90,377,4,10,57
5805,-108,43,90,377,5,10,57
5805,-108,41,90,377,5,10,57
5805,-108,56,90,377,5,10,57
5805,-108,43,90,377,4,11,57
5805,-108,50,90,377,4,10,58
5805,-108,58,90,377,6,9,57
5805,-108,36,90,377,4,11,56
5805,-108,45,90,377,3,8,57
5805,-108,46,89,378,5,11,57
5805,-108,33,90,377,5,9,56
5805,-108,59,90,377,5,10,58
5805,-108,43,90,377,4,11,58
5805,-108,41,90,377,4,10,57
5805,-108,51,90,377,4,10,58
5805,-108,37,90,377,5,9,56
5805,-108,63,90,377,4,8,57
5805,-108,56,90,377,4,8,57
5805,-108,47,90,377,4,9,56
5805,-108,41,90,377,4,8,57
5805,-108,40,90,377,4,12,59
5805,-108,45,90,377,4,10,57
5805,-108,33,90,377,4,8,56
5805,-108,43,90,377,5,10,58
5805,-108,59,90,377,4,9,58
5805,-108,38,90,377,4,8,57
5805,-108,42,89,378,6,9,56
5805,-108,60,90,377,4,9,57
5805,-108,40,90,377,3,8,57
5805,-108,47,90,377,5,10,57
5805,-108,58,90,377,6,9,58
5805,-108,43,90,377,4,11,58
5805,-108,37,90,377,3,9,57
5805,-108,50,90,377,5,10,57
5805,-108,46,90,377,5,10,57
5805,-108,47,90,377,4,10,58
5805,-108,54,90,377,4,9,57
5805,-108,51,90,377,4,8,56
5805,-108,73,90,377,4,9,57
5805,-108,51,90,377,5,9,58
5805,-108,41,90,377,5,10,57
5805,-108,32,90,377,5,9,57
5805,-108,41,89,377,5,9,56
5805,-108,53,90,377,5,11,57
5805,-108,46,90,377,4,11,58
5805,-108,44,90,377,5,10,58
5805,-108,60,90,377,5,10,58
5805,-108,53,90,377,4,8,56
5805,-108,40,90,377,4,11,57
5805,-108,62,90,377,5,9,57
5805,-108,35,90,377,5,10,57
5805,-108,53,90,377,4,9,58
5805,-108,47,90,377,5,8,56
5805,-108,58,90,377,3,9,58
5805,-108,42,90,377,5,10,58
5805,-108,52,90,377,4,10,58
5805,-108,36,90,377,4,9,57
5805,-108,57,90,377,4,11,58
5805,-108,62,90,377,6,8,56
5805,-108,48,90,377,2,11,57
5805,-108,59,90,377,5,7,57
5805,-108,68,90,377,3,12,58
5805,-108,66,90,377,4,12,58
5805,-108,46,90,377,3,10,57
5805,-108,51,90,377,5,9,58
5805,-108,45,90,377,4,9,57
5805,-108,49,90,377,5,8,56
5805,-108,47,90,377,4,8,56
5805,-108,59,90,377,5,9,57
5805,-108,57,90,377,4,10,59
5805,-108,41,90,377,5,10,57
5805,-108,67,90,377,5,8,57
5805,-108,57,90,377,4,10,57
5805,-108,47,90,377,4,9,57
5805,-108,58,90,377,5,11,58
5805,-108,33,90,377,6,10,57
5805,-108,38,90,377,4,9,57
5805,-108,31,90,377,6,9,58
5805,-108,46,90,377,4,9,57
5805,-108,62,90,377,4,10,57
5805,-108,43,89,377,5,9,57
5805,-108,53,90,377,5,9,58
5805,-108,56,90,377,4,11,57
5805,-108,35,90,377,5,10,58
5805,-108,58,90,377,4,9,57
5805,-108,41,90,377,5,8,56
5805,-108,41,90,377,5,9,57
5805,-108,28,90,377,2,9,57
5805,-108,46,90,377,5,10,56
5805,-108,53,90,377,5,9,57
5805,-108,47,90,377,5,10,57
5805,-108,52,90,377,5,9,58
5805,-108,68,90,377,5,10,57
5805,-108,60,90,377,4,8,57
5805,-108,49,90,377,4,11,59
5805,-108,43,90,377,4,9,57
5805,-108,51,90,377,4,11,58
5805,-108,32,90,377,4,9,57
5805,-108,51,90,377,3,10,57
5805,-108,43,90,377,3,10,58
5805,-108,41,90,377,5,8,57
5805,-108,55,90,377,5,9,57
5805,-108,62,90,377,5,9,57
5805,-108,54,90,377,5,10,57
5805,-108,54,90,377,5,11,58
5805,-108,45,90,377,5,10,58
5805,-108,58,90,377,3,9,57
5805,-108,46,89,377,4,9,57
5805,-108,63,90,377,4,8,57
5805,-108,49,90,377,4,9,57
5805,-108,32,90,377,4,8,57
5805,-108,51,90,377,4,9,57
5805,-108,42,90,377,3,10,58
5805,-108,62,90,377,4,9,57
5805,-108,40,89,378,5,9,57
5805,-108,46,90,377,3,10,58
5805,-108,53,90,377,6,10,57
5805,-108,58,90,377,5,9,57
5805,-108,45,90,377,5,10,58
5805,-108,39,90,377,5,10,57
5805,-108,37,90,377,5,9,57
5805,-108,42,90,377,4,9,58
5805,-108,69,90,377,6,9,58
5805,-108,44,89,377,5,8,56
5805,-108,45,90,377,4,9,57
5805,-108,42,90,377,5,9,58
5805,-108,53,90,377,5,10,58
5805,-108,48,90,377,5,11,59
5805,-108,37,90,377,5,11,58
5805,-108,58,90,377,5,9,57
5805,-108,48,90,377,4,9,57
5805,-108,43,90,377,4,10,57
5805,-108,48,90,377,5,9,57
5805,-108,62,90,377,5,9,58
5805,-108,33,90,377,5,9,57
5805,-108,45,90,377,5,11,58
5805,-108,54,90,377,4,11,59
5805,-108,51,90,377,5,9,56
5805,-108,61,90,377,3,8,57
5805,-108,64,90,377,4,12,58
5805,-108,55,90,377,5,9,58
5805,-108,62,90,377,3,9,58
5805,-108,47,90,377,4,8,57
5805,-108,68,90,377,6,9,58
5805,-108,52,90,377,5,9,59
5805,-108,55,90,377,4,9,57
5805,-108,54,90,377,6,10,57
5805,-108,61,90,377,5,9,58
5805,-108,48,90,377,4,9,57
5805,-108,40,90,377,4,10,58
5805,-108,46,90,377,6,9,57
5805,-108,69,90,377,4,9,58
5805,-108,54,90,377,4,9,57
5805,-108,39,90,377,4,8,57
