freq1,noise,max_magnitude,total_gain_db,base_pwr_db,rssi,relpwr_db,avgpwr_db
5805,-108,40,89,377,6,10,57
5805,-108,54,90,377,5,10,57
5805,-108,42,90,377,5,8,56
5805,-108,38,90,377,8,9,57
5805,-108,31,90,377,5,10,57
5805,-108,32,90,377,5,9,57
5805,-108,34,90,377,8,10,57
5805,-108,72,90,377,6,10,57
5805,-108,48,90,377,6,9,57
5805,-108,36,90,377,6,10,57
5805,-108,28,90,377,6,10,57
5805,-108,48,90,377,6,10,58
5805,-108,53,90,377,4,10,57
5805,-108,49,90,377,6,9,57
5805,-108,55,90,377,6,10,56
5805,-108,43,90,377,6,9,57
5805,-108,47,90,377,7,6,56
5805,-108,32,90,377,5,9,57
5805,-108,31,90,377,6,11,57
5805,-108,42,90,377,6,8,56
5805,-108,40,90,377,5,10,57
5805,-108,45,90,377,6,9,57
5805,-108,30,90,377,4,9,57
5805,-108,46,90,377,6,9,56
5805,-108,36,89,378,7,9,57
5805,-108,41,90,377,4,9,57
5805,-108,35,90,377,6,10,57
5805,-108,34,90,377,6,10,57
5805,-108,43,90,377,6,9,57
5805,-108,40,90,377,8,12,58
5805,-108,30,90,377,4,10,57
5805,-108,54,90,377,5,8,58
5805,-108,37,90,377,5,11,57
5805,-108,58,90,377,6,9,56
5805,-108,37,90,377,6,10,57
5805,-108,44,90,377,5,9,57
5805,-108,45,90,377,5,11,57
5805,-108,49,90,377,6,10,57
5805,-108,49,90,377,5,9,57
5805,-108,48,90,377,6,8,56
5805,-108,44,90,377,6,10,57
5805,-108,42,90,377,7,10,57
5805,-108,46,90,377,6,10,57
5805,-108,36,90,377,5,9,56
5805,-108,35,90,377,6,11,57
5805,-108,45,90,377,7,7,56
5805,-108,40,90,377,6,9,57
5805,-108,38,90,377,6,10,58
5805,-108,44,90,377,7,9,57
5805,-108,26,90,377,6,9,56
5805,-108,40,90,377,4,11,57
5805,-108,48,90,377,5,9,57
5805,-108,37,90,377,5,9,57
5805,-108,35,90,377,6,9,57
5805,-108,47,90,377,6,10,57
5805,-108,36,90,377,8,9,57
5805,-108,47,90,377,6,9,56
5805,-108,32,90,377,6,10,57
5805,-108,57,90,377,6,9,57
5805,-108,50,90,377,6,9,57
5805,-108,40,90,377,6,8,56
5805,-108,50,90,377,6,11,57
5805,-108,39,90,377,6,8,56
5805,-108,38,90,377,5,8,57
5805,-108,44,90,377,5,11,57
5805,-108,34,89,377,6,10,57
5805,-108,46,90,377,6,9,57
5805,-108,55,90,377,6,7,57
5805,-108,47,90,377,6,7,56
5805,-108,49,90,377,5,9,57
5805,-108,72,90,377,6,11,58
5805,-108,52,90,377,5,10,57
5805,-108,45,90,377,6,10,57
5805,-108,47,90,377,5,10,57
5805,-108,44,90,377,6,9,57
5805,-108,37,90,377,6,8,56
5805,-108,62,90,377,4,10,57
5805,-108,42,90,377,5,10,57
5805,-108,42,90,377,5,10,57
5805,-108,44,90,377,8,10,58
5805,-108,53,90,377,6,10,58
5805,-108,42,90,377,6,8,56
5805,-108,45,90,377,5,11,57
5805,-108,61,90,377,5,10,58
5805,-108,44,90,377,7,9,57
5805,-108,34,90,377,5,11,57
5805,-108,40,90,377,6,10,57
5805,-108,26,90,377,6,8,56
5805,-108,40,90,377,6,10,57
5805,-108,57,90,377,7,10,57
5805,-108,71,90,377,6,12,58
5805,-108,31,90,377,6,10,57
5805,-108,46,90,377,5,8,57
5805,-108,46,90,377,5,8,57
5805,-108,37,90,377,5,10,57
5805,-108,48,90,377,4,9,57
5805,-108,34,90,377,6,10,57
5805,-108,33,90,377,7,9,57
5805,-108,49,90,377,6,10,57
5805,-108,41,90,377,6,8,57
5805,-108,53,90,377,6,8,56
5805,-108,35,90,377,6,9,57
5805,-108,54,90,377,6,9,57
5805,-108,31,90,377,7,9,57
5805,-108,34,90,377,6,9,57
5805,-108,42,90,377,4,11,57
5805,-108,37,90,377,4,9,56
5805,-108,51,90,377,6,9,57
5805,-108,34,90,377,7,10,57
5805,-108,45,90,377,7,10,57
5805,-108,45,90,377,6,10,56
5805,-108,47,90,377,5,11,58
5805,-108,34,90,377,5,10,58
5805,-108,36,90,377,5,7,57
5805,-108,56,90,377,7,9,57
5805,-108,38,90,377,6,9,57
5805,-108,52,90,377,7,9,57
5805,-108,39,90,377,6,9,57
5805,-108,33,90,377,5,11,58
5805,-108,51,90,377,6,11,58
5805,-108,53,90,377,5,9,57
5805,-108,72,90,377,4,10,57
5805,-108,54,90,377,6,10,57
5805,-108,45,90,377,6,9,57
5805,-108,56,90,377,7,10,57
5805,-108,35,90,377,5,9,57
5805,-108,43,90,377,5,9,57
5805,-108,30,90,377,6,10,57
5805,-108,51,90,377,6,10,57
5805,-108,52,90,377,4,11,57
5805,-108,34,90,377,6,10,57
5805,-108,51,90,377,4,10,57
5805,-108,42,90,377,6,9,57
5805,-108,47,90,377,5,9,58
5805,-108,40,90,377,7,10,56
5805,-108,40,90,377,6,10,56
5805,-108,40,90,377,6,9,57
5805,-108,51,90,377,6,10,57
5805,-108,52,90,377,7,10,57
5805,-108,57,90,377,5,10,57
5805,-108,50,90,377,5,9,57
5805,-108,45,90,377,6,11,58
5805,-108,43,90,377,7,9,56
5805,-108,46,90,377,6,10,57
5805,-108,41,90,377,6,10,57
5805,-108,36,90,377,6,9,57
5805,-108,54,90,377,4,9,56
5805,-108,45,90,377,5,10,57
5805,-108,65,90,377,7,9,57
5805,-108,53,90,377,5,10,58
5805,-108,32,90,377,5,10,57
5805,-108,30,90,377,4,11,58
5805,-108,49,90,377,6,10,58
5805,-108,42,90,377,5,11,57
5805,-108,38,90,377,6,10,58
5805,-108,48,90,377,7,9,56
5805,-108,41,90,377,6,11,58
5805,-108,44,90,377,6,9,57
5805,-108,38,90,377,5,8,56
5805,-108,69,90,377,7,9,58
5805,-108,43,90,377,7,10,57
5805,-108,31,90,377,6,9,57
5805,-108,47,90,377,5,11,58
5805,-108,30,90,377,7,9,57
5805,-108,49,90,377,5,11,57
5805,-108,29,90,377,7,8,56
5805,-108,32,90,377,7,8,56
5805,-108,41,90,377,7,8,56
5805,-108,49,90,377,6,10,58
5805,-108,46,90,377,6,8,57
5805,-108,39,90,377,7,10,57
5805,-108,63,90,377,6,8,58
5805,-108,33,90,377,6,10,57
5805,-108,32,90,377,5,10,57
5805,-108,47,90,377,5,9,57
5805,-108,53,90,377,5,9,57
5805,-108,33,90,377,6,9,57
5805,-108,55,90,377,6,10,57
5805,-108,32,90,377,5,9,57
5805,-108,51,90,377,6,10,57
5805,-108,48,90,377,6,10,57
5805,-108,36,90,377,5,9,57
5805,-108,42,90,377,4,10,57
5805,-108,38,90,377,8,10,57
5805,-108,35,90,377,5,9,57
5805,-108,41,90,377,6,11,57
5805,-108,35,90,377,6,8,57
5805,-108,59,90,377,5,9,56
5805,-108,45,90,377,5,8,57
5805,-108,57,90,377,7,9,57
5805,-108,45,90,377,5,9,57
5805,-108,48,90,377,6,8,57
5805,-108,36,90,377,6,10,57
5805,-108,33,90,377,5,9,57
5805,-108,36,90,377,6,10,57
5805,-108,46,90,377,6,11,57
5805,-108,46,90,377,7,11,58
5805,-108,46,90,377,5,10,58
5805,-108,40,90,377,7,11,57
5805,-108,34,90,377,8,9,57
5805,-108,42,90,377,5,11,57
5805,-108,39,90,377,6,8,56
5805,-108,54,90,377,5,9,57
5805,-108,45,90,377,6,10,57
5805,-108,35,90,377,7,10,57
5805,-108,35,90,377,7,9,57
5805,-108,44,90,377,6,11,58
5805,-108,47,90,377,5,10,58
5805,-108,32,90,377,6,8,56
5805,-108,39,90,377,7,8,56
5805,-108,45,90,377,6,9,58
5805,-108,39,90,377,6,12,58
5805,-108,49,90,377,6,7,56
5805,-108,40,90,377,5,9,56
5805,-108,57,90,377,6,9,57
5805,-108,55,90,377,6,10,56
5805,-108,41,90,377,6,12,58
5805,-108,44,90,377,5,10,57
5805,-108,55,90,377,7,9,57
5805,-108,42,90,377,6,10,57
5805,-108,45,90,377,5,9,57
5805,-108,46,90,377,6,9,57
5805,-108,32,90,377,5,8,56
5805,-108,65,90,377,7,10,57
5805,-108,32,90,377,6,10,57
5805,-108,46,90,377,5,9,57
5805,-108,43,90,377,6,8,55
5805,-108,37,90,377,5,9,57
5805,-108,41,90,377,4,10,57
5805,-108,35,90,377,6,8,57
5805,-108,55,90,377,6,10,57
5805,-108,56,90,377,6,10,58
5805,-108,42,90,377,6,10,58
5805,-108,40,90,377,5,10,57
5805,-108,47,90,377,7,9,56
5805,-108,47,90,377,7,9,57
5805,-108,43,90,377,6,9,56
5805,-108,49,90,377,6,10,58
5805,-108,58,90,377,6,9,57
5805,-108,27,90,377,7,8,55
5805,-108,45,90,377,6,9,57
5805,-108,42,90,377,5,8,57
5805,-108,48,90,377,6,7,56
5805,-108,48,90,377,6,9,57
5805,-108,47,90,377,5,10,57
5805,-108,31,90,377,5,9,57
5805,-108,34,90,377,6,10,57
5805,-108,29,90,377,6,11,57
5805,-108,46,90,377,7,9,57
5805,-108,59,90,377,8,9,57
5805,-108,49,90,377,6,8,56
5805,-108,57,90,377,6,9,57
5805,-108,51,90,377,6,10,57
5805,-108,40,90,377,6,7,55
5805,-108,34,90,377,4,9,57
5805,-108,41,90,377,5,9,57
5805,-108,59,90,377,5,9,57
5805,-108,53,90,377,5,8,56
5805,-108,57,90,377,7,10,58
5805,-108,56,90,377,6,10,57
5805,-108,29,90,377,6,10,57
5805,-108,49,90,377,6,10,57
5805,-108,49,90,377,6,11,57
5805,-108,43,90,377,5,10,57
5805,-108,40,90,377,6,11,57
5805,-108,51,90,377,6,9,57
5805,-108,38,90,377,6,10,58
5805,-108,32,90,377,6,11,57
5805,-108,38,90,377,5,10,57
5805,-108,44,90,377,6,10,57
5805,-108,42,90,377,5,8,56
5805,-108,36,90,377,6,10,57
5805,-108,44,90,377,6,10,57
5805,-108,54,90,377,5,8,57
5805,-108,47,90,377,5,11,57
5805,-108,36,90,377,6,10,57
5805,-108,46,90,377,7,9,57
5805,-108,44,90,377,6,10,57
5805,-108,47,90,377,6,8,57
5805,-108,47,90,377,5,11,58
5805,-108,48,90,377,5,9,57
5805,-108,41,90,377,5,9,57
5805,-108,49,90,377,4,10,57
5805,-108,32,90,377,6,8,57
5805,-108,36,90,377,5,8,57
5805,-108,47,90,377,6,9,56
5805,-108,43,90,377,6,9,57
5805,-108,53,90,377,6,9,57
5805,-108,51,90,377,5,10,57
5805,-108,60,90,377,7,10,57
5805,-108,44,90,377,6,8,57
5805,-108,50,90,377,6,8,56
5805,-108,46,90,377,6,9,57
5805,-108,48,90,377,6,10,58
5805,-108,50,90,377,7,9,57
5805,-108,45,90,377,8,11,57
5805,-108,47,90,377,4,11,58
5805,-108,50,90,377,7,9,58
5805,-108,32,90,377,6,10,57
5805,-108,46,90,377,7,8,56
5805,-108,41,90,377,7,8,56
5805,-108,37,90,377,6,10,56
5805,-108,65,90,377,6,8,57
5805,-108,46,90,377,6,9,57
5805,-108,49,90,377,7,11,57
5805,-108,38,90,377,6,9,57
5805,-108,42,90,377,7,8,57
5805,-108,41,90,377,5,9,57
5805,-108,50,90,377,7,11,57
5805,-108,27,90,377,7,8,56
5805,-108,43,90,377,6,9,57
5805,-108,43,90,377,6,8,57
5805,-108,43,90,377,6,11,57
5805,-108,64,90,377,6,10,57
5805,-108,27,90,377,6,10,56
5805,-108,40,90,377,5,10,58
5805,-108,55,90,377,6,9,56
5805,-108,65,90,377,5,9,58
5805,-108,51,90,377,6,8,56
5805,-108,47,90,377,6,8,56
5805,-108,48,90,377,6,9,57
5805,-108,58,90,377,7,9,57
5805,-108,56,90,377,5,10,58
5805,-108,33,90,377,6,9,57
5805,-108,32,89,377,4,10,57
5805,-108,38,90,377,7,11,57
5805,-108,31,90,377,6,10,57
5805,-108,42,90,377,6,10,57
5805,-108,60,90,377,5,10,56
5805,-108,46,90,377,6,9,56
5805,-108,55,90,377,6,10,57
5805,-108,51,90,377,7,9,58
5805,-108,43,90,377,5,12,57
5805,-108,63,90,377,6,10,56
5805,-108,52,90,377,5,9,57
5805,-108,34,90,377,5,10,57
5805,-108,31,90,377,6,10,57
5805,-108,46,90,377,6,8,57
5805,-108,36,90,377,6,10,57
5805,-108,49,90,377,6,10,57
5805,-108,30,90,377,6,9,57
5805,-108,56,90,377,5,9,57
5805,-108,41,90,377,6,9,57
5805,-108,52,90,377,6,9,57
5805,-108,38,90,377,5,11,57
5805,-108,44,90,377,6,10,57
5805,-108,42,90,377,6,9,57
5805,-108,44,90,377,7,8,58
5805,-108,37,90,377,7,8,56
5805,-108,35,90,377,5,9,57
5805,-108,32,90,377,6,9,57
5805,-108,54,90,377,7,9,57
5805,-108,41,90,377,7,10,58
5805,-108,38,90,377,6,10,57
5805,-108,29,90,377,6,8,56
5805,-108,48,90,377,6,9,57
5805,-108,44,90,377,5,11,57
5805,-108,29,90,377,6,9,57
5805,-108,38,90,377,6,9,57
5805,-108,32,90,377,7,11,58
5805,-108,43,90,377,5,9,57
5805,-108,40,90,377,7,9,57
5805,-108,26,90,377,6,10,57
5805,-108,40,90,377,6,10,57
5805,-108,38,90,377,6,8,57
5805,-108,51,90,377,5,10,58
5805,-108,30,90,377,5,12,58
5805,-108,73,90,377,6,8,57
5805,-108,36,90,377,5,11,58
5805,-108,44,90,377,8,11,57
5805,-108,41,90,377,5,10,57
5805,-108,35,90,377,5,8,56
5805,-108,45,90,377,7,10,57
5805,-108,46,90,377,6,10,57
5805,-108,44,90,377,5,9,57
5805,-108,31,90,377,6,11,57
5805,-108,51,90,377,6,11,58
5805,-108,50,90,377,6,10,56
5805,-108,42,90,377,6,11,57
5805,-108,50,90,377,7,10,58
5805,-108,34,90,377,6,9,56
5805,-108,38,90,377,5,8,56
5805,-108,69,90,377,6,9,57
5805,-108,35,90,377,4,10,57
5805,-108,35,90,377,6,11,58
5805,-108,59,90,377,5,9,57
5805,-108,57,90,377,6,8,57
5805,-108,38,90,377,6,10,57
5805,-108,49,90,377,6,10,57
5805,-108,39,90,377,6,9,57
5805,-108,38,90,377,7,9,57
5805,-108,26,90,377,7,9,57
5805,-108,41,90,377,5,10,57
5805,-108,57,90,377,4,10,58
5805,-108,36,90,377,7,10,57
5805,-108,53,90,377,5,10,57
5805,-108,41,90,377,5,9,57
5805,-108,43,90,377,6,10,56
5805,-108,42,90,377,5,9,57
5805,-108,28,90,377,6,9,57
5805,-108,33,90,377,4,9,57
5805,-108,31,90,377,6,10,57
5805,-108,44,90,377,6,12,58
5805,-108,31,90,377,5,10,58
5805,-108,58,90,377,5,9,57
5805,-108,38,90,377,7,9,57
5805,-108,57,90,377,5,10,57
5805,-108,33,90,377,6,11,57
5805,-108,40,90,377,5,10,58
5805,-108,37,89,378,6,10,57
5805,-108,39,90,377,6,9,57
5805,-108,30,89,377,7,10,56
5805,-108,46,90,377,5,8,57
5805,-108,29,90,377,6,11,57
5805,-108,39,90,377,7,8,55
5805,-108,37,90,377,5,10,57
5805,-108,42,90,377,6,8,56
5805,-108,44,90,377,5,10,58
5805,-108,32,90,377,7,11,57
5805,-108,54,90,377,6,10,57
5805,-108,46,90,377,5,8,57
5805,-108,37,90,377,6,10,57
5805,-108,49,90,377,5,10,57
5180,-105,40,88,376,6,8,59
5180,-105,42,87,376,5,10,59
5180,-105,39,87,377,4,10,58
5180,-105,51,80,383,5,62,52
5180,-105,70,90,374,5,10,61
5180,-105,62,88,375,4,10,59
5180,-105,48,89,374,3,9,60
5180,-105,60,86,377,5,9,58
5180,-105,32,86,377,6,10,57
5180,-105,61,88,375,5,9,59
5180,-105,41,87,376,4,9,58
5180,-105,52,88,376,5,9,59
5180,-105,52,87,377,6,7,57
5180,-105,50,87,377,4,10,58
5180,-105,57,88,376,4,8,59
5180,-105,45,87,377,6,8,59
5180,-105,40,89,375,5,7,60
5180,-105,44,87,377,5,10,59
5180,-105,61,87,376,6,8,57
5180,-105,67,87,376,5,9,58
5180,-105,63,87,377,6,9,57
5180,-105,47,87,376,6,8,58
5180,-105,44,86,378,5,6,57
5180,-105,48,78,386,6,10,50
5180,-105,48,78,386,5,8,50
5180,-105,52,78,386,5,11,51
5180,-105,51,78,386,4,10,50
5180,-105,60,83,381,5,62,53
5180,-105,45,84,379,4,9,55
5180,-105,57,84,379,5,9,55
5180,-105,44,87,377,5,9,58
5180,-105,77,87,377,5,10,58
5180,-105,68,87,377,5,10,59
5180,-105,68,87,377,5,9,58
5180,-105,67,87,377,4,9,58
5180,-105,51,87,377,4,10,58
5180,-105,62,87,377,5,10,59
5180,-105,32,85,379,6,9,56
5180,-105,65,87,377,3,9,58
5180,-105,62,87,377,5,10,58
5180,-105,60,88,376,5,8,59
5180,-105,42,87,376,5,11,59
5180,-105,59,87,377,4,9,58
5180,-105,36,86,378,6,8,57
5180,-105,32,86,378,5,9,58
5180,-105,50,86,377,5,8,57
5180,-105,57,88,376,5,8,59
5180,-105,48,86,377,5,7,56
5180,-105,73,89,374,4,9,61
5180,-105,83,89,375,4,9,60
5180,-105,48,88,376,4,9,59
5180,-105,67,88,376,5,10,59
5180,-105,91,83,381,6,62,54
5180,-105,42,87,377,7,9,58
5180,-105,35,85,379,6,9,57
5180,-105,57,87,377,5,8,58
5180,-105,32,86,377,4,9,57
5180,-105,69,88,376,4,11,59
5180,-105,50,87,376,5,8,58
5180,-105,27,86,378,6,8,57
5180,-105,47,87,376,4,9,59
5180,-105,49,86,378,6,10,57
5180,-105,47,87,376,6,8,58
5180,-105,68,88,376,3,8,60
5180,-105,75,82,382,5,62,54
5180,-105,51,84,380,6,9,56
5180,-105,50,84,380,5,9,56
5180,-105,55,84,380,4,9,55
5180,-105,52,84,380,4,8,55
5180,-105,47,84,380,6,10,56
5180,-105,52,84,380,5,9,56
5180,-105,57,81,383,4,63,53
5180,-105,44,84,380,4,6,55
5180,-105,59,84,380,5,8,55
5180,-105,59,84,380,5,10,55
5180,-105,65,84,380,5,9,56
5180,-105,56,87,376,5,8,58
5180,-105,66,87,376,5,8,58
5180,-105,77,87,376,4,11,59
5180,-105,53,87,376,4,11,58
5180,-105,60,89,375,-23,9,61
5180,-105,45,87,376,5,10,59
5180,-105,59,88,376,4,6,58
5180,-105,39,88,376,5,9,59
5180,-105,71,88,376,4,8,59
5180,-105,75,89,375,5,9,61
5180,-105,55,88,376,2,6,58
5180,-105,73,89,375,4,9,60
5180,-105,79,87,376,6,9,58
5180,-105,42,88,376,5,7,58
5180,-105,37,87,377,5,8,58
5180,-105,57,87,376,5,11,59
5180,-105,41,87,377,5,9,58
5180,-105,48,89,374,4,9,60
5180,-105,56,87,377,5,9,58
5180,-105,55,88,375,5,9,60
5180,-105,60,87,376,4,5,58
5180,-105,41,88,375,2,8,58
5180,-105,56,87,377,5,8,59
5180,-105,49,89,375,3,9,60
5180,-105,50,88,376,6,8,58
5180,-105,57,89,375,2,7,59
5180,-105,38,86,377,6,10,59
5180,-105,27,87,377,5,10,58
5180,-105,59,88,376,4,10,59
5180,-105,36,89,374,4,9,59
5180,-105,58,89,375,5,9,61
5180,-105,52,87,377,6,9,59
5180,-105,65,88,376,5,8,59
5180,-105,54,85,379,5,8,57
5180,-105,23,85,378,6,9,57
5180,-105,38,86,377,5,10,58
5180,-105,85,88,376,5,8,59
5180,-105,58,89,375,5,8,59
5180,-105,76,87,376,5,9,59
5180,-105,57,87,377,6,7,58
5180,-105,38,87,377,4,9,58
5180,-105,47,87,377,5,7,57
5180,-105,74,88,376,4,7,58
5180,-105,40,87,376,6,8,58
5180,-105,36,87,376,4,9,58
5180,-105,71,88,376,4,9,59
5180,-105,40,88,376,4,9,59
5180,-105,40,86,378,5,6,56
5180,-105,57,86,377,5,10,58
5180,-105,61,87,376,5,8,58
5180,-105,54,87,377,5,9,58
5180,-105,49,87,376,5,9,58
5180,-105,43,87,376,4,9,58
5180,-105,74,88,375,4,9,59
5180,-105,42,87,376,5,9,58
5180,-105,55,89,374,5,8,60
5180,-105,50,87,377,5,7,57
5180,-105,63,88,376,4,9,60
5180,-105,60,88,376,4,9,59
5180,-105,51,86,378,6,11,58
5180,-105,49,88,375,5,9,59
5180,-105,48,87,376,5,8,59
5180,-105,55,80,383,5,62,52
5180,-105,37,80,384,5,61,52
5180,-105,48,87,376,5,9,59
5180,-105,43,86,377,5,9,58
5180,-105,50,88,375,22,8,58
5180,-105,48,87,376,5,9,59
5180,-105,48,87,377,4,10,59
5180,-105,68,87,377,5,9,58
5180,-105,51,87,376,7,8,58
5180,-105,41,87,376,5,10,59
5180,-105,41,86,377,5,8,57
5180,-105,31,86,377,6,8,57
5180,-105,50,88,375,5,6,58
5180,-105,65,87,376,6,9,59
5180,-105,35,87,376,5,7,57
5180,-105,72,88,376,5,9,60
5180,-105,47,87,377,5,8,58
5180,-105,63,89,374,10,9,60
5180,-105,64,90,374,6,10,62
5180,-105,56,85,378,10,9,57
5180,-105,27,85,378,10,11,57
5180,-105,61,86,378,22,9,58
5180,-105,45,87,377,5,8,59
5180,-105,55,87,377,5,8,58
5180,-105,41,87,376,5,9,59
5180,-105,72,88,376,5,9,60
5180,-105,51,86,378,5,4,57
5180,-105,44,87,377,4,6,59
5180,-105,54,88,375,4,9,59
5180,-105,53,88,375,5,8,59
5180,-105,56,87,376,4,10,59
5180,-105,57,88,375,5,8,59
5180,-105,42,86,377,5,9,58
5180,-105,44,87,376,4,7,58
5180,-105,48,86,378,6,10,58
5180,-105,41,86,377,4,7,57
5180,-105,44,89,375,4,9,60
5180,-105,61,86,378,5,9,58
5180,-105,48,87,377,4,10,58
5180,-105,46,86,378,5,9,58
5180,-105,49,88,375,-23,8,58
5180,-105,68,88,376,4,8,59
5180,-105,60,88,376,5,11,59
5180,-105,53,86,378,5,9,58
5180,-105,66,87,377,5,8,58
5180,-105,50,87,377,5,9,58
5180,-105,60,87,377,5,8,57
5180,-105,31,87,377,5,8,57
5180,-105,60,89,374,5,10,61
5180,-105,35,87,377,6,9,59
5180,-105,45,86,377,6,8,57
5180,-105,71,88,376,5,11,59
5180,-105,37,88,376,5,8,59
5180,-105,42,87,376,5,10,58
5180,-105,48,89,375,4,10,60
5180,-105,47,87,377,6,8,58
5180,-105,39,86,377,5,9,57
5180,-105,43,87,377,5,11,60
5180,-105,40,87,377,7,7,57
5180,-105,59,87,377,8,8,57
5180,-105,36,86,378,6,9,57
5180,-105,32,86,378,8,11,59
5180,-105,34,86,377,8,10,57
5180,-105,53,89,375,7,10,61
5180,-105,63,87,376,7,8,58
5180,-105,59,87,376,8,11,59
5180,-105,31,87,376,7,8,58
5180,-105,54,86,377,6,8,57
5180,-105,73,89,375,4,10,61
5180,-105,64,89,375,4,9,61
5180,-105,46,88,376,8,9,60
5180,-105,37,85,378,8,9,57
5180,-105,50,86,377,9,10,59
5180,-105,36,86,377,8,11,59
5180,-105,44,88,375,7,11,60
5180,-105,40,86,378,8,8,57
5180,-105,40,87,377,5,7,58
5180,-105,49,89,375,4,8,59
5180,-105,57,89,374,6,5,60
5180,-105,35,85,378,7,6,55
5180,-105,39,87,377,8,9,59
5180,-105,53,90,374,8,12,62
5180,-105,67,87,377,7,11,60
5180,-105,71,90,374,6,10,62
5180,-105,50,85,378,7,10,57
5180,-105,42,80,383,22,11,56
5180,-105,30,84,379,8,9,56
5180,-105,36,85,378,6,5,56
5180,-105,58,87,376,5,6,59
5180,-105,37,88,376,5,8,59
5180,-105,68,87,376,5,9,58
5180,-105,76,88,375,6,11,60
5180,-105,40,87,376,5,7,58
5180,-105,64,88,375,5,10,59
5180,-105,53,88,375,4,8,59
5180,-105,36,87,376,5,12,59
5180,-105,49,88,376,5,8,58
5180,-105,36,85,378,6,8,56
5180,-105,44,88,376,6,10,59
5180,-105,50,86,377,4,11,58
5180,-105,46,86,377,4,9,57
5180,-105,86,88,376,5,9,59
5180,-105,58,88,375,4,8,59
5180,-105,62,86,378,6,10,58
5180,-105,56,86,377,5,9,57
5180,-105,44,87,377,5,7,58
5180,-105,61,78,385,4,10,50
5180,-105,58,78,385,4,9,50
5180,-105,48,78,385,4,10,51
5180,-105,53,78,385,5,11,51
5180,-105,49,78,385,4,7,49
5180,-105,40,78,385,5,7,49
5180,-105,52,78,385,4,9,51
5180,-105,61,78,385,5,11,51
5180,-105,48,78,385,5,10,50
5180,-105,52,78,385,5,8,50
5180,-105,56,78,385,4,9,50
5180,-105,60,78,385,4,10,51
5180,-105,59,78,385,5,10,51
5180,-105,50,78,385,3,6,49
5180,-105,55,78,385,5,9,50
5180,-105,53,78,385,5,9,51
5180,-105,60,78,385,6,11,51
5180,-105,51,78,385,5,8,50
5180,-105,57,78,385,5,12,51
5180,-105,62,78,385,4,8,50
5180,-105,49,78,385,4,9,50
5180,-105,64,78,385,5,9,51
5180,-105,59,78,385,3,9,51
5180,-105,51,78,385,5,8,49
5180,-105,53,78,385,5,9,50
5180,-105,53,78,385,5,9,50
5180,-105,61,78,385,5,11,51
5180,-105,62,78,385,4,10,52
5180,-105,54,78,385,4,9,50
5180,-105,53,78,385,3,8,50
5180,-105,54,78,385,6,0,51
5180,-105,55,75,389,5,10,48
5180,-105,51,81,382,5,62,53
5180,-105,46,84,380,4,8,55
5180,-105,60,84,380,4,10,56
5180,-105,56,85,378,5,9,57
5180,-105,47,87,377,6,9,58
5180,-105,68,88,375,4,8,59
5180,-105,80,88,375,4,8,59
5180,-105,39,88,376,5,7,59
5180,-105,29,87,376,5,9,58
5180,-105,64,88,375,5,10,60
5180,-105,60,88,376,4,9,59
5180,-105,59,85,378,6,10,57
5180,-105,39,88,376,5,10,59
5180,-105,33,86,378,5,9,57
5180,-105,54,88,376,4,9,59
5180,-105,47,87,376,4,9,58
5180,-105,54,87,376,5,8,57
5180,-105,66,88,375,5,9,59
5180,-105,54,82,381,20,10,57
5180,-105,54,86,378,5,8,57
5180,-105,51,86,377,4,9,58
5180,-105,62,87,377,5,10,59
5180,-105,53,87,377,5,10,59
5180,-105,77,84,380,4,62,56
5180,-105,67,87,377,5,10,59
5180,-105,63,87,377,5,11,59
5180,-105,64,87,377,5,10,58
5180,-105,53,87,377,6,9,57
5180,-105,72,87,377,4,11,58
5180,-105,54,87,377,6,10,58
5180,-105,70,87,377,4,10,58
5180,-105,74,87,377,5,8,57
5180,-105,61,87,377,4,8,59
5180,-105,52,87,377,6,9,59
5180,-105,34,87,377,5,8,58
5180,-105,61,90,374,5,9,61
5180,-105,46,86,377,5,9,57
5180,-105,40,86,377,5,8,56
5180,-105,41,87,376,4,7,57
5180,-105,49,88,376,5,7,59
5180,-105,48,87,377,5,7,58
5180,-105,42,87,377,5,9,58
5180,-105,60,88,376,5,10,60
5180,-105,44,87,376,4,8,58
5180,-105,37,87,376,5,8,57
5180,-105,44,87,376,5,8,58
5180,-105,50,88,376,4,9,59
5180,-105,40,84,379,6,7,55
5180,-105,60,88,376,3,8,60
5180,-105,56,87,376,5,7,59
5180,-105,40,89,375,4,10,60
5180,-105,63,87,377,5,10,59
5180,-105,56,87,376,5,9,59
5180,-105,63,88,376,4,10,59
5180,-105,34,86,377,5,7,56
5180,-105,70,90,374,5,10,61
5180,-105,54,87,376,6,10,58
5180,-105,73,88,376,4,8,59
5180,-105,48,87,377,5,10,58
5180,-105,59,88,375,5,9,59
5180,-105,56,89,375,4,8,60
5180,-105,51,86,378,6,10,58
5180,-105,42,87,377,5,8,58
5180,-105,47,87,376,5,7,57
5180,-105,53,89,375,5,7,59
5180,-105,29,85,378,5,9,57
5180,-105,39,87,377,5,8,57
5180,-105,50,87,377,5,8,58
5180,-105,51,87,376,5,9,58
5180,-105,54,88,376,4,8,59
5180,-105,83,88,375,4,10,60
5180,-105,55,88,375,5,8,58
5180,-105,67,88,376,6,7,59
5180,-105,34,86,377,5,11,57
5180,-105,56,88,376,5,8,60
5180,-105,96,88,376,4,9,60
5180,-105,65,86,377,5,9,58
5180,-105,69,87,377,3,9,59
5180,-105,46,88,376,4,11,60
5180,-105,32,86,377,5,9,58
5180,-105,35,87,377,6,10,58
5180,-105,40,86,377,4,8,57
5180,-105,69,90,374,5,7,60
5180,-105,53,88,375,5,9,59
5180,-105,38,88,376,3,8,58
5180,-105,51,86,377,5,7,56
5180,-105,84,88,376,5,9,59
5180,-105,34,87,377,5,9,58
5180,-105,65,87,377,5,9,58
5180,-105,65,90,374,5,11,62
5180,-105,54,87,376,4,10,58
5180,-105,66,88,376,4,9,59
5180,-105,53,87,376,6,10,59
5180,-105,44,88,375,4,9,58
5180,-105,68,88,375,5,9,59
5180,-105,48,89,375,4,9,60
5180,-105,38,87,377,5,8,58
5180,-105,41,87,377,6,9,58
5180,-105,80,88,376,6,10,59
5180,-105,84,89,374,3,7,60
5180,-105,58,87,376,5,9,58
5180,-105,80,88,375,4,9,59
5180,-105,53,87,377,5,8,59
5180,-105,63,87,377,6,9,59
5180,-105,43,88,376,3,9,60
5180,-105,57,86,378,4,9,58
5180,-105,55,86,377,6,10,58
5180,-105,45,88,376,5,9,59
5180,-105,41,86,378,5,10,58
5180,-105,77,88,375,5,8,60
5180,-105,59,87,377,5,8,59
5180,-105,50,88,376,4,8,59
5180,-105,37,88,376,4,8,59
5180,-105,59,88,375,5,10,60
5180,-105,58,87,377,5,9,59
5180,-105,35,87,377,5,9,59
5180,-105,57,86,377,5,8,57
5180,-105,44,81,383,5,60,53
5180,-105,55,87,377,6,10,58
5180,-105,55,88,375,6,8,59
5180,-105,55,87,377,5,8,58
5180,-105,39,86,377,5,5,56
5180,-105,47,89,375,4,8,60
5180,-105,43,86,378,6,7,56
5180,-105,39,85,378,7,8,57
5180,-105,41,87,376,4,10,59
5180,-105,49,87,377,6,8,58
5180,-105,46,86,377,6,9,59
5180,-105,54,87,377,6,8,58
5180,-105,41,86,377,6,10,58
5180,-105,57,89,375,4,9,61
5180,-105,65,86,377,6,7,57
5180,-105,43,87,377,5,7,58
5180,-105,58,82,382,5,61,54
5180,-105,62,86,377,6,9,57
5180,-105,33,87,376,4,10,59
5180,-105,45,86,377,4,8,57
5180,-105,35,87,377,5,10,59
5180,-105,25,86,378,5,7,57
5180,-105,50,86,377,6,9,58
5180,-105,56,87,376,6,8,58
5180,-105,46,88,376,5,8,59
5180,-105,45,87,377,5,8,59
5180,-105,44,87,377,6,9,58
5180,-105,49,88,376,4,10,59
5180,-105,43,86,377,6,9,57
5180,-105,37,87,377,6,9,58
5180,-105,47,87,376,6,9,58
5180,-105,60,88,375,4,6,58
5180,-105,43,87,377,5,10,59
5180,-105,52,86,377,3,8,58
5180,-105,36,87,377,5,8,58
5180,-105,51,88,375,4,8,59
5180,-105,72,89,374,5,9,61
5180,-105,74,89,374,5,9,59
5180,-105,61,82,382,6,61,55
5180,-105,66,86,378,5,8,57
5180,-105,41,86,377,4,8,57
5180,-105,54,88,376,5,8,59
5180,-105,45,80,383,7,60,52
5180,-105,67,81,383,6,60,52
5180,-105,57,84,380,5,9,56
5180,-105,59,84,380,6,9,55
5180,-105,76,90,374,-23,10,61
5180,-105,45,85,379,6,9,56
5180,-105,64,88,376,4,9,60
5180,-105,47,86,377,4,9,58
5180,-105,63,89,375,4,9,60
5180,-105,56,87,377,4,7,58
5180,-105,62,90,374,4,9,61
5180,-105,50,87,377,5,10,58
5180,-105,46,87,377,5,8,58
5180,-105,56,89,374,5,10,60
5180,-105,42,87,376,4,8,57
5180,-105,54,87,377,4,11,60
5180,-105,43,87,376,4,9,59
5180,-105,43,87,377,6,8,57
5180,-105,51,87,376,8,9,58
5180,-105,52,88,376,4,9,59
5180,-105,54,88,376,5,10,59
5180,-105,37,86,378,4,10,58
5180,-105,76,89,374,3,11,61
5180,-105,73,88,376,5,8,59
5180,-105,46,88,375,4,9,60
5180,-105,58,88,376,5,9,59
5180,-105,52,88,376,5,9,60
5180,-105,60,87,377,6,10,59
5180,-105,34,86,377,5,9,57
5180,-105,61,88,376,4,9,59
5180,-105,43,88,376,4,9,59
5180,-105,48,86,377,5,9,57
5180,-105,45,86,377,6,10,58
5180,-105,38,86,377,5,6,56
5180,-105,55,87,377,6,8,58
5180,-105,49,86,378,5,9,57
5180,-105,45,87,376,5,9,58
5180,-105,38,87,377,5,8,58
5180,-105,51,87,376,4,9,59
5180,-105,42,88,375,4,8,60
5180,-105,57,87,376,6,7,57
5180,-105,62,88,375,4,7,59
5180,-105,49,88,376,5,10,59
5180,-105,59,88,375,4,9,59
5180,-105,43,86,378,4,9,57
5180,-105,55,88,376,4,9,59
5180,-105,37,87,377,6,8,58
5180,-105,38,86,377,7,9,58
5180,-105,59,80,384,6,63,52
5180,-105,37,87,377,6,12,59
5180,-105,75,87,376,5,8,59
5180,-105,116,87,376,4,10,61
5180,-105,43,88,375,5,9,59
5180,-105,41,87,377,5,8,58
5180,-105,48,85,378,6,8,56
5180,-105,51,88,376,4,9,60
5180,-105,65,89,375,3,10,60
5180,-105,44,86,377,5,10,58
5180,-105,65,87,377,6,9,58
5180,-105,36,87,376,5,10,58
5180,-105,65,89,375,5,10,60
5180,-105,47,87,376,5,8,58
5180,-105,68,88,376,5,7,59
5180,-105,46,87,376,5,10,58
5180,-105,46,88,376,7,8,60
5180,-105,48,88,375,6,8,59
5180,-105,51,87,376,4,9,59
5180,-105,46,87,377,4,8,58
5180,-105,43,86,378,4,8,58
5180,-105,47,86,377,5,9,57
5180,-105,62,81,382,7,62,53
5180,-105,65,90,374,5,11,62
5180,-105,52,87,377,4,8,58
5180,-105,37,86,377,5,8,58
5180,-105,59,89,374,4,9,60
5180,-105,45,88,376,6,8,59
5180,-105,59,87,377,5,8,58
5180,-105,34,86,378,6,10,56
5180,-105,44,87,376,5,8,58
5180,-105,51,86,377,5,9,57
5180,-105,32,87,376,5,8,57
5180,-105,44,87,377,5,9,58
5180,-105,40,87,377,5,8,58
5180,-105,60,87,377,5,9,59
5180,-105,61,89,375,4,8,60
5180,-105,73,88,376,4,10,59
5180,-105,50,86,377,5,7,58
5180,-105,46,88,376,5,11,59
5180,-105,51,86,377,6,9,57
5180,-105,62,89,375,6,10,61
5180,-105,39,87,377,5,9,58
5180,-105,55,88,375,4,8,59
5180,-105,55,87,377,5,8,58
5180,-105,70,87,377,4,7,58
5180,-105,59,86,378,6,7,58
5180,-105,62,87,377,5,6,58
5180,-105,63,87,377,5,9,58
5180,-105,66,85,378,6,8,56
5180,-105,55,88,375,4,8,59
5180,-105,51,87,376,4,10,59
5180,-105,45,87,377,5,9,58
5180,-105,75,88,376,3,8,59
5180,-105,35,87,376,6,9,58
5180,-105,39,85,378,5,10,57
5180,-105,53,87,377,5,9,58
5180,-105,34,87,377,5,9,58
5180,-105,32,86,377,7,8,56
5180,-105,71,89,375,3,9,60
5180,-105,48,87,377,4,10,58
5180,-105,70,89,375,5,9,60
5180,-105,43,87,377,6,11,59
5180,-105,53,86,378,5,9,57
5180,-105,39,87,376,4,8,58
5180,-105,31,86,377,4,10,58
5180,-105,44,86,378,6,9,58
5180,-105,49,87,377,5,9,58
5180,-105,74,87,377,5,8,58
5180,-105,59,88,375,5,10,60
5180,-105,30,86,378,6,9,58
5180,-105,54,87,377,6,9,58
5180,-105,58,88,375,5,8,59
5180,-105,35,87,376,6,9,58
5180,-105,39,89,375,4,8,59
5180,-105,45,87,376,5,9,59
5180,-105,34,87,376,5,8,58
5180,-105,40,88,376,4,9,59
5180,-105,64,81,382,5,62,53
5180,-105,53,87,376,6,10,58
5180,-105,46,89,374,3,9,61
5180,-105,67,88,376,6,11,60
5180,-105,52,86,378,6,9,58
5180,-105,47,86,378,5,10,58
5180,-105,53,89,375,5,8,60
5180,-105,58,87,376,5,11,58
5180,-105,64,88,376,4,7,59
5180,-105,30,86,377,6,10,57
5180,-105,33,85,379,5,8,57
5180,-105,51,87,377,5,10,58
5180,-105,62,88,375,4,10,60
5180,-105,48,87,377,7,8,58
5180,-105,41,87,376,5,7,58
5180,-105,84,88,376,5,8,59
5180,-105,50,88,375,4,8,58
5180,-105,80,89,375,4,7,59
5180,-105,74,88,376,6,9,60
5180,-105,39,86,378,6,10,57
5180,-105,35,86,377,5,9,57
5180,-105,52,86,377,6,7,57
5180,-105,45,85,378,5,9,57
5180,-105,61,88,376,6,9,59
5180,-105,53,87,377,6,9,58
5180,-105,36,86,378,6,8,57
5180,-105,60,87,376,5,8,58
5180,-105,50,86,378,6,10,58
5180,-105,51,86,378,5,10,58
5180,-105,47,87,377,8,10,60
5180,-105,47,85,378,8,11,57
5180,-105,45,87,376,8,8,58
5180,-105,47,87,376,7,9,58
5180,-105,37,87,377,8,10,59
5180,-105,62,87,377,9,10,58
5180,-105,51,86,378,8,9,57
5180,-105,33,87,377,8,9,58
5180,-105,69,88,376,8,10,60
5180,-105,130,88,376,5,9,64
5180,-105,47,86,377,6,8,58
5180,-105,83,87,377,4,11,63
5180,-105,72,83,381,22,12,59
5180,-105,60,81,383,5,8,52
5180,-105,49,81,383,6,10,53
5180,-105,50,81,383,5,10,53
5180,-105,60,81,383,5,10,53
5180,-105,56,81,383,4,10,53
5180,-105,56,81,383,4,9,52
5180,-105,56,81,383,5,9,53
5180,-105,57,81,383,5,8,53
5180,-105,65,81,383,4,9,53
5180,-105,63,81,383,6,9,53
5180,-105,49,81,383,3,9,52
5180,-105,60,81,383,5,9,53
5180,-105,57,81,383,4,10,52
5180,-105,68,81,383,5,9,53
5180,-105,63,81,383,3,11,53
5180,-105,52,81,383,5,8,52
5180,-105,56,81,383,5,9,53
5180,-105,54,81,383,6,9,53
5180,-105,55,81,383,5,7,52
5180,-105,49,81,383,5,10,52
5180,-105,57,81,383,4,9,53
5180,-105,66,81,383,5,10,53
5180,-105,45,81,383,5,9,52
5180,-105,50,81,383,4,8,52
5180,-105,48,81,383,5,10,53
5180,-105,54,81,383,6,9,53
5180,-105,50,81,383,5,9,53
5180,-105,59,81,383,4,10,53
5180,-105,60,81,383,5,9,53
5180,-105,73,81,383,6,10,54
5180,-105,57,81,383,4,10,52
5180,-105,67,81,383,5,10,53
5180,-105,57,81,383,3,9,52
5180,-105,56,81,383,5,11,53
5180,-105,65,81,383,5,9,54
5180,-105,51,81,383,4,11,53
5180,-105,47,81,383,5,11,53
5180,-105,66,81,383,6,9,53
5180,-105,56,81,383,6,12,53
5180,-105,69,81,383,5,9,52
5180,-105,58,81,383,4,10,53
5180,-105,56,81,383,5,8,53
5180,-105,57,81,383,6,62,53
5805,-108,55,81,386,5,9,52
5805,-108,46,81,386,6,10,51
5805,-108,47,81,386,8,9,51
5805,-108,48,90,377,4,8,57
5805,-108,37,90,377,4,11,57
5805,-108,49,90,377,4,10,57
5805,-108,60,90,377,5,10,57
5805,-108,39,90,377,4,9,57
5805,-108,39,90,377,5,8,57
5805,-108,39,89,377,4,10,56
5805,-108,50,90,377,3,10,57
5805,-108,34,90,377,3,9,57
5805,-108,47,90,377,4,8,57
5805,-108,28,90,377,3,8,56
5805,-108,41,90,377,3,9,58
5805,-108,43,90,377,3,8,57
5805,-108,48,90,377,2,10,57
5805,-108,45,90,377,4,10,57
5805,-108,46,90,377,3,11,58
5805,-108,46,90,377,3,11,57
5805,-108,64,90,377,4,8,57
5805,-108,46,90,377,4,8,56
5805,-108,34,90,377,4,9,57
5805,-108,49,90,377,2,10,57
5805,-108,36,90,377,4,10,58
5805,-108,38,90,377,4,11,57
5805,-108,35,90,377,2,10,57
5805,-108,30,90,377,2,9,57
5805,-108,34,90,377,1,9,57
5805,-108,49,90,377,4,8,56
5805,-108,44,90,377,3,8,56
5805,-108,33,90,377,4,9,57
5805,-108,47,90,377,4,9,57
5805,-108,51,90,377,4,10,57
5805,-108,34,90,377,4,10,57
5805,-108,44,90,377,4,11,57
5805,-108,36,90,377,4,10,57
5805,-108,49,90,377,4,11,57
5805,-108,53,90,377,4,11,58
5805,-108,33,90,377,4,9,57
5805,-108,34,90,377,3,10,57
5805,-108,34,90,377,3,11,57
5805,-108,51,90,377,4,9,57
5805,-108,35,90,377,4,9,56
5805,-108,36,90,377,4,9,57
5805,-108,37,90,377,4,10,57
5805,-108,40,90,377,3,9,56
5805,-108,36,90,377,4,8,57
5805,-108,46,90,377,4,11,57
5805,-108,33,90,377,3,12,57
5805,-108,40,90,377,4,10,57
5805,-108,48,90,377,3,9,57
5805,-108,38,90,377,3,7,56
5805,-108,30,90,377,4,10,57
5805,-108,40,90,377,4,8,56
5805,-108,36,90,377,4,9,56
5805,-108,65,90,377,4,12,58
5805,-108,37,90,377,4,10,57
5805,-108,38,90,377,3,10,57
5805,-108,46,90,377,4,10,57
5805,-108,45,90,377,5,9,57
5805,-108,33,90,377,2,9,57
5805,-108,53,90,377,5,10,58
5805,-108,36,90,377,3,9,57
5805,-108,28,90,377,4,8,56
5805,-108,44,90,377,5,10,58
5805,-108,34,90,377,4,8,56
5805,-108,44,90,377,3,11,57
5805,-108,30,90,377,3,9,57
5805,-108,54,90,377,4,9,57
5805,-108,41,90,377,4,9,57
5805,-108,51,90,377,4,11,57
5805,-108,38,90,377,4,8,57
5805,-108,40,90,377,4,10,57
5805,-108,28,90,377,3,10,57
5805,-108,47,90,377,3,9,57
5805,-108,51,90,377,4,10,57
5805,-108,35,90,377,5,9,57
5805,-108,54,90,377,3,11,58
5805,-108,49,90,377,4,10,57
5805,-108,51,90,377,2,10,58
5805,-108,37,90,377,4,10,58
5805,-108,37,90,377,4,11,57
5805,-108,31,90,377,4,9,57
5805,-108,53,90,377,4,9,57
5805,-108,46,90,377,3,10,57
5805,-108,57,90,377,4,10,58
5805,-108,33,90,377,4,9,58
5805,-108,38,90,377,4,9,57
5805,-108,55,90,377,4,12,58
5805,-108,26,90,377,4,10,57
5805,-108,33,90,377,4,10,57
5805,-108,33,90,377,4,8,56
5805,-108,35,90,377,4,10,57
5805,-108,40,90,377,4,11,58
5805,-108,33,90,377,4,8,56
5805,-108,32,89,377,6,11,56
5805,-108,54,90,377,3,8,57
5805,-108,43,90,377,4,10,57
5805,-108,36,90,377,4,9,57
5805,-108,26,90,377,4,9,56
5805,-108,39,90,377,2,9,57
5805,-108,41,90,377,4,9,57
5805,-108,38,90,377,4,10,57
5805,-108,40,90,377,4,10,57
5805,-108,35,90,377,4,9,57
5805,-108,37,90,377,4,10,57
5805,-108,43,90,377,5,9,57
5805,-108,45,90,377,5,10,57
5805,-108,51,90,377,3,10,58
5805,-108,30,90,377,6,10,57
5805,-108,46,90,377,4,9,56
5805,-108,48,90,377,4,8,57
5805,-108,38,90,377,4,9,57
5805,-108,33,90,377,4,11,58
5805,-108,44,90,377,4,9,57
5805,-108,29,90,377,3,7,56
5805,-108,32,90,377,2,8,56
5805,-108,37,90,377,5,10,57
5805,-108,59,90,377,4,11,58
5805,-108,35,90,377,3,9,58
5805,-108,41,90,377,3,10,58
5805,-108,36,90,377,5,10,57
5805,-108,43,90,377,4,8,55
5805,-108,48,90,377,3,9,57
5805,-108,60,90,377,4,8,57
5805,-108,27,90,377,4,8,56
5805,-108,57,90,377,2,10,57
5805,-108,53,90,377,4,9,57
5805,-108,46,90,377,4,12,58
5805,-108,49,90,377,4,10,57
5805,-108,29,90,377,4,9,57
5805,-108,44,90,377,3,9,57
5805,-108,42,90,377,3,10,56
5805,-108,38,90,377,3,9,56
5805,-108,60,90,377,4,10,57
5805,-108,42,90,377,3,9,57
5805,-108,44,90,377,5,8,57
5805,-108,49,90,377,3,10,57
5805,-108,46,90,377,4,11,57
5805,-108,47,90,377,5,9,57
5805,-108,49,90,377,3,10,58
5805,-108,45,90,377,4,8,57
5805,-108,43,90,377,4,9,57
5805,-108,49,90,377,4,8,57
5805,-108,37,90,377,3,9,57
5805,-108,54,90,377,4,11,57
5805,-108,51,90,377,4,9,57
5805,-108,52,90,377,4,10,57
5805,-108,56,90,377,3,9,57
5805,-108,42,90,377,3,10,57
5805,-108,29,90,377,3,10,57
5805,-108,49,90,377,4,10,57
5805,-108,40,90,377,4,10,57
5805,-108,42,90,377,4,11,58
5805,-108,37,90,377,4,10,57
5805,-108,31,90,377,3,8,56
5805,-108,34,90,377,3,10,57
5805,-108,37,90,377,4,8,57
5805,-108,62,90,377,5,11,57
5805,-108,30,90,377,3,9,57
5805,-108,25,90,377,3,9,57
5805,-108,36,90,377,4,10,57
5805,-108,50,90,377,4,10,57
5805,-108,58,90,377,4,9,57
5805,-108,45,90,377,3,7,56
5805,-108,33,90,377,3,9,57
5805,-108,42,90,377,5,9,58
5805,-108,32,90,377,3,9,57
5805,-108,44,90,377,4,8,57
5805,-108,38,90,377,3,7,56
5805,-108,47,90,377,5,9,58
5805,-108,41,90,377,4,9,57
5805,-108,39,90,377,4,9,57
5805,-108,43,90,377,5,8,56
5805,-108,31,90,377,4,10,57
5805,-108,46,90,377,3,10,57
5805,-108,46,90,377,3,8,56
5805,-108,45,90,377,5,9,57
5805,-108,35,90,377,4,9,56
5805,-108,48,90,377,4,9,57
5805,-108,51,90,377,4,10,57
5805,-108,41,90,377,5,8,56
5805,-108,41,89,377,5,10,56
5805,-108,32,90,377,4,8,57
5805,-108,39,90,377,3,9,56
5805,-108,35,90,377,4,8,57
5805,-108,47,90,377,4,9,57
5805,-108,39,90,377,3,8,56
5805,-108,39,90,377,4,6,56
5805,-108,43,90,377,3,9,56
5805,-108,41,90,377,4,9,57
5805,-108,50,90,377,3,12,58
5805,-108,47,90,377,4,9,57
5805,-108,32,90,377,5,10,58
5805,-108,26,89,377,5,9,55
5805,-108,47,90,377,5,8,56
5805,-108,43,90,377,4,9,57
5805,-108,38,90,377,3,9,57
5805,-108,47,90,377,3,9,57
5805,-108,26,90,377,4,10,57
5805,-108,44,90,377,2,9,57
5805,-108,31,90,377,4,10,58
5805,-108,37,90,377,4,10,56
5805,-108,48,90,377,4,8,58
5805,-108,26,90,377,4,9,57
5805,-108,34,90,377,3,9,57
5805,-108,46,90,377,2,9,57
5805,-108,42,90,377,5,10,57
5805,-108,29,89,377,4,8,55
5805,-108,32,90,377,4,8,57
5805,-108,29,90,377,4,11,58
5805,-108,39,89,377,5,8,55
5805,-108,46,90,377,3,9,57
5805,-108,37,90,377,3,10,56
5805,-108,41,90,377,3,10,57
5805,-108,49,90,377,5,10,58
5805,-108,29,90,377,5,10,57
5805,-108,39,90,377,5,10,58
5805,-108,45,90,377,3,9,57
5805,-108,55,90,377,5,10,58
5805,-108,40,90,377,3,10,57
5805,-108,49,90,377,4,9,57
5805,-108,32,90,377,5,9,57
5805,-108,57,90,377,4,9,57
5805,-108,35,90,377,4,9,57
5805,-108,26,90,377,4,9,56
5805,-108,40,90,377,3,9,56
5805,-108,40,90,377,5,11,57
5805,-108,35,90,377,4,10,57
5805,-108,46,90,377,4,8,56
5805,-108,39,90,377,4,8,56
5805,-108,44,90,377,2,9,57
5805,-108,54,90,377,4,10,57
5805,-108,43,90,377,5,11,57
5805,-108,40,90,377,4,10,57
5805,-108,39,90,377,4,10,58
5805,-108,51,90,377,4,10,57
5805,-108,30,90,377,3,10,56
5805,-108,43,90,377,3,10,57
5805,-108,47,90,377,4,9,57
5805,-108,58,90,377,4,10,58
5805,-108,40,90,377,4,9,57
5805,-108,54,90,377,4,9,57
5805,-108,42,90,377,5,7,56
5805,-108,35,90,377,3,11,57
5805,-108,51,90,377,4,9,58
5805,-108,37,90,377,3,8,56
5805,-108,30,90,377,4,9,57
5805,-108,36,90,377,4,10,57
5805,-108,38,90,377,5,10,57
5805,-108,41,90,377,4,10,58
5805,-108,32,90,377,3,10,57
5805,-108,37,90,377,4,11,57
5805,-108,30,90,377,4,9,57
5805,-108,45,90,377,5,9,57
5805,-108,28,90,377,4,11,58
5805,-108,47,89,377,5,11,56
5805,-108,30,90,377,3,9,57
5805,-108,35,90,377,4,10,57
5805,-108,39,90,377,3,8,57
5805,-108,55,90,377,5,9,58
5805,-108,47,90,377,5,11,57
5805,-108,37,90,377,3,11,57
5805,-108,32,90,377,4,11,57
5805,-108,41,90,377,3,10,56
5805,-108,32,90,377,2,11,57
5805,-108,44,90,377,2,9,57
5805,-108,32,90,377,4,9,57
5805,-108,46,90,377,4,10,57
5805,-108,34,90,377,3,10,57
5805,-108,44,90,377,4,10,58
5805,-108,32,90,377,3,10,57
5805,-108,53,90,377,5,7,55
5805,-108,63,90,377,2,9,57
5805,-108,41,90,377,4,10,57
5805,-108,35,90,377,5,9,57
5805,-108,35,90,377,2,10,58
5805,-108,30,90,377,4,9,57
5805,-108,36,90,377,2,9,56
5805,-108,53,90,377,3,10,57
5805,-108,48,90,377,4,10,57
5805,-108,33,90,377,4,10,58
5805,-108,39,90,377,3,10,58
5805,-108,39,90,377,3,9,57
5805,-108,60,90,377,4,12,58
5805,-108,37,90,377,3,8,57
5805,-108,44,90,377,5,10,57
5805,-108,50,90,377,4,9,57
5805,-108,45,90,377,4,9,57
5805,-108,36,90,377,3,10,57
5805,-108,51,90,377,4,9,57
5805,-108,47,90,377,3,10,57
5805,-108,49,90,377,5,9,57
5805,-108,45,90,377,2,8,57
5805,-108,40,90,377,3,9,56
5805,-108,51,89,377,5,8,56
5805,-108,37,90,377,4,11,57
5805,-108,24,90,377,4,9,56
5805,-108,62,90,377,3,10,58
5805,-108,49,90,377,4,9,57
5805,-108,38,90,377,4,9,58
5805,-108,59,90,377,4,8,57
5805,-108,35,90,377,4,10,58
5805,-108,35,90,377,5,10,57
5805,-108,48,90,377,4,11,58
5805,-108,36,90,377,4,10,57
5805,-108,38,90,377,3,10,56
5805,-108,40,90,377,3,9,57
5805,-108,34,90,377,4,12,58
5805,-108,35,90,377,4,8,56
5805,-108,48,90,377,2,11,57
5805,-108,45,90,377,5,10,57
5805,-108,40,90,377,5,11,57
5805,-108,43,90,377,5,10,57
5805,-108,37,90,377,5,7,56
5805,-108,38,90,377,4,9,57
5805,-108,43,90,377,5,7,56
5805,-108,37,90,377,4,8,57
5805,-108,32,90,377,5,9,57
5805,-108,41,90,377,5,11,57
5805,-108,50,90,377,3,8,57
5805,-108,38,90,377,4,11,57
5805,-108,38,90,377,2,8,57
5805,-108,35,90,377,3,9,57
5805,-108,31,90,377,4,9,57
5805,-108,56,90,377,3,9,57
5805,-108,39,90,377,4,10,57
5805,-108,36,90,377,4,9,57
5805,-108,58,90,377,4,8,57
5805,-108,35,90,377,4,10,58
5805,-108,38,90,377,4,11,57
5805,-108,44,90,377,5,11,58
5805,-108,42,90,377,3,8,57
5805,-108,44,90,377,5,8,58
5805,-108,33,90,377,3,5,56
5805,-108,49,89,378,5,7,57
5805,-108,46,89,377,4,9,55
5805,-108,54,90,377,3,11,58
5805,-108,43,90,377,2,9,57
5805,-108,30,90,377,4,10,57
5805,-108,34,90,377,4,9,56
5805,-108,63,90,377,3,12,58
5805,-108,35,90,377,5,9,57
5805,-108,27,90,377,3,9,56
5805,-108,42,90,377,3,10,58
5805,-108,46,90,377,4,11,57
5805,-108,28,90,377,3,10,56
5805,-108,49,90,377,4,10,58
5805,-108,32,90,377,3,9,57
5805,-108,30,90,377,3,8,57
5805,-108,52,90,377,4,8,56
5805,-108,43,90,377,4,9,57
5805,-108,27,90,377,4,9,57
5805,-108,28,90,377,4,8,56
5805,-108,40,90,377,4,10,57
5805,-108,39,90,377,4,8,56
5805,-108,29,90,377,4,9,56
5805,-108,36,90,377,5,9,57
5805,-108,33,90,377,4,9,57
5805,-108,30,90,377,4,9,57
5805,-108,58,90,377,4,9,57
5805,-108,40,90,377,3,9,57
5805,-108,24,90,377,4,10,57
5805,-108,45,90,377,3,8,56
5805,-108,48,90,377,4,11,57
5805,-108,44,90,377,4,8,57
5805,-108,35,90,377,5,8,56
5805,-108,51,90,377,4,10,57
5805,-108,54,90,377,4,10,57
5805,-108,33,90,377,4,9,56
5805,-108,58,90,377,2,6,57
5805,-108,37,90,377,4,10,56
5805,-108,43,90,377,3,10,58
5805,-108,36,90,377,4,9,57
5805,-108,33,90,377,5,10,57
5805,-108,34,90,377,4,8,57
5805,-108,31,90,377,3,8,58
5805,-108,49,90,377,3,9,57
5805,-108,42,90,377,4,10,57
5805,-108,34,90,377,5,8,56
5805,-108,37,90,377,4,10,57
5805,-108,41,90,377,3,7,56
5805,-108,37,90,377,2,10,57
5805,-108,52,90,377,4,7,56
5805,-108,48,90,377,2,9,58
5805,-108,43,90,377,5,7,56
5805,-108,44,90,377,3,10,57
5805,-108,58,90,377,4,10,58
5805,-108,33,90,377,4,9,57
5805,-108,40,90,377,3,10,57
5805,-108,49,90,377,5,11,56
5805,-108,41,90,377,2,10,58
5805,-108,33,90,377,5,9,57
5805,-108,43,90,377,4,10,57
5805,-108,36,90,377,4,10,57
5805,-108,42,90,377,4,9,57
5805,-108,37,90,377,4,10,57
5805,-108,31,89,377,5,9,55
5805,-108,33,90,377,4,9,58
5805,-108,40,90,377,4,9,56
5805,-108,37,90,377,3,10,58
5805,-108,36,89,377,5,11,57
5805,-108,53,90,377,3,10,58
5805,-108,43,90,377,2,10,57
5805,-108,52,90,377,2,10,57
5805,-108,44,90,377,5,8,56
5805,-108,37,90,377,4,9,57
5805,-108,55,90,377,4,11,57
5805,-108,27,90,377,2,8,56
5805,-108,37,90,377,3,9,56
5805,-108,38,90,377,5,9,57
5805,-108,39,90,377,4,11,57
5805,-108,47,90,377,3,11,57
5805,-108,31,90,377,4,10,57
5805,-108,34,90,377,4,8,57
5805,-108,49,90,377,4,8,57
5805,-108,37,90,377,3,9,56
5805,-108,48,90,377,3,10,57
5805,-108,33,90,377,3,11,57
5805,-108,42,90,377,3,10,56
5805,-108,46,90,377,4,10,57
5805,-108,25,90,377,4,10,56
5805,-108,49,90,377,5,9,56
5805,-108,27,90,377,2,8,57
5805,-108,44,90,377,4,10,57
5805,-108,40,90,377,4,8,56
5805,-108,44,90,377,3,11,57
5805,-108,47,90,377,4,9,57
5805,-108,35,89,377,4,10,56
5805,-108,43,90,377,4,9,57
5805,-108,57,90,377,4,6,57
5805,-108,46,90,377,4,9,57
5805,-108,36,90,377,4,9,57
5805,-108,36,90,377,3,9,57
5805,-108,46,90,377,4,10,57
5805,-108,30,90,377,4,9,57
5805,-108,51,90,377,4,10,57
5805,-108,47,90,377,3,10,58
5805,-108,36,90,377,3,10,57
5805,-108,39,90,377,4,10,57
5805,-108,34,90,377,2,12,57
5805,-108,30,90,377,4,9,57
5805,-108,30,90,377,4,9,57
5805,-108,36,90,377,4,10,57
5805,-108,31,90,377,4,8,57
5805,-108,29,90,377,3,9,57
5805,-108,59,90,377,3,8,56
5805,-108,45,90,377,5,10,58
5805,-108,40,90,377,4,10,57
5805,-108,45,90,377,3,10,57
5805,-108,34,90,377,4,9,57
5805,-108,54,90,377,4,10,57
5805,-108,41,90,377,3,9,56
5805,-108,41,90,377,4,10,57
5805,-108,47,90,377,3,9,57
5805,-108,41,90,377,4,11,58
5805,-108,55,90,377,4,11,57
5805,-108,45,90,377,4,10,56
5805,-108,32,90,377,4,8,57
5805,-108,34,90,377,3,8,57
5805,-108,55,90,377,4,9,57
5805,-108,45,90,377,4,9,57
5805,-108,33,90,377,4,12,58
5805,-108,30,90,377,4,9,57
5805,-108,42,90,377,3,9,57
5805,-108,36,90,377,3,9,57
5805,-108,29,90,377,4,10,58
5805,-108,40,90,377,2,8,56
5805,-108,48,90,377,3,10,57
5805,-108,33,90,377,4,9,56
5805,-108,51,90,377,3,9,56
5805,-108,42,90,377,3,11,57
5805,-108,33,90,377,3,11,57
5805,-108,43,90,377,4,10,57
5805,-108,41,90,377,3,9,57
5805,-108,28,90,377,3,8,57
5805,-108,44,90,377,6,9,57
5805,-108,29,90,377,3,10,57
5805,-108,42,90,377,5,11,57
5805,-108,45,90,377,3,9,57
5805,-108,40,90,377,3,10,57
5805,-108,37,90,377,4,8,56
5805,-108,45,90,377,4,9,57
5805,-108,37,90,377,4,10,57
5805,-108,48,90,377,4,8,57
5805,-108,39,90,377,4,11,57
5805,-108,30,90,377,5,9,57
5805,-108,40,90,377,4,8,56
5805,-108,59,90,377,4,10,57
5805,-108,48,90,377,4,10,57
5805,-108,44,90,377,4,7,56
5805,-108,46,90,377,4,11,58
5805,-108,37,90,377,4,9,58
5805,-108,52,90,377,3,9,57
5805,-108,40,90,377,3,9,57
5805,-108,41,90,377,4,11,58
5805,-108,27,90,377,4,10,56
5805,-108,44,90,377,3,8,57
5805,-108,40,90,377,4,10,57
5805,-108,38,90,377,4,10,57
5805,-108,30,90,377,3,8,56
5805,-108,36,90,377,4,11,58
5805,-108,39,90,377,4,9,57
5805,-108,29,90,377,4,10,57
5805,-108,40,90,377,5,9,57
5805,-108,44,89,377,5,7,56
5805,-108,34,90,377,5,10,57
5805,-108,29,90,377,3,8,56
5805,-108,62,90,377,4,9,58
5805,-108,57,90,377,4,10,57
5805,-108,42,90,377,5,7,57
5805,-108,36,90,377,4,9,57
5805,-108,50,90,377,4,9,57
5805,-108,36,90,377,4,9,56
5805,-108,46,90,377,4,10,58
5805,-108,40,90,377,4,9,57
5805,-108,27,90,377,4,9,57
5805,-108,31,89,377,5,8,55
5805,-108,49,90,377,4,9,57
5805,-108,43,90,377,1,12,58
5805,-108,38,90,377,4,10,57
5805,-108,31,90,377,4,10,57
5805,-108,43,90,377,5,11,57
5805,-108,28,90,377,3,9,56
5805,-108,42,90,377,4,11,57
5805,-108,40,90,377,5,10,57
5805,-108,35,90,377,4,11,57
5805,-108,33,90,377,3,8,57
5805,-108,44,90,377,3,11,58
5805,-108,34,90,377,3,9,58
5805,-108,64,90,377,5,9,58
5805,-108,36,90,377,4,11,57
5805,-108,38,90,377,4,11,57
5805,-108,31,90,377,4,8,56
5805,-108,49,89,377,5,9,55
5805,-108,43,90,377,3,8,56
5805,-108,50,90,377,3,8,56
5805,-108,37,90,377,5,9,57
5805,-108,44,90,377,4,10,57
5805,-108,44,90,377,3,10,57
5805,-108,52,90,377,5,9,56
5805,-108,47,89,377,4,10,57
5805,-108,33,90,377,4,11,57
5805,-108,38,90,377,4,10,58
5805,-108,42,90,377,3,9,58
5805,-108,35,90,377,4,11,58
5805,-108,36,90,377,2,10,57
5805,-108,53,90,377,4,9,57
5805,-108,33,90,377,3,11,57
5805,-108,38,90,377,5,10,56
5805,-108,32,90,377,3,10,57
5805,-108,36,90,377,2,10,57
5805,-108,41,90,377,3,9,57
5805,-108,54,90,377,3,9,57
5805,-108,43,90,377,2,9,57
5805,-108,39,90,377,3,9,57
5805,-108,33,90,377,3,11,58
5805,-108,37,90,377,3,9,57
5805,-108,28,90,377,5,8,57
5805,-108,31,90,377,4,9,56
5805,-108,54,90,377,4,11,58
5805,-108,53,90,377,4,9,57
5805,-108,38,90,377,4,9,57
5805,-108,54,90,377,2,9,57
5805,-108,33,90,377,3,9,56
5805,-108,40,90,377,3,12,58
5805,-108,32,90,377,5,10,57
5805,-108,31,90,377,4,8,56
5805,-108,37,90,377,3,10,57
5805,-108,51,90,377,4,12,58
5805,-108,47,90,377,5,9,57
5805,-108,36,90,377,4,10,57
5805,-108,39,90,377,4,9,57
5805,-108,45,90,377,3,8,56
5805,-108,42,90,377,4,8,57
5805,-108,40,90,377,4,10,57
5805,-108,32,90,377,4,9,57
5805,-108,48,90,377,5,10,57
5805,-108,46,90,377,3,9,57
5805,-108,27,89,377,5,10,56
5805,-108,46,90,377,4,10,57
5805,-108,42,89,377,4,8,56
5805,-108,35,90,377,3,9,57
5805,-108,45,90,377,3,10,57
5805,-108,47,90,377,5,9,56
5805,-108,33,90,377,2,9,58
5805,-108,41,90,377,3,9,57
5805,-108,37,90,377,3,9,56
5805,-108,39,90,377,4,9,56
5805,-108,41,90,377,4,10,58
5805,-108,46,90,377,4,10,57
5805,-108,52,90,377,4,8,56
5805,-108,28,90,377,4,8,57
5805,-108,34,90,377,4,9,57
5805,-108,38,90,377,3,10,57
5805,-108,42,90,377,4,8,57
5805,-108,37,89,378,6,9,55
5805,-108,33,90,377,4,9,57
5805,-108,46,90,377,3,9,57
5805,-108,49,90,377,4,10,57
5805,-108,45,90,377,3,12,58
5805,-108,43,90,377,4,10,58
5805,-108,33,90,377,5,9,57
5805,-108,46,90,377,3,10,57
5805,-108,39,90,377,3,9,56
5805,-108,40,90,377,4,9,57
5805,-108,52,90,377,3,9,58
5805,-108,39,90,377,4,10,58
5805,-108,39,90,377,5,9,57
5805,-108,34,90,377,4,11,58
5805,-108,36,90,377,4,9,57
5805,-108,40,90,377,5,8,56
5805,-108,36,90,377,4,9,56
5805,-108,41,90,377,5,9,57
5805,-108,40,90,377,3,9,58
5805,-108,39,90,377,4,8,57
5805,-108,36,90,377,4,12,58
5805,-108,47,90,377,4,10,57
5805,-108,43,90,377,5,10,57
5805,-108,41,90,377,5,9,58
5805,-108,27,90,377,4,9,57
5805,-108,43,90,377,3,11,58
5805,-108,31,90,377,3,10,56
5805,-108,49,90,377,3,10,57
5805,-108,29,90,377,5,9,56
5805,-108,29,89,378,5,9,56
5805,-108,50,90,377,3,12,57
5805,-108,45,90,377,4,11,57
5805,-108,34,90,377,3,9,57
5805,-108,50,90,377,3,8,56
5805,-108,34,90,377,3,10,56
5805,-108,64,90,377,3,9,57
5805,-108,37,90,377,4,10,57
5805,-108,52,90,377,3,9,57
5805,-108,43,90,377,4,9,58
5805,-108,40,90,377,2,11,57
5805,-108,43,90,377,5,9,57
5805,-108,42,90,377,3,8,56
5805,-108,39,90,377,5,12,58
5805,-108,58,90,377,4,12,57
5805,-108,54,90,377,4,11,57
5805,-108,32,90,377,3,10,57
5805,-108,45,90,377,3,10,57
5805,-108,31,90,377,4,11,57
5805,-108,46,90,377,4,9,57
5805,-108,45,90,377,4,10,57
5805,-108,42,90,377,4,11,58
5805,-108,51,90,377,5,10,57
5805,-108,38,90,377,3,10,57
5805,-108,42,90,377,3,10,57
5805,-108,29,90,377,3,9,57
5805,-108,48,90,377,5,9,57
5805,-108,36,90,377,4,10,57
5805,-108,43,90,377,4,9,57
5805,-108,31,90,377,6,10,57
5805,-108,47,90,377,4,10,58
5805,-108,35,90,377,4,10,57
5805,-108,33,90,377,5,9,57
5805,-108,43,90,377,5,9,57
5805,-108,42,90,377,4,8,57
5805,-108,50,90,377,4,9,57
5805,-108,38,90,377,4,9,58
5805,-108,52,90,377,5,9,56
5805,-108,30,90,377,4,8,57
5805,-108,43,90,377,5,10,57
5805,-108,38,90,377,2,9,57
5805,-108,45,90,377,3,10,57
5805,-108,37,90,377,3,9,57
5805,-108,47,90,377,4,10,58
5805,-108,37,89,377,5,9,56
5805,-108,31,90,377,5,9,56
5805,-108,41,90,377,3,11,58
5805,-108,31,90,377,3,9,57
5805,-108,51,90,377,3,9,58
5805,-108,39,90,377,5,10,58
5805,-108,45,90,377,5,10,57
5805,-108,53,90,377,3,9,57
5805,-108,24,89,377,4,8,55
5805,-108,41,90,377,3,9,57
5805,-108,35,90,377,3,10,58
5805,-108,36,90,377,4,10,57
5805,-108,51,90,377,4,9,57
5805,-108,33,90,377,4,8,56
5805,-108,34,90,377,4,8,55
5805,-108,49,89,377,4,10,56
5805,-108,41,90,377,4,10,58
5805,-108,37,90,377,5,10,57
5805,-108,50,90,377,4,9,57
5805,-108,33,90,377,4,10,56
5805,-108,52,90,377,4,7,56
5805,-108,32,90,377,4,10,56
5805,-108,37,90,377,3,10,57
5805,-108,34,90,377,3,10,57
5805,-108,41,90,377,2,8,56
5805,-108,46,90,377,3,10,58
5805,-108,34,90,377,4,10,57
5805,-108,53,90,377,4,10,57
5805,-108,45,90,377,2,12,58
5805,-108,37,90,377,4,9,57
5805,-108,41,90,377,4,9,56
5805,-108,34,90,377,3,10,57
5805,-108,38,90,377,4,10,57
5805,-108,55,90,377,4,10,57
5805,-108,41,90,377,3,9,56
5805,-108,33,90,377,4,8,56
5805,-108,34,90,377,4,9,57
5805,-108,32,90,377,5,10,57
5805,-108,52,90,377,3,7,56
5805,-108,49,89,377,4,8,56
5805,-108,51,90,377,4,10,57
5805,-108,50,90,377,5,10,58
5805,-108,39,90,377,4,9,57
5805,-108,44,90,377,5,9,57
5805,-108,36,90,377,4,10,57
5805,-108,47,90,377,3,8,57
5805,-108,54,90,377,4,9,57
5805,-108,46,90,377,3,11,57
5805,-108,42,90,377,4,9,57
5805,-108,34,90,377,4,10,57
5805,-108,41,90,377,4,10,57
5805,-108,34,90,377,3,10,57
5805,-108,37,90,377,4,7,57
5805,-108,35,90,377,5,11,58
5805,-108,48,90,377,2,11,57
5805,-108,36,90,377,3,11,57
5805,-108,37,90,377,2,8,57
5805,-108,27,90,377,4,9,57
5805,-108,46,90,377,4,9,58
5805,-108,46,90,377,4,10,57
5805,-108,42,90,377,4,8,56
5805,-108,56,90,377,3,8,57
5805,-108,57,90,377,4,8,56
5805,-108,38,90,377,4,11,58
5805,-108,40,90,377,4,11,57
5805,-108,39,90,377,4,9,57
5805,-108,30,90,377,4,9,56
5805,-108,53,90,377,3,10,58
5805,-108,37,90,377,4,10,57
5805,-108,49,90,377,3,9,57
5805,-108,32,90,377,3,10,57
5805,-108,39,90,377,4,9,57
5805,-108,49,90,377,5,9,57
5805,-108,50,90,377,3,9,57
5805,-108,43,90,377,4,10,57
5805,-108,44,90,377,3,10,57
5805,-108,57,90,377,5,11,57
5805,-108,28,90,377,4,9,56
5805,-108,38,90,377,4,10,57
5805,-108,51,90,377,4,10,57
5805,-108,79,84,382,6,58,53
5805,-108,48,77,390,11,59,47
5805,-108,34,87,379,5,10,55
5805,-108,42,87,379,5,9,55
5805,-108,46,87,379,4,11,56
5805,-108,43,87,379,3,9,54
5805,-108,33,87,379,4,9,55
5805,-108,41,87,379,4,10,55
5805,-108,47,87,379,4,9,54
5805,-108,27,87,379,4,6,54
5805,-108,36,87,379,4,6,54
5805,-108,43,87,379,4,10,55
5805,-108,38,87,379,5,10,55
5805,-108,39,87,379,4,10,55
5805,-108,46,87,379,3,11,55
5805,-108,50,87,379,5,11,56
5805,-108,30,87,379,4,8,55
5805,-108,44,90,377,4,9,57
5805,-108,31,90,377,4,10,57
5805,-108,29,89,377,4,9,56
5805,-108,49,90,377,4,11,58
5805,-108,37,90,377,4,9,57
5805,-108,32,90,377,4,10,57
5805,-108,37,90,377,4,7,56
5805,-108,45,90,377,3,8,57
5805,-108,39,90,377,3,10,56
5805,-108,35,90,377,4,9,57
5805,-108,44,90,377,4,9,57
5805,-108,25,89,377,4,8,54
5805,-108,37,90,377,5,10,57
5805,-108,44,90,377,4,10,57
5805,-108,51,90,377,4,10,57
5805,-108,40,90,377,3,8,57
5805,-108,31,90,377,5,10,57
5805,-108,51,90,377,3,8,56
5805,-108,40,90,377,5,10,57
5805,-108,39,90,377,4,9,56
5805,-108,30,90,377,3,9,57
5805,-108,35,90,377,3,10,58
5805,-108,52,90,377,4,9,57
5805,-108,51,90,377,3,8,58
5805,-108,38,90,377,4,10,57
5805,-108,36,90,377,5,11,57
5805,-108,32,90,377,4,9,57
5805,-108,33,90,377,3,8,56
5805,-108,34,90,377,4,9,56
5805,-108,43,90,377,4,10,57
5805,-108,24,90,377,4,9,56
5805,-108,34,89,377,4,8,56
5805,-108,49,90,377,3,9,57
5805,-108,45,90,377,4,9,58
5805,-108,37,90,377,3,11,57
5805,-108,29,90,377,5,7,56
5805,-108,30,90,377,4,10,57
5805,-108,45,90,377,4,11,57
5805,-108,50,90,377,4,8,56
5805,-108,45,90,377,3,9,57
5805,-108,30,90,377,2,10,57
5805,-108,29,90,377,4,9,57
5805,-108,40,90,377,4,8,57
5805,-108,43,90,377,3,9,57
5805,-108,43,90,377,3,9,57
5805,-108,27,90,377,3,7,56
5805,-108,47,90,377,4,10,57
5805,-108,55,90,377,4,8,57
5805,-108,31,90,377,4,11,57
5805,-108,30,89,377,4,9,56
5805,-108,42,90,377,3,9,56
5805,-108,34,90,377,4,9,57
5805,-108,49,90,377,3,9,58
5805,-108,35,90,377,4,9,57
5805,-108,50,90,377,3,9,57
5805,-108,33,90,377,4,8,57
5805,-108,29,90,377,4,12,57
5805,-108,42,90,377,3,9,57
5805,-108,40,90,377,4,10,57
5805,-108,50,90,377,5,9,58
5805,-108,41,90,377,3,9,57
5805,-108,31,90,377,5,9,57
5805,-108,42,89,378,5,10,56
5805,-108,30,90,377,4,10,57
5805,-108,27,90,377,4,8,56
5805,-108,52,90,377,5,9,57
5805,-108,32,90,377,4,9,56
5805,-108,42,90,377,4,9,57
5805,-108,45,90,377,5,8,56
5805,-108,49,90,377,4,9,57
5805,-108,39,90,377,4,7,56
5805,-108,42,90,377,2,10,57
5805,-108,27,90,377,4,7,56
5805,-108,52,90,377,4,10,56
5805,-108,35,90,377,3,11,57
5805,-108,36,90,377,4,11,56
5805,-108,49,90,377,3,10,57
5805,-108,25,89,377,5,9,56
5805,-108,40,90,377,4,9,57
5805,-108,60,90,377,4,11,58
5805,-108,37,90,377,3,9,56
5805,-108,29,90,377,3,11,56
5805,-108,43,90,377,5,9,57
5805,-108,38,90,377,4,10,57
5805,-108,40,90,377,4,10,58
5805,-108,39,90,377,4,9,57
5805,-108,32,90,377,3,9,57
5805,-108,41,90,377,3,9,57
5805,-108,44,90,377,3,9,57
5805,-108,40,90,377,3,9,57
5805,-108,43,90,377,4,10,57
5805,-108,30,90,377,3,9,56
5805,-108,52,90,377,3,10,58
5805,-108,31,90,377,4,10,58
5805,-108,34,90,377,4,8,56
5805,-108,37,90,377,5,10,56
5805,-108,45,90,377,4,6,56
5805,-108,50,90,377,5,8,57
5805,-108,39,90,377,4,11,57
5805,-108,43,90,377,2,10,57
5805,-108,36,90,377,5,9,57
5805,-108,22,90,377,3,8,57
5805,-108,52,90,377,4,10,58
5805,-108,53,90,377,4,8,56
5805,-108,40,90,377,4,7,57
5805,-108,48,90,377,4,8,56
5805,-108,43,90,377,4,9,57
5805,-108,33,90,377,4,8,57
5805,-108,42,90,377,3,9,57
5805,-108,36,90,377,3,10,58
5805,-108,44,90,377,5,9,57
5805,-108,28,90,377,4,9,56
5805,-108,47,90,377,4,10,57
5805,-108,38,90,377,5,11,58
5805,-108,42,90,377,3,11,57
5805,-108,64,90,377,4,9,57
5805,-108,32,90,377,4,10,57
5805,-108,42,90,377,4,9,57
5805,-108,48,90,377,3,11,58
5805,-108,55,90,377,3,9,57
5805,-108,59,90,377,4,10,57
5805,-108,40,90,377,4,10,58
5805,-108,30,90,377,4,10,57
5805,-108,34,90,377,4,9,57
5805,-108,30,90,377,4,9,57
5805,-108,41,90,377,5,9,57
5805,-108,65,90,377,3,8,57
5805,-108,45,90,377,3,10,57
5805,-108,37,90,377,5,11,57
5805,-108,29,90,377,3,9,57
5805,-108,49,90,377,5,7,57
5805,-108,43,90,377,3,10,58
5805,-108,41,90,377,5,9,57
5805,-108,43,90,377,3,9,55
5805,-108,36,90,377,3,10,57
5805,-108,36,90,377,2,9,57
5805,-108,53,90,377,3,10,58
5805,-108,52,90,377,4,8,57
5805,-108,46,90,377,4,9,57
5805,-108,44,90,377,5,9,57
5805,-108,49,90,377,3,10,58
5805,-108,38,90,377,7,7,56
5805,-108,38,90,377,3,9,57
5805,-108,29,90,377,2,9,57
5805,-108,59,90,377,3,8,56
5805,-108,35,90,377,3,10,57
5805,-108,26,90,377,3,8,56
5805,-108,41,90,377,4,8,57
5805,-108,45,90,377,5,10,57
5805,-108,50,90,377,5,11,57
5805,-108,53,90,377,5,9,57
5805,-108,54,90,377,3,9,57
5805,-108,36,90,377,4,10,58
5805,-108,48,90,377,4,8,56
5805,-108,53,90,377,4,9,57
5805,-108,43,90,377,3,10,58
5805,-108,38,90,377,3,9,56
5805,-108,45,90,377,4,9,56
5805,-108,68,90,377,5,9,56
5805,-108,44,90,377,4,11,57
5805,-108,41,90,377,3,9,57
5805,-108,33,90,377,5,10,57
5805,-108,52,90,377,2,9,57
5805,-108,47,90,377,4,10,58
5805,-108,44,90,377,4,8,56
5805,-108,37,90,377,4,8,57
5805,-108,36,90,377,3,9,57
5805,-108,51,90,377,3,9,56
5805,-108,54,90,377,4,10,58
5805,-108,48,90,377,4,9,57
5805,-108,45,90,377,4,7,56
5805,-108,41,90,377,4,10,58
5805,-108,33,90,377,3,10,57
5805,-108,43,90,377,3,8,56
5805,-108,60,90,377,3,8,56
5805,-108,40,90,377,3,10,57
5805,-108,49,90,377,4,9,56
5805,-108,64,90,377,3,9,58
5805,-108,27,90,377,4,8,57
5805,-108,47,90,377,3,10,58
5805,-108,51,90,377,4,11,58
5805,-108,43,90,377,3,9,57
5805,-108,44,90,377,3,9,58
5805,-108,52,90,377,5,9,57
5805,-108,39,90,377,3,10,57
5805,-108,37,90,377,4,9,57
5805,-108,55,90,377,3,10,58
5805,-108,38,90,377,4,11,57
5805,-108,32,90,377,4,11,58
5805,-108,39,90,377,4,10,56
5805,-108,43,90,377,3,9,57
5805,-108,43,90,377,4,8,56
5805,-108,51,89,377,4,8,56
5805,-108,37,90,377,4,9,57
5805,-108,58,90,377,4,9,57
5805,-108,32,90,377,4,9,56
5805,-108,34,90,377,3,10,57
5805,-108,47,90,377,3,8,56
5805,-108,38,90,377,3,8,57
5805,-108,46,90,377,4,10,57
5805,-108,38,90,377,3,10,57
5805,-108,52,90,377,4,9,56
5805,-108,54,90,377,4,8,57
5805,-108,51,90,377,2,8,56
5805,-108,42,90,377,4,9,58
5805,-108,32,90,377,3,9,57
5805,-108,44,90,377,2,10,57
5805,-108,34,90,377,4,10,57
5805,-108,54,90,377,5,9,58
5805,-108,37,90,377,4,7,55
5805,-108,42,90,377,3,9,57
5805,-108,41,90,377,4,9,57
5805,-108,55,90,377,4,10,58
5805,-108,31,90,377,4,10,57
5805,-108,52,90,377,5,9,57
5805,-108,51,90,377,4,11,58
5805,-108,50,90,377,5,8,55
5805,-108,34,90,377,4,11,57
5805,-108,46,90,377,2,8,55
5805,-108,43,90,377,5,9,57
5805,-108,51,90,377,3,10,58
5805,-108,39,90,377,4,8,57
5805,-108,37,90,377,4,10,57
5805,-108,50,90,377,4,7,56
5805,-108,26,90,377,4,10,57
5805,-108,39,90,377,4,10,57
5805,-108,37,90,377,3,9,57
5805,-108,34,90,377,3,9,56
5805,-108,47,90,377,3,9,57
5805,-108,32,90,377,5,9,57
5805,-108,39,90,377,3,12,57
5805,-108,40,90,377,4,9,57
5805,-108,59,90,377,4,10,58
5805,-108,49,90,377,3,9,56
5805,-108,41,90,377,4,9,57
5805,-108,42,90,377,5,9,56
5805,-108,58,90,377,5,9,57
5805,-108,36,90,377,4,9,57
5805,-108,51,90,377,4,10,57
5805,-108,42,90,377,5,10,57
5805,-108,32,90,377,4,10,57
5805,-108,38,90,377,4,8,58
5805,-108,51,90,377,3,9,57
5805,-108,27,90,377,3,10,56
5805,-108,43,90,377,4,9,57
5805,-108,58,90,377,3,10,58
5805,-108,49,90,377,4,11,57
5805,-108,34,90,377,3,9,57
5805,-108,48,90,377,4,10,57
5805,-108,40,90,377,5,8,56
5805,-108,39,90,377,4,9,57
5805,-108,49,90,377,3,9,56
5805,-108,43,90,377,4,10,58
5805,-108,45,90,377,4,10,57
5805,-108,63,90,377,4,11,59
5805,-108,43,90,377,4,10,57
5805,-108,31,90,377,3,9,57
5805,-108,34,90,377,5,10,57
5805,-108,35,90,377,4,9,57
5805,-108,27,90,377,5,9,57
5805,-108,52,90,377,4,10,57
5805,-108,47,90,377,4,9,57
5805,-108,31,90,377,5,10,57
5805,-108,47,90,377,4,10,57
5805,-108,33,90,377,4,8,56
5805,-108,31,90,377,4,10,57
5805,-108,44,90,377,4,9,57
5805,-108,51,90,377,3,10,57
5805,-108,33,90,377,4,9,56
5805,-108,35,89,377,5,10,56
5805,-108,39,90,377,5,11,58
5805,-108,38,90,377,2,10,57
5805,-108,54,90,377,4,8,56
5805,-108,27,90,377,2,10,57
5805,-108,51,90,377,3,9,57
5805,-108,39,90,377,3,9,56
5805,-108,33,90,377,4,11,57
5805,-108,38,90,377,4,10,57
5805,-108,36,90,377,5,10,57
5805,-108,35,90,377,4,9,57
5805,-108,41,90,377,4,9,58
5805,-108,60,90,377,3,10,57
5805,-108,41,90,377,5,9,57
5805,-108,39,90,377,4,9,58
5805,-108,49,90,377,4,9,57
5805,-108,28,89,377,4,10,56
5805,-108,54,90,377,4,11,57
5805,-108,36,90,377,4,8,56
5805,-108,54,90,377,4,10,57
5805,-108,40,90,377,2,9,57
5805,-108,39,90,377,4,8,55
5805,-108,35,90,377,5,9,57
5805,-108,59,90,377,3,9,57
5805,-108,42,90,377,3,9,57
5805,-108,36,90,377,4,9,58
5805,-108,42,90,377,5,8,56
5805,-108,56,90,377,3,10,58
5805,-108,48,90,377,4,9,57
5805,-108,45,90,377,3,10,57
5805,-108,35,90,377,3,10,57
5805,-108,43,90,377,5,9,57
5805,-108,42,90,377,4,10,57
5805,-108,38,90,377,4,9,57
5805,-108,44,90,377,3,10,58
5805,-108,40,90,377,4,10,57
5805,-108,36,90,377,3,8,57
5805,-108,45,90,377,4,8,57
5805,-108,42,90,377,4,10,57
5805,-108,38,90,377,4,10,57
5805,-108,47,90,377,2,11,57
5805,-108,58,90,377,3,10,58
5805,-108,48,90,377,3,9,57
5805,-108,46,90,377,4,8,57
5805,-108,42,90,377,5,10,57
5805,-108,45,90,377,4,10,57
5805,-108,40,90,377,4,9,57
5805,-108,52,90,377,5,9,57
5805,-108,67,90,377,4,7,56
5805,-108,54,90,377,4,11,57
5805,-108,45,90,377,5,9,57
5805,-108,47,90,377,3,11,57
5805,-108,44,90,377,4,8,57
5805,-108,45,90,377,5,10,57
5805,-108,34,90,377,4,10,57
5805,-108,39,90,377,3,10,57
5805,-108,43,90,377,4,11,56
5805,-108,36,90,377,4,10,58
5805,-108,33,90,377,4,10,57
5805,-108,39,90,377,3,9,56
5805,-108,52,90,377,4,11,58
5805,-108,61,90,377,3,11,57
5805,-108,49,90,377,3,10,58
5805,-108,33,90,377,3,9,57
5805,-108,34,90,377,3,10,57
5805,-108,31,90,377,3,9,57
5805,-108,44,90,377,4,10,57
5805,-108,36,90,377,2,8,56
5805,-108,34,90,377,2,8,57
5805,-108,40,90,377,3,9,57
5805,-108,53,90,377,4,10,57
5805,-108,40,90,377,5,10,58
5805,-108,35,90,377,3,11,58
5805,-108,53,90,377,3,9,57
5805,-108,26,90,377,3,9,57
5805,-108,28,90,377,3,11,57
5805,-108,40,90,377,4,10,57
5805,-108,50,90,377,4,10,57
5805,-108,44,90,377,3,11,58
5805,-108,37,90,377,4,8,57
5805,-108,50,90,377,5,10,57
5805,-108,38,90,377,3,9,57
5805,-108,49,90,377,4,10,57
5805,-108,44,90,377,3,10,57
5805,-108,51,90,377,5,10,58
5805,-108,37,90,377,5,9,57
5805,-108,45,90,377,4,10,57
5805,-108,38,90,377,3,9,57
5805,-108,34,90,377,4,10,57
5805,-108,47,90,377,3,11,57
5805,-108,41,90,377,4,9,57
5805,-108,29,90,377,3,9,57
5805,-108,37,90,377,4,9,56
5805,-108,37,90,377,4,9,57
5805,-108,51,90,377,3,13,58
5805,-108,48,90,377,3,9,57
5805,-108,39,90,377,3,9,56
5805,-108,40,90,377,3,10,57
5805,-108,48,90,377,3,9,57
5805,-108,48,90,377,4,9,56
5805,-108,38,90,377,3,11,57
5805,-108,27,90,377,3,9,56
5805,-108,52,90,377,6,8,57
5805,-108,41,90,377,4,9,57
5805,-108,43,90,377,4,9,56
5805,-108,27,90,377,3,9,56
5805,-108,37,90,377,5,9,57
5805,-108,46,90,377,2,8,56
5805,-108,45,90,377,4,10,57
5805,-108,49,90,377,4,8,55
5805,-108,49,90,377,1,9,57
5805,-108,44,90,377,3,10,57
5805,-108,39,90,377,4,8,56
5805,-108,47,90,377,3,9,57
5805,-108,27,90,377,3,9,56
5805,-108,44,90,377,4,9,57
5805,-108,48,90,377,5,10,58
5805,-108,39,90,377,5,9,57
5805,-108,50,90,377,4,10,57
5805,-108,42,90,377,4,10,58
5805,-108,32,90,377,4,9,57
5805,-108,47,90,377,3,8,56
5805,-108,45,90,377,4,9,57
5805,-108,43,90,377,3,7,57
5805,-108,52,90,377,3,9,56
5805,-108,32,90,377,4,9,57
5805,-108,48,90,377,4,9,57
5805,-108,35,90,377,4,10,57
5805,-108,31,90,377,4,8,56
5805,-108,36,90,377,3,9,57
5805,-108,41,90,377,3,9,57
5805,-108,30,90,377,4,8,56
5805,-108,44,90,377,4,9,57
5805,-108,35,90,377,3,9,57
5805,-108,29,90,377,3,7,56
5805,-108,48,90,377,4,10,58
5805,-108,35,90,377,3,10,57
5805,-108,50,90,377,4,9,57
5805,-108,41,90,377,4,10,57
5805,-108,42,90,377,4,9,56
5805,-108,39,90,377,4,10,57
5805,-108,48,90,377,4,8,56
5805,-108,31,90,377,5,8,56
5805,-108,65,90,377,4,10,57
5805,-108,41,90,377,3,9,56
5805,-108,38,90,377,2,9,57
5805,-108,43,90,377,4,11,58
5805,-108,52,90,377,4,10,57
5805,-108,43,90,377,4,9,57
5805,-108,32,90,377,3,10,57
5805,-108,37,90,377,4,9,57
5805,-108,55,90,377,2,10,57
5805,-108,56,90,377,3,10,57
5805,-108,53,90,377,3,10,57
5805,-108,33,90,377,3,10,58
5805,-108,53,90,377,4,8,56
5805,-108,61,90,377,3,11,57
5805,-108,30,90,377,4,9,57
5805,-108,39,90,377,3,9,57
5805,-108,41,90,377,4,10,56
5805,-108,60,90,377,4,11,58
5805,-108,43,90,377,3,10,57
5805,-108,53,90,377,4,12,58
5805,-108,37,90,377,3,10,57
5805,-108,42,90,377,5,8,57
5805,-108,32,90,377,5,9,57
5805,-108,51,90,377,3,10,57
5805,-108,41,90,377,3,9,55
5805,-108,50,90,377,4,10,57
5805,-108,45,90,377,4,11,59
5805,-108,45,90,377,4,9,57
5805,-108,44,90,377,5,8,57
5805,-108,46,90,377,5,10,57
5805,-108,56,90,377,4,9,57
5805,-108,42,90,377,4,9,58
5805,-108,37,90,377,5,9,57
5805,-108,30,90,377,5,10,57
5805,-108,47,90,377,3,11,57
5805,-108,37,90,377,4,9,57
5805,-108,46,90,377,3,9,57
5805,-108,47,90,377,4,10,57
5805,-108,33,90,377,4,9,57
5805,-108,68,90,377,3,10,58
5805,-108,48,90,377,4,8,57
5805,-108,56,90,377,4,10,57
5805,-108,47,90,377,3,7,57
5805,-108,37,90,377,2,10,58
5805,-108,47,90,377,4,10,58
5805,-108,44,90,377,4,10,57
5805,-108,37,90,377,3,11,57
5805,-108,34,90,377,3,11,57
5805,-108,28,90,377,4,9,57
5805,-108,43,90,377,3,10,57
5805,-108,43,90,377,4,11,58
5805,-108,39,90,377,4,9,57
5805,-108,46,90,377,4,10,58
5805,-108,28,89,377,3,9,56
5805,-108,42,90,377,4,9,57
5805,-108,28,90,377,3,9,56
5805,-108,33,90,377,4,10,57
5805,-108,28,90,377,4,9,56
5805,-108,33,90,377,4,9,57
5805,-108,45,90,377,4,9,58
5805,-108,46,90,377,5,9,58
5805,-108,56,90,377,3,7,56
5805,-108,44,90,377,4,9,57
5805,-108,59,90,377,2,11,58
5805,-108,38,90,377,3,9,57
5805,-108,49,90,377,3,10,58
5805,-108,53,90,377,4,8,57
5805,-108,39,90,377,5,10,57
5805,-108,35,90,377,4,9,57
5805,-108,45,90,377,4,8,56
5805,-108,50,90,377,4,10,57
5805,-108,35,90,377,4,10,57
5805,-108,29,90,377,3,10,57
5805,-108,46,90,377,3,10,58
5805,-108,60,90,377,4,9,58
5805,-108,39,90,377,3,9,57
5805,-108,40,90,377,4,10,58
5805,-108,31,90,377,4,10,56
5805,-108,38,90,377,4,10,57
5805,-108,55,90,377,4,9,57
5805,-108,36,90,377,3,8,56
5805,-108,53,90,377,3,10,57
5805,-108,46,90,377,4,8,56
5805,-108,43,90,377,4,10,57
5805,-108,39,90,377,3,11,57
5805,-108,40,90,377,4,12,58
5805,-108,57,90,377,3,8,57
5805,-108,53,90,377,4,10,58
5805,-108,38,90,377,4,9,57
5805,-108,44,90,377,4,11,57
5805,-108,45,90,377,4,10,57
5805,-108,43,90,377,4,8,57
5805,-108,28,90,377,4,8,56
5805,-108,34,90,377,3,9,58
5805,-108,50,90,377,4,7,56
5805,-108,36,90,377,3,8,57
5805,-108,45,90,377,3,11,58
5805,-108,38,90,377,4,10,58
5805,-108,46,90,377,6,8,57
5805,-108,34,90,377,3,9,57
5805,-108,33,90,377,4,7,55
5805,-108,35,90,377,4,10,57
5805,-108,40,90,377,4,9,57
5805,-108,50,90,377,3,8,56
5805,-108,42,90,377,4,10,57
5805,-108,54,90,377,5,9,56
5805,-108,45,90,377,4,10,56
5805,-108,60,90,377,3,9,57
5805,-108,45,90,377,4,10,58
5805,-108,43,90,377,4,5,55
5805,-108,47,90,377,4,9,57
5805,-108,50,90,377,4,9,56
5805,-108,36,90,377,4,10,57
5805,-108,36,90,377,5,9,57
5805,-108,45,90,377,3,9,57
5805,-108,37,90,377,4,10,57
5805,-108,39,90,377,4,10,57
5805,-108,46,90,377,5,10,58
5805,-108,40,90,377,4,9,57
5805,-108,34,90,377,4,9,57
5805,-108,39,90,377,4,10,57
5805,-108,60,90,377,2,10,57
5805,-108,44,90,377,5,11,58
5805,-108,53,90,377,4,9,56
5805,-108,59,90,377,3,10,57
5805,-108,51,90,377,3,10,57
5805,-108,42,90,377,3,8,55
5805,-108,34,90,377,4,9,57
5805,-108,56,90,377,5,9,57
5805,-108,39,90,377,5,11,58
5805,-108,36,90,377,3,9,57
5805,-108,41,90,377,4,9,57
5805,-108,48,90,377,3,9,57
5805,-108,36,90,377,4,10,57
5805,-108,57,90,377,4,10,58
5805,-108,40,90,377,3,8,57
5805,-108,41,90,377,5,9,56
5805,-108,59,90,377,5,10,57
5805,-108,35,90,377,4,10,57
5805,-108,39,90,377,4,9,58
5805,-108,40,90,377,5,10,57
5805,-108,37,90,377,3,10,57
5805,-108,36,90,377,4,10,57
5805,-108,50,90,377,3,12,58
5805,-108,29,90,377,4,10,57
5805,-108,40,89,377,6,10,56
5805,-108,50,90,377,3,10,57
5805,-108,52,90,377,3,8,56
5805,-108,39,90,377,4,9,56
5805,-108,43,89,377,4,10,56
5805,-108,32,90,377,4,10,57
5805,-108,41,90,377,5,8,57
5805,-108,24,90,377,4,8,56
5805,-108,43,90,377,4,9,57
5805,-108,36,90,377,4,9,57
5805,-108,43,90,377,5,9,56
5805,-108,42,90,377,1,10,57
5805,-108,40,90,377,4,10,57
5805,-108,41,90,377,4,10,57
5805,-108,30,90,377,5,9,56
5805,-108,45,90,377,4,9,57
5805,-108,38,90,377,3,8,57
5805,-108,42,90,377,3,9,56
5805,-108,51,90,377,3,9,57
5805,-108,48,90,377,4,9,57
5805,-108,45,90,377,4,9,58
5805,-108,34,90,377,4,11,57
5805,-108,40,90,377,4,9,57
5805,-108,30,90,377,4,7,56
5805,-108,42,90,377,3,8,56
5805,-108,41,90,377,4,11,57
5805,-108,53,90,377,4,10,57
5805,-108,42,90,377,4,10,57
5805,-108,30,90,377,4,8,57
5805,-108,43,90,377,3,11,58
5805,-108,29,90,377,3,11,57
5805,-108,47,90,377,4,9,57
5805,-108,40,90,377,5,10,57
5805,-108,28,90,377,5,10,57
5805,-108,36,90,377,2,9,57
5805,-108,35,90,377,4,8,57
5805,-108,44,90,377,4,9,57
5805,-108,43,90,377,4,10,58
5805,-108,43,90,377,4,9,56
5805,-108,39,90,377,4,9,57
5805,-108,39,90,377,4,9,57
5805,-108,32,90,377,4,10,58
5805,-108,37,90,377,5,10,57
5805,-108,44,90,377,4,9,57
5805,-108,55,90,377,4,9,57
5805,-108,50,90,377,3,9,56
5805,-108,42,89,377,5,8,55
5805,-108,30,90,377,4,9,57
5805,-108,34,90,377,5,11,57
5805,-108,47,90,377,3,9,56
5805,-108,44,90,377,4,8,57
5805,-108,46,90,377,6,10,58
5805,-108,48,90,377,3,10,57
5805,-108,43,90,377,4,9,58
5805,-108,35,90,377,4,9,57
5805,-108,51,90,377,4,9,57
5805,-108,44,90,377,5,10,57
5805,-108,41,90,377,5,9,57
5805,-108,36,90,377,4,8,56
5805,-108,44,90,377,5,8,57
5805,-108,33,90,377,3,9,56
5805,-108,46,90,377,3,9,57
5805,-108,49,90,377,4,8,56
5805,-108,46,90,377,5,10,57
5805,-108,41,90,377,2,10,57
5805,-108,39,90,377,4,9,57
5805,-108,57,90,377,4,9,57
5805,-108,38,90,377,4,8,56
5805,-108,45,90,377,4,10,57
5805,-108,47,90,377,4,9,57
5805,-108,56,90,377,4,8,57
5805,-108,30,90,377,5,8,57
5805,-108,39,90,377,5,10,56
5805,-108,61,90,377,3,10,58
5805,-108,56,90,377,4,9,56
5805,-108,47,90,377,3,10,57
5805,-108,44,90,377,4,9,57
5805,-108,54,90,377,3,10,57
5805,-108,35,90,377,3,10,58
5805,-108,32,89,377,5,9,56
5805,-108,51,90,377,3,9,57
5805,-108,65,90,377,4,10,57
5805,-108,45,90,377,3,7,57
5805,-108,45,90,377,4,8,56
5805,-108,49,90,377,4,8,56
5805,-108,38,90,377,4,9,57
5805,-108,48,90,377,5,9,56
5805,-108,41,90,377,4,10,57
5805,-108,40,90,377,4,9,56
5805,-108,43,90,377,5,7,55
5805,-108,28,90,377,4,13,58
5805,-108,30,90,377,4,8,56
5805,-108,59,90,377,5,9,57
5805,-108,35,90,377,3,9,57
5805,-108,30,90,377,4,9,56
5805,-108,31,90,377,4,11,57
5805,-108,38,90,377,4,10,57
5805,-108,25,90,377,3,10,57
5805,-108,38,90,377,4,10,57
5805,-108,42,89,377,5,9,56
5805,-108,45,90,377,3,9,57
5805,-108,44,90,377,5,10,58
5805,-108,38,90,377,3,12,57
5805,-108,44,90,377,2,8,57
5805,-108,41,90,377,4,10,57
5805,-108,60,90,377,4,10,57
5805,-108,39,90,377,4,8,56
5805,-108,31,89,378,5,9,56
5805,-108,31,90,377,4,7,57
5805,-108,27,90,377,3,9,56
5805,-108,41,90,377,4,8,57
5805,-108,29,90,377,4,10,57
5805,-108,39,90,377,3,9,57
5805,-108,42,90,377,4,9,57
5805,-108,38,90,377,5,10,57
5805,-108,33,90,377,4,8,57
5805,-108,43,90,377,3,11,58
5805,-108,27,89,377,4,10,55
5805,-108,29,90,377,3,11,57
5805,-108,36,90,377,4,8,57
5805,-108,43,90,377,5,10,56
5805,-108,34,90,377,4,8,57
5805,-108,33,90,377,4,9,56
5805,-108,40,90,377,3,8,57
5805,-108,43,90,377,3,10,57
5805,-108,47,90,377,5,9,57
5805,-108,37,90,377,5,9,57
5805,-108,46,90,377,4,11,57
5805,-108,34,90,377,5,9,57
5805,-108,35,90,377,4,9,56
5805,-108,36,90,377,5,9,57
5805,-108,34,90,377,3,9,56
5805,-108,36,90,377,3,9,56
5805,-108,46,90,377,3,9,57
5805,-108,52,90,377,4,13,57
5805,-108,28,90,377,3,10,57
5805,-108,36,90,377,3,9,57
5805,-108,43,90,377,4,10,57
5805,-108,43,90,377,3,11,58
5805,-108,57,90,377,3,9,56
5805,-108,54,90,377,4,8,56
5805,-108,42,90,377,3,10,57
5805,-108,52,90,377,5,11,58
5805,-108,37,90,377,4,8,56
5805,-108,39,90,377,4,10,57
5805,-108,31,90,377,4,11,58
5805,-108,37,90,377,4,8,57
5805,-108,33,90,377,3,10,57
5805,-108,48,90,377,4,9,57
5805,-108,39,90,377,4,9,57
5805,-108,45,90,377,4,10,56
5805,-108,36,90,377,3,10,57
5805,-108,41,90,377,3,10,58
5805,-108,31,90,377,5,10,57
5805,-108,53,90,377,3,9,57
5805,-108,39,90,377,3,9,57
5805,-108,44,90,377,4,10,57
5805,-108,41,90,377,4,11,57
5805,-108,44,90,377,5,10,57
5805,-108,45,90,377,5,9,57
5805,-108,42,90,377,4,8,56
5805,-108,40,90,377,3,9,57
5805,-108,39,90,377,5,10,57
5805,-108,33,90,377,4,9,57
5805,-108,36,90,377,5,9,57
5805,-108,33,90,377,4,9,57
5805,-108,29,90,377,4,7,55
5805,-108,42,90,377,4,8,57
5805,-108,24,90,377,3,11,57
5805,-108,52,90,377,4,10,56
5805,-108,27,90,377,2,9,56
5805,-108,52,90,377,3,9,57
5805,-108,45,90,377,4,10,58
5805,-108,54,90,377,5,11,57
5805,-108,41,90,377,4,10,56
5805,-108,32,90,377,3,9,57
5805,-108,35,90,377,4,11,57
5805,-108,33,90,377,4,10,56
5805,-108,39,90,377,4,9,57
5805,-108,38,90,377,3,9,57
5805,-108,37,90,377,3,10,57
5805,-108,31,90,377,4,10,58
5805,-108,53,90,377,4,7,56
5805,-108,33,90,377,3,9,57
5805,-108,47,90,377,4,11,58
5805,-108,46,90,377,3,10,57
5805,-108,41,90,377,4,10,57
5805,-108,51,90,377,3,9,57
5805,-108,60,90,377,3,10,57
5805,-108,40,90,377,3,12,58
5805,-108,40,90,377,3,9,57
5805,-108,26,90,377,5,9,56
5805,-108,39,90,377,3,10,57
5805,-108,59,90,377,4,8,58
5805,-108,45,90,377,5,8,57
5805,-108,33,90,377,4,9,57
5805,-108,36,90,377,4,11,58
5805,-108,32,90,377,5,10,56
5805,-108,43,90,377,4,9,57
5805,-108,49,90,377,3,8,56
5805,-108,53,90,377,4,8,56
5805,-108,35,90,377,3,11,57
5805,-108,49,90,377,4,8,57
5805,-108,37,90,377,3,8,56
5805,-108,48,90,377,4,8,57
5805,-108,39,90,377,3,8,56
5805,-108,38,89,378,5,9,56
5805,-108,54,90,377,4,9,57
5805,-108,39,90,377,4,11,57
5805,-108,38,90,377,4,10,57
5805,-108,44,90,377,4,8,57
5805,-108,31,90,377,3,10,57
5805,-108,47,90,377,4,9,58
5805,-108,53,90,377,4,10,58
5805,-108,32,90,377,3,10,57
5805,-108,55,90,377,4,10,57
5805,-108,42,90,377,4,10,57
5805,-108,40,90,377,4,9,57
5805,-108,47,90,377,5,10,57
5805,-108,32,90,377,4,10,57
5805,-108,53,90,377,3,9,57
5805,-108,43,90,377,4,9,57
5805,-108,39,90,377,4,9,57
5805,-108,42,90,377,5,8,56
5805,-108,34,90,377,3,11,57
5805,-108,32,90,377,3,11,58
5805,-108,30,90,377,3,9,57
5805,-108,52,90,377,4,9,57
5805,-108,45,90,377,3,9,57
5805,-108,52,90,377,3,8,57
5805,-108,40,90,377,3,9,57
5805,-108,41,90,377,4,8,56
5805,-108,27,90,377,4,9,57
5805,-108,45,90,377,4,12,57
5805,-108,34,90,377,3,9,57
5805,-108,45,90,377,4,9,57
5805,-108,49,89,377,4,10,57
5805,-108,44,90,377,5,9,58
5805,-108,38,90,377,3,9,57
5805,-108,43,90,377,3,11,57
5805,-108,39,90,377,5,10,57
5805,-108,39,90,377,5,10,57
5805,-108,49,90,377,2,6,56
5805,-108,31,90,377,5,7,56
5805,-108,39,90,377,4,9,56
5805,-108,38,90,377,4,8,56
5805,-108,49,90,377,4,11,57
5805,-108,33,90,377,3,8,56
5805,-108,33,90,377,4,8,56
5805,-108,30,90,377,4,10,57
5805,-108,59,90,377,4,10,57
5805,-108,39,90,377,3,9,57
5805,-108,40,90,377,4,9,57
5805,-108,33,90,377,3,11,58
5805,-108,25,90,377,3,10,56
5805,-108,36,90,377,4,7,56
5805,-108,32,90,377,3,9,56
5805,-108,42,90,377,4,9,57
5805,-108,51,90,377,4,10,57
5805,-108,48,90,377,3,9,57
5805,-108,28,90,377,2,10,57
5805,-108,37,90,377,3,11,57
5805,-108,47,90,377,2,8,55
5805,-108,31,90,377,4,11,57
5805,-108,45,90,377,3,9,57
5805,-108,50,90,377,3,9,56
5805,-108,51,90,377,4,10,58
5805,-108,49,90,377,5,8,56
5805,-108,37,90,377,2,10,57
5805,-108,33,90,377,4,9,57
5805,-108,40,90,377,4,8,56
5805,-108,33,90,377,3,8,56
5805,-108,55,90,377,5,10,58
5805,-108,54,90,377,3,8,56
5805,-108,49,90,377,3,8,57
5805,-108,45,90,377,2,9,57
5805,-108,42,90,377,4,9,57
5805,-108,49,90,377,4,11,57
5805,-108,41,90,377,3,12,58
5805,-108,59,90,377,3,11,58
5805,-108,62,90,377,5,10,58
5805,-108,46,90,377,4,11,57
5805,-108,52,90,377,3,12,58
5805,-108,40,90,377,4,9,57
5805,-108,46,90,377,3,9,56
5805,-108,36,90,377,4,10,58
5805,-108,37,90,377,4,10,58
5805,-108,40,90,377,2,10,57
5805,-108,40,90,377,4,11,57
5805,-108,36,90,377,4,9,57
5805,-108,42,90,377,3,9,57
5805,-108,34,90,377,4,9,58
5805,-108,37,90,377,3,10,57
5805,-108,41,90,377,4,11,57
5805,-108,40,90,377,4,8,57
5805,-108,37,90,377,3,9,57
5805,-108,45,90,377,5,9,57
5805,-108,41,90,377,3,10,58
5805,-108,42,90,377,4,9,57
5805,-108,52,90,377,4,10,57
5805,-108,36,90,377,3,9,57
5805,-108,40,90,377,4,8,56
5805,-108,52,90,377,4,10,57
5805,-108,41,90,377,3,11,57
5805,-108,46,90,377,4,9,56
5805,-108,54,90,377,4,10,57
5805,-108,34,90,377,4,9,57
5805,-108,33,90,377,5,9,57
5805,-108,27,90,377,3,11,57
5805,-108,37,90,377,4,9,57
5805,-108,32,90,377,5,10,57
5805,-108,34,90,377,4,10,56
5805,-108,44,89,377,2,9,56
5805,-108,41,90,377,5,9,57
5805,-108,42,90,377,4,8,56
5805,-108,33,90,377,5,11,57
5805,-108,39,90,377,4,9,57
5805,-108,35,90,377,4,9,57
5805,-108,44,90,377,4,9,57
5805,-108,55,90,377,4,9,58
5805,-108,31,90,377,2,9,56
5805,-108,60,90,377,5,11,57
5805,-108,45,90,377,4,10,57
5805,-108,39,90,377,4,10,57
5805,-108,38,90,377,4,8,56
5805,-108,40,90,377,3,10,57
5805,-108,38,90,377,3,9,57
5805,-108,28,90,377,4,11,57
5805,-108,34,90,377,4,10,57
5805,-108,33,90,377,2,9,57
5805,-108,33,90,377,4,9,57
5805,-108,34,89,377,4,8,55
5805,-108,39,90,377,4,7,56
5805,-108,52,90,377,4,10,57
5805,-108,37,90,377,4,10,58
5805,-108,39,90,377,4,11,57
5805,-108,51,90,377,4,9,57
5805,-108,40,90,377,3,8,56
5805,-108,46,90,377,4,9,56
5805,-108,54,90,377,4,10,57
5805,-108,40,90,377,4,7,56
5805,-108,37,90,377,3,9,56
5805,-108,42,90,377,4,8,56
5805,-108,71,90,377,5,8,57
5805,-108,44,90,377,4,9,57
5805,-108,60,90,377,3,9,57
5805,-108,59,90,377,4,10,57
5805,-108,32,90,377,4,8,55
5805,-108,29,90,377,4,9,57
5805,-108,58,90,377,3,10,57
5805,-108,54,90,377,3,10,57
5805,-108,52,90,377,4,10,57
5805,-108,70,90,377,4,11,58
5805,-108,37,90,377,3,9,57
5805,-108,29,90,377,4,10,57
5805,-108,25,90,377,5,10,57
5805,-108,38,90,377,5,11,57
5805,-108,29,90,377,4,10,57
5805,-108,36,90,377,4,9,57
5805,-108,67,90,377,4,9,58
5805,-108,40,90,377,4,9,57
5805,-108,26,90,377,3,9,57
5805,-108,45,90,377,4,10,58
5805,-108,41,90,377,4,10,57
5805,-108,54,90,377,4,10,57
5805,-108,42,90,377,2,9,57
5805,-108,30,90,377,4,9,56
5805,-108,38,90,377,3,10,57
5805,-108,57,90,377,4,11,57
5805,-108,50,90,377,4,10,58
5805,-108,57,90,377,3,9,57
5805,-108,47,90,377,3,11,57
5805,-108,30,90,377,3,10,57
5805,-108,65,90,377,3,10,57
5805,-108,49,90,377,3,9,57
5805,-108,48,90,377,4,9,56
5805,-108,31,90,377,3,11,57
5805,-108,50,90,377,5,10,57
5805,-108,42,90,377,3,9,57
5805,-108,42,90,377,2,9,57
5805,-108,27,90,377,4,10,57
5805,-108,33,90,377,4,9,57
5805,-108,46,90,377,3,10,58
5805,-108,30,90,377,3,9,57
5805,-108,43,90,377,3,10,58
5805,-108,29,90,377,3,9,57
5805,-108,40,90,377,4,10,57
5805,-108,30,90,377,5,10,57
5805,-108,50,90,377,5,9,57
5805,-108,33,90,377,4,8,56
5805,-108,40,90,377,4,8,57
5805,-108,55,90,377,4,10,56
5805,-108,39,90,377,4,9,57
5805,-108,46,90,377,3,10,58
5805,-108,47,90,377,3,10,58
5805,-108,40,90,377,4,9,56
5805,-108,42,90,377,3,9,57
5805,-108,43,90,377,4,11,57
5805,-108,32,90,377,5,8,56
5805,-108,44,90,377,3,12,57
5805,-108,27,90,377,3,10,56
5805,-108,41,90,377,4,10,57
5805,-108,52,89,377,5,9,56
5805,-108,39,90,377,3,9,57
5805,-108,56,90,377,3,10,57
5805,-108,42,90,377,4,11,57
5805,-108,37,90,377,4,10,57
5805,-108,48,90,377,6,10,57
5805,-108,32,90,377,5,9,57
5805,-108,24,90,377,3,11,57
5805,-108,34,90,377,4,9,56
5805,-108,45,90,377,3,11,58
5805,-108,33,90,377,4,10,57
5805,-108,32,90,377,4,9,56
5805,-108,47,90,377,2,10,58
5805,-108,44,90,377,3,10,57
5805,-108,54,90,377,5,8,57
5805,-108,42,90,377,3,10,57
5805,-108,37,90,377,5,7,56
5805,-108,44,90,377,4,9,57
5805,-108,39,90,377,4,10,57
5805,-108,37,90,377,4,8,56
5805,-108,32,90,377,4,8,56
5805,-108,59,90,377,5,9,57
5805,-108,44,90,377,2,11,57
5805,-108,40,90,377,4,9,56
5805,-108,38,90,377,4,9,57
5805,-108,43,90,377,4,8,57
5805,-108,34,90,377,4,10,57
5805,-108,59,90,377,4,10,57
5805,-108,35,90,377,4,8,56
5805,-108,29,90,377,3,8,56
5805,-108,52,90,377,4,10,57
5805,-108,51,90,377,4,9,57
5805,-108,43,90,377,4,10,57
5805,-108,51,90,377,3,11,57
5805,-108,54,90,377,3,8,56
5805,-108,47,90,377,4,10,57
5805,-108,33,90,377,3,8,56
5805,-108,29,90,377,4,11,57
5805,-108,60,90,377,2,9,57
5805,-108,30,90,377,5,9,56
5805,-108,48,90,377,4,11,57
5805,-108,51,90,377,3,10,57
5805,-108,44,90,377,4,11,57
5805,-108,48,90,377,3,10,58
5805,-108,38,90,377,2,10,57
5805,-108,44,90,377,4,9,57
5805,-108,41,90,377,3,9,57
5805,-108,47,90,377,3,9,57
5805,-108,41,90,377,3,11,57
5805,-108,52,90,377,3,9,57
5805,-108,57,89,377,4,9,56
5805,-108,42,90,377,4,11,57
5805,-108,37,90,377,5,9,57
5805,-108,51,90,377,1,10,58
5805,-108,32,90,377,4,9,57
5805,-108,53,90,377,4,12,57
5805,-108,44,90,377,3,11,58
5805,-108,39,90,377,3,12,58
5805,-108,43,90,377,3,9,57
5805,-108,56,90,377,2,10,57
5805,-108,53,90,377,4,10,57
5805,-108,45,90,377,3,10,57
5805,-108,57,90,377,4,10,58
5805,-108,38,90,377,5,9,57
5805,-108,31,90,377,3,8,56
5805,-108,48,90,377,4,11,57
5805,-108,49,90,377,5,10,57
5805,-108,45,90,377,3,9,56
5805,-108,37,90,377,4,9,56
5805,-108,39,90,377,4,11,57
5805,-108,31,90,377,4,9,57
5805,-108,46,90,377,4,10,57
5805,-108,37,90,377,5,10,57
5805,-108,59,90,377,3,10,57
5805,-108,53,90,377,4,9,57
5805,-108,46,90,377,3,8,57
5805,-108,40,90,377,4,10,57
5805,-108,33,90,377,3,10,57
5805,-108,45,90,377,3,10,57
5805,-108,51,90,377,3,10,57
5805,-108,56,90,377,3,9,57
5805,-108,32,90,377,5,9,57
5805,-108,33,90,377,3,10,56
5805,-108,36,90,377,3,10,57
5805,-108,49,90,377,5,8,56
5805,-108,56,90,377,3,9,56
5805,-108,50,90,377,4,11,57
5805,-108,40,90,377,3,8,56
5805,-108,36,90,377,3,9,57
5805,-108,33,90,377,4,10,58
5805,-108,42,90,377,3,12,57
5805,-108,44,90,377,4,10,57
5805,-108,50,90,377,3,8,56
5805,-108,48,90,377,3,9,56
5805,-108,39,90,377,3,9,57
5805,-108,40,90,377,4,9,57
5805,-108,44,90,377,4,10,58
5805,-108,48,89,377,3,9,56
5805,-108,58,90,377,5,9,57
5805,-108,58,90,377,3,10,57
5805,-108,51,90,377,4,11,58
5805,-108,48,90,377,5,8,57
5805,-108,36,90,377,3,9,56
5805,-108,35,90,377,3,10,58
5805,-108,58,90,377,4,11,58
5805,-108,63,90,377,3,9,57
5805,-108,51,90,377,4,9,57
5805,-108,30,90,377,4,8,57
5805,-108,33,90,377,4,10,57
5805,-108,39,90,377,3,10,57
5805,-108,33,90,377,4,9,57
5805,-108,60,90,377,4,10,58
5805,-108,52,90,377,2,9,57
5805,-108,59,90,377,4,11,57
5805,-108,46,90,377,5,9,57
5805,-108,58,90,377,2,9,58
5805,-108,54,90,377,4,11,57
5805,-108,34,90,377,3,10,57
5805,-108,52,90,377,4,9,57
5805,-108,45,90,377,5,9,58
5805,-108,60,90,377,3,8,57
5805,-108,57,90,377,5,9,57
5805,-108,30,90,377,5,9,57
5805,-108,33,90,377,4,10,58
5805,-108,45,90,377,2,10,57
5805,-108,52,90,377,4,9,57
5805,-108,32,90,377,3,10,57
5805,-108,40,90,377,5,8,56
5805,-108,60,90,377,4,9,57
5805,-108,38,90,377,4,11,57
5805,-108,42,90,377,3,9,58
5805,-108,32,90,377,4,10,57
5805,-108,31,90,377,4,11,57
5805,-108,41,90,377,4,9,57
5805,-108,46,90,377,3,10,57
5805,-108,55,90,377,4,10,58
5805,-108,46,90,377,4,10,57
5805,-108,44,90,377,4,9,57
5805,-108,68,90,377,5,11,57
5805,-108,38,90,377,3,8,57
5805,-108,52,90,377,5,10,57
5805,-108,39,90,377,4,10,56
5805,-108,46,89,377,6,11,57
5805,-108,48,90,377,4,9,57
5805,-108,43,90,377,3,10,57
5805,-108,44,90,377,4,9,57
5805,-108,59,90,377,4,9,57
5805,-108,43,90,377,4,10,57
5805,-108,49,90,377,3,9,56
5805,-108,48,90,377,3,9,57
5805,-108,35,90,377,3,10,58
5805,-108,41,90,377,5,10,57
5805,-108,44,90,377,5,10,57
5805,-108,59,90,377,4,8,57
5805,-108,54,90,377,3,10,57
5805,-108,36,90,377,3,9,57
5805,-108,47,90,377,3,11,58
5805,-108,38,90,377,4,9,57
5805,-108,38,90,377,3,9,57
5805,-108,44,90,377,4,10,57
5805,-108,48,89,377,4,8,56
5805,-108,47,90,377,4,9,58
5805,-108,51,90,377,3,9,57
5805,-108,32,90,377,4,9,57
5805,-108,38,90,377,3,8,56
5805,-108,35,90,377,4,9,57
5805,-108,34,90,377,4,9,56
5805,-108,52,90,377,4,8,57
5805,-108,41,90,377,3,11,58
5805,-108,40,90,377,4,10,56
5805,-108,45,90,377,4,8,56
5805,-108,50,90,377,5,8,57
5805,-108,39,90,377,2,9,56
5805,-108,42,90,377,3,10,57
5805,-108,34,90,377,4,9,57
5805,-108,44,90,377,3,9,57
5805,-108,57,90,377,4,9,57
5805,-108,47,90,377,5,8,57
5805,-108,33,90,377,4,9,56
5805,-108,39,90,377,4,8,56
5805,-108,49,90,377,4,9,56
5805,-108,43,90,377,4,11,57
5805,-108,40,90,377,3,10,56
5805,-108,47,90,377,4,9,57
5805,-108,34,90,377,3,9,57
5805,-108,29,90,377,4,10,57
5805,-108,48,90,377,2,10,57
5805,-108,42,90,377,3,9,57
5805,-108,41,90,377,3,9,57
5805,-108,36,90,377,3,9,56
5805,-108,52,90,377,4,8,57
5805,-108,59,90,377,4,10,57
5805,-108,50,90,377,3,9,57
5805,-108,43,90,377,3,9,57
5805,-108,49,90,377,4,10,57
5805,-108,51,90,377,4,10,58
5805,-108,50,90,377,4,8,57
5805,-108,46,90,377,4,10,57
5805,-108,44,90,377,4,10,58
5805,-108,38,90,377,3,9,57
5805,-108,31,90,377,5,7,56
5805,-108,47,90,377,4,8,56
5805,-108,32,90,377,2,8,57
5805,-108,49,90,377,3,9,56
5805,-108,35,90,377,3,9,56
5805,-108,35,90,377,4,11,57
5805,-108,49,90,377,3,11,58
5805,-108,58,90,377,3,10,58
5805,-108,59,90,377,5,9,57
5805,-108,49,90,377,5,12,57
5805,-108,61,90,377,4,11,58
5805,-108,47,90,377,4,8,56
5805,-108,39,90,377,4,10,56
5805,-108,30,90,377,4,8,56
5805,-108,32,90,377,3,9,57
5805,-108,40,90,377,3,9,57
5805,-108,65,90,377,4,8,57
5805,-108,58,90,377,4,10,57
5805,-108,52,90,377,2,12,58
5805,-108,39,90,377,2,11,58
5805,-108,49,90,377,2,9,57
5805,-108,49,90,377,3,11,57
5805,-108,42,90,377,3,10,57
5805,-108,42,90,377,3,10,57
5805,-108,57,90,377,4,9,57
5805,-108,41,90,377,4,9,57
5805,-108,42,90,377,4,9,57
5805,-108,53,90,377,4,9,57
5805,-108,42,90,377,5,9,57
5805,-108,43,90,377,4,10,57
5805,-108,41,90,377,4,9,57
5805,-108,45,90,377,4,11,58
5805,-108,39,90,377,4,9,57
5805,-108,37,90,377,4,10,57
5805,-108,55,90,377,5,9,56
5805,-108,43,90,377,4,10,57
5805,-108,34,89,377,4,9,56
5805,-108,63,90,377,5,11,58
5805,-108,45,90,377,3,9,58
5805,-108,53,90,377,4,9,57
5805,-108,57,90,377,5,11,58
5805,-108,54,90,377,4,9,57
5805,-108,32,90,377,4,10,57
5805,-108,43,90,377,4,9,57
5805,-108,33,90,377,4,6,56
5805,-108,46,90,377,3,10,57
5805,-108,42,90,377,5,10,57
5805,-108,33,89,377,5,11,56
5805,-108,46,90,377,3,9,57
5805,-108,52,90,377,4,8,57
5805,-108,31,90,377,4,8,56
5805,-108,58,90,377,4,11,57
5805,-108,45,90,377,4,10,57
5805,-108,45,90,377,3,10,58
5805,-108,56,90,377,4,10,57
5805,-108,67,90,377,4,9,58
5805,-108,61,90,377,3,8,57
5805,-108,43,90,377,4,9,56
5805,-108,36,90,377,4,8,56
5805,-108,50,90,377,4,9,56
5805,-108,55,90,377,4,9,57
5805,-108,44,90,377,5,9,57
5805,-108,46,90,377,4,9,57
5805,-108,51,90,377,4,10,58
5805,-108,48,90,377,4,10,57
5805,-108,50,90,377,4,9,58
5805,-108,41,90,377,2,9,57
5805,-108,34,90,377,3,9,58
5805,-108,50,90,377,3,9,57
5805,-108,52,90,377,4,10,57
5805,-108,28,90,377,4,9,57
5805,-108,33,90,377,4,10,58
5805,-108,45,90,377,4,10,57
5805,-108,46,90,377,4,9,57
5805,-108,52,90,377,4,11,58
5805,-108,43,90,377,4,8,56
5805,-108,55,90,377,5,9,58
5805,-108,48,90,377,3,9,57
5805,-108,33,90,377,4,10,57
5805,-108,39,90,377,5,10,57
5805,-108,44,90,377,4,9,56
5805,-108,41,90,377,4,10,57
5805,-108,29,90,377,4,10,57
5805,-108,54,90,377,4,9,57
5805,-108,46,90,377,4,9,57
5805,-108,38,90,377,3,9,57
5805,-108,44,90,377,4,8,57
5805,-108,57,90,377,4,8,56
5805,-108,42,90,377,4,11,57
5805,-108,36,90,377,4,9,57
5805,-108,53,90,377,4,8,56
5805,-108,48,90,377,5,9,57
5805,-108,39,90,377,5,10,57
5805,-108,43,90,377,3,8,56
5805,-108,33,90,377,4,10,56
5805,-108,52,90,377,5,11,57
5805,-108,45,90,377,4,8,56
5805,-108,31,90,377,5,8,57
5805,-108,40,90,377,3,9,57
5805,-108,47,90,377,4,9,57
5805,-108,32,90,377,5,7,55
5805,-108,52,90,377,4,10,56
5805,-108,50,90,377,5,9,58
5805,-108,33,90,377,3,10,57
5805,-108,57,90,377,4,9,57
5805,-108,45,90,377,4,11,57
5805,-108,47,90,377,3,9,57
5805,-108,41,90,377,4,10,58
5805,-108,44,90,377,5,10,58
5805,-108,47,90,377,4,9,56
5805,-108,43,90,377,5,9,58
5805,-108,32,90,377,4,9,57
5805,-108,51,90,377,4,8,57
5805,-108,55,90,377,6,9,57
5805,-108,46,90,377,4,12,58
5805,-108,44,90,377,5,8,56
5805,-108,38,90,377,4,9,57
5805,-108,51,90,377,4,7,56
5805,-108,37,90,377,3,9,57
5805,-108,39,90,377,2,8,57
5805,-108,42,90,377,4,9,58
5805,-108,34,90,377,4,10,58
5805,-108,32,90,377,4,8,56
5805,-108,47,90,377,4,10,57
5805,-108,38,90,377,4,11,57
5805,-108,42,90,377,4,9,57
5805,-108,40,90,377,4,9,57
5805,-108,45,90,377,4,9,57
5805,-108,36,90,377,3,9,55
5805,-108,28,90,377,4,11,57
5805,-108,44,90,377,5,10,57
5805,-108,44,90,377,4,9,57
5805,-108,50,90,377,3,9,57
5805,-108,37,90,377,4,11,57
5805,-108,51,90,377,3,9,57
5805,-108,32,89,377,5,9,56
5805,-108,39,90,377,4,8,56
5805,-108,48,90,377,4,8,58
5805,-108,51,90,377,3,10,57
5805,-108,34,90,377,4,9,57
5805,-108,46,90,377,3,9,58
5805,-108,42,90,377,4,11,57
5805,-108,37,90,377,3,9,56
5805,-108,34,89,377,4,8,55
5805,-108,36,90,377,4,10,57
5805,-108,34,90,377,5,10,58
5805,-108,43,90,377,5,10,57
5805,-108,39,89,377,5,9,56
5805,-108,42,90,377,4,10,57
5805,-108,47,90,377,4,8,57
5805,-108,40,90,377,4,11,57
5805,-108,33,90,377,3,9,56
5805,-108,30,90,377,4,10,58
5805,-108,49,90,377,4,8,57
5805,-108,38,90,377,4,8,57
5805,-108,56,90,377,4,12,58
5805,-108,47,90,377,5,10,57
5805,-108,47,90,377,3,10,57
5805,-108,33,90,377,3,8,57
5805,-108,39,90,377,4,11,57
5805,-108,59,90,377,4,10,57
5805,-108,52,90,377,3,10,57
5805,-108,39,90,377,5,10,57
5805,-108,46,90,377,4,10,57
5805,-108,45,90,377,4,9,57
5805,-108,49,90,377,2,9,57
5805,-108,28,90,377,2,9,56
5805,-108,37,90,377,2,9,56
5805,-108,60,90,377,3,9,57
5805,-108,43,90,377,5,11,58
5805,-108,47,90,377,4,10,57
5805,-108,50,90,377,3,11,57
5805,-108,35,90,377,3,7,56
5805,-108,33,90,377,6,10,58
5805,-108,38,90,377,4,10,58
5805,-108,47,90,377,4,9,57
5805,-108,39,90,377,3,11,57
5805,-108,48,90,377,3,10,58
5805,-108,47,90,377,4,9,58
5805,-108,36,90,377,3,9,57
5805,-108,38,90,377,3,10,57
5805,-108,34,90,377,3,8,56
5805,-108,45,90,377,4,10,57
5805,-108,38,90,377,3,9,57
5805,-108,43,90,377,3,9,57
5805,-108,44,90,377,5,11,58
5805,-108,42,90,377,4,9,57
5805,-108,47,90,377,4,8,57
5805,-108,42,90,377,3,11,57
5805,-108,48,90,377,3,8,56
5805,-108,49,90,377,4,10,57
5805,-108,35,90,377,3,10,57
5805,-108,45,90,377,4,11,57
5805,-108,38,90,377,5,10,57
5805,-108,36,90,377,3,11,57
5805,-108,38,90,377,3,10,57
5805,-108,38,90,377,4,10,57
5805,-108,31,90,377,5,10,57
5805,-108,39,90,377,5,8,57
5805,-108,40,90,377,6,10,57
5805,-108,45,90,377,4,9,57
5805,-108,44,90,377,6,9,57
5805,-108,52,90,377,3,11,58
5805,-108,35,90,377,3,8,56
5805,-108,55,90,377,4,10,57
5805,-108,40,90,377,4,9,56
5805,-108,38,90,377,4,11,57
5805,-108,37,90,377,4,11,57
5805,-108,39,90,377,4,10,57
5805,-108,43,90,377,4,9,57
5805,-108,71,90,377,3,9,57
5805,-108,43,90,377,6,10,57
5805,-108,31,90,377,4,10,58
5805,-108,42,90,377,3,10,57
5805,-108,39,90,377,4,11,57
5805,-108,48,90,377,3,11,57
5805,-108,53,90,377,2,10,58
5805,-108,46,90,377,4,11,58
5805,-108,36,90,377,4,11,57
5805,-108,50,90,377,4,10,58
5805,-108,37,90,377,6,7,56
5805,-108,36,90,377,4,11,57
5805,-108,42,90,377,2,9,57
5805,-108,60,90,377,4,9,57
5805,-108,55,90,377,3,9,57
5805,-108,46,90,377,4,10,57
5805,-108,41,90,377,4,8,56
5805,-108,52,90,377,3,10,56
5805,-108,46,90,377,4,9,57
5805,-108,46,90,377,4,11,57
5805,-108,35,90,377,4,9,57
5805,-108,45,90,377,3,10,57
5805,-108,43,90,377,4,10,57
5805,-108,42,90,377,4,9,57
5805,-108,45,90,377,3,8,56
5805,-108,39,90,377,4,9,57
5805,-108,52,90,377,4,10,57
5805,-108,32,90,377,5,10,57
5805,-108,56,90,377,4,8,57
5805,-108,33,90,377,5,9,57
5805,-108,33,90,377,3,10,58
5805,-108,44,90,377,5,10,57
5805,-108,39,90,377,4,8,57
5805,-108,41,90,377,4,9,56
5805,-108,34,90,377,4,10,57
5805,-108,42,90,377,3,9,56
5805,-108,53,90,377,3,10,58
5805,-108,35,90,377,4,11,57
5805,-108,42,90,377,3,7,56
5805,-108,52,90,377,3,7,57
5805,-108,38,89,377,4,10,56
5805,-108,53,90,377,5,9,57
5805,-108,40,90,377,4,9,57
5805,-108,49,90,377,4,8,56
5805,-108,37,90,377,4,8,57
5805,-108,70,90,377,2,9,57
5805,-108,40,90,377,4,9,57
5805,-108,52,90,377,4,9,57
5805,-108,49,90,377,3,9,57
5805,-108,49,90,377,4,10,58
5805,-108,32,90,377,5,10,58
5805,-108,37,89,378,5,9,56
5805,-108,42,90,377,3,10,57
5805,-108,39,90,377,4,8,57
5805,-108,43,90,377,4,8,56
5805,-108,44,90,377,4,10,57
5805,-108,48,90,377,4,10,57
5805,-108,64,90,377,3,10,58
5805,-108,41,90,377,5,8,57
5805,-108,51,90,377,3,10,57
5805,-108,32,90,377,5,9,56
5805,-108,68,90,377,4,11,59
5805,-108,34,90,377,4,10,58
5805,-108,38,90,377,4,9,58
5805,-108,36,90,377,4,8,55
5805,-108,67,90,377,3,9,57
5805,-108,45,90,377,5,8,56
5805,-108,63,90,377,3,9,57
5805,-108,28,89,377,5,9,55
5805,-108,38,90,377,3,8,56
5805,-108,39,90,377,3,8,57
5805,-108,39,90,377,4,10,57
5805,-108,47,90,377,3,9,57
5805,-108,46,90,377,3,9,57
5805,-108,45,90,377,3,7,56
5805,-108,42,90,377,4,10,56
5805,-108,44,90,377,3,9,56
5805,-108,49,90,377,5,10,58
5805,-108,60,90,377,4,8,56
5805,-108,36,90,377,3,10,57
5805,-108,44,90,377,5,10,58
5805,-108,31,90,377,4,10,57
5805,-108,35,90,377,2,7,56
5805,-108,45,90,377,3,9,57
5805,-108,56,90,377,3,10,58
5805,-108,36,90,377,3,9,57
5805,-108,44,90,377,4,10,58
5805,-108,27,90,377,4,10,57
5805,-108,31,90,377,4,8,55
5805,-108,32,90,377,3,11,57
5805,-108,43,90,377,4,8,56
5805,-108,32,90,377,5,7,56
5805,-108,31,90,377,4,10,57
5805,-108,37,90,377,4,10,57
5805,-108,51,90,377,4,9,57
5805,-108,34,90,377,3,10,57
5805,-108,32,90,377,3,9,57
5805,-108,34,90,377,4,10,57
5805,-108,51,90,377,4,9,57
5805,-108,32,90,377,3,10,58
5805,-108,40,90,377,3,7,55
5805,-108,32,90,377,4,10,57
5805,-108,47,90,377,3,10,57
5805,-108,36,90,377,3,9,57
5805,-108,40,90,377,3,10,57
5805,-108,57,90,377,3,10,57
5805,-108,37,90,377,4,7,56
5805,-108,66,90,377,3,9,57
5805,-108,48,90,377,4,9,57
5805,-108,58,90,377,3,10,58
5805,-108,30,90,377,4,10,57
5805,-108,35,90,377,4,11,58
5805,-108,35,90,377,4,10,57
5805,-108,54,90,377,4,9,57
5805,-108,26,90,377,5,8,56
5805,-108,53,90,377,4,11,57
5805,-108,41,90,377,4,9,57
5805,-108,53,90,377,5,9,57
5805,-108,41,90,377,4,8,57
5805,-108,42,90,377,5,8,57
5805,-108,42,90,377,4,9,57
5805,-108,37,90,377,4,9,57
5805,-108,44,90,377,6,9,56
5805,-108,30,90,377,4,10,57
5805,-108,58,90,377,4,10,57
5805,-108,37,90,377,4,9,57
5805,-108,42,90,377,4,10,57
5805,-108,46,90,377,4,8,56
5805,-108,50,90,377,3,10,57
5805,-108,49,90,377,3,12,57
5805,-108,38,90,377,4,10,58
5805,-108,74,90,377,4,9,57
5805,-108,56,90,377,5,9,57
5805,-108,35,90,377,4,9,56
5805,-108,41,90,377,4,8,56
5805,-108,34,90,377,4,9,57
5805,-108,51,90,377,3,10,57
5805,-108,57,90,377,4,9,57
5805,-108,41,90,377,3,9,57
5805,-108,45,90,377,3,10,57
5805,-108,43,90,377,5,10,57
5805,-108,52,90,377,4,9,57
5805,-108,58,90,377,3,9,57
5805,-108,32,90,377,3,10,58
5805,-108,48,90,377,3,8,57
5805,-108,40,90,377,2,9,57
5805,-108,33,90,377,4,9,56
5805,-108,36,90,377,5,10,57
5805,-108,42,90,377,5,9,57
5805,-108,48,90,377,5,9,57
5805,-108,48,90,377,5,8,57
5805,-108,42,90,377,3,8,56
5805,-108,45,90,377,5,11,57
5805,-108,33,90,377,5,11,58
5805,-108,57,90,377,5,10,58
5805,-108,31,90,377,4,9,57
5805,-108,28,90,377,4,10,57
5805,-108,49,90,377,5,8,56
5805,-108,50,90,377,2,9,57
5805,-108,47,90,377,3,11,58
5805,-108,42,90,377,5,9,57
5805,-108,39,90,377,3,11,58
5805,-108,55,90,377,4,8,57
5805,-108,42,90,377,4,9,57
5805,-108,29,90,377,3,10,56
5805,-108,37,90,377,3,9,57
5805,-108,55,90,377,3,8,57
5805,-108,45,90,377,4,8,57
5805,-108,56,90,377,3,9,57
5805,-108,59,90,377,5,9,58
5805,-108,40,90,377,4,10,56
5805,-108,32,90,377,4,7,56
5805,-108,28,90,377,4,10,57
5805,-108,32,89,377,4,10,55
5805,-108,40,90,377,4,10,58
5805,-108,41,90,377,3,11,56
5805,-108,30,90,377,5,10,57
5805,-108,60,90,377,4,9,57
5805,-108,35,90,377,3,9,57
5805,-108,32,90,377,4,8,57
5805,-108,41,90,377,4,9,57
5805,-108,48,90,377,4,10,57
5805,-108,43,90,377,3,9,57
5805,-108,46,90,377,3,9,57
5805,-108,57,90,377,2,11,57
5805,-108,48,90,377,4,10,57
5805,-108,37,90,377,5,10,57
5805,-108,38,90,377,4,10,57
5805,-108,28,90,377,4,10,57
5805,-108,43,90,377,2,10,57
5805,-108,55,90,377,3,8,57
5805,-108,31,90,377,5,8,56
5805,-108,40,90,377,2,11,58
5805,-108,51,90,377,4,9,57
5805,-108,45,90,377,3,9,57
5805,-108,40,90,377,4,10,57
5805,-108,43,90,377,5,9,57
5805,-108,47,90,377,4,9,57
5805,-108,39,90,377,4,10,59
5805,-108,39,90,377,4,9,57
5805,-108,48,90,377,3,9,57
5805,-108,47,89,377,5,9,57
5805,-108,49,90,377,2,8,57
5805,-108,60,90,377,4,8,57
5805,-108,59,90,377,5,10,58
5805,-108,47,90,377,4,8,57
5805,-108,52,90,377,4,10,58
5805,-108,47,90,377,3,8,57
5805,-108,29,90,377,3,8,56
5805,-108,55,90,377,5,9,57
5805,-108,39,90,377,2,9,56
5805,-108,55,90,377,5,9,55
5805,-108,67,90,377,3,9,57
5805,-108,62,90,377,3,11,56
5805,-108,54,90,377,3,10,57
5805,-108,41,90,377,4,11,57
5805,-108,29,90,377,2,10,57
5805,-108,41,90,377,4,9,57
5805,-108,64,90,377,3,10,58
5805,-108,31,90,377,5,9,56
5805,-108,38,90,377,4,8,57
5805,-108,46,89,377,4,8,56
5805,-108,32,90,377,3,9,56
5805,-108,44,90,377,5,6,56
5805,-108,42,90,377,4,9,57
5805,-108,50,90,377,4,11,57
5805,-108,48,90,377,4,11,57
5805,-108,50,90,377,5,11,57
5805,-108,31,90,377,4,11,57
5805,-108,36,90,377,3,8,57
5805,-108,43,90,377,3,9,56
5805,-108,53,90,377,4,9,57
5805,-108,29,90,377,4,11,57
5805,-108,49,90,377,5,9,57
5805,-108,38,90,377,3,10,57
5805,-108,60,90,377,3,10,58
5805,-108,52,90,377,4,8,56
5805,-108,36,90,377,5,10,57
5805,-108,37,90,377,5,10,57
5805,-108,49,90,377,3,9,57
5805,-108,44,90,377,4,10,57
5805,-108,37,90,377,6,8,56
5805,-108,63,90,377,4,9,57
5805,-108,57,90,377,5,9,57
5805,-108,28,90,377,3,10,57
5805,-108,43,90,377,4,10,57
5805,-108,43,90,377,4,9,57
5805,-108,31,90,377,3,8,57
5805,-108,43,90,377,3,9,57
5805,-108,35,90,377,3,10,57
5805,-108,38,90,377,4,9,57
5805,-108,32,90,377,4,11,57
5805,-108,42,90,377,4,10,57
5805,-108,35,90,377,4,10,58
5805,-108,42,90,377,4,7,57
5805,-108,36,90,377,2,10,57
5805,-108,46,90,377,4,12,58
5805,-108,31,90,377,4,9,56
5805,-108,51,90,377,4,9,57
5805,-108,51,90,377,3,10,58
5805,-108,49,90,377,4,10,58
5805,-108,54,90,377,3,12,57
5805,-108,35,90,377,4,9,57
5805,-108,25,90,377,3,11,57
5805,-108,55,90,377,5,7,57
5805,-108,44,90,377,4,10,58
5805,-108,39,90,377,4,9,57
5805,-108,37,90,377,5,9,57
5805,-108,28,89,377,4,7,55
5805,-108,29,90,377,5,10,58
5805,-108,44,90,377,4,10,57
5805,-108,40,90,377,4,8,57
5805,-108,50,90,377,3,9,57
5805,-108,54,90,377,4,11,58
5805,-108,36,90,377,3,10,58
5805,-108,42,90,377,4,10,58
5805,-108,46,89,377,5,8,56
5805,-108,46,90,377,2,11,57
5805,-108,42,90,377,3,11,57
5805,-108,42,90,377,5,8,57
5805,-108,34,90,377,4,10,58
5805,-108,44,90,377,4,8,57
5805,-108,33,89,378,4,8,55
5805,-108,44,90,377,4,10,57
5805,-108,37,90,377,3,10,57
5805,-108,30,90,377,4,10,57
5805,-108,32,90,377,4,10,57
5805,-108,33,90,377,4,8,57
5805,-108,29,90,377,3,9,56
5805,-108,26,90,377,3,9,57
5805,-108,36,90,377,4,8,57
5805,-108,39,90,377,4,12,56
5805,-108,38,90,377,3,11,57
5805,-108,32,90,377,2,9,56
5805,-108,47,90,377,2,9,57
5805,-108,49,90,377,3,9,57
5805,-108,41,90,377,4,9,57
5805,-108,43,90,377,3,10,57
5805,-108,28,90,377,4,8,56
5805,-108,49,90,377,3,10,57
5805,-108,37,90,377,5,10,57
5805,-108,36,90,377,3,10,57
5805,-108,37,90,377,4,7,55
5805,-108,49,90,377,4,10,57
5805,-108,26,90,377,4,10,57
5805,-108,35,90,377,5,9,56
5805,-108,40,90,377,4,10,57
5805,-108,31,90,377,2,8,57
5805,-108,51,90,377,4,10,57
5805,-108,48,90,377,4,10,58
5805,-108,47,90,377,4,8,56
5805,-108,33,90,377,4,8,57
5805,-108,44,90,377,2,8,56
5805,-108,42,90,377,3,9,57
5805,-108,38,90,377,4,8,57
5805,-108,36,90,377,4,9,57
5805,-108,59,90,377,3,9,57
5805,-108,29,90,377,5,9,57
5805,-108,32,90,377,4,9,57
5805,-108,34,90,377,2,10,57
5805,-108,51,90,377,4,9,57
5805,-108,46,90,377,5,8,57
5805,-108,38,90,377,3,9,57
5805,-108,50,90,377,4,9,57
5805,-108,34,90,377,4,9,56
5805,-108,46,90,377,4,9,56
5805,-108,36,90,377,4,9,57
5805,-108,35,90,377,4,10,56
5805,-108,33,90,377,3,9,57
5805,-108,51,90,377,4,9,57
5805,-108,33,90,377,3,10,57
5805,-108,46,90,377,5,9,58
5805,-108,34,90,377,4,9,57
5805,-108,52,90,377,5,11,58
5805,-108,46,90,377,4,9,57
5805,-108,41,90,377,3,10,57
5805,-108,32,90,377,4,6,56
5805,-108,55,90,377,5,8,57
5805,-108,38,90,377,4,7,57
5805,-108,31,90,377,4,9,57
5805,-108,44,90,377,4,10,58
5805,-108,28,90,377,4,10,57
5805,-108,38,89,377,5,7,55
5805,-108,52,90,377,4,11,58
5805,-108,31,90,377,4,9,57
5805,-108,50,90,377,3,9,57
5805,-108,54,90,377,4,11,57
5805,-108,39,90,377,4,8,57
5805,-108,25,90,377,5,7,56
5805,-108,28,90,377,4,11,57
5805,-108,64,90,377,4,11,58
5805,-108,27,90,377,3,8,55
5805,-108,44,90,377,3,9,57
5805,-108,38,90,377,3,8,57
5805,-108,37,90,377,5,10,57
5805,-108,32,90,377,4,11,57
5805,-108,46,90,377,4,9,57
5805,-108,35,90,377,5,8,57
5805,-108,50,90,377,3,11,57
5805,-108,33,90,377,5,7,55
5805,-108,44,90,377,2,9,57
5805,-108,56,90,377,4,8,56
5805,-108,57,90,377,4,10,57
5805,-108,27,90,377,5,10,58
5805,-108,46,90,377,4,10,57
5805,-108,52,90,377,4,9,57
5805,-108,43,90,377,2,8,57
5805,-108,45,90,377,4,10,57
5805,-108,38,90,377,3,8,57
5805,-108,41,90,377,3,9,57
5805,-108,46,90,377,3,10,56
5805,-108,41,89,377,5,10,57
5805,-108,39,90,377,3,8,57
5805,-108,44,90,377,4,9,57
5805,-108,30,90,377,4,9,57
5805,-108,64,90,377,3,7,57
5805,-108,44,90,377,3,10,57
5805,-108,50,90,377,4,11,57
5805,-108,55,90,377,3,9,57
5805,-108,54,90,377,4,8,56
5805,-108,35,90,377,4,10,57
5805,-108,40,90,377,4,9,58
5805,-108,32,90,377,2,9,57
5805,-108,49,90,377,3,9,57
5805,-108,48,90,377,5,8,57
5805,-108,27,90,377,3,10,57
5805,-108,48,90,377,4,8,57
5805,-108,50,90,377,4,9,57
5805,-108,34,90,377,4,9,57
5805,-108,53,90,377,4,8,56
5805,-108,39,90,377,4,10,57
5805,-108,47,90,377,3,10,58
5805,-108,27,90,377,4,9,57
5805,-108,26,90,377,4,9,57
5805,-108,40,90,377,4,10,58
5805,-108,50,90,377,5,10,57
5805,-108,30,89,377,5,9,55
5805,-108,37,90,377,4,9,57
5805,-108,60,90,377,2,10,57
5805,-108,30,89,378,4,9,55
5805,-108,38,90,377,4,10,57
5805,-108,42,90,377,3,9,57
5805,-108,36,90,377,3,9,56
5805,-108,44,90,377,3,8,57
5805,-108,36,90,377,2,9,56
5805,-108,35,90,377,4,8,57
5805,-108,46,90,377,4,10,57
5805,-108,57,90,377,4,11,57
5805,-108,40,90,377,4,9,57
5805,-108,39,90,377,4,9,57
5805,-108,38,90,377,4,8,56
5805,-108,35,90,377,4,9,56
5805,-108,33,90,377,4,9,57
5805,-108,38,90,377,4,11,57
5805,-108,27,90,377,4,10,58
5805,-108,25,90,377,3,9,56
5805,-108,53,90,377,3,8,57
5805,-108,46,90,377,3,10,57
5805,-108,44,90,377,5,10,57
5805,-108,40,90,377,2,10,57
5805,-108,44,90,377,3,9,57
5805,-108,59,90,377,4,10,57
5805,-108,50,90,377,3,9,57
5805,-108,49,90,377,4,10,57
5805,-108,56,90,377,4,10,57
5805,-108,58,90,377,4,10,57
5805,-108,57,90,377,4,10,58
5805,-108,40,90,377,4,10,57
5805,-108,42,90,377,4,11,57
5805,-108,47,90,377,3,10,57
5805,-108,52,90,377,4,9,57
5805,-108,41,90,377,4,8,57
5805,-108,28,90,377,3,8,56
5805,-108,47,90,377,2,10,57
5805,-108,41,90,377,4,9,56
5805,-108,49,90,377,3,10,57
5805,-108,43,90,377,3,9,57
5805,-108,39,90,377,3,9,57
5805,-108,49,90,377,4,9,57
5805,-108,37,90,377,4,8,57
5805,-108,52,90,377,3,9,57
5805,-108,47,90,377,4,9,57
5805,-108,36,90,377,4,9,57
5805,-108,51,90,377,4,9,57
5805,-108,28,90,377,5,8,55
5805,-108,39,90,377,5,12,57
5805,-108,58,90,377,5,10,57
5805,-108,50,90,377,4,8,56
5805,-108,46,90,377,4,9,57
5805,-108,42,90,377,4,9,57
5805,-108,48,90,377,3,8,56
5805,-108,43,90,377,4,11,58
5805,-108,38,90,377,4,11,57
5805,-108,49,90,377,3,10,57
5805,-108,60,90,377,5,9,58
5805,-108,30,90,377,3,8,56
5805,-108,46,90,377,5,9,56
5805,-108,34,90,377,4,9,57
5805,-108,37,90,377,4,10,57
5805,-108,58,90,377,3,9,57
5805,-108,35,90,377,4,10,57
5805,-108,68,90,377,3,6,56
5805,-108,43,90,377,4,9,57
5805,-108,40,90,377,4,10,58
5805,-108,33,90,377,5,10,57
5805,-108,46,90,377,4,8,56
5805,-108,56,90,377,2,9,57
5805,-108,47,90,377,4,9,57
5805,-108,37,90,377,5,10,56
5805,-108,31,90,377,4,10,57
5805,-108,49,90,377,2,10,57
5805,-108,50,90,377,5,9,57
5805,-108,39,90,377,4,10,57
5805,-108,49,90,377,3,9,57
5805,-108,64,90,377,3,9,57
5805,-108,42,90,377,3,8,56
5805,-108,49,90,377,4,10,57
5805,-108,42,90,377,4,11,58
5805,-108,38,90,377,4,9,57
5805,-108,28,90,377,4,10,57
5805,-108,40,90,377,5,11,57
5805,-108,37,90,377,3,10,57
5805,-108,39,90,377,4,9,57
5805,-108,69,90,377,4,10,57
5805,-108,49,90,377,4,10,57
5805,-108,37,89,377,6,10,56
5805,-108,37,90,377,4,10,56
5805,-108,37,90,377,4,9,57
5805,-108,40,90,377,4,9,57
5805,-108,32,90,377,4,8,57
5805,-108,41,90,377,2,9,57
5805,-108,31,90,377,5,10,57
5805,-108,52,90,377,3,9,57
5805,-108,32,90,377,3,11,57
5805,-108,41,90,377,4,10,56
5805,-108,30,90,377,3,9,56
5805,-108,58,90,377,3,9,57
5805,-108,50,90,377,4,9,57
5805,-108,55,90,377,4,11,58
5805,-108,31,89,377,4,9,56
5805,-108,38,90,377,5,10,57
5805,-108,44,90,377,4,9,55
5805,-108,33,90,377,4,8,56
5805,-108,51,89,377,5,9,55
5805,-108,30,90,377,2,8,56
5805,-108,30,90,377,4,7,56
5805,-108,43,90,377,3,9,57
5805,-108,28,90,377,2,11,57
5805,-108,31,90,377,4,11,57
5805,-108,40,90,377,4,9,57
5805,-108,46,90,377,3,9,57
5805,-108,44,90,377,4,11,57
5805,-108,33,90,377,4,8,58
5805,-108,41,90,377,4,8,56
5805,-108,37,90,377,2,8,57
5805,-108,27,90,377,5,7,55
5805,-108,51,90,377,4,10,57
5805,-108,53,90,377,4,10,57
5805,-108,55,90,377,5,10,58
5805,-108,47,90,377,2,9,57
5805,-108,31,90,377,4,9,57
5805,-108,42,90,377,5,10,57
5805,-108,32,89,378,4,9,55
5805,-108,52,90,377,4,10,58
5805,-108,55,90,377,5,9,58
5805,-108,44,90,377,5,10,57
5805,-108,48,90,377,4,10,57
5805,-108,39,90,377,3,12,58
5805,-108,46,90,377,4,9,57
5805,-108,38,90,377,3,10,57
5805,-108,48,90,377,4,9,57
5805,-108,39,90,377,4,10,57
5805,-108,43,90,377,3,10,57
5805,-108,45,90,377,5,9,56
5805,-108,59,90,377,3,9,57
5805,-108,37,89,378,4,8,56
5805,-108,49,90,377,2,10,57
5805,-108,49,90,377,3,10,58
5805,-108,29,90,377,3,11,57
5805,-108,60,90,377,3,10,58
5805,-108,31,90,377,5,6,56
5805,-108,46,90,377,5,9,57
5805,-108,42,90,377,3,8,56
5805,-108,42,90,377,4,11,58
5805,-108,48,90,377,4,9,58
5805,-108,48,90,377,4,9,57
5805,-108,52,90,377,4,10,57
5805,-108,49,90,377,3,11,57
5805,-108,53,90,377,3,11,57
5805,-108,53,90,377,3,9,57
5805,-108,53,90,377,4,10,58
5805,-108,47,90,377,4,8,57
5805,-108,28,90,377,4,10,57
5805,-108,46,90,377,5,11,58
5805,-108,36,90,377,5,9,56
5805,-108,45,90,377,5,11,58
5805,-108,49,90,377,5,11,57
5805,-108,47,90,377,3,11,57
5805,-108,33,90,377,4,8,55
5805,-108,44,90,377,5,9,56
5805,-108,48,90,377,5,9,57
5805,-108,30,90,377,3,11,57
5805,-108,27,90,377,3,9,57
5805,-108,30,90,377,3,9,57
5805,-108,39,89,377,5,11,57
5805,-108,52,90,377,4,8,55
5805,-108,57,90,377,4,8,58
5805,-108,27,90,377,4,9,57
5805,-108,29,90,377,4,8,57
5805,-108,45,90,377,3,10,57
5805,-108,43,90,377,3,10,56
5805,-108,47,90,377,4,10,57
5805,-108,47,90,377,4,9,56
5805,-108,42,90,377,3,7,57
5805,-108,32,90,377,4,8,57
5805,-108,36,90,377,5,9,57
5805,-108,43,90,377,3,12,58
5805,-108,50,90,377,4,8,57
5805,-108,53,90,377,5,7,56
5805,-108,28,90,377,3,10,57
5805,-108,48,90,377,4,10,57
5805,-108,48,90,377,4,10,57
5805,-108,33,90,377,4,9,56
5805,-108,53,90,377,3,12,58
5805,-108,37,90,377,5,9,57
5805,-108,40,90,377,3,11,58
5805,-108,30,90,377,4,11,57
5805,-108,50,90,377,3,10,57
5805,-108,43,90,377,5,11,57
5805,-108,32,90,377,3,9,56
5805,-108,49,90,377,4,10,57
5805,-108,28,90,377,3,9,57
5805,-108,40,90,377,4,8,56
5805,-108,53,90,377,4,10,57
5805,-108,48,90,377,4,9,57
5805,-108,30,90,377,4,10,57
5805,-108,37,90,377,4,10,57
5805,-108,37,90,377,4,8,57
5805,-108,45,90,377,4,10,57
5805,-108,47,90,377,4,10,58
5805,-108,40,90,377,3,9,57
5805,-108,33,90,377,4,9,57
5805,-108,45,90,377,4,9,57
5805,-108,25,90,377,3,12,57
5805,-108,46,90,377,5,9,57
5805,-108,41,90,377,4,11,57
5805,-108,45,90,377,4,9,57
5805,-108,56,90,377,5,9,57
5805,-108,40,90,377,4,8,56
5805,-108,30,90,377,3,10,57
5805,-108,48,90,377,5,9,58
5805,-108,60,90,377,4,10,57
5805,-108,27,90,377,2,11,57
5805,-108,57,90,377,4,11,58
5805,-108,29,90,377,3,11,57
5805,-108,38,90,377,3,11,57
5805,-108,29,90,377,4,12,58
5805,-108,46,90,377,5,11,58
5805,-108,50,90,377,5,10,58
5805,-108,42,90,377,5,9,57
5805,-108,52,90,377,5,10,57
5805,-108,29,90,377,4,9,57
5805,-108,46,90,377,3,9,57
5805,-108,37,90,377,4,9,56
5805,-108,38,90,377,2,11,57
5805,-108,41,90,377,3,10,57
5805,-108,46,90,377,4,9,57
5805,-108,48,90,377,4,10,57
5805,-108,32,89,377,4,9,56
5805,-108,41,90,377,3,10,58
5805,-108,39,90,377,5,10,57
5805,-108,40,90,377,5,7,56
5805,-108,57,90,377,3,9,57
5805,-108,32,90,377,4,10,58
5805,-108,30,90,377,4,8,56
5805,-108,34,90,377,3,10,57
5805,-108,36,90,377,4,10,57
5805,-108,56,90,377,4,8,57
5805,-108,35,90,377,4,10,56
5805,-108,40,90,377,4,10,57
5805,-108,40,90,377,3,12,57
5805,-108,46,90,377,3,7,56
5805,-108,48,90,377,4,10,57
5805,-108,53,90,377,3,9,57
5805,-108,49,90,377,3,10,57
5805,-108,42,90,377,3,9,57
5805,-108,27,90,377,4,11,57
5805,-108,41,90,377,4,10,57
5805,-108,57,90,377,3,13,58
5805,-108,30,90,377,3,9,57
5805,-108,45,90,377,4,10,57
5805,-108,36,90,377,4,9,58
5805,-108,36,90,377,4,8,56
5805,-108,48,90,377,3,11,57
5805,-108,39,90,377,4,12,57
5805,-108,52,90,377,4,10,57
5805,-108,36,90,377,5,9,56
5805,-108,46,90,377,3,10,57
5805,-108,43,90,377,5,11,57
5805,-108,44,90,377,3,9,57
5805,-108,49,90,377,4,9,57
5805,-108,46,90,377,4,9,57
5805,-108,44,90,377,2,10,58
5805,-108,36,90,377,4,8,56
5805,-108,38,90,377,4,10,57
5805,-108,40,90,377,3,10,57
5805,-108,41,90,377,3,9,57
5805,-108,38,90,377,4,10,57
5805,-108,45,90,377,4,10,57
5805,-108,32,90,377,4,11,57
5805,-108,32,90,377,4,11,57
5805,-108,49,90,377,3,9,57
5805,-108,34,90,377,3,10,57
5805,-108,59,90,377,5,9,57
5805,-108,42,90,377,3,12,57
5805,-108,43,89,377,5,8,56
5805,-108,40,90,377,4,9,56
5805,-108,30,90,377,4,9,57
5805,-108,43,90,377,4,9,56
5805,-108,44,90,377,4,9,57
5805,-108,33,90,377,4,9,57
5805,-108,42,90,377,4,10,57
5805,-108,35,90,377,4,8,56
5805,-108,56,90,377,5,10,58
5805,-108,49,90,377,4,10,57
5805,-108,33,90,377,3,10,57
5805,-108,39,90,377,3,10,57
5805,-108,37,90,377,4,9,57
5805,-108,43,90,377,4,8,56
5805,-108,29,90,377,4,10,57
5805,-108,34,90,377,4,9,57
5805,-108,41,90,377,4,11,58
5805,-108,42,90,377,3,9,57
5805,-108,29,90,377,3,9,57
5805,-108,44,90,377,4,8,57
5805,-108,48,90,377,2,9,56
5805,-108,52,90,377,3,9,57
5805,-108,31,89,377,4,9,56
5805,-108,27,90,377,3,10,56
5805,-108,41,90,377,3,9,57
5805,-108,28,90,377,2,11,57
5805,-108,44,90,377,4,10,57
5805,-108,33,90,377,4,10,57
5805,-108,61,90,377,3,10,57
5805,-108,39,90,377,4,11,58
5805,-108,39,90,377,4,11,58
5805,-108,39,90,377,3,10,56
5805,-108,32,90,377,3,11,57
5805,-108,46,90,377,4,11,57
5805,-108,47,90,377,4,8,57
5805,-108,55,90,377,2,9,57
5805,-108,56,90,377,2,9,57
5805,-108,48,90,377,4,10,58
5805,-108,46,90,377,4,10,58
5805,-108,36,90,377,4,10,57
5805,-108,37,90,377,5,9,58
5805,-108,32,90,377,3,9,57
5805,-108,36,90,377,3,9,57
5805,-108,33,90,377,3,10,58
5805,-108,58,90,377,4,10,57
5805,-108,35,90,377,5,9,57
5805,-108,42,90,377,5,10,57
5805,-108,47,90,377,5,8,57
5805,-108,50,90,377,5,9,57
5805,-108,43,90,377,4,10,57
5805,-108,38,90,377,5,8,57
5805,-108,42,90,377,3,10,57
5805,-108,38,90,377,3,9,57
5805,-108,45,90,377,4,10,57
5805,-108,42,90,377,5,10,57
5805,-108,38,90,377,2,9,55
5805,-108,55,90,377,5,10,57
5805,-108,33,90,377,3,10,58
5805,-108,37,90,377,4,10,57
5805,-108,43,90,377,4,10,57
5805,-108,33,89,377,5,10,55
5805,-108,54,90,377,3,9,56
5805,-108,49,90,377,4,7,56
5805,-108,31,90,377,4,8,56
5805,-108,41,90,377,4,11,57
5805,-108,31,90,377,3,10,57
5805,-108,54,90,377,5,9,57
5805,-108,48,90,377,3,10,58
5805,-108,36,90,377,5,10,57
5805,-108,41,90,377,2,9,57
5805,-108,38,90,377,4,8,56
5805,-108,49,90,377,3,8,57
5805,-108,52,90,377,4,9,57
5805,-108,45,90,377,5,9,57
5805,-108,52,90,377,3,9,57
5805,-108,41,90,377,4,9,57
5805,-108,34,90,377,3,9,57
5805,-108,43,90,377,4,10,57
5805,-108,39,90,377,5,11,58
5805,-108,56,90,377,4,12,57
5805,-108,45,90,377,4,10,58
5805,-108,42,90,377,4,10,57
5805,-108,54,90,377,3,8,56
5805,-108,37,90,377,3,8,56
5805,-108,43,90,377,3,10,57
5805,-108,45,90,377,4,11,57
5805,-108,48,90,377,4,10,58
5805,-108,28,90,377,4,11,57
5805,-108,42,90,377,4,8,56
5805,-108,31,90,377,3,9,57
5805,-108,49,90,377,4,11,57
5805,-108,34,90,377,4,10,57
5805,-108,45,90,377,4,9,57
5805,-108,42,90,377,5,10,57
5805,-108,47,90,377,4,10,57
5805,-108,36,90,377,5,11,58
5805,-108,39,90,377,4,11,57
5805,-108,40,90,377,2,9,57
5805,-108,47,90,377,4,9,57
5805,-108,33,90,377,3,9,57
5805,-108,50,90,377,4,10,57
5805,-108,37,90,377,4,9,57
5805,-108,34,90,377,4,10,57
5805,-108,33,90,377,4,10,56
5805,-108,47,90,377,3,10,57
5805,-108,55,90,377,3,10,57
5805,-108,33,90,377,3,9,56
5805,-108,53,90,377,3,8,57
5805,-108,29,90,377,3,9,57
5805,-108,37,90,377,4,10,57
5805,-108,38,90,377,4,10,57
5805,-108,40,90,377,5,10,57
5805,-108,48,90,377,6,9,57
5805,-108,33,90,377,4,9,57
5805,-108,64,90,377,4,10,57
5805,-108,43,90,377,4,9,57
5805,-108,45,90,377,4,7,56
5805,-108,38,90,377,5,11,58
5805,-108,53,90,377,4,10,57
5805,-108,42,90,377,5,9,56
5805,-108,39,90,377,5,8,56
5805,-108,38,90,377,4,9,58
5805,-108,37,90,377,3,7,57
5805,-108,34,90,377,4,8,56
5805,-108,43,90,377,5,10,57
5805,-108,39,90,377,3,11,57
5805,-108,27,90,377,4,10,57
5805,-108,45,90,377,4,10,57
5805,-108,33,90,377,3,8,56
5805,-108,32,90,377,3,9,57
5805,-108,48,90,377,3,8,57
5805,-108,51,90,377,2,10,57
5805,-108,47,90,377,3,9,56
5805,-108,43,90,377,4,9,57
5805,-108,56,90,377,4,11,58
5805,-108,49,90,377,3,9,56
5805,-108,28,90,377,3,8,56
5805,-108,52,90,377,4,10,56
5805,-108,37,90,377,2,8,57
5805,-108,45,90,377,4,9,56
5805,-108,38,90,377,3,9,57
5805,-108,38,90,377,4,10,57
5805,-108,33,90,377,4,10,57
5805,-108,43,90,377,4,12,58
5805,-108,35,90,377,4,9,57
5805,-108,54,90,377,4,9,58
5805,-108,30,90,377,5,9,56
5805,-108,53,90,377,3,10,57
5805,-108,28,90,377,5,10,57
5805,-108,41,90,377,4,9,56
5805,-108,54,90,377,3,8,56
5805,-108,47,90,377,3,10,57
5805,-108,33,90,377,2,9,57
5805,-108,42,90,377,6,8,56
5805,-108,43,90,377,4,9,57
5805,-108,48,90,377,4,10,58
5805,-108,54,90,377,4,11,57
5805,-108,49,90,377,4,10,57
5805,-108,42,90,377,2,10,56
5805,-108,33,90,377,4,10,56
5805,-108,27,90,377,3,9,57
5805,-108,37,90,377,2,10,58
5805,-108,40,90,377,3,9,57
5805,-108,50,90,377,4,9,57
5805,-108,38,90,377,4,9,57
5805,-108,35,90,377,3,10,57
5805,-108,53,90,377,5,9,56
5805,-108,48,90,377,5,10,57
5805,-108,43,90,377,4,9,57
5805,-108,43,90,377,3,10,57
5805,-108,40,90,377,4,8,57
5805,-108,50,90,377,4,9,57
5805,-108,34,90,377,4,10,57
5805,-108,37,90,377,3,11,57
5805,-108,44,90,377,3,10,57
5805,-108,40,90,377,4,10,57
5805,-108,48,90,377,4,10,57
5805,-108,35,90,377,5,9,57
5805,-108,46,90,377,4,10,57
5805,-108,29,90,377,4,9,57
5805,-108,42,90,377,4,10,57
5805,-108,34,90,377,4,8,56
5805,-108,38,90,377,4,10,57
5805,-108,38,90,377,4,10,57
5805,-108,49,90,377,3,10,57
5805,-108,37,90,377,4,9,57
5805,-108,49,90,377,5,8,56
5805,-108,47,90,377,4,10,57
5805,-108,54,90,377,4,7,57
5805,-108,36,90,377,3,11,57
5805,-108,39,90,377,5,9,57
5805,-108,36,90,377,4,11,57
5805,-108,38,90,377,3,8,56
5805,-108,52,90,377,4,10,57
5805,-108,46,90,377,5,11,57
5805,-108,34,90,377,4,9,56
5805,-108,47,90,377,4,9,57
5805,-108,42,90,377,4,9,57
5805,-108,51,90,377,4,10,56
5805,-108,38,90,377,3,9,58
5805,-108,42,90,377,5,10,57
5805,-108,32,90,377,5,10,57
5805,-108,53,90,377,2,11,57
5805,-108,51,90,377,4,10,57
5805,-108,47,90,377,2,10,57
5805,-108,39,90,377,3,9,57
5805,-108,46,90,377,4,9,57
5805,-108,35,90,377,4,10,56
5805,-108,48,90,377,3,9,57
5805,-108,45,90,377,3,9,57
5805,-108,35,90,377,3,10,57
5805,-108,46,90,377,4,9,56
5805,-108,55,90,377,5,11,57
5805,-108,57,90,377,4,10,57
5805,-108,64,90,377,4,10,57
5805,-108,43,90,377,2,9,57
5805,-108,51,90,377,3,9,57
5805,-108,44,90,377,4,9,57
5805,-108,33,90,377,4,8,57
5805,-108,39,90,377,3,9,56
5805,-108,47,90,377,4,11,57
5805,-108,45,90,377,3,9,56
5805,-108,42,90,377,3,9,57
5805,-108,27,89,377,4,8,55
5805,-108,47,90,377,5,11,57
5805,-108,49,90,377,4,10,57
5805,-108,33,90,377,3,9,57
5805,-108,54,90,377,3,10,58
5805,-108,37,90,377,4,10,57
5805,-108,41,90,377,4,9,57
5805,-108,29,90,377,4,11,57
5805,-108,52,89,377,5,11,56
5805,-108,29,90,377,4,9,57
5805,-108,39,90,377,4,8,56
5805,-108,41,90,377,4,8,57
5805,-108,48,90,377,5,9,57
5805,-108,39,90,377,5,11,57
5805,-108,53,90,377,4,10,57
5805,-108,27,90,377,4,9,57
5805,-108,54,90,377,4,9,57
5805,-108,31,90,377,5,11,57
5805,-108,41,90,377,3,10,57
5805,-108,34,90,377,3,10,57
5805,-108,39,90,377,4,9,57
5805,-108,40,90,377,2,11,57
5805,-108,58,90,377,4,10,57
5805,-108,34,90,377,5,10,58
5805,-108,42,90,377,4,10,57
5805,-108,57,90,377,4,8,57
5805,-108,56,90,377,4,8,57
5805,-108,40,90,377,5,10,57
5805,-108,46,90,377,4,10,57
5805,-108,50,90,377,3,9,57
5805,-108,43,90,377,3,10,57
5805,-108,38,90,377,4,10,57
5805,-108,52,90,377,4,9,57
5805,-108,42,90,377,3,10,57
5805,-108,43,90,377,4,10,56
5805,-108,57,90,377,3,8,56
5805,-108,47,90,377,4,10,57
5805,-108,46,90,377,5,11,57
5805,-108,55,90,377,3,9,57
5805,-108,31,90,377,5,9,56
5805,-108,28,90,377,4,9,56
5805,-108,48,90,377,4,9,57
5805,-108,33,90,377,3,9,57
5805,-108,44,90,377,4,11,58
5805,-108,48,90,377,3,10,58
5805,-108,39,90,377,4,10,57
5805,-108,37,90,377,5,8,56
5805,-108,37,90,377,3,10,57
5805,-108,46,90,377,3,8,57
5805,-108,38,90,377,4,10,57
5805,-108,43,90,377,4,8,56
5805,-108,54,90,377,4,9,57
5805,-108,37,90,377,3,9,57
5805,-108,49,90,377,3,10,58
5805,-108,60,90,377,5,11,58
5805,-108,46,90,377,3,9,58
5805,-108,49,90,377,3,9,56
5805,-108,40,90,377,5,10,57
5805,-108,38,90,377,4,9,56
5805,-108,50,90,377,4,9,57
5805,-108,31,90,377,5,11,58
5805,-108,54,90,377,4,10,57
5805,-108,35,90,377,4,10,57
5805,-108,48,90,377,3,10,58
5805,-108,54,90,377,5,9,56
5805,-108,26,90,377,5,9,57
5805,-108,53,90,377,3,11,57
5805,-108,50,90,377,3,10,57
5805,-108,43,90,377,3,9,57
5805,-108,38,90,377,4,8,57
5805,-108,32,90,377,3,11,58
5805,-108,43,90,377,4,10,58
5805,-108,47,90,377,4,10,57
5805,-108,51,90,377,4,11,57
5805,-108,40,90,377,5,7,56
5805,-108,40,90,377,2,9,56
5805,-108,47,90,377,4,11,57
5805,-108,33,90,377,4,10,57
5805,-108,36,90,377,4,9,56
5805,-108,33,90,377,4,10,57
5805,-108,42,90,377,5,8,57
5805,-108,45,90,377,5,10,58
5805,-108,47,90,377,4,11,57
5805,-108,42,90,377,3,9,57
5805,-108,47,90,377,3,9,57
5805,-108,39,90,377,4,9,57
5805,-108,47,90,377,4,9,57
5805,-108,44,90,377,4,9,57
5805,-108,42,90,377,3,9,56
5805,-108,57,90,377,4,9,55
5805,-108,42,90,377,3,8,56
5805,-108,53,90,377,4,11,57
5805,-108,29,90,377,3,9,56
5805,-108,48,90,377,5,10,57
5805,-108,34,90,377,4,9,56
5805,-108,49,90,377,4,9,57
5805,-108,49,90,377,4,9,57
5805,-108,46,90,377,3,11,57
5805,-108,45,90,377,4,10,57
5805,-108,45,90,377,4,10,58
5805,-108,45,90,377,2,9,58
5805,-108,36,90,377,3,10,56
5805,-108,43,90,377,3,10,57
5805,-108,42,90,377,3,7,56
5805,-108,58,90,377,5,10,57
5805,-108,46,90,377,3,9,57
5805,-108,44,90,377,4,10,58
5805,-108,37,90,377,4,11,57
5805,-108,58,90,377,3,8,57
5805,-108,39,90,377,4,10,57
5805,-108,46,90,377,3,9,57
5805,-108,53,90,377,2,9,58
5805,-108,37,90,377,4,10,57
5805,-108,47,90,377,3,11,57
5805,-108,28,90,377,3,8,56
5805,-108,48,90,377,3,9,57
5805,-108,45,90,377,4,10,57
5805,-108,35,90,377,4,11,57
5805,-108,48,90,377,3,9,57
5805,-108,33,90,377,3,8,56
5805,-108,41,90,377,5,12,58
5805,-108,62,90,377,4,10,57
5805,-108,32,90,377,3,9,58
5805,-108,46,90,377,4,9,57
5805,-108,34,90,377,4,10,58
5805,-108,35,90,377,3,10,57
5805,-108,27,90,377,3,9,56
5805,-108,71,90,377,4,9,57
5805,-108,37,90,377,4,10,57
5805,-108,57,90,377,3,10,57
5805,-108,32,90,377,4,10,56
5805,-108,52,90,377,4,11,57
5805,-108,42,90,377,4,10,57
5805,-108,47,90,377,4,10,57
5805,-108,37,90,377,4,9,56
5805,-108,57,90,377,4,7,57
5805,-108,41,90,377,4,9,57
5805,-108,45,90,377,3,9,57
5805,-108,51,90,377,3,10,58
5805,-108,49,90,377,4,9,57
5805,-108,52,90,377,4,10,57
5805,-108,49,90,377,5,9,57
5805,-108,45,90,377,2,10,57
5805,-108,42,90,377,4,8,57
5805,-108,59,90,377,4,10,58
5805,-108,44,90,377,3,10,57
5805,-108,40,90,377,3,9,57
5805,-108,44,90,377,4,10,56
5805,-108,51,90,377,3,8,56
5805,-108,48,90,377,3,11,57
5805,-108,39,90,377,4,8,56
5805,-108,54,90,377,6,10,58
5805,-108,59,90,377,4,9,57
5805,-108,48,90,377,3,10,57
5805,-108,33,90,377,3,8,57
5805,-108,43,90,377,5,10,58
5805,-108,38,90,377,4,11,57
5805,-108,34,90,377,5,11,57
5805,-108,63,90,377,3,9,57
5805,-108,36,90,377,3,7,56
5805,-108,41,90,377,5,9,57
5805,-108,43,90,377,5,11,57
5805,-108,33,90,377,4,9,57
5805,-108,40,89,377,5,9,56
5805,-108,45,90,377,4,8,56
5805,-108,31,90,377,4,11,57
5805,-108,41,90,377,3,9,57
5805,-108,60,90,377,3,9,57
5805,-108,39,90,377,3,9,57
5805,-108,38,90,377,4,10,57
5805,-108,46,90,377,3,9,58
5805,-108,41,90,377,4,8,56
5805,-108,54,90,377,4,10,57
5805,-108,38,90,377,5,9,57
5805,-108,33,90,377,3,9,56
5805,-108,51,90,377,3,9,57
5805,-108,45,90,377,4,9,57
5805,-108,42,90,377,4,10,57
5805,-108,46,90,377,4,11,57
5805,-108,37,90,377,5,10,57
5805,-108,31,90,377,3,8,56
5805,-108,45,90,377,3,8,56
5805,-108,47,90,377,4,10,58
5805,-108,44,90,377,4,8,57
5805,-108,40,90,377,5,6,55
5805,-108,36,90,377,5,9,57
5805,-108,43,90,377,3,9,57
5805,-108,36,90,377,4,10,58
5805,-108,28,90,377,5,7,56
5805,-108,30,90,377,3,11,57
5805,-108,49,90,377,4,9,57
5805,-108,48,90,377,4,11,57
5805,-108,54,90,377,5,11,57
5805,-108,33,90,377,4,11,57
5805,-108,40,90,377,3,9,57
5805,-108,42,90,377,4,9,57
5805,-108,44,90,377,3,11,58
5805,-108,28,90,377,4,9,57
5805,-108,39,90,377,4,9,58
5805,-108,44,90,377,4,9,58
5805,-108,28,90,377,4,10,57
5805,-108,46,90,377,3,7,55
5805,-108,37,90,377,3,11,58
5805,-108,53,90,377,4,9,57
5805,-108,47,90,377,5,9,57
5805,-108,50,90,377,4,9,56
5805,-108,49,90,377,4,11,57
5805,-108,59,90,377,4,11,57
5805,-108,60,90,377,2,10,57
5805,-108,40,90,377,4,9,57
5805,-108,46,90,377,4,11,58
5805,-108,40,90,377,4,11,57
5805,-108,39,90,377,2,10,57
5805,-108,50,90,377,3,11,58
5805,-108,31,90,377,4,10,58
5805,-108,41,90,377,4,8,56
5805,-108,49,90,377,3,9,58
5805,-108,37,90,377,4,9,57
5805,-108,60,90,377,5,9,57
5805,-108,44,90,377,3,11,57
5805,-108,50,90,377,4,9,57
5805,-108,40,90,377,4,8,56
5805,-108,42,90,377,3,11,58
5805,-108,43,90,377,4,9,57
5805,-108,31,90,377,3,9,57
5805,-108,43,90,377,4,10,57
5805,-108,29,90,377,4,9,56
5805,-108,31,89,377,4,10,55
5805,-108,36,90,377,4,11,58
5805,-108,42,90,377,5,9,56
5805,-108,61,90,377,3,10,57
5805,-108,40,90,377,4,8,56
5805,-108,42,90,377,5,9,57
5805,-108,47,90,377,3,8,56
5805,-108,35,90,377,4,10,58
5805,-108,46,90,377,5,10,58
5805,-108,45,90,377,4,8,56
5805,-108,36,90,377,4,12,57
5805,-108,30,90,377,5,8,56
5805,-108,33,90,377,5,9,57
5805,-108,58,90,377,5,10,57
5805,-108,58,90,377,3,10,57
5805,-108,52,90,377,3,9,57
5805,-108,46,90,377,5,9,57
5805,-108,47,90,377,4,10,57
5805,-108,43,90,377,4,10,57
5805,-108,52,90,377,3,10,58
5805,-108,28,90,377,4,8,57
5805,-108,34,90,377,2,11,57
5805,-108,41,90,377,4,9,56
5805,-108,44,90,377,5,9,57
5805,-108,46,90,377,3,9,57
5805,-108,36,90,377,4,10,58
5805,-108,38,90,377,3,11,57
5805,-108,50,90,377,4,7,57
5805,-108,45,90,377,4,10,57
5805,-108,39,90,377,3,9,57
5805,-108,54,90,377,4,9,58
5805,-108,46,90,377,4,9,57
5805,-108,40,90,377,4,10,57
5805,-108,62,90,377,3,8,57
5805,-108,44,90,377,4,9,57
5805,-108,42,90,377,4,9,57
5805,-108,48,90,377,4,9,57
5805,-108,40,90,377,3,9,57
5805,-108,39,90,377,4,9,57
5805,-108,63,90,377,4,9,57
5805,-108,51,90,377,3,8,57
5805,-108,56,90,377,5,11,58
5805,-108,39,90,377,4,11,57
5805,-108,48,90,377,4,10,57
5805,-108,46,90,377,3,8,57
5805,-108,36,90,377,4,9,57
5805,-108,36,90,377,3,11,57
5805,-108,41,90,377,4,9,57
5805,-108,43,90,377,4,8,56
5805,-108,49,90,377,4,10,58
5805,-108,58,90,377,4,11,58
5805,-108,33,90,377,2,10,57
5805,-108,31,90,377,3,7,56
5805,-108,64,90,377,3,11,58
5805,-108,48,90,377,3,10,58
5805,-108,46,90,377,2,8,57
5805,-108,50,90,377,3,8,57
5805,-108,42,90,377,2,10,57
5805,-108,35,90,377,4,9,57
5805,-108,54,90,377,2,9,57
5805,-108,47,90,377,4,10,57
5805,-108,57,90,377,4,9,57
5805,-108,43,90,377,4,11,57
5805,-108,47,90,377,4,10,57
5805,-108,41,90,377,4,9,57
5805,-108,48,90,377,5,10,57
5805,-108,46,90,377,5,10,57
5805,-108,48,90,377,4,8,56
5805,-108,50,90,377,4,8,56
5805,-108,44,90,377,4,9,57
5805,-108,26,90,377,3,9,57
5805,-108,29,90,377,4,9,56
5805,-108,52,90,377,3,7,56
5805,-108,44,90,377,3,9,57
5805,-108,47,90,377,4,11,57
5805,-108,48,90,377,4,7,57
5805,-108,45,90,377,4,9,57
5805,-108,51,90,377,4,9,57
5805,-108,44,90,377,4,9,57
5805,-108,43,90,377,5,11,57
5805,-108,32,90,377,3,9,57
5805,-108,51,90,377,4,10,57
5805,-108,37,90,377,4,10,57
5805,-108,45,90,377,5,9,57
5805,-108,32,90,377,4,10,56
5805,-108,33,90,377,2,9,57
5805,-108,47,90,377,4,9,57
5805,-108,36,90,377,5,9,57
5805,-108,28,90,377,3,8,56
5805,-108,42,90,377,4,11,58
5805,-108,51,90,377,4,9,58
5805,-108,57,90,377,3,10,57
5805,-108,45,90,377,4,9,57
5805,-108,39,90,377,3,9,57
5805,-108,37,90,377,4,9,57
5805,-108,48,90,377,2,11,58
5805,-108,43,90,377,3,10,58
5805,-108,57,90,377,5,8,56
5805,-108,42,90,377,4,9,57
5805,-108,49,90,377,4,9,56
5805,-108,35,90,377,4,10,57
5805,-108,38,90,377,4,11,58
5805,-108,57,90,377,4,8,57
5805,-108,53,90,377,3,9,57
5805,-108,44,90,377,3,9,57
5805,-108,38,90,377,4,9,57
5805,-108,37,90,377,2,10,56
5805,-108,44,90,377,4,9,57
5805,-108,43,90,377,4,8,57
5805,-108,46,90,377,4,9,57
5805,-108,41,89,377,4,10,56
5805,-108,41,90,377,3,11,57
5805,-108,46,90,377,4,10,57
5805,-108,44,90,377,3,10,57
5805,-108,33,90,377,4,9,57
5805,-108,48,90,377,4,9,57
5805,-108,41,89,377,5,8,56
5805,-108,33,90,377,4,9,57
5805,-108,43,90,377,4,9,58
5805,-108,37,90,377,3,10,56
5805,-108,46,90,377,4,8,56
5805,-108,35,90,377,3,10,57
5805,-108,43,90,377,4,10,57
5805,-108,47,90,377,4,9,57
5805,-108,36,90,377,5,10,57
5805,-108,36,89,378,5,9,56
5805,-108,59,90,377,4,8,56
5805,-108,30,90,377,4,9,57
5805,-108,28,90,377,3,11,57
5805,-108,49,90,377,4,11,57
5805,-108,34,90,377,4,9,57
5805,-108,66,90,377,4,10,58
5805,-108,54,90,377,4,8,56
5805,-108,42,90,377,2,8,56
5805,-108,51,90,377,3,11,58
5805,-108,46,90,377,4,10,56
5805,-108,42,90,377,4,10,57
5805,-108,60,90,377,4,10,58
5805,-108,39,90,377,3,10,58
5805,-108,41,90,377,4,9,57
5805,-108,53,90,377,4,9,57
5805,-108,47,90,377,4,10,57
5805,-108,36,90,377,4,11,57
5805,-108,49,90,377,4,10,56
5805,-108,45,90,377,4,10,57
5805,-108,43,90,377,3,10,56
5805,-108,63,90,377,4,9,57
5805,-108,50,90,377,5,10,57
5805,-108,56,90,377,4,11,57
5805,-108,32,90,377,4,10,57
5805,-108,51,90,377,4,9,57
5805,-108,57,90,377,4,10,57
5805,-108,34,90,377,4,8,56
5805,-108,66,90,377,3,11,58
5805,-108,34,90,377,5,11,57
5805,-108,29,90,377,5,9,56
5805,-108,31,90,377,4,9,56
5805,-108,34,90,377,4,11,57
5805,-108,50,90,377,4,10,57
5805,-108,43,90,377,2,8,57
5805,-108,36,90,377,5,8,57
5805,-108,36,90,377,4,9,56
5805,-108,33,90,377,4,9,56
5805,-108,43,90,377,4,8,56
5805,-108,34,90,377,4,11,57
5805,-108,39,89,377,6,8,56
5805,-108,43,90,377,4,10,56
5805,-108,32,90,377,4,8,57
5805,-108,41,90,377,3,8,56
5805,-108,54,90,377,3,7,57
5805,-108,43,90,377,3,8,56
5805,-108,53,90,377,2,10,57
5805,-108,36,90,377,3,11,57
5805,-108,48,90,377,3,11,58
5805,-108,55,90,377,4,11,57
5805,-108,52,90,377,2,10,57
5805,-108,42,90,377,4,9,57
5805,-108,36,90,377,4,9,56
5805,-108,31,90,377,5,9,57
5805,-108,40,90,377,4,11,57
5805,-108,51,90,377,3,10,58
5805,-108,50,90,377,4,8,56
5805,-108,28,90,377,4,7,55
5805,-108,39,89,378,5,8,55
5805,-108,48,90,377,3,9,57
5805,-108,29,90,377,3,11,57
5805,-108,76,90,377,5,11,58
5805,-108,35,90,377,4,9,57
5805,-108,35,90,377,3,10,57
5805,-108,44,90,377,4,9,57
5805,-108,47,90,377,3,10,58
5805,-108,47,90,377,3,8,58
5805,-108,33,90,377,2,8,56
5805,-108,40,90,377,3,8,57
5805,-108,62,90,377,3,12,57
5805,-108,54,90,377,5,9,57
5805,-108,52,90,377,3,10,57
5805,-108,46,90,377,4,11,57
5805,-108,56,90,377,5,11,57
5805,-108,39,90,377,4,10,57
5805,-108,51,90,377,3,10,57
5805,-108,45,90,377,4,11,58
5805,-108,47,90,377,3,10,56
5805,-108,34,90,377,4,9,57
5805,-108,57,90,377,1,12,58
5805,-108,47,90,377,4,10,57
5805,-108,36,90,377,4,10,57
5805,-108,49,90,377,4,8,57
5805,-108,35,90,377,3,9,56
5805,-108,38,90,377,4,9,57
5805,-108,39,90,377,4,11,58
5805,-108,47,90,377,4,10,57
5805,-108,42,90,377,3,10,57
5805,-108,31,90,377,4,9,57
5805,-108,40,90,377,4,9,57
5805,-108,46,90,377,4,8,57
5805,-108,45,90,377,5,11,57
5805,-108,50,90,377,4,11,57
5805,-108,37,90,377,4,11,57
5805,-108,51,90,377,3,8,57
5805,-108,56,90,377,4,9,58
5805,-108,35,90,377,4,9,56
5805,-108,41,90,377,5,9,57
5805,-108,30,90,377,4,7,55
5805,-108,41,90,377,5,10,57
5805,-108,46,90,377,4,8,57
5805,-108,54,90,377,4,12,58
5805,-108,38,90,377,3,9,58
5805,-108,32,90,377,4,11,58
5805,-108,32,90,377,3,8,57
5805,-108,45,90,377,3,9,57
5805,-108,48,90,377,4,7,58
5805,-108,32,90,377,4,11,56
5805,-108,42,90,377,4,9,57
5805,-108,39,90,377,3,9,57
5805,-108,33,90,377,5,8,56
5805,-108,34,90,377,5,10,57
5805,-108,42,90,377,4,8,56
5805,-108,30,90,377,3,8,57
5805,-108,48,90,377,4,8,57
5805,-108,44,90,377,3,8,57
5805,-108,40,90,377,4,9,57
5805,-108,45,90,377,5,10,57
5805,-108,41,90,377,4,8,57
5805,-108,36,90,377,4,9,57
5805,-108,60,90,377,5,9,57
5805,-108,41,90,377,3,10,56
5805,-108,51,90,377,3,10,58
5805,-108,46,90,377,4,9,56
5805,-108,54,90,377,5,7,57
5805,-108,46,90,377,4,10,57
5805,-108,61,90,377,4,11,57
5805,-108,49,90,377,3,9,56
5805,-108,47,90,377,6,10,57
5805,-108,48,90,377,4,10,58
5805,-108,43,90,377,3,8,57
5805,-108,52,90,377,4,9,57
5805,-108,42,90,377,5,9,57
5805,-108,50,90,377,4,10,58
5805,-108,58,90,377,3,7,56
5805,-108,35,90,377,3,8,57
5805,-108,34,90,377,4,10,57
5805,-108,39,90,377,4,10,57
5805,-108,52,90,377,4,11,57
5805,-108,41,90,377,3,9,57
5805,-108,51,90,377,3,10,57
5805,-108,29,90,377,4,9,57
5805,-108,46,90,377,4,9,57
5805,-108,59,90,377,3,9,57
5805,-108,42,90,377,5,11,58
5805,-108,64,90,377,4,9,57
5805,-108,40,90,377,2,9,57
5805,-108,27,90,377,4,9,57
5805,-108,32,90,377,3,8,56
5805,-108,50,90,377,2,9,57
5805,-108,32,90,377,5,9,57
5805,-108,36,90,377,3,9,57
5805,-108,39,90,377,4,12,58
5805,-108,42,90,377,2,8,56
5805,-108,36,90,377,3,8,56
5805,-108,36,90,377,4,11,57
5805,-108,33,90,377,4,9,56
5805,-108,45,90,377,4,9,58
5805,-108,38,90,377,5,10,57
5805,-108,46,90,377,4,11,57
5805,-108,36,90,377,3,10,58
5805,-108,47,90,377,5,10,58
5805,-108,28,90,377,5,10,58
5805,-108,31,90,377,4,9,57
5805,-108,29,90,377,4,10,57
5805,-108,36,90,377,4,7,55
5805,-108,55,90,377,3,10,57
5805,-108,37,90,377,3,11,58
5805,-108,45,90,377,3,10,57
5805,-108,41,90,377,4,10,57
5805,-108,29,90,377,3,10,57
5805,-108,34,90,377,4,9,57
5805,-108,38,90,377,4,10,57
5805,-108,36,90,377,3,8,56
5805,-108,55,90,377,5,10,57
5805,-108,41,90,377,4,11,57
5805,-108,36,90,377,2,9,56
5805,-108,51,90,377,4,10,57
5805,-108,52,90,377,5,10,58
5805,-108,50,90,377,2,8,56
5805,-108,41,90,377,5,10,57
5805,-108,46,90,377,4,9,57
5805,-108,27,90,377,4,9,56
5805,-108,42,90,377,4,12,58
5805,-108,33,90,377,4,9,57
5805,-108,45,90,377,3,12,58
5805,-108,30,90,377,3,9,57
5805,-108,44,90,377,4,9,57
5805,-108,37,90,377,4,8,56
5805,-108,62,90,377,3,10,57
5805,-108,43,90,377,3,9,57
5805,-108,48,90,377,4,8,56
5805,-108,45,90,377,3,10,57
5805,-108,48,90,377,3,10,57
5805,-108,32,90,377,4,8,56
5805,-108,47,90,377,3,8,57
5805,-108,30,90,377,5,9,57
5805,-108,56,90,377,4,9,57
5805,-108,39,90,377,3,10,57
5805,-108,51,90,377,5,10,57
5805,-108,47,90,377,5,7,56
5805,-108,47,90,377,4,10,57
5805,-108,48,90,377,4,10,58
5805,-108,41,90,377,5,9,57
5805,-108,32,90,377,5,8,56
5805,-108,47,90,377,3,10,57
5805,-108,40,90,377,4,9,57
5805,-108,47,90,377,4,10,57
5805,-108,46,90,377,5,10,57
5805,-108,56,90,377,3,10,57
5805,-108,56,90,377,4,11,58
5805,-108,47,90,377,4,9,57
5805,-108,45,90,377,3,9,57
5805,-108,45,90,377,2,9,57
5805,-108,58,90,377,4,9,56
5805,-108,39,90,377,4,9,57
5805,-108,48,90,377,4,11,58
5805,-108,47,90,377,4,9,57
5805,-108,43,90,377,4,9,57
5805,-108,41,90,377,4,11,58
5805,-108,40,90,377,4,10,57
5805,-108,43,90,377,4,11,57
5805,-108,34,90,377,4,10,57
5805,-108,33,90,377,4,10,56
5805,-108,42,90,377,4,7,56
5805,-108,32,90,377,5,10,57
5805,-108,34,90,377,3,8,57
5805,-108,28,90,377,5,11,58
5805,-108,50,90,377,3,12,58
5805,-108,40,90,377,4,9,57
5805,-108,34,90,377,5,8,57
5805,-108,52,90,377,3,10,57
5805,-108,46,90,377,4,8,56
5805,-108,58,90,377,4,9,57
5805,-108,51,90,377,3,10,57
5805,-108,38,90,377,4,10,57
5805,-108,37,90,377,3,9,57
5805,-108,32,90,377,4,10,57
5805,-108,58,90,377,4,10,57
5805,-108,46,90,377,5,9,57
5805,-108,38,90,377,4,10,57
5805,-108,46,90,377,4,9,57
5805,-108,43,90,377,3,10,57
5805,-108,54,90,377,4,9,57
5805,-108,48,90,377,4,11,57
5805,-108,35,90,377,3,9,57
5805,-108,38,90,377,4,7,56
5805,-108,40,90,377,4,11,58
5805,-108,44,90,377,4,10,56
5805,-108,30,90,377,4,10,57
5805,-108,50,90,377,4,9,57
5805,-108,38,90,377,4,8,57
5805,-108,62,90,377,4,10,58
5805,-108,41,90,377,4,11,58
5805,-108,36,90,377,5,9,58
5805,-108,34,90,377,4,10,57
5805,-108,52,90,377,3,10,58
5805,-108,49,90,377,4,10,58
5805,-108,44,90,377,3,9,57
5805,-108,43,90,377,3,10,56
5805,-108,43,90,377,4,9,57
5805,-108,33,90,377,3,9,58
5805,-108,35,90,377,4,9,57
5805,-108,48,90,377,5,8,57
5805,-108,40,90,377,4,9,57
5805,-108,65,90,377,4,9,56
5805,-108,33,90,377,2,10,57
5805,-108,53,90,377,4,10,57
5805,-108,55,90,377,5,9,57
5805,-108,51,90,377,4,9,57
5805,-108,45,89,377,4,10,56
5805,-108,53,90,377,4,11,58
5805,-108,53,90,377,4,10,57
5805,-108,47,90,377,3,9,56
5805,-108,59,90,377,5,11,57
5805,-108,50,90,377,3,8,56
5805,-108,39,90,377,4,9,57
5805,-108,53,90,377,3,9,56
5805,-108,31,90,377,3,10,57
5805,-108,41,90,377,4,9,57
5805,-108,27,90,377,4,10,57
5805,-108,63,90,377,4,11,58
5805,-108,65,90,377,5,9,56
5805,-108,46,90,377,4,8,56
5805,-108,46,90,377,4,10,57
5805,-108,61,90,377,5,11,58
5805,-108,36,90,377,6,9,57
5805,-108,49,90,377,4,9,57
5805,-108,28,90,377,3,9,57
5805,-108,58,90,377,5,12,59
5805,-108,43,90,377,4,11,57
5805,-108,63,90,377,3,9,57
5805,-108,45,90,377,2,10,57
5805,-108,44,90,377,4,10,58
5805,-108,39,90,377,2,8,56
5805,-108,37,90,377,4,10,57
5805,-108,41,90,377,4,11,57
5805,-108,38,90,377,4,8,57
5805,-108,61,90,377,3,9,57
5805,-108,61,90,377,5,9,57
5805,-108,36,90,377,4,9,57
5805,-108,43,90,377,3,9,57
5805,-108,34,90,377,5,10,57
5805,-108,50,90,377,4,11,58
5805,-108,39,90,377,4,10,57
5805,-108,40,90,377,3,11,57
5805,-108,51,90,377,3,11,57
5805,-108,43,90,377,2,12,58
5805,-108,39,90,377,3,12,58
5805,-108,44,90,377,5,10,58
5805,-108,38,90,377,4,9,57
5805,-108,38,90,377,4,9,58
5805,-108,60,90,377,4,10,58
5805,-108,52,90,377,4,10,58
5805,-108,25,90,377,4,9,55
5805,-108,38,90,377,5,10,57
5805,-108,39,90,377,2,8,56
5805,-108,38,90,377,5,10,58
5805,-108,59,90,377,4,11,58
5805,-108,56,90,377,3,11,58
5805,-108,40,90,377,3,11,58
5805,-108,38,90,377,4,8,57
5805,-108,28,90,377,3,8,57
5805,-108,59,90,377,2,10,58
5805,-108,33,90,377,4,10,57
5805,-108,60,90,377,3,10,58
5805,-108,39,90,377,4,9,56
5805,-108,55,90,377,4,10,57
5805,-108,35,90,377,4,11,57
5805,-108,46,90,377,3,9,58
5805,-108,37,90,377,5,7,56
5805,-108,46,90,377,3,10,57
5805,-108,58,90,377,4,9,57
5805,-108,59,90,377,4,10,57
5805,-108,39,90,377,5,9,57
5805,-108,30,90,377,3,8,57
5805,-108,45,90,377,5,10,57
5805,-108,46,90,377,4,10,57
5805,-108,40,90,377,4,9,57
5805,-108,32,90,377,4,10,58
5805,-108,39,90,377,3,10,57
5805,-108,40,90,377,3,9,58
5805,-108,48,90,377,4,9,57
5805,-108,43,90,377,4,10,57
5805,-108,41,90,377,3,10,56
5805,-108,38,90,377,3,12,58
5805,-108,53,90,377,4,10,58
5805,-108,42,90,377,3,8,56
5805,-108,48,90,377,4,10,58
5805,-108,42,90,377,3,9,57
5805,-108,30,90,377,5,9,57
5805,-108,60,90,377,4,10,58
5805,-108,46,90,377,4,12,58
5805,-108,35,90,377,3,9,57
5805,-108,49,90,377,4,10,58
5805,-108,40,90,377,3,10,57
5805,-108,27,90,377,4,9,57
5805,-108,46,90,377,3,11,58
5805,-108,49,90,377,5,9,57
5805,-108,52,90,377,2,10,57
5805,-108,38,90,377,3,9,57
5805,-108,50,90,377,4,8,57
5805,-108,33,90,377,4,9,56
5805,-108,31,90,377,2,10,56
5805,-108,34,90,377,4,11,57
5805,-108,52,90,377,5,8,57
5805,-108,52,90,377,5,11,57
5805,-108,44,90,377,2,9,56
5805,-108,51,90,377,2,8,57
5805,-108,42,90,377,3,10,58
5805,-108,35,90,377,3,11,58
5805,-108,53,90,377,2,9,57
5805,-108,47,90,377,3,10,57
5805,-108,45,90,377,3,9,57
5805,-108,55,90,377,3,10,57
5805,-108,57,90,377,3,10,57
5805,-108,31,89,377,6,8,55
5805,-108,35,90,377,2,10,57
5805,-108,64,90,377,4,8,57
5805,-108,35,90,377,3,10,57
5805,-108,45,90,377,4,9,57
5805,-108,33,90,377,4,10,57
5805,-108,43,89,377,5,9,55
5805,-108,44,90,377,3,9,57
5805,-108,43,90,377,2,12,58
5805,-108,48,90,377,3,10,57
5805,-108,46,90,377,3,9,57
5805,-108,49,90,377,4,10,58
5805,-108,50,90,377,3,10,58
5805,-108,49,90,377,2,10,57
5805,-108,55,90,377,5,10,57
5805,-108,44,90,377,3,11,58
5805,-108,32,89,377,5,8,56
5805,-108,47,90,377,4,9,57
5805,-108,32,90,377,3,9,57
5805,-108,45,90,377,4,10,57
5805,-108,48,90,377,4,9,57
5805,-108,44,90,377,3,11,58
5805,-108,43,90,377,4,11,57
5805,-108,38,90,377,3,8,57
5805,-108,43,90,377,4,8,56
5805,-108,30,90,377,4,9,57
5805,-108,46,90,377,5,9,57
5805,-108,44,90,377,4,11,58
5805,-108,48,90,377,5,9,57
5805,-108,38,90,377,4,10,57
5805,-108,40,90,377,4,9,56
5805,-108,28,90,377,5,11,57
5805,-108,38,90,377,4,9,57
5805,-108,35,90,377,3,8,57
5805,-108,42,90,377,4,7,57
5805,-108,38,90,377,3,10,57
5805,-108,40,90,377,5,9,57
5805,-108,50,90,377,2,10,57
5805,-108,48,90,377,4,10,57
5805,-108,51,90,377,2,11,58
5805,-108,35,89,377,5,8,56
5805,-108,42,90,377,4,9,56
5805,-108,40,90,377,4,9,57
5805,-108,58,90,377,3,9,57
5805,-108,50,90,377,4,9,57
5805,-108,46,90,377,5,10,56
5805,-108,53,90,377,4,8,57
5805,-108,61,90,377,3,8,57
5805,-108,39,90,377,4,9,56
5805,-108,56,90,377,4,9,57
5805,-108,42,90,377,3,9,57
5805,-108,45,90,377,3,9,57
5805,-108,59,90,377,4,9,57
5805,-108,49,90,377,3,10,57
5805,-108,36,90,377,4,9,57
5805,-108,36,90,377,3,10,57
5805,-108,50,90,377,3,9,57
5805,-108,35,90,377,3,9,57
5805,-108,38,90,377,2,9,56
5805,-108,36,90,377,3,9,56
5805,-108,40,90,377,3,10,57
5805,-108,33,90,377,3,9,57
5805,-108,42,90,377,4,10,57
5805,-108,49,90,377,2,9,57
5805,-108,45,90,377,4,11,57
5805,-108,44,90,377,4,11,58
5805,-108,59,90,377,3,8,57
5805,-108,25,90,377,4,8,56
5805,-108,37,90,377,4,11,57
5805,-108,35,90,377,4,9,56
5805,-108,51,90,377,4,10,57
5805,-108,64,90,377,4,9,57
5805,-108,50,90,377,4,9,57
5805,-108,42,90,377,3,10,56
5805,-108,52,90,377,3,9,56
5805,-108,53,90,377,3,10,58
5805,-108,34,90,377,3,9,57
5805,-108,39,90,377,3,10,57
5805,-108,34,89,377,5,10,57
5805,-108,46,90,377,1,8,57
5805,-108,38,90,377,3,10,57
5805,-108,43,90,377,5,8,57
5805,-108,46,90,377,3,8,57
5805,-108,59,90,377,4,9,57
5805,-108,50,90,377,2,10,56
5805,-108,52,90,377,4,9,56
5805,-108,36,90,377,4,10,57
5805,-108,48,90,377,5,8,57
5805,-108,40,90,377,3,10,57
5805,-108,41,90,377,4,10,57
5805,-108,41,90,377,4,9,57
5805,-108,45,90,377,4,10,58
5805,-108,44,90,377,4,6,56
5805,-108,29,90,377,5,9,56
5805,-108,52,90,377,3,10,57
5805,-108,44,90,377,5,10,56
5805,-108,35,90,377,3,8,56
5805,-108,44,90,377,5,9,57
5805,-108,40,90,377,3,8,56
5805,-108,64,90,377,5,9,57
5805,-108,43,90,377,5,7,56
5805,-108,41,90,377,4,9,56
5805,-108,39,90,377,5,9,57
5805,-108,43,90,377,4,8,57
5805,-108,62,90,377,4,10,57
5805,-108,43,90,377,3,9,57
5805,-108,53,90,377,4,9,57
5805,-108,43,90,377,4,9,56
5805,-108,28,90,377,2,9,57
5805,-108,52,90,377,4,9,57
5805,-108,35,90,377,3,11,57
5805,-108,44,90,377,1,10,57
5805,-108,39,90,377,2,8,56
5805,-108,40,90,377,4,8,56
5805,-108,62,90,377,4,8,57
5805,-108,46,89,377,6,9,55
5805,-108,27,90,377,5,10,57
5805,-108,40,90,377,3,8,56
5805,-108,39,90,377,5,9,57
5805,-108,43,90,377,3,10,57
5805,-108,41,90,377,3,10,57
5805,-108,30,89,377,4,9,56
5805,-108,44,90,377,3,10,57
5805,-108,42,90,377,4,9,57
5805,-108,42,90,377,5,9,57
5805,-108,60,90,377,4,11,58
5805,-108,44,90,377,3,8,56
5805,-108,54,90,377,5,9,56
5805,-108,43,90,377,4,8,56
5805,-108,47,90,377,4,12,58
5805,-108,36,90,377,3,10,57
5805,-108,41,90,377,3,9,57
5805,-108,49,90,377,4,11,58
5805,-108,41,90,377,3,10,57
5805,-108,55,90,377,3,10,57
5805,-108,39,90,377,4,9,56
5805,-108,53,90,377,4,8,58
5805,-108,35,90,377,2,10,57
5805,-108,34,90,377,3,8,56
5805,-108,75,90,377,3,12,57
5805,-108,39,90,377,5,9,57
5805,-108,39,90,377,4,10,57
5805,-108,30,90,377,3,10,56
5805,-108,37,90,377,5,10,58
5805,-108,47,90,377,3,9,57
5805,-108,42,90,377,3,9,57
5805,-108,57,90,377,4,9,58
5805,-108,40,90,377,4,9,56
5805,-108,26,90,377,4,8,56
5805,-108,39,90,377,4,11,58
5805,-108,34,90,377,4,10,57
5805,-108,47,90,377,4,9,57
5805,-108,55,90,377,3,11,57
5805,-108,40,90,377,4,10,57
5805,-108,49,90,377,3,10,57
5805,-108,43,90,377,3,11,57
5805,-108,44,90,377,3,10,57
5805,-108,30,90,377,3,10,57
5805,-108,45,89,378,5,9,56
5805,-108,45,90,377,3,9,57
5805,-108,46,90,377,4,6,56
5805,-108,50,90,377,5,11,58
5805,-108,50,90,377,4,9,58
5805,-108,54,90,377,4,9,57
5805,-108,47,90,377,4,9,57
5805,-108,33,89,377,5,10,56
5805,-108,48,90,377,2,9,57
5805,-108,34,90,377,2,11,57
5805,-108,43,90,377,4,9,57
5805,-108,47,90,377,4,10,57
5805,-108,31,90,377,4,8,57
5805,-108,41,90,377,4,10,57
5805,-108,46,90,377,4,9,57
5805,-108,58,90,377,4,10,58
5805,-108,61,90,377,5,10,58
5805,-108,66,90,377,4,10,58
5805,-108,53,90,377,4,9,57
5805,-108,43,90,377,3,9,56
5805,-108,61,90,377,4,10,57
5805,-108,41,90,377,4,9,56
5805,-108,30,90,377,5,9,57
5805,-108,41,90,377,3,9,56
5805,-108,44,90,377,4,8,57
5805,-108,47,90,377,4,9,57
5805,-108,42,90,377,5,7,56
5805,-108,47,90,377,4,10,57
5805,-108,40,90,377,4,11,57
5805,-108,38,90,377,3,9,57
5805,-108,45,90,377,3,8,56
5805,-108,52,90,377,6,11,58
5805,-108,54,90,377,4,9,57
5805,-108,50,90,377,3,9,57
5805,-108,42,90,377,3,9,57
5805,-108,54,90,377,3,10,57
5805,-108,35,90,377,4,9,57
5805,-108,60,90,377,3,11,57
5805,-108,45,90,377,4,8,57
5805,-108,39,90,377,3,9,57
5805,-108,32,90,377,4,9,57
5805,-108,41,90,377,2,10,57
5805,-108,40,90,377,4,9,56
5805,-108,52,90,377,3,9,57
5805,-108,39,90,377,5,10,58
5805,-108,42,90,377,5,11,57
5805,-108,34,90,377,4,9,57
5805,-108,28,90,377,4,8,57
5805,-108,39,90,377,5,10,58
5805,-108,39,90,377,3,10,57
5805,-108,32,90,377,4,9,57
5805,-108,27,89,377,4,10,56
5805,-108,32,90,377,3,9,56
5805,-108,45,90,377,4,9,57
5805,-108,21,90,377,5,9,55
5805,-108,29,90,377,4,8,56
5805,-108,27,90,377,4,8,56
5805,-108,38,90,377,4,10,58
5805,-108,40,90,377,3,9,57
5805,-108,30,90,377,3,10,58
5805,-108,44,90,377,4,8,57
5805,-108,40,90,377,5,9,57
5805,-108,55,90,377,3,8,55
5805,-108,39,90,377,3,11,57
5805,-108,32,90,377,4,9,56
5805,-108,49,90,377,4,8,57
5805,-108,43,90,377,4,12,58
5805,-108,41,90,377,4,11,58
5805,-108,44,90,377,3,9,57
5805,-108,57,90,377,5,9,57
5805,-108,40,90,377,3,10,57
5805,-108,39,90,377,5,10,57
5805,-108,51,90,377,4,8,57
5805,-108,49,90,377,3,8,57
5805,-108,35,90,377,4,10,57
5805,-108,50,90,377,5,9,57
5805,-108,42,90,377,4,10,58
5805,-108,38,90,377,4,10,57
5805,-108,47,90,377,2,9,57
5805,-108,34,90,377,3,10,57
5805,-108,55,90,377,4,11,57
5805,-108,37,90,377,5,10,56
5805,-108,59,90,377,3,10,58
5805,-108,36,90,377,3,10,57
5805,-108,40,90,377,5,11,57
5805,-108,54,90,377,2,11,57
5805,-108,36,90,377,3,10,58
5805,-108,44,90,377,4,6,56
5805,-108,38,90,377,3,8,57
5805,-108,51,90,377,4,8,57
5805,-108,31,90,377,4,10,56
5805,-108,43,90,377,3,8,56
5805,-108,53,90,377,5,8,57
5805,-108,43,90,377,3,9,58
5805,-108,54,90,377,2,9,57
5805,-108,42,90,377,3,10,57
5805,-108,54,90,377,5,10,58
5805,-108,49,90,377,4,9,57
5805,-108,49,90,377,5,8,56
5805,-108,58,90,377,4,10,57
5805,-108,48,90,377,4,9,57
5805,-108,47,90,377,5,10,57
5805,-108,53,90,377,4,7,56
5805,-108,44,90,377,4,11,57
5805,-108,36,90,377,3,10,56
5805,-108,46,90,377,3,10,57
5805,-108,38,90,377,3,8,56
5805,-108,51,90,377,2,11,58
5805,-108,37,90,377,5,8,57
5805,-108,33,90,377,5,8,56
5805,-108,50,90,377,3,10,57
5805,-108,30,90,377,4,9,57
5805,-108,47,90,377,3,10,58
5805,-108,36,89,377,5,10,55
5805,-108,51,90,377,4,10,58
5805,-108,46,90,377,5,10,57
5805,-108,39,90,377,4,11,57
5805,-108,39,90,377,5,9,57
5805,-108,25,90,377,4,8,56
5805,-108,57,90,377,4,10,57
5805,-108,44,90,377,4,9,57
5805,-108,42,90,377,4,9,57
5805,-108,44,90,377,4,10,57
5805,-108,36,90,377,3,11,57
5805,-108,46,90,377,5,9,57
5805,-108,47,90,377,4,10,56
5805,-108,38,90,377,3,9,57
5805,-108,50,90,377,3,10,57
5805,-108,38,90,377,4,11,57
5805,-108,32,90,377,4,10,58
5805,-108,50,90,377,4,9,57
5805,-108,51,90,377,4,9,57
5805,-108,32,90,377,3,8,57
5805,-108,42,90,377,4,10,57
5805,-108,28,90,377,2,10,56
5805,-108,57,90,377,5,8,57
5805,-108,45,90,377,5,9,56
5805,-108,34,90,377,3,10,57
5805,-108,44,90,377,3,11,58
5805,-108,54,90,377,4,9,57
5805,-108,66,90,377,4,10,58
5805,-108,40,90,377,2,9,57
5805,-108,42,90,377,3,9,57
5805,-108,36,90,377,4,9,58
5805,-108,40,90,377,5,11,57
5805,-108,60,90,377,4,11,58
5805,-108,46,90,377,3,9,57
5805,-108,37,90,377,5,9,57
5805,-108,43,90,377,4,9,57
5805,-108,33,89,377,4,8,55
5805,-108,61,90,377,3,11,58
5805,-108,48,90,377,4,9,57
5805,-108,41,90,377,4,9,57
5805,-108,47,90,377,4,11,57
5805,-108,59,90,377,3,11,57
5805,-108,45,90,377,3,11,57
5805,-108,38,90,377,4,10,57
5805,-108,56,90,377,3,8,57
5805,-108,59,90,377,5,8,57
5805,-108,35,90,377,4,10,57
5805,-108,45,90,377,3,9,57
5805,-108,46,90,377,3,10,58
5805,-108,35,90,377,4,9,57
5805,-108,42,90,377,5,9,57
5805,-108,48,90,377,4,9,57
5805,-108,52,90,377,3,8,56
5805,-108,38,90,377,4,9,58
5805,-108,47,90,377,3,10,57
5805,-108,50,90,377,5,9,58
5805,-108,46,90,377,4,9,57
5805,-108,36,90,377,3,9,57
5805,-108,38,90,377,4,9,56
5805,-108,41,90,377,4,10,57
5805,-108,40,90,377,3,9,56
5805,-108,36,90,377,4,9,57
5805,-108,51,90,377,4,9,57
5805,-108,38,90,377,5,8,54
5805,-108,35,90,377,3,13,58
5805,-108,37,90,377,4,9,56
5805,-108,56,90,377,4,9,57
5805,-108,47,90,377,4,8,57
5805,-108,57,90,377,3,11,57
5805,-108,50,90,377,5,10,57
5805,-108,59,90,377,3,9,57
5805,-108,41,90,377,4,10,57
5805,-108,45,90,377,4,9,57
5805,-108,32,90,377,4,9,57
5805,-108,50,90,377,4,10,58
5805,-108,48,90,377,3,8,57
5805,-108,57,90,377,3,11,57
5805,-108,39,90,377,4,8,57
5805,-108,43,90,377,5,8,56
5805,-108,49,90,377,3,9,57
5805,-108,37,90,377,4,8,56
5805,-108,45,90,377,4,9,57
5805,-108,42,90,377,3,9,57
5805,-108,44,90,377,3,11,57
5805,-108,51,90,377,4,10,56
5805,-108,42,90,377,4,9,57
5805,-108,59,90,377,4,9,57
5805,-108,36,89,377,4,7,56
5805,-108,54,90,377,4,8,57
5805,-108,33,90,377,5,9,57
5805,-108,43,90,377,2,10,58
5805,-108,46,90,377,4,10,58
5805,-108,47,90,377,3,11,57
5805,-108,37,90,377,4,9,57
5805,-108,42,90,377,4,8,57
5805,-108,49,90,377,3,9,57
5805,-108,51,90,377,3,10,57
5805,-108,55,90,377,4,9,57
5805,-108,45,90,377,4,9,56
5805,-108,40,90,377,3,9,57
5805,-108,51,90,377,3,10,56
5805,-108,42,90,377,5,10,57
5805,-108,24,90,377,3,9,56
5805,-108,41,90,377,4,10,57
5805,-108,42,90,377,5,10,57
5805,-108,28,90,377,4,9,57
5805,-108,54,90,377,3,10,57
5805,-108,42,90,377,3,9,57
5805,-108,36,90,377,4,11,57
5805,-108,50,90,377,3,10,57
5805,-108,43,90,377,4,8,56
5805,-108,40,90,377,3,10,57
5805,-108,44,90,377,4,9,57
5805,-108,30,90,377,4,8,57
5805,-108,36,90,377,4,10,57
5805,-108,36,90,377,3,9,58
5805,-108,51,90,377,3,8,56
5805,-108,38,90,377,5,10,57
5805,-108,56,90,377,5,11,59
5805,-108,44,90,377,4,9,57
5805,-108,30,90,377,6,9,57
5805,-108,30,90,377,3,9,56
5805,-108,44,90,377,5,9,57
5805,-108,32,90,377,3,9,57
5805,-108,29,90,377,4,10,57
5805,-108,47,90,377,4,8,57
5805,-108,31,90,377,4,8,57
5805,-108,32,90,377,4,10,56
5805,-108,70,90,377,3,9,57
5805,-108,64,90,377,4,9,58
5805,-108,32,90,377,5,9,56
5805,-108,49,90,377,4,9,57
5805,-108,34,90,377,4,10,57
5805,-108,50,90,377,3,10,58
5805,-108,58,90,377,5,10,58
5805,-108,51,90,377,4,10,57
5805,-108,41,90,377,3,9,57
5805,-108,41,90,377,4,11,57
5805,-108,45,90,377,4,10,57
5805,-108,52,90,377,3,10,57
5805,-108,33,90,377,3,9,56
5805,-108,48,90,377,4,9,57
5805,-108,46,90,377,5,11,58
5805,-108,39,90,377,5,10,57
5805,-108,71,90,377,4,9,57
5805,-108,31,90,377,4,10,56
5805,-108,45,90,377,3,8,57
5805,-108,70,90,377,3,10,57
5805,-108,48,90,377,5,8,57
5805,-108,48,90,377,3,11,57
5805,-108,47,90,377,4,11,57
5805,-108,49,90,377,2,9,57
5805,-108,54,90,377,4,12,58
5805,-108,41,90,377,3,9,57
5805,-108,46,90,377,3,9,56
5805,-108,55,90,377,2,9,57
5805,-108,28,90,377,2,11,57
5805,-108,47,90,377,4,11,57
5805,-108,54,90,377,3,10,57
5805,-108,29,90,377,3,10,57
5805,-108,53,90,377,3,9,57
5805,-108,38,90,377,4,10,57
5805,-108,39,90,377,3,11,57
5805,-108,48,90,377,4,10,57
5805,-108,41,90,377,5,9,57
5805,-108,42,90,377,5,10,57
5805,-108,44,90,377,3,8,57
5805,-108,36,90,377,3,12,57
5805,-108,46,90,377,4,8,57
5805,-108,42,90,377,3,8,57
5805,-108,43,90,377,4,9,57
5805,-108,52,90,377,2,8,56
5805,-108,38,90,377,4,11,57
5805,-108,35,90,377,5,10,57
5805,-108,45,90,377,5,10,57
5805,-108,57,90,377,4,10,57
5805,-108,47,90,377,3,9,56
5805,-108,51,90,377,3,9,57
5805,-108,31,90,377,3,10,58
5805,-108,50,90,377,5,9,57
5805,-108,31,90,377,3,9,57
5805,-108,38,90,377,5,10,57
5805,-108,40,90,377,3,10,57
5805,-108,43,90,377,3,9,57
5805,-108,54,90,377,3,10,57
5805,-108,51,90,377,4,9,57
5805,-108,51,90,377,4,10,57
5805,-108,41,90,377,4,9,57
5805,-108,42,90,377,3,10,57
5805,-108,50,90,377,9,10,58
5805,-108,47,90,377,4,9,57
5805,-108,36,89,377,5,9,55
5805,-108,52,90,377,3,9,57
5805,-108,48,90,377,4,8,56
5805,-108,37,90,377,4,10,57
5805,-108,57,90,377,5,10,56
5805,-108,60,90,377,4,9,57
5805,-108,47,90,377,3,9,57
5805,-108,59,90,377,4,9,57
5805,-108,55,90,377,3,9,56
5805,-108,51,90,377,3,9,57
5805,-108,46,90,377,4,9,57
5805,-108,51,90,377,2,9,57
5805,-108,46,90,377,3,9,57
5805,-108,52,90,377,3,11,58
5805,-108,54,90,377,4,9,57
5805,-108,40,90,377,4,11,57
5805,-108,27,89,377,6,9,56
5805,-108,41,90,377,3,10,58
5805,-108,45,90,377,3,11,58
5805,-108,51,90,377,4,10,57
5805,-108,47,90,377,3,9,57
5805,-108,45,90,377,5,8,57
5805,-108,34,90,377,3,9,56
5805,-108,36,90,377,4,10,57
5805,-108,39,90,377,5,9,57
5805,-108,46,90,377,4,9,58
5805,-108,34,90,377,4,9,57
5805,-108,40,90,377,4,10,57
5805,-108,45,90,377,3,9,56
5805,-108,32,90,377,3,9,57
5805,-108,44,90,377,5,7,55
5805,-108,36,90,377,3,9,57
5805,-108,43,90,377,4,8,57
5805,-108,61,90,377,4,10,57
5805,-108,47,90,377,3,8,57
5805,-108,28,90,377,3,10,57
5805,-108,36,89,377,5,9,56
5805,-108,57,90,377,2,10,57
5805,-108,49,90,377,4,11,58
5805,-108,43,90,377,3,7,57
5805,-108,41,90,377,4,10,58
5805,-108,46,90,377,4,9,57
5805,-108,52,90,377,3,10,57
5805,-108,51,90,377,3,10,57
5805,-108,38,90,377,4,10,57
5805,-108,52,90,377,3,8,56
5805,-108,44,90,377,4,10,57
5805,-108,43,90,377,4,10,57
5805,-108,32,90,377,5,10,57
5805,-108,32,89,377,4,9,55
5805,-108,56,90,377,3,8,57
5805,-108,42,90,377,5,10,57
5805,-108,54,90,377,3,11,57
5805,-108,30,90,377,3,9,57
5805,-108,37,89,377,3,8,56
5805,-108,36,90,377,4,10,57
5805,-108,43,90,377,4,10,57
5805,-108,46,90,377,5,10,58
5805,-108,55,90,377,4,8,57
5805,-108,49,90,377,5,8,57
5805,-108,57,90,377,3,10,58
5805,-108,50,90,377,3,10,57
5805,-108,45,90,377,4,9,57
5805,-108,45,90,377,3,7,56
5805,-108,34,90,377,4,9,57
5805,-108,42,90,377,3,10,57
5805,-108,42,90,377,2,9,57
5805,-108,45,90,377,4,11,57
5805,-108,30,90,377,4,11,57
5805,-108,36,90,377,4,9,57
5805,-108,44,90,377,4,8,57
5805,-108,57,90,377,5,9,58
5805,-108,39,90,377,4,9,57
5805,-108,38,90,377,3,11,57
5805,-108,45,90,377,4,11,57
5805,-108,38,90,377,4,9,57
5805,-108,59,90,377,3,10,57
5805,-108,31,90,377,3,8,56
5805,-108,35,90,377,4,11,58
5805,-108,41,90,377,3,8,56
5805,-108,45,90,377,5,10,57
5805,-108,52,90,377,3,11,57
5805,-108,37,90,377,5,9,57
5805,-108,38,90,377,4,8,56
5805,-108,38,89,377,5,10,57
5805,-108,39,90,377,3,8,56
5805,-108,54,90,377,4,9,57
5805,-108,57,90,377,4,10,57
5805,-108,58,90,377,4,8,56
5805,-108,45,90,377,2,10,58
5805,-108,42,90,377,4,9,57
5805,-108,33,90,377,3,7,57
5805,-108,51,90,377,4,9,57
5805,-108,42,90,377,3,9,57
5805,-108,40,90,377,4,9,57
5805,-108,63,90,377,4,9,57
5805,-108,30,90,377,3,10,57
5805,-108,45,89,377,4,10,56
5805,-108,61,90,377,4,9,58
5805,-108,32,90,377,3,8,56
5805,-108,48,90,377,4,12,59
5805,-108,36,90,377,4,11,57
5805,-108,43,90,377,4,9,57
5805,-108,51,90,377,4,10,57
5805,-108,43,90,377,4,9,57
5805,-108,38,90,377,4,9,58
5805,-108,47,90,377,5,9,58
5805,-108,58,90,377,4,10,57
5805,-108,43,90,377,4,9,57
5805,-108,32,90,377,4,9,57
5805,-108,41,89,378,5,9,56
5805,-108,28,89,377,6,12,57
5805,-108,60,90,377,3,11,57
5805,-108,49,90,377,4,9,57
5805,-108,32,90,377,5,10,57
5805,-108,39,90,377,5,10,57
5805,-108,33,90,377,4,11,57
5805,-108,52,90,377,5,8,57
5805,-108,39,90,377,4,10,58
5805,-108,48,90,377,5,9,57
5805,-108,42,90,377,3,9,57
5805,-108,27,90,377,4,9,56
5805,-108,40,90,377,3,9,57
5805,-108,65,90,377,3,7,56
5805,-108,32,90,377,4,8,57
5805,-108,46,90,377,3,9,57
5805,-108,38,90,377,5,10,57
5805,-108,33,90,377,4,9,57
5805,-108,44,90,377,4,8,56
5805,-108,53,89,377,4,8,56
5805,-108,30,90,377,4,9,57
5805,-108,38,90,377,4,10,57
5805,-108,48,90,377,3,9,57
5805,-108,39,90,377,4,9,57
5805,-108,39,90,377,5,8,57
5805,-108,43,90,377,4,11,57
5805,-108,49,90,377,4,10,57
5805,-108,50,90,377,2,9,57
5805,-108,35,90,377,5,10,57
5805,-108,48,90,377,4,11,58
5805,-108,46,90,377,3,9,56
5805,-108,43,89,377,4,9,55
5805,-108,43,90,377,4,10,57
5805,-108,51,90,377,3,10,57
5805,-108,35,90,377,4,9,57
5805,-108,55,90,377,3,10,58
5805,-108,29,90,377,5,10,58
5805,-108,42,90,377,4,9,57
5805,-108,40,90,377,4,9,57
5805,-108,30,90,377,4,10,57
5805,-108,51,90,377,4,10,57
5805,-108,53,90,377,4,10,56
5805,-108,42,90,377,5,10,58
5805,-108,43,90,377,3,10,58
5805,-108,65,90,377,3,9,57
5805,-108,60,90,377,4,9,57
5805,-108,39,89,377,4,11,56
5805,-108,37,90,377,5,9,57
5805,-108,47,90,377,4,9,57
5805,-108,61,90,377,3,9,57
5805,-108,35,90,377,3,9,57
5805,-108,56,90,377,4,9,57
5805,-108,55,90,377,4,10,58
5805,-108,80,90,377,4,9,57
5805,-108,38,90,377,4,10,57
5805,-108,56,90,377,4,10,56
5805,-108,31,90,377,4,9,57
5805,-108,75,90,377,4,11,57
5805,-108,55,90,377,4,8,56
5805,-108,43,90,377,4,10,57
5805,-108,42,90,377,4,8,57
5805,-108,35,90,377,4,7,56
5805,-108,29,90,377,3,9,56
5805,-108,66,90,377,4,12,58
5805,-108,56,90,377,4,8,57
5805,-108,52,90,377,5,10,57
5805,-108,41,90,377,5,9,57
5805,-108,40,90,377,4,10,57
5805,-108,49,90,377,3,10,57
5805,-108,38,90,377,5,9,57
5805,-108,49,90,377,3,9,57
5805,-108,39,90,377,4,8,55
5805,-108,33,90,377,4,10,57
5805,-108,44,90,377,4,10,58
5805,-108,31,90,377,4,10,57
5805,-108,54,90,377,4,9,58
5805,-108,29,90,377,3,11,57
5805,-108,31,90,377,3,8,56
5805,-108,48,90,377,4,10,58
5805,-108,41,90,377,3,10,57
5805,-108,37,90,377,3,9,57
5805,-108,46,90,377,4,10,57
5805,-108,49,90,377,3,11,57
5805,-108,47,90,377,4,10,57
5805,-108,34,90,377,3,10,57
5805,-108,33,90,377,4,10,57
5805,-108,32,90,377,5,9,57
5805,-108,41,90,377,4,9,57
5805,-108,54,90,377,3,10,57
5805,-108,50,90,377,5,11,57
5805,-108,56,90,377,4,11,57
5805,-108,54,90,377,4,10,57
5805,-108,39,90,377,4,10,58
5805,-108,43,90,377,4,9,57
5805,-108,41,90,377,2,9,56
5805,-108,47,90,377,3,9,57
5805,-108,49,90,377,4,9,57
5805,-108,47,90,377,3,8,56
5805,-108,41,90,377,3,10,58
5805,-108,51,89,377,5,8,56
5805,-108,42,90,377,4,10,58
5805,-108,55,90,377,3,11,58
5805,-108,29,90,377,4,11,57
5805,-108,33,90,377,3,11,58
5805,-108,38,90,377,4,10,57
5805,-108,35,90,377,4,10,57
5805,-108,41,90,377,3,10,57
5805,-108,32,90,377,4,9,56
5805,-108,42,89,377,5,9,56
5805,-108,45,90,377,2,10,58
5805,-108,32,90,377,2,9,57
5805,-108,47,90,377,3,10,57
5805,-108,44,90,377,4,9,57
5805,-108,41,89,377,5,10,57
5805,-108,43,90,377,3,9,57
5805,-108,46,90,377,4,10,58
5805,-108,47,90,377,4,8,56
5805,-108,34,90,377,2,10,57
5805,-108,49,90,377,4,9,57
5805,-108,45,90,377,4,10,57
5805,-108,31,90,377,5,10,57
5805,-108,46,90,377,5,10,57
5805,-108,38,90,377,4,11,58
5805,-108,57,90,377,4,9,57
5805,-108,27,90,377,4,10,57
5805,-108,39,90,377,3,9,57
5805,-108,40,90,377,4,9,56
5805,-108,47,90,377,4,10,57
5805,-108,48,90,377,3,10,57
5805,-108,45,90,377,4,10,57
5805,-108,43,90,377,4,9,57
5805,-108,44,90,377,4,8,56
5805,-108,53,90,377,2,9,57
5805,-108,37,90,377,5,8,57
5805,-108,36,90,377,4,9,57
5805,-108,51,90,377,5,9,57
5805,-108,39,90,377,4,10,57
5805,-108,46,90,377,3,7,56
5805,-108,28,90,377,4,8,56
5805,-108,47,90,377,4,9,57
5805,-108,44,90,377,3,10,57
5805,-108,47,90,377,3,10,56
5805,-108,45,90,377,4,10,58
5805,-108,56,90,377,3,9,57
5805,-108,46,90,377,3,9,57
5805,-108,41,90,377,2,7,56
5805,-108,48,90,377,4,10,58
5805,-108,57,90,377,4,10,57
5805,-108,43,90,377,4,11,57
5805,-108,46,90,377,5,10,58
5805,-108,34,90,377,4,10,57
5805,-108,34,90,377,4,8,56
5805,-108,36,90,377,5,10,57
5805,-108,41,90,377,4,9,57
5805,-108,38,89,377,5,10,56
5805,-108,43,90,377,5,10,58
5805,-108,46,90,377,3,9,57
5805,-108,51,90,377,3,9,57
5805,-108,49,90,377,4,8,58
5805,-108,48,90,377,3,9,57
5805,-108,56,90,377,2,8,57
5805,-108,35,90,377,5,9,57
5805,-108,33,90,377,3,10,58
5805,-108,45,90,377,5,9,57
5805,-108,36,90,377,3,9,56
5805,-108,45,90,377,3,9,57
5805,-108,37,90,377,4,10,58
5805,-108,37,90,377,4,7,56
5805,-108,51,90,377,4,9,57
5805,-108,27,89,377,5,8,55
5805,-108,52,90,377,3,9,57
5805,-108,47,90,377,3,9,57
5805,-108,56,90,377,4,10,57
5805,-108,44,90,377,4,9,56
5805,-108,33,90,377,5,10,57
5805,-108,37,90,377,3,10,56
5805,-108,40,90,377,5,9,57
5805,-108,50,90,377,4,10,57
5805,-108,29,90,377,3,8,57
5805,-108,44,90,377,5,12,58
5805,-108,60,90,377,4,11,58
5805,-108,53,90,377,4,11,57
5805,-108,57,90,377,3,8,56
5805,-108,30,90,377,4,10,57
5805,-108,36,90,377,3,10,57
5805,-108,48,90,377,4,11,57
5805,-108,44,90,377,4,9,57
5805,-108,50,90,377,3,9,58
5805,-108,48,90,377,3,9,55
5805,-108,53,90,377,4,9,57
5805,-108,45,90,377,4,9,57
5805,-108,52,90,377,3,9,57
5805,-108,53,90,377,4,11,57
5805,-108,76,90,377,5,10,57
5805,-108,42,90,377,3,8,56
5805,-108,44,90,377,4,9,56
5805,-108,49,90,377,3,9,57
5805,-108,30,89,377,4,8,55
5805,-108,41,90,377,6,11,57
5805,-108,66,90,377,4,10,57
5805,-108,60,90,377,3,9,57
5805,-108,52,90,377,4,9,56
5805,-108,45,90,377,5,9,57
5805,-108,50,90,377,4,10,57
5805,-108,26,90,377,3,9,56
5805,-108,46,90,377,3,11,57
5805,-108,29,90,377,4,10,57
5805,-108,54,90,377,3,8,56
5805,-108,40,90,377,4,10,57
5805,-108,50,90,377,2,9,57
5805,-108,47,90,377,4,9,57
5805,-108,40,90,377,3,8,56
5805,-108,40,90,377,4,11,58
5805,-108,56,89,377,3,10,56
5805,-108,48,90,377,4,9,57
5805,-108,56,90,377,3,10,58
5805,-108,60,90,377,3,8,57
5805,-108,57,90,377,3,10,57
5805,-108,45,90,377,2,10,57
5805,-108,34,90,377,5,8,57
5805,-108,31,90,377,5,7,56
5805,-108,30,90,377,3,9,57
5805,-108,59,90,377,4,8,57
5805,-108,33,90,377,3,10,58
5805,-108,38,90,377,4,8,57
5805,-108,41,90,377,3,8,57
5805,-108,30,90,377,3,8,56
5805,-108,58,90,377,5,9,57
5805,-108,56,90,377,4,9,57
5805,-108,40,90,377,3,9,57
5805,-108,52,90,377,4,9,57
5805,-108,50,90,377,4,10,57
5805,-108,50,90,377,5,10,57
5805,-108,49,90,377,4,9,57
5805,-108,54,90,377,3,10,57
5805,-108,44,90,377,3,9,57
5805,-108,41,90,377,4,10,57
5805,-108,33,90,377,4,9,57
5805,-108,31,90,377,3,10,57
5805,-108,43,90,377,3,10,57
5805,-108,35,90,377,4,8,56
5805,-108,47,90,377,3,8,56
5805,-108,55,90,377,4,10,57
5805,-108,52,90,377,4,8,56
5805,-108,41,90,377,3,11,57
5805,-108,34,90,377,3,9,56
5805,-108,48,90,377,4,9,57
5805,-108,36,90,377,4,9,57
5805,-108,40,90,377,4,11,57
5805,-108,37,90,377,5,10,56
5805,-108,36,90,377,5,8,56
5805,-108,45,90,377,4,9,57
5805,-108,47,90,377,3,10,56
5805,-108,47,90,377,4,9,57
5805,-108,42,90,377,4,10,58
5805,-108,43,90,377,3,10,58
5805,-108,47,90,377,4,10,57
5805,-108,52,90,377,5,10,57
5805,-108,48,90,377,4,7,55
5805,-108,36,90,377,4,10,57
5805,-108,32,90,377,3,10,57
5805,-108,36,90,377,5,10,57
5805,-108,53,90,377,4,8,58
5805,-108,38,90,377,4,8,57
5805,-108,55,90,377,4,9,58
5805,-108,41,90,377,4,9,57
5805,-108,35,90,377,5,8,57
5805,-108,28,90,377,3,8,56
5805,-108,36,90,377,5,9,57
5805,-108,50,90,377,4,11,57
5805,-108,43,90,377,3,9,56
5805,-108,55,90,377,5,9,58
5805,-108,39,90,377,3,10,57
5805,-108,42,90,377,4,9,58
5805,-108,57,90,377,4,8,57
5805,-108,42,90,377,5,10,57
5805,-108,61,90,377,3,10,58
5805,-108,48,90,377,4,8,56
5805,-108,59,90,377,5,9,57
5805,-108,56,90,377,4,9,57
5805,-108,48,90,377,4,9,57
5805,-108,55,90,377,4,8,57
5805,-108,47,90,377,3,10,58
5805,-108,42,90,377,4,10,57
5805,-108,44,90,377,3,8,57
5805,-108,42,90,377,5,10,57
5805,-108,41,90,377,3,8,56
5805,-108,59,90,377,4,11,57
5805,-108,43,90,377,3,10,57
5805,-108,46,90,377,4,8,56
5805,-108,31,89,377,4,10,56
5805,-108,45,90,377,5,11,57
5805,-108,37,90,377,3,9,57
5805,-108,36,90,377,4,9,57
5805,-108,38,90,377,4,10,56
5805,-108,59,90,377,3,11,57
5805,-108,47,89,377,5,11,57
5805,-108,36,90,377,4,9,57
5805,-108,50,90,377,4,10,57
5805,-108,33,90,377,3,10,57
5805,-108,43,90,377,4,10,58
5805,-108,49,90,377,4,9,57
5805,-108,45,90,377,2,9,57
5805,-108,45,90,377,4,10,57
5805,-108,56,90,377,3,9,57
5805,-108,55,90,377,4,9,57
5805,-108,46,90,377,5,8,57
5805,-108,37,90,377,4,9,57
5805,-108,46,90,377,5,9,57
5805,-108,39,90,377,4,10,57
5805,-108,52,90,377,3,8,56
5805,-108,50,90,377,4,9,57
5805,-108,40,90,377,5,10,57
5805,-108,61,90,377,3,10,58
5805,-108,28,90,377,4,8,57
5805,-108,38,90,377,5,7,56
5805,-108,45,90,377,5,8,57
5805,-108,61,90,377,4,10,57
5805,-108,38,90,377,5,11,57
5805,-108,45,90,377,4,8,56
5805,-108,46,90,377,4,9,58
5805,-108,56,90,377,4,9,57
5805,-108,53,90,377,4,9,57
5805,-108,52,90,377,3,9,57
5805,-108,48,90,377,4,9,56
5805,-108,41,90,377,4,9,57
5805,-108,42,90,377,5,11,58
5805,-108,55,90,377,3,10,58
5805,-108,46,90,377,3,10,57
5805,-108,43,90,377,5,10,57
5805,-108,34,90,377,3,11,57
5805,-108,44,90,377,4,10,57
5805,-108,50,90,377,4,8,57
5805,-108,60,90,377,4,8,56
5805,-108,49,90,377,4,8,57
5805,-108,51,90,377,4,9,56
5805,-108,49,90,377,2,9,57
5805,-108,49,90,377,3,10,58
5805,-108,46,89,377,4,12,56
5805,-108,56,90,377,3,9,57
5805,-108,34,90,377,3,11,57
5805,-108,42,90,377,4,10,58
5805,-108,36,90,377,3,8,57
5805,-108,46,90,377,4,9,57
5805,-108,53,90,377,5,7,56
5805,-108,44,90,377,4,9,57
5805,-108,39,90,377,3,10,57
5805,-108,33,90,377,3,9,57
5805,-108,50,90,377,3,9,57
5805,-108,58,90,377,4,9,57
5805,-108,54,90,377,3,10,58
5805,-108,54,90,377,6,9,57
5805,-108,39,90,377,4,10,57
5805,-108,45,90,377,4,11,57
5805,-108,53,90,377,4,10,57
5805,-108,52,90,377,3,11,57
5805,-108,56,90,377,3,11,58
5805,-108,57,90,377,5,9,58
5805,-108,43,90,377,2,10,57
5805,-108,39,90,377,3,9,58
5805,-108,55,90,377,4,8,57
5805,-108,40,90,377,5,8,56
5805,-108,50,90,377,4,10,57
5805,-108,50,89,377,4,9,56
5805,-108,40,90,377,2,9,57
5805,-108,46,90,377,3,9,57
5805,-108,42,90,377,4,10,57
5805,-108,39,90,377,5,9,57
5805,-108,51,90,377,5,11,58
5805,-108,56,90,377,4,9,57
5805,-108,47,90,377,4,10,57
5805,-108,49,90,377,5,9,56
5805,-108,47,90,377,4,9,57
5805,-108,41,90,377,5,7,56
5805,-108,52,90,377,4,10,57
5805,-108,31,90,377,3,9,57
5805,-108,55,90,377,3,8,57
5805,-108,57,90,377,5,10,58
5805,-108,38,90,377,4,9,57
5805,-108,32,90,377,4,7,56
5805,-108,37,90,377,4,10,57
5805,-108,63,90,377,3,10,58
5805,-108,43,90,377,3,9,57
5805,-108,53,90,377,4,9,57
5805,-108,42,90,377,5,8,57
5805,-108,45,89,377,4,11,58
5805,-108,43,90,377,3,9,57
5805,-108,50,90,377,6,8,57
5805,-108,54,90,377,4,9,57
5805,-108,49,90,377,4,9,57
5805,-108,28,90,377,2,9,57
5805,-108,60,90,377,4,9,57
5805,-108,51,90,377,5,13,58
5805,-108,47,90,377,4,11,57
5805,-108,50,90,377,3,10,57
5805,-108,36,90,377,4,7,56
5805,-108,42,90,377,4,9,56
5805,-108,37,90,377,1,9,57
5805,-108,50,90,377,4,9,57
5805,-108,49,90,377,4,8,57
5805,-108,49,90,377,2,9,57
5805,-108,41,90,377,4,9,57
5805,-108,44,90,377,3,11,58
5805,-108,48,90,377,4,11,58
5805,-108,35,90,377,3,9,56
5805,-108,46,90,377,4,11,57
5805,-108,47,90,377,4,11,57
5805,-108,66,90,377,4,9,57
5805,-108,46,90,377,4,9,57
5805,-108,40,90,377,3,10,57
5805,-108,41,90,377,4,10,57
5805,-108,55,90,377,3,11,57
5805,-108,40,90,377,4,10,57
5805,-108,52,90,377,4,11,57
5805,-108,48,90,377,4,10,57
5805,-108,40,90,377,5,9,57
5805,-108,32,90,377,4,9,56
5805,-108,55,90,377,4,10,57
5805,-108,44,90,377,3,10,57
5805,-108,48,90,377,5,9,57
5805,-108,47,90,377,2,9,57
5805,-108,66,90,377,3,10,57
5805,-108,50,90,377,4,10,58
5805,-108,51,90,377,3,11,57
5805,-108,28,90,377,4,10,57
5805,-108,35,90,377,4,8,57
5805,-108,61,90,377,4,11,57
5805,-108,55,90,377,3,12,57
5805,-108,49,90,377,5,9,57
5805,-108,57,90,377,4,11,58
5805,-108,37,90,377,3,11,57
5805,-108,42,90,377,5,9,57
5805,-108,48,90,377,4,10,57
5805,-108,46,90,377,3,11,58
5805,-108,39,90,377,3,10,57
5805,-108,28,90,377,3,11,57
5805,-108,35,90,377,3,10,57
5805,-108,64,90,377,3,11,57
5805,-108,48,90,377,5,10,58
5805,-108,34,89,377,4,8,56
5805,-108,55,90,377,5,9,57
5805,-108,52,90,377,2,10,57
5805,-108,49,90,377,4,9,57
5805,-108,33,90,377,4,9,57
5805,-108,45,90,377,5,8,57
5805,-108,47,90,377,4,9,57
5805,-108,51,90,377,4,9,57
5805,-108,49,90,377,5,9,56
5805,-108,29,90,377,3,9,56
5805,-108,45,90,377,5,9,57
5805,-108,48,90,377,3,10,57
5805,-108,43,90,377,5,9,57
5805,-108,47,90,377,4,9,57
5805,-108,36,90,377,4,10,56
5805,-108,41,90,377,3,9,57
5805,-108,38,90,377,4,9,57
5805,-108,59,89,377,5,8,55
5805,-108,43,90,377,3,9,57
5805,-108,62,90,377,4,10,57
5805,-108,47,90,377,4,10,57
5805,-108,52,90,377,3,9,56
5805,-108,61,90,377,3,9,57
5805,-108,64,90,377,4,9,57
5805,-108,53,90,377,5,9,57
5805,-108,45,90,377,4,9,57
5805,-108,41,90,377,4,11,57
5805,-108,37,90,377,4,11,57
5805,-108,44,90,377,5,9,57
5805,-108,49,90,377,2,9,57
5805,-108,56,90,377,4,9,57
5805,-108,52,90,377,3,11,58
5805,-108,32,90,377,6,9,56
5805,-108,55,90,377,3,8,56
5805,-108,27,90,377,5,11,57
5805,-108,58,90,377,4,11,57
5805,-108,34,90,377,3,10,57
5805,-108,34,89,377,5,9,56
5805,-108,33,90,377,4,9,57
5805,-108,56,90,377,5,7,56
5805,-108,41,90,377,3,9,56
5805,-108,36,90,377,4,11,58
5805,-108,60,90,377,3,9,57
5805,-108,42,90,377,4,9,57
5805,-108,39,90,377,4,10,56
5805,-108,43,90,377,5,10,57
5805,-108,45,90,377,4,9,57
5805,-108,30,90,377,3,8,55
5805,-108,38,90,377,4,8,57
5805,-108,40,90,377,3,11,57
5200,-104,47,86,377,6,6,57
5200,-104,41,87,376,5,5,57
5200,-104,61,89,374,3,9,60
5200,-104,44,86,377,5,8,57
5200,-104,34,87,375,4,7,57
5200,-104,49,88,375,3,9,59
5200,-104,33,87,375,5,8,58
5200,-104,55,88,374,4,10,59
5200,-104,72,90,373,4,8,61
5200,-104,44,86,377,5,9,57
5200,-104,51,89,374,4,7,59
5200,-104,30,87,376,5,6,57
5200,-104,32,87,376,5,5,57
5200,-104,40,86,377,4,7,56
5200,-104,43,86,376,5,8,56
5200,-104,39,87,376,4,6,58
5200,-104,44,88,375,4,11,59
5200,-104,51,88,375,4,11,60
5200,-104,52,88,375,5,9,59
5200,-104,39,88,374,4,8,58
5200,-104,52,88,374,4,9,58
5200,-104,44,88,374,5,8,59
5200,-104,85,87,376,6,0,58
5200,-104,72,87,376,4,10,59
5200,-104,53,88,374,4,9,60
5200,-104,34,87,375,4,9,58
5200,-104,62,88,375,5,7,59
5200,-104,51,87,376,5,7,59
5200,-104,46,87,375,4,9,58
5200,-104,48,87,376,4,9,58
5200,-104,43,87,376,4,9,58
5200,-104,44,86,377,5,9,57
5200,-104,71,88,375,5,11,60
5200,-104,67,88,375,4,9,60
5200,-104,60,89,373,4,9,60
5200,-104,74,90,373,3,8,61
5200,-104,70,86,376,5,10,58
5200,-104,40,88,374,5,9,58
5200,-104,72,88,374,4,9,59
5200,-104,65,87,376,4,8,59
5200,-104,76,87,376,2,9,58
5200,-104,45,88,374,5,8,59
5200,-104,91,89,374,5,6,59
5200,-104,69,88,374,4,9,59
5200,-104,41,85,377,5,6,56
5200,-104,43,87,376,5,10,59
5200,-104,99,89,374,4,11,61
5200,-104,50,88,375,4,9,59
5200,-104,52,86,377,5,9,57
5200,-104,62,86,377,6,8,57
5200,-104,52,86,376,4,8,58
5200,-104,85,87,375,5,8,58
5200,-104,68,89,374,3,7,60
5200,-104,51,85,377,5,8,56
5200,-104,77,89,374,5,9,60
5200,-104,56,87,376,5,9,58
5200,-104,92,90,373,5,11,62
5200,-104,57,86,376,4,8,56
5200,-104,75,88,375,4,8,59
5200,-104,67,86,377,4,7,57
5200,-104,47,85,377,4,9,57
5200,-104,80,89,374,4,9,60
5200,-104,50,86,376,6,11,58
5200,-104,59,82,381,6,63,53
5200,-104,62,75,388,4,10,48
5200,-104,53,75,388,4,9,48
5200,-104,55,75,388,5,9,47
5200,-104,62,75,388,5,10,48
5200,-104,60,75,388,4,11,48
5200,-104,55,75,388,3,10,49
5200,-104,57,75,388,4,12,48
5200,-104,58,75,388,4,8,47
5200,-104,77,84,378,4,7,56
5200,-104,72,84,378,3,11,56
5200,-104,76,84,378,5,9,56
5200,-104,64,84,378,5,10,55
5200,-104,85,84,378,3,11,56
5200,-104,56,84,378,4,9,56
5200,-104,61,87,375,5,10,59
5200,-104,69,87,375,3,10,58
5200,-104,77,87,375,4,7,58
5200,-104,74,87,375,3,10,59
5200,-104,89,87,375,4,7,58
5200,-104,60,88,374,5,8,59
5200,-104,61,89,373,3,9,60
5200,-104,60,87,376,5,9,59
5200,-104,55,85,378,5,8,57
5200,-104,41,87,375,4,7,58
5200,-104,63,87,375,5,9,59
5200,-104,33,87,375,5,9,58
5200,-104,61,86,376,5,2,58
5200,-104,70,88,374,5,9,59
5200,-104,42,86,376,5,7,57
5200,-104,74,89,373,3,10,61
5200,-104,78,90,373,2,9,62
5200,-104,39,85,377,5,9,56
5200,-104,45,86,376,6,9,58
5200,-104,42,87,375,4,9,58
5200,-104,54,87,376,4,9,58
5200,-104,53,86,376,4,9,58
5200,-104,37,87,376,4,9,58
5200,-104,32,86,377,4,8,57
5200,-104,48,87,376,4,9,59
5200,-104,50,89,374,3,7,59
5200,-104,42,89,374,3,9,60
5200,-104,47,89,373,3,8,60
5200,-104,43,87,376,5,8,58
5200,-104,50,87,375,5,7,58
5200,-104,43,89,373,3,8,59
5200,-104,38,86,377,5,6,56
5200,-104,52,89,373,3,9,61
5200,-104,40,87,376,5,8,59
5200,-104,32,88,375,4,8,59
5200,-104,51,84,378,14,10,57
5200,-104,32,84,378,14,9,57
5200,-104,37,84,378,14,9,56
5200,-104,44,77,385,28,11,57
5200,-104,39,84,378,12,11,57
5200,-104,29,85,377,12,11,57
5200,-104,42,78,384,28,9,57
5200,-104,47,87,376,13,9,59
5200,-104,56,86,376,4,10,57
5200,-104,68,86,377,5,9,56
5200,-104,42,87,375,2,9,58
5200,-104,52,87,375,5,7,59
5200,-104,36,87,375,6,7,57
5200,-104,33,87,375,6,4,58
5200,-104,38,86,376,4,6,56
5200,-104,51,87,375,5,7,59
5200,-104,57,88,375,4,8,59
5200,-104,40,87,376,6,7,58
5200,-104,47,87,376,4,8,58
5200,-104,53,87,375,5,7,58
5200,-104,58,88,374,4,11,59
5200,-104,57,86,376,5,7,57
5200,-104,37,85,377,5,7,56
5200,-104,55,86,376,4,9,58
5200,-104,53,87,376,4,9,59
5200,-104,60,87,375,5,9,59
5200,-104,53,87,375,6,8,57
5200,-104,81,88,375,5,8,60
5200,-104,50,86,376,5,8,57
5200,-104,68,87,376,5,10,58
5200,-104,64,88,375,3,8,59
5200,-104,64,87,375,4,11,58
5200,-104,57,86,377,5,8,57
5200,-104,93,89,374,4,9,60
5200,-104,51,88,375,5,10,60
5200,-104,57,86,376,6,9,58
5200,-104,63,88,374,3,8,59
5200,-104,57,86,377,4,10,57
5200,-104,68,86,376,5,9,57
5200,-104,48,87,376,5,8,57
5200,-104,66,88,375,4,8,59
5200,-104,58,86,377,5,7,57
5200,-104,73,86,376,4,8,57
5200,-104,51,87,375,5,8,58
5200,-104,68,88,374,3,8,59
5200,-104,54,87,375,4,8,59
5200,-104,68,86,377,5,9,57
5200,-104,74,90,373,5,10,62
5200,-104,68,87,376,5,11,59
5200,-104,43,87,375,6,8,58
5200,-104,55,86,376,5,8,56
5200,-104,69,89,374,4,9,60
5200,-104,76,88,375,4,9,59
5200,-104,48,85,378,5,9,56
5200,-104,107,89,373,5,8,60
5200,-104,92,90,373,3,10,61
5200,-104,55,88,374,4,10,59
5200,-104,88,88,374,4,8,60
5200,-104,55,88,375,4,9,59
5200,-104,82,89,374,4,9,59
5200,-104,64,86,377,6,11,58
5200,-104,70,88,374,5,10,59
5200,-104,57,88,374,5,8,59
5200,-104,74,88,375,6,9,59
5200,-104,58,87,376,4,8,58
5200,-104,59,87,376,5,9,58
5200,-104,75,88,375,4,9,59
5200,-104,62,89,374,3,9,60
5200,-104,63,88,374,4,9,58
5200,-104,65,87,375,5,9,59
5200,-104,65,87,375,4,11,59
5200,-104,64,83,379,5,63,54
5200,-104,83,87,375,5,8,58
5200,-104,71,87,375,4,9,59
5200,-104,69,87,376,4,9,58
5200,-104,75,87,375,4,8,58
5200,-104,72,87,375,4,10,59
5200,-104,87,87,375,3,11,59
5200,-104,68,87,375,5,9,58
5200,-104,54,87,375,5,7,57
5200,-104,55,87,375,3,11,58
5200,-104,84,87,376,4,9,59
5200,-104,71,89,374,4,7,60
5200,-104,64,88,375,5,10,59
5200,-104,45,86,376,5,9,57
5200,-104,61,86,377,5,8,57
5200,-104,37,87,375,5,8,58
5200,-104,32,87,375,5,8,58
5200,-104,52,88,374,3,9,59
5200,-104,55,88,375,4,11,61
5200,-104,43,85,377,6,7,56
5200,-104,61,89,373,3,9,61
5200,-104,53,89,373,4,6,59
5200,-104,64,90,373,3,9,61
5200,-104,35,87,376,4,8,58
5200,-104,51,88,375,4,9,59
5200,-104,37,86,377,6,9,57
5200,-104,40,87,376,5,9,58
5200,-104,42,88,374,3,9,59
5200,-104,44,88,375,5,12,60
5200,-104,30,87,376,5,9,58
5200,-104,34,87,375,4,8,58
5200,-104,29,87,375,4,9,57
5200,-104,41,87,375,3,6,57
5200,-104,53,88,374,4,9,60
5200,-104,42,86,377,6,9,58
5200,-104,32,86,376,5,10,58
5200,-104,52,87,376,4,10,59
5200,-104,54,87,376,5,9,58
5200,-104,50,87,376,5,9,59
5200,-104,47,87,376,4,10,58
5200,-104,43,87,376,4,10,58
5200,-104,44,88,375,4,8,59
5200,-104,44,88,375,5,8,59
5200,-104,43,87,375,5,8,58
5200,-104,62,88,375,4,9,60
5200,-104,39,88,374,3,8,58
5200,-104,62,90,373,4,8,61
5200,-104,51,87,375,4,9,58
5200,-104,66,89,374,5,7,59
5200,-104,40,88,375,6,10,60
5200,-104,63,87,375,2,8,58
5200,-104,51,89,373,4,11,60
5200,-104,51,87,375,5,10,58
5200,-104,86,86,376,4,0,57
5200,-104,48,86,376,8,10,58
5200,-104,55,86,376,5,9,57
5200,-104,32,87,376,5,7,57
5200,-104,55,86,376,5,8,58
5200,-104,51,86,376,6,8,57
5200,-104,64,88,375,5,10,60
5200,-104,46,87,376,4,11,58
5200,-104,44,87,376,3,8,58
5200,-104,68,90,373,4,8,60
5200,-104,76,88,374,4,7,59
5200,-104,67,87,376,4,9,58
5200,-104,70,88,375,6,8,59
5200,-104,71,87,376,4,11,59
5200,-104,43,88,375,4,8,59
5200,-104,42,88,374,4,10,59
5200,-104,66,89,373,4,8,60
5200,-104,50,87,375,4,7,58
5200,-104,60,88,375,5,9,59
5200,-104,53,87,376,5,8,58
5200,-104,39,86,376,5,9,57
5200,-104,60,87,375,4,10,59
5200,-104,74,87,376,5,11,59
5200,-104,45,86,376,3,8,57
5200,-104,85,89,373,2,9,60
5200,-104,49,88,375,3,10,60
5200,-104,64,87,375,4,10,57
5200,-104,84,88,375,4,9,60
5200,-104,89,88,374,4,11,62
5200,-104,61,87,376,6,10,59
5200,-104,56,87,376,4,8,58
5200,-104,61,87,375,5,7,58
5200,-104,85,88,375,3,10,60
5200,-104,59,85,377,6,7,55
5200,-104,66,88,375,4,11,60
5200,-104,72,88,375,4,11,60
5200,-104,102,89,374,5,9,60
5200,-104,62,87,375,5,8,58
5200,-104,72,88,375,4,7,59
5200,-104,51,86,377,5,10,57
5200,-104,66,89,373,5,9,61
5200,-104,57,89,374,4,8,60
5200,-104,63,87,375,4,9,58
5200,-104,55,87,375,6,7,57
5200,-104,60,87,376,5,10,59
5200,-104,47,88,375,4,9,59
5200,-104,47,86,377,5,10,57
5200,-104,44,86,377,5,9,57
5200,-104,76,88,375,5,10,59
5200,-104,67,88,375,3,8,59
5200,-104,57,87,375,4,10,58
5200,-104,62,86,377,5,10,57
5200,-104,51,86,376,4,9,57
5200,-104,59,87,375,4,10,58
5200,-104,58,89,374,4,8,60
5200,-104,61,88,374,4,9,58
5200,-104,78,88,375,5,10,60
5200,-104,37,85,377,5,6,55
5200,-104,55,86,377,5,10,57
5200,-104,67,87,376,4,9,58
5200,-104,69,88,375,4,7,59
5200,-104,60,88,374,4,8,59
5200,-104,62,88,375,4,10,59
5200,-104,51,85,377,5,9,56
5200,-104,50,86,376,4,9,57
5200,-104,64,88,374,5,9,59
5200,-104,41,88,374,4,10,60
5200,-104,80,90,373,4,9,61
5200,-104,26,86,377,5,10,57
5200,-104,42,86,376,5,9,57
5200,-104,59,87,375,4,9,58
5200,-104,92,90,373,2,9,61
5200,-104,55,86,376,5,7,57
5200,-104,76,87,376,4,8,58
5200,-104,35,86,377,6,8,57
5200,-104,62,88,375,3,9,59
5200,-104,60,88,375,5,9,60
5200,-104,70,89,374,5,9,60
5200,-104,49,88,375,4,9,59
5200,-104,46,87,375,5,11,59
5200,-104,49,89,373,3,9,61
5200,-104,39,85,377,8,9,57
5200,-104,34,87,375,7,9,59
5200,-104,48,87,376,8,9,58
5200,-104,48,87,376,6,9,59
5200,-104,43,85,377,5,10,57
5200,-104,41,87,376,3,10,58
5200,-104,33,87,376,4,9,57
5200,-104,67,90,373,3,10,61
5200,-104,43,88,374,5,7,58
5200,-104,35,87,375,4,9,58
5200,-104,31,85,377,6,8,56
5200,-104,43,88,375,5,8,59
5200,-104,43,87,376,4,8,58
5200,-104,61,88,374,3,10,60
5200,-104,33,86,376,4,7,57
5200,-104,36,87,375,4,8,58
5200,-104,105,90,373,6,1,61
5200,-104,40,87,376,4,8,58
5200,-104,32,86,376,5,9,57
5200,-104,50,88,375,4,7,58
5200,-104,60,90,373,2,9,62
5200,-104,50,87,376,5,9,58
5200,-104,59,88,375,3,8,59
5200,-104,47,88,375,4,9,59
5200,-104,48,87,375,3,9,59
5200,-104,67,88,374,4,8,58
5200,-104,48,87,375,5,9,58
5200,-104,59,89,374,3,8,61
5200,-104,45,87,375,4,10,58
5200,-104,54,87,375,4,10,59
5200,-104,36,86,376,5,7,56
5200,-104,43,87,375,4,10,59
5200,-104,50,87,375,3,8,58
5200,-104,46,88,374,4,10,59
5200,-104,49,86,376,5,8,57
5200,-104,41,86,376,6,12,59
5200,-104,110,90,373,3,10,62
5200,-104,55,86,377,5,9,57
5200,-104,66,87,376,4,9,58
5200,-104,41,88,375,5,9,59
5200,-104,53,87,376,4,8,58
5200,-104,53,87,376,5,9,58
5200,-104,41,86,377,4,9,56
5200,-104,68,87,376,4,9,57
5200,-104,67,88,374,4,11,59
5200,-104,48,86,377,5,10,57
5200,-104,88,87,376,5,9,59
5200,-104,102,89,373,3,9,59
5200,-104,80,88,375,5,8,59
5200,-104,84,87,375,5,8,59
5200,-104,67,87,375,4,9,58
5200,-104,72,87,376,4,7,58
5200,-104,72,89,374,4,9,60
5200,-104,54,87,375,4,10,58
5200,-104,69,87,375,5,9,58
5200,-104,66,88,375,5,8,58
5200,-104,48,87,375,4,9,57
5200,-104,45,88,374,3,10,60
5200,-104,55,88,374,4,10,60
5200,-104,58,86,376,4,8,57
5200,-104,52,87,375,4,8,58
5200,-104,100,89,374,5,8,61
5200,-104,121,89,374,3,7,60
5200,-104,58,87,375,4,8,59
5200,-104,71,87,376,5,9,58
5200,-104,79,89,374,4,9,60
5200,-104,63,87,376,5,9,59
5200,-104,71,86,376,4,10,58
5200,-104,67,88,374,5,8,59
5200,-104,100,87,375,3,7,58
5200,-104,90,88,374,4,7,59
5200,-104,87,90,373,4,9,61
5200,-104,80,88,375,4,10,60
5200,-104,77,87,375,3,5,57
5200,-104,56,88,374,5,10,62
5200,-104,73,84,379,6,0,56
5200,-104,56,87,375,5,9,58
5200,-104,68,87,376,4,8,59
5200,-104,56,88,374,5,10,60
5200,-104,53,88,374,4,7,58
5200,-104,55,87,376,5,7,57
5200,-104,53,86,376,4,9,57
5200,-104,88,89,374,5,8,60
5200,-104,46,86,377,6,9,57
5200,-104,39,87,375,5,9,58
5200,-104,77,89,373,4,8,60
5200,-104,64,86,376,4,8,56
5200,-104,52,86,376,5,8,57
5200,-104,82,89,373,5,9,61
5200,-104,69,88,375,4,8,58
5200,-104,39,86,377,5,7,56
5200,-104,64,87,375,6,11,59
5200,-104,66,87,375,3,8,58
5200,-104,34,87,375,5,6,58
5200,-104,57,88,375,4,9,59
5200,-104,58,87,376,3,7,58
5200,-104,38,87,375,5,8,58
5200,-104,60,87,375,3,10,59
5200,-104,57,87,375,4,7,58
5200,-104,50,88,374,4,8,59
5200,-104,64,88,374,4,8,59
5200,-104,56,88,375,3,6,59
5200,-104,43,87,375,5,8,58
5200,-104,49,87,376,5,7,57
5200,-104,57,87,375,5,8,58
5200,-104,52,87,376,4,7,59
5200,-104,45,87,376,4,7,58
5200,-104,51,88,375,4,8,59
5200,-104,45,87,376,10,6,58
5200,-104,42,87,375,4,8,58
5200,-104,39,89,374,3,8,59
5200,-104,36,86,376,4,9,57
5200,-104,43,87,375,4,8,58
5200,-104,37,86,376,5,8,57
5200,-104,35,86,377,5,9,57
5200,-104,40,87,376,4,8,58
5200,-104,44,87,375,5,7,58
5200,-104,40,88,375,3,8,58
5200,-104,43,89,374,5,7,60
5200,-104,44,87,375,4,7,56
5200,-104,36,88,375,4,8,59
5200,-104,38,88,375,4,9,59
5200,-104,51,90,373,4,10,61
5200,-104,36,87,376,5,11,59
5200,-104,43,88,375,3,10,59
5200,-104,58,87,375,6,8,59
5200,-104,32,87,375,5,8,57
5200,-104,44,88,375,5,6,58
5200,-104,31,86,377,6,6,57
5200,-104,51,87,375,4,9,59
5200,-104,42,86,377,5,9,58
5200,-104,32,86,377,4,9,57
5200,-104,52,86,377,9,8,57
5200,-104,39,79,383,23,11,57
5200,-104,46,85,377,5,9,57
5200,-104,48,88,375,4,8,58
5200,-104,27,85,377,6,8,56
5200,-104,41,84,378,9,8,56
5200,-104,53,88,374,4,9,58
5200,-104,46,88,374,5,9,59
5200,-104,39,81,382,19,10,57
5200,-104,32,71,392,26,13,58
5200,-104,54,86,377,5,9,57
5200,-104,50,89,374,4,9,60
5200,-104,37,86,376,6,8,57
5200,-104,70,88,374,4,8,58
5200,-104,74,87,376,4,2,59
5200,-104,66,88,375,7,10,59
5200,-104,71,86,376,4,8,57
5200,-104,52,87,375,4,7,58
5200,-104,76,87,375,5,9,58
5200,-104,79,87,376,5,7,58
5200,-104,65,87,376,5,8,57
5200,-104,72,87,376,8,9,59
5200,-104,71,89,373,4,9,61
5200,-104,48,86,377,4,9,57
5200,-104,68,87,375,4,9,59
5200,-104,80,88,375,3,9,61
5200,-104,76,87,376,5,8,58
5200,-104,88,88,374,4,8,58
5200,-104,62,86,377,6,9,57
5200,-104,75,87,375,5,8,58
5200,-104,82,87,376,4,10,59
5200,-104,62,86,377,5,10,58
5200,-104,54,87,376,4,8,57
5200,-104,55,88,374,3,10,59
5200,-104,59,86,377,4,9,58
5200,-104,72,87,376,7,10,58
5200,-104,58,85,377,6,10,56
5200,-104,56,82,380,6,62,53
5200,-104,64,88,374,5,8,59
5200,-104,81,88,374,4,10,59
5200,-104,60,87,375,4,9,58
5200,-104,75,87,375,5,7,58
5200,-104,98,88,375,4,10,59
5200,-104,62,81,381,6,9,53
5200,-104,71,81,381,5,9,54
5200,-104,58,81,381,4,10,53
5200,-104,58,81,381,4,9,52
5200,-104,69,81,381,4,9,53
5200,-104,58,86,377,5,8,57
5200,-104,59,86,377,6,11,58
5200,-104,58,88,374,5,9,59
5200,-104,41,85,378,6,10,56
5200,-104,50,84,378,6,12,60
5200,-104,72,87,376,5,10,59
5200,-104,65,87,376,4,10,59
5200,-104,73,87,376,4,10,59
5200,-104,48,86,376,4,9,57
5200,-104,76,87,376,5,9,58
5200,-104,66,87,376,4,9,58
5200,-104,54,87,376,4,11,59
5200,-104,84,87,376,4,10,59
5200,-104,87,87,376,5,9,59
5200,-104,42,87,375,5,9,58
5200,-104,31,86,376,6,9,57
5200,-104,46,87,375,5,9,58
5200,-104,45,86,377,6,7,58
5200,-104,56,90,373,4,7,61
5200,-104,44,82,380,5,0,54
5200,-104,44,81,382,28,9,56
5200,-104,61,84,378,12,10,56
5200,-104,36,87,375,6,9,57
5200,-104,31,88,374,4,9,58
5200,-104,55,89,374,5,8,61
5200,-104,49,86,377,5,10,58
5200,-104,30,84,378,6,10,56
5200,-104,59,88,375,3,7,59
5200,-104,46,86,377,5,8,58
5200,-104,62,87,375,5,11,58
5200,-104,62,87,376,6,8,59
5200,-104,34,88,374,4,8,59
5200,-104,54,89,373,4,8,59
5200,-104,29,87,376,3,8,57
5200,-104,57,89,373,4,7,59
5200,-104,44,87,376,4,8,57
5200,-104,40,87,375,4,7,58
5200,-104,41,88,375,5,9,59
5200,-104,48,87,375,4,9,57
5200,-104,34,87,376,3,7,58
5200,-104,62,88,375,5,9,59
5200,-104,36,86,376,4,8,57
5200,-104,62,88,374,5,9,59
5200,-104,42,88,375,5,7,59
5200,-104,38,85,377,6,8,55
5200,-104,66,88,375,5,10,59
5200,-104,73,89,373,4,9,60
5200,-104,51,87,375,3,9,58
5200,-104,55,88,375,5,8,59
5200,-104,47,87,375,5,7,58
5200,-104,53,88,374,5,9,59
5200,-104,70,87,376,5,10,59
5200,-104,52,88,375,4,8,60
5200,-104,47,86,376,4,9,57
5200,-104,58,87,375,4,9,58
5200,-104,56,87,375,4,10,58
5200,-104,73,88,375,5,9,59
5200,-104,45,86,377,5,8,56
5200,-104,63,87,376,5,10,59
5200,-104,72,86,376,5,8,57
5200,-104,47,87,375,4,8,58
5200,-104,79,87,376,3,10,58
5200,-104,48,86,376,5,11,58
5200,-104,90,88,374,3,10,60
5200,-104,83,87,375,5,8,59
5200,-104,69,87,376,4,10,59
5200,-104,80,88,375,5,10,59
5200,-104,92,89,374,5,10,60
5200,-104,60,87,376,5,10,58
5200,-104,70,87,375,5,8,58
5200,-104,54,86,376,6,8,57
5200,-104,74,86,377,6,9,58
5200,-104,95,89,374,2,9,61
5200,-104,68,88,374,4,8,60
5200,-104,60,87,375,4,9,58
5200,-104,72,87,375,4,7,58
5200,-104,93,88,375,4,9,60
5200,-104,66,88,374,5,11,60
5200,-104,56,88,375,4,9,60
5200,-104,48,87,375,4,8,57
5200,-104,76,87,375,3,7,59
5200,-104,55,87,376,6,10,59
5200,-104,87,87,375,6,8,59
5200,-104,85,89,373,2,9,60
5200,-104,73,89,373,4,9,60
5200,-104,82,87,375,5,10,59
5200,-104,81,87,376,4,7,58
5200,-104,77,88,375,2,10,59
5200,-104,73,87,375,5,8,58
5200,-104,61,87,375,5,8,58
5200,-104,47,88,375,4,9,60
5200,-104,45,88,374,4,10,60
5200,-104,70,88,374,4,8,59
5200,-104,57,86,377,5,9,58
5200,-104,63,87,376,4,10,58
5200,-104,62,87,376,5,7,57
5200,-104,56,88,374,5,8,59
5200,-104,66,87,375,6,8,58
5200,-104,77,88,375,5,10,59
5200,-104,84,88,375,4,10,60
5200,-104,50,87,375,4,9,58
5200,-104,63,88,375,4,10,60
5200,-104,45,87,376,5,6,57
5200,-104,59,86,376,4,7,57
5200,-104,80,88,375,6,9,59
5805,-109,49,90,378,2,9,57
5805,-109,39,90,378,4,10,58
5805,-109,38,90,378,5,10,57
5805,-109,69,90,378,5,8,57
5805,-109,54,90,378,4,9,57
5805,-109,42,90,378,5,10,57
5805,-109,40,89,378,6,8,56
5805,-109,39,90,378,5,11,57
5805,-109,49,90,378,4,11,57
5805,-109,57,90,378,4,9,57
5805,-109,31,90,378,5,8,55
5805,-109,47,90,378,6,9,57
5805,-109,41,90,378,5,9,57
5805,-109,51,90,378,5,10,58
5805,-109,47,90,378,5,9,57
5805,-109,44,90,378,4,10,57
5805,-109,47,90,378,5,9,58
5805,-109,37,90,378,4,10,57
5805,-109,65,90,378,5,9,56
5805,-109,37,90,378,5,9,57
5805,-109,43,90,378,5,10,57
5805,-109,41,90,378,5,9,56
5805,-109,65,90,378,5,10,57
5805,-109,61,90,378,5,10,57
5805,-109,66,90,378,5,8,57
5805,-109,56,90,378,6,11,57
5805,-109,43,90,378,6,10,56
5805,-109,43,90,378,6,12,58
5805,-109,42,90,378,5,10,58
5805,-109,52,90,378,6,10,57
5805,-109,46,90,378,5,9,57
5805,-109,48,90,378,5,8,56
5805,-109,41,90,378,5,9,57
5805,-109,60,90,378,6,10,56
5805,-109,38,90,378,6,11,58
5805,-109,68,90,378,5,10,57
5805,-109,47,90,378,4,10,57
5805,-109,57,90,378,4,10,57
5805,-109,36,90,378,4,9,57
5805,-109,39,90,378,6,9,57
5805,-109,53,90,378,6,9,57
5805,-109,55,90,378,5,9,57
5805,-109,31,90,378,4,11,57
5805,-109,37,89,378,7,10,56
5805,-109,52,90,378,5,8,57
5805,-109,47,90,378,6,9,56
5805,-109,32,90,378,5,9,57
5805,-109,59,90,378,5,10,57
5805,-109,39,89,378,7,8,55
5805,-109,49,90,378,3,10,57
5805,-109,51,90,378,5,8,56
5805,-109,56,90,378,4,9,57
5805,-109,71,90,378,6,9,57
5805,-109,39,90,378,5,8,57
5805,-109,66,90,378,5,9,57
5805,-109,36,90,378,4,7,55
5805,-109,42,90,378,3,9,57
5805,-109,41,90,378,5,9,56
5805,-109,40,90,378,6,9,58
5805,-109,50,90,378,6,11,57
5805,-109,49,90,378,5,10,57
5805,-109,54,90,378,4,9,58
5805,-109,59,90,378,5,10,57
5805,-109,31,90,378,4,11,57
5805,-109,39,90,378,5,9,56
5805,-109,36,90,378,5,9,57
5805,-109,61,90,378,5,10,58
5805,-109,42,90,378,5,9,57
5805,-109,44,90,378,6,8,56
5805,-109,62,90,378,6,9,57
5805,-109,58,90,378,5,10,57
5805,-109,51,90,378,6,10,57
5805,-109,59,90,378,6,9,57
5805,-109,31,90,378,5,8,57
5805,-109,46,90,378,4,10,57
5805,-109,42,90,378,6,8,57
5805,-109,43,90,378,4,10,58
5805,-109,52,90,378,4,9,57
5805,-109,47,90,378,4,11,58
5805,-109,52,90,378,4,12,57
5805,-109,64,90,378,5,9,58
5805,-109,35,90,378,5,9,57
5805,-109,50,90,378,6,11,57
5805,-109,66,90,378,4,10,57
5805,-109,57,90,378,5,9,57
5805,-109,53,90,378,6,8,57
5805,-109,48,89,378,6,12,56
5805,-109,47,90,378,5,11,57
5805,-109,57,90,378,4,9,57
5805,-109,48,90,378,6,9,57
5805,-109,58,90,378,5,10,57
5805,-109,42,90,378,4,9,57
5805,-109,64,90,378,5,10,57
5805,-109,52,89,378,6,9,55
5805,-109,42,90,378,5,9,58
5805,-109,40,90,378,5,10,58
5805,-109,37,90,378,4,9,57
5805,-109,50,89,379,6,9,56
5805,-109,36,90,378,5,11,57
5805,-109,51,90,378,4,11,58
5805,-109,37,90,378,5,9,57
5805,-109,49,90,378,6,10,58
5805,-109,52,90,378,6,9,57
5805,-109,44,90,378,6,8,57
5805,-109,48,90,378,5,11,57
5805,-109,64,90,378,5,9,57
5805,-109,63,90,378,5,9,57
5805,-109,49,90,378,5,10,57
5805,-109,31,90,378,5,9,56
5805,-109,40,90,378,4,10,57
5805,-109,43,90,378,5,9,57
5805,-109,48,90,378,5,9,57
5805,-109,33,90,378,4,10,57
5805,-109,37,90,378,5,9,57
5805,-109,32,90,378,6,8,56
5805,-109,48,90,378,5,11,57
5805,-109,60,90,378,5,10,57
5805,-109,52,90,378,6,9,57
5805,-109,49,90,378,5,9,57
5805,-109,45,90,378,4,10,57
5805,-109,49,90,378,5,8,56
5805,-109,48,90,378,6,9,57
5805,-109,42,90,378,5,10,57
5805,-109,59,90,378,6,8,56
5805,-109,44,90,378,4,9,56
5805,-109,37,90,378,6,9,57
5805,-109,39,90,378,4,10,58
5805,-109,48,90,378,6,9,57
5805,-109,43,90,378,4,9,56
5805,-109,36,90,378,5,9,56
5805,-109,38,90,378,7,11,57
5805,-109,46,90,378,5,10,57
5805,-109,43,90,378,5,8,56
5805,-109,31,90,378,4,9,56
5805,-109,54,90,378,5,10,57
5805,-109,40,90,378,4,9,57
5805,-109,50,90,378,4,9,57
5805,-109,41,90,378,6,9,57
5805,-109,49,90,378,6,8,56
5805,-109,46,90,378,6,9,57
5805,-109,47,90,378,4,8,56
5805,-109,42,90,378,5,9,57
5805,-109,52,90,378,4,10,57
5805,-109,56,90,378,5,9,57
5805,-109,48,90,378,5,8,56
5805,-109,59,90,378,4,10,57
5805,-109,42,90,378,4,8,57
5805,-109,42,90,378,4,10,57
5805,-109,33,90,378,5,9,56
5805,-109,46,89,378,6,9,56
5805,-109,34,90,378,5,10,57
5805,-109,33,90,378,5,10,57
5805,-109,61,90,378,6,10,57
5805,-109,61,90,378,6,9,57
5805,-109,59,90,378,4,10,58
5805,-109,40,90,378,5,11,57
5805,-109,40,90,378,5,8,56
5805,-109,34,90,378,5,9,58
5805,-109,46,90,378,4,10,57
5805,-109,60,89,378,6,10,57
5805,-109,48,90,378,5,8,56
5805,-109,51,90,378,5,11,58
5805,-109,44,90,378,4,11,57
5805,-109,30,89,378,6,6,55
5805,-109,43,90,378,4,8,56
5805,-109,47,90,378,5,11,57
5805,-109,32,90,378,5,9,57
5805,-109,56,90,378,4,10,57
5805,-109,61,90,378,4,9,58
5805,-109,47,90,378,5,8,57
5805,-109,60,90,378,5,9,57
5805,-109,48,90,378,4,11,57
5805,-109,34,90,378,5,9,57
5805,-109,46,90,378,5,9,57
5805,-109,55,90,378,4,9,56
5805,-109,39,90,378,4,9,57
5805,-109,44,90,378,5,9,57
5805,-109,38,90,378,4,9,57
5805,-109,58,90,378,5,9,57
5805,-109,49,90,378,5,9,57
5805,-109,42,90,378,5,9,57
5805,-109,39,90,378,5,10,57
5805,-109,52,90,378,5,9,57
5805,-109,48,90,378,4,11,57
5805,-109,53,89,378,7,10,56
5805,-109,41,90,378,6,11,57
5805,-109,43,90,378,5,8,56
5805,-109,57,90,378,5,10,57
5805,-109,62,90,378,5,9,57
5805,-109,48,90,378,5,9,57
5805,-109,56,90,378,3,10,57
5805,-109,31,90,378,5,11,57
5805,-109,42,90,378,5,10,57
5805,-109,37,90,378,4,7,56
5805,-109,53,90,378,6,10,57
5805,-109,48,90,378,5,9,57
5805,-109,51,90,378,5,9,57
5805,-109,33,90,378,5,11,57
5805,-109,32,90,378,6,10,57
5805,-109,40,89,379,5,9,55
5805,-109,54,90,378,5,9,57
5805,-109,65,90,378,5,8,57
5805,-109,45,89,378,6,10,57
5805,-109,59,90,378,4,9,57
5805,-109,48,90,378,5,10,56
5805,-109,61,90,378,5,11,57
5805,-109,36,90,378,6,8,55
5805,-109,44,90,378,5,9,57
5805,-109,45,90,378,5,10,57
5805,-109,40,90,378,5,9,57
5805,-109,54,90,378,4,9,57
5805,-109,46,90,378,5,9,57
5805,-109,50,89,378,4,8,56
5805,-109,52,90,378,5,9,57
5805,-109,28,90,378,4,9,57
5805,-109,48,90,378,5,9,57
5805,-109,32,90,378,5,10,57
5805,-109,39,90,378,5,9,58
5805,-109,44,90,378,5,10,57
5805,-109,36,90,378,3,8,56
5805,-109,53,90,378,5,10,57
5805,-109,39,90,378,5,10,57
5805,-109,37,90,378,7,9,57
5805,-109,44,90,378,6,9,57
5805,-109,49,90,378,5,11,58
5805,-109,35,90,378,6,11,57
5805,-109,51,90,378,4,10,57
5805,-109,62,90,378,4,10,57
5805,-109,46,90,378,5,11,57
5805,-109,46,90,378,4,9,56
5805,-109,51,90,378,6,11,58
5805,-109,36,90,378,4,9,56
5805,-109,46,90,378,5,9,57
5805,-109,54,90,378,6,10,57
5805,-109,53,90,378,5,9,56
5805,-109,41,90,378,5,10,57
5805,-109,42,90,378,4,11,57
5805,-109,64,90,378,5,9,58
5805,-109,44,90,378,4,9,57
5805,-109,35,90,378,5,10,57
5805,-109,40,90,378,4,9,57
5805,-109,49,90,378,4,8,57
5805,-109,48,90,378,6,10,58
5805,-109,39,90,378,4,11,57
5805,-109,50,90,378,5,10,57
5805,-109,32,90,378,4,8,57
5805,-109,37,90,378,6,10,57
5805,-109,40,90,378,6,12,58
5805,-109,41,90,378,5,10,58
5805,-109,45,90,378,6,9,57
5805,-109,45,90,378,5,8,56
5805,-109,46,90,378,6,8,57
5805,-109,50,90,378,4,9,57
5805,-109,61,90,378,3,8,56
5805,-109,43,90,378,5,10,57
5805,-109,56,90,378,5,9,56
5805,-109,48,90,378,5,8,57
5805,-109,39,90,378,4,9,57
5805,-109,50,90,378,6,9,57
5805,-109,54,90,378,5,12,57
5805,-109,34,90,378,5,10,57
5805,-109,65,90,378,5,10,57
5805,-109,59,90,378,5,10,57
5805,-109,59,90,378,5,9,56
5805,-109,38,90,378,4,8,56
5805,-109,47,90,378,4,10,58
5805,-109,38,90,378,4,8,56
5805,-109,63,90,378,5,9,57
5805,-109,40,90,378,4,8,57
5805,-109,42,90,378,6,9,56
5805,-109,42,90,378,6,10,57
5805,-109,38,90,378,4,9,57
5805,-109,45,90,378,5,9,57
5805,-109,44,89,378,7,10,55
5805,-109,45,90,378,4,9,57
5805,-109,49,90,378,4,9,57
5805,-109,39,90,378,4,9,57
5805,-109,51,90,378,5,9,57
5805,-109,42,90,378,3,9,57
5805,-109,50,90,378,5,10,56
5805,-109,50,90,378,6,9,58
5805,-109,56,90,378,5,11,57
5805,-109,56,90,378,6,10,57
5805,-109,60,90,378,4,9,57
5805,-109,49,90,378,5,9,58
5805,-109,54,90,378,5,10,57
5805,-109,49,90,378,4,9,57
5805,-109,47,90,378,6,10,58
5805,-109,37,90,378,6,9,56
5805,-109,54,90,378,5,10,57
5805,-109,58,90,378,5,9,57
5805,-109,51,90,378,5,12,57
5805,-109,38,90,378,6,9,56
5805,-109,62,90,378,5,8,57
5805,-109,29,90,378,4,9,57
5805,-109,63,90,378,5,12,58
5805,-109,27,90,378,5,10,57
5805,-109,51,90,378,4,10,56
5805,-109,32,90,378,5,10,57
5805,-109,36,90,378,6,7,57
5805,-109,52,90,378,6,9,57
5805,-109,43,90,378,6,11,57
5805,-109,33,90,378,6,10,57
5805,-109,39,90,378,5,10,56
5805,-109,50,90,378,5,9,57
5805,-109,52,90,378,4,8,56
5805,-109,49,90,378,5,9,57
5805,-109,38,90,378,6,9,57
5805,-109,41,90,378,5,11,57
5805,-109,60,90,378,5,9,57
5805,-109,40,90,378,4,9,57
5805,-109,52,90,378,4,9,57
5805,-109,42,90,378,4,8,56
5805,-109,45,90,378,5,10,57
5805,-109,33,90,378,5,8,56
5805,-109,49,90,378,3,9,56
5805,-109,64,90,378,3,10,58
5805,-109,38,90,378,4,11,57
5805,-109,30,90,378,6,8,56
5805,-109,67,90,378,6,11,58
5805,-109,42,90,378,6,9,57
5805,-109,37,90,378,5,10,58
5805,-109,61,90,378,5,9,57
5805,-109,62,90,378,4,8,57
5805,-109,34,89,379,5,10,55
5805,-109,64,90,378,4,9,57
5805,-109,50,90,378,5,8,56
5805,-109,32,90,378,4,8,56
5805,-109,47,89,378,6,9,56
5805,-109,50,90,378,4,8,57
5805,-109,43,90,378,4,10,57
5805,-109,33,90,378,6,9,57
5805,-109,42,90,378,6,10,57
5805,-109,55,90,378,5,9,57
5805,-109,52,90,378,5,11,58
5805,-109,48,90,378,5,10,57
5805,-109,36,90,378,5,9,57
5805,-109,44,90,378,5,10,57
5805,-109,55,90,378,5,8,58
5805,-109,54,90,378,6,10,58
5805,-109,51,90,378,6,9,57
5805,-109,45,90,378,5,8,57
5805,-109,38,90,378,5,11,57
5805,-109,63,90,378,5,11,58
5805,-109,50,90,378,4,10,57
5805,-109,37,90,378,5,9,56
5805,-109,35,90,378,6,9,57
5805,-109,44,90,378,5,10,56
5805,-109,58,90,378,5,9,57
5805,-109,36,90,378,4,12,58
5805,-109,58,90,378,5,9,57
5805,-109,53,90,378,5,10,58
5805,-109,37,90,378,4,11,57
5805,-109,55,90,378,5,10,57
5805,-109,47,90,378,3,11,57
5805,-109,32,90,378,4,10,58
5805,-109,33,90,378,3,9,57
5805,-109,35,90,378,5,10,57
5805,-109,50,90,378,4,8,56
5805,-109,40,90,378,5,10,58
5805,-109,54,90,378,6,12,58
5805,-109,54,90,378,5,10,57
5805,-109,35,90,378,5,10,57
5805,-109,28,89,379,6,10,55
5805,-109,51,90,378,4,10,57
5805,-109,53,90,378,5,9,57
5805,-109,42,90,378,5,9,56
5805,-109,40,90,378,5,9,58
5805,-109,38,90,378,5,9,57
5805,-109,42,90,378,4,10,57
5805,-109,48,90,378,5,9,57
5805,-109,62,90,378,6,9,58
5805,-109,36,90,378,5,10,57
5805,-109,43,90,378,5,8,57
5805,-109,49,90,378,4,11,57
5805,-109,38,90,378,5,9,57
5805,-109,46,90,378,6,9,57
5805,-109,55,90,378,4,9,57
5805,-109,51,90,378,5,10,57
5805,-109,46,90,378,6,9,57
5805,-109,37,90,378,5,10,56
5805,-109,47,90,378,4,10,57
5805,-109,49,90,378,5,9,57
5805,-109,54,90,378,4,10,56
5805,-109,49,90,378,6,9,57
5805,-109,43,90,378,4,9,57
5805,-109,43,90,378,4,9,57
5805,-109,40,90,378,4,11,57
5805,-109,33,90,378,5,9,57
5805,-109,46,90,378,5,8,56
5805,-109,51,90,378,4,8,56
5805,-109,47,90,378,5,10,57
5805,-109,38,90,378,6,7,56
5805,-109,51,90,378,6,8,57
5805,-109,55,90,378,5,10,58
5805,-109,55,90,378,5,10,58
5805,-109,34,90,378,5,9,57
5805,-109,40,89,378,5,8,55
5805,-109,33,90,378,5,10,57
5805,-109,32,90,378,6,9,57
5805,-109,47,90,378,5,11,58
5805,-109,30,90,378,4,9,57
5805,-109,53,90,378,5,9,57
5805,-109,53,90,378,3,9,57
5805,-109,41,90,378,3,10,57
5805,-109,36,90,378,6,10,57
5805,-109,45,90,378,5,10,57
5805,-109,27,90,378,5,8,55
5805,-109,41,90,378,4,8,56
5805,-109,35,90,378,5,9,57
5805,-109,59,90,378,4,8,57
5805,-109,47,90,378,5,8,57
5805,-109,43,90,378,5,9,57
5805,-109,49,90,378,6,10,57
5805,-109,42,89,378,6,9,56
5805,-109,57,90,378,5,9,57
5805,-109,34,90,378,5,7,56
5805,-109,33,89,378,5,8,56
5805,-109,30,90,378,5,11,57
5805,-109,48,90,378,6,11,57
5805,-109,43,90,378,5,10,57
5805,-109,49,90,378,5,9,56
5805,-109,51,90,378,5,7,56
5805,-109,37,90,378,5,11,57
5805,-109,43,90,378,4,9,56
5805,-109,50,90,378,4,10,57
5805,-109,45,90,378,4,9,55
5805,-109,44,90,378,6,10,57
5805,-109,48,90,378,5,10,57
5805,-109,38,90,378,5,9,57
5805,-109,47,90,378,4,11,58
5805,-109,46,90,378,5,8,56
5805,-109,40,90,378,4,9,57
5805,-109,28,90,378,5,10,56
5805,-109,48,90,378,4,10,58
5805,-109,45,90,378,5,10,57
5805,-109,47,90,378,6,10,58
5805,-109,47,90,378,5,9,58
5805,-109,45,90,378,5,11,58
5805,-109,57,90,378,6,11,58
5805,-109,48,90,378,4,7,57
5805,-109,59,90,378,3,10,58
5805,-109,42,90,378,4,10,57
5805,-109,31,90,378,4,9,57
5805,-109,27,90,378,5,9,57
5805,-109,51,90,378,5,9,57
5805,-109,55,90,378,7,8,57
5805,-109,47,90,378,5,10,57
5805,-109,48,90,378,4,10,58
5805,-109,39,90,378,6,10,58
5805,-109,34,90,378,5,8,55
5805,-109,59,90,378,5,10,58
5805,-109,46,90,378,4,10,57
5805,-109,41,90,378,4,9,58
5805,-109,40,89,378,6,8,56
5805,-109,32,90,378,4,10,56
5805,-109,35,90,378,5,8,56
5805,-109,54,90,378,4,9,57
5805,-109,52,90,378,5,10,57
5805,-109,26,90,378,6,8,56
5805,-109,47,90,378,4,11,57
5805,-109,47,90,378,4,9,57
5805,-109,45,90,378,6,11,58
5805,-109,42,90,378,5,10,57
5805,-109,42,90,378,3,9,57
5805,-109,39,90,378,6,11,57
5805,-109,45,90,378,5,10,57
5805,-109,40,90,378,5,9,57
5805,-109,32,90,378,5,8,57
5805,-109,35,90,378,6,11,58
5805,-109,42,90,378,4,10,57
5805,-109,45,90,378,4,8,56
5805,-109,48,90,378,5,10,57
5805,-109,35,90,378,5,9,57
5805,-109,49,90,378,6,9,56
5805,-109,37,90,378,6,10,57
5805,-109,43,90,378,5,10,58
5805,-109,45,90,378,4,10,58
5805,-109,47,90,378,4,9,57
5805,-109,41,90,378,5,11,57
5805,-109,34,89,378,6,11,57
5805,-109,38,90,378,4,9,57
5805,-109,40,90,378,5,10,57
5805,-109,41,90,378,5,10,57
5805,-109,43,90,378,5,9,57
5805,-109,31,90,378,5,9,58
5805,-109,45,90,378,5,10,58
5805,-109,43,90,378,5,8,56
5805,-109,39,90,378,6,9,57
5805,-109,43,90,378,6,10,57
5805,-109,28,90,378,5,9,57
5805,-109,36,90,378,4,9,57
5805,-109,41,90,378,5,6,57
5805,-109,54,90,378,4,9,57
5805,-109,42,90,378,6,10,56
5805,-109,52,90,378,6,9,57
5805,-109,32,90,378,4,9,57
5805,-109,45,90,378,4,11,58
5805,-109,46,90,378,5,11,57
5805,-109,38,90,378,5,9,57
5805,-109,46,90,378,6,8,56
5805,-109,41,90,378,5,9,57
5805,-109,55,90,378,6,10,57
5805,-109,41,90,378,5,8,57
5805,-109,45,90,378,5,9,58
5805,-109,41,90,378,5,8,55
5805,-109,57,90,378,4,9,57
5805,-109,50,90,378,4,9,57
5805,-109,37,90,378,5,9,56
5805,-109,40,90,378,4,11,57
5805,-109,35,90,378,4,10,56
5805,-109,42,90,378,6,11,57
5805,-109,51,90,378,6,9,57
5805,-109,49,90,378,5,9,56
5805,-109,32,90,378,4,10,57
5805,-109,62,90,378,4,9,57
5805,-109,34,90,378,5,8,56
5805,-109,45,90,378,5,9,57
5805,-109,32,89,378,5,11,55
5805,-109,40,90,378,5,9,57
5805,-109,49,90,378,5,9,57
5805,-109,47,90,378,5,10,57
5805,-109,53,90,378,3,9,57
5805,-109,35,90,378,5,9,57
5805,-109,35,90,378,6,9,57
5805,-109,37,90,378,4,10,57
5805,-109,34,90,378,6,10,57
5805,-109,35,90,378,4,12,57
5805,-109,42,90,378,6,11,58
5805,-109,38,89,378,5,9,56
5805,-109,34,90,378,4,10,57
5805,-109,44,90,378,4,8,57
5805,-109,53,90,378,5,9,57
5805,-109,43,90,378,6,10,57
5805,-109,31,90,378,6,7,56
5805,-109,47,90,378,4,9,57
5805,-109,36,90,378,6,10,56
5805,-109,37,89,378,7,8,56
5805,-109,57,90,378,6,10,57
5805,-109,37,90,378,4,10,57
5805,-109,52,90,378,4,7,56
5805,-109,41,90,378,4,9,58
5805,-109,38,90,378,5,10,57
5805,-109,38,90,378,4,12,58
5805,-109,43,90,378,5,9,57
5805,-109,51,90,378,5,10,57
5805,-109,40,90,378,5,9,56
5805,-109,48,90,378,5,9,57
5805,-109,33,90,378,5,10,57
5805,-109,42,90,378,5,10,57
5805,-109,45,90,378,6,10,57
5805,-109,51,90,378,3,8,56
5805,-109,34,90,378,4,8,57
5805,-109,50,90,378,6,10,57
5805,-109,33,90,378,6,10,58
5805,-109,50,90,378,5,8,57
5805,-109,39,90,378,5,9,57
5805,-109,37,90,378,5,9,57
5805,-109,45,90,378,6,8,57
5805,-109,51,90,378,4,9,56
5805,-109,35,90,378,4,11,57
5805,-109,47,90,378,5,10,57
5805,-109,39,90,378,5,9,57
5805,-109,49,89,378,6,10,56
5805,-109,38,90,378,4,11,57
5805,-109,31,90,378,4,10,57
5805,-109,31,90,378,3,8,57
5805,-109,44,90,378,5,10,57
5805,-109,45,90,378,5,6,56
5805,-109,38,90,378,5,9,57
5805,-109,33,90,378,6,9,57
5805,-109,35,90,378,5,9,57
5805,-109,42,90,378,6,8,57
5805,-109,54,90,378,4,9,57
5805,-109,52,90,378,5,8,56
5805,-109,35,90,378,4,11,58
5805,-109,40,90,378,6,8,56
5805,-109,53,90,378,6,9,57
5805,-109,52,90,378,5,10,57
5805,-109,47,90,378,6,10,57
5805,-109,63,90,378,6,11,57
5805,-109,60,90,378,4,10,57
5805,-109,41,90,378,6,9,57
5805,-109,39,90,378,5,11,57
5805,-109,65,90,378,5,10,57
5805,-109,35,90,378,5,9,56
5805,-109,62,90,378,5,8,57
5805,-109,62,90,378,5,8,57
5805,-109,32,90,378,5,10,57
5805,-109,25,90,378,5,7,56
5805,-109,48,90,378,5,11,58
5805,-109,39,90,378,5,10,57
5805,-109,57,90,378,6,9,58
5805,-109,40,90,378,5,9,57
5805,-109,47,90,378,5,10,57
5805,-109,50,90,378,5,7,56
5805,-109,42,90,378,5,9,56
5805,-109,50,90,378,5,9,57
5805,-109,53,90,378,5,9,57
5805,-109,74,90,378,5,10,57
5805,-109,45,90,378,5,11,58
5805,-109,47,90,378,6,10,57
5805,-109,55,90,378,6,10,58
5805,-109,38,90,378,4,9,57
5805,-109,36,90,378,5,10,56
5805,-109,57,90,378,5,11,58
5805,-109,50,90,378,6,9,57
5805,-109,76,90,378,4,10,57
5805,-109,37,89,378,6,8,56
5805,-109,36,90,378,5,9,57
5805,-109,34,90,378,5,10,57
5805,-109,54,90,378,5,9,57
5805,-109,50,90,378,5,9,57
5805,-109,40,90,378,5,7,56
5805,-109,40,90,378,5,8,56
5805,-109,45,90,378,4,9,57
5805,-109,67,90,378,4,10,57
5805,-109,35,90,378,5,11,57
5805,-109,36,90,378,6,8,56
5805,-109,49,89,379,7,10,57
5805,-109,53,90,378,5,8,58
5805,-109,26,90,378,5,9,57
5805,-109,43,90,378,5,10,57
5805,-109,56,90,378,6,9,57
5805,-109,48,90,378,6,8,57
5805,-109,36,90,378,5,8,56
5805,-109,29,90,378,5,10,57
5805,-109,47,90,378,5,10,57
5805,-109,25,90,378,5,10,57
5805,-109,49,90,378,6,10,58
5805,-109,43,90,378,4,9,57
5805,-109,41,90,378,5,11,57
5805,-109,36,90,378,6,7,55
5805,-109,45,90,378,4,11,57
5805,-109,36,90,378,5,11,57
5805,-109,47,90,378,4,9,57
5805,-109,48,90,378,4,11,57
5805,-109,39,90,378,6,10,57
5805,-109,61,90,378,6,9,57
5805,-109,45,90,378,4,9,57
5805,-109,41,90,378,5,8,56
5805,-109,44,90,378,4,8,57
5805,-109,38,90,378,5,10,57
5805,-109,49,90,378,5,10,57
5805,-109,39,90,378,5,9,57
5805,-109,47,90,378,5,9,58
5805,-109,37,90,378,4,9,56
5805,-109,44,90,378,4,9,57
5805,-109,32,90,378,5,7,57
5805,-109,36,90,378,6,9,56
5805,-109,43,90,378,4,8,56
5805,-109,45,90,378,5,11,57
5805,-109,44,90,378,5,9,57
5805,-109,34,90,378,5,10,58
5805,-109,47,90,378,5,9,57
5805,-109,35,89,379,8,10,56
5805,-109,27,90,378,6,9,57
5805,-109,32,90,378,5,7,56
5805,-109,59,90,378,4,9,57
5805,-109,62,90,378,5,10,57
5805,-109,45,90,378,6,10,57
5805,-109,41,90,378,5,9,57
5805,-109,39,90,378,5,9,57
5805,-109,51,90,378,5,11,58
5805,-109,67,90,378,6,9,57
5805,-109,39,90,378,5,10,57
5805,-109,54,90,378,5,9,57
5805,-109,56,90,378,5,11,57
5805,-109,42,90,378,5,10,57
5805,-109,35,90,378,4,10,57
5805,-109,63,90,378,6,9,58
5805,-109,53,90,378,5,9,56
5805,-109,55,90,378,3,10,58
5805,-109,53,90,378,5,11,57
5805,-109,60,90,378,5,10,57
5805,-109,54,90,378,5,9,57
5805,-109,36,90,378,4,10,57
5805,-109,48,90,378,5,10,57
5805,-109,53,90,378,5,9,57
5805,-109,41,90,378,4,9,56
5805,-109,39,90,378,5,10,56
5805,-109,45,90,378,5,9,58
5805,-109,34,90,378,3,10,57
5805,-109,58,90,378,4,8,57
5805,-109,45,90,378,6,10,58
5805,-109,44,90,378,5,10,57
5805,-109,45,90,378,5,10,57
5805,-109,42,90,378,5,9,57
5805,-109,35,90,378,5,10,57
5805,-109,43,90,378,6,11,57
5805,-109,36,90,378,6,10,57
5805,-109,54,90,378,5,10,57
5805,-109,52,90,378,5,8,57
5805,-109,51,89,378,5,9,56
5805,-109,49,90,378,4,10,56
5805,-109,33,90,378,5,10,57
5805,-109,46,90,378,6,10,57
5805,-109,47,90,378,5,10,57
5805,-109,49,90,378,4,9,57
5805,-109,48,90,378,6,10,56
5805,-109,36,90,378,6,9,57
5805,-109,52,90,378,4,10,57
5805,-109,47,90,378,3,10,57
5805,-109,61,90,378,6,10,58
5805,-109,47,90,378,5,7,56
5805,-109,37,90,378,6,9,57
5805,-109,55,90,378,5,9,57
5805,-109,56,90,378,5,9,57
5805,-109,47,90,378,4,9,57
5805,-109,36,90,378,6,11,57
5805,-109,50,90,378,5,10,57
5805,-109,58,90,378,5,10,57
5805,-109,33,90,378,5,10,57
5805,-109,39,90,378,5,8,56
5805,-109,42,90,378,4,11,58
5805,-109,48,90,378,5,9,58
5805,-109,56,90,378,5,10,58
5805,-109,50,90,378,4,10,57
5805,-109,35,90,378,5,9,57
5805,-109,40,90,378,5,9,57
5805,-109,36,90,378,6,10,58
5805,-109,60,90,378,5,9,57
5805,-109,50,90,378,6,9,57
5805,-109,32,90,378,6,10,58
5805,-109,55,90,378,4,9,57
5805,-109,46,90,378,6,11,57
5805,-109,48,90,378,5,10,57
5805,-109,48,90,378,5,9,57
5805,-109,41,90,378,4,11,57
5805,-109,40,90,378,5,10,58
5805,-109,41,90,378,3,8,57
5805,-109,49,90,378,4,10,58
5805,-109,42,90,378,5,9,57
5805,-109,34,90,378,5,9,57
5805,-109,50,90,378,4,9,57
5805,-109,52,90,378,3,9,58
5805,-109,51,90,378,6,9,56
5805,-109,44,90,378,5,9,57
5805,-109,42,90,378,4,11,57
5805,-109,39,89,378,5,8,55
5805,-109,44,90,378,4,9,57
5805,-109,41,90,378,4,9,57
5805,-109,47,89,378,5,9,56
5805,-109,46,90,378,4,10,57
5805,-109,45,89,378,5,9,56
5805,-109,47,90,378,6,10,57
5805,-109,49,90,378,5,11,57
5805,-109,63,90,378,5,9,57
5805,-109,64,90,378,5,10,58
5805,-109,47,90,378,5,10,56
5805,-109,54,90,378,4,10,57
5805,-109,42,90,378,4,9,56
5805,-109,38,90,378,4,11,57
5805,-109,39,90,378,4,9,57
5805,-109,54,90,378,5,9,57
5805,-109,48,90,378,4,9,57
5805,-109,65,90,378,3,9,57
5805,-109,43,90,378,5,10,57
5805,-109,49,90,378,4,10,57
5805,-109,50,90,378,5,9,57
5805,-109,59,90,378,4,9,57
5805,-109,44,90,378,6,10,58
5805,-109,41,90,378,4,9,57
5805,-109,45,90,378,4,10,57
5805,-109,41,90,378,6,10,57
5805,-109,49,90,378,5,9,57
5805,-109,38,90,378,5,8,56
5805,-109,32,90,378,5,9,57
5805,-109,32,90,378,5,9,57
5805,-109,41,90,378,4,8,57
5805,-109,50,90,378,7,10,57
5805,-109,47,90,378,6,9,57
5805,-109,53,90,378,6,11,57
5805,-109,31,90,378,4,11,57
5805,-109,49,90,378,5,11,58
5805,-109,34,90,378,4,11,57
5805,-109,54,90,378,4,10,57
5805,-109,67,90,378,5,10,57
5805,-109,52,90,378,5,8,57
5805,-109,39,90,378,5,9,57
5805,-109,44,90,378,4,10,57
5805,-109,46,90,378,6,10,57
5805,-109,36,90,378,4,10,57
5805,-109,41,90,378,4,9,57
5805,-109,51,90,378,5,9,57
5805,-109,27,90,378,4,9,56
5805,-109,36,90,378,5,11,58
5805,-109,54,90,378,5,9,56
5805,-109,36,90,378,6,9,56
5805,-109,39,90,378,4,9,57
5805,-109,57,90,378,4,9,56
5805,-109,41,90,378,6,10,57
5805,-109,58,90,378,6,9,57
5805,-109,45,90,378,5,9,57
5805,-109,59,90,378,5,9,57
5805,-109,31,90,378,5,10,57
5805,-109,57,90,378,5,9,57
5805,-109,46,90,378,6,10,57
5805,-109,48,90,378,5,10,57
5805,-109,46,90,378,4,9,57
5805,-109,43,89,378,5,9,56
5805,-109,70,90,378,4,11,57
5805,-109,51,90,378,5,10,57
5805,-109,46,90,378,5,10,57
5805,-109,38,90,378,5,10,57
5805,-109,37,90,378,5,10,57
5805,-109,51,90,378,4,8,57
5805,-109,40,90,378,5,9,57
5805,-109,37,90,378,5,10,57
5805,-109,30,90,378,6,9,57
5805,-109,45,90,378,5,9,57
5805,-109,32,90,378,6,10,56
5805,-109,53,90,378,5,10,57
5805,-109,53,90,378,5,10,57
5805,-109,40,90,378,5,10,57
5805,-109,33,90,378,6,9,57
5805,-109,37,90,378,5,9,56
5805,-109,58,90,378,3,9,57
5805,-109,34,90,378,5,11,57
5805,-109,50,90,378,5,10,57
5805,-109,53,90,378,5,9,57
5805,-109,48,90,378,5,9,57
5805,-109,40,90,378,6,9,58
5805,-109,43,89,378,7,10,56
5805,-109,37,90,378,5,8,56
5805,-109,59,90,378,4,10,57
5805,-109,49,90,378,4,9,56
5805,-109,32,90,378,6,9,57
5805,-109,51,90,378,5,9,56
5805,-109,44,90,378,5,9,57
5805,-109,39,90,378,5,9,56
5805,-109,53,90,378,5,8,56
5805,-109,55,90,378,5,10,57
5805,-109,52,90,378,6,7,56
5805,-109,52,90,378,5,9,57
5805,-109,47,90,378,5,11,58
5805,-109,38,90,378,5,13,58
5805,-109,42,90,378,5,6,56
5805,-109,49,90,378,3,8,57
5805,-109,42,90,378,6,10,57
5805,-109,32,90,378,5,8,56
5805,-109,44,90,378,4,9,57
5805,-109,54,90,378,4,10,56
5805,-109,45,90,378,5,9,57
5805,-109,60,90,378,5,8,56
5805,-109,43,90,378,4,10,57
5805,-109,51,90,378,4,10,56
5805,-109,46,90,378,5,7,57
5805,-109,38,90,378,5,10,57
5805,-109,47,89,379,6,9,55
5805,-109,51,90,378,5,9,57
5805,-109,46,90,378,4,11,57
5805,-109,46,90,378,5,11,57
5805,-109,35,90,378,4,9,57
5805,-109,52,90,378,5,8,56
5805,-109,37,90,378,5,10,57
5805,-109,41,90,378,5,10,57
5805,-109,50,90,378,4,8,56
5805,-109,39,90,378,4,9,57
5805,-109,50,90,378,6,9,57
5805,-109,46,90,378,6,10,57
5805,-109,49,90,378,6,8,57
5805,-109,52,90,378,6,9,57
5805,-109,52,90,378,4,9,58
5805,-109,48,90,378,4,10,57
5805,-109,40,90,378,6,7,56
5805,-109,41,90,378,5,10,57
5805,-109,40,90,378,6,8,56
5805,-109,42,90,378,4,9,56
5805,-109,44,90,378,6,10,57
5805,-109,53,90,378,5,9,57
5805,-109,32,90,378,5,9,56
5805,-109,37,90,378,4,12,58
5805,-109,63,90,378,6,10,57
5805,-109,45,90,378,4,10,58
5805,-109,34,90,378,4,9,57
5805,-109,39,90,378,4,10,57
5805,-109,73,90,378,5,11,57
5805,-109,59,90,378,5,10,58
5805,-109,39,90,378,5,9,57
5805,-109,50,90,378,4,11,57
5805,-109,37,89,378,5,8,55
5805,-109,35,90,378,6,11,57
5805,-109,30,89,378,7,10,56
5805,-109,58,90,378,4,8,57
5805,-109,43,90,378,4,8,57
5805,-109,50,90,378,5,10,57
5805,-109,38,90,378,6,10,57
5805,-109,35,90,378,5,8,56
5805,-109,60,90,378,4,8,56
5805,-109,27,90,378,4,9,56
5805,-109,45,90,378,6,9,56
5805,-109,53,90,378,5,11,58
5805,-109,49,90,378,5,7,56
5805,-109,36,90,378,6,9,56
5805,-109,52,90,378,6,8,58
5805,-109,45,90,378,5,11,57
5805,-109,36,90,378,6,10,57
5805,-109,61,90,378,4,7,57
5805,-109,39,90,378,4,9,57
5805,-109,53,90,378,5,9,57
5805,-109,32,90,378,5,11,57
5805,-109,26,90,378,4,9,57
5805,-109,38,90,378,5,9,56
5805,-109,31,90,378,5,8,56
5805,-109,35,90,378,5,10,57
5805,-109,64,90,378,6,10,57
5805,-109,27,90,378,3,10,57
5805,-109,41,90,378,5,11,58
5805,-109,38,90,378,5,10,57
5805,-109,33,90,378,4,10,57
5805,-109,38,90,378,6,11,57
5805,-109,36,90,378,4,9,57
5805,-109,51,90,378,5,8,57
5805,-109,43,90,378,5,10,57
5805,-109,49,90,378,6,8,56
5805,-109,43,90,378,5,10,57
5805,-109,63,90,378,5,9,57
5805,-109,39,90,378,6,10,57
5805,-109,41,90,378,5,10,57
5805,-109,37,90,378,5,9,57
5805,-109,38,90,378,4,9,58
5805,-109,45,90,378,6,9,57
5805,-109,47,90,378,4,9,57
5805,-109,35,90,378,6,8,56
5805,-109,44,90,378,6,10,58
5805,-109,48,90,378,4,9,57
5805,-109,42,90,378,3,9,57
5805,-109,46,90,378,5,10,57
5805,-109,56,90,378,5,11,58
5805,-109,47,90,378,4,10,56
5805,-109,48,90,378,5,10,57
5805,-109,52,90,378,5,11,58
5805,-109,54,90,378,5,10,57
5805,-109,44,90,378,7,9,57
5805,-109,51,90,378,6,9,57
5805,-109,27,89,378,5,8,56
5805,-109,40,90,378,4,10,57
5805,-109,48,90,378,4,9,57
5805,-109,46,90,378,5,10,58
5805,-109,42,90,378,5,9,56
5805,-109,48,90,378,5,9,57
5805,-109,56,90,378,5,8,57
5805,-109,55,90,378,5,8,57
5805,-109,36,90,378,5,9,57
5805,-109,35,90,378,4,8,57
5805,-109,50,90,378,5,11,58
5805,-109,35,90,378,7,8,57
5805,-109,47,90,378,5,9,57
5805,-109,47,90,378,6,9,57
5805,-109,34,90,378,5,11,58
5805,-109,33,90,378,4,9,58
5805,-109,31,90,378,6,9,57
5805,-109,66,90,378,6,9,57
5805,-109,38,90,378,5,10,56
5805,-109,39,90,378,4,10,57
5805,-109,43,90,378,5,9,57
5805,-109,52,90,378,4,11,57
5805,-109,32,90,378,6,10,57
5805,-109,35,90,378,4,10,57
5805,-109,41,90,378,6,11,57
5805,-109,29,90,378,5,9,57
5805,-109,39,90,378,4,9,56
5805,-109,26,90,378,3,7,55
5805,-109,36,90,378,5,10,57
5805,-109,53,90,378,5,11,57
5805,-109,42,90,378,5,8,56
5805,-109,41,90,378,5,8,56
5805,-109,53,90,378,5,9,57
5805,-109,32,90,378,6,8,56
5805,-109,35,89,378,6,11,57
5805,-109,55,90,378,4,10,57
5805,-109,32,90,378,4,10,57
5805,-109,43,90,378,4,9,56
5805,-109,53,90,378,4,11,57
5805,-109,55,90,378,6,10,58
5805,-109,30,90,378,6,9,57
5805,-109,42,90,378,6,9,56
5805,-109,35,90,378,5,9,57
5805,-109,44,90,378,6,9,57
5805,-109,48,90,378,4,8,57
5805,-109,32,90,378,5,9,56
5805,-109,34,90,378,5,8,57
5805,-109,50,90,378,4,9,57
5805,-109,31,90,378,5,10,57
5805,-109,53,90,378,5,7,56
5805,-109,54,90,378,4,9,57
5805,-109,39,89,378,5,9,55
5805,-109,42,90,378,6,9,56
5805,-109,51,90,378,6,8,57
5805,-109,54,90,378,6,10,58
5805,-109,44,90,378,5,10,58
5805,-109,55,90,378,4,10,57
5805,-109,47,90,378,6,8,56
5805,-109,43,90,378,5,7,57
5805,-109,41,90,378,4,10,58
5805,-109,52,90,378,4,11,57
5805,-109,46,90,378,5,9,57
5805,-109,41,90,378,5,7,56
5805,-109,42,90,378,4,10,57
5805,-109,46,90,378,5,10,56
5805,-109,51,89,378,7,9,56
5805,-109,58,90,378,3,9,57
5805,-109,34,90,378,5,10,57
5805,-109,50,90,378,6,8,57
5805,-109,56,90,378,5,11,58
5805,-109,44,90,378,4,9,57
5805,-109,44,90,378,4,11,57
5805,-109,36,90,378,6,9,57
5805,-109,47,90,378,5,9,57
5805,-109,29,90,378,3,8,56
5805,-109,41,90,378,6,10,58
5805,-109,51,90,378,4,10,57
5805,-109,29,90,378,5,7,56
5805,-109,31,90,378,5,9,57
5805,-109,37,90,378,5,9,57
5805,-109,39,90,378,6,9,57
5805,-109,40,90,378,6,10,57
5805,-109,48,90,378,3,9,57
5805,-109,35,90,378,4,10,57
5805,-109,42,90,378,7,9,56
5805,-109,33,90,378,5,8,56
5805,-109,36,90,378,5,10,57
5805,-109,42,90,378,5,10,57
5805,-109,35,90,378,5,10,57
5805,-109,27,89,378,6,8,56
5805,-109,48,90,378,6,8,57
5805,-109,46,90,378,5,10,56
5805,-109,42,90,378,6,10,57
5805,-109,37,90,378,5,7,55
5805,-109,53,90,378,4,8,56
5805,-109,45,90,378,4,10,58
5805,-109,35,90,378,6,11,57
5805,-109,30,90,378,7,11,57
5805,-109,46,90,378,5,9,57
5805,-109,50,90,378,5,10,57
5805,-109,39,90,378,5,9,56
5805,-109,61,90,378,6,9,57
5805,-109,64,90,378,5,8,57
5805,-109,44,90,378,5,9,57
5805,-109,46,90,378,5,10,57
5805,-109,42,90,378,5,9,58
5805,-109,37,90,378,5,10,57
5805,-109,44,90,378,4,9,57
5805,-109,50,90,378,6,8,57
5805,-109,36,90,378,6,9,56
5805,-109,36,90,378,6,11,57
5805,-109,34,90,378,6,11,57
5805,-109,34,90,378,5,8,57
5805,-109,50,90,378,6,11,57
5805,-109,52,90,378,6,10,57
5805,-109,57,90,378,6,10,58
5805,-109,35,90,378,5,9,57
5805,-109,52,90,378,5,8,57
5805,-109,33,90,378,5,9,56
5805,-109,41,90,378,4,10,57
5805,-109,35,90,378,5,9,56
5805,-109,38,90,378,5,10,58
5805,-109,41,90,378,4,11,58
5805,-109,50,90,378,5,11,58
5805,-109,58,90,378,5,9,57
5805,-109,43,90,378,5,10,57
5805,-109,39,90,378,5,7,56
5805,-109,30,90,378,6,9,57
5805,-109,57,90,378,5,9,57
5805,-109,46,90,378,6,10,58
5805,-109,51,90,378,4,8,58
5805,-109,31,90,378,4,11,57
5805,-109,47,90,378,4,10,58
5805,-109,50,90,378,5,11,57
5805,-109,37,90,378,5,9,57
5805,-109,66,90,378,5,9,57
5805,-109,45,90,378,7,9,57
5805,-109,50,90,378,2,9,58
5805,-109,59,90,378,4,10,57
5805,-109,51,90,378,5,9,57
5805,-109,43,90,378,4,8,55
5805,-109,35,90,378,4,9,57
5805,-109,55,90,378,4,8,57
5805,-109,30,90,378,5,11,57
5805,-109,40,90,378,3,9,57
5805,-109,37,90,378,5,9,57
5805,-109,56,90,378,5,10,58
5805,-109,41,90,378,5,10,57
5805,-109,43,90,378,5,9,57
5805,-109,40,90,378,2,10,57
5805,-109,36,90,378,4,10,57
5805,-109,58,90,378,5,9,57
5805,-109,31,90,378,5,10,58
5805,-109,45,90,378,4,10,58
5805,-109,28,90,378,4,9,57
5805,-109,48,90,378,5,9,57
5805,-109,43,90,378,5,9,57
5805,-109,48,90,378,6,9,58
5805,-109,43,90,378,4,10,57
5805,-109,51,90,378,4,10,57
5805,-109,53,90,378,7,8,56
5805,-109,36,90,378,5,9,56
5805,-109,29,90,378,4,10,57
5805,-109,51,89,378,6,11,57
5805,-109,43,90,378,6,10,57
5805,-109,44,90,378,5,11,57
5805,-109,44,90,378,5,10,57
5805,-109,67,90,378,3,9,57
5805,-109,46,89,378,7,11,57
5805,-109,30,90,378,4,10,57
5805,-109,35,90,378,5,11,57
5805,-109,32,90,378,5,7,56
5805,-109,35,90,378,4,10,58
5805,-109,29,90,378,5,9,57
5805,-109,48,90,378,4,9,57
5805,-109,56,90,378,5,9,56
5805,-109,52,90,378,5,9,57
5805,-109,60,90,378,6,10,58
5805,-109,41,90,378,6,9,57
5805,-109,56,90,378,4,9,57
5805,-109,56,90,378,5,8,56
5805,-109,46,90,378,5,11,57
5805,-109,33,90,378,5,11,58
5805,-109,39,90,378,4,9,55
5805,-109,32,90,378,5,8,56
5805,-109,57,90,378,6,9,57
5805,-109,39,90,378,6,10,57
5805,-109,33,90,378,4,10,58
5805,-109,39,89,378,6,9,56
5805,-109,43,90,378,5,8,56
5805,-109,39,90,378,5,8,57
5805,-109,31,90,378,6,10,57
5805,-109,37,90,378,5,11,58
5805,-109,33,90,378,5,10,56
5805,-109,47,90,378,5,10,58
5805,-109,49,90,378,5,9,57
5805,-109,34,90,378,6,10,56
5805,-109,37,90,378,6,10,57
5805,-109,44,90,378,6,10,58
5805,-109,41,90,378,6,11,57
5805,-109,54,90,378,4,10,58
5805,-109,54,90,378,6,8,57
5805,-109,47,90,378,5,8,58
5805,-109,46,90,378,5,10,58
5805,-109,36,90,378,5,7,56
5805,-109,52,90,378,4,10,57
5805,-109,34,90,378,5,9,57
5805,-109,45,90,378,5,10,57
5805,-109,49,90,378,5,9,57
5805,-109,55,90,378,5,11,58
5805,-109,47,90,378,4,8,56
5805,-109,31,90,378,5,10,57
5805,-109,53,90,378,4,10,58
5805,-109,50,90,378,5,11,57
5805,-109,34,90,378,7,9,57
5805,-109,45,90,378,4,10,58
5805,-109,34,90,378,4,10,58
5805,-109,54,90,378,4,11,57
5805,-109,41,90,378,5,11,57
5805,-109,47,90,378,6,10,57
5805,-109,56,90,378,4,10,57
5805,-109,62,90,378,6,9,58
5805,-109,60,90,378,5,11,58
5805,-109,26,90,378,4,9,57
5805,-109,61,90,378,5,9,57
5805,-109,38,90,378,4,9,57
5805,-109,36,90,378,5,11,57
5805,-109,66,90,378,5,11,58
5805,-109,50,90,378,6,9,57
5805,-109,44,90,378,3,9,57
5805,-109,44,90,378,4,8,57
5805,-109,37,90,378,5,9,58
5805,-109,36,90,378,5,10,57
5805,-109,38,90,378,6,11,58
5805,-109,36,90,378,5,9,57
5805,-109,50,90,378,6,10,57
5805,-109,48,90,378,4,9,56
5805,-109,58,90,378,4,10,57
5805,-109,58,90,378,6,9,57
5805,-109,42,90,378,5,9,57
5805,-109,50,90,378,4,10,57
5805,-109,33,90,378,5,12,58
5805,-109,62,90,378,5,10,57
5805,-109,42,90,378,6,10,57
5805,-109,55,90,378,4,10,57
5805,-109,47,90,378,5,11,57
5805,-109,60,90,378,6,9,57
5805,-109,45,90,378,5,7,57
5805,-109,42,90,378,5,9,57
5805,-109,39,90,378,5,11,58
5805,-109,38,90,378,5,9,58
5805,-109,54,90,378,4,8,56
5805,-109,42,90,378,4,10,57
5805,-109,41,90,378,6,10,57
5805,-109,34,90,378,4,7,57
5805,-109,41,90,378,4,9,57
5805,-109,33,90,378,4,10,57
5805,-109,27,90,378,5,10,57
5805,-109,47,90,378,5,9,57
5805,-109,31,90,378,6,8,56
5805,-109,52,90,378,5,11,58
5805,-109,48,90,378,4,10,57
5805,-109,43,90,378,6,8,57
5805,-109,36,90,378,4,9,57
5805,-109,45,90,378,5,8,57
5805,-109,46,90,378,7,9,57
5805,-109,50,90,378,5,10,58
5805,-109,44,90,378,5,9,57
5805,-109,52,90,378,5,9,57
5805,-109,42,90,378,5,9,57
5805,-109,58,90,378,4,10,57
5805,-109,46,90,378,4,8,57
5805,-109,36,90,378,4,10,57
5805,-109,55,90,378,5,9,58
5805,-109,60,90,378,5,11,58
5805,-109,48,90,378,7,9,57
5805,-109,46,90,378,5,10,58
5805,-109,41,90,378,6,10,56
5805,-109,49,90,378,5,10,57
5805,-109,43,90,378,5,9,57
5805,-109,63,89,378,7,8,55
5805,-109,52,90,378,6,8,57
5805,-109,39,90,378,6,9,57
5805,-109,51,90,378,5,8,56
5805,-109,43,90,378,4,8,56
5805,-109,45,90,378,6,8,57
5805,-109,39,90,378,7,9,57
5805,-109,28,90,378,6,9,56
5805,-109,34,90,378,5,9,58
5805,-109,48,90,378,6,9,57
5805,-109,31,90,378,5,8,56
5805,-109,59,90,378,5,11,58
5805,-109,32,90,378,5,10,56
5805,-109,46,90,378,5,11,57
5805,-109,55,90,378,6,9,57
5805,-109,60,90,378,5,9,58
5805,-109,35,90,378,6,10,57
5805,-109,44,90,378,5,11,57
5805,-109,44,90,378,4,9,57
5805,-109,58,90,378,5,8,58
5805,-109,47,90,378,5,10,57
5805,-109,42,90,378,5,9,56
5805,-109,60,90,378,5,11,57
5805,-109,65,90,378,4,8,57
5805,-109,45,90,378,5,11,57
5805,-109,50,90,378,5,10,58
5805,-109,43,90,378,5,10,57
5805,-109,38,90,378,5,12,57
5805,-109,58,90,378,5,9,57
5805,-109,43,90,378,6,9,57
5805,-109,30,89,378,5,9,56
5805,-109,35,90,378,5,9,57
5805,-109,45,90,378,5,10,57
5805,-109,42,90,378,6,10,57
5805,-109,29,90,378,5,8,57
5805,-109,42,90,378,5,10,57
5805,-109,61,90,378,4,9,57
5805,-109,60,90,378,5,10,57
5805,-109,37,90,378,5,10,57
5805,-109,50,90,378,4,9,57
5805,-109,33,90,378,6,10,57
5805,-109,49,90,378,4,11,58
5805,-109,34,90,378,6,10,57
5805,-109,32,90,378,5,9,57
5805,-109,54,90,378,5,9,57
5805,-109,45,90,378,5,8,57
5805,-109,53,90,378,6,10,57
5805,-109,37,90,378,5,10,57
5805,-109,49,90,378,6,11,57
5805,-109,41,90,378,5,11,58
5805,-109,35,90,378,5,9,57
5805,-109,37,90,378,5,9,56
5805,-109,40,90,378,5,9,57
5805,-109,46,90,378,6,10,57
5805,-109,48,90,378,4,9,57
5805,-109,46,90,378,5,11,57
5805,-109,54,90,378,5,9,57
5805,-109,37,90,378,6,9,57
5805,-109,44,90,378,6,9,57
5805,-109,37,90,378,4,8,56
5805,-109,49,90,378,4,10,57
5805,-109,26,90,378,6,9,56
5805,-109,56,90,378,4,10,58
5805,-109,42,90,378,5,9,57
5805,-109,35,90,378,4,10,57
5805,-109,50,90,378,4,10,58
5805,-109,50,90,378,5,11,57
5805,-109,57,90,378,6,11,58
5805,-109,43,90,378,5,9,56
5805,-109,45,90,378,5,11,57
5805,-109,32,90,378,4,8,56
5805,-109,32,90,378,4,10,57
5805,-109,53,90,378,5,10,57
5805,-109,37,90,378,5,10,57
5805,-109,51,90,378,4,11,58
5805,-109,39,90,378,5,9,57
5805,-109,37,90,378,5,10,57
5805,-109,40,90,378,5,10,58
5805,-109,35,90,378,6,9,57
5805,-109,44,90,378,4,9,57
5805,-109,33,90,378,4,9,57
5805,-109,42,90,378,5,8,57
5805,-109,40,90,378,6,10,57
5805,-109,50,90,378,6,8,57
5805,-109,46,90,378,6,9,57
5805,-109,55,90,378,4,10,57
5805,-109,36,90,378,6,9,56
5805,-109,37,90,378,6,9,57
5805,-109,35,88,379,7,8,55
5805,-109,44,90,378,5,11,57
5805,-109,34,90,378,6,9,57
5805,-109,31,90,378,5,7,55
5805,-109,49,90,378,5,11,57
5805,-109,55,90,378,5,10,58
5805,-109,42,90,378,5,9,57
5805,-109,47,90,378,5,9,57
5805,-109,53,90,378,4,9,58
5805,-109,36,90,378,4,10,58
5805,-109,60,90,378,5,10,57
5805,-109,40,90,378,4,9,57
5805,-109,43,90,378,6,11,57
5805,-109,51,90,378,6,10,57
5805,-109,44,90,378,5,10,57
5805,-109,36,90,378,5,10,58
5805,-109,40,90,378,5,10,57
5805,-109,40,90,378,6,8,56
5805,-109,58,90,378,5,9,56
5805,-109,43,90,378,5,9,57
5805,-109,25,90,378,5,8,56
5805,-109,41,90,378,5,9,58
5805,-109,46,90,378,4,9,57
5805,-109,47,90,378,6,10,58
5805,-109,52,90,378,6,10,57
5805,-109,54,90,378,4,10,57
5805,-109,33,90,378,5,9,57
5805,-109,45,90,378,5,9,57
5805,-109,27,90,378,5,10,57
5805,-109,41,90,378,4,9,57
5805,-109,43,90,378,4,10,57
5805,-109,48,90,378,4,10,58
5805,-109,51,90,378,5,10,57
5805,-109,38,90,378,5,9,58
5805,-109,41,89,379,6,10,56
5805,-109,46,90,378,5,10,57
5805,-109,44,90,378,4,8,58
5805,-109,39,90,378,5,10,56
5805,-109,47,90,378,5,7,57
5805,-109,31,90,378,6,10,58
5805,-109,32,89,378,6,12,57
5805,-109,37,90,378,6,10,57
5805,-109,51,90,378,6,8,56
5805,-109,38,90,378,6,8,56
5805,-109,36,90,378,6,11,58
5805,-109,35,90,378,4,10,57
5805,-109,51,90,378,5,9,57
5805,-109,38,90,378,6,10,57
5805,-109,53,90,378,5,9,57
5805,-109,61,90,378,5,8,58
5805,-109,37,90,378,4,10,57
5805,-109,41,90,378,4,10,57
5805,-109,47,90,378,5,9,57
5805,-109,55,90,378,7,11,58
5805,-109,28,90,378,6,10,56
5805,-109,68,90,378,5,10,57
5805,-109,52,90,378,5,9,57
5805,-109,52,90,378,5,10,58
5805,-109,48,90,378,6,10,57
5805,-109,60,90,378,5,11,57
5805,-109,48,90,378,5,10,57
5805,-109,46,90,378,4,9,57
5805,-109,59,90,378,4,8,58
5805,-109,37,90,378,6,9,57
5805,-109,54,90,378,5,10,57
5805,-109,35,90,378,5,11,57
5805,-109,36,90,378,4,8,56
5805,-109,28,90,378,4,10,57
5805,-109,41,90,378,7,7,55
5805,-109,34,90,378,5,8,56
5805,-109,53,90,378,6,9,57
5805,-109,52,90,378,5,8,57
5805,-109,51,90,378,5,7,56
5805,-109,40,90,378,6,8,56
5805,-109,55,90,378,4,8,57
5805,-109,49,90,378,6,8,56
5805,-109,49,90,378,5,9,57
5805,-109,44,90,378,4,9,56
5805,-109,55,90,378,6,8,57
5805,-109,45,90,378,5,9,56
5805,-109,35,90,378,5,6,55
5805,-109,37,90,378,5,10,57
5805,-109,47,90,378,6,10,57
5805,-109,53,90,378,5,9,56
5805,-109,42,90,378,5,8,57
5805,-109,55,90,378,4,9,57
5805,-109,50,90,378,5,10,57
5805,-109,47,90,378,4,10,57
5805,-109,45,90,378,4,11,58
5805,-109,58,90,378,5,9,57
5805,-109,28,89,378,5,9,55
5805,-109,35,90,378,4,9,57
5805,-109,59,90,378,5,10,57
5805,-109,51,90,378,6,13,58
5805,-109,52,90,378,5,9,57
5805,-109,47,90,378,5,9,57
5805,-109,46,90,378,5,11,57
5805,-109,52,90,378,5,10,58
5805,-109,46,90,378,5,9,56
5805,-109,37,90,378,6,10,56
5805,-109,52,90,378,6,9,58
5805,-109,38,90,378,5,10,57
5805,-109,44,89,378,5,9,56
5805,-109,55,90,378,5,8,56
5805,-109,56,90,378,4,8,56
5805,-109,51,90,378,4,9,57
5805,-109,44,90,378,6,9,57
5805,-109,56,90,378,5,9,57
5805,-109,59,90,378,5,10,57
5805,-109,53,87,380,6,9,55
5805,-109,47,87,380,6,9,55
5805,-109,51,87,380,4,10,55
5805,-109,52,87,380,6,10,55
5805,-109,53,87,380,5,11,55
5805,-109,39,87,380,6,8,54
5805,-109,25,87,380,6,10,54
5805,-109,39,87,380,5,10,55
5805,-109,52,87,380,6,9,55
5805,-109,50,87,380,6,9,55
5805,-109,34,87,380,4,9,54
5805,-109,53,87,380,4,8,54
5805,-109,31,87,380,4,10,54
5805,-109,36,87,380,5,12,56
5805,-109,52,87,380,4,10,55
5805,-109,58,87,380,5,8,55
5805,-109,40,87,380,6,9,54
5805,-109,52,87,380,5,10,56
5805,-109,67,87,380,5,12,55
5805,-109,41,87,380,5,9,54
5805,-109,55,87,380,4,8,55
5805,-109,40,87,380,5,9,54
5805,-109,44,87,380,5,10,55
5805,-109,39,87,380,5,9,55
5805,-109,49,87,380,6,10,54
5805,-109,32,87,380,6,9,54
5805,-109,50,87,380,6,9,55
5805,-109,62,87,380,4,7,54
5805,-109,37,87,380,4,12,55
5805,-109,39,87,380,5,10,55
5805,-109,60,87,380,5,11,56
5805,-109,37,87,380,6,10,55
5805,-109,45,87,380,5,9,54
5805,-109,36,87,380,6,11,55
5805,-109,35,87,380,5,11,55
5805,-109,45,87,380,5,9,55
5805,-109,41,87,380,5,9,55
5805,-109,47,87,380,6,11,57
5805,-109,45,87,380,5,9,54
5805,-109,38,87,380,6,10,56
5805,-109,44,87,380,4,9,55
5805,-109,44,87,380,4,9,54
5805,-109,47,87,380,6,9,54
5805,-109,43,87,380,4,8,54
5805,-109,44,87,380,6,11,55
5805,-109,39,87,380,6,10,55
5805,-109,31,87,380,5,10,55
5805,-109,58,87,380,6,9,55
5805,-109,46,87,380,5,10,56
5805,-109,50,87,380,5,8,55
5805,-109,46,87,380,6,11,54
5805,-109,46,87,380,6,7,54
5805,-109,42,87,380,5,11,56
5805,-109,41,87,380,6,10,55
5805,-109,47,87,380,6,9,54
5805,-109,46,87,380,5,10,56
5805,-109,30,87,380,5,8,54
5805,-109,41,87,380,6,9,54
5805,-109,51,87,380,6,7,55
5805,-109,54,87,380,6,11,55
5805,-109,31,87,380,5,11,54
5805,-109,45,87,380,5,9,55
5805,-109,43,87,380,6,10,55
5805,-109,45,87,380,5,9,55
5805,-109,33,87,380,4,8,54
5805,-109,49,87,380,5,8,55
5805,-109,47,87,380,6,10,55
5805,-109,40,87,380,5,10,55
5805,-109,41,87,380,5,9,55
5805,-109,53,87,380,5,8,55
5805,-109,50,87,380,5,10,55
5805,-109,39,87,380,5,9,54
5805,-109,34,87,380,6,9,55
5805,-109,50,87,380,6,8,54
5805,-109,55,87,380,5,9,55
5805,-109,44,87,380,4,9,55
5805,-109,42,87,380,5,11,55
5805,-109,48,87,380,5,9,54
5805,-109,40,87,380,6,8,54
5805,-109,43,87,380,6,10,55
5805,-109,45,87,380,5,10,56
5805,-109,33,87,380,6,10,54
5805,-109,38,87,380,6,10,55
5805,-109,40,87,380,6,9,54
5805,-109,37,87,380,5,9,56
5805,-109,49,87,380,6,11,55
5805,-109,51,87,380,5,10,56
5805,-109,44,87,380,5,9,54
5805,-109,54,87,380,5,10,55
5805,-109,55,87,380,5,9,55
5805,-109,46,87,380,7,10,55
5805,-109,51,87,380,5,10,56
5805,-109,53,87,380,6,11,55
5805,-109,52,87,380,4,9,54
5805,-109,50,87,380,5,8,54
5805,-109,60,87,380,4,10,55
5805,-109,46,87,380,5,9,54
5805,-109,43,87,380,6,8,55
5805,-109,38,87,380,5,8,54
5805,-109,49,87,380,5,10,55
5805,-109,44,87,380,5,7,54
5805,-109,48,87,380,5,9,55
5805,-109,45,87,380,5,12,55
5805,-109,36,87,380,6,8,54
5805,-109,48,87,380,4,8,56
5805,-109,44,87,380,6,10,55
5805,-109,60,87,380,5,9,55
5805,-109,50,87,380,6,9,54
5805,-109,55,87,380,6,9,55
5805,-109,48,87,380,5,10,56
5805,-109,39,87,380,5,8,54
5805,-109,44,87,380,6,10,54
5805,-109,41,87,380,4,11,55
5805,-109,40,87,380,7,10,54
5805,-109,41,87,380,5,11,54
5805,-109,50,87,380,5,9,54
5805,-109,53,87,380,5,9,55
5805,-109,40,87,380,5,11,54
5805,-109,40,87,380,6,9,55
5805,-109,39,87,380,6,9,55
5805,-109,50,87,380,4,10,55
5805,-109,48,87,380,6,9,54
5805,-109,53,87,380,6,10,55
5805,-109,39,87,380,5,9,54
5805,-109,44,87,380,7,11,56
5805,-109,48,87,380,6,10,55
5805,-109,49,87,380,6,10,55
5805,-109,55,87,380,5,10,56
5805,-109,40,87,380,3,9,55
5805,-109,46,87,380,5,10,56
5805,-109,52,87,380,5,10,55
5805,-109,36,87,380,6,10,54
5805,-109,36,87,380,4,8,54
5805,-109,51,87,380,4,9,56
5805,-109,56,87,380,5,9,54
5805,-109,56,87,380,4,9,55
5805,-109,36,87,380,5,7,53
5805,-109,50,87,380,6,9,55
5805,-109,45,87,380,4,11,56
5805,-109,60,87,380,6,9,54
5805,-109,50,87,380,6,10,56
5805,-109,45,87,380,4,9,55
5805,-109,46,87,380,5,10,54
5805,-109,58,87,380,7,8,54
5805,-109,39,87,380,4,9,55
5805,-109,43,87,380,5,9,54
5805,-109,50,87,380,5,9,55
5805,-109,45,87,380,5,10,54
5805,-109,38,87,380,7,8,54
5805,-109,38,87,380,5,11,55
5805,-109,48,87,380,6,9,54
5805,-109,52,87,380,6,9,55
5805,-109,34,87,380,6,9,54
5805,-109,52,87,380,6,9,55
5805,-109,38,87,380,7,10,55
5805,-109,50,87,380,5,8,55
5805,-109,41,87,380,5,9,55
5805,-109,46,87,380,5,9,55
5805,-109,38,87,380,6,7,54
5805,-109,57,87,380,5,9,55
5805,-109,37,87,380,5,9,54
5805,-109,34,87,380,6,11,55
5805,-109,53,87,380,6,9,54
5805,-109,49,87,380,5,10,55
5805,-109,46,87,380,6,11,56
5805,-109,59,87,380,5,11,56
5805,-109,54,87,380,5,9,54
5805,-109,52,87,380,6,8,54
5805,-109,41,87,380,5,9,56
5805,-109,54,87,380,5,10,55
5805,-109,52,87,380,6,10,56
5805,-109,37,87,380,6,9,55
5805,-109,49,87,380,6,9,54
5805,-109,41,87,380,6,10,55
5805,-109,62,87,380,6,10,55
5805,-109,36,87,380,5,8,54
5805,-109,58,87,380,4,11,56
5805,-109,44,87,380,5,10,55
5805,-109,52,87,380,5,9,55
5805,-109,28,87,380,5,9,55
5805,-109,57,87,380,5,10,54
5805,-109,54,87,380,4,10,55
5805,-109,49,87,380,5,8,54
5805,-109,26,87,380,5,8,54
5805,-109,50,87,380,5,9,55
5805,-109,38,87,380,6,8,55
5805,-109,50,87,380,5,8,55
5805,-109,51,87,380,5,10,56
5805,-109,53,87,380,5,10,56
5805,-109,32,87,380,5,9,54
5805,-109,41,87,380,5,10,55
5805,-109,40,87,380,6,10,55
5805,-109,50,87,380,6,10,55
5805,-109,42,87,380,5,11,55
5805,-109,46,87,380,5,8,54
5805,-109,55,87,380,5,10,55
5805,-109,38,87,380,5,7,55
5805,-109,37,87,380,5,9,54
5805,-109,45,87,380,6,10,55
5805,-109,51,87,380,5,8,55
5805,-109,49,87,380,5,8,55
5805,-109,40,87,380,6,9,55
5805,-109,47,87,380,6,11,56
5805,-109,59,87,380,4,9,55
5805,-109,52,87,380,5,10,55
5805,-109,43,87,380,3,9,55
5805,-109,39,87,380,4,9,55
5805,-109,52,87,380,6,11,55
5805,-109,51,87,380,5,9,54
5805,-109,65,87,380,5,11,56
5805,-109,49,87,380,6,9,56
5805,-109,47,87,380,5,11,56
5805,-109,50,87,380,6,8,54
5805,-109,56,87,380,6,12,55
5805,-109,55,87,380,5,9,55
5805,-109,43,87,380,4,9,55
5805,-109,36,87,380,5,6,53
5805,-109,43,87,380,5,9,55
5805,-109,52,87,380,5,10,55
5805,-109,55,87,380,5,9,54
5805,-109,34,87,380,6,10,55
5805,-109,52,87,380,6,10,55
5805,-109,47,87,380,5,9,54
5805,-109,39,87,380,5,8,55
5805,-109,37,87,380,5,8,54
5805,-109,69,87,380,7,9,55
5805,-109,55,87,380,5,9,55
5805,-109,45,87,380,5,10,55
5805,-109,45,87,380,5,10,55
5805,-109,38,87,380,5,9,54
5805,-109,51,87,380,7,10,55
5805,-109,51,87,380,5,9,55
5805,-109,40,87,380,4,8,54
5805,-109,36,87,380,6,10,54
5805,-109,44,87,380,7,9,54
5805,-109,57,87,380,5,9,55
5805,-109,61,87,380,4,10,56
5805,-109,50,87,380,6,10,55
5805,-109,41,87,380,6,9,55
5805,-109,41,87,380,4,9,56
5805,-109,49,87,380,5,10,56
5805,-109,39,87,380,6,8,54
5805,-109,39,87,380,5,10,55
5805,-109,48,87,380,5,10,56
5805,-109,53,87,380,5,10,55
5805,-109,51,87,380,5,9,54
5805,-109,45,87,380,5,9,55
5805,-109,51,87,380,4,11,55
5805,-109,51,87,380,5,9,55
5805,-109,52,87,380,6,9,54
5805,-109,38,87,380,5,8,55
5805,-109,58,87,380,5,8,55
5805,-109,47,87,380,7,9,55
5805,-109,44,87,380,6,10,55
5805,-109,48,87,380,5,9,54
5805,-109,46,87,380,6,9,55
5805,-109,42,87,380,6,9,54
5805,-109,46,87,380,7,10,56
5805,-109,49,87,380,4,9,55
5805,-109,50,87,380,5,10,56
5805,-109,45,87,380,5,9,54
5805,-109,45,87,380,6,9,54
5805,-109,55,87,380,5,9,55
5805,-109,53,87,380,6,10,56
5805,-109,40,87,380,6,11,56
5805,-109,49,87,380,7,9,55
5805,-109,42,87,380,4,10,55
5805,-109,37,87,380,5,9,55
5805,-109,45,87,380,5,9,55
5805,-109,61,87,380,5,9,55
5805,-109,63,87,380,5,9,55
5805,-109,49,87,380,5,8,54
5805,-109,55,87,380,5,9,54
5805,-109,40,87,380,6,9,55
5805,-109,36,87,380,5,8,54
5805,-109,41,87,380,6,9,54
5805,-109,45,87,380,5,9,55
5805,-109,60,87,380,6,10,55
5805,-109,47,87,380,6,9,55
5805,-109,53,87,380,6,10,55
5805,-109,49,87,380,6,10,56
5805,-109,53,87,380,6,11,56
5805,-109,53,87,380,6,9,54
5805,-109,47,87,380,4,9,54
5805,-109,58,87,380,5,7,54
5805,-109,53,87,380,5,10,55
5805,-109,63,87,380,3,9,55
5805,-109,47,87,380,4,10,55
5805,-109,37,87,380,6,8,54
5805,-109,48,87,380,5,10,55
5805,-109,34,87,380,5,8,55
5805,-109,43,87,380,4,8,55
5805,-109,42,87,380,5,10,55
5805,-109,38,87,380,6,10,55
5805,-109,62,87,380,5,10,55
5805,-109,55,87,380,6,9,55
5805,-109,47,87,380,6,9,55
5805,-109,46,87,380,6,11,55
5805,-109,39,87,380,6,9,54
5805,-109,37,87,380,6,9,53
5805,-109,39,87,380,6,10,55
5805,-109,49,87,380,5,10,55
5805,-109,40,87,380,4,10,55
5805,-109,48,87,380,6,11,55
5805,-109,55,87,380,5,8,55
5805,-109,67,87,380,5,11,55
5805,-109,58,87,380,4,9,55
5805,-109,41,87,380,5,9,54
5805,-109,53,87,380,6,9,54
5805,-109,34,87,380,6,10,55
5805,-109,53,87,380,4,9,55
5805,-109,32,87,380,6,9,55
5805,-109,51,87,380,5,9,55
5805,-109,58,87,380,4,9,56
5805,-109,55,87,380,5,9,54
5805,-109,48,87,380,6,11,55
5805,-109,60,87,380,5,10,55
5805,-109,45,87,380,5,8,55
5805,-109,44,87,380,4,8,54
5805,-109,57,87,380,6,9,54
5805,-109,42,87,380,5,10,55
5805,-109,58,87,380,6,9,54
5805,-109,44,87,380,4,9,55
5805,-109,42,87,380,5,8,54
5805,-109,47,87,380,6,10,55
5805,-109,48,87,380,6,9,56
5805,-109,49,87,380,6,8,56
5805,-109,46,87,380,5,9,55
5805,-109,60,87,380,5,8,55
5805,-109,52,87,380,4,9,55
5805,-109,59,87,380,6,9,55
5805,-109,38,87,380,6,8,55
5805,-109,51,87,380,6,9,56
5805,-109,49,87,380,6,8,54
5805,-109,58,87,380,3,10,56
5805,-109,41,87,380,5,10,55
5805,-109,44,87,380,6,12,56
5805,-109,55,87,380,7,8,55
5805,-109,53,87,380,6,9,55
5805,-109,42,87,380,5,8,54
5805,-109,57,87,380,4,9,55
5805,-109,57,87,380,5,9,55
5805,-109,47,87,380,5,9,54
5805,-109,41,87,380,6,8,54
5805,-109,44,87,380,6,9,56
5805,-109,51,87,380,5,10,55
5805,-109,32,87,380,4,10,55
5805,-109,34,87,380,4,9,54
5805,-109,45,87,380,5,11,55
5805,-109,49,87,380,5,9,54
5805,-109,44,87,380,6,8,55
5805,-109,47,87,380,4,9,54
5805,-109,47,87,380,4,7,53
5805,-109,53,87,380,5,9,55
5805,-109,51,87,380,6,9,55
5805,-109,44,87,380,6,8,54
5805,-109,49,87,380,5,9,54
5805,-109,43,87,380,4,10,55
5805,-109,50,87,380,6,11,56
5805,-109,51,87,380,4,9,54
5805,-109,41,87,380,4,10,56
5805,-109,55,87,380,6,10,54
5805,-109,61,87,380,5,9,55
5805,-109,51,87,380,6,9,54
5805,-109,40,87,380,5,10,54
5805,-109,39,87,380,6,10,55
5805,-109,35,87,380,4,9,55
5805,-109,60,87,380,4,9,55
5805,-109,49,87,380,6,9,53
5805,-109,45,87,380,6,10,55
5805,-109,40,87,380,4,9,54
5805,-109,58,87,380,5,8,55
5805,-109,50,87,380,5,8,55
5805,-109,43,87,380,5,10,55
5805,-109,50,87,380,5,8,54
5805,-109,50,87,380,6,7,55
5805,-109,47,87,380,6,12,56
5805,-109,43,87,380,5,10,55
5805,-109,51,87,380,5,10,55
5805,-109,58,87,380,5,9,56
5805,-109,40,87,380,6,10,55
5805,-109,41,87,380,4,8,55
5805,-109,40,87,380,5,11,54
5805,-109,52,87,380,6,8,54
5805,-109,46,87,380,5,8,54
5805,-109,44,87,380,5,8,54
5805,-109,50,87,380,5,11,55
5805,-109,41,87,380,6,10,55
5805,-109,35,87,380,5,9,54
5805,-109,40,87,380,5,9,55
5805,-109,54,87,380,5,11,56
5805,-109,40,87,380,5,10,55
5805,-109,58,87,380,6,12,56
5805,-109,46,87,380,6,9,54
5805,-109,31,87,380,5,10,55
5805,-109,38,87,380,5,9,55
5805,-109,47,87,380,5,12,56
5805,-109,58,87,380,4,10,55
5805,-109,56,87,380,5,8,55
5805,-109,57,87,380,6,9,55
5805,-109,44,87,380,6,10,55
5805,-109,39,87,380,6,8,54
5805,-109,46,87,380,6,9,55
5805,-109,42,87,380,6,9,55
5805,-109,48,87,380,4,9,54
5805,-109,48,87,380,5,9,54
5805,-109,43,87,380,6,8,55
5805,-109,52,87,380,6,11,56
5805,-109,53,87,380,6,9,56
5805,-109,51,87,380,6,9,55
5805,-109,49,87,380,5,10,55
5805,-109,41,87,380,5,11,55
5805,-109,49,87,380,6,11,55
5805,-109,49,87,380,6,10,56
5805,-109,47,87,380,6,9,55
5805,-109,36,87,380,7,9,54
5805,-109,39,87,380,5,11,55
5805,-109,38,87,380,4,7,54
5805,-109,59,87,380,6,9,55
5805,-109,37,87,380,5,9,54
5805,-109,53,87,380,6,8,55
5805,-109,33,87,380,3,8,54
5805,-109,43,87,380,6,8,54
5805,-109,47,87,380,5,10,55
5805,-109,33,87,380,5,9,55
5805,-109,43,87,380,6,9,54
5805,-109,44,87,380,5,9,54
5805,-109,50,87,380,6,10,55
5805,-109,49,87,380,6,10,56
5805,-109,40,87,380,6,9,54
5805,-109,38,87,380,5,11,54
5805,-109,46,87,380,4,10,55
5805,-109,64,87,380,5,9,56
5805,-109,46,87,380,5,11,55
5805,-109,46,87,380,4,10,56
5805,-109,52,87,380,6,9,54
5805,-109,55,87,380,5,10,54
5805,-109,47,87,380,6,9,55
5805,-109,44,87,380,6,10,55
5805,-109,47,87,380,4,10,55
5805,-109,44,87,380,6,10,56
5805,-109,52,87,380,5,11,56
5805,-109,35,87,380,6,9,55
5805,-109,45,87,380,6,9,55
5805,-109,64,87,380,5,10,56
5805,-109,44,87,380,4,9,54
5805,-109,48,87,380,4,8,55
5805,-109,43,87,380,6,11,56
5805,-109,38,87,380,6,8,55
5805,-109,47,87,380,6,8,56
5805,-109,55,87,380,6,8,55
5805,-109,46,87,380,6,10,55
5805,-109,44,87,380,5,9,55
5805,-109,45,87,380,5,10,56
5805,-109,45,87,380,5,8,54
5805,-109,61,87,380,7,10,56
5805,-109,47,87,380,5,11,55
5805,-109,48,87,380,5,10,55
5805,-109,41,87,380,7,8,54
5805,-109,40,87,380,6,9,55
5805,-109,43,87,380,5,10,55
5805,-109,47,87,380,5,10,56
5805,-109,47,87,380,5,9,55
5805,-109,42,87,380,6,9,54
5805,-109,38,87,380,4,9,55
5805,-109,36,87,380,6,9,55
5805,-109,43,87,380,5,11,55
5805,-109,53,87,380,7,7,54
5805,-109,39,87,380,5,9,55
5805,-109,50,87,380,4,9,54
5805,-109,39,87,380,5,9,54
5805,-109,38,87,380,5,9,54
5805,-109,43,87,380,4,9,55
5805,-109,37,87,380,6,8,55
5805,-109,41,87,380,4,9,55
5805,-109,42,87,380,6,10,55
5805,-109,42,87,380,5,10,55
5805,-109,45,87,380,5,8,54
5805,-109,30,87,380,5,9,55
5805,-109,55,87,380,5,8,54
5805,-109,44,87,380,5,9,55
5805,-109,31,87,380,5,9,53
5805,-109,41,87,380,5,11,55
5805,-109,48,87,380,4,8,54
5805,-109,46,87,380,5,11,55
5805,-109,63,87,380,4,10,55
5805,-109,41,87,380,6,10,55
5805,-109,53,87,380,6,9,55
5805,-109,55,87,380,6,8,55
5805,-109,45,87,380,5,10,55
5805,-109,40,87,380,5,7,53
5805,-109,39,87,380,5,8,54
5805,-109,50,87,380,5,8,56
5805,-109,50,87,380,5,9,55
5805,-109,42,87,380,5,9,54
5805,-109,39,87,380,5,10,55
5805,-109,45,87,380,7,10,55
5805,-109,60,87,380,5,10,56
5805,-109,52,87,380,6,9,55
5805,-109,55,87,380,5,9,55
5805,-109,43,87,380,5,9,54
5805,-109,45,87,380,6,10,55
5805,-109,55,87,380,5,9,54
5805,-109,42,87,380,5,9,54
5805,-109,44,87,380,5,9,55
5805,-109,46,87,380,6,8,55
5805,-109,48,87,380,6,10,55
5805,-109,45,87,380,4,10,54
5805,-109,52,87,380,5,10,55
5805,-109,58,87,380,5,10,56
5805,-109,42,87,380,4,9,55
5805,-109,34,87,380,4,10,56
5805,-109,39,87,380,5,9,55
5805,-109,49,87,380,6,8,54
5805,-109,47,87,380,5,10,56
5805,-109,41,87,380,5,9,55
5805,-109,46,87,380,6,9,55
5805,-109,57,87,380,5,9,55
5805,-109,53,87,380,6,7,55
5805,-109,40,87,380,6,9,55
5805,-109,51,87,380,5,10,56
5805,-109,50,87,380,5,9,54
5805,-109,45,87,380,5,10,55
5805,-109,50,87,380,5,8,55
5805,-109,44,87,380,5,8,55
5805,-109,50,87,380,5,9,54
5805,-109,51,87,380,5,9,56
5805,-109,33,87,380,6,10,55
5805,-109,45,87,380,6,8,54
5805,-109,59,87,380,5,8,54
5805,-109,58,87,380,5,9,55
5805,-109,48,87,380,5,11,55
5805,-109,45,87,380,5,10,55
5805,-109,40,87,380,6,9,54
5805,-109,40,87,380,5,11,56
5805,-109,50,87,380,5,9,55
5805,-109,41,87,380,6,9,54
5805,-109,37,87,380,5,9,55
5805,-109,46,87,380,5,10,55
5805,-109,37,87,380,6,10,55
5805,-109,63,87,380,4,8,55
5805,-109,64,87,380,6,9,56
5805,-109,55,87,380,6,11,57
5805,-109,58,87,380,5,8,54
5805,-109,44,87,380,5,11,55
5805,-109,44,87,380,5,9,56
5805,-109,43,87,380,6,10,55
5805,-109,47,87,380,5,9,55
5805,-109,57,87,380,6,8,55
5805,-109,42,87,380,6,8,55
5805,-109,41,87,380,5,9,55
5805,-109,36,87,380,6,8,54
5805,-109,47,87,380,4,8,54
5805,-109,54,87,380,6,10,55
5805,-109,55,87,380,5,9,55
5805,-109,61,87,380,5,9,56
5805,-109,52,87,380,5,9,54
5805,-109,48,87,380,5,9,55
5805,-109,49,87,380,6,10,55
5805,-109,48,87,380,5,9,55
5805,-109,44,87,380,4,10,55
5805,-109,46,87,380,6,9,54
5805,-109,50,87,380,6,10,55
5805,-109,47,87,380,5,8,54
5805,-109,54,87,380,6,9,55
5805,-109,39,87,380,6,8,55
5805,-109,60,87,380,6,9,54
5805,-109,44,87,380,5,9,55
5805,-109,52,87,380,6,9,55
5805,-109,36,87,380,5,10,55
5805,-109,60,87,380,5,9,54
5805,-109,41,87,380,5,9,55
5805,-109,42,87,380,5,8,54
5805,-109,44,87,380,4,9,55
5805,-109,47,87,380,6,8,54
5805,-109,41,87,380,6,7,53
5805,-109,53,87,380,5,11,56
5805,-109,54,87,380,6,9,54
5805,-109,43,87,380,5,8,54
5805,-109,42,87,380,5,9,55
5805,-109,46,87,380,4,8,55
5805,-109,36,87,380,6,10,54
5805,-109,34,87,380,5,9,55
5805,-109,42,87,380,5,8,54
5805,-109,59,87,380,5,11,56
5805,-109,33,87,380,5,9,54
5805,-109,41,87,380,5,9,55
5805,-109,41,87,380,5,10,54
5805,-109,41,87,380,6,9,54
5805,-109,33,87,380,6,9,55
5805,-109,45,87,380,5,7,55
5805,-109,43,87,380,6,10,55
5805,-109,50,87,380,6,8,54
5805,-109,52,87,380,4,9,54
5805,-109,59,87,380,5,7,54
5805,-109,41,87,380,7,10,56
5805,-109,42,87,380,5,9,55
5805,-109,27,87,380,5,10,55
5805,-109,49,87,380,6,11,56
5805,-109,39,87,380,6,9,55
5805,-109,34,87,380,7,10,55
5805,-109,48,87,380,5,10,55
5805,-109,42,87,380,6,11,56
5805,-109,51,87,380,5,9,54
5805,-109,52,87,380,6,11,56
5805,-109,43,87,380,5,10,55
5805,-109,44,87,380,5,9,55
5805,-109,43,87,380,7,10,55
5805,-109,31,87,380,4,10,54
5805,-109,50,87,380,4,8,54
5805,-109,49,87,380,6,10,56
5805,-109,59,87,380,5,9,55
5805,-109,44,87,380,6,11,55
5805,-109,44,87,380,5,6,55
5805,-109,51,87,380,5,8,54
5805,-109,53,87,380,5,9,54
5805,-109,39,87,380,5,12,54
5805,-109,43,87,380,6,10,54
5805,-109,38,87,380,6,11,54
5805,-109,49,87,380,5,9,54
5805,-109,42,87,380,6,8,54
5805,-109,51,87,380,6,10,55
5805,-109,50,87,380,5,8,54
5805,-109,53,87,380,5,10,55
5805,-109,44,87,380,5,9,54
5805,-109,47,87,380,6,7,54
5805,-109,44,87,380,5,8,55
5805,-109,47,87,380,5,11,54
5805,-109,63,87,380,5,9,54
5805,-109,54,87,380,7,10,55
5805,-109,36,87,380,4,9,55
5805,-109,42,87,380,4,9,55
5805,-109,49,87,380,6,8,55
5805,-109,52,87,380,5,9,54
5805,-109,47,87,380,5,10,55
5805,-109,49,87,380,3,9,55
5805,-109,42,87,380,5,10,55
5805,-109,41,87,380,5,8,54
5805,-109,32,87,380,5,10,56
5805,-109,39,87,380,5,9,54
5805,-109,34,87,380,6,10,54
5805,-109,48,87,380,5,11,56
5805,-109,37,87,380,4,12,56
5805,-109,47,87,380,7,8,54
5805,-109,59,87,380,7,10,56
5805,-109,39,87,380,5,6,54
5805,-109,48,87,380,5,8,54
5805,-109,41,87,380,5,7,53
5805,-109,51,87,380,7,8,54
5805,-109,41,87,380,5,9,55
5805,-109,59,87,380,5,11,56
5805,-109,52,87,380,5,8,55
5805,-109,53,87,380,6,9,55
5805,-109,55,87,380,5,9,54
5805,-109,61,87,380,7,10,55
5805,-109,37,87,380,5,8,55
5805,-109,55,87,380,6,10,55
5805,-109,45,87,380,4,9,55
5805,-109,47,87,380,6,9,55
5805,-109,46,87,380,4,10,55
5805,-109,35,87,380,6,8,55
5805,-109,68,87,380,5,10,55
5805,-109,52,87,380,6,9,55
5805,-109,51,87,380,5,8,55
5805,-109,50,87,380,6,10,55
5805,-109,30,87,380,5,10,55
5805,-109,58,87,380,4,10,55
5805,-109,44,87,380,5,9,55
5805,-109,41,87,380,6,8,55
5805,-109,47,87,380,6,9,55
5805,-109,46,87,380,5,8,54
5805,-109,51,87,380,6,8,55
5805,-109,43,87,380,6,8,54
5805,-109,49,87,380,5,9,55
5805,-109,40,87,380,5,8,53
5805,-109,34,87,380,5,10,55
5805,-109,42,87,380,5,10,55
5805,-109,50,87,380,5,9,55
5805,-109,54,87,380,6,9,55
5805,-109,55,87,380,5,12,56
5805,-109,58,87,380,6,10,56
5805,-109,62,87,380,6,10,55
5805,-109,53,87,380,5,9,54
5805,-109,62,87,380,6,9,56
5805,-109,36,87,380,6,11,55
5805,-109,53,87,380,6,7,53
5805,-109,39,87,380,5,9,54
5805,-109,44,87,380,6,9,54
5805,-109,54,87,380,6,9,55
5805,-109,51,87,380,5,9,54
5805,-109,51,87,380,4,10,55
5805,-109,46,87,380,4,9,55
5805,-109,46,87,380,6,8,54
5805,-109,52,87,380,5,8,55
5805,-109,56,87,380,5,9,55
5805,-109,36,87,380,4,9,54
5805,-109,43,87,380,6,10,56
5805,-109,40,87,380,5,10,57
5805,-109,55,87,380,6,9,54
5805,-109,48,87,380,6,8,55
5805,-109,48,87,380,5,9,55
5805,-109,41,87,380,5,9,55
5805,-109,49,87,380,5,9,55
5805,-109,51,87,380,5,11,56
5805,-109,43,87,380,5,10,55
5805,-109,40,87,380,7,9,54
5805,-109,53,87,380,6,10,55
5805,-109,50,87,380,6,9,55
5805,-109,43,87,380,6,10,54
5805,-109,52,87,380,6,9,55
5805,-109,54,87,380,5,11,56
5805,-109,44,87,380,6,11,55
5805,-109,49,87,380,5,10,54
5805,-109,42,87,380,5,10,56
5805,-109,67,87,380,6,10,56
5805,-109,39,87,380,5,8,55
5805,-109,41,87,380,5,10,54
5805,-109,48,87,380,5,10,55
5805,-109,42,87,380,4,8,54
5805,-109,42,87,380,6,8,54
5805,-109,42,87,380,6,9,55
5805,-109,48,87,380,6,11,56
5805,-109,47,87,380,6,10,55
5805,-109,48,87,380,5,9,55
5805,-109,41,87,380,6,10,55
5805,-109,57,87,380,5,9,54
5805,-109,47,87,380,6,9,55
5805,-109,58,87,380,6,9,55
5805,-109,45,87,380,5,9,56
5805,-109,39,87,380,6,9,55
5805,-109,56,87,380,5,8,54
5805,-109,62,87,380,8,7,55
5805,-109,52,87,380,7,9,55
5805,-109,34,87,380,5,10,54
5805,-109,33,87,380,5,8,55
5805,-109,44,87,380,6,9,55
5805,-109,51,87,380,7,8,55
5805,-109,45,87,380,6,9,56
5805,-109,54,87,380,5,9,55
5805,-109,65,87,380,5,9,56
5805,-109,42,87,380,6,9,55
5805,-109,41,87,380,5,10,56
5805,-109,47,87,380,5,8,55
5805,-109,48,87,380,7,10,54
5805,-109,33,87,380,6,8,55
5805,-109,47,87,380,5,8,54
5805,-109,50,87,380,5,9,55
5805,-109,43,87,380,4,8,55
5805,-109,32,87,380,5,9,54
5805,-109,37,87,380,3,10,55
5805,-109,40,87,380,4,7,54
5805,-109,31,87,380,6,7,55
5805,-109,50,87,380,5,9,55
5805,-109,46,87,380,8,11,56
5805,-109,46,87,380,5,10,54
5805,-109,42,87,380,6,10,55
5805,-109,45,87,380,5,9,55
5805,-109,46,87,380,5,10,55
5805,-109,33,87,380,6,9,55
5805,-109,42,87,380,6,11,56
5805,-109,44,87,380,6,8,54
5805,-109,36,87,380,5,10,55
5805,-109,37,87,380,6,5,55
5805,-109,60,87,380,4,8,54
5805,-109,40,87,380,6,9,55
5805,-109,54,87,380,6,9,55
5805,-109,57,87,380,6,9,55
5805,-109,43,87,380,6,10,56
5805,-109,40,87,380,5,11,56
5805,-109,45,87,380,5,7,54
5805,-109,57,87,380,4,9,55
5805,-109,53,87,380,5,9,56
5805,-109,44,87,380,5,9,54
5805,-109,36,87,380,5,10,55
5805,-109,43,87,380,5,8,54
5805,-109,41,87,380,5,10,55
5805,-109,44,87,380,5,10,55
5805,-109,40,87,380,6,9,54
5805,-109,45,87,380,4,9,55
5805,-109,35,87,380,5,9,55
5805,-109,39,87,380,6,10,54
5805,-109,54,87,380,6,10,56
5805,-109,27,87,380,4,8,54
5805,-109,39,87,380,4,9,55
5805,-109,46,87,380,5,9,54
5805,-109,59,87,380,5,9,55
5805,-109,34,87,380,5,9,55
5805,-109,40,87,380,6,10,55
5805,-109,51,87,380,5,11,56
5805,-109,42,87,380,5,7,54
5805,-109,60,87,380,7,12,56
5805,-109,46,87,380,5,10,55
5805,-109,47,87,380,5,8,53
5805,-109,59,87,380,5,10,54
5805,-109,51,87,380,6,9,54
5805,-109,61,87,380,4,9,55
5805,-109,51,87,380,4,9,55
5805,-109,50,87,380,7,8,55
5805,-109,43,87,380,5,7,54
5805,-109,42,87,380,6,10,55
5805,-109,53,87,380,5,9,55
5805,-109,65,87,380,6,7,54
5805,-109,49,87,380,6,9,55
5805,-109,48,87,380,5,9,55
5805,-109,51,87,380,5,9,54
5805,-109,46,87,380,5,10,55
5805,-109,27,87,380,5,10,54
5805,-109,42,87,380,6,9,55
5805,-109,53,87,380,6,7,54
5805,-109,69,87,380,5,12,56
5805,-109,41,87,380,6,8,55
5805,-109,33,87,380,5,9,55
5805,-109,41,87,380,5,10,55
5805,-109,42,87,380,6,9,55
5805,-109,43,87,380,6,9,55
5805,-109,59,87,380,5,11,56
5805,-109,51,87,380,6,9,55
5805,-109,51,87,380,6,7,53
5805,-109,59,87,380,5,9,56
5805,-109,34,87,380,5,9,55
5805,-109,45,87,380,6,9,55
5805,-109,42,87,380,5,8,55
5805,-109,41,87,380,5,9,55
5805,-109,42,87,380,4,10,55
5805,-109,51,87,380,5,10,55
5805,-109,29,87,380,4,9,54
5805,-109,49,87,380,6,9,55
5805,-109,48,87,380,5,9,55
5805,-109,40,87,380,5,8,54
5805,-109,56,87,380,6,10,55
5805,-109,45,87,380,5,11,55
5805,-109,46,87,380,5,8,54
5805,-109,34,87,380,6,9,55
5805,-109,48,87,380,6,9,55
5805,-109,46,87,380,6,8,55
5805,-109,31,87,380,5,8,53
5805,-109,45,87,380,5,8,55
5805,-109,54,87,380,6,8,55
5805,-109,52,87,380,5,9,55
5805,-109,42,87,380,6,8,54
5805,-109,39,87,380,5,10,54
5805,-109,41,87,380,7,11,56
5805,-109,59,87,380,7,9,55
5805,-109,41,87,380,6,11,55
5805,-109,45,87,380,5,9,55
5805,-109,48,87,380,5,10,55
5805,-109,44,87,380,5,7,55
5805,-109,41,87,380,4,8,55
5805,-109,49,87,380,5,11,55
5805,-109,47,87,380,6,9,54
5805,-109,46,87,380,5,9,54
5805,-109,36,87,380,5,11,55
5805,-109,41,87,380,5,9,54
5805,-109,35,87,380,6,11,55
5805,-109,34,87,380,4,7,54
5805,-109,56,87,380,5,10,55
5805,-109,42,87,380,6,7,55
5805,-109,49,87,380,6,10,55
5805,-109,39,87,380,4,10,56
5805,-109,43,87,380,5,9,56
5805,-109,42,87,380,6,9,55
5805,-109,34,87,380,7,10,55
5805,-109,50,87,380,5,8,54
5805,-109,46,87,380,6,10,54
5805,-109,39,87,380,5,9,55
5805,-109,46,87,380,5,11,56
5805,-109,42,87,380,5,10,56
5805,-109,32,87,380,5,8,55
5805,-109,42,87,380,6,10,54
5805,-109,52,87,380,7,9,55
5805,-109,36,87,380,5,8,55
5805,-109,47,87,380,6,11,55
5805,-109,48,87,380,5,10,55
5805,-109,47,87,380,5,10,55
5805,-109,42,87,380,6,10,55
5805,-109,44,87,380,6,8,54
5805,-109,50,87,380,4,10,56
5805,-109,43,87,380,7,9,55
5805,-109,40,87,380,6,9,54
5805,-109,47,87,380,6,11,55
5805,-109,44,87,380,7,8,54
5805,-109,37,87,380,5,11,54
5805,-109,33,87,380,5,11,55
5805,-109,51,87,380,6,9,55
5805,-109,50,87,380,5,8,54
5805,-109,53,87,380,6,10,55
5805,-109,47,87,380,4,10,56
5805,-109,39,87,380,4,7,54
5805,-109,52,87,380,5,9,55
5805,-109,57,87,380,5,9,54
5805,-109,46,87,380,5,10,55
5805,-109,44,87,380,5,9,56
5805,-109,57,87,380,6,10,55
5805,-109,39,87,380,6,10,55
5805,-109,46,87,380,4,8,55
5805,-109,53,87,380,6,10,55
5805,-109,41,87,380,7,9,55
5805,-109,43,87,380,5,8,54
5805,-109,35,87,380,4,11,54
5805,-109,44,87,380,6,8,54
5805,-109,54,87,380,6,9,55
5805,-109,31,87,380,6,9,54
5805,-109,45,87,380,5,9,55
5805,-109,36,87,380,5,8,55
5805,-109,40,87,380,4,8,54
5805,-109,51,87,380,5,9,55
5805,-109,46,87,380,6,9,55
5805,-109,50,87,380,6,10,56
5805,-109,51,87,380,5,9,54
5805,-109,44,87,380,7,11,55
5805,-109,43,87,380,6,9,55
5805,-109,47,87,380,5,7,55
5805,-109,40,87,380,4,8,54
5805,-109,50,87,380,7,9,55
5805,-109,40,87,380,5,9,54
5805,-109,66,87,380,5,8,54
5805,-109,41,87,380,6,11,55
5805,-109,34,87,380,7,8,54
5805,-109,55,87,380,6,10,56
5805,-109,48,87,380,5,8,54
5805,-109,48,87,380,6,9,55
5805,-109,36,87,380,6,10,55
5805,-109,42,87,380,6,11,55
5805,-109,49,87,380,5,10,54
5805,-109,32,87,380,6,6,54
5805,-109,33,87,380,5,10,55
5805,-109,39,87,380,5,9,55
5805,-109,54,87,380,6,10,55
5805,-109,50,87,380,5,8,55
5805,-109,50,87,380,6,9,54
5805,-109,51,87,380,4,9,54
5805,-109,53,87,380,5,10,55
5805,-109,49,87,380,5,9,54
5805,-109,50,87,380,5,10,54
5805,-109,45,87,380,6,9,55
5805,-109,47,87,380,7,9,54
5805,-109,40,87,380,5,10,55
5805,-109,34,87,380,5,8,55
5805,-109,41,87,380,6,11,55
5805,-109,37,87,380,5,10,55
5805,-109,41,87,380,6,11,55
5805,-109,54,87,380,5,9,55
5805,-109,55,87,380,5,10,55
5805,-109,55,87,380,4,9,55
5805,-109,55,87,380,6,11,55
5805,-109,40,87,380,5,8,53
5805,-109,47,87,380,6,9,55
5805,-109,47,87,380,6,7,53
5805,-109,60,87,380,6,10,55
5805,-109,53,87,380,5,11,56
5805,-109,39,87,380,4,9,55
5805,-109,54,87,380,5,10,56
5805,-109,56,87,380,5,10,55
5805,-109,48,87,380,4,9,55
5805,-109,45,87,380,5,9,55
5805,-109,55,87,380,6,9,55
5805,-109,59,87,380,5,9,56
5805,-109,46,87,380,6,10,55
5805,-109,42,87,380,4,10,55
5805,-109,49,87,380,5,10,54
5805,-109,46,87,380,5,10,55
5805,-109,45,87,380,5,11,56
5805,-109,55,87,380,6,8,54
5805,-109,55,87,380,4,8,55
5805,-109,57,87,380,5,9,55
5805,-109,60,87,380,4,9,56
5805,-109,35,87,380,6,9,54
5805,-109,51,87,380,5,10,55
5805,-109,52,87,380,6,7,54
5805,-109,59,87,380,5,8,55
5805,-109,42,87,380,5,9,55
5805,-109,55,87,380,5,8,54
5805,-109,33,87,380,5,10,55
5805,-109,41,87,380,3,10,55
5805,-109,42,87,380,3,9,54
5805,-109,69,87,380,5,9,55
5805,-109,55,87,380,4,9,55
5805,-109,44,87,380,5,10,56
5805,-109,54,87,380,4,9,54
5805,-109,56,87,380,6,12,56
5805,-109,48,87,380,6,9,55
5805,-109,41,87,380,6,10,55
5805,-109,46,87,380,5,8,54
5805,-109,46,87,380,6,9,54
5805,-109,31,87,380,6,8,55
5805,-109,42,87,380,5,9,54
5805,-109,58,87,380,5,8,55
5805,-109,48,87,380,6,9,55
5805,-109,39,87,380,6,7,54
5805,-109,45,87,380,4,8,55
5805,-109,38,87,380,4,11,56
5805,-109,57,87,380,6,11,55
5805,-109,49,87,380,6,9,54
5805,-109,50,87,380,5,10,55
5805,-109,58,87,380,4,9,55
5805,-109,49,87,380,5,9,55
5805,-109,54,87,380,6,8,54
5805,-109,45,87,380,5,8,54
5805,-109,54,87,380,6,9,55
5805,-109,74,87,380,6,10,55
5805,-109,44,87,380,6,11,55
5805,-109,43,87,380,5,9,54
5805,-109,43,87,380,5,11,55
5805,-109,56,87,380,5,8,54
5805,-109,59,87,380,5,9,54
5805,-109,48,87,380,5,10,55
5805,-109,51,87,380,4,10,56
5805,-109,51,87,380,4,9,55
5805,-109,55,87,380,5,10,55
5805,-109,51,87,380,5,10,56
5805,-109,55,87,380,7,9,55
5805,-109,44,87,380,5,9,54
5805,-109,59,87,380,6,11,55
5805,-109,46,87,380,4,9,54
5805,-109,62,87,380,5,7,54
5805,-109,60,87,380,5,10,56
5805,-109,54,87,380,5,7,54
5805,-109,48,87,380,5,10,56
5805,-109,50,87,380,6,8,55
5805,-109,52,87,380,4,9,56
5805,-109,47,87,380,5,10,55
5805,-109,47,87,380,5,9,54
5805,-109,53,87,380,6,10,56
5805,-109,51,87,380,6,9,55
5805,-109,34,87,380,7,11,56
5805,-109,43,87,380,6,11,56
5805,-109,55,87,380,4,8,54
5805,-109,32,87,380,6,9,55
5805,-109,40,87,380,5,10,55
5805,-109,51,87,380,5,10,55
5805,-109,38,87,380,6,11,56
5805,-109,43,87,380,5,10,55
5805,-109,50,87,380,4,9,55
5805,-109,62,87,380,4,8,54
5805,-109,46,87,380,6,9,54
5805,-109,51,87,380,5,8,55
5805,-109,48,87,380,6,10,55
5805,-109,49,87,380,6,10,56
5805,-109,47,87,380,5,9,55
5805,-109,34,87,380,6,9,55
5805,-109,44,87,380,4,9,54
5805,-109,48,87,380,5,10,55
5805,-109,43,87,380,4,9,54
5805,-109,40,87,380,4,9,55
5805,-109,53,87,380,5,9,56
5805,-109,56,87,380,6,10,56
5805,-109,38,87,380,4,9,55
5805,-109,48,87,380,5,10,55
5805,-109,57,87,380,5,9,55
5805,-109,52,87,380,3,10,55
5805,-109,62,87,380,7,8,54
5805,-109,46,87,380,5,9,55
5805,-109,49,87,380,5,8,55
5805,-109,44,87,380,3,9,55
5805,-109,42,87,380,4,9,54
5805,-109,53,87,380,4,10,56
5805,-109,46,87,380,5,9,54
5805,-109,49,87,380,4,12,56
5805,-109,52,87,380,5,10,55
5805,-109,45,87,380,6,8,55
5805,-109,54,87,380,6,10,55
5805,-109,57,87,380,6,9,55
5805,-109,27,87,380,5,8,54
5805,-109,42,87,380,5,9,55
5805,-109,57,87,380,5,7,54
5805,-109,26,87,380,4,9,55
5805,-109,43,87,380,5,10,55
5805,-109,55,87,380,6,9,55
5805,-109,48,87,380,5,11,56
5805,-109,40,87,380,5,9,54
5805,-109,52,87,380,6,9,55
5805,-109,45,87,380,5,9,55
5805,-109,54,87,380,7,9,55
5805,-109,41,87,380,5,7,54
5805,-109,42,87,380,6,7,54
5805,-109,54,87,380,5,10,55
5805,-109,47,87,380,7,10,54
5805,-109,46,87,380,4,9,55
5805,-109,40,87,380,5,10,56
5805,-109,37,87,380,4,10,55
5805,-109,52,87,380,6,8,54
5805,-109,50,87,380,5,10,55
5805,-109,42,87,380,5,8,54
5805,-109,42,87,380,5,10,55
5805,-109,58,87,380,4,10,55
5805,-109,52,87,380,6,10,55
5805,-109,52,87,380,6,8,54
5805,-109,39,87,380,5,10,55
5805,-109,39,87,380,6,9,54
5805,-109,55,87,380,5,10,55
5805,-109,45,87,380,6,9,55
5805,-109,39,87,380,7,9,55
5805,-109,46,87,380,6,9,55
5805,-109,55,87,380,4,9,55
5805,-109,46,87,380,5,9,55
5805,-109,39,87,380,6,8,54
5805,-109,49,87,380,6,9,55
5805,-109,58,87,380,5,10,56
5805,-109,51,87,380,7,9,56
5805,-109,56,87,380,7,11,56
5805,-109,44,87,380,6,8,55
5805,-109,52,87,380,5,8,55
5805,-109,40,87,380,6,10,56
5805,-109,54,87,380,5,11,56
5805,-109,44,87,380,6,9,55
5805,-109,54,87,380,5,8,55
5805,-109,49,87,380,7,10,55
5805,-109,48,87,380,5,13,55
5805,-109,49,87,380,5,10,55
5805,-109,48,87,380,6,8,55
5805,-109,40,87,380,4,10,55
5805,-109,34,87,380,4,6,53
5805,-109,36,87,380,6,9,54
5805,-109,42,87,380,5,9,54
5805,-109,43,87,380,5,7,54
5805,-109,55,87,380,5,9,55
5805,-109,59,87,380,5,9,56
5805,-109,43,87,380,5,9,55
5805,-109,56,87,380,5,10,55
5805,-109,42,87,380,6,10,55
5805,-109,69,87,380,5,11,55
5805,-109,43,87,380,5,10,55
5805,-109,51,87,380,6,9,55
5805,-109,54,87,380,5,10,55
5805,-109,56,87,380,5,8,55
5805,-109,52,87,380,6,10,55
5805,-109,39,87,380,6,9,55
5805,-109,38,87,380,6,10,54
5805,-109,59,87,380,5,10,55
5805,-109,45,87,380,6,8,54
5805,-109,69,87,380,5,9,55
5805,-109,49,87,380,4,9,55
5805,-109,59,87,380,4,8,55
5805,-109,49,87,380,5,10,56
5805,-109,51,87,380,5,10,55
5805,-109,53,87,380,4,9,55
5805,-109,58,87,380,4,10,55
5805,-109,49,87,380,4,9,54
5805,-109,56,87,380,7,10,56
5805,-109,50,87,380,6,7,54
5805,-109,46,87,380,5,10,54
5805,-109,43,87,380,5,8,53
5805,-109,48,87,380,5,9,55
5805,-109,39,87,380,6,9,55
5805,-109,41,87,380,6,11,55
5805,-109,49,87,380,6,8,55
5805,-109,44,87,380,6,10,55
5805,-109,30,87,380,6,8,55
5805,-109,55,87,380,5,8,56
5805,-109,41,87,380,6,10,55
5805,-109,52,87,380,5,9,55
5805,-109,43,87,380,4,8,54
5805,-109,42,87,380,4,10,55
5805,-109,52,87,380,6,11,55
5805,-109,62,87,380,5,11,55
5805,-109,51,87,380,7,8,55
5805,-109,56,87,380,7,9,55
5805,-109,47,87,380,6,9,55
5805,-109,47,87,380,4,9,54
5805,-109,51,87,380,6,9,54
5805,-109,55,87,380,6,8,55
5805,-109,48,87,380,5,10,55
5805,-109,49,87,380,6,12,56
5805,-109,50,87,380,5,8,55
5805,-109,55,87,380,5,9,55
5805,-109,45,87,380,5,9,55
5805,-109,51,87,380,7,12,56
5805,-109,54,87,380,6,9,55
5805,-109,61,87,380,4,9,55
5805,-109,50,87,380,6,10,55
5805,-109,44,87,380,4,10,55
5805,-109,36,87,380,5,10,56
5805,-109,40,87,380,6,9,55
5805,-109,48,87,380,5,10,55
5805,-109,55,87,380,6,9,55
5805,-109,50,87,380,6,9,55
5805,-109,46,87,380,5,10,55
5805,-109,46,87,380,7,8,54
5805,-109,48,87,380,6,7,54
5805,-109,43,87,380,5,10,55
5805,-109,57,87,380,5,10,54
5805,-109,39,87,380,6,11,56
5805,-109,36,87,380,6,9,54
5805,-109,56,87,380,4,9,55
5805,-109,35,87,380,4,10,56
5805,-109,46,87,380,5,11,56
5805,-109,37,87,380,5,9,55
5805,-109,47,87,380,5,11,54
5805,-109,42,87,380,4,10,55
5805,-109,46,87,380,6,10,56
5805,-109,54,87,380,5,9,55
5805,-109,31,87,380,5,8,54
5805,-109,45,87,380,5,10,56
5805,-109,41,87,380,6,9,54
5805,-109,46,87,380,7,10,56
5805,-109,53,87,380,6,8,55
5805,-109,53,87,380,5,9,55
5805,-109,56,87,380,6,9,54
5805,-109,25,87,380,4,9,54
5805,-109,53,87,380,6,9,54
5805,-109,42,87,380,7,9,54
5805,-109,57,87,380,5,10,54
5805,-109,42,87,380,5,11,56
5805,-109,48,87,380,6,10,54
5805,-109,47,87,380,6,10,54
5805,-109,44,87,380,5,10,55
5805,-109,49,87,380,6,7,55
5805,-109,44,87,380,6,8,54
5805,-109,56,87,380,5,10,55
5805,-109,45,87,380,6,9,55
5805,-109,58,87,380,6,10,55
5805,-109,35,87,380,4,10,55
5805,-109,51,87,380,4,10,55
5805,-109,49,87,380,6,8,55
5805,-109,45,87,380,5,10,55
5805,-109,47,87,380,6,9,55
5805,-109,51,87,380,5,11,55
5805,-109,51,87,380,5,9,55
5805,-109,40,87,380,5,10,55
5805,-109,43,87,380,4,9,54
5805,-109,41,87,380,5,9,55
5805,-109,48,87,380,6,11,55
5805,-109,51,87,380,6,10,55
5805,-109,48,87,380,5,10,55
5805,-109,51,87,380,5,10,56
5805,-109,43,87,380,5,10,55
5805,-109,40,87,380,4,9,55
5805,-109,47,87,380,5,11,56
5805,-109,54,87,380,5,11,55
5805,-109,39,87,380,4,10,55
5805,-109,45,87,380,6,10,55
5805,-109,61,87,380,5,11,56
5805,-109,33,87,380,5,9,54
5805,-109,49,87,380,6,10,55
5805,-109,50,87,380,4,10,56
5805,-109,36,87,380,5,10,55
5805,-109,58,87,380,7,9,55
5805,-109,50,87,380,7,9,54
5805,-109,53,87,380,6,10,55
5805,-109,51,87,380,4,10,55
5805,-109,50,87,380,4,10,55
5805,-109,49,87,380,6,8,55
5805,-109,50,87,380,5,11,56
5805,-109,58,87,380,6,10,55
5805,-109,44,87,380,6,10,55
5805,-109,41,87,380,5,10,55
5805,-109,47,87,380,7,8,54
5805,-109,47,87,380,6,10,56
5805,-109,46,87,380,4,8,54
5805,-109,40,87,380,5,9,54
5805,-109,53,87,380,5,11,56
5805,-109,42,87,380,6,10,56
5805,-109,33,87,380,6,8,54
5805,-109,40,87,380,5,8,54
5805,-109,50,87,380,4,10,54
5805,-109,57,87,380,5,10,54
5805,-109,48,87,380,6,9,55
5805,-109,51,87,380,6,10,56
5805,-109,51,87,380,6,10,56
5805,-109,42,87,380,5,9,54
5805,-109,41,87,380,5,8,54
5805,-109,46,87,380,4,9,54
5805,-109,48,87,380,5,9,55
5805,-109,62,87,380,6,10,55
5805,-109,53,87,380,5,10,55
5805,-109,45,87,380,6,9,55
5805,-109,48,87,380,5,10,56
5805,-109,46,87,380,5,9,54
5805,-109,40,87,380,6,8,55
5805,-109,52,87,380,4,9,55
5805,-109,55,87,380,6,9,55
5805,-109,43,87,380,5,11,55
5805,-109,45,87,380,6,10,56
5805,-109,45,87,380,5,8,53
5805,-109,43,87,380,4,11,55
5805,-109,39,87,380,5,9,54
5805,-109,47,87,380,5,9,55
5805,-109,48,87,380,5,10,56
5805,-109,43,87,380,6,9,55
5805,-109,58,87,380,4,9,54
5805,-109,52,87,380,6,9,55
5805,-109,56,87,380,5,8,54
5805,-109,66,87,380,5,9,56
5805,-109,53,87,380,5,8,55
5805,-109,49,87,380,6,12,55
5805,-109,50,87,380,5,9,54
5805,-109,50,87,380,6,9,55
5805,-109,49,87,380,5,9,55
5805,-109,47,87,380,5,11,55
5805,-109,50,87,380,6,8,55
5805,-109,46,87,380,5,8,55
5805,-109,57,87,380,5,9,55
5805,-109,47,87,380,6,10,54
5805,-109,48,87,380,6,11,55
5805,-109,49,87,380,6,8,54
5805,-109,53,87,380,6,8,55
5805,-109,43,87,380,6,8,55
5805,-109,48,87,380,6,8,54
5805,-109,48,87,380,5,9,55
5805,-109,49,87,380,6,10,55
5805,-109,73,87,380,6,9,55
5805,-109,42,87,380,6,9,54
5805,-109,41,87,380,4,11,54
5805,-109,49,87,380,5,8,55
5805,-109,50,87,380,5,11,55
5805,-109,40,87,380,5,9,54
5805,-109,54,87,380,3,8,55
5805,-109,59,87,380,5,9,54
5805,-109,41,87,380,6,9,55
5805,-109,57,87,380,5,9,55
5805,-109,42,87,380,4,10,55
5805,-109,44,87,380,3,9,54
5805,-109,44,87,380,4,7,55
5805,-109,44,87,380,6,8,54
5805,-109,43,87,380,5,8,55
5805,-109,45,87,380,7,10,54
5805,-109,42,87,380,7,10,55
5805,-109,52,87,380,5,10,55
5805,-109,43,87,380,4,10,55
5805,-109,50,87,380,5,11,55
5805,-109,55,87,380,5,10,55
5805,-109,49,87,380,7,12,56
5805,-109,40,87,380,3,9,55
5805,-109,36,87,380,4,9,54
5805,-109,46,87,380,6,11,55
5805,-109,48,87,380,6,10,55
5805,-109,47,87,380,6,11,55
5805,-109,42,87,380,5,8,54
5805,-109,44,87,380,6,9,55
5805,-109,48,87,380,4,9,55
5805,-109,41,87,380,5,8,54
5805,-109,35,87,380,5,9,55
5805,-109,50,87,380,5,10,55
5805,-109,56,87,380,5,9,55
5805,-109,39,87,380,7,9,54
5805,-109,60,87,380,5,9,55
5805,-109,42,87,380,6,12,56
5805,-109,37,87,380,5,9,55
5805,-109,67,87,380,5,11,56
5805,-109,49,87,380,3,9,55
5805,-109,44,87,380,6,7,54
5805,-109,58,87,380,6,10,55
5805,-109,42,87,380,6,8,54
5805,-109,52,87,380,6,11,56
5805,-109,27,87,380,5,10,55
5805,-109,41,87,380,5,9,55
5805,-109,53,87,380,6,10,56
5805,-109,48,87,380,6,10,56
5805,-109,62,87,380,6,8,55
5805,-109,47,87,380,4,9,55
5805,-109,52,87,380,6,9,56
5805,-109,43,87,380,4,11,56
5805,-109,42,87,380,6,9,54
5805,-109,35,87,380,6,7,54
5805,-109,47,87,380,5,9,55
5805,-109,45,87,380,4,11,55
5805,-109,41,87,380,5,8,55
5805,-109,56,87,380,6,9,55
5805,-109,46,87,380,4,10,55
5805,-109,45,87,380,6,10,55
5805,-109,60,87,380,5,9,55
5805,-109,53,87,380,6,9,55
5805,-109,41,87,380,5,10,55
5805,-109,32,87,380,5,10,55
5805,-109,45,87,380,6,9,54
5805,-109,48,87,380,5,8,54
5805,-109,57,87,380,4,9,55
5805,-109,48,87,380,5,8,54
5805,-109,49,87,380,4,9,54
5805,-109,47,87,380,5,10,55
5805,-109,57,87,380,6,9,55
5805,-109,50,87,380,6,8,54
5805,-109,47,87,380,6,9,55
5805,-109,28,87,380,5,8,53
5805,-109,49,87,380,5,9,54
5805,-109,30,87,380,6,9,55
5805,-109,60,87,380,6,10,54
5805,-109,47,87,380,6,8,55
5805,-109,46,87,380,6,9,54
5805,-109,38,87,380,4,8,54
5805,-109,44,87,380,5,8,55
5805,-109,32,87,380,6,10,55
5805,-109,45,87,380,5,8,55
5805,-109,51,87,380,6,9,56
5805,-109,51,87,380,5,10,55
5805,-109,43,87,380,5,10,55
5805,-109,37,87,380,6,10,55
5805,-109,50,87,380,5,8,54
5805,-109,42,87,380,5,8,54
5805,-109,39,87,380,5,10,55
5805,-109,44,87,380,6,9,54
5805,-109,42,87,380,5,8,55
5805,-109,41,87,380,6,9,54
5805,-109,64,87,380,5,12,56
5805,-109,38,87,380,7,7,55
5805,-109,47,87,380,4,8,54
5805,-109,53,87,380,6,9,54
5805,-109,28,87,380,5,9,54
5805,-109,51,87,380,5,9,55
5805,-109,50,87,380,5,8,54
5805,-109,55,87,380,5,8,55
5805,-109,46,87,380,6,7,54
5805,-109,42,87,380,5,11,57
5805,-109,55,87,380,5,8,55
5805,-109,54,87,380,5,7,54
5805,-109,39,87,380,5,8,55
5805,-109,48,87,380,6,11,55
5805,-109,32,87,380,5,7,55
5805,-109,52,87,380,5,9,55
5805,-109,38,87,380,6,9,55
5805,-109,57,87,380,6,11,57
5805,-109,41,87,380,5,9,54
5805,-109,40,87,380,6,12,56
5805,-109,42,87,380,6,9,56
5805,-109,43,87,380,5,9,54
5805,-109,57,87,380,6,8,55
5805,-109,50,87,380,6,10,55
5805,-109,48,87,380,5,9,56
5805,-109,44,87,380,6,11,55
5805,-109,42,87,380,5,10,55
5805,-109,60,87,380,5,7,54
5805,-109,43,87,380,5,9,54
5805,-109,47,87,380,7,10,55
5805,-109,43,87,380,4,11,56
5805,-109,46,87,380,6,10,55
5805,-109,42,87,380,4,10,55
5805,-109,49,87,380,6,9,55
5805,-109,38,87,380,6,9,55
5805,-109,38,87,380,6,11,55
5805,-109,38,87,380,6,10,55
5805,-109,46,87,380,5,9,54
5805,-109,33,87,380,6,11,55
5805,-109,55,87,380,6,9,56
5805,-109,51,87,380,6,7,53
5805,-109,44,87,380,6,10,55
5805,-109,52,87,380,5,9,55
5805,-109,45,87,380,5,10,56
5805,-109,41,87,380,6,10,55
5805,-109,49,87,380,6,9,55
5805,-109,55,87,380,5,8,55
5805,-109,45,87,380,5,9,54
5805,-109,34,87,380,6,10,55
5805,-109,45,87,380,6,10,54
5805,-109,38,87,380,5,10,55
5805,-109,33,87,380,6,8,54
5805,-109,48,87,380,5,9,55
5805,-109,46,87,380,5,9,55
5805,-109,38,87,380,3,8,54
5805,-109,40,87,380,5,8,54
5805,-109,38,87,380,4,11,55
5805,-109,52,87,380,5,8,55
5805,-109,40,87,380,6,9,54
5805,-109,46,87,380,5,8,55
5805,-109,60,87,380,6,10,55
5805,-109,56,87,380,5,10,56
5805,-109,30,87,380,5,10,54
5805,-109,51,87,380,6,8,53
5805,-109,46,87,380,5,9,55
5805,-109,43,87,380,6,9,55
5805,-109,49,87,380,4,8,54
5805,-109,50,87,380,4,10,55
5805,-109,45,87,380,6,8,54
5805,-109,43,87,380,6,10,55
5805,-109,42,87,380,6,11,55
5805,-109,45,87,380,6,10,55
5805,-109,38,87,380,5,8,54
5805,-109,57,87,380,6,11,55
5805,-109,42,87,380,4,9,55
5805,-109,36,87,380,6,11,55
5805,-109,43,87,380,5,11,56
5805,-109,43,87,380,6,9,55
5805,-109,57,87,380,5,8,55
5805,-109,52,87,380,5,9,55
5805,-109,53,87,380,5,9,54
5805,-109,52,87,380,5,10,56
5805,-109,55,87,380,5,10,55
5805,-109,56,87,380,5,10,56
5805,-109,38,87,380,6,10,55
5805,-109,62,90,378,7,10,57
5805,-109,51,90,378,4,10,58
5805,-109,39,90,378,6,10,57
5805,-109,54,90,378,5,10,57
5805,-109,39,90,378,5,9,57
5805,-109,55,90,378,4,8,56
5805,-109,63,90,378,6,11,57
5805,-109,36,89,378,6,10,55
5805,-109,33,90,378,4,9,57
5805,-109,38,90,378,5,11,57
5805,-109,49,90,378,5,10,57
5805,-109,47,90,378,6,9,57
5805,-109,49,90,378,4,9,58
5805,-109,44,90,378,5,9,57
5805,-109,45,90,378,4,11,58
5805,-109,44,90,378,5,8,56
5805,-109,59,90,378,6,9,56
5805,-109,41,90,378,5,9,57
5805,-109,50,90,378,5,10,57
5805,-109,32,90,378,4,9,56
5805,-109,40,90,378,5,9,57
5805,-109,51,90,378,5,8,57
5805,-109,33,90,378,4,10,57
5805,-109,47,90,378,4,8,56
5805,-109,41,90,378,6,11,57
5805,-109,52,90,378,5,10,57
5805,-109,47,90,378,4,10,57
5805,-109,44,90,378,5,10,57
5805,-109,42,90,378,3,10,58
5805,-109,45,90,378,5,10,57
5805,-109,31,90,378,5,12,58
5805,-109,52,90,378,5,10,57
5805,-109,43,90,378,5,9,57
5805,-109,44,90,378,5,11,58
5805,-109,56,90,378,3,10,58
5805,-109,48,90,378,4,9,57
5805,-109,36,90,378,6,10,56
5805,-109,46,90,378,4,9,57
5805,-109,39,90,378,5,9,57
5805,-109,39,90,378,3,9,56
5805,-109,40,90,378,4,7,56
5805,-109,47,90,378,5,10,57
5805,-109,43,90,378,4,8,57
5805,-109,37,90,378,4,9,57
5805,-109,49,90,378,4,8,56
5805,-109,46,90,378,3,11,57
5805,-109,43,90,378,5,9,56
5805,-109,46,90,378,5,11,57
5805,-109,37,90,378,5,9,56
5805,-109,56,90,378,5,10,57
5805,-109,32,90,378,4,8,55
5805,-109,38,90,378,6,10,57
5805,-109,47,90,378,6,9,57
5805,-109,41,90,378,4,8,57
5805,-109,42,90,378,4,9,56
5805,-109,51,90,378,5,9,57
5805,-109,41,90,378,5,10,58
5805,-109,36,90,378,4,9,57
5805,-109,53,90,378,5,9,57
5805,-109,36,90,378,5,9,56
5805,-109,44,90,378,4,11,58
5805,-109,50,90,378,5,10,56
5805,-109,33,90,378,6,9,57
5805,-109,56,90,378,5,9,57
5805,-109,51,90,378,5,8,56
5805,-109,70,90,378,4,8,58
5805,-109,46,90,378,4,9,57
5805,-109,40,90,378,4,9,57
5805,-109,49,90,378,4,11,57
5805,-109,62,90,378,4,10,57
5805,-109,45,90,378,5,10,57
5805,-109,37,90,378,5,8,56
5805,-109,24,90,378,4,11,57
5805,-109,43,90,378,4,9,57
5805,-109,49,90,378,4,10,57
5805,-109,26,90,378,5,10,56
5805,-109,35,90,378,6,9,57
5805,-109,52,90,378,4,9,58
5805,-109,36,90,378,5,9,57
5805,-109,47,90,378,6,7,56
5805,-109,27,90,378,4,9,56
5805,-109,29,90,378,4,11,57
5805,-109,41,90,378,6,10,57
5805,-109,57,90,378,5,9,58
5805,-109,38,90,378,5,10,57
5805,-109,43,90,378,5,10,57
5805,-109,42,90,378,4,9,57
5805,-109,43,90,378,5,9,56
5805,-109,40,90,378,5,8,57
5805,-109,38,90,378,6,10,57
5805,-109,49,90,378,5,11,57
5805,-109,36,90,378,4,9,57
5805,-109,55,90,378,5,8,58
5805,-109,41,90,378,6,10,57
5805,-109,40,90,378,5,9,57
5805,-109,62,90,378,6,9,56
5805,-109,63,90,378,5,7,56
5805,-109,43,90,378,5,10,57
5805,-109,52,90,378,5,10,58
5805,-109,44,90,378,5,9,56
5805,-109,37,90,378,4,9,57
5805,-109,52,90,378,6,10,57
5805,-109,49,90,378,4,10,57
5805,-109,46,90,378,5,9,56
5805,-109,52,90,378,5,10,58
5805,-109,37,90,378,5,8,57
5805,-109,38,90,378,5,9,57
5805,-109,37,90,378,5,9,57
5805,-109,30,90,378,4,9,55
5805,-109,33,90,378,5,7,55
5805,-109,37,90,378,4,10,57
5805,-109,61,90,378,4,8,57
5805,-109,43,90,378,3,9,57
5805,-109,38,90,378,4,9,56
5805,-109,60,90,378,5,11,57
5805,-109,33,90,378,5,9,56
5805,-109,33,90,378,4,10,57
5805,-109,48,90,378,5,9,56
5805,-109,57,90,378,5,11,57
5805,-109,41,90,378,5,9,56
5805,-109,52,90,378,4,9,57
5805,-109,48,90,378,5,10,57
5805,-109,45,90,378,4,9,57
5805,-109,34,90,378,5,8,57
5805,-109,33,90,378,4,9,56
5805,-109,33,90,378,6,9,57
5805,-109,54,90,378,4,10,57
5805,-109,25,90,378,6,9,57
5805,-109,34,90,378,5,10,57
5805,-109,43,90,378,5,10,57
5805,-109,45,90,378,4,9,56
5805,-109,66,90,378,5,9,57
5805,-109,47,90,378,2,10,57
5805,-109,37,90,378,6,7,56
5805,-109,53,90,378,5,9,57
5805,-109,36,90,378,6,9,56
5805,-109,43,90,378,4,10,57
5805,-109,37,90,378,4,11,57
5805,-109,51,90,378,5,10,58
5805,-109,43,90,378,5,9,57
5805,-109,31,90,378,6,10,58
5805,-109,48,90,378,3,9,58
5805,-109,40,90,378,4,8,56
5805,-109,56,90,378,4,7,56
5805,-109,58,90,378,6,10,57
5805,-109,50,90,378,5,8,57
5805,-109,39,90,378,5,10,58
5805,-109,48,90,378,4,10,57
5805,-109,38,90,378,5,9,57
5805,-109,58,90,378,5,7,56
5805,-109,63,90,378,5,9,57
5805,-109,39,90,378,5,11,57
5805,-109,32,90,378,4,9,57
5805,-109,41,90,378,5,9,57
5805,-109,43,90,378,6,11,58
5805,-109,33,90,378,5,10,57
5805,-109,47,90,378,5,11,58
5805,-109,51,90,378,6,11,58
5805,-109,55,90,378,4,9,57
5805,-109,50,90,378,4,10,58
5805,-109,29,90,378,4,8,55
5805,-109,47,90,378,5,10,57
5805,-109,50,90,378,5,9,56
5805,-109,31,90,378,5,10,57
5805,-109,45,90,378,4,9,57
5805,-109,40,90,378,5,9,57
5805,-109,37,90,378,5,10,57
5805,-109,44,90,378,4,7,55
5805,-109,46,90,378,4,10,57
5805,-109,30,90,378,5,9,57
5805,-109,54,90,378,4,11,57
5805,-109,41,90,378,5,10,57
5805,-109,54,90,378,3,9,57
5805,-109,52,90,378,6,10,56
5805,-109,44,90,378,4,9,57
5805,-109,33,90,378,5,10,57
5805,-109,44,90,378,5,8,56
5805,-109,59,90,378,5,9,57
5805,-109,60,90,378,5,11,57
5805,-109,32,90,378,4,8,56
5805,-109,62,90,378,5,9,57
5805,-109,39,90,378,5,9,56
5805,-109,57,90,378,5,9,57
5805,-109,35,90,378,5,11,58
5805,-109,47,90,378,5,9,57
5805,-109,31,90,378,3,10,57
5805,-109,63,90,378,6,11,57
5805,-109,32,90,378,3,9,57
5805,-109,51,90,378,3,8,56
5805,-109,52,90,378,5,10,57
5805,-109,43,90,378,5,9,57
5805,-109,40,90,378,4,9,57
5805,-109,36,90,378,4,8,57
5805,-109,50,90,378,5,8,56
5805,-109,51,90,378,6,9,57
5805,-109,34,90,378,5,11,57
5805,-109,41,90,378,5,10,56
5805,-109,36,90,378,4,11,57
5805,-109,42,90,378,5,12,57
5805,-109,38,90,378,5,10,57
5805,-109,51,90,378,5,9,57
5805,-109,35,90,378,4,10,57
5805,-109,51,90,378,4,8,56
5805,-109,49,90,378,4,10,57
5805,-109,44,90,378,5,11,57
5805,-109,57,90,378,5,10,58
5805,-109,37,90,378,5,11,57
5805,-109,50,90,378,5,11,57
5805,-109,42,90,378,5,8,57
5805,-109,33,90,378,5,10,56
5805,-109,43,90,378,5,8,58
5805,-109,55,90,378,5,11,57
5805,-109,52,90,378,5,10,56
5805,-109,50,90,378,5,8,56
5805,-109,36,90,378,5,8,56
5805,-109,29,90,378,5,10,56
5805,-109,50,90,378,5,8,57
5805,-109,50,90,378,4,9,57
5805,-109,48,90,378,5,9,58
5805,-109,47,90,378,3,11,57
5805,-109,57,90,378,5,9,57
5805,-109,31,90,378,4,9,56
5805,-109,41,90,378,4,10,57
5805,-109,52,90,378,6,9,57
5805,-109,55,90,378,4,11,57
5805,-109,55,90,378,6,10,57
5805,-109,35,90,378,6,10,57
5805,-109,47,90,378,6,9,57
5805,-109,57,90,378,5,10,58
5805,-109,35,90,378,6,9,56
5805,-109,47,90,378,4,8,56
5805,-109,57,90,378,5,10,57
5805,-109,46,90,378,6,10,57
5805,-109,33,90,378,3,8,56
5805,-109,43,90,378,5,9,57
5805,-109,33,90,378,4,12,58
5805,-109,37,90,378,5,9,57
5805,-109,61,90,378,4,11,57
5805,-109,42,90,378,5,9,57
5805,-109,48,90,378,5,10,57
5805,-109,46,90,378,5,8,57
5805,-109,41,89,378,5,11,57
5805,-109,48,90,378,5,10,57
5805,-109,53,90,378,5,9,57
5805,-109,32,90,378,4,10,57
5805,-109,36,90,378,6,9,57
5805,-109,69,90,378,3,11,57
5805,-109,52,90,378,6,11,57
5805,-109,57,90,378,5,9,57
5805,-109,36,90,378,5,8,56
5805,-109,30,90,378,5,10,58
5805,-109,41,90,378,5,11,57
5805,-109,38,90,378,6,11,57
5805,-109,31,90,378,5,11,57
5805,-109,30,90,378,5,8,57
5805,-109,47,90,378,5,9,57
5805,-109,41,90,378,5,11,58
5805,-109,47,90,378,7,9,57
5805,-109,37,90,378,5,9,57
5805,-109,52,90,378,5,8,55
5805,-109,64,90,378,5,9,57
5805,-109,58,90,378,5,9,57
5805,-109,43,90,378,6,12,58
5805,-109,36,90,378,4,11,57
5805,-109,33,90,378,4,9,57
5805,-109,64,90,378,5,10,57
5805,-109,41,90,378,6,9,57
5805,-109,35,90,378,5,10,57
5805,-109,34,90,378,3,8,56
5805,-109,58,90,378,4,8,56
5805,-109,44,90,378,6,10,58
5805,-109,36,90,378,5,12,57
5805,-109,43,90,378,5,10,57
5805,-109,60,90,378,5,10,57
5805,-109,31,90,378,6,10,56
5805,-109,50,90,378,5,9,56
5805,-109,40,90,378,4,10,57
5805,-109,33,90,378,5,11,57
5805,-109,45,90,378,5,10,57
5805,-109,66,90,378,5,9,57
5805,-109,37,90,378,6,6,55
5805,-109,51,90,378,3,9,58
5805,-109,53,90,378,3,9,58
5805,-109,56,90,378,6,11,58
5805,-109,66,90,378,6,10,57
5805,-109,48,90,378,4,10,57
5805,-109,44,90,378,4,11,57
5805,-109,56,90,378,5,10,56
5805,-109,68,90,378,4,10,57
5805,-109,43,90,378,6,11,58
5805,-109,53,90,378,4,9,56
5805,-109,70,90,378,6,8,57
5805,-109,39,90,378,5,9,56
5805,-109,42,90,378,4,9,56
5805,-109,63,90,378,6,8,57
5805,-109,56,90,378,6,9,57
5805,-109,33,90,378,5,10,57
5805,-109,55,90,378,4,10,57
5805,-109,53,90,378,6,9,57
5805,-109,54,90,378,6,10,57
5805,-109,55,90,378,5,10,57
5805,-109,50,90,378,4,9,57
5805,-109,45,90,378,5,10,57
5805,-109,46,90,378,5,9,57
5805,-109,53,90,378,4,10,58
5805,-109,45,90,378,4,9,57
5805,-109,62,90,378,5,8,57
5805,-109,53,90,378,6,10,57
5805,-109,49,90,378,5,10,57
5805,-109,49,90,378,5,10,57
5805,-109,54,90,378,5,9,56
5805,-109,41,90,378,5,10,57
5805,-109,52,90,378,5,10,57
5805,-109,44,90,378,5,10,57
5805,-109,44,90,378,4,8,56
5805,-109,45,90,378,5,9,57
5805,-109,54,90,378,4,8,57
5805,-109,53,90,378,4,10,57
5805,-109,43,90,378,4,10,57
5805,-109,43,90,378,5,10,56
5805,-109,51,90,378,4,9,57
5805,-109,44,90,378,3,9,57
5805,-109,45,90,378,5,8,56
5805,-109,54,90,378,6,8,56
5805,-109,46,90,378,5,8,56
5805,-109,36,90,378,5,7,55
5805,-109,53,90,378,4,10,56
5805,-109,29,90,378,6,8,56
5805,-109,61,90,378,6,10,57
5805,-109,29,90,378,5,9,56
5805,-109,37,90,378,4,7,56
5805,-109,47,90,378,5,9,56
5805,-109,44,90,378,4,10,56
5805,-109,43,90,378,6,8,56
5805,-109,38,90,378,5,9,57
5805,-109,65,90,378,5,11,57
5805,-109,37,90,378,5,10,56
5805,-109,72,90,378,5,9,59
5805,-109,35,90,378,6,9,57
5805,-109,46,90,378,5,10,57
5805,-109,49,90,378,5,10,56
5805,-109,47,90,378,4,8,56
5805,-109,54,90,378,6,10,58
5805,-109,37,90,378,5,9,57
5805,-109,48,90,378,5,9,57
5805,-109,38,90,378,4,12,58
5805,-109,51,90,378,4,9,57
5805,-109,39,90,378,6,10,57
5805,-109,41,90,378,6,10,57
5805,-109,50,90,378,5,10,57
5805,-109,40,90,378,5,11,57
5805,-109,51,90,378,5,9,56
5805,-109,33,90,378,6,11,57
5805,-109,43,90,378,6,9,56
5805,-109,45,90,378,6,9,57
5805,-109,55,90,378,4,10,57
5805,-109,41,90,378,4,9,57
5805,-109,60,90,378,5,10,57
5805,-109,59,90,378,6,9,57
5805,-109,40,90,378,6,10,57
5805,-109,50,90,378,5,10,57
5805,-109,41,90,378,4,11,58
5805,-109,34,90,378,5,8,55
5805,-109,27,90,378,6,9,57
5805,-109,52,90,378,6,11,58
5805,-109,59,90,378,4,9,58
5805,-109,55,90,378,5,10,57
5805,-109,39,90,378,4,8,56
5805,-109,37,90,378,4,10,57
5805,-109,47,90,378,4,10,57
5805,-109,35,90,378,5,10,58
5805,-109,43,90,378,5,10,57
5805,-109,41,90,378,4,10,56
5805,-109,50,90,378,4,10,57
5805,-109,42,90,378,5,8,57
5805,-109,49,90,378,5,8,56
5805,-109,51,90,378,5,8,57
5805,-109,45,90,378,5,9,57
5805,-109,45,90,378,5,10,57
5805,-109,48,90,378,5,10,57
5805,-109,52,90,378,6,10,57
5805,-109,40,90,378,5,11,57
5805,-109,55,90,378,5,11,56
5805,-109,49,90,378,4,10,57
5805,-109,50,90,378,4,9,56
5805,-109,48,90,378,3,10,57
5805,-109,45,90,378,5,7,55
5805,-109,23,90,378,4,10,57
5805,-109,39,90,378,4,11,57
5805,-109,43,90,378,5,8,56
5805,-109,41,90,378,4,8,57
5805,-109,55,90,378,4,8,57
5805,-109,38,90,378,6,9,57
5805,-109,47,90,378,5,10,56
5805,-109,43,90,378,6,10,58
5805,-109,39,90,378,5,10,57
5805,-109,29,90,378,3,11,56
5805,-109,61,90,378,5,8,56
5805,-109,34,90,378,5,9,57
5805,-109,35,90,378,5,10,57
5805,-109,60,90,378,5,10,57
5805,-109,37,90,378,5,12,57
5805,-109,60,90,378,5,9,57
5805,-109,45,89,379,6,3,54
5805,-109,42,90,378,5,9,57
5805,-109,63,90,378,5,8,56
5805,-109,39,90,378,6,9,56
5805,-109,45,90,378,5,8,57
5805,-109,50,90,378,4,11,57
5805,-109,52,90,378,5,9,57
5805,-109,64,90,378,5,10,58
5805,-109,61,90,378,5,9,57
5805,-109,48,90,378,5,9,58
5805,-109,50,90,378,6,10,57
5805,-109,41,89,378,6,9,55
5805,-109,41,90,378,5,10,57
5805,-109,52,90,378,5,11,57
5805,-109,55,90,378,4,10,57
5805,-109,44,90,378,5,11,56
5805,-109,42,90,378,5,10,57
5805,-109,41,90,378,5,8,56
5805,-109,44,90,378,5,10,57
5805,-109,45,90,378,5,9,57
5805,-109,46,90,378,5,11,57
5805,-109,43,90,378,6,11,57
5805,-109,42,90,378,4,11,57
5805,-109,48,90,378,5,10,57
5805,-109,48,90,378,4,10,57
5805,-109,35,90,378,5,10,57
5805,-109,59,90,378,5,10,57
5805,-109,49,90,378,4,8,56
5805,-109,70,90,378,5,10,56
5805,-109,47,90,378,5,11,57
5805,-109,32,90,378,6,11,58
5805,-109,46,90,378,6,8,55
5805,-109,64,90,378,5,10,57
5805,-109,40,90,378,6,10,57
5805,-109,62,90,378,5,10,57
5805,-109,44,90,378,5,9,57
5805,-109,54,90,378,5,9,57
5805,-109,57,90,378,5,10,57
5805,-109,39,90,378,5,9,57
5805,-109,46,90,378,5,8,56
5805,-109,48,90,378,5,10,56
5805,-109,58,90,378,4,10,57
5805,-109,67,90,378,6,9,57
5805,-109,47,90,378,6,9,56
5805,-109,41,90,378,4,9,57
5805,-109,38,89,379,6,9,56
5805,-109,57,90,378,4,10,57
5805,-109,51,90,378,5,10,58
5805,-109,44,90,378,4,11,58
5805,-109,35,90,378,5,9,56
5805,-109,40,90,378,4,9,56
5805,-109,60,90,378,6,10,57
5805,-109,52,90,378,5,9,57
5805,-109,27,90,378,4,11,57
5805,-109,41,90,378,5,9,57
5805,-109,52,90,378,4,9,57
5805,-109,35,90,378,6,10,57
5805,-109,54,90,378,4,10,57
5805,-109,44,90,378,5,10,57
5805,-109,41,90,378,5,9,57
5805,-109,58,90,378,6,9,57
5805,-109,47,90,378,4,10,57
5805,-109,26,90,378,6,9,56
5805,-109,32,90,378,5,9,57
5805,-109,55,90,378,5,9,57
5805,-109,45,90,378,5,10,57
5805,-109,46,90,378,4,10,57
5805,-109,47,90,378,5,7,57
5805,-109,43,90,378,5,9,56
5805,-109,51,90,378,6,8,56
5805,-109,43,90,378,5,10,57
5805,-109,44,90,378,5,8,56
5805,-109,63,90,378,5,11,58
5805,-109,42,90,378,4,10,57
5805,-109,47,90,378,4,11,57
5805,-109,61,90,378,5,9,57
5805,-109,49,90,378,6,10,57
5805,-109,38,90,378,5,10,57
5805,-109,52,90,378,5,10,57
5805,-109,64,90,378,6,12,57
5805,-109,43,90,378,4,12,57
5805,-109,35,90,378,4,8,56
5805,-109,43,90,378,3,8,56
5805,-109,33,90,378,5,9,56
5805,-109,42,90,378,5,9,57
5805,-109,66,90,378,4,11,57
5805,-109,47,90,378,5,10,57
5805,-109,60,90,378,5,9,57
5805,-109,40,90,378,4,10,57
5805,-109,40,90,378,5,6,54
5805,-109,59,90,378,5,11,58
5805,-109,49,90,378,5,9,58
5805,-109,51,90,378,6,10,57
5805,-109,48,90,378,5,11,58
5805,-109,48,90,378,5,4,57
5805,-109,54,90,378,5,9,56
5805,-109,57,90,378,4,10,57
5805,-109,62,90,378,4,10,57
5805,-109,49,90,378,6,6,56
5805,-109,44,90,378,4,7,57
5805,-109,58,90,378,5,9,56
5805,-109,53,90,378,4,8,56
5805,-109,56,90,378,5,10,58
5805,-109,53,90,378,5,10,57
5805,-109,55,90,378,6,8,57
5805,-109,44,90,378,4,9,56
5805,-109,51,90,378,5,9,57
5805,-109,44,90,378,5,8,57
5805,-109,48,90,378,5,11,56
5805,-109,50,90,378,3,10,58
5805,-109,43,90,378,4,8,56
5805,-109,33,90,378,5,9,56
5805,-109,47,90,378,5,10,57
5805,-109,49,90,378,5,10,57
5805,-109,55,90,378,5,8,56
5805,-109,69,90,378,5,7,57
5805,-109,41,90,378,6,9,57
5805,-109,55,89,378,7,10,57
5805,-109,43,90,378,4,9,56
5805,-109,46,90,378,4,11,58
5805,-109,48,90,378,4,9,56
5805,-109,57,90,378,4,10,57
5805,-109,57,90,378,5,10,57
5805,-109,63,90,378,5,10,57
5805,-109,53,90,378,5,11,57
5805,-109,35,90,378,5,10,56
5805,-109,45,90,378,5,9,57
5805,-109,45,90,378,5,10,57
5805,-109,67,90,378,5,9,57
5805,-109,55,90,378,5,11,57
5805,-109,42,90,378,4,11,57
5805,-109,39,90,378,5,8,55
5805,-109,41,90,378,5,9,57
5805,-109,56,90,378,5,8,56
5805,-109,35,90,378,4,10,57
5805,-109,45,90,378,5,9,57
5805,-109,60,90,378,4,9,57
5805,-109,52,90,378,6,10,57
5805,-109,64,90,378,5,10,57
5805,-109,50,90,378,5,11,57
5805,-109,60,90,378,5,11,58
5805,-109,38,89,379,6,9,55
5805,-109,35,90,378,6,8,55
5805,-109,45,90,378,5,8,56
5805,-109,46,90,378,6,9,57
5805,-109,29,90,378,5,11,57
5805,-109,45,90,378,5,9,57
5805,-109,49,90,378,5,9,57
5805,-109,49,90,378,5,8,56
5805,-109,55,90,378,5,9,57
5805,-109,47,90,378,5,10,57
5805,-109,51,90,378,4,11,57
5805,-109,57,90,378,5,10,57
5805,-109,25,90,378,4,8,56
5805,-109,43,90,378,5,7,56
5805,-109,48,90,378,5,8,56
5805,-109,35,90,378,5,10,56
5805,-109,54,90,378,5,10,57
5805,-109,47,90,378,6,10,57
5805,-109,48,90,378,3,9,57
5805,-109,55,90,378,4,11,57
5805,-109,44,90,378,5,10,57
5805,-109,52,90,378,4,10,57
5805,-109,44,90,378,3,10,57
5805,-109,58,90,378,3,9,57
5805,-109,27,90,378,5,7,57
5805,-109,40,90,378,4,11,58
5805,-109,41,90,378,5,9,56
5805,-109,55,90,378,5,7,57
5805,-109,36,90,378,6,10,57
5805,-109,38,90,378,5,10,57
5805,-109,49,90,378,5,8,56
5805,-109,49,90,378,5,9,56
5805,-109,42,90,378,5,8,57
5805,-109,48,89,378,6,8,56
5805,-109,39,90,378,5,9,57
5805,-109,50,90,378,4,9,57
5805,-109,35,90,378,4,9,56
5805,-109,52,90,378,5,10,57
5805,-109,47,90,378,5,8,57
5805,-109,30,90,378,4,9,56
5805,-109,41,90,378,5,10,57
5805,-109,51,90,378,5,9,56
5805,-109,34,90,378,5,9,56
5805,-109,59,90,378,4,10,57
5805,-109,45,90,378,5,8,57
5805,-109,47,90,378,5,10,57
5805,-109,41,90,378,5,10,57
5805,-109,44,90,378,5,9,57
5805,-109,50,90,378,4,10,57
5805,-109,65,90,378,6,9,57
5805,-109,50,90,378,4,9,56
5805,-109,52,90,378,6,9,56
5805,-109,40,90,378,5,9,57
5805,-109,41,90,378,5,10,57
5805,-109,42,90,378,5,9,57
5805,-109,59,90,378,4,8,57
5805,-109,40,90,378,5,10,57
5805,-109,36,90,378,3,9,57
5805,-109,40,90,378,4,9,57
5805,-109,48,90,378,5,10,57
5805,-109,40,90,378,5,10,57
5805,-109,28,90,378,4,8,56
5805,-109,35,90,378,4,10,57
5805,-109,37,90,378,4,8,56
5805,-109,42,90,378,5,8,57
5805,-109,64,90,378,5,11,58
5805,-109,61,90,378,6,9,57
5805,-109,41,90,378,6,10,57
5805,-109,43,90,378,5,11,57
5805,-109,47,90,378,5,10,57
5805,-109,69,90,378,4,8,57
5805,-109,31,90,378,6,9,58
5805,-109,37,90,378,4,8,56
5805,-109,39,90,378,5,10,56
5805,-109,47,90,378,5,9,56
5805,-109,67,90,378,5,9,57
5805,-109,44,90,378,5,9,57
5805,-109,35,90,378,6,9,57
5805,-109,37,90,378,5,10,57
5805,-109,57,90,378,5,9,56
5805,-109,52,90,378,5,9,58
5805,-109,37,90,378,5,10,57
5805,-109,50,90,378,5,9,56
5805,-109,44,90,378,5,10,58
5805,-109,44,90,378,6,8,58
5805,-109,47,90,378,6,9,57
5805,-109,35,90,378,3,9,56
5805,-109,57,90,378,6,9,57
5805,-109,47,90,378,5,10,57
5805,-109,38,90,378,5,9,56
5805,-109,55,90,378,4,9,57
5805,-109,59,90,378,4,9,56
5805,-109,52,90,378,4,7,56
5805,-109,36,90,378,6,9,56
5805,-109,51,90,378,4,9,57
5805,-109,25,90,378,4,8,55
5805,-109,35,89,378,5,9,56
5805,-109,50,90,378,5,10,57
5805,-109,55,90,378,5,10,57
5805,-109,45,90,378,4,9,57
5805,-109,47,90,378,5,11,58
5805,-109,33,90,378,5,10,56
5805,-109,61,90,378,5,12,57
5805,-109,49,90,378,6,9,56
5805,-109,39,90,378,4,7,56
5805,-109,58,90,378,4,9,57
5805,-109,38,90,378,6,10,57
5805,-109,43,90,378,4,10,57
5805,-109,45,90,378,5,10,57
5805,-109,31,90,378,5,9,56
5805,-109,58,90,378,4,10,56
5805,-109,45,90,378,4,10,57
5805,-109,41,90,378,5,9,57
5805,-109,40,90,378,5,9,57
5805,-109,36,90,378,4,8,56
5805,-109,45,90,378,5,9,56
5805,-109,46,90,378,6,7,57
5805,-109,60,90,378,4,8,56
5805,-109,54,90,378,4,10,57
5805,-109,60,90,378,5,8,57
5805,-109,41,90,378,6,11,57
5805,-109,56,90,378,5,10,57
5805,-109,46,90,378,3,9,57
5805,-109,63,90,378,5,11,57
5805,-109,51,90,378,6,10,56
5805,-109,39,90,378,4,11,57
5805,-109,43,90,378,5,9,57
5805,-109,52,90,378,5,8,56
5805,-109,61,90,378,4,9,57
5805,-109,37,90,378,4,10,57
5805,-109,39,90,378,4,9,56
5805,-109,49,90,378,4,9,56
5805,-109,29,90,378,6,9,57
5805,-109,58,90,378,4,8,57
5805,-109,56,90,378,5,11,57
5805,-109,45,90,378,6,9,56
5805,-109,38,90,378,3,9,56
5805,-109,44,90,378,5,10,57
5805,-109,38,90,378,5,9,56
5805,-109,43,89,378,6,9,56
5805,-109,33,90,378,4,10,58
5805,-109,25,90,378,4,10,57
5805,-109,46,90,378,4,11,58
5805,-109,60,90,378,4,10,58
5805,-109,62,90,378,5,12,58
5805,-109,56,90,378,4,8,56
5805,-109,52,90,378,5,10,56
5805,-109,58,90,378,5,10,57
5805,-109,34,90,378,5,11,57
5805,-109,50,90,378,5,8,57
5805,-109,60,90,378,5,10,58
5805,-109,58,90,378,5,8,57
5805,-109,37,90,378,6,11,56
5805,-109,64,90,378,5,10,58
5805,-109,41,90,378,4,9,56
5805,-109,48,90,378,4,8,57
5805,-109,35,90,378,5,10,57
5805,-109,57,90,378,5,10,57
5805,-109,36,90,378,4,9,57
5805,-109,29,90,378,5,9,57
5805,-109,64,90,378,4,10,57
5805,-109,40,90,378,4,10,56
5805,-109,42,90,378,5,9,56
5805,-109,49,90,378,6,12,57
5805,-109,44,90,378,4,9,56
5805,-109,37,90,378,5,8,57
5805,-109,37,89,378,5,8,56
5805,-109,61,90,378,4,9,57
5805,-109,46,90,378,5,9,56
5805,-109,52,90,378,5,8,56
5805,-109,52,90,378,5,10,56
5805,-109,48,90,378,5,9,57
5805,-109,54,90,378,5,10,58
5805,-109,37,90,378,4,10,57
5805,-109,29,90,378,5,10,57
5805,-109,41,90,378,5,9,57
5805,-109,33,90,378,4,10,57
5805,-109,41,90,378,3,8,57
5805,-109,42,90,378,4,8,56
5805,-109,46,90,378,6,10,58
5805,-109,43,90,378,4,10,57
5805,-109,54,90,378,5,9,57
5805,-109,51,90,378,4,8,57
5805,-109,54,90,378,5,12,58
5805,-109,44,90,378,5,9,57
5805,-109,42,90,378,5,9,57
5805,-109,49,90,378,5,10,57
5805,-109,46,90,378,5,9,57
5805,-109,43,90,378,4,9,56
5805,-109,41,90,378,5,10,57
5805,-109,50,90,378,5,10,57
5805,-109,40,90,378,4,9,57
5805,-109,42,90,378,4,8,56
5805,-109,45,90,378,5,10,57
5805,-109,31,90,378,5,8,57
5805,-109,36,90,378,5,10,57
5805,-109,47,90,378,6,10,57
5805,-109,38,90,378,5,10,57
5805,-109,37,90,378,4,9,57
5805,-109,34,90,378,5,9,57
5805,-109,40,90,378,6,9,57
5805,-109,49,90,378,5,8,56
5805,-109,51,90,378,5,7,56
5805,-109,64,90,378,6,10,58
5805,-109,37,90,378,5,10,56
5805,-109,38,90,378,5,10,57
5805,-109,41,90,378,6,10,57
5805,-109,37,90,378,4,11,57
5805,-109,57,90,378,5,9,57
5805,-109,33,90,378,5,9,56
5805,-109,39,90,378,7,10,58
5805,-109,50,90,378,6,9,57
5805,-109,60,90,378,4,10,58
5805,-109,46,90,378,4,9,57
5805,-109,56,90,378,4,11,57
5805,-109,46,90,378,5,11,57
5805,-109,49,90,378,4,10,57
5805,-109,63,90,378,4,10,58
5805,-109,36,90,378,4,9,57
5805,-109,38,90,378,5,10,58
5805,-109,50,90,378,5,10,57
5805,-109,60,90,378,5,10,57
5805,-109,41,90,378,6,9,56
5805,-109,47,90,378,5,12,57
5805,-109,50,90,378,4,10,58
5805,-109,53,90,378,5,8,57
5805,-109,66,90,378,4,9,57
5805,-109,53,90,378,7,9,56
5805,-109,35,90,378,5,10,57
5805,-109,52,90,378,5,10,58
5805,-109,41,90,378,5,11,58
5805,-109,52,90,378,6,9,57
5805,-109,40,90,378,4,10,57
5805,-109,54,90,378,6,7,57
5805,-109,50,90,378,5,11,57
5805,-109,51,90,378,5,10,57
5805,-109,45,90,378,5,10,58
5805,-109,49,90,378,4,10,56
5805,-109,47,90,378,6,10,57
5805,-109,29,90,378,4,9,57
5805,-109,44,90,378,5,10,57
5805,-109,47,90,378,5,10,57
5805,-109,57,90,378,7,9,57
5805,-109,34,90,378,5,9,57
5805,-109,40,90,378,4,9,56
5805,-109,39,90,378,6,9,57
5805,-109,31,90,378,6,10,58
5805,-109,41,90,378,5,9,56
5805,-109,44,90,378,5,12,57
5805,-109,31,90,378,4,9,57
5805,-109,26,90,378,5,11,57
5805,-109,39,90,378,6,10,58
5805,-109,36,90,378,6,9,56
5805,-109,39,90,378,5,9,58
5805,-109,31,90,378,5,9,57
5805,-109,42,90,378,5,8,56
5805,-109,34,90,378,3,9,57
5805,-109,41,90,378,5,9,57
5805,-109,48,90,378,5,11,58
5805,-109,39,90,378,4,10,57
5805,-109,44,90,378,5,10,57
5805,-109,45,90,378,5,9,57
5805,-109,37,90,378,4,9,57
5805,-109,33,90,378,5,10,56
5805,-109,38,90,378,4,9,56
5805,-109,32,90,378,5,10,57
5805,-109,33,90,378,4,9,57
5805,-109,35,90,378,5,12,58
5805,-109,59,90,378,5,9,57
5805,-109,54,90,378,6,9,57
5805,-109,47,90,378,6,10,58
5805,-109,57,90,378,3,9,56
5805,-109,59,90,378,5,11,57
5805,-109,66,90,378,6,8,56
5805,-109,42,90,378,6,9,57
5805,-109,51,90,378,4,10,57
5805,-109,39,90,378,4,8,56
5805,-109,54,90,378,5,11,58
5805,-109,60,90,378,5,9,57
5805,-109,36,90,378,5,11,57
5805,-109,50,90,378,4,9,57
5805,-109,43,90,378,3,9,57
5805,-109,45,90,378,5,10,57
5805,-109,44,90,378,6,10,58
5805,-109,52,90,378,4,10,57
5805,-109,46,90,378,4,9,57
5805,-109,45,90,378,5,9,57
5805,-109,46,90,378,3,9,57
5805,-109,48,90,378,5,9,57
5805,-109,45,90,378,5,11,58
5805,-109,52,90,378,5,10,57
5805,-109,45,90,378,5,9,56
5805,-109,52,90,378,6,9,56
5805,-109,33,90,378,5,7,56
5805,-109,49,90,378,4,9,57
5805,-109,44,90,378,3,10,57
5805,-109,47,90,378,4,11,58
5805,-109,56,90,378,6,9,56
5805,-109,42,90,378,3,10,56
5805,-109,54,90,378,4,9,57
5805,-109,46,90,378,5,10,57
5805,-109,43,90,378,5,7,56
5805,-109,50,90,378,5,10,57
5805,-109,48,90,378,4,12,57
5805,-109,52,90,378,4,9,57
5805,-109,59,90,378,5,9,57
5805,-109,55,90,378,3,10,57
5805,-109,40,90,378,4,9,56
5805,-109,32,90,378,5,9,57
5805,-109,37,90,378,4,10,56
5805,-109,33,90,378,6,9,57
5805,-109,59,90,378,5,9,57
5805,-109,40,90,378,5,9,56
5805,-109,50,90,378,2,10,56
5805,-109,38,90,378,6,10,57
5805,-109,48,90,378,6,10,57
5805,-109,46,90,378,5,11,58
5805,-109,47,90,378,5,10,57
5805,-109,47,90,378,5,8,56
5805,-109,53,90,378,4,10,57
5805,-109,53,90,378,5,9,56
5805,-109,57,90,378,6,8,56
5805,-109,54,90,378,7,10,57
5805,-109,44,90,378,5,11,57
5805,-109,34,90,378,3,8,56
5805,-109,45,90,378,5,11,57
5805,-109,54,90,378,5,10,58
5805,-109,41,90,378,5,8,57
5805,-109,43,90,378,4,9,57
5805,-109,51,90,378,6,8,56
5805,-109,35,90,378,6,9,57
5805,-109,69,90,378,5,9,57
5805,-109,39,90,378,5,9,56
5805,-109,33,90,378,6,10,57
5805,-109,57,90,378,4,9,57
5805,-109,38,90,378,5,10,58
5805,-109,31,90,378,5,9,57
5805,-109,55,90,378,5,9,57
5805,-109,55,90,378,5,11,58
5805,-109,35,90,378,5,12,58
5805,-109,37,90,378,6,10,57
5805,-109,46,90,378,5,11,57
5805,-109,35,90,378,6,9,56
5805,-109,42,90,378,5,10,57
5805,-109,47,90,378,6,10,58
5805,-109,42,90,378,4,9,57
5805,-109,49,90,378,4,9,56
5805,-109,37,90,378,3,10,57
5805,-109,36,90,378,5,9,57
5805,-109,38,90,378,4,9,56
5805,-109,33,90,378,4,9,57
5805,-109,42,90,378,4,10,57
5805,-109,50,90,378,4,10,57
5805,-109,53,90,378,6,10,57
5805,-109,56,90,378,4,11,57
5805,-109,45,90,378,5,10,57
5805,-109,31,90,378,5,9,56
5805,-109,49,90,378,5,10,57
5805,-109,46,90,378,4,10,56
5805,-109,50,90,378,4,11,57
5805,-109,45,90,378,5,11,58
5805,-109,58,90,378,6,11,58
5805,-109,39,90,378,4,8,57
5805,-109,58,90,378,4,9,57
5805,-109,35,90,378,5,10,58
5805,-109,44,90,378,5,9,57
5805,-109,54,90,378,4,12,57
5805,-109,59,90,378,5,10,57
5805,-109,37,90,378,6,9,57
5805,-109,38,90,378,5,10,57
5805,-109,40,90,378,4,9,57
5805,-109,37,90,378,5,10,57
5805,-109,45,90,378,6,8,56
5805,-109,46,90,378,4,10,58
5805,-109,49,90,378,2,9,57
5805,-109,40,90,378,5,9,57
5805,-109,57,90,378,5,8,55
5805,-109,42,90,378,5,11,57
5805,-109,38,90,378,4,9,57
5805,-109,51,90,378,5,9,57
5805,-109,44,90,378,3,10,57
5805,-109,47,90,378,5,8,56
5805,-109,37,90,378,5,10,57
5805,-109,54,90,378,4,9,56
5805,-109,31,90,378,5,11,57
5805,-109,39,90,378,5,9,57
5805,-109,54,90,378,3,10,56
5805,-109,29,90,378,5,10,57
5805,-109,54,90,378,4,11,58
5805,-109,31,90,378,6,10,57
5805,-109,31,90,378,5,11,57
5805,-109,51,90,378,6,11,57
5805,-109,55,90,378,4,9,57
5805,-109,55,90,378,3,10,57
5805,-109,40,90,378,6,9,57
5805,-109,58,90,378,5,8,56
5805,-109,66,90,378,5,9,57
5805,-109,39,90,378,6,10,58
5805,-109,34,90,378,4,10,57
5805,-109,41,90,378,4,11,57
5805,-109,50,90,378,5,9,57
5805,-109,53,90,378,4,9,57
5805,-109,31,90,378,5,10,57
5805,-109,39,90,378,5,9,57
5805,-109,40,90,378,6,9,56
5805,-109,42,90,378,6,11,57
5805,-109,43,90,378,5,11,56
5805,-109,57,90,378,3,9,57
5805,-109,42,90,378,7,9,57
5805,-109,53,90,378,5,10,57
5805,-109,33,89,379,5,11,56
5805,-109,44,90,378,5,9,57
5805,-109,32,90,378,5,9,57
5805,-109,46,90,378,3,10,57
5805,-109,33,90,378,3,12,57
5805,-109,51,90,378,5,9,57
5805,-109,48,90,378,5,9,57
5805,-109,39,90,378,5,10,57
5805,-109,48,90,378,6,10,57
5805,-109,51,90,378,6,9,56
5805,-109,43,90,378,5,10,57
5805,-109,42,90,378,5,8,56
5805,-109,49,90,378,4,10,58
5805,-109,41,90,378,5,11,57
5805,-109,44,90,378,4,9,57
5805,-109,38,90,378,5,9,56
5805,-109,51,90,378,5,10,56
5805,-109,50,90,378,4,8,56
5805,-109,36,90,378,6,10,56
5805,-109,43,90,378,4,10,57
5805,-109,66,90,378,5,9,56
5805,-109,43,90,378,5,10,57
5805,-109,36,90,378,5,9,57
5805,-109,58,90,378,5,10,57
5805,-109,45,90,378,4,12,57
5805,-109,37,90,378,4,10,57
5805,-109,39,90,378,4,9,56
5805,-109,41,90,378,5,10,57
5805,-109,45,90,378,3,10,57
5805,-109,62,90,378,5,11,58
5805,-109,36,90,378,5,9,56
5805,-109,30,90,378,6,9,56
5805,-109,40,90,378,6,11,58
5805,-109,34,90,378,5,9,56
5805,-109,53,90,378,6,10,57
5805,-109,43,90,378,5,9,57
5805,-109,44,90,378,4,11,57
5805,-109,56,90,378,5,9,57
5805,-109,46,90,378,5,11,58
5805,-109,51,90,378,4,10,57
5805,-109,40,90,378,5,10,57
5805,-109,59,90,378,3,9,57
5805,-109,47,90,378,5,10,57
5805,-109,34,90,378,5,9,56
5805,-109,36,90,378,5,10,57
5805,-109,47,90,378,4,10,57
5805,-109,57,90,378,5,11,58
5805,-109,51,90,378,4,12,57
5805,-109,35,90,378,5,8,55
5805,-109,38,90,378,6,10,56
5805,-109,44,90,378,4,9,57
5805,-109,38,90,378,4,10,57
5805,-109,42,90,378,5,9,56
5805,-109,30,90,378,4,10,58
5805,-109,45,90,378,5,10,57
5805,-109,38,90,378,6,8,57
5805,-109,48,90,378,6,9,57
5805,-109,43,90,378,4,8,55
5805,-109,39,90,378,5,10,57
5805,-109,47,90,378,4,10,56
5805,-109,29,90,378,5,9,57
5805,-109,39,90,378,5,10,57
5805,-109,52,90,378,5,10,57
5805,-109,38,90,378,5,10,56
5805,-109,56,90,378,5,9,57
5805,-109,42,90,378,4,9,58
5805,-109,65,90,378,5,10,57
5805,-109,45,90,378,4,11,57
5805,-109,57,90,378,5,9,57
5805,-109,48,90,378,5,10,56
5805,-109,35,90,378,5,9,57
5805,-109,55,90,378,5,10,57
5805,-109,39,90,378,3,9,58
5805,-109,57,90,378,5,8,56
5805,-109,36,90,378,7,9,56
5805,-109,60,90,378,4,9,57
5805,-109,68,90,378,5,11,57
5805,-109,57,90,378,5,10,57
5805,-109,63,90,378,5,9,58
5805,-109,55,90,378,5,10,57
5805,-109,60,90,378,4,10,57
5805,-109,42,90,378,3,8,56
5805,-109,44,90,378,5,11,57
5805,-109,53,90,378,4,10,57
5805,-109,47,90,378,5,10,57
5805,-109,62,90,378,6,8,57
5805,-109,50,90,378,5,10,58
5805,-109,54,90,378,5,9,57
5805,-109,48,90,378,4,9,57
5805,-109,43,90,378,5,9,57
5805,-109,39,90,378,4,10,57
5805,-109,50,90,378,5,10,57
5805,-109,43,90,378,6,10,57
5805,-109,55,90,378,5,8,56
5805,-109,51,90,378,5,9,56
5805,-109,28,90,378,5,8,56
5805,-109,64,90,378,3,9,57
5805,-109,61,90,378,5,10,58
5805,-109,44,90,378,5,10,57
5805,-109,44,90,378,5,11,57
5805,-109,50,90,378,4,9,57
5805,-109,51,90,378,5,9,57
5805,-109,47,90,378,5,8,57
5805,-109,44,90,378,4,10,57
5805,-109,48,90,378,4,11,57
5805,-109,41,90,378,5,9,57
5805,-109,45,90,378,5,10,57
5805,-109,43,90,378,4,10,57
5805,-109,54,90,378,6,10,56
5805,-109,61,90,378,6,10,58
5805,-109,34,90,378,5,10,57
5805,-109,60,90,378,6,9,57
5805,-109,55,90,378,5,9,57
5805,-109,51,90,378,5,10,58
5805,-109,43,90,378,5,10,57
5805,-109,51,90,378,6,9,57
5805,-109,43,89,378,6,10,56
5805,-109,40,90,378,5,8,56
5805,-109,40,90,378,6,9,57
5805,-109,60,90,378,5,8,57
5805,-109,49,90,378,5,10,57
5805,-109,47,90,378,4,10,57
5805,-109,43,90,378,4,9,57
5805,-109,56,90,378,5,9,57
5805,-109,51,90,378,5,11,57
5805,-109,49,90,378,5,9,57
5805,-109,41,90,378,6,7,55
5805,-109,52,90,378,5,8,56
5805,-109,52,90,378,6,8,57
5805,-109,39,90,378,5,10,57
5805,-109,39,90,378,4,7,56
5805,-109,52,90,378,5,8,57
5805,-109,37,90,378,5,10,57
5805,-109,60,90,378,4,9,57
5805,-109,35,90,378,5,8,57
5805,-109,52,90,378,4,9,57
5805,-109,66,90,378,6,10,58
5805,-109,44,90,378,5,11,57
5805,-109,38,90,378,5,9,57
5805,-109,63,90,378,5,8,58
5805,-109,54,90,378,5,9,57
5805,-109,49,90,378,5,8,57
5805,-109,62,90,378,5,9,57
5805,-109,52,90,378,5,9,57
5805,-109,64,90,378,5,9,57
5805,-109,30,90,378,4,8,57
5805,-109,64,90,378,5,10,57
5805,-109,49,90,378,5,11,57
5805,-109,42,90,378,5,10,58
5805,-109,49,90,378,5,9,57
5805,-109,46,90,378,5,10,57
5805,-109,54,90,378,4,11,58
5805,-109,58,90,378,4,10,57
5805,-109,60,90,378,5,11,57
5805,-109,67,90,378,4,9,58
5805,-109,43,90,378,4,10,57
5805,-109,34,90,378,4,8,56
5805,-109,52,90,378,5,10,58
5805,-109,54,90,378,5,11,58
5805,-109,54,90,378,4,9,56
5805,-109,49,90,378,4,9,57
5805,-109,50,90,378,5,9,56
5805,-109,53,90,378,4,9,58
5805,-109,41,90,378,5,11,57
5805,-109,55,90,378,5,11,57
5805,-109,49,90,378,6,8,56
5805,-109,43,90,378,4,11,57
5805,-109,55,90,378,4,11,57
5805,-109,64,90,378,6,8,57
5805,-109,47,90,378,4,7,56
5805,-109,43,90,378,6,9,56
5805,-109,57,90,378,6,8,56
5805,-109,39,90,378,4,10,58
5805,-109,57,90,378,5,10,57
5805,-109,50,90,378,5,8,56
5805,-109,32,90,378,4,10,57
5805,-109,49,90,378,4,10,57
5805,-109,45,90,378,4,9,57
5805,-109,75,90,378,5,7,56
5805,-109,49,90,378,5,9,57
5805,-109,51,90,378,5,10,57
5805,-109,46,90,378,5,10,57
5805,-109,43,90,378,4,8,56
5805,-109,62,90,378,6,11,57
5805,-109,49,90,378,4,10,57
5805,-109,46,90,378,5,10,57
5805,-109,51,90,378,5,9,57
5805,-109,37,90,378,5,10,57
5805,-109,49,90,378,5,8,56
5805,-109,55,90,378,5,8,56
5805,-109,44,90,378,5,10,57
5805,-109,40,90,378,6,8,57
5805,-109,39,90,378,5,9,57
5805,-109,49,90,378,5,10,57
5805,-109,42,90,378,4,10,57
5805,-109,41,90,378,5,8,56
5805,-109,46,90,378,5,10,57
5805,-109,53,90,378,6,10,58
5805,-109,54,90,378,6,10,57
5805,-109,44,90,378,5,9,57
5805,-109,50,90,378,5,10,57
5805,-109,51,90,378,5,9,57
5805,-109,39,90,378,5,9,57
5805,-109,39,90,378,5,10,57
5805,-109,38,90,378,5,8,57
5805,-109,51,90,378,4,8,56
5805,-109,57,90,378,7,9,57
5805,-109,43,90,378,5,8,56
5805,-109,38,90,378,6,10,57
5805,-109,34,90,378,4,9,57
5805,-109,54,90,378,5,9,58
5805,-109,44,90,378,4,9,56
5805,-109,47,90,378,4,10,57
5805,-109,63,90,378,4,10,57
5805,-109,48,90,378,5,11,58
5805,-109,32,90,378,6,11,57
5805,-109,47,90,378,5,10,57
5805,-109,55,90,378,5,8,57
5805,-109,50,90,378,4,9,57
5805,-109,38,90,378,5,10,57
5805,-109,49,90,378,6,10,57
5805,-109,39,90,378,5,9,57
5805,-109,59,90,378,5,8,57
5805,-109,49,90,378,5,8,56
5805,-109,39,90,378,4,9,57
5805,-109,30,90,378,4,9,56
5805,-109,49,90,378,5,9,57
5805,-109,60,90,378,4,9,57
5805,-109,36,90,378,3,9,57
5805,-109,40,90,378,5,9,57
5805,-109,35,90,378,7,9,55
5805,-109,43,90,378,5,9,57
5805,-109,56,90,378,5,11,57
5805,-109,35,89,378,6,8,55
5805,-109,36,90,378,5,8,57
5805,-109,34,90,378,6,9,57
5805,-109,55,90,378,5,9,57
5805,-109,51,90,378,5,8,56
5805,-109,55,90,378,5,10,57
5805,-109,34,90,378,5,9,57
5805,-109,31,90,378,5,9,56
5805,-109,46,90,378,5,9,57
5805,-109,54,90,378,5,10,57
5805,-109,48,90,378,6,10,58
5805,-109,42,90,378,5,10,57
5805,-109,57,90,378,5,10,57
5805,-109,50,90,378,6,9,57
5805,-109,52,90,378,4,9,57
5805,-109,38,90,378,5,10,57
5805,-109,53,90,378,5,11,56
5805,-109,53,90,378,6,9,57
5805,-109,42,90,378,5,9,57
5805,-109,45,90,378,5,8,57
5805,-109,41,90,378,5,10,56
5805,-109,34,90,378,6,9,57
5805,-109,40,90,378,5,8,55
5805,-109,46,90,378,5,12,59
5805,-109,55,90,378,5,9,58
5805,-109,44,90,378,4,8,57
5805,-109,51,90,378,6,8,56
5805,-109,46,90,378,5,9,57
5805,-109,30,90,378,5,10,57
5805,-109,46,90,378,5,9,57
5805,-109,38,90,378,4,9,56
5805,-109,52,90,378,5,10,57
5805,-109,40,90,378,4,11,57
5805,-109,51,90,378,4,11,57
5805,-109,39,90,378,6,9,57
5805,-109,41,90,378,4,9,57
5805,-109,48,90,378,4,9,57
5805,-109,41,90,378,6,11,57
5805,-109,45,90,378,6,11,57
5805,-109,38,90,378,3,8,56
5805,-109,45,90,378,4,9,56
5805,-109,43,90,378,4,10,57
5805,-109,34,90,378,4,8,56
5805,-109,60,90,378,5,12,58
5805,-109,71,90,378,4,11,57
5805,-109,58,90,378,5,10,57
5805,-109,42,89,378,6,10,56
5805,-109,48,90,378,4,10,57
5805,-109,35,90,378,5,10,58
5805,-109,55,90,378,4,10,58
5805,-109,48,90,378,4,9,56
5805,-109,57,90,378,7,9,57
5805,-109,34,90,378,5,10,57
5805,-109,38,90,378,4,9,57
5805,-109,71,90,378,6,9,58
5805,-109,54,90,378,5,9,57
5805,-109,52,90,378,5,9,57
5805,-109,48,90,378,5,10,58
5805,-109,55,90,378,4,9,57
5805,-109,47,90,378,4,10,57
5805,-109,45,90,378,4,10,56
5805,-109,51,90,378,4,10,57
5805,-109,71,90,378,6,11,58
5805,-109,43,90,378,5,10,58
5805,-109,43,90,378,5,10,57
5805,-109,38,90,378,5,7,57
5805,-109,50,90,378,5,10,57
5805,-109,39,90,378,6,8,56
5805,-109,41,90,378,5,8,56
5805,-109,37,90,378,5,11,57
5805,-109,43,90,378,5,10,56
5805,-109,50,90,378,3,9,57
5805,-109,58,90,378,6,8,56
5805,-109,55,90,378,4,8,56
5805,-109,46,90,378,6,8,56
5805,-109,56,90,378,5,10,57
5805,-109,38,90,378,5,10,57
5805,-109,36,90,378,5,9,56
5805,-109,44,90,378,5,9,57
5805,-109,53,90,378,5,9,57
5805,-109,33,90,378,4,10,56
5805,-109,37,90,378,6,11,57
5805,-109,39,90,378,4,8,56
5805,-109,44,90,378,6,10,57
5805,-109,46,90,378,4,11,57
5805,-109,42,90,378,5,9,57
5805,-109,56,90,378,5,7,55
5805,-109,48,90,378,4,9,57
5805,-109,41,90,378,5,9,57
5805,-109,50,90,378,4,10,57
5805,-109,69,90,378,6,10,57
5805,-109,50,90,378,4,11,57
5805,-109,54,90,378,5,11,57
5805,-109,28,90,378,5,10,57
5805,-109,47,90,378,4,10,57
5805,-109,55,90,378,4,10,57
5805,-109,24,90,378,5,7,56
5805,-109,50,90,378,4,9,57
5805,-109,46,90,378,5,10,57
5805,-109,40,90,378,5,10,56
5805,-109,56,90,378,4,9,57
5805,-109,44,90,378,4,10,57
5805,-109,31,90,378,7,10,57
5805,-109,37,90,378,5,10,58
5805,-109,56,90,378,4,10,57
5805,-109,39,90,378,4,11,58
5805,-109,46,90,378,3,11,57
5805,-109,35,90,378,6,11,57
5805,-109,42,90,378,5,9,58
5805,-109,38,90,378,5,10,57
5805,-109,61,90,378,6,10,57
5805,-109,40,90,378,4,10,56
5805,-109,41,90,378,5,10,58
5805,-109,38,90,378,6,11,57
5805,-109,36,90,378,4,10,57
5805,-109,57,90,378,5,10,57
5805,-109,65,90,378,6,10,58
5805,-109,46,90,378,3,12,57
5805,-109,44,90,378,5,9,57
5805,-109,49,90,378,6,10,57
5805,-109,48,90,378,5,9,56
5805,-109,47,90,378,4,9,57
5805,-109,53,90,378,5,10,58
5805,-109,51,90,378,4,9,57
5805,-109,37,90,378,5,10,57
5805,-109,58,90,378,4,10,57
5805,-109,43,90,378,6,11,57
5805,-109,44,90,378,6,9,55
5805,-109,38,90,378,5,8,56
5805,-109,36,90,378,5,9,57
5805,-109,57,90,378,5,9,57
5805,-109,56,90,378,6,9,57
5805,-109,43,90,378,4,10,57
5805,-109,34,90,378,5,7,56
5805,-109,54,90,378,5,9,57
5805,-109,65,90,378,5,10,57
5805,-109,59,90,378,5,9,57
5805,-109,48,90,378,3,8,56
5805,-109,31,90,378,5,9,56
5805,-109,46,90,378,3,10,57
5805,-109,53,90,378,4,9,57
5805,-109,50,90,378,6,10,57
5805,-109,40,90,378,4,7,56
5805,-109,66,90,378,4,9,57
5805,-109,41,90,378,5,9,57
5805,-109,35,90,378,5,9,57
5805,-109,40,90,378,5,9,56
5805,-109,24,90,378,5,9,56
5805,-109,47,90,378,5,9,57
5805,-109,48,90,378,5,9,57
5805,-109,59,90,378,6,10,57
5805,-109,50,90,378,5,10,57
5805,-109,47,90,378,5,8,57
5805,-109,59,90,378,4,9,57
5805,-109,42,90,378,5,9,56
5805,-109,42,90,378,5,9,57
5805,-109,43,90,378,4,8,57
5805,-109,46,90,378,6,11,58
5805,-109,38,90,378,5,11,57
5805,-109,54,90,378,5,9,58
5805,-109,49,90,378,4,8,56
5805,-109,46,90,378,4,9,57
5805,-109,43,90,378,3,8,56
5805,-109,52,90,378,4,9,56
5805,-109,44,90,378,5,9,57
5805,-109,54,90,378,6,8,57
5805,-109,49,90,378,4,10,56
5805,-109,61,90,378,5,9,56
5805,-109,51,90,378,5,9,56
5805,-109,40,90,378,4,10,58
5805,-109,34,90,378,5,9,57
5805,-109,46,90,378,5,11,57
5805,-109,61,90,378,5,8,56
5805,-109,43,90,378,5,10,57
5805,-109,47,90,378,4,10,57
5805,-109,53,90,378,5,9,56
5805,-109,43,90,378,4,10,57
5805,-109,50,90,378,5,8,57
5805,-109,42,90,378,3,9,57
5805,-109,65,90,378,5,8,57
5805,-109,39,90,378,6,10,57
5805,-109,48,90,378,4,10,56
5805,-109,43,90,378,5,8,56
5805,-109,42,90,378,3,12,58
5805,-109,44,90,378,5,10,56
5805,-109,49,90,378,5,9,56
5805,-109,48,90,378,5,11,58
5805,-109,47,90,378,6,11,57
5805,-109,45,90,378,5,10,56
5805,-109,37,90,378,4,8,56
5805,-109,45,90,378,6,9,56
5805,-109,27,90,378,5,8,55
5805,-109,47,90,378,4,11,57
5805,-109,54,90,378,6,9,56
5805,-109,42,90,378,4,8,56
5805,-109,34,90,378,5,8,55
5805,-109,47,90,378,5,10,57
5805,-109,47,90,378,4,9,57
5805,-109,34,90,378,5,9,56
5805,-109,40,90,378,4,9,56
5805,-109,44,90,378,4,10,58
5805,-109,59,90,378,4,10,58
5805,-109,36,90,378,5,9,57
5805,-109,39,89,378,5,10,56
5805,-109,56,90,378,4,9,57
5805,-109,56,90,378,4,9,57
5805,-109,35,90,378,6,9,57
5805,-109,42,90,378,5,9,57
5805,-109,40,90,378,5,10,56
5805,-109,34,90,378,4,10,57
5805,-109,50,90,378,5,9,56
5805,-109,54,90,378,4,9,57
5805,-109,36,90,378,5,10,57
5805,-109,47,90,378,5,10,58
5805,-109,66,90,378,6,8,57
5805,-109,44,90,378,6,9,57
5805,-109,41,90,378,5,9,57
5805,-109,32,90,378,5,11,57
5805,-109,51,89,378,6,9,55
5805,-109,35,90,378,4,10,56
5805,-109,49,90,378,5,11,57
5805,-109,59,90,378,5,9,57
5805,-109,36,90,378,5,10,56
5805,-109,37,90,378,4,10,58
5805,-109,44,90,378,3,9,57
5805,-109,38,90,378,4,9,56
5805,-109,33,90,378,5,8,56
5805,-109,31,90,378,5,8,56
5805,-109,46,90,378,4,9,57
5805,-109,50,90,378,3,9,57
5805,-109,45,90,378,4,10,57
5805,-109,43,90,378,6,8,55
5805,-109,29,90,378,5,11,57
5805,-109,46,90,378,5,10,57
5805,-109,45,90,378,5,9,56
5805,-109,59,90,378,5,12,57
5805,-109,41,90,378,5,9,57
5805,-109,40,90,378,4,8,56
5805,-109,42,90,378,5,9,56
5805,-109,52,90,378,5,9,57
5805,-109,35,90,378,4,9,57
5805,-109,52,90,378,5,10,57
5805,-109,51,90,378,4,11,57
5805,-109,33,90,378,4,9,57
5805,-109,43,90,378,4,9,56
5805,-109,35,90,378,4,10,57
5805,-109,34,90,378,5,9,57
5805,-109,56,90,378,5,10,57
5805,-109,31,90,378,5,9,56
5805,-109,48,90,378,5,8,57
5805,-109,50,90,378,3,10,57
5805,-109,57,90,378,6,9,56
5805,-109,62,90,378,3,9,57
5805,-109,52,90,378,5,10,57
5805,-109,45,90,378,5,9,57
5805,-109,47,90,378,6,11,57
5805,-109,39,90,378,4,10,57
5805,-109,36,90,378,5,9,57
5805,-109,70,90,378,5,9,57
5805,-109,58,90,378,5,9,57
5805,-109,40,90,378,5,9,57
5805,-109,51,90,378,5,9,57
5805,-109,45,90,378,4,8,57
5805,-109,49,90,378,4,9,57
5805,-109,54,90,378,5,9,57
5805,-109,43,90,378,6,10,57
5805,-109,36,90,378,6,11,57
5805,-109,40,90,378,4,10,57
5805,-109,49,90,378,5,11,57
5805,-109,53,90,378,4,8,57
5805,-109,45,90,378,6,10,56
5805,-109,39,90,378,5,11,57
5805,-109,25,90,378,7,9,56
5805,-109,39,90,378,5,10,57
5805,-109,44,90,378,4,10,57
5805,-109,31,90,378,4,9,55
5805,-109,39,90,378,6,7,56
5805,-109,44,90,378,4,8,56
5805,-109,66,90,378,4,10,58
5805,-109,45,90,378,4,8,57
5805,-109,40,90,378,6,10,57
5805,-109,40,90,378,6,10,56
5805,-109,45,90,378,4,10,56
5805,-109,58,89,379,6,8,56
5805,-109,49,90,378,4,11,57
5805,-109,40,90,378,6,11,58
5805,-109,50,90,378,5,10,57
5805,-109,38,90,378,5,10,56
5805,-109,53,90,378,6,8,56
5805,-109,54,90,378,5,10,58
5805,-109,54,90,378,5,9,57
5805,-109,37,90,378,4,10,57
5805,-109,58,90,378,4,10,57
5805,-109,47,90,378,5,10,56
5805,-109,34,90,378,4,10,56
5805,-109,57,90,378,5,9,57
5805,-109,59,90,378,5,11,57
5805,-109,37,90,378,6,9,57
5805,-109,33,90,378,4,10,56
5805,-109,36,90,378,3,10,57
5805,-109,52,90,378,4,8,57
5805,-109,31,90,378,5,9,56
5805,-109,40,89,378,6,11,56
5805,-109,39,90,378,5,9,57
5805,-109,33,90,378,6,9,57
5805,-109,54,90,378,4,10,57
5805,-109,49,90,378,4,10,57
5805,-109,35,90,378,6,9,57
5805,-109,41,90,378,4,9,57
5805,-109,35,90,378,5,9,57
5805,-109,40,90,378,4,10,57
5805,-109,52,90,378,5,9,57
5805,-109,44,90,378,6,9,56
5805,-109,41,90,378,5,10,57
5805,-109,50,90,378,5,10,57
5805,-109,46,90,378,5,9,57
5805,-109,58,90,378,5,10,57
5805,-109,41,90,378,5,11,58
5805,-109,45,90,378,5,9,56
5805,-109,51,90,378,4,10,57
5805,-109,66,90,378,5,12,58
5805,-109,50,90,378,4,8,56
5805,-109,55,90,378,5,10,58
5805,-109,47,90,378,5,9,57
5805,-109,47,90,378,5,9,57
5805,-109,39,90,378,5,9,57
5805,-109,51,90,378,4,7,56
5805,-109,60,90,378,6,10,57
5805,-109,52,90,378,5,9,57
5805,-109,42,90,378,4,11,57
5805,-109,67,90,378,4,8,56
5805,-109,51,90,378,7,10,57
5805,-109,35,89,378,6,10,55
5805,-109,32,90,378,5,9,56
5805,-109,52,90,378,3,10,57
5805,-109,37,90,378,5,10,57
5805,-109,36,90,378,4,10,57
5805,-109,44,90,378,4,8,56
5805,-109,59,90,378,4,9,57
5805,-109,61,90,378,5,9,57
5805,-109,50,90,378,5,9,57
5805,-109,35,90,378,3,10,58
5805,-109,47,90,378,5,10,57
5805,-109,41,90,378,4,10,57
5805,-109,46,90,378,4,9,57
5805,-109,38,90,378,4,11,57
5805,-109,44,90,378,5,10,57
5805,-109,42,90,378,6,10,57
5805,-109,41,90,378,4,8,57
5805,-109,48,90,378,4,9,57
5805,-109,39,90,378,5,9,57
5805,-109,45,90,378,5,9,56
5805,-109,47,90,378,5,9,57
5805,-109,32,90,378,5,11,58
5805,-109,44,90,378,4,8,56
5805,-109,30,90,378,4,9,56
5805,-109,30,90,378,4,10,57
5805,-109,46,90,378,5,9,56
5805,-109,46,90,378,6,9,57
5805,-109,34,90,378,4,11,56
5805,-109,43,90,378,5,12,58
5805,-109,51,90,378,5,10,57
5805,-109,42,90,378,6,11,57
5805,-109,39,90,378,6,10,57
5805,-109,47,90,378,6,10,58
5805,-109,56,90,378,5,9,57
5805,-109,38,90,378,5,10,56
5805,-109,40,90,378,4,10,57
5805,-109,43,90,378,4,9,57
5805,-109,53,90,378,5,8,57
5805,-109,50,90,378,4,10,57
5805,-109,55,90,378,4,9,57
5805,-109,39,90,378,6,9,57
5805,-109,60,90,378,4,10,58
5805,-109,57,90,378,6,11,57
5805,-109,52,90,378,4,10,57
5805,-109,40,90,378,4,10,56
5805,-109,40,90,378,4,9,57
5805,-109,36,89,378,6,7,54
5805,-109,54,90,378,4,10,57
5805,-109,45,90,378,6,10,57
5805,-109,44,90,378,5,10,58
5805,-109,60,90,378,5,11,58
5805,-109,53,90,378,4,9,57
5805,-109,48,90,378,4,10,58
5805,-109,41,90,378,6,9,55
5805,-109,43,90,378,5,11,57
5805,-109,52,90,378,3,9,57
5805,-109,40,90,378,6,10,57
5805,-109,59,90,378,5,9,56
5805,-109,32,90,378,5,10,57
5805,-109,43,90,378,5,8,56
5805,-109,65,90,378,5,10,57
5805,-109,48,90,378,4,10,57
5805,-109,40,90,378,3,9,57
5805,-109,46,90,378,4,12,58
5805,-109,34,90,378,5,9,57
5805,-109,52,90,378,5,10,57
5805,-109,44,90,378,4,10,58
5805,-109,45,90,378,5,9,57
5805,-109,46,90,378,4,9,57
5805,-109,64,90,378,4,9,57
5805,-109,40,90,378,4,7,56
5805,-109,49,90,378,5,8,56
5805,-109,35,90,378,5,11,58
5805,-109,61,90,378,5,10,57
5805,-109,44,90,378,5,8,56
5805,-109,32,90,378,4,8,56
5805,-109,44,90,378,5,10,57
5805,-109,49,90,378,5,11,58
5805,-109,56,90,378,6,9,57
5805,-109,45,90,378,5,10,57
5805,-109,44,90,378,5,11,57
5805,-109,40,90,378,5,9,56
5805,-109,46,90,378,5,9,56
5805,-109,64,90,378,5,9,57
5805,-109,36,90,378,5,8,56
5805,-109,53,90,378,5,10,57
5805,-109,41,90,378,4,8,57
5805,-109,35,90,378,5,10,56
5805,-109,53,90,378,5,9,57
5805,-109,39,90,378,4,9,56
5805,-109,49,90,378,6,8,57
5805,-109,57,90,378,5,12,58
5805,-109,50,90,378,5,11,57
5805,-109,53,90,378,3,10,57
5805,-109,34,89,378,6,8,55
5805,-109,50,90,378,5,9,57
5805,-109,48,90,378,4,11,58
5805,-109,38,90,378,5,8,56
5805,-109,43,90,378,5,9,57
5805,-109,43,90,378,6,11,57
5805,-109,44,90,378,5,8,56
5805,-109,31,90,378,2,9,57
5805,-109,46,90,378,5,10,57
5805,-109,48,90,378,6,11,57
5805,-109,48,90,378,5,9,57
5805,-109,46,90,378,6,11,57
5805,-109,40,90,378,5,9,57
5805,-109,44,90,378,5,8,56
5805,-109,35,90,378,4,9,57
5805,-109,52,90,378,5,11,57
5805,-109,67,90,378,5,10,57
5805,-109,45,90,378,5,8,57
5805,-109,32,90,378,5,12,57
5805,-109,43,90,378,5,9,57
5805,-109,46,90,378,6,8,56
5805,-109,41,90,378,5,10,58
5805,-109,39,90,378,5,11,57
5805,-109,47,90,378,4,10,57
5805,-109,38,90,378,4,8,56
5805,-109,44,90,378,4,10,57
5805,-109,64,90,378,4,8,57
5805,-109,40,90,378,5,9,57
5805,-109,44,90,378,5,11,57
5805,-109,50,90,378,4,11,57
5805,-109,28,90,378,4,10,57
5805,-109,47,90,378,5,9,55
5805,-109,34,90,378,4,10,57
5805,-109,46,90,378,4,10,57
5805,-109,57,90,378,4,10,57
5805,-109,56,90,378,7,11,58
5805,-109,48,90,378,5,10,57
5805,-109,44,90,378,4,9,57
5805,-109,35,90,378,5,11,57
5805,-109,51,90,378,4,11,58
5805,-109,40,90,378,4,10,57
5805,-109,32,90,378,5,10,56
5805,-109,39,90,378,5,9,56
5805,-109,48,90,378,6,10,57
5805,-109,49,90,378,5,9,57
5805,-109,44,90,378,5,9,57
5805,-109,60,90,378,5,10,57
5805,-109,36,90,378,5,8,57
5805,-109,46,90,378,5,9,57
5805,-109,45,90,378,5,10,56
5805,-109,68,90,378,6,9,56
5805,-109,44,90,378,6,10,57
5805,-109,46,90,378,5,10,57
5805,-109,40,90,378,4,8,56
5805,-109,52,90,378,5,8,57
5805,-109,31,90,378,6,11,56
5805,-109,53,90,378,4,10,57
5805,-109,49,90,378,5,9,57
5805,-109,48,90,378,4,10,57
5805,-109,54,90,378,5,9,57
5805,-109,35,90,378,5,10,57
5805,-109,45,90,378,6,11,57
5805,-109,28,90,378,5,10,56
5805,-109,41,90,378,4,10,57
5805,-109,49,90,378,4,9,56
5805,-109,30,90,378,5,8,56
5805,-109,53,90,378,4,10,57
5805,-109,47,90,378,5,9,57
5805,-109,43,90,378,5,11,57
5805,-109,46,90,378,4,11,57
5805,-109,38,90,378,5,9,57
5805,-109,38,90,378,4,11,57
5805,-109,43,90,378,5,11,57
5805,-109,46,90,378,5,9,57
5805,-109,44,90,378,5,11,57
5805,-109,31,90,378,5,9,56
5805,-109,41,90,378,5,9,57
5805,-109,33,90,378,5,10,57
5805,-109,49,90,378,6,9,57
5805,-109,46,90,378,5,9,57
5805,-109,45,90,378,4,10,58
5805,-109,35,90,378,4,8,55
5805,-109,36,90,378,5,9,57
5805,-109,25,90,378,5,8,55
5805,-109,55,90,378,4,6,56
5805,-109,29,90,378,4,9,55
5805,-109,52,90,378,6,9,57
5805,-109,39,90,378,5,11,57
5805,-109,38,90,378,6,11,57
5805,-109,51,90,378,5,11,57
5805,-109,47,90,378,5,9,56
5805,-109,56,90,378,5,10,57
5805,-109,41,90,378,4,10,57
5805,-109,56,90,378,5,9,57
5805,-109,36,90,378,5,10,57
5805,-109,31,90,378,5,10,57
5805,-109,49,90,378,5,10,56
5805,-109,46,90,378,5,9,57
5805,-109,39,90,378,4,9,57
5805,-109,56,90,378,6,9,57
5805,-109,38,90,378,5,10,57
5805,-109,44,90,378,5,10,57
5805,-109,40,90,378,5,8,55
5805,-109,65,90,378,5,11,57
5805,-109,45,90,378,6,10,57
5805,-109,47,90,378,5,10,58
5805,-109,42,90,378,4,9,57
5805,-109,34,90,378,6,9,56
5805,-109,54,90,378,6,9,57
5805,-109,34,90,378,5,9,57
5805,-109,40,90,378,4,12,57
5805,-109,44,90,378,5,9,57
5805,-109,29,90,378,6,9,57
5805,-109,31,90,378,6,9,57
5805,-109,41,90,378,5,10,57
5805,-109,36,90,378,5,8,56
5805,-109,52,90,378,5,10,57
5805,-109,47,90,378,6,10,58
5805,-109,33,90,378,6,10,57
5805,-109,44,90,378,4,8,57
5805,-109,49,90,378,4,9,57
5805,-109,44,90,378,5,10,58
5805,-109,46,90,378,5,10,56
5805,-109,34,90,378,6,11,57
5805,-109,44,90,378,5,8,56
5805,-109,45,90,378,5,10,57
5805,-109,37,89,379,6,9,56
5805,-109,48,90,378,5,9,57
5805,-109,50,90,378,5,9,57
5805,-109,37,90,378,5,8,56
5805,-109,38,90,378,6,9,57
5805,-109,59,90,378,5,10,57
5805,-109,43,90,378,4,9,57
5805,-109,44,90,378,6,8,56
5805,-109,53,90,378,6,10,57
5805,-109,39,90,378,5,10,57
5805,-109,49,90,378,4,9,57
5805,-109,51,90,378,5,11,58
5805,-109,54,90,378,5,10,57
5805,-109,60,90,378,5,10,58
5805,-109,34,90,378,4,11,57
5805,-109,60,90,378,4,6,56
5805,-109,58,90,378,5,10,57
5805,-109,40,90,378,5,9,57
5805,-109,33,90,378,4,11,57
5805,-109,44,90,378,4,10,57
5805,-109,55,90,378,3,11,58
5805,-109,32,90,378,5,8,57
5805,-109,37,90,378,5,10,57
5805,-109,46,90,378,4,9,57
5805,-109,34,90,378,6,11,57
5805,-109,44,90,378,5,9,56
5805,-109,35,90,378,4,10,57
5805,-109,48,90,378,5,10,56
5805,-109,50,90,378,5,9,57
5805,-109,37,90,378,6,11,57
5805,-109,50,90,378,5,8,56
5805,-109,46,90,378,5,10,57
5805,-109,55,90,378,4,9,57
5805,-109,51,90,378,5,9,57
5805,-109,42,90,378,5,9,56
5805,-109,56,90,378,5,10,57
5805,-109,39,90,378,4,10,58
5805,-109,30,90,378,5,11,57
5805,-109,41,90,378,6,9,57
5805,-109,33,90,378,5,9,57
5805,-109,45,90,378,5,9,57
5805,-109,33,90,378,4,10,57
5805,-109,49,90,378,3,10,57
5805,-109,41,90,378,5,10,57
5805,-109,45,90,378,5,11,58
5805,-109,61,90,378,5,10,57
5805,-109,38,90,378,4,10,57
5805,-109,42,90,378,5,10,56
5805,-109,35,90,378,6,9,56
5805,-109,29,90,378,6,9,57
5805,-109,40,90,378,4,10,57
5805,-109,57,90,378,4,12,58
5805,-109,54,90,378,5,8,57
5805,-109,36,89,378,6,9,55
5805,-109,43,90,378,3,11,58
5805,-109,62,90,378,4,9,57
5805,-109,31,90,378,4,9,55
5805,-109,42,90,378,4,9,57
5805,-109,37,90,378,6,9,57
5805,-109,44,90,378,5,10,57
5805,-109,32,90,378,5,11,57
5805,-109,45,90,378,3,9,57
5805,-109,33,90,378,6,8,56
5805,-109,58,90,378,5,9,57
5805,-109,50,90,378,5,7,55
5805,-109,63,90,378,4,9,57
5805,-109,42,90,378,5,9,57
5805,-109,42,90,378,4,11,57
5805,-109,62,90,378,4,9,57
5805,-109,52,90,378,4,10,57
5805,-109,42,90,378,4,9,56
5805,-109,40,90,378,4,9,56
5805,-109,23,90,378,6,9,55
5805,-109,42,90,378,5,10,56
5805,-109,51,90,378,6,9,58
5805,-109,44,90,378,5,7,55
5805,-109,41,90,378,3,9,56
5805,-109,49,90,378,5,10,57
5805,-109,58,90,378,5,8,56
5805,-109,45,90,378,5,9,57
5805,-109,28,90,378,5,10,56
5805,-109,47,90,378,5,11,57
5805,-109,54,90,378,5,9,57
5805,-109,39,90,378,6,10,57
5805,-109,56,90,378,6,9,56
5805,-109,52,90,378,3,10,57
5805,-109,32,89,378,7,9,57
5805,-109,47,90,378,5,10,56
5805,-109,43,90,378,5,9,58
5805,-109,61,90,378,5,8,57
5805,-109,42,90,378,6,10,57
5805,-109,49,90,378,6,10,57
5805,-109,39,90,378,5,10,57
5805,-109,50,90,378,5,10,58
5805,-109,42,90,378,4,11,58
5805,-109,48,90,378,6,10,57
5805,-109,52,90,378,5,9,57
5805,-109,48,90,378,5,8,57
5805,-109,47,90,378,5,9,57
5805,-109,33,90,378,5,10,57
5805,-109,47,90,378,5,9,57
5805,-109,44,90,378,3,9,56
5805,-109,60,90,378,6,10,58
5805,-109,44,90,378,5,11,57
5805,-109,56,90,378,5,10,57
5805,-109,44,90,378,5,9,57
5805,-109,42,90,378,5,9,57
5805,-109,50,90,378,6,8,57
5805,-109,55,90,378,4,9,56
5805,-109,53,90,378,4,9,57
5805,-109,49,90,378,5,11,56
5805,-109,57,90,378,5,9,57
5805,-109,60,90,378,6,9,57
5805,-109,50,90,378,6,8,56
5805,-109,56,90,378,5,8,57
5805,-109,32,90,378,5,10,57
5805,-109,42,90,378,5,8,56
5805,-109,53,90,378,5,9,57
5805,-109,49,90,378,4,10,58
5805,-109,52,90,378,5,11,57
5805,-109,71,90,378,6,10,57
5805,-109,54,90,378,3,8,57
5805,-109,41,90,378,4,9,56
5805,-109,50,76,391,9,57,46
5805,-109,70,83,385,9,60,52
5805,-109,50,90,378,5,8,56
5805,-109,42,90,378,5,10,57
5805,-109,53,90,378,3,11,57
5805,-109,62,90,378,5,9,57
5805,-109,30,90,378,4,9,57
5805,-109,32,90,378,5,9,57
5805,-109,51,90,378,4,10,57
5805,-109,47,90,378,6,10,57
5805,-109,42,90,378,4,9,57
5805,-109,51,90,378,5,9,57
5805,-109,36,90,378,5,10,58
5805,-109,58,90,378,6,10,58
5805,-109,59,90,378,3,11,58
5805,-109,48,90,378,5,10,57
5805,-109,44,90,378,3,11,57
5805,-109,44,90,378,6,8,56
5805,-109,41,90,378,5,9,57
5805,-109,52,90,378,4,10,57
5805,-109,56,90,378,4,9,57
5805,-109,47,90,378,4,7,57
5805,-109,45,90,378,7,9,57
5805,-109,41,90,378,6,8,56
5805,-109,37,90,378,6,7,55
5805,-109,52,90,378,5,9,57
5805,-109,44,90,378,5,9,57
5805,-109,41,90,378,5,9,57
5805,-109,43,90,378,4,9,57
5805,-109,60,90,378,6,10,57
5805,-109,40,90,378,4,9,57
5805,-109,58,90,378,5,11,58
5240,-105,42,87,377,5,8,58
5240,-105,56,87,377,7,8,57
5240,-105,52,86,377,6,10,57
5240,-105,58,88,376,5,8,59
5240,-105,41,87,377,6,8,57
5240,-105,66,88,376,6,9,59
5240,-105,48,87,376,4,8,58
5240,-105,54,89,374,4,8,59
5240,-105,84,88,376,4,8,59
5240,-105,36,87,377,4,7,57
5240,-105,48,87,376,4,8,57
5240,-105,40,85,378,7,11,57
5240,-105,48,87,376,5,11,58
5240,-105,58,87,377,5,11,59
5240,-105,63,88,375,4,8,59
5240,-105,45,87,377,5,9,58
5240,-105,54,86,377,6,8,56
5240,-105,46,88,376,6,8,58
5240,-105,68,89,374,5,10,60
5240,-105,55,90,374,4,6,60
5240,-105,68,90,374,5,10,61
5240,-105,45,88,375,6,8,58
5240,-105,41,87,376,5,8,58
5240,-105,57,88,376,5,9,59
5240,-105,51,86,377,6,9,57
5240,-105,61,88,376,5,9,59
5240,-105,44,87,377,5,9,58
5240,-105,50,87,376,6,10,58
5240,-105,43,88,376,6,9,59
5240,-105,34,86,377,5,9,57
5240,-105,45,87,377,5,9,58
5240,-105,30,87,376,6,9,58
5240,-105,55,86,378,8,9,57
5240,-105,32,86,378,6,8,57
5240,-105,59,90,374,4,10,61
5240,-105,39,88,376,6,10,59
5240,-105,27,87,377,5,7,56
5240,-105,78,89,375,4,10,60
5240,-105,42,86,377,5,10,57
5240,-105,39,88,375,4,8,59
5240,-105,37,88,375,4,9,59
5240,-105,54,88,376,5,9,59
5240,-105,29,87,376,4,11,58
5240,-105,41,87,376,6,9,58
5240,-105,51,85,379,8,6,56
5240,-105,49,84,379,6,9,55
5240,-105,58,84,379,6,8,55
5240,-105,58,84,379,6,8,55
5240,-105,59,84,379,7,9,55
5240,-105,39,84,379,4,9,55
5240,-105,35,87,376,7,8,57
5240,-105,44,87,376,6,10,59
5240,-105,40,87,376,5,10,58
5240,-105,52,87,377,5,11,59
5240,-105,55,87,376,4,10,58
5240,-105,45,87,376,4,9,57
5240,-105,47,87,377,5,9,57
5240,-105,41,87,376,5,8,58
5240,-105,52,87,376,3,11,58
5240,-105,49,87,376,4,9,58
5240,-105,41,87,376,4,10,58
5240,-105,55,87,376,4,10,59
5240,-105,66,87,376,5,10,58
5240,-105,62,87,376,5,9,57
5240,-105,45,87,376,5,9,59
5240,-105,53,86,377,5,9,58
5240,-105,49,87,376,4,12,58
5240,-105,54,87,376,4,7,58
5240,-105,45,86,378,6,9,57
5240,-105,39,85,379,5,8,55
5240,-105,48,87,376,4,9,58
5240,-105,54,86,377,5,8,57
5240,-105,39,86,377,4,10,58
5240,-105,64,89,375,4,8,60
5240,-105,63,89,374,5,9,60
5240,-105,45,86,377,4,8,57
5240,-105,48,89,375,4,10,60
5240,-105,78,89,375,5,10,61
5240,-105,49,87,377,5,9,58
5240,-105,57,87,376,5,9,59
5240,-105,74,88,375,5,8,59
5240,-105,71,88,375,4,8,58
5240,-105,82,89,374,4,9,60
5240,-105,63,89,374,4,10,60
5240,-105,46,87,377,5,10,59
5240,-105,32,87,376,4,10,58
5240,-105,58,87,376,5,9,58
5240,-105,57,88,375,5,10,59
5240,-105,54,87,376,4,10,58
5240,-105,47,87,376,4,7,57
5240,-105,54,87,377,6,9,59
5240,-105,51,88,376,5,9,59
5240,-105,54,88,375,4,9,59
5240,-105,54,86,377,5,8,57
5240,-105,78,88,375,6,9,60
5240,-105,62,88,376,4,8,59
5240,-105,51,86,377,5,9,57
5240,-105,54,86,377,6,9,57
5240,-105,51,85,378,7,9,56
5240,-105,66,88,375,4,9,59
5240,-105,36,87,377,4,10,59
5240,-105,86,89,374,5,12,61
5240,-105,76,89,375,5,9,60
5240,-105,64,88,376,5,9,59
5240,-105,42,85,378,5,10,56
5240,-105,58,87,376,5,9,59
5240,-105,82,90,374,5,10,61
5240,-105,33,85,378,6,8,55
5240,-105,64,87,377,6,11,59
5240,-105,76,90,374,3,8,61
5240,-105,75,89,375,4,10,60
5240,-105,48,85,378,6,6,55
5240,-105,58,86,377,5,10,58
5240,-105,70,87,376,5,9,58
5240,-105,57,87,376,5,9,59
5240,-105,77,87,376,5,11,58
5240,-105,61,87,376,5,10,58
5240,-105,67,87,376,5,10,58
5240,-105,68,87,376,5,9,59
5240,-105,88,87,376,4,9,58
5240,-105,82,87,376,5,9,58
5240,-105,76,87,376,6,9,58
5240,-105,54,87,376,4,10,59
5240,-105,82,87,376,3,11,59
5240,-105,73,87,376,5,9,58
5240,-105,73,87,376,5,10,59
5240,-105,72,87,376,4,9,58
5240,-105,74,87,376,5,9,59
5240,-105,60,87,376,5,9,58
5240,-105,47,87,377,6,8,56
5240,-105,88,87,376,5,10,59
5240,-105,64,87,376,4,7,57
5240,-105,52,86,377,6,8,57
5240,-105,60,86,378,5,7,56
5240,-105,60,87,376,6,10,58
5240,-105,55,86,378,6,9,56
5240,-105,44,87,376,4,10,58
5240,-105,41,87,376,5,10,58
5240,-105,61,87,376,4,8,57
5240,-105,56,87,376,5,13,59
5240,-105,58,87,376,4,10,58
5240,-105,53,87,376,4,10,59
5240,-105,67,87,376,4,10,59
5240,-105,45,86,377,5,10,58
5240,-105,44,87,376,4,9,58
5240,-105,49,87,376,4,10,58
5240,-105,64,87,376,4,7,58
5240,-105,43,87,376,5,9,58
5240,-105,31,84,379,6,5,54
5240,-105,35,87,376,5,8,57
5240,-105,32,87,376,4,10,58
5240,-105,46,88,375,5,9,59
5240,-105,38,87,377,4,10,59
5240,-105,30,87,376,5,11,58
5240,-105,56,89,374,4,9,60
5240,-105,47,88,375,5,9,59
5240,-105,47,87,376,6,8,57
5240,-105,35,85,378,6,8,56
5240,-105,34,87,376,6,8,57
5240,-105,29,87,376,5,9,58
5240,-105,34,87,377,5,9,58
5240,-105,35,87,377,5,9,58
5240,-105,34,87,376,5,9,57
5240,-105,32,87,377,5,11,58
5240,-105,53,88,375,4,9,60
5240,-105,37,86,377,6,8,57
5240,-105,32,86,377,6,9,57
5240,-105,46,88,375,4,9,59
5240,-105,50,81,383,8,61,52
5240,-105,66,87,377,6,11,58
5240,-105,61,87,376,4,9,58
5240,-105,39,87,376,4,10,57
5240,-105,57,87,376,4,9,57
5240,-105,52,87,376,6,9,58
5240,-105,70,87,376,5,9,58
5240,-105,48,87,377,5,9,56
5240,-105,50,87,376,5,9,58
5240,-105,35,87,377,5,9,57
5240,-105,53,87,376,5,8,58
5240,-105,69,87,376,4,8,58
5240,-105,51,87,376,3,10,58
5240,-105,42,85,378,6,10,56
5240,-105,58,87,377,5,9,58
5240,-105,45,86,378,7,9,57
5240,-105,47,86,378,7,9,58
5240,-105,52,89,375,4,9,60
5240,-105,48,89,375,4,10,59
5240,-105,62,87,377,5,10,59
5240,-105,69,88,376,5,8,59
5240,-105,68,86,378,6,10,58
5240,-105,36,87,376,6,8,58
5240,-105,42,88,375,4,8,59
5240,-105,39,86,378,5,10,57
5240,-105,54,88,375,4,8,59
5240,-105,38,88,376,4,8,58
5240,-105,61,86,377,6,10,57
5240,-105,50,87,377,6,8,58
5240,-105,63,89,375,5,11,61
5240,-105,63,86,378,6,8,57
5240,-105,60,88,376,6,9,59
5240,-105,42,86,378,6,9,57
5240,-105,51,86,378,6,10,57
5240,-105,70,89,374,5,9,60
5240,-105,37,86,378,5,10,57
5240,-105,54,86,378,6,8,57
5240,-105,54,90,374,3,11,61
5240,-105,66,87,377,4,9,58
5240,-105,73,88,376,5,8,59
5240,-105,42,87,376,6,11,59
5240,-105,57,87,377,5,8,57
5240,-105,66,87,376,6,9,58
5240,-105,124,89,374,3,12,66
5240,-105,46,86,377,6,8,57
5240,-105,41,88,376,6,10,59
5240,-105,63,90,374,6,10,61
5240,-105,85,88,375,4,8,60
5240,-105,66,89,375,5,11,60
5240,-105,59,87,376,6,10,59
5240,-105,36,87,377,5,8,58
5240,-105,62,88,376,5,8,59
5240,-105,53,86,377,4,9,58
5240,-105,72,88,375,5,9,59
5240,-105,53,88,376,4,10,59
5240,-105,41,87,376,5,11,59
5240,-105,49,87,376,5,9,58
5240,-105,104,90,374,4,10,61
5240,-105,72,87,377,5,9,58
5240,-105,45,87,376,5,8,57
5240,-105,55,86,377,6,9,57
5240,-105,65,87,377,4,6,58
5240,-105,50,87,377,5,9,58
5240,-105,58,85,378,7,9,56
5240,-105,69,87,376,4,9,59
5240,-105,88,88,376,5,6,59
5240,-105,57,88,376,6,10,60
5240,-105,65,87,376,5,8,58
5240,-105,48,87,377,5,9,59
5240,-105,43,87,376,6,8,58
5240,-105,62,89,375,4,8,60
5240,-105,41,85,378,6,8,56
5240,-105,70,88,376,4,7,59
5240,-105,48,87,376,6,7,58
5240,-105,38,86,377,4,8,57
5240,-105,62,88,376,5,8,59
5240,-105,49,85,378,5,7,55
5240,-105,57,88,376,5,7,59
5240,-105,54,87,377,5,9,58
5240,-105,47,86,377,6,7,57
5240,-105,86,89,375,5,6,60
5240,-105,36,85,379,5,8,57
5240,-105,64,88,376,6,8,59
5240,-105,51,87,376,5,7,58
5240,-105,41,88,376,6,7,59
5240,-105,62,88,376,6,8,59
5240,-105,52,88,376,4,8,59
5240,-105,53,81,383,6,11,53
5240,-105,60,84,380,7,10,56
5240,-105,71,84,380,6,10,56
5240,-105,54,84,380,7,10,56
5240,-105,49,84,380,3,9,55
5240,-105,77,84,380,6,9,56
5240,-105,81,84,380,5,8,55
5240,-105,58,84,380,5,8,55
5240,-105,53,84,379,5,7,55
5240,-105,54,86,377,6,7,57
5240,-105,46,87,376,4,9,57
5240,-105,34,86,378,8,8,56
5240,-105,35,87,376,5,10,58
5240,-105,39,88,376,5,10,59
5240,-105,49,88,375,4,10,60
5240,-105,55,88,375,5,10,58
5240,-105,59,87,377,5,8,58
5240,-105,35,88,375,4,10,59
5240,-105,38,87,376,4,8,57
5240,-105,42,88,375,4,10,59
5240,-105,42,88,375,4,8,59
5240,-105,26,86,378,4,10,57
5240,-105,36,87,377,5,11,59
5240,-105,34,86,378,6,8,57
5240,-105,38,88,376,5,10,59
5240,-105,30,87,377,6,8,58
5240,-105,26,86,377,7,8,56
5240,-105,31,87,376,5,7,57
5240,-105,34,87,377,7,8,58
5240,-105,27,86,377,5,8,57
5240,-105,40,88,375,4,10,59
5240,-105,33,86,377,5,10,57
5240,-105,33,89,374,5,9,60
5240,-105,32,88,375,4,10,58
5240,-105,28,85,378,6,8,55
5240,-105,32,87,377,5,8,57
5240,-105,22,85,378,6,8,56
5240,-105,41,87,376,5,9,58
5240,-105,52,88,376,5,8,59
5240,-105,46,86,378,5,10,57
5240,-105,43,88,376,6,9,59
5240,-105,40,87,376,5,6,57
5240,-105,39,89,374,4,9,59
5240,-105,37,88,375,4,9,58
5240,-105,54,89,375,3,8,59
5240,-105,51,87,377,6,9,59
5240,-105,39,86,377,5,9,57
5240,-105,44,87,376,5,9,58
5240,-105,45,89,374,3,8,60
5240,-105,30,86,377,6,9,57
5240,-105,44,89,375,5,8,59
5240,-105,43,88,376,4,10,59
5240,-105,47,87,377,5,9,58
5240,-105,56,88,375,6,9,59
5240,-105,44,87,376,6,8,58
5240,-105,59,80,384,7,62,51
5240,-105,54,86,377,5,9,57
5240,-105,55,87,376,4,9,58
5240,-105,72,87,376,6,8,57
5240,-105,67,87,376,4,9,59
5240,-105,55,87,377,5,11,58
5240,-105,65,87,376,5,11,58
5240,-105,51,87,376,4,9,58
5240,-105,40,85,378,7,11,57
5240,-105,56,88,376,5,9,59
5240,-105,62,87,376,5,11,59
5240,-105,47,88,376,4,8,59
5240,-105,50,88,375,5,7,58
5240,-105,51,88,376,6,9,59
5240,-105,56,86,378,6,10,57
5240,-105,58,84,380,4,10,55
5240,-105,63,84,380,4,9,55
5240,-105,61,84,380,7,7,55
5240,-105,50,84,380,5,9,55
5240,-105,69,84,380,5,10,57
5240,-105,70,84,380,4,10,56
5240,-105,65,84,380,6,12,57
5240,-105,62,86,378,6,7,57
5240,-105,52,87,377,5,9,58
5240,-105,59,86,377,5,9,57
5240,-105,50,86,377,5,8,57
5240,-105,68,86,377,7,11,58
5240,-105,61,88,375,4,8,58
5240,-105,73,90,374,5,10,60
5240,-105,37,85,379,6,8,55
5240,-105,49,87,376,5,9,58
5240,-105,72,88,376,6,9,60
5240,-105,51,86,377,5,8,57
5240,-105,88,90,374,4,10,61
5240,-105,63,88,376,4,8,59
5240,-105,51,87,376,5,10,59
5240,-105,82,89,375,4,9,60
5240,-105,44,87,377,5,9,58
5240,-105,72,87,376,5,8,58
5240,-105,45,88,376,4,11,59
5240,-105,64,88,376,4,9,58
5240,-105,45,87,377,5,10,59
5240,-105,51,88,375,4,8,59
5240,-105,69,88,376,5,10,59
5240,-105,36,87,377,5,9,58
5240,-105,60,88,376,4,11,60
5240,-105,79,88,376,4,11,60
5240,-105,30,87,376,5,9,58
5240,-105,63,88,375,5,10,60
5240,-105,42,87,377,4,9,59
5240,-105,46,86,378,5,9,57
5240,-105,59,87,376,5,8,58
5240,-105,56,88,376,5,10,59
5240,-105,69,89,375,4,8,59
5240,-105,79,88,375,4,10,59
5240,-105,55,88,376,4,9,60
5240,-105,40,87,377,4,10,58
5240,-105,53,87,377,6,9,58
5240,-105,45,87,377,6,8,58
5240,-105,47,86,377,6,8,57
5240,-105,67,87,377,7,9,58
5240,-105,37,88,376,4,8,58
5240,-105,37,87,377,5,9,58
5240,-105,38,88,376,4,9,59
5240,-105,44,87,377,5,11,59
5240,-105,51,87,377,6,10,58
5240,-105,34,87,376,5,10,58
5240,-105,43,87,377,4,11,59
5240,-105,32,86,377,5,8,56
5240,-105,30,88,375,4,8,58
5240,-105,47,88,375,5,9,59
5240,-105,95,89,374,3,10,60
5240,-105,38,88,376,4,7,58
5240,-105,44,87,377,5,9,57
5240,-105,27,86,378,5,10,57
5240,-105,34,87,376,4,9,58
5240,-105,44,90,374,3,8,60
5240,-105,53,87,377,5,10,59
5240,-105,33,87,376,5,8,57
5240,-105,44,87,376,5,9,58
5240,-105,48,89,375,5,9,60
5240,-105,48,88,376,5,9,59
5240,-105,31,88,376,6,11,58
5240,-105,37,86,377,5,8,57
5240,-105,42,88,376,5,9,59
5240,-105,45,87,377,5,10,59
5240,-105,40,87,377,4,9,58
5240,-105,33,87,377,7,9,57
5240,-105,30,87,376,4,8,58
5240,-105,28,87,377,5,8,58
5240,-105,37,86,378,6,9,57
5240,-105,32,87,376,5,10,59
5240,-105,38,88,376,5,9,59
5240,-105,33,87,377,6,10,58
5240,-105,46,86,377,7,9,58
5240,-105,41,87,376,6,9,58
5240,-105,48,87,377,3,9,59
5240,-105,29,87,377,4,8,57
5240,-105,44,87,376,4,8,58
5240,-105,44,88,376,6,9,59
5240,-105,47,88,376,5,10,59
5240,-105,23,84,379,8,8,54
5240,-105,32,87,377,6,9,58
5240,-105,42,87,377,5,8,58
5240,-105,35,87,377,5,12,59
5240,-105,27,86,377,5,9,57
5240,-105,49,88,376,5,9,58
5240,-105,30,86,377,6,9,57
5240,-105,48,88,375,4,8,59
5240,-105,52,89,374,5,10,60
5240,-105,108,86,378,7,63,57
5240,-105,40,88,375,5,9,58
5240,-105,39,88,375,5,10,58
5240,-105,58,89,374,4,8,60
5240,-105,59,87,376,6,0,58
5240,-105,49,86,378,6,10,57
5240,-105,54,87,377,5,10,58
5240,-105,68,86,377,5,9,56
5240,-105,62,87,377,4,10,58
5240,-105,55,87,377,4,9,59
5240,-105,43,86,378,6,10,57
5240,-105,44,88,375,6,9,59
5240,-105,37,88,376,5,11,59
5240,-105,48,86,378,6,9,57
5240,-105,72,90,374,4,8,61
5240,-105,54,90,374,4,10,61
5240,-105,46,87,377,5,10,58
5240,-105,55,87,377,6,11,59
5240,-105,52,89,374,4,8,59
5240,-105,84,90,374,4,9,61
5240,-105,63,88,376,5,10,58
5240,-105,42,88,375,6,9,59
5240,-105,88,88,375,4,8,59
5240,-105,54,87,377,6,10,58
5240,-105,65,87,377,6,10,59
5240,-105,51,86,377,8,9,57
5240,-105,42,88,376,5,8,58
5240,-105,60,88,376,6,9,59
5240,-105,49,88,376,5,9,60
5240,-105,71,89,375,4,9,59
5240,-105,43,85,379,6,9,56
5240,-105,74,90,374,3,10,61
5240,-105,55,88,375,4,10,59
5240,-105,47,89,375,4,9,60
5240,-105,54,87,377,4,8,59
5240,-105,75,88,375,5,10,59
5240,-105,37,88,375,5,9,58
5240,-105,62,87,376,5,9,59
5240,-105,64,87,377,5,7,58
5240,-105,56,86,377,5,10,57
5240,-105,54,87,376,5,9,58
5240,-105,40,87,376,6,10,58
5240,-105,50,86,377,6,11,58
5240,-105,74,83,380,10,61,54
5240,-105,57,87,376,6,9,58
5240,-105,54,86,377,6,8,57
5240,-105,46,86,378,6,11,58
5240,-105,79,89,375,5,8,61
5240,-105,42,86,377,6,10,58
5240,-105,81,88,375,6,8,58
5240,-105,61,87,376,5,10,59
5240,-105,93,89,375,6,9,61
5240,-105,57,87,376,5,8,59
5240,-105,80,89,374,4,7,60
5240,-105,63,88,375,6,11,60
5240,-105,65,87,376,4,9,57
5240,-105,37,87,377,5,9,57
5240,-105,56,89,375,5,8,59
5240,-105,51,87,376,6,10,58
5240,-105,55,89,375,4,9,60
5240,-105,59,87,376,5,9,59
5240,-105,40,87,376,6,9,57
5240,-105,62,86,377,7,10,58
5240,-105,66,89,374,5,9,60
5240,-105,59,87,376,5,9,58
5240,-105,67,87,377,5,9,58
5240,-105,51,89,374,4,8,59
5240,-105,67,89,375,4,9,60
5240,-105,34,87,376,4,8,57
5240,-105,36,88,376,5,9,59
5240,-105,37,86,377,6,8,57
5240,-105,68,88,375,5,8,59
5240,-105,60,80,383,7,61,51
5240,-105,55,81,382,4,10,53
5240,-105,53,81,382,3,10,53
5240,-105,64,81,382,5,7,52
5240,-105,63,81,382,4,9,53
5240,-105,52,81,382,5,9,53
5240,-105,62,81,382,5,10,53
5240,-105,65,81,382,5,9,53
5240,-105,64,81,382,5,9,53
5240,-105,32,86,378,8,8,57
5240,-105,27,86,377,6,9,56
5240,-105,43,89,375,4,10,60
5240,-105,45,87,376,5,8,58
5240,-105,41,90,374,5,8,60
5240,-105,39,87,376,5,11,58
5240,-105,52,88,376,5,9,59
5240,-105,60,87,377,5,9,59
5240,-105,60,87,377,6,11,59
5240,-105,63,87,377,6,10,59
5240,-105,57,87,377,5,7,59
5240,-105,47,86,377,6,10,58
5240,-105,41,87,377,5,11,59
5240,-105,40,86,378,6,8,57
5240,-105,62,87,377,5,10,59
5240,-105,56,87,377,5,9,59
5240,-105,52,85,378,6,9,56
5240,-105,34,87,377,6,8,58
5240,-105,56,87,377,5,8,57
5240,-105,48,87,377,5,8,59
5240,-105,49,87,377,4,9,58
5240,-105,55,87,377,6,11,58
5240,-105,50,86,377,6,10,57
5240,-105,65,87,377,6,9,58
5240,-105,45,87,377,5,10,58
5240,-105,48,87,377,4,10,58
5240,-105,64,87,377,5,10,59
5240,-105,47,87,377,6,10,58
5240,-105,49,87,377,5,9,58
5240,-105,47,87,377,4,9,58
5240,-105,33,87,377,4,9,58
5240,-105,45,87,377,4,8,57
5240,-105,40,87,377,5,10,58
5240,-105,50,86,377,6,9,57
5240,-105,52,87,377,4,9,58
5240,-105,47,85,378,6,10,57
5240,-105,34,87,377,6,10,58
5240,-105,51,86,378,6,8,57
5240,-105,36,87,376,6,9,58
5240,-105,52,88,375,5,8,59
5240,-105,28,87,376,4,7,57
5240,-105,49,87,377,6,8,58
5240,-105,48,86,378,6,9,58
5240,-105,47,90,374,4,9,62
5240,-105,74,90,374,4,10,61
5240,-105,50,88,375,5,10,60
5240,-105,63,90,374,3,8,60
5240,-105,43,88,376,5,10,59
5240,-105,57,87,376,5,9,58
5240,-105,42,88,376,4,10,59
5240,-105,41,88,375,4,9,58
5240,-105,62,90,374,6,10,61
5240,-105,45,86,377,5,8,57
5240,-105,47,88,376,3,8,58
5240,-105,77,87,376,5,10,58
5240,-105,65,88,376,5,9,59
5240,-105,70,89,375,4,9,61
5240,-105,38,87,377,5,8,59
5240,-105,41,89,374,4,10,60
5240,-105,76,87,377,6,11,58
5240,-105,74,87,376,5,9,58
5240,-105,59,88,375,4,10,59
5240,-105,57,88,376,4,10,59
5240,-105,59,88,375,4,9,59
5240,-105,55,88,376,4,9,59
5240,-105,56,87,376,6,9,58
5240,-105,46,87,376,5,10,59
5240,-105,51,87,377,8,9,58
5240,-105,85,88,376,4,11,60
5240,-105,49,87,377,5,11,59
5240,-105,60,87,377,4,10,58
5240,-105,72,87,376,5,9,59
5240,-105,36,86,378,6,5,57
5240,-105,57,87,376,6,8,58
5240,-105,58,88,375,4,10,60
5240,-105,51,87,377,5,8,59
5240,-105,61,88,376,6,10,59
5240,-105,47,86,378,7,9,57
5240,-105,55,87,376,5,9,58
5240,-105,47,89,375,5,11,60
5240,-105,69,87,377,6,7,58
5240,-105,65,88,375,6,10,59
5240,-105,61,87,377,4,11,58
5240,-105,72,87,377,6,10,58
5240,-105,70,89,375,4,10,60
5240,-105,42,86,377,6,10,58
5240,-105,59,88,376,5,11,60
5240,-105,61,88,376,4,8,59
5240,-105,65,87,376,4,7,58
5240,-105,86,89,375,4,9,60
5240,-105,56,88,376,4,12,60
5240,-105,59,87,376,4,8,59
5240,-105,53,87,376,5,11,58
5240,-105,63,87,376,5,8,57
5240,-105,72,88,376,5,10,60
5240,-105,44,86,377,5,8,57
5240,-105,42,86,378,6,8,57
5240,-105,65,87,376,6,10,59
5240,-105,43,88,376,4,9,59
5240,-105,73,87,376,5,11,59
5240,-105,34,86,378,7,7,57
5240,-105,60,88,376,5,10,59
5240,-105,60,87,376,3,9,57
5240,-105,38,86,377,6,9,57
5240,-105,83,90,374,3,9,60
5240,-105,76,89,375,5,9,60
5240,-105,41,86,377,5,7,56
5240,-105,47,88,376,4,9,58
5240,-105,33,87,377,4,7,57
5240,-105,47,87,377,5,9,58
5240,-105,39,87,377,4,9,58
5240,-105,57,87,377,6,9,58
5240,-105,37,86,377,7,10,57
5240,-105,32,87,376,5,8,58
5240,-105,51,88,376,4,8,59
5240,-105,36,87,376,4,8,58
5240,-105,58,89,374,4,10,60
5240,-105,27,85,378,8,9,57
5240,-105,31,85,378,6,8,57
5240,-105,45,88,376,4,8,59
5240,-105,42,86,377,4,9,57
5240,-105,55,88,376,4,11,59
5240,-105,48,86,378,5,10,57
5240,-105,27,86,378,5,8,57
5240,-105,40,86,377,5,8,56
5240,-105,43,88,375,4,8,58
5240,-105,48,89,374,5,10,61
5240,-105,35,87,377,5,8,57
5240,-105,29,86,378,5,8,57
5240,-105,39,88,376,4,7,58
5240,-105,31,87,377,5,9,57
5240,-105,51,86,377,5,9,56
5240,-105,40,88,376,5,10,58
5240,-105,38,87,376,6,10,59
5240,-105,49,87,377,4,8,58
5240,-105,48,87,377,5,10,59
5240,-105,31,86,378,6,8,57
5240,-105,55,87,377,6,9,57
5240,-105,45,85,378,7,9,57
5240,-105,44,87,377,4,8,58
5240,-105,41,86,378,5,9,57
5240,-105,56,87,377,5,11,58
5240,-105,43,87,377,5,10,58
5240,-105,28,85,378,6,8,55
5240,-105,37,87,376,5,9,58
5240,-105,45,88,375,4,9,59
5240,-105,39,87,377,6,8,58
5240,-105,29,86,377,5,10,57
5240,-105,66,90,374,5,10,61
5240,-105,23,86,377,6,8,56
5240,-105,29,87,376,5,7,58
5240,-105,36,87,377,6,9,58
5240,-105,30,86,377,5,9,57
5240,-105,45,87,376,6,9,57
5240,-105,39,88,376,5,10,59
5240,-105,50,90,374,4,9,61
5240,-105,27,86,377,6,11,57
5240,-105,53,89,375,4,10,59
5240,-105,41,88,376,5,9,59
5240,-105,47,87,376,4,11,59
5240,-105,32,87,377,6,9,57
5240,-105,51,86,377,7,9,57
5240,-105,43,85,378,5,9,56
5240,-105,49,87,377,8,7,57
5240,-105,53,88,375,5,7,59
5240,-105,58,80,384,19,15,57
5240,-105,44,89,375,5,10,61
5240,-105,50,86,378,5,9,58
5240,-105,53,87,376,5,10,58
5240,-105,79,89,375,5,8,60
5240,-105,126,87,376,7,13,65
5240,-105,66,83,381,7,61,54
5240,-105,52,88,375,5,8,59
5240,-105,54,87,377,5,10,59
5240,-105,71,88,376,6,9,59
5240,-105,77,89,375,5,9,59
5240,-105,48,87,376,5,8,58
5240,-105,63,88,376,5,9,59
5240,-105,32,85,378,6,7,54
5240,-105,60,88,375,4,8,58
5240,-105,63,88,376,5,11,59
5240,-105,40,85,378,6,5,56
5805,-108,31,90,377,6,10,57
5805,-108,73,90,377,4,9,57
5805,-108,48,90,377,5,9,57
5805,-108,51,90,377,5,9,57
5805,-108,41,90,377,4,9,57
5805,-108,42,90,377,5,9,57
5805,-108,59,90,377,5,11,57
5805,-108,41,90,377,5,10,58
5805,-108,36,89,377,5,7,55
5805,-108,39,90,377,3,9,57
5805,-108,36,90,377,4,8,56
5805,-108,51,90,377,4,13,58
5805,-108,48,90,377,5,11,57
5805,-108,37,90,377,4,9,55
5805,-108,53,90,377,4,9,57
5805,-108,45,90,377,5,9,57
5805,-108,54,89,378,6,9,55
5805,-108,58,90,377,4,9,57
5805,-108,55,90,377,5,10,57
5805,-108,41,90,377,5,11,58
5805,-108,50,90,377,3,9,57
5805,-108,40,90,377,5,8,57
5805,-108,55,90,377,7,9,58
5805,-108,63,90,377,4,9,56
5805,-108,41,90,377,5,9,57
5805,-108,46,90,377,4,9,57
5805,-108,42,89,377,5,11,57
5805,-108,30,90,377,5,9,57
5805,-108,62,90,377,5,10,58
5805,-108,56,90,377,5,9,57
5805,-108,45,90,377,5,9,57
5805,-108,51,90,377,4,10,57
5805,-108,45,90,377,5,12,57
5805,-108,51,90,377,5,10,57
5805,-108,62,90,377,5,10,58
5805,-108,56,90,377,6,9,57
5805,-108,28,90,377,5,10,58
5805,-108,38,90,377,4,10,57
5805,-108,37,90,377,6,9,56
5805,-108,52,90,377,5,9,57
5805,-108,50,90,377,5,9,57
5805,-108,64,90,377,5,11,57
5805,-108,37,90,377,4,11,57
5805,-108,48,90,377,5,8,56
5805,-108,36,90,377,4,10,56
5805,-108,31,90,377,5,10,57
5805,-108,55,90,377,5,8,56
5805,-108,39,90,377,5,9,57
5805,-108,56,90,377,5,10,58
5805,-108,43,90,377,4,10,57
5805,-108,45,90,377,5,10,57
5805,-108,35,90,377,4,10,57
5805,-108,50,90,377,5,9,57
5805,-108,55,90,377,5,10,57
5805,-108,65,90,377,5,9,58
5805,-108,58,90,377,5,10,57
5805,-108,35,90,377,5,11,58
5805,-108,45,90,377,5,11,58
5805,-108,45,90,377,4,10,57
5805,-108,60,90,377,6,9,57
5805,-108,55,90,377,5,9,58
5805,-108,40,90,377,4,11,57
5805,-108,41,90,377,6,8,57
5805,-108,58,90,377,4,9,57
5805,-108,46,90,377,4,10,56
5805,-108,64,90,377,4,9,58
5805,-108,58,90,377,5,10,57
5805,-108,63,90,377,4,10,57
5805,-108,45,90,377,4,7,57
5805,-108,48,90,377,4,11,57
5805,-108,34,90,377,5,10,56
5805,-108,47,90,377,5,9,57
5805,-108,43,90,377,5,8,56
5805,-108,50,90,377,5,10,57
5805,-108,43,90,377,5,8,56
5805,-108,34,90,377,5,10,57
5805,-108,65,90,377,5,9,57
5805,-108,42,90,377,6,10,57
5805,-108,45,90,377,5,8,57
5805,-108,60,90,377,6,8,56
5805,-108,46,90,377,4,8,56
5805,-108,41,90,377,4,9,57
5805,-108,51,90,377,4,9,57
5805,-108,46,90,377,4,10,57
5805,-108,43,90,377,5,10,58
5805,-108,63,90,377,5,11,58
5805,-108,47,90,377,5,9,57
5805,-108,37,90,377,4,10,57
5805,-108,38,90,377,5,11,57
5805,-108,56,90,377,6,9,56
5805,-108,49,90,377,5,8,57
5805,-108,62,90,377,5,9,57
5805,-108,41,90,377,6,10,58
5805,-108,30,90,377,4,8,57
5805,-108,59,90,377,5,8,57
5805,-108,57,90,377,4,9,57
5805,-108,40,90,377,4,11,57
5805,-108,33,90,377,4,9,57
5805,-108,37,90,377,4,8,57
5805,-108,56,90,377,5,10,57
5805,-108,39,90,377,6,12,57
5805,-108,51,90,377,5,10,57
5805,-108,41,90,377,4,9,57
5805,-108,47,90,377,3,9,57
5805,-108,49,90,377,5,9,57
5805,-108,65,90,377,5,8,57
5805,-108,49,90,377,5,10,57
5805,-108,71,90,377,5,10,58
5805,-108,47,90,377,3,10,57
5805,-108,50,90,377,6,10,57
5805,-108,57,90,377,4,11,58
5805,-108,41,90,377,4,9,57
5805,-108,44,90,377,5,11,57
5805,-108,60,90,377,6,9,57
5805,-108,57,90,377,4,10,58
5805,-108,62,90,377,5,8,57
5805,-108,35,90,377,4,9,57
5805,-108,55,90,377,3,9,57
5805,-108,53,90,377,4,10,57
5805,-108,34,90,377,3,9,57
5805,-108,58,90,377,3,7,56
5805,-108,72,90,377,5,11,57
5805,-108,53,90,377,6,9,57
5805,-108,54,90,377,5,10,58
5805,-108,55,90,377,5,9,57
5805,-108,40,90,377,4,10,57
5805,-108,43,90,377,4,10,57
5805,-108,49,90,377,5,10,58
5805,-108,46,90,377,5,9,57
5805,-108,30,90,377,4,9,57
5805,-108,51,90,377,4,10,56
5805,-108,50,90,377,5,10,57
5805,-108,57,90,377,5,10,57
5805,-108,51,90,377,5,9,57
5805,-108,35,90,377,4,8,57
5805,-108,59,90,377,5,9,57
5805,-108,41,90,377,5,10,57
5805,-108,48,90,377,5,10,57
5805,-108,27,90,377,5,10,57
5805,-108,55,90,377,3,10,58
5805,-108,58,90,377,5,9,57
5805,-108,35,90,377,5,10,57
5805,-108,60,90,377,5,10,58
5805,-108,40,90,377,5,11,58
5805,-108,27,90,377,6,8,56
5805,-108,51,90,377,4,9,57
5805,-108,46,90,377,3,11,58
5805,-108,48,90,377,5,9,56
5805,-108,58,90,377,4,10,56
5805,-108,55,90,377,4,10,57
5805,-108,42,90,377,5,10,58
5805,-108,44,90,377,4,9,57
5805,-108,45,90,377,5,10,56
5805,-108,51,90,377,5,8,56
5805,-108,49,90,377,6,10,57
5805,-108,58,90,377,4,8,57
5805,-108,34,90,377,5,10,57
5805,-108,50,90,377,5,11,57
5805,-108,48,90,377,5,9,57
5805,-108,43,90,377,3,10,57
5805,-108,52,90,377,6,9,57
5805,-108,51,90,377,4,9,58
5805,-108,57,90,377,6,10,58
5805,-108,44,90,377,6,9,57
5805,-108,42,90,377,3,11,58
5805,-108,58,90,377,4,11,57
5805,-108,54,90,377,6,9,58
5805,-108,55,90,377,4,9,57
5805,-108,47,90,377,3,10,57
5805,-108,34,90,377,4,8,57
5805,-108,47,90,377,5,10,58
5805,-108,41,90,377,4,8,57
5805,-108,42,90,377,5,10,57
5805,-108,69,90,377,5,9,57
5805,-108,52,90,377,4,9,56
5805,-108,62,90,377,4,9,57
5805,-108,45,90,377,4,10,57
5805,-108,45,90,377,6,8,56
5805,-108,37,89,377,6,7,55
5805,-108,34,90,377,5,9,57
5805,-108,36,90,377,4,10,58
5805,-108,62,90,377,4,8,56
5805,-108,51,90,377,4,10,58
5805,-108,41,90,377,3,10,57
5805,-108,64,90,377,4,9,57
5805,-108,47,90,377,6,10,58
5805,-108,55,89,377,6,9,56
5805,-108,28,90,377,3,9,56
5805,-108,52,90,377,4,7,55
5805,-108,62,90,377,3,10,57
5805,-108,63,90,377,5,9,57
5805,-108,52,90,377,5,9,57
5805,-108,45,90,377,4,9,57
5805,-108,44,90,377,4,10,57
5805,-108,50,90,377,4,9,57
5805,-108,56,90,377,5,9,57
5805,-108,62,90,377,5,8,56
5805,-108,41,90,377,6,11,57
5805,-108,27,90,377,4,10,58
5805,-108,40,90,377,4,10,57
5805,-108,45,89,377,6,10,56
5805,-108,69,90,377,3,10,57
5805,-108,57,90,377,4,10,58
5805,-108,36,90,377,5,11,57
5805,-108,46,90,377,6,9,58
5805,-108,43,90,377,4,10,58
5805,-108,53,90,377,4,9,57
5805,-108,53,90,377,4,10,57
5805,-108,68,90,377,4,10,57
5805,-108,47,90,377,7,8,56
5805,-108,52,90,377,4,10,57
5805,-108,48,90,377,5,11,58
5805,-108,65,90,377,5,10,57
5805,-108,46,90,377,5,9,57
5805,-108,49,90,377,4,8,57
5805,-108,35,90,377,4,9,57
5805,-108,65,90,377,5,10,57
5805,-108,51,90,377,4,11,57
5805,-108,59,90,377,3,11,58
5805,-108,52,90,377,6,8,56
5805,-108,50,90,377,5,11,58
5805,-108,72,90,377,4,12,58
5805,-108,43,90,377,4,9,57
5805,-108,46,90,377,5,10,57
5805,-108,47,90,377,5,10,57
5805,-108,37,90,377,4,8,56
5805,-108,51,90,377,4,10,57
5805,-108,37,90,377,5,10,57
5805,-108,58,89,378,5,9,57
5805,-108,59,90,377,5,9,57
5805,-108,55,90,377,5,8,57
5805,-108,46,90,377,4,9,57
5805,-108,61,90,377,5,10,57
5805,-108,70,90,377,5,10,58
5805,-108,58,90,377,6,8,57
5805,-108,41,90,377,4,11,57
5805,-108,44,90,377,5,7,57
5805,-108,50,90,377,5,9,57
5805,-108,45,90,377,4,9,57
5805,-108,47,90,377,6,10,57
5805,-108,50,90,377,4,8,56
5805,-108,40,90,377,5,10,58
5805,-108,69,90,377,5,12,58
5805,-108,51,90,377,4,9,57
5805,-108,50,90,377,3,10,57
5805,-108,50,90,377,5,9,57
5805,-108,42,90,377,5,9,57
5805,-108,50,90,377,4,9,56
5805,-108,52,90,377,4,9,57
5805,-108,50,90,377,5,11,58
5805,-108,59,90,377,3,10,57
5805,-108,60,90,377,5,9,57
5805,-108,45,90,377,5,9,57
5805,-108,62,90,377,6,10,57
5805,-108,61,90,377,4,11,57
5805,-108,45,90,377,5,11,58
5805,-108,35,90,377,5,7,55
5805,-108,45,90,377,5,10,57
5805,-108,41,90,377,6,10,57
5805,-108,48,90,377,4,9,56
5805,-108,42,90,377,5,11,58
5805,-108,38,90,377,4,9,56
5805,-108,42,90,377,5,10,57
5805,-108,62,90,377,5,9,57
5805,-108,48,90,377,5,10,57
5805,-108,51,90,377,4,10,57
5805,-108,48,90,377,3,8,57
5805,-108,32,90,377,4,11,57
5805,-108,42,89,377,6,9,56
5805,-108,33,90,377,6,9,57
5805,-108,56,90,377,5,12,58
5805,-108,44,90,377,3,10,57
5805,-108,51,90,377,6,11,57
5805,-108,35,90,377,4,9,57
5805,-108,34,90,377,4,8,56
5805,-108,35,90,377,4,9,57
5805,-108,40,90,377,6,10,58
5805,-108,57,90,377,4,10,57
5805,-108,56,90,377,5,8,58
5805,-108,50,90,377,5,11,58
5805,-108,30,90,377,5,12,57
5805,-108,54,90,377,2,8,57
5805,-108,59,90,377,4,10,58
5805,-108,67,90,377,4,10,57
5805,-108,53,90,377,6,10,57
5805,-108,53,90,377,5,10,57
5805,-108,68,90,377,5,9,57
5805,-108,35,90,377,5,9,57
5805,-108,55,90,377,5,11,57
5805,-108,36,90,377,3,8,57
5805,-108,70,90,377,5,9,57
5805,-108,45,90,377,5,11,57
5805,-108,39,90,377,5,9,57
5805,-108,35,90,377,5,8,56
5805,-108,38,90,377,4,10,57
5805,-108,47,90,377,4,9,57
5805,-108,37,90,377,5,11,57
5805,-108,34,90,377,4,10,57
5805,-108,39,90,377,5,9,57
5805,-108,48,90,377,4,10,58
5805,-108,56,90,377,5,10,57
5805,-108,30,90,377,5,9,56
5805,-108,50,90,377,5,10,57
5805,-108,57,90,377,4,10,57
5805,-108,59,90,377,5,7,56
5805,-108,62,90,377,4,9,58
5805,-108,29,90,377,4,10,57
5805,-108,41,90,377,4,10,58
5805,-108,37,90,377,4,10,57
5805,-108,49,90,377,4,8,57
5805,-108,36,90,377,4,9,57
5805,-108,58,90,377,6,10,57
5805,-108,53,90,377,5,10,57
5805,-108,53,90,377,3,8,56
5805,-108,54,90,377,5,9,57
5805,-108,35,90,377,5,10,57
5805,-108,28,90,377,4,9,57
5805,-108,43,90,377,4,10,58
5805,-108,55,90,377,5,9,56
5805,-108,52,90,377,4,10,56
5805,-108,60,90,377,5,10,57
5805,-108,43,90,377,5,11,57
5805,-108,53,90,377,5,8,57
5805,-108,56,90,377,6,10,57
5805,-108,50,90,377,5,9,57
5805,-108,46,90,377,5,8,57
5805,-108,41,90,377,6,11,58
5805,-108,53,90,377,4,9,57
5805,-108,51,90,377,5,10,57
5805,-108,29,90,377,5,8,56
5805,-108,56,90,377,5,10,58
5805,-108,53,90,377,5,9,57
5805,-108,45,90,377,7,10,57
5805,-108,46,90,377,5,10,57
5805,-108,52,90,377,5,9,57
5805,-108,49,90,377,4,10,57
5805,-108,41,90,377,5,11,58
5805,-108,57,90,377,5,9,58
5805,-108,56,90,377,4,10,57
5805,-108,46,90,377,4,9,57
5805,-108,51,89,377,5,10,56
5805,-108,42,90,377,5,11,58
5805,-108,60,90,377,5,10,57
5805,-108,47,90,377,6,9,57
5805,-108,38,90,377,5,10,58
5805,-108,47,90,377,4,9,57
5805,-108,44,90,377,4,9,57
5805,-108,27,90,377,6,9,57
5805,-108,52,90,377,5,10,57
5805,-108,40,90,377,5,10,57
5805,-108,62,90,377,5,9,57
5805,-108,45,90,377,5,8,57
5805,-108,40,90,377,3,10,57
5805,-108,55,90,377,5,8,57
5805,-108,53,90,377,5,8,57
5805,-108,51,90,377,6,9,56
5805,-108,29,90,377,4,9,57
5805,-108,47,90,377,5,9,58
5805,-108,49,90,377,5,10,57
5805,-108,43,90,377,5,9,57
5805,-108,40,90,377,5,9,57
5805,-108,53,90,377,5,10,58
5805,-108,53,90,377,5,8,56
5805,-108,49,90,377,4,10,56
5805,-108,39,90,377,5,9,57
5805,-108,35,90,377,4,10,56
5805,-108,46,90,377,3,8,56
5805,-108,46,90,377,5,8,57
5805,-108,73,90,377,5,11,58
5805,-108,57,90,377,5,10,58
5805,-108,40,90,377,5,8,57
5805,-108,40,90,377,5,11,58
5805,-108,56,90,377,4,10,58
5805,-108,55,90,377,4,9,57
5805,-108,44,90,377,5,7,56
5805,-108,53,90,377,5,11,57
5805,-108,48,89,377,5,9,57
5805,-108,44,90,377,5,8,56
5805,-108,37,90,377,5,9,57
5805,-108,42,90,377,5,9,57
5805,-108,42,90,377,5,8,56
5805,-108,45,90,377,5,11,57
5805,-108,40,90,377,4,10,56
5805,-108,62,90,377,4,10,57
5805,-108,58,90,377,4,9,57
5805,-108,36,90,377,5,8,57
5805,-108,43,89,377,6,10,56
5805,-108,43,90,377,5,9,56
5805,-108,50,90,377,6,7,56
5805,-108,54,89,378,7,10,56
5805,-108,41,90,377,5,11,58
5805,-108,69,90,377,4,10,57
5805,-108,36,90,377,6,9,56
5805,-108,39,90,377,4,8,56
5805,-108,54,90,377,5,8,57
5805,-108,35,90,377,4,8,56
5805,-108,34,90,377,5,10,58
5805,-108,35,90,377,5,8,57
5805,-108,42,90,377,4,10,57
5805,-108,59,90,377,6,9,57
5805,-108,65,90,377,2,9,57
5805,-108,54,90,377,4,10,58
5805,-108,59,90,377,4,10,57
5805,-108,45,90,377,5,9,57
5805,-108,60,90,377,3,11,57
5805,-108,40,90,377,4,8,56
5805,-108,55,90,377,5,9,57
5805,-108,42,90,377,6,9,56
5805,-108,41,90,377,5,9,58
5805,-108,28,90,377,4,10,57
5805,-108,48,90,377,4,9,57
5805,-108,43,90,377,6,12,58
5805,-108,63,90,377,5,8,57
5805,-108,44,90,377,5,9,58
5805,-108,45,90,377,4,9,57
5805,-108,33,90,377,5,9,57
5805,-108,45,90,377,5,10,56
5805,-108,56,90,377,2,10,58
5805,-108,35,90,377,5,8,57
5805,-108,39,90,377,5,7,56
5805,-108,43,90,377,4,9,57
5805,-108,29,89,377,6,8,56
5805,-108,59,90,377,5,10,57
5805,-108,41,90,377,4,9,57
5805,-108,54,90,377,7,9,57
5805,-108,43,90,377,4,9,57
5805,-108,53,90,377,4,8,57
5805,-108,60,90,377,5,10,57
5805,-108,65,90,377,3,8,57
5805,-108,39,90,377,5,10,57
5805,-108,47,90,377,5,10,57
5805,-108,54,90,377,6,9,57
5805,-108,32,90,377,4,10,57
5805,-108,56,90,377,5,9,57
5805,-108,44,90,377,4,11,57
5805,-108,52,90,377,6,9,57
5805,-108,50,90,377,5,9,57
5805,-108,45,90,377,5,9,57
5805,-108,54,90,377,5,10,57
5805,-108,38,90,377,5,9,56
5805,-108,56,90,377,6,8,56
5805,-108,62,90,377,5,9,57
5805,-108,53,90,377,4,12,57
5805,-108,37,90,377,5,9,57
5805,-108,57,90,377,4,9,58
5805,-108,56,90,377,5,8,58
5805,-108,64,90,377,4,10,58
5805,-108,49,90,377,5,8,58
5805,-108,50,90,377,4,10,58
5805,-108,43,90,377,7,10,58
5805,-108,49,90,377,4,9,57
5805,-108,53,90,377,4,10,57
5805,-108,60,90,377,5,9,57
5805,-108,45,90,377,4,9,57
5805,-108,46,90,377,4,11,58
5805,-108,50,90,377,3,9,56
5805,-108,40,90,377,4,10,56
5805,-108,33,90,377,6,10,57
5805,-108,49,90,377,5,9,57
5805,-108,42,90,377,4,10,58
5805,-108,41,90,377,4,9,57
5805,-108,57,90,377,4,9,57
5805,-108,42,90,377,3,10,58
5805,-108,52,90,377,5,10,57
5805,-108,42,90,377,4,9,57
5805,-108,61,90,377,4,9,57
5805,-108,66,90,377,4,10,57
5805,-108,42,90,377,5,9,56
5805,-108,55,90,377,5,9,57
5805,-108,67,90,377,4,9,58
5805,-108,68,90,377,4,9,57
5805,-108,32,90,377,4,9,57
5805,-108,40,90,377,5,9,57
5805,-108,41,90,377,5,9,57
5805,-108,41,90,377,6,11,57
5805,-108,45,90,377,5,11,57
5805,-108,49,90,377,5,11,57
5805,-108,47,90,377,5,8,57
5805,-108,47,90,377,3,10,57
5805,-108,64,90,377,4,9,57
5805,-108,49,90,377,4,9,57
5805,-108,58,90,377,5,10,57
5805,-108,38,90,377,5,10,57
5805,-108,48,90,377,3,10,57
5805,-108,54,90,377,4,9,57
5805,-108,57,90,377,5,9,57
5805,-108,35,90,377,4,9,57
5805,-108,45,90,377,4,10,58
5805,-108,49,90,377,6,8,56
5805,-108,42,90,377,5,9,57
5805,-108,43,90,377,3,8,56
5805,-108,52,90,377,5,8,57
5805,-108,37,90,377,4,9,56
5805,-108,37,90,377,6,10,57
5805,-108,42,90,377,4,9,56
5805,-108,26,89,377,5,9,56
5805,-108,39,90,377,4,8,55
5805,-108,62,90,377,4,10,58
5805,-108,47,90,377,5,10,57
5805,-108,65,90,377,4,9,57
5805,-108,45,90,377,6,10,57
5805,-108,50,90,377,5,10,57
5805,-108,59,90,377,5,10,58
5805,-108,52,90,377,4,9,56
5805,-108,55,90,377,4,9,57
5805,-108,43,90,377,5,11,57
5805,-108,50,90,377,5,8,57
5805,-108,50,90,377,5,11,57
5805,-108,61,90,377,4,9,57
5805,-108,37,90,377,5,9,56
5805,-108,44,90,377,4,9,57
5805,-108,42,90,377,5,9,57
5805,-108,51,90,377,4,12,57
5805,-108,49,90,377,4,10,58
5805,-108,33,90,377,2,12,57
5805,-108,72,90,377,4,10,58
5805,-108,55,90,377,4,10,57
5805,-108,50,90,377,4,8,57
5805,-108,44,90,377,5,10,57
5805,-108,68,90,377,5,10,57
5805,-108,57,90,377,6,10,57
5805,-108,39,90,377,6,8,57
5805,-108,48,90,377,5,9,57
5805,-108,33,90,377,5,8,57
5805,-108,64,90,377,5,8,57
5805,-108,44,90,377,4,9,57
5805,-108,48,90,377,4,9,57
5805,-108,46,90,377,5,10,57
5805,-108,43,90,377,4,10,57
5805,-108,62,90,377,5,9,57
5805,-108,56,90,377,5,8,56
5805,-108,64,90,377,3,8,57
5805,-108,58,90,377,6,9,57
5805,-108,53,90,377,4,10,57
5805,-108,39,90,377,3,10,56
5805,-108,47,90,377,5,10,57
5805,-108,39,90,377,5,9,57
5805,-108,52,90,377,5,11,58
5805,-108,52,89,377,5,8,56
5805,-108,41,90,377,5,8,57
5805,-108,56,90,377,5,9,57
5805,-108,41,90,377,6,10,57
5805,-108,41,90,377,5,10,57
5805,-108,44,90,377,4,11,58
5805,-108,58,90,377,4,9,57
5805,-108,43,90,377,5,9,57
5805,-108,41,90,377,5,8,56
5805,-108,35,90,377,4,9,57
5805,-108,36,90,377,4,8,57
5805,-108,50,90,377,5,11,58
5805,-108,46,90,377,5,11,57
5805,-108,57,90,377,5,9,57
5805,-108,50,90,377,4,9,57
5805,-108,56,90,377,4,9,57
5805,-108,51,89,377,4,8,56
5805,-108,46,90,377,5,10,57
5805,-108,47,90,377,5,9,56
5805,-108,55,90,377,4,9,56
5805,-108,40,90,377,4,10,57
5805,-108,56,90,377,5,11,58
5805,-108,39,90,377,4,8,56
5805,-108,33,90,377,6,11,57
5805,-108,43,90,377,5,10,57
5805,-108,42,90,377,4,11,57
5805,-108,50,90,377,5,10,58
5805,-108,57,90,377,5,9,57
5805,-108,28,90,377,5,10,57
5805,-108,37,90,377,4,9,56
5805,-108,58,90,377,6,12,58
5805,-108,49,90,377,4,10,57
5805,-108,28,90,377,3,9,56
5805,-108,36,90,377,5,9,57
5805,-108,58,90,377,5,9,57
5805,-108,41,90,377,4,10,57
5805,-108,44,90,377,4,9,58
5805,-108,45,90,377,6,9,57
5805,-108,59,90,377,4,11,57
5805,-108,69,90,377,4,8,56
5805,-108,46,90,377,3,11,58
5805,-108,37,90,377,3,9,57
5805,-108,41,90,377,4,12,58
5805,-108,59,90,377,4,9,56
5805,-108,72,90,377,5,10,57
5805,-108,47,90,377,4,9,56
5805,-108,30,90,377,4,9,57
5805,-108,42,90,377,5,9,57
5805,-108,49,90,377,4,10,57
5805,-108,48,90,377,4,9,57
5805,-108,44,90,377,5,10,57
5805,-108,30,90,377,5,9,57
5805,-108,51,90,377,5,10,57
5805,-108,55,90,377,5,10,57
5805,-108,49,90,377,5,10,57
5805,-108,45,90,377,5,11,57
5805,-108,43,90,377,5,10,57
5805,-108,49,90,377,4,9,57
5805,-108,51,90,377,5,9,56
5805,-108,44,90,377,3,9,57
5805,-108,33,90,377,5,9,57
5805,-108,43,90,377,5,9,57
5805,-108,32,90,377,5,11,58
5805,-108,37,90,377,4,9,56
5805,-108,48,90,377,4,10,58
5805,-108,35,90,377,5,9,57
5805,-108,45,90,377,5,10,58
5805,-108,47,90,377,6,7,56
5805,-108,38,90,377,4,10,58
5805,-108,60,90,377,5,10,57
5805,-108,49,90,377,6,10,57
5805,-108,52,90,377,4,12,57
5805,-108,29,89,377,6,11,55
5805,-108,35,90,377,5,9,57
5805,-108,48,90,377,5,9,58
5805,-108,44,90,377,4,10,57
5805,-108,49,90,377,5,10,57
5805,-108,51,90,377,5,11,57
5805,-108,61,90,377,6,8,57
5805,-108,51,90,377,5,11,57
5805,-108,57,90,377,6,10,57
5805,-108,43,90,377,4,9,57
5805,-108,57,90,377,5,10,58
5805,-108,39,90,377,6,9,57
5805,-108,60,90,377,5,8,57
5805,-108,51,90,377,4,10,57
5805,-108,57,90,377,4,9,57
5805,-108,63,90,377,5,8,57
5805,-108,60,90,377,3,10,57
5805,-108,52,90,377,4,9,57
5805,-108,55,90,377,5,8,56
5805,-108,63,90,377,5,10,57
5805,-108,59,90,377,5,11,58
5805,-108,65,90,377,4,9,57
5805,-108,64,90,377,3,10,57
5805,-108,47,90,377,4,7,55
5805,-108,49,90,377,5,8,57
5805,-108,40,90,377,4,7,56
5805,-108,58,90,377,4,11,58
5805,-108,46,90,377,5,10,57
5805,-108,56,90,377,4,9,57
5805,-108,64,90,377,5,10,57
5805,-108,46,90,377,4,9,57
5805,-108,44,90,377,4,9,57
5805,-108,65,90,377,5,10,58
5805,-108,55,90,377,4,10,57
5805,-108,36,90,377,5,7,55
5805,-108,69,90,377,4,8,58
5805,-108,63,90,377,3,9,57
5805,-108,30,90,377,4,9,56
5805,-108,57,90,377,5,11,57
5805,-108,52,90,377,4,9,57
5805,-108,48,90,377,3,10,58
5805,-108,47,90,377,4,9,56
5805,-108,43,90,377,5,9,58
5805,-108,54,90,377,4,9,56
5805,-108,52,90,377,5,10,57
5805,-108,40,90,377,5,9,56
5805,-108,51,90,377,5,8,56
5805,-108,44,90,377,3,11,58
5805,-108,66,90,377,4,10,58
5805,-108,68,90,377,4,9,57
5805,-108,44,90,377,4,9,57
5805,-108,46,90,377,4,9,57
5805,-108,38,90,377,4,7,56
5805,-108,44,90,377,6,9,57
5805,-108,48,90,377,5,9,57
5805,-108,40,90,377,4,9,58
5805,-108,40,90,377,5,11,57
5805,-108,62,90,377,4,10,58
5805,-108,45,90,377,5,9,57
5805,-108,32,90,377,4,9,57
5805,-108,37,90,377,5,10,57
5805,-108,49,90,377,4,11,58
5805,-108,49,90,377,4,10,57
5805,-108,59,90,377,4,9,57
5805,-108,36,90,377,4,10,57
5805,-108,57,90,377,6,9,57
5805,-108,52,90,377,4,10,58
5805,-108,65,90,377,4,10,57
5805,-108,39,90,377,4,9,57
5805,-108,52,90,377,4,9,57
5805,-108,46,90,377,3,11,57
5805,-108,50,90,377,4,9,56
5805,-108,60,90,377,6,10,58
5805,-108,37,90,377,5,9,57
5805,-108,54,90,377,5,10,58
5805,-108,51,90,377,4,8,57
5805,-108,52,90,377,5,10,57
5805,-108,50,90,377,6,11,58
5805,-108,43,90,377,6,11,57
5805,-108,42,89,378,5,9,56
5805,-108,53,90,377,6,10,58
5805,-108,50,90,377,3,10,57
5805,-108,64,90,377,3,9,57
5805,-108,44,90,377,5,10,58
5805,-108,49,90,377,5,10,57
5805,-108,37,90,377,5,9,57
5805,-108,56,90,377,5,8,57
5805,-108,40,90,377,4,10,57
5805,-108,41,90,377,5,10,57
5805,-108,40,90,377,6,9,57
5805,-108,61,90,377,5,9,58
5805,-108,58,90,377,5,9,57
5805,-108,46,90,377,5,8,57
5805,-108,48,90,377,4,9,57
5805,-108,69,90,377,4,9,57
5805,-108,57,90,377,4,10,58
5805,-108,58,90,377,5,8,57
5805,-108,46,90,377,4,10,57
5805,-108,55,90,377,6,11,59
5805,-108,50,90,377,3,10,57
5805,-108,52,90,377,4,9,57
5805,-108,55,90,377,5,8,56
5805,-108,56,90,377,4,9,57
5805,-108,49,90,377,5,9,56
5805,-108,50,90,377,4,9,58
5805,-108,56,90,377,6,10,57
5805,-108,51,90,377,4,10,57
5805,-108,48,90,377,5,10,58
5805,-108,34,90,377,5,10,57
5805,-108,54,90,377,5,9,57
5805,-108,42,90,377,2,9,57
5805,-108,50,90,377,4,10,57
5805,-108,53,90,377,4,8,56
5805,-108,68,90,377,5,9,57
5805,-108,54,90,377,2,10,57
5805,-108,58,90,377,5,8,56
5805,-108,44,89,377,6,9,55
5805,-108,29,90,377,5,10,57
5805,-108,59,90,377,4,11,57
5805,-108,45,90,377,4,10,58
5805,-108,55,90,377,5,10,57
5805,-108,43,90,377,5,11,58
5805,-108,44,90,377,4,9,58
5805,-108,40,90,377,6,8,57
5805,-108,47,90,377,4,12,58
5805,-108,44,90,377,6,10,57
5805,-108,48,90,377,4,9,57
5805,-108,42,90,377,4,9,57
5805,-108,52,90,377,4,10,58
5805,-108,52,90,377,5,9,57
5805,-108,36,90,377,5,11,57
5805,-108,48,90,377,4,10,57
5805,-108,48,90,377,5,9,57
5805,-108,55,90,377,6,10,57
5805,-108,48,90,377,3,9,57
5805,-108,38,90,377,4,9,57
5805,-108,35,89,377,6,9,55
5805,-108,55,90,377,4,9,58
5805,-108,47,90,377,5,8,57
5805,-108,49,90,377,5,10,57
5805,-108,43,90,377,4,8,57
5805,-108,40,90,377,5,9,57
5805,-108,40,90,377,4,11,57
5805,-108,47,90,377,5,8,56
5805,-108,57,90,377,4,11,57
5805,-108,38,90,377,5,9,57
5805,-108,43,90,377,4,8,57
5805,-108,36,90,377,4,10,57
5805,-108,58,90,377,5,10,58
5805,-108,44,90,377,5,8,57
5805,-108,39,89,377,6,9,57
5805,-108,49,90,377,6,11,57
5805,-108,39,90,377,4,12,58
5805,-108,52,90,377,4,11,57
5805,-108,35,90,377,3,7,56
5805,-108,46,90,377,5,9,57
5805,-108,40,90,377,4,10,57
5805,-108,36,90,377,6,10,57
5805,-108,38,90,377,5,10,57
5805,-108,43,90,377,6,10,57
5805,-108,59,90,377,6,10,57
5805,-108,36,90,377,4,8,56
5805,-108,37,90,377,5,10,57
5805,-108,51,90,377,4,8,57
5805,-108,58,90,377,5,11,57
5805,-108,50,90,377,5,8,56
5805,-108,39,90,377,3,11,56
5805,-108,58,90,377,5,10,57
5805,-108,56,90,377,7,10,57
5805,-108,39,89,377,6,7,55
5805,-108,40,90,377,4,10,57
5805,-108,41,90,377,4,9,56
5805,-108,62,90,377,5,10,58
5805,-108,52,90,377,5,8,57
5805,-108,46,90,377,5,8,56
5805,-108,45,90,377,3,9,56
5805,-108,52,90,377,4,11,57
5805,-108,47,90,377,4,11,57
5805,-108,55,90,377,5,8,56
5805,-108,45,90,377,4,9,57
5805,-108,42,90,377,5,9,56
5805,-108,39,90,377,3,9,57
5805,-108,44,90,377,6,8,57
5805,-108,70,90,377,5,7,56
5805,-108,36,90,377,4,9,57
5805,-108,61,90,377,4,9,57
5805,-108,48,90,377,6,9,57
5805,-108,44,90,377,4,11,57
5805,-108,54,90,377,6,9,57
5805,-108,33,90,377,3,9,57
5805,-108,46,90,377,5,10,57
5805,-108,43,90,377,5,11,57
5805,-108,39,90,377,4,10,57
5805,-108,38,90,377,5,8,56
5805,-108,48,90,377,4,10,58
5805,-108,46,90,377,5,8,56
5805,-108,53,90,377,6,11,58
5805,-108,36,90,377,3,9,56
5805,-108,32,90,377,5,9,56
5805,-108,52,90,377,4,8,56
5805,-108,42,90,377,4,10,57
5805,-108,61,90,377,5,9,57
5805,-108,56,90,377,6,11,58
5805,-108,58,90,377,5,10,57
5805,-108,57,90,377,4,8,57
5805,-108,50,90,377,5,10,57
5805,-108,44,90,377,5,9,57
5805,-108,31,90,377,5,9,56
5805,-108,43,90,377,4,11,57
5805,-108,48,90,377,4,9,57
5805,-108,32,90,377,5,8,57
5805,-108,52,90,377,4,8,56
5805,-108,58,90,377,4,9,57
5805,-108,68,90,377,4,10,57
5805,-108,42,90,377,6,9,57
5805,-108,62,90,377,5,10,57
5805,-108,37,90,377,4,9,57
5805,-108,61,90,377,4,10,57
5805,-108,59,90,377,4,10,58
5805,-108,57,90,377,5,10,57
5805,-108,44,90,377,6,10,58
5805,-108,56,90,377,4,10,57
5805,-108,48,90,377,5,9,57
5805,-108,29,90,377,5,9,56
5805,-108,51,90,377,5,10,57
5805,-108,56,90,377,4,9,57
5805,-108,57,90,377,4,10,57
5805,-108,43,90,377,4,9,56
5805,-108,55,90,377,6,10,58
5805,-108,52,90,377,5,9,57
5805,-108,43,90,377,4,8,56
5805,-108,46,90,377,5,9,57
5805,-108,51,90,377,4,9,57
5805,-108,51,90,377,5,8,56
5805,-108,50,90,377,5,9,56
5805,-108,49,90,377,4,8,57
5805,-108,61,90,377,4,8,58
5805,-108,47,90,377,5,9,57
5805,-108,61,90,377,4,9,57
5805,-108,45,90,377,4,9,57
5805,-108,51,90,377,5,9,56
5805,-108,37,90,377,5,8,55
5805,-108,63,90,377,4,9,57
5805,-108,40,90,377,3,9,57
5805,-108,36,90,377,5,11,57
5805,-108,39,90,377,5,9,57
5805,-108,52,90,377,4,9,58
5805,-108,30,90,377,5,9,56
5805,-108,80,90,377,6,10,57
5805,-108,63,90,377,6,10,57
5805,-108,51,90,377,5,10,57
5805,-108,47,90,377,4,10,57
5805,-108,58,89,378,6,9,57
5805,-108,62,90,377,5,9,57
5805,-108,45,90,377,3,9,57
5805,-108,58,90,377,4,10,57
5805,-108,51,90,377,5,10,57
5805,-108,47,90,377,5,10,57
5805,-108,48,90,377,5,10,57
5805,-108,45,90,377,5,9,57
5805,-108,46,90,377,4,8,55
5805,-108,63,90,377,4,10,57
5805,-108,47,90,377,5,10,57
5805,-108,40,90,377,4,9,57
5805,-108,63,90,377,4,10,57
5805,-108,41,90,377,4,9,58
5805,-108,46,90,377,7,10,57
5805,-108,42,90,377,5,9,57
5805,-108,50,90,377,5,10,58
5805,-108,32,89,377,6,9,55
5805,-108,64,90,377,4,9,57
5805,-108,57,90,377,5,10,57
5805,-108,36,90,377,6,9,57
5805,-108,47,90,377,4,10,57
5805,-108,45,90,377,4,10,57
5805,-108,36,90,377,5,11,58
5805,-108,47,90,377,4,10,58
5805,-108,56,90,377,4,10,57
5805,-108,42,90,377,4,9,57
5805,-108,61,90,377,4,9,57
5805,-108,45,90,377,5,9,57
5805,-108,43,90,377,4,9,57
5805,-108,50,90,377,3,11,57
5805,-108,48,90,377,5,7,56
5805,-108,43,90,377,4,10,57
5805,-108,46,90,377,4,10,57
5805,-108,53,90,377,6,10,57
5805,-108,42,90,377,5,10,57
5805,-108,54,90,377,5,9,58
5805,-108,31,90,377,3,11,57
5805,-108,53,90,377,5,9,57
5805,-108,65,90,377,4,9,58
5805,-108,53,90,377,4,12,58
5805,-108,51,90,377,3,11,58
5805,-108,38,90,377,6,7,57
5805,-108,44,90,377,4,9,57
5805,-108,32,90,377,4,10,56
5805,-108,37,90,377,4,10,57
5805,-108,50,90,377,3,10,57
5805,-108,63,90,377,4,10,57
5805,-108,43,90,377,5,9,57
5805,-108,44,90,377,4,9,57
5805,-108,61,90,377,4,7,56
5805,-108,71,90,377,4,8,59
5805,-108,49,90,377,5,9,57
5805,-108,66,90,377,5,10,57
5805,-108,45,90,377,6,10,57
5805,-108,48,90,377,4,9,57
5805,-108,47,90,377,5,10,57
5805,-108,52,90,377,5,11,57
5805,-108,56,90,377,5,9,57
5805,-108,54,90,377,5,10,57
5805,-108,51,90,377,4,10,58
5805,-108,67,90,377,4,8,57
5805,-108,49,90,377,5,9,57
5805,-108,41,90,377,3,10,57
5805,-108,57,90,377,5,10,57
5805,-108,42,90,377,4,8,56
5805,-108,53,90,377,6,9,58
5805,-108,37,90,377,5,10,56
5805,-108,43,90,377,5,11,58
5805,-108,44,89,377,5,11,56
5805,-108,57,90,377,4,8,57
5805,-108,50,90,377,5,7,56
5805,-108,35,90,377,5,9,57
5805,-108,39,90,377,5,11,57
5805,-108,54,90,377,5,9,58
5805,-108,41,90,377,5,10,58
5805,-108,42,90,377,5,10,57
5805,-108,73,90,377,6,9,57
5805,-108,51,90,377,4,11,58
5805,-108,43,90,377,5,9,57
5805,-108,73,90,377,5,11,57
5805,-108,47,90,377,5,11,58
5805,-108,42,90,377,5,10,57
5805,-108,40,90,377,4,8,57
5805,-108,59,90,377,5,11,58
5805,-108,38,90,377,4,10,57
5805,-108,56,90,377,3,9,57
5805,-108,54,90,377,5,8,57
5805,-108,40,90,377,6,10,58
5805,-108,65,90,377,5,8,57
5805,-108,53,90,377,4,7,56
5805,-108,71,90,377,5,10,58
5805,-108,46,90,377,6,9,57
5805,-108,46,90,377,4,11,57
5805,-108,51,90,377,5,8,57
5805,-108,61,90,377,6,10,58
5805,-108,60,90,377,5,11,57
5805,-108,50,90,377,6,10,57
5805,-108,61,90,377,4,9,57
5805,-108,55,90,377,5,11,57
5805,-108,40,90,377,5,10,57
5805,-108,47,90,377,5,7,56
5805,-108,49,90,377,3,9,57
5805,-108,39,90,377,4,9,57
5805,-108,47,90,377,4,9,57
5805,-108,42,90,377,4,9,56
5805,-108,53,90,377,6,9,56
5805,-108,37,90,377,4,11,57
5805,-108,44,90,377,5,8,56
5805,-108,46,90,377,4,10,58
5805,-108,43,90,377,5,8,56
5805,-108,53,90,377,5,9,57
5805,-108,38,90,377,3,9,57
5805,-108,51,90,377,4,10,58
5805,-108,62,90,377,5,11,57
5805,-108,63,90,377,4,10,57
5805,-108,43,90,377,3,10,58
5805,-108,42,90,377,5,9,56
5805,-108,44,90,377,5,10,57
5805,-108,43,90,377,4,8,56
5805,-108,54,90,377,5,13,58
5805,-108,47,90,377,5,10,57
5805,-108,51,90,377,5,9,57
5805,-108,59,90,377,5,8,56
5805,-108,61,90,377,5,10,58
5805,-108,37,90,377,5,10,57
5805,-108,57,90,377,4,8,57
5805,-108,58,90,377,2,9,56
5805,-108,36,90,377,4,10,57
5805,-108,52,90,377,4,9,58
5805,-108,38,90,377,5,9,56
5805,-108,57,90,377,3,10,57
5805,-108,37,90,377,4,10,57
5805,-108,50,90,377,5,8,56
5805,-108,38,90,377,4,9,56
5805,-108,53,90,377,4,10,57
5805,-108,42,90,377,5,9,57
5805,-108,38,90,377,5,8,56
5805,-108,33,90,377,5,10,57
5805,-108,57,90,377,6,10,57
5805,-108,66,90,377,5,10,58
5805,-108,58,90,377,6,9,57
5805,-108,34,90,377,4,9,57
5805,-108,44,90,377,3,9,57
5805,-108,52,90,377,4,12,58
5805,-108,70,90,377,4,12,59
5805,-108,62,90,377,5,8,56
5805,-108,55,90,377,4,9,56
5805,-108,55,90,377,5,10,57
5805,-108,37,90,377,6,10,57
5805,-108,32,90,377,5,9,57
5805,-108,52,90,377,4,10,57
5805,-108,56,90,377,5,9,57
5805,-108,61,90,377,4,10,57
5805,-108,57,90,377,4,11,58
5805,-108,46,90,377,4,9,58
5805,-108,34,90,377,5,8,56
5805,-108,49,90,377,5,10,57
5805,-108,65,90,377,5,10,58
5805,-108,40,90,377,5,11,57
5805,-108,26,90,377,5,9,57
5805,-108,62,90,377,4,10,57
5805,-108,41,90,377,5,11,57
5805,-108,55,90,377,3,11,58
5805,-108,34,90,377,4,8,56
5805,-108,58,90,377,4,10,57
5805,-108,39,90,377,6,11,57
5805,-108,47,90,377,4,8,57
5805,-108,45,90,377,4,9,56
5805,-108,50,90,377,5,10,57
5805,-108,47,90,377,5,10,57
5805,-108,48,90,377,4,8,56
5805,-108,57,90,377,5,8,56
5805,-108,52,90,377,5,11,57
5805,-108,33,90,377,5,10,57
5805,-108,47,90,377,4,10,57
5805,-108,46,90,377,4,10,57
5805,-108,58,90,377,4,9,57
5805,-108,47,90,377,3,10,57
5805,-108,63,90,377,5,10,57
5805,-108,51,90,377,5,11,57
5805,-108,53,90,377,4,10,57
5805,-108,52,90,377,4,11,57
5805,-108,67,90,377,4,9,57
5805,-108,49,90,377,5,9,56
5805,-108,46,90,377,3,10,58
5805,-108,48,90,377,4,9,57
5805,-108,64,90,377,5,7,57
5805,-108,30,90,377,5,11,57
5805,-108,47,90,377,6,11,57
5805,-108,53,90,377,5,10,58
5805,-108,56,90,377,5,8,56
5805,-108,49,89,377,6,9,56
5805,-108,44,90,377,6,10,58
5805,-108,46,90,377,4,10,57
5805,-108,43,90,377,5,9,57
5805,-108,62,90,377,4,9,57
5805,-108,51,90,377,4,10,57
5805,-108,51,90,377,6,9,57
5805,-108,48,90,377,4,10,57
5805,-108,52,90,377,5,9,57
5805,-108,44,90,377,5,9,56
5805,-108,35,90,377,4,10,56
5805,-108,50,90,377,3,9,57
5805,-108,50,90,377,4,8,56
5805,-108,60,90,377,5,8,56
5805,-108,51,90,377,4,10,56
5805,-108,41,90,377,5,9,57
5805,-108,43,90,377,5,10,57
5805,-108,63,90,377,5,11,57
5805,-108,59,90,377,4,10,57
5805,-108,57,90,377,5,10,57
5805,-108,49,90,377,4,13,58
5805,-108,31,90,377,6,11,57
5805,-108,57,90,377,4,8,56
5805,-108,37,90,377,4,10,57
5805,-108,57,90,377,4,10,58
5805,-108,43,90,377,4,9,57
5805,-108,53,90,377,5,8,56
5805,-108,47,90,377,4,10,57
5805,-108,58,90,377,5,9,58
5805,-108,53,90,377,4,8,57
5805,-108,64,90,377,5,8,57
5805,-108,50,90,377,5,9,57
5805,-108,44,90,377,4,11,58
5805,-108,39,90,377,6,11,57
5805,-108,34,90,377,4,12,58
5805,-108,43,90,377,4,8,57
5805,-108,52,90,377,5,10,58
5805,-108,61,90,377,6,9,56
5805,-108,40,90,377,4,9,57
5805,-108,52,90,377,4,11,57
5805,-108,71,90,377,7,11,58
5805,-108,44,90,377,6,11,57
5805,-108,52,90,377,3,9,57
5805,-108,71,90,377,5,12,57
5805,-108,36,89,377,6,11,57
5805,-108,50,90,377,3,8,57
5805,-108,38,90,377,5,9,57
5805,-108,60,90,377,3,11,57
5805,-108,39,90,377,5,10,57
5805,-108,35,90,377,4,11,57
5805,-108,55,90,377,4,10,57
5805,-108,45,90,377,5,9,56
5805,-108,50,90,377,5,10,57
5805,-108,47,90,377,5,9,57
5805,-108,42,90,377,5,11,57
5805,-108,75,90,377,6,9,57
5805,-108,43,90,377,6,8,56
5805,-108,41,90,377,4,10,57
5805,-108,45,90,377,5,9,57
5805,-108,38,90,377,5,10,57
5805,-108,61,90,377,5,10,57
5805,-108,32,90,377,4,9,56
5805,-108,40,90,377,4,9,57
5805,-108,44,90,377,4,9,56
5805,-108,34,90,377,4,11,57
5805,-108,53,89,377,4,11,57
5805,-108,59,90,377,6,10,58
5805,-108,45,90,377,5,11,58
5805,-108,47,90,377,5,9,58
5805,-108,51,90,377,5,10,57
5805,-108,61,90,377,4,8,58
5805,-108,53,90,377,5,9,57
5805,-108,62,90,377,4,11,57
5805,-108,58,90,377,4,9,56
5805,-108,40,90,377,4,11,57
5805,-108,59,90,377,5,10,58
5805,-108,44,90,377,3,9,57
5805,-108,38,90,377,4,10,57
5805,-108,30,90,377,5,9,56
5805,-108,43,90,377,4,9,57
5805,-108,53,90,377,5,10,58
5805,-108,51,90,377,5,9,57
5805,-108,76,90,377,2,10,58
5805,-108,34,90,377,5,10,57
5805,-108,51,90,377,5,10,56
5805,-108,58,90,377,5,10,57
5805,-108,54,90,377,5,9,57
5805,-108,38,90,377,5,9,57
5805,-108,51,90,377,5,10,57
5805,-108,39,90,377,4,7,56
5805,-108,55,90,377,5,10,57
5805,-108,44,90,377,6,9,57
5805,-108,38,90,377,6,10,57
5805,-108,44,90,377,3,8,57
5805,-108,50,90,377,4,10,57
5805,-108,37,90,377,4,10,57
5805,-108,43,90,377,5,9,56
5805,-108,44,90,377,3,11,58
5805,-108,46,90,377,4,10,57
5805,-108,56,90,377,6,10,57
5805,-108,44,90,377,5,9,57
5805,-108,56,90,377,4,10,57
5805,-108,42,90,377,4,9,58
5805,-108,40,90,377,5,10,58
5805,-108,64,90,377,4,9,57
5805,-108,52,90,377,4,9,57
5805,-108,38,90,377,4,9,57
5805,-108,50,90,377,5,8,57
5805,-108,45,90,377,4,10,57
5805,-108,43,90,377,3,11,58
5805,-108,46,90,377,4,11,57
5805,-108,46,90,377,4,8,56
5805,-108,64,90,377,4,9,56
5805,-108,49,90,377,4,8,57
5805,-108,44,90,377,4,8,57
5805,-108,46,90,377,5,10,57
5805,-108,57,90,377,5,11,57
5805,-108,34,90,377,5,9,57
5805,-108,48,90,377,5,9,56
5805,-108,49,90,377,5,8,56
5805,-108,60,90,377,6,10,58
5805,-108,72,90,377,5,11,58
5805,-108,33,90,377,5,8,57
5805,-108,50,90,377,4,11,58
5805,-108,41,90,377,5,10,58
5805,-108,57,90,377,4,10,57
5805,-108,47,90,377,3,9,57
5805,-108,48,90,377,5,11,57
5805,-108,45,90,377,4,9,58
5805,-108,56,90,377,4,8,57
5805,-108,49,90,377,5,9,57
5805,-108,61,90,377,5,10,58
5805,-108,56,90,377,5,8,57
5805,-108,31,90,377,4,9,57
5805,-108,43,90,377,3,10,57
5805,-108,38,90,377,4,9,57
5805,-108,48,90,377,5,10,57
5805,-108,49,90,377,3,8,56
5805,-108,53,90,377,4,9,56
5805,-108,32,90,377,5,8,57
5805,-108,44,90,377,5,10,57
5805,-108,43,90,377,4,10,57
5805,-108,35,90,377,6,10,57
5805,-108,48,90,377,6,10,57
5805,-108,64,90,377,4,9,57
5805,-108,41,90,377,3,10,57
5805,-108,59,90,377,5,10,58
5805,-108,45,90,377,5,10,57
5805,-108,52,90,377,5,11,56
5805,-108,41,90,377,4,9,57
5805,-108,37,90,377,5,9,57
5805,-108,37,90,377,4,10,57
5805,-108,52,90,377,5,11,57
5805,-108,35,90,377,4,11,57
5805,-108,32,90,377,3,10,57
5805,-108,52,90,377,5,9,57
5805,-108,44,90,377,4,10,58
5805,-108,66,90,377,5,11,58
5805,-108,63,90,377,5,10,57
5805,-108,62,90,377,3,7,58
5805,-108,49,90,377,5,10,57
5805,-108,43,90,377,6,10,58
5805,-108,44,90,377,3,8,56
5805,-108,63,90,377,5,10,58
5805,-108,41,90,377,5,9,57
5805,-108,41,90,377,3,10,57
5805,-108,58,90,377,4,8,56
5805,-108,45,90,377,3,10,57
5805,-108,57,90,377,5,9,57
5805,-108,65,90,377,5,8,57
5805,-108,28,90,377,5,11,57
5805,-108,43,89,377,6,10,57
5805,-108,54,90,377,4,8,56
5805,-108,55,90,377,5,11,58
5805,-108,55,90,377,5,10,56
5805,-108,45,90,377,6,8,56
5805,-108,41,90,377,3,9,57
5805,-108,43,90,377,5,11,58
5805,-108,54,90,377,5,11,58
5805,-108,47,90,377,5,9,57
5805,-108,61,90,377,5,10,57
5805,-108,54,90,377,5,7,55
5805,-108,73,90,377,4,10,57
5805,-108,57,90,377,5,10,58
5805,-108,49,90,377,5,10,57
5805,-108,51,90,377,5,8,57
5805,-108,45,90,377,4,10,57
5805,-108,44,90,377,4,9,57
5805,-108,48,90,377,5,10,57
5805,-108,45,90,377,5,9,57
5805,-108,73,90,377,4,10,57
5805,-108,40,90,377,5,9,57
5805,-108,55,90,377,4,10,57
5805,-108,45,89,377,5,8,55
5805,-108,57,90,377,3,11,58
5805,-108,57,90,377,4,8,55
5805,-108,36,90,377,4,11,57
5805,-108,56,90,377,5,8,56
5805,-108,58,90,377,5,9,57
5805,-108,49,90,377,5,8,56
5805,-108,53,90,377,5,9,57
5805,-108,39,90,377,5,10,57
5805,-108,41,90,377,5,11,57
5805,-108,54,90,377,5,11,57
5805,-108,37,90,377,3,9,56
5805,-108,54,90,377,4,11,58
5805,-108,35,90,377,5,11,58
5805,-108,52,90,377,5,10,57
5805,-108,55,90,377,4,11,58
5805,-108,37,90,377,5,10,57
5805,-108,39,90,377,4,10,58
5805,-108,43,90,377,5,10,57
5805,-108,54,90,377,4,9,57
5805,-108,58,90,377,6,10,57
5805,-108,50,90,377,4,11,58
5805,-108,54,90,377,6,10,57
5805,-108,44,90,377,4,9,57
5805,-108,38,90,377,5,9,56
5805,-108,51,90,377,5,11,58
5805,-108,44,90,377,5,8,58
5805,-108,32,90,377,4,10,57
5805,-108,50,90,377,6,11,58
5805,-108,29,90,377,5,10,57
5805,-108,52,90,377,4,9,57
5805,-108,43,90,377,5,10,57
5805,-108,46,90,377,4,10,57
5805,-108,38,90,377,6,9,57
5805,-108,52,90,377,5,8,56
5805,-108,53,90,377,4,10,58
5805,-108,49,90,377,4,7,56
5805,-108,39,90,377,5,10,57
5805,-108,46,90,377,5,9,56
5805,-108,60,90,377,5,9,57
5805,-108,56,90,377,4,9,57
5805,-108,36,90,377,4,9,57
5805,-108,53,90,377,5,9,57
5805,-108,47,90,377,5,8,57
5805,-108,45,90,377,5,10,57
5805,-108,48,89,377,5,8,56
5805,-108,39,90,377,3,11,57
5805,-108,39,90,377,5,9,57
5805,-108,49,90,377,5,10,57
5805,-108,31,90,377,5,10,56
5805,-108,62,90,377,5,11,58
5805,-108,76,90,377,5,9,57
5805,-108,47,90,377,3,8,57
5805,-108,44,90,377,5,8,57
5805,-108,31,90,377,4,11,57
5805,-108,45,90,377,4,9,57
5805,-108,56,90,377,5,10,57
5805,-108,62,90,377,4,10,57
5805,-108,44,90,377,4,8,57
5805,-108,41,89,377,5,10,57
5805,-108,40,89,377,4,9,56
5805,-108,49,90,377,5,7,56
5805,-108,54,90,377,5,11,57
5805,-108,54,90,377,5,9,57
5805,-108,60,90,377,4,10,57
5805,-108,45,90,377,4,8,57
5805,-108,52,90,377,4,10,58
5805,-108,34,90,377,5,8,55
5805,-108,54,90,377,5,9,56
5805,-108,65,90,377,5,11,58
5805,-108,51,90,377,5,12,57
5805,-108,36,90,377,4,10,56
5805,-108,24,89,377,5,10,56
5805,-108,53,90,377,5,9,57
5805,-108,52,90,377,6,10,57
5805,-108,45,90,377,5,11,57
5805,-108,37,90,377,4,9,57
5805,-108,66,90,377,5,10,57
5805,-108,48,90,377,3,10,58
5805,-108,67,90,377,5,11,58
5805,-108,62,90,377,5,11,58
5805,-108,44,90,377,6,8,57
5805,-108,39,90,377,5,9,58
5805,-108,50,90,377,5,7,57
5805,-108,35,90,377,5,11,57
5805,-108,59,90,377,5,9,57
5805,-108,53,90,377,4,11,57
5805,-108,38,90,377,5,10,57
5805,-108,51,90,377,4,11,57
5805,-108,43,90,377,4,9,58
5805,-108,44,90,377,6,9,56
5805,-108,63,90,377,5,11,57
5805,-108,34,90,377,6,11,57
5805,-108,34,90,377,5,9,57
5805,-108,39,90,377,4,10,57
5805,-108,41,90,377,5,9,57
5805,-108,54,90,377,6,11,57
5805,-108,37,90,377,6,8,56
5805,-108,46,90,377,4,9,57
5805,-108,58,90,377,6,10,58
5805,-108,57,90,377,3,7,55
5805,-108,43,90,377,4,10,58
5805,-108,67,90,377,5,9,57
5805,-108,55,90,377,5,10,57
5805,-108,57,90,377,4,10,56
5805,-108,43,90,377,5,9,57
5805,-108,58,90,377,5,9,57
5805,-108,64,90,377,5,9,57
5805,-108,57,90,377,5,11,58
5805,-108,62,90,377,7,6,57
5805,-108,47,90,377,4,10,57
5805,-108,49,90,377,6,10,57
5805,-108,31,90,377,4,10,56
5805,-108,53,90,377,4,9,57
5805,-108,34,90,377,5,10,57
5805,-108,57,90,377,5,10,58
5805,-108,57,90,377,4,10,57
5805,-108,54,90,377,4,11,57
5805,-108,29,90,377,4,8,56
5805,-108,36,90,377,4,9,57
5805,-108,65,90,377,4,9,57
5805,-108,68,90,377,5,10,57
5805,-108,64,90,377,4,10,58
5805,-108,51,90,377,6,9,57
5805,-108,51,90,377,4,10,57
5805,-108,44,90,377,5,9,56
5805,-108,46,90,377,6,10,58
5805,-108,33,90,377,6,10,57
5805,-108,39,88,378,5,10,55
5805,-108,44,90,377,4,10,57
5805,-108,48,90,377,4,11,57
5805,-108,64,90,377,4,10,58
5805,-108,42,90,377,5,11,58
5805,-108,61,90,377,4,8,57
5805,-108,56,90,377,4,8,57
5805,-108,40,90,377,5,10,57
5805,-108,46,90,377,5,9,57
5805,-108,66,90,377,4,9,58
5805,-108,47,90,377,4,10,57
5805,-108,40,90,377,4,11,57
5805,-108,36,90,377,4,10,57
5805,-108,64,90,377,5,9,57
5805,-108,46,90,377,4,9,58
5805,-108,34,90,377,4,11,58
5805,-108,52,90,377,5,9,57
5805,-108,47,90,377,5,9,57
5805,-108,51,90,377,5,12,58
5805,-108,34,90,377,4,8,57
5805,-108,45,90,377,5,8,57
5805,-108,56,90,377,5,11,57
5805,-108,43,90,377,4,9,57
5805,-108,62,90,377,3,9,57
5805,-108,68,90,377,5,8,58
5805,-108,52,90,377,4,8,56
5805,-108,48,90,377,5,10,56
5805,-108,49,90,377,4,9,57
5805,-108,44,90,377,4,8,56
5805,-108,39,90,377,4,11,57
5805,-108,60,90,377,4,11,58
5805,-108,44,90,377,4,9,56
5805,-108,40,90,377,5,9,57
5805,-108,57,90,377,4,8,58
5805,-108,67,90,377,4,9,57
5805,-108,52,90,377,5,10,58
5805,-108,46,90,377,6,8,57
5805,-108,51,90,377,5,11,57
5805,-108,50,90,377,3,10,57
5805,-108,49,90,377,5,10,58
5805,-108,44,90,377,6,10,57
5805,-108,47,90,377,4,9,57
5805,-108,50,90,377,5,10,56
5805,-108,56,90,377,5,9,57
5805,-108,44,90,377,4,9,57
5805,-108,49,90,377,5,11,58
5805,-108,59,90,377,5,9,56
5805,-108,33,90,377,5,9,55
5805,-108,51,90,377,4,7,55
5805,-108,35,90,377,4,11,57
5805,-108,41,90,377,5,11,58
5805,-108,40,90,377,3,10,58
5805,-108,60,90,377,4,9,57
5805,-108,61,90,377,5,11,58
5805,-108,59,90,377,4,11,57
5805,-108,74,90,377,5,10,58
5805,-108,59,90,377,4,10,57
5805,-108,69,90,377,5,10,57
5805,-108,44,90,377,5,9,57
5805,-108,41,90,377,4,10,58
5805,-108,53,90,377,4,10,57
5805,-108,58,90,377,4,9,57
5805,-108,69,90,377,6,11,58
5805,-108,59,90,377,4,8,58
5805,-108,52,90,377,6,11,57
5805,-108,45,90,377,5,9,57
5805,-108,67,90,377,5,11,58
5805,-108,45,90,377,4,10,57
5805,-108,28,90,377,4,9,56
5805,-108,61,90,377,5,9,57
5805,-108,33,90,377,5,9,58
5805,-108,51,90,377,6,11,57
5805,-108,65,90,377,4,9,57
5805,-108,51,89,377,5,9,56
5805,-108,59,90,377,5,8,57
5805,-108,62,90,377,6,8,57
5805,-108,59,90,377,4,9,58
5805,-108,48,90,377,4,6,56
5805,-108,58,90,377,3,9,57
5805,-108,56,90,377,5,8,56
5805,-108,42,90,377,4,8,56
5805,-108,46,90,377,5,10,57
5805,-108,54,90,377,6,11,58
5805,-108,49,90,377,3,8,57
5805,-108,63,90,377,5,9,57
5805,-108,49,90,377,4,8,57
5805,-108,43,90,377,6,9,57
5805,-108,58,90,377,5,8,57
5805,-108,32,90,377,5,10,57
5805,-108,30,90,377,4,10,57
5805,-108,49,90,377,5,10,58
5805,-108,28,90,377,4,9,56
5805,-108,57,90,377,5,7,56
5805,-108,54,90,377,5,10,57
5805,-108,53,90,377,5,9,57
5805,-108,48,90,377,4,8,57
5805,-108,42,90,377,4,11,58
5805,-108,59,90,377,5,10,57
5805,-108,69,90,377,5,9,58
5805,-108,48,90,377,5,10,57
5805,-108,56,90,377,5,9,58
5805,-108,62,90,377,4,11,58
5805,-108,59,90,377,4,9,57
5805,-108,63,90,377,5,10,57
5805,-108,56,90,377,5,10,58
5805,-108,65,90,377,4,10,57
5805,-108,43,90,377,5,8,57
5805,-108,45,89,377,6,9,56
5805,-108,56,89,377,4,8,56
5805,-108,71,90,377,4,11,58
5805,-108,62,90,377,4,10,57
5805,-108,70,90,377,6,9,57
5805,-108,55,90,377,6,10,58
5805,-108,41,90,377,5,11,58
5805,-108,66,90,377,5,12,58
5805,-108,52,90,377,6,7,57
5805,-108,63,90,377,4,8,57
5805,-108,37,90,377,5,11,57
5805,-108,56,90,377,5,8,56
5805,-108,54,90,377,5,9,57
5805,-108,61,90,377,4,9,57
5805,-108,47,90,377,6,9,57
5805,-108,40,90,377,5,11,58
5805,-108,55,90,377,4,10,57
5805,-108,60,90,377,3,10,57
5805,-108,46,90,377,5,9,58
5805,-108,61,90,377,5,9,57
5805,-108,42,90,377,5,10,57
5805,-108,53,90,377,6,8,57
5805,-108,37,90,377,4,8,57
5805,-108,37,90,377,4,9,57
5805,-108,57,90,377,4,12,58
5805,-108,60,90,377,5,8,55
5805,-108,50,90,377,6,9,57
5805,-108,46,90,377,5,10,57
5805,-108,54,90,377,5,9,57
5805,-108,47,90,377,4,8,56
5805,-108,57,90,377,4,10,57
5805,-108,57,90,377,4,9,57
5805,-108,45,90,377,4,10,57
5805,-108,51,90,377,5,9,57
5805,-108,50,90,377,4,9,55
5805,-108,41,90,377,5,10,57
5805,-108,58,90,377,4,8,57
5805,-108,52,90,377,4,11,58
5805,-108,57,90,377,4,10,58
5805,-108,67,90,377,5,8,57
5805,-108,42,90,377,6,11,57
5805,-108,48,89,378,6,9,56
5805,-108,56,90,377,5,11,57
5805,-108,46,90,377,3,8,56
5805,-108,44,90,377,5,11,58
5805,-108,45,90,377,5,10,57
5805,-108,56,90,377,6,8,56
5805,-108,50,90,377,5,10,58
5805,-108,63,90,377,4,9,56
5805,-108,61,90,377,4,8,57
5805,-108,33,90,377,4,10,57
5805,-108,63,90,377,6,8,57
5805,-108,48,90,377,5,8,56
5805,-108,59,90,377,5,8,57
5805,-108,61,90,377,5,9,57
5805,-108,58,90,377,5,10,57
5805,-108,46,90,377,5,9,57
5805,-108,53,90,377,4,9,56
5805,-108,44,90,377,5,9,56
5805,-108,32,90,377,6,11,58
5805,-108,37,90,377,3,10,57
5805,-108,50,90,377,5,10,58
5805,-108,40,90,377,5,10,57
5805,-108,44,90,377,5,9,57
5805,-108,58,90,377,4,10,57
5805,-108,47,90,377,5,10,56
5805,-108,37,90,377,5,10,57
5805,-108,51,90,377,3,9,57
5805,-108,51,90,377,5,9,57
5805,-108,47,90,377,4,9,57
5805,-108,58,90,377,5,9,58
5805,-108,36,90,377,4,10,58
5805,-108,42,90,377,4,9,57
5805,-108,35,90,377,5,9,57
5805,-108,46,90,377,5,10,57
5805,-108,53,90,377,5,10,57
5805,-108,55,90,377,5,9,57
5805,-108,55,90,377,5,10,57
5805,-108,43,90,377,4,9,57
5805,-108,59,90,377,4,10,57
5805,-108,52,90,377,4,10,57
5805,-108,64,90,377,4,9,57
5805,-108,47,90,377,5,12,58
5805,-108,45,90,377,4,10,57
5805,-108,55,90,377,5,8,56
5805,-108,56,90,377,3,9,57
5805,-108,39,90,377,6,9,57
5805,-108,51,90,377,4,9,56
5805,-108,35,90,377,4,11,57
5805,-108,47,90,377,5,10,58
5805,-108,42,90,377,4,9,57
5805,-108,34,90,377,4,10,57
5805,-108,47,90,377,5,10,57
5805,-108,39,90,377,4,8,57
5805,-108,51,90,377,4,9,57
5805,-108,50,90,377,5,9,57
5805,-108,41,90,377,5,9,57
5805,-108,28,90,377,5,10,57
5805,-108,55,90,377,5,9,57
5805,-108,45,90,377,3,9,57
5805,-108,40,90,377,5,8,56
5805,-108,60,90,377,5,10,58
5805,-108,58,90,377,4,8,56
5805,-108,41,90,377,4,10,57
5805,-108,47,90,377,5,9,57
5805,-108,39,90,377,5,8,56
5805,-108,56,90,377,5,10,58
5805,-108,55,90,377,5,11,58
5805,-108,31,90,377,6,8,57
5805,-108,62,90,377,4,9,57
5805,-108,49,90,377,6,10,57
5805,-108,52,90,377,5,9,57
5805,-108,48,90,377,5,9,56
5805,-108,43,90,377,5,10,57
5805,-108,56,90,377,3,10,57
5805,-108,43,90,377,5,10,58
5805,-108,46,90,377,5,10,57
5805,-108,44,90,377,5,10,57
5805,-108,51,90,377,5,10,57
5805,-108,56,89,377,5,9,56
5805,-108,40,90,377,3,9,57
5805,-108,62,90,377,5,10,57
5805,-108,50,90,377,5,9,57
5805,-108,43,90,377,4,9,57
5805,-108,28,90,377,5,8,56
5805,-108,40,90,377,4,11,57
5805,-108,41,90,377,5,11,57
5805,-108,58,90,377,5,12,58
5805,-108,56,90,377,5,8,57
5805,-108,42,90,377,4,10,58
5805,-108,58,90,377,6,10,58
5805,-108,60,90,377,5,10,57
5805,-108,50,90,377,5,7,55
5805,-108,40,90,377,5,8,57
5805,-108,37,90,377,5,9,57
5805,-108,62,90,377,4,9,57
5805,-108,47,90,377,4,8,57
5805,-108,42,90,377,5,8,57
5805,-108,47,90,377,5,9,58
5805,-108,42,90,377,5,10,57
5805,-108,44,90,377,4,9,57
5805,-108,44,90,377,4,9,57
5805,-108,57,90,377,5,10,58
5805,-108,49,90,377,4,8,57
5805,-108,58,90,377,5,9,57
5805,-108,40,90,377,6,9,57
5805,-108,40,90,377,5,10,57
5805,-108,51,90,377,5,9,57
5805,-108,45,90,377,5,11,57
5805,-108,53,90,377,5,10,58
5805,-108,24,90,377,4,9,57
5805,-108,52,90,377,5,9,56
5805,-108,53,90,377,4,7,56
5805,-108,65,90,377,4,9,57
5805,-108,56,90,377,6,9,56
5805,-108,48,90,377,5,9,57
5805,-108,34,90,377,5,10,57
5805,-108,37,90,377,5,9,57
5805,-108,45,90,377,5,10,57
5805,-108,59,90,377,4,7,57
5805,-108,49,90,377,5,9,57
5805,-108,31,90,377,5,11,57
5805,-108,53,90,377,5,10,58
5805,-108,60,90,377,5,11,57
5805,-108,44,90,377,5,9,56
5805,-108,53,90,377,4,11,59
5805,-108,48,90,377,4,10,58
5805,-108,45,90,377,4,8,57
5805,-108,64,90,377,6,9,58
5805,-108,27,90,377,5,10,57
5805,-108,36,90,377,4,9,57
5805,-108,62,90,377,5,10,57
5805,-108,63,90,377,4,9,57
5805,-108,64,90,377,5,9,57
5805,-108,38,90,377,4,11,57
5805,-108,38,90,377,5,9,57
5805,-108,61,90,377,5,11,57
5805,-108,58,90,377,3,9,56
5805,-108,43,90,377,4,11,58
5805,-108,45,90,377,4,10,57
5805,-108,31,89,377,5,10,55
5805,-108,57,90,377,5,11,57
5805,-108,39,90,377,5,9,57
5805,-108,55,90,377,3,10,58
5805,-108,45,90,377,4,9,57
5805,-108,50,90,377,6,9,57
5805,-108,56,90,377,5,9,57
5805,-108,55,90,377,6,9,57
5805,-108,67,90,377,5,8,56
5805,-108,31,90,377,5,8,57
5805,-108,62,90,377,6,9,57
5805,-108,41,90,377,3,10,57
5805,-108,42,90,377,5,10,57
5805,-108,59,90,377,5,9,57
5805,-108,47,90,377,6,9,57
5805,-108,30,90,377,5,7,56
5805,-108,57,90,377,6,10,57
5805,-108,63,90,377,4,8,57
5805,-108,65,90,377,5,10,58
5805,-108,48,90,377,4,10,57
5805,-108,46,90,377,4,9,57
5805,-108,37,90,377,5,10,56
5805,-108,43,90,377,4,9,57
5805,-108,42,90,377,3,9,57
5805,-108,47,90,377,4,8,57
5805,-108,44,90,377,4,10,57
5805,-108,38,90,377,5,11,57
5805,-108,65,90,377,4,10,57
5805,-108,51,90,377,4,10,57
5805,-108,36,90,377,3,10,57
5805,-108,44,90,377,4,10,57
5805,-108,37,90,377,4,9,57
5805,-108,47,90,377,5,11,57
5805,-108,43,90,377,5,10,57
5805,-108,38,90,377,4,9,57
5805,-108,39,90,377,6,10,56
5805,-108,56,90,377,5,9,57
5805,-108,68,90,377,4,8,57
5805,-108,64,90,377,5,10,57
5805,-108,51,90,377,4,11,58
5805,-108,49,90,377,3,8,56
5805,-108,51,90,377,4,9,58
5805,-108,31,90,377,5,9,57
5805,-108,51,90,377,4,8,57
5805,-108,43,90,377,5,10,57
5805,-108,41,90,377,4,9,57
5805,-108,40,90,377,6,10,57
5805,-108,35,90,377,5,10,57
5805,-108,68,90,377,4,11,57
5805,-108,61,90,377,4,10,57
5805,-108,39,90,377,4,10,58
5805,-108,40,90,377,5,10,57
5805,-108,45,90,377,4,9,57
5805,-108,41,90,377,5,10,56
5805,-108,49,90,377,5,11,57
5805,-108,42,90,377,3,11,57
5805,-108,59,90,377,5,9,58
5805,-108,33,90,377,4,8,57
5805,-108,44,90,377,5,9,57
5805,-108,65,90,377,5,9,57
5805,-108,47,90,377,4,10,57
5805,-108,38,90,377,5,9,57
5805,-108,42,90,377,5,9,57
5805,-108,52,90,377,3,10,57
5805,-108,43,90,377,4,8,56
5805,-108,61,90,377,5,7,56
5805,-108,40,90,377,3,11,58
5805,-108,51,90,377,5,9,57
5805,-108,50,90,377,6,9,57
5805,-108,59,90,377,6,11,58
5805,-108,41,90,377,3,10,57
5805,-108,50,90,377,5,11,58
5805,-108,49,90,377,4,10,57
5805,-108,53,90,377,6,8,57
5805,-108,45,90,377,5,8,57
5805,-108,54,90,377,4,11,57
5805,-108,37,90,377,4,7,56
5805,-108,60,90,377,5,9,58
5805,-108,37,90,377,4,9,57
5805,-108,48,90,377,5,9,57
5805,-108,66,90,377,5,9,58
5805,-108,44,90,377,3,10,57
5805,-108,45,89,377,6,10,57
5805,-108,32,90,377,5,9,57
5805,-108,54,90,377,4,9,57
5805,-108,55,90,377,5,8,56
5805,-108,46,90,377,4,8,56
5805,-108,44,90,377,6,10,57
5805,-108,41,90,377,4,9,57
5805,-108,34,90,377,5,8,57
5805,-108,40,90,377,4,9,57
5805,-108,60,90,377,4,11,58
5805,-108,31,90,377,4,10,57
5805,-108,52,90,377,5,9,56
5805,-108,32,90,377,3,9,57
5805,-108,49,90,377,5,9,58
5805,-108,48,90,377,5,10,57
5805,-108,56,90,377,5,9,57
5805,-108,60,90,377,4,8,56
5805,-108,41,90,377,4,10,58
5805,-108,50,90,377,6,11,57
5805,-108,37,90,377,5,10,57
5805,-108,55,90,377,5,8,57
5805,-108,65,90,377,5,10,58
5805,-108,32,90,377,5,11,57
5805,-108,49,90,377,6,9,57
5805,-108,48,90,377,4,9,57
5805,-108,44,90,377,2,10,57
5805,-108,29,90,377,5,11,57
5805,-108,47,90,377,4,9,57
5805,-108,58,90,377,4,11,58
5805,-108,58,90,377,5,9,57
5805,-108,39,89,378,7,7,55
5805,-108,46,90,377,6,10,58
5805,-108,36,90,377,4,9,57
5805,-108,39,90,377,5,12,58
5805,-108,45,90,377,5,10,57
5805,-108,40,90,377,3,9,57
5805,-108,49,90,377,5,9,57
5805,-108,39,90,377,4,11,57
5805,-108,48,90,377,6,9,57
5805,-108,57,90,377,4,10,57
5805,-108,55,90,377,3,9,57
5805,-108,55,90,377,5,12,58
5805,-108,41,90,377,4,7,56
5805,-108,29,90,377,5,8,56
5805,-108,59,90,377,4,11,57
5805,-108,64,90,377,4,9,57
5805,-108,43,90,377,4,10,57
5805,-108,49,90,377,5,9,57
5805,-108,41,90,377,5,9,57
5805,-108,41,90,377,4,8,56
5805,-108,63,90,377,6,12,57
5805,-108,52,90,377,4,10,57
5805,-108,36,90,377,4,10,57
5805,-108,42,90,377,6,9,57
5805,-108,66,90,377,4,10,57
5805,-108,54,90,377,4,10,58
5805,-108,44,90,377,3,9,57
5805,-108,36,90,377,5,10,57
5805,-108,31,90,377,4,9,57
5805,-108,44,90,377,5,12,57
5805,-108,43,90,377,5,12,58
5805,-108,50,90,377,4,10,57
5805,-108,41,90,377,4,11,57
5805,-108,49,90,377,4,9,57
5805,-108,47,90,377,5,10,57
5805,-108,35,90,377,3,9,57
5805,-108,38,90,377,4,10,57
5805,-108,54,90,377,4,10,58
5805,-108,59,90,377,4,8,56
5805,-108,39,90,377,5,9,57
5805,-108,54,90,377,5,8,57
5805,-108,50,90,377,4,10,57
5805,-108,36,90,377,3,10,58
5805,-108,49,90,377,5,8,56
5805,-108,60,90,377,4,10,57
5805,-108,35,90,377,5,10,57
5805,-108,46,90,377,5,11,58
5805,-108,34,90,377,4,10,57
5805,-108,42,90,377,5,11,58
5805,-108,57,90,377,4,10,57
5805,-108,38,90,377,4,10,57
5805,-108,38,90,377,4,8,57
5805,-108,54,90,377,6,9,57
5805,-108,47,90,377,4,12,58
5805,-108,49,90,377,4,7,56
5805,-108,43,90,377,6,11,57
5805,-108,46,90,377,5,9,57
5805,-108,41,90,377,4,10,57
5805,-108,48,90,377,4,9,57
5805,-108,50,90,377,4,9,58
5805,-108,43,90,377,4,9,57
5805,-108,36,90,377,4,10,57
5805,-108,38,90,377,6,7,56
5805,-108,37,90,377,6,10,58
5805,-108,56,90,377,6,10,57
5805,-108,54,90,377,4,10,58
5805,-108,58,90,377,5,12,58
5805,-108,52,90,377,5,9,57
5805,-108,29,90,377,5,9,57
5805,-108,53,90,377,4,10,57
5805,-108,29,90,377,3,9,57
5805,-108,68,90,377,5,8,57
5805,-108,31,90,377,6,10,57
5805,-108,50,90,377,4,12,57
5805,-108,53,90,377,6,10,57
5805,-108,46,90,377,4,10,57
5805,-108,42,90,377,5,12,57
5805,-108,52,90,377,4,9,57
5805,-108,50,90,377,4,11,57
5805,-108,34,90,377,5,9,56
5805,-108,46,90,377,5,9,57
5805,-108,36,90,377,3,8,56
5805,-108,45,90,377,5,11,57
5805,-108,36,90,377,6,10,57
5805,-108,44,90,377,4,8,55
5805,-108,53,90,377,3,9,57
5805,-108,42,90,377,5,10,57
5805,-108,40,90,377,3,11,57
5805,-108,34,90,377,5,10,57
5805,-108,43,90,377,4,9,58
5805,-108,47,90,377,6,9,57
5805,-108,51,90,377,4,10,57
5805,-108,46,90,377,5,9,57
5805,-108,45,90,377,4,11,57
5805,-108,58,90,377,5,9,56
5805,-108,48,90,377,6,9,57
5805,-108,46,90,377,5,10,57
5805,-108,52,90,377,4,8,57
5805,-108,42,90,377,5,10,57
5805,-108,58,90,377,4,8,57
5805,-108,45,90,377,5,10,58
5805,-108,45,90,377,4,10,57
5805,-108,43,90,377,6,10,57
5805,-108,64,89,377,7,9,56
5805,-108,59,90,377,5,8,57
5805,-108,56,90,377,4,10,56
5805,-108,50,90,377,3,8,56
5805,-108,48,90,377,5,10,57
5805,-108,56,90,377,4,11,57
5805,-108,39,90,377,3,8,56
5805,-108,42,90,377,5,10,57
5805,-108,57,90,377,4,9,57
5805,-108,63,90,377,5,10,58
5805,-108,46,90,377,7,9,57
5805,-108,32,90,377,6,11,57
5805,-108,51,90,377,5,8,56
5805,-108,45,90,377,5,8,56
5805,-108,65,90,377,4,9,57
5805,-108,43,90,377,5,10,57
5805,-108,46,90,377,5,9,58
5805,-108,54,89,377,5,9,56
5805,-108,66,90,377,5,11,58
5805,-108,46,90,377,5,9,57
5805,-108,54,90,377,4,9,57
5805,-108,43,90,377,5,9,57
5805,-108,61,90,377,6,9,57
5805,-108,45,90,377,5,10,57
5805,-108,33,90,377,5,9,57
5805,-108,42,90,377,4,9,57
5805,-108,60,90,377,4,9,57
5805,-108,46,90,377,4,9,57
5805,-108,48,90,377,5,10,57
5805,-108,39,90,377,5,9,56
5805,-108,52,90,377,4,10,58
5805,-108,33,90,377,5,12,57
5805,-108,51,90,377,4,10,57
5805,-108,36,90,377,5,6,56
5805,-108,37,90,377,5,8,56
5805,-108,42,90,377,4,9,57
5805,-108,50,90,377,4,9,57
5805,-108,57,90,377,4,7,56
5805,-108,43,90,377,5,7,56
5805,-108,62,90,377,4,10,57
5805,-108,37,90,377,4,9,56
5805,-108,49,90,377,4,10,57
5805,-108,44,90,377,6,9,57
5805,-108,41,90,377,5,10,57
5805,-108,52,90,377,5,9,57
5805,-108,47,90,377,5,7,55
5805,-108,37,90,377,5,9,57
5805,-108,37,90,377,5,10,56
5805,-108,64,90,377,6,9,57
5805,-108,51,90,377,4,11,57
5805,-108,42,90,377,5,9,56
5805,-108,42,90,377,3,9,56
5805,-108,45,90,377,5,9,58
5805,-108,54,90,377,5,9,58
5805,-108,42,90,377,5,9,58
5805,-108,37,89,378,6,8,54
5805,-108,45,90,377,5,9,57
5805,-108,41,90,377,5,12,57
5805,-108,47,90,377,5,10,56
5805,-108,37,90,377,5,10,57
5805,-108,47,90,377,5,10,57
5805,-108,49,90,377,4,10,58
5805,-108,48,90,377,6,10,57
5805,-108,47,90,377,5,8,57
5805,-108,41,90,377,4,9,57
5805,-108,41,89,377,6,9,56
5805,-108,39,90,377,4,11,58
5805,-108,49,90,377,5,8,57
5805,-108,48,90,377,6,7,56
5805,-108,50,90,377,5,7,56
5805,-108,42,90,377,4,10,57
5805,-108,49,90,377,5,9,57
5805,-108,54,90,377,5,10,58
5805,-108,52,90,377,4,7,57
5805,-108,61,90,377,5,11,57
5805,-108,48,90,377,6,11,57
5805,-108,49,89,377,6,9,56
5805,-108,44,90,377,6,11,57
5805,-108,59,90,377,5,10,58
5805,-108,57,90,377,4,9,57
5805,-108,49,90,377,5,10,57
5805,-108,53,90,377,4,9,57
5805,-108,38,89,378,7,9,56
5805,-108,59,90,377,4,11,58
5805,-108,44,90,377,4,7,57
5805,-108,62,90,377,5,9,57
5805,-108,60,90,377,6,10,57
5805,-108,48,90,377,4,8,57
5805,-108,42,90,377,5,9,57
5805,-108,47,90,377,4,8,57
5805,-108,58,90,377,4,11,58
5805,-108,50,90,377,5,11,58
5805,-108,57,90,377,5,8,56
5805,-108,47,90,377,5,9,57
5805,-108,50,90,377,5,10,56
5805,-108,52,90,377,3,8,57
5805,-108,61,89,377,5,10,57
5805,-108,49,90,377,6,9,57
5805,-108,43,90,377,5,9,57
5805,-108,42,90,377,4,7,57
5805,-108,43,90,377,5,10,57
5805,-108,43,90,377,5,9,56
5805,-108,63,90,377,4,10,57
5805,-108,53,90,377,4,9,57
5805,-108,58,90,377,4,7,55
5805,-108,41,90,377,6,9,57
5805,-108,60,90,377,5,9,57
5805,-108,50,90,377,5,9,57
5805,-108,51,90,377,5,9,57
5805,-108,41,90,377,5,9,58
5805,-108,46,90,377,3,9,57
5805,-108,67,90,377,3,10,57
5805,-108,47,90,377,5,11,57
5805,-108,57,90,377,6,10,57
5805,-108,46,90,377,5,11,57
5805,-108,42,90,377,5,12,58
5805,-108,50,90,377,4,10,57
5805,-108,46,90,377,5,10,57
5805,-108,57,90,377,6,10,57
5805,-108,49,90,377,3,9,56
5805,-108,56,90,377,4,11,57
5805,-108,57,90,377,5,10,58
5805,-108,48,90,377,5,8,57
5805,-108,58,90,377,6,10,58
5805,-108,39,90,377,4,8,57
5805,-108,53,90,377,5,10,57
5805,-108,52,90,377,4,8,56
5805,-108,40,90,377,5,10,58
5805,-108,42,90,377,4,9,56
5805,-108,45,90,377,4,11,57
5805,-108,48,90,377,4,9,57
5805,-108,50,90,377,5,10,57
5805,-108,53,90,377,4,8,57
5805,-108,56,90,377,4,11,57
5805,-108,60,90,377,5,10,57
5805,-108,43,90,377,4,10,57
5805,-108,53,90,377,4,11,57
5805,-108,48,90,377,5,8,56
5805,-108,56,90,377,4,9,57
5805,-108,35,90,377,4,9,57
5805,-108,50,90,377,4,10,57
5805,-108,57,90,377,5,9,57
5805,-108,52,90,377,4,11,58
5805,-108,56,90,377,5,9,57
5805,-108,53,90,377,5,9,58
5805,-108,48,90,377,5,11,58
5805,-108,38,90,377,5,9,55
5805,-108,50,90,377,5,9,57
5805,-108,60,90,377,4,10,58
5805,-108,66,90,377,5,9,57
5805,-108,46,90,377,5,10,57
5805,-108,49,89,377,4,7,55
5805,-108,53,90,377,5,8,57
5805,-108,65,90,377,4,9,57
5805,-108,46,90,377,3,10,57
5805,-108,55,90,377,4,10,57
5805,-108,42,90,377,6,9,57
5805,-108,53,90,377,6,8,57
5805,-108,67,90,377,4,11,58
5805,-108,58,90,377,4,9,57
5805,-108,62,90,377,5,9,57
5805,-108,68,90,377,5,9,58
5805,-108,58,90,377,6,11,57
5805,-108,37,90,377,4,8,56
5805,-108,49,90,377,5,9,57
5805,-108,49,88,378,7,10,55
5805,-108,51,90,377,4,10,57
5805,-108,48,90,377,5,9,57
5805,-108,58,90,377,5,10,56
5805,-108,48,90,377,5,10,58
5805,-108,37,90,377,6,9,57
5805,-108,41,90,377,4,9,56
5805,-108,56,90,377,4,10,58
5805,-108,44,90,377,6,10,57
5805,-108,46,89,377,6,8,56
5805,-108,46,90,377,4,7,56
5805,-108,51,90,377,5,8,57
5805,-108,49,90,377,4,9,57
5805,-108,41,90,377,5,10,57
5805,-108,52,90,377,5,7,55
5805,-108,37,90,377,5,10,58
5805,-108,45,90,377,5,10,58
5805,-108,42,90,377,4,9,56
5805,-108,41,90,377,4,8,57
5805,-108,50,90,377,4,10,57
5805,-108,44,90,377,4,11,57
5805,-108,27,90,377,5,10,57
5805,-108,37,90,377,6,9,57
5805,-108,42,90,377,4,10,57
5805,-108,37,90,377,5,10,57
5805,-108,53,90,377,6,8,56
5805,-108,59,90,377,3,10,57
5805,-108,43,90,377,5,10,56
5805,-108,46,90,377,3,8,56
5805,-108,50,90,377,5,6,56
5805,-108,38,90,377,4,10,57
5805,-108,35,90,377,4,12,57
5805,-108,68,90,377,4,11,57
5805,-108,44,90,377,4,9,57
5805,-108,29,90,377,4,9,57
5805,-108,44,90,377,4,10,57
5805,-108,44,90,377,3,7,56
5805,-108,46,90,377,5,11,57
5805,-108,60,90,377,3,10,58
5805,-108,33,90,377,2,11,57
5805,-108,49,90,377,5,9,57
5805,-108,59,90,377,5,8,56
5805,-108,41,90,377,4,9,56
5805,-108,33,90,377,4,9,56
5805,-108,66,90,377,5,9,57
5805,-108,53,90,377,5,10,57
5805,-108,50,90,377,5,10,57
5805,-108,35,90,377,4,9,57
5805,-108,38,90,377,6,9,57
5805,-108,55,90,377,5,8,56
5805,-108,40,90,377,4,9,56
5805,-108,47,90,377,4,9,57
5805,-108,34,90,377,4,10,58
5805,-108,35,90,377,6,8,56
5805,-108,46,90,377,5,9,57
5805,-108,58,90,377,6,9,57
5805,-108,41,90,377,5,9,57
5805,-108,51,90,377,5,9,58
5805,-108,35,90,377,6,8,56
5805,-108,63,90,377,4,9,57
5805,-108,52,90,377,5,8,56
5805,-108,44,90,377,5,8,57
5805,-108,49,90,377,4,9,57
5805,-108,47,90,377,4,10,58
5805,-108,45,90,377,5,10,58
5805,-108,54,90,377,4,10,58
5805,-108,39,90,377,5,9,57
5805,-108,47,90,377,4,9,57
5805,-108,70,90,377,3,11,57
5805,-108,41,90,377,4,7,56
5805,-108,48,90,377,5,9,57
5805,-108,46,90,377,4,9,57
5805,-108,71,90,377,6,9,56
5805,-108,58,90,377,4,9,56
5805,-108,49,90,377,5,10,57
5805,-108,52,90,377,5,9,57
5805,-108,36,90,377,4,8,57
5805,-108,53,90,377,5,10,57
5805,-108,54,89,377,6,9,55
5805,-108,57,90,377,5,9,57
5805,-108,45,90,377,5,8,56
5805,-108,58,90,377,4,7,57
5805,-108,65,90,377,5,9,57
5805,-108,55,90,377,5,11,58
5805,-108,56,90,377,5,12,58
5805,-108,57,90,377,5,8,57
5805,-108,40,90,377,4,9,57
5805,-108,51,90,377,6,10,57
5805,-108,48,90,377,5,9,57
5805,-108,58,90,377,5,9,57
5805,-108,40,90,377,7,11,58
5805,-108,54,90,377,5,10,57
5805,-108,44,90,377,4,9,57
5805,-108,46,90,377,3,10,57
5805,-108,54,90,377,5,8,56
5805,-108,49,90,377,5,9,58
5805,-108,46,90,377,5,9,57
5805,-108,58,90,377,5,10,57
5805,-108,45,90,377,4,7,56
5805,-108,47,90,377,3,9,58
5805,-108,53,90,377,5,9,58
5805,-108,44,90,377,5,10,57
5805,-108,55,90,377,4,11,57
5805,-108,53,90,377,5,10,57
5805,-108,40,90,377,4,10,57
5805,-108,34,90,377,6,9,57
5805,-108,45,90,377,5,9,57
5805,-108,45,90,377,3,10,58
5805,-108,59,90,377,4,9,57
5805,-108,38,90,377,5,10,56
5805,-108,51,90,377,5,10,57
5805,-108,56,90,377,5,9,57
5805,-108,59,90,377,6,10,57
5805,-108,35,90,377,5,9,56
5805,-108,27,90,377,6,10,57
5805,-108,56,90,377,5,7,56
5805,-108,49,90,377,4,9,57
5805,-108,59,90,377,6,9,57
5805,-108,61,90,377,4,9,58
5805,-108,55,90,377,4,10,57
5805,-108,41,90,377,4,9,57
5805,-108,58,90,377,4,8,57
5805,-108,46,90,377,3,9,57
5805,-108,35,90,377,5,8,58
5805,-108,55,90,377,4,11,57
5805,-108,43,90,377,5,10,57
5805,-108,37,90,377,5,11,58
5805,-108,63,90,377,5,9,56
5805,-108,49,90,377,4,8,56
5805,-108,48,90,377,5,9,57
5805,-108,36,90,377,4,9,56
5805,-108,56,90,377,4,8,57
5805,-108,42,90,377,5,9,57
5805,-108,46,90,377,5,9,57
5805,-108,45,90,377,5,9,56
5805,-108,40,89,377,5,9,56
5805,-108,64,90,377,5,10,57
5805,-108,64,90,377,4,10,58
5805,-108,54,90,377,5,9,57
5805,-108,54,90,377,4,9,57
5805,-108,46,90,377,5,9,57
5805,-108,40,90,377,5,10,57
5805,-108,51,90,377,5,9,57
5805,-108,35,90,377,3,9,57
5805,-108,48,90,377,4,9,57
5805,-108,48,90,377,5,9,57
5805,-108,49,90,377,5,12,57
5805,-108,63,90,377,5,8,57
5805,-108,40,90,377,5,9,56
5805,-108,43,90,377,4,9,57
5805,-108,64,90,377,6,9,57
5805,-108,33,89,377,6,9,55
5805,-108,46,90,377,4,8,55
5805,-108,39,90,377,5,10,57
5805,-108,33,90,377,5,9,57
5805,-108,49,90,377,5,8,57
5805,-108,41,90,377,4,9,57
5805,-108,57,90,377,3,9,56
5805,-108,63,90,377,4,9,57
5805,-108,60,90,377,6,9,57
5805,-108,43,90,377,4,9,57
5805,-108,56,90,377,5,8,56
5805,-108,41,90,377,5,11,57
5805,-108,47,90,377,5,9,57
5805,-108,66,90,377,4,9,57
5805,-108,51,90,377,4,10,57
5805,-108,43,90,377,4,7,56
5805,-108,36,90,377,5,11,57
5805,-108,54,90,377,4,8,56
5805,-108,56,90,377,5,10,59
5805,-108,44,90,377,3,9,57
5805,-108,48,90,377,5,10,57
5805,-108,59,90,377,6,10,58
5805,-108,67,90,377,4,10,58
5805,-108,46,90,377,5,10,58
5805,-108,59,90,377,6,9,57
5805,-108,66,90,377,4,9,56
5805,-108,53,90,377,5,9,57
5805,-108,62,90,377,4,11,58
5805,-108,53,90,377,6,9,57
5805,-108,45,90,377,5,10,57
5805,-108,41,90,377,5,9,57
5805,-108,50,90,377,5,11,57
5805,-108,32,90,377,4,8,56
5805,-108,43,89,378,5,11,56
5805,-108,45,90,377,5,10,58
5805,-108,56,90,377,5,9,58
5805,-108,42,90,377,4,10,57
5805,-108,53,90,377,5,9,57
5805,-108,52,90,377,5,9,57
5805,-108,46,90,377,5,8,56
5805,-108,53,90,377,4,9,57
5805,-108,28,90,377,4,10,57
5805,-108,41,90,377,5,10,57
5805,-108,45,90,377,5,10,58
5805,-108,40,90,377,5,8,57
5805,-108,26,89,377,5,10,56
5805,-108,46,90,377,5,11,58
5805,-108,47,90,377,3,11,58
5805,-108,40,90,377,3,9,57
5805,-108,55,90,377,4,10,57
5805,-108,33,90,377,4,11,57
5805,-108,54,90,377,5,8,56
5805,-108,41,90,377,5,9,57
5805,-108,47,90,377,4,9,58
5805,-108,36,90,377,6,8,55
5805,-108,55,90,377,4,10,57
5805,-108,30,90,377,4,10,57
5805,-108,44,90,377,3,9,56
5805,-108,44,90,377,5,10,55
5805,-108,61,90,377,4,11,57
5805,-108,39,90,377,4,10,57
5805,-108,36,90,377,5,10,58
5805,-108,46,90,377,4,10,56
5805,-108,51,90,377,5,9,57
5805,-108,53,90,377,4,8,57
5805,-108,62,90,377,6,10,57
5805,-108,35,90,377,5,9,56
5805,-108,32,90,377,5,9,56
5805,-108,35,90,377,4,9,56
5805,-108,44,90,377,5,9,57
5805,-108,44,90,377,6,9,57
5805,-108,56,90,377,4,10,57
5805,-108,52,90,377,4,9,56
5805,-108,42,90,377,4,11,57
5805,-108,32,90,377,4,10,57
5805,-108,70,90,377,5,9,56
5805,-108,32,90,377,4,11,58
5805,-108,52,90,377,4,9,57
5805,-108,45,90,377,5,11,57
5805,-108,58,90,377,4,10,58
5805,-108,48,90,377,6,9,57
5805,-108,43,90,377,5,7,55
5805,-108,45,90,377,4,10,57
5805,-108,45,90,377,5,9,57
5805,-108,49,90,377,4,6,56
5805,-108,46,89,377,5,10,56
5805,-108,46,90,377,4,10,57
5805,-108,44,90,377,4,10,57
5805,-108,56,90,377,5,8,57
5805,-108,59,90,377,4,12,57
5805,-108,52,90,377,4,11,58
5805,-108,44,90,377,4,10,56
5805,-108,42,90,377,5,11,58
5805,-108,45,90,377,4,9,57
5805,-108,56,90,377,5,10,57
5805,-108,71,90,377,5,10,58
5805,-108,64,90,377,5,10,57
5805,-108,44,90,377,5,10,57
5805,-108,76,90,377,4,10,58
5805,-108,62,90,377,5,9,57
5805,-108,33,89,377,5,10,57
5805,-108,29,90,377,3,11,58
5805,-108,34,90,377,6,11,58
5805,-108,41,90,377,5,10,57
5805,-108,35,90,377,5,10,57
5805,-108,40,90,377,3,9,57
5805,-108,42,90,377,5,10,56
5805,-108,46,90,377,4,10,57
5805,-108,33,90,377,5,10,58
5805,-108,41,90,377,6,7,56
5805,-108,37,90,377,4,10,57
5805,-108,31,90,377,5,9,57
5805,-108,39,90,377,5,9,56
5805,-108,42,90,377,5,11,57
5805,-108,33,90,377,5,9,57
5805,-108,52,90,377,4,9,57
5805,-108,61,90,377,4,9,57
5805,-108,59,90,377,4,10,58
5805,-108,54,90,377,4,11,58
5805,-108,40,90,377,5,10,57
5805,-108,51,90,377,5,9,57
5805,-108,37,90,377,4,10,57
5805,-108,53,90,377,5,9,57
5805,-108,43,90,377,5,8,56
5805,-108,50,90,377,5,10,58
5805,-108,60,90,377,4,11,58
5805,-108,54,90,377,5,9,57
5805,-108,55,90,377,5,9,57
5805,-108,60,90,377,5,7,56
5805,-108,51,90,377,4,10,57
5805,-108,34,89,378,5,11,57
5805,-108,50,90,377,5,10,57
5805,-108,50,90,377,4,11,57
5805,-108,33,90,377,6,9,57
5805,-108,35,90,377,4,11,57
5805,-108,51,90,377,4,10,57
5805,-108,40,90,377,4,9,57
5805,-108,38,90,377,6,8,57
5805,-108,58,90,377,5,9,57
5805,-108,50,90,377,5,8,56
5805,-108,60,90,377,4,9,57
5805,-108,54,90,377,4,8,56
5805,-108,37,90,377,4,10,57
5805,-108,51,90,377,5,9,57
5805,-108,41,90,377,5,11,57
5805,-108,51,90,377,5,9,56
5805,-108,60,90,377,5,11,57
5805,-108,45,89,377,5,9,55
5805,-108,35,90,377,5,8,56
5805,-108,55,90,377,5,7,56
5805,-108,46,90,377,4,8,56
5805,-108,47,90,377,5,11,57
5805,-108,56,90,377,4,9,57
5805,-108,63,90,377,5,10,58
5805,-108,40,90,377,5,8,57
5805,-108,36,90,377,6,11,57
5805,-108,61,90,377,5,8,57
5805,-108,53,90,377,7,10,57
5805,-108,58,90,377,4,11,57
5805,-108,35,90,377,4,10,57
5805,-108,25,90,377,6,8,56
5805,-108,58,90,377,4,8,56
5805,-108,44,90,377,4,7,56
5805,-108,56,90,377,5,9,57
5805,-108,50,90,377,5,9,57
5805,-108,52,90,377,6,11,57
5805,-108,57,90,377,5,10,57
5805,-108,44,90,377,4,9,56
5805,-108,49,90,377,5,10,57
5805,-108,31,90,377,5,9,57
5805,-108,43,90,377,5,9,56
5805,-108,43,90,377,4,10,57
5805,-108,43,90,377,4,11,57
5805,-108,36,90,377,5,9,57
5805,-108,57,90,377,4,7,57
5805,-108,30,90,377,5,10,57
5805,-108,68,90,377,4,10,57
5805,-108,55,90,377,6,10,57
5805,-108,39,90,377,7,10,57
5805,-108,41,90,377,5,10,57
5805,-108,49,90,377,4,9,57
5805,-108,58,90,377,5,9,56
5805,-108,53,90,377,4,10,58
5805,-108,47,90,377,5,10,57
5805,-108,37,90,377,5,12,58
5805,-108,53,90,377,5,11,57
5805,-108,47,90,377,5,7,57
5805,-108,44,90,377,5,8,57
5805,-108,45,90,377,5,9,57
5805,-108,44,89,377,5,11,57
5805,-108,59,90,377,4,9,57
5805,-108,34,90,377,5,10,57
5805,-108,41,90,377,5,8,57
5805,-108,40,90,377,5,9,57
5805,-108,53,90,377,5,11,58
5805,-108,55,90,377,4,9,57
5805,-108,45,90,377,5,9,57
5805,-108,58,90,377,4,11,57
5805,-108,45,90,377,5,10,57
5805,-108,46,90,377,5,10,57
5805,-108,50,90,377,6,10,57
5805,-108,32,90,377,5,11,58
5805,-108,61,90,377,7,11,58
5805,-108,51,90,377,5,10,58
5805,-108,57,90,377,5,8,57
5805,-108,46,90,377,2,10,58
5805,-108,42,90,377,6,10,57
5805,-108,51,90,377,4,9,57
5805,-108,58,90,377,4,8,56
5805,-108,45,90,377,5,10,57
5805,-108,43,90,377,4,8,56
5805,-108,47,90,377,5,12,58
5805,-108,41,90,377,4,10,57
5805,-108,63,90,377,5,10,56
5805,-108,58,90,377,4,10,57
5805,-108,32,90,377,4,9,56
5805,-108,39,90,377,4,8,57
5805,-108,39,90,377,3,9,56
5805,-108,60,90,377,6,9,57
5805,-108,70,90,377,4,9,57
5805,-108,54,90,377,6,9,57
5805,-108,62,90,377,5,10,57
5805,-108,49,90,377,4,9,57
5805,-108,66,90,377,4,9,57
5805,-108,55,90,377,4,11,57
5805,-108,55,90,377,5,10,57
5805,-108,53,90,377,5,8,56
5805,-108,55,90,377,6,9,57
5805,-108,68,90,377,4,11,58
5805,-108,64,90,377,5,10,57
5805,-108,53,90,377,6,10,57
5805,-108,48,90,377,6,8,57
5805,-108,57,90,377,5,11,58
5805,-108,25,90,377,6,12,56
5805,-108,60,90,377,5,7,56
5805,-108,61,90,377,4,10,57
5805,-108,34,90,377,4,9,57
5805,-108,57,90,377,4,9,57
5805,-108,49,90,377,5,11,58
5805,-108,38,90,377,4,9,56
5805,-108,42,90,377,4,9,57
5805,-108,56,90,377,5,11,58
5805,-108,44,90,377,5,9,57
5805,-108,58,90,377,3,11,58
5805,-108,49,90,377,5,10,57
5805,-108,65,90,377,4,10,56
5805,-108,49,90,377,5,9,56
5805,-108,45,90,377,6,10,57
5805,-108,44,90,377,5,9,57
5805,-108,50,90,377,5,8,56
5805,-108,46,90,377,5,11,58
5805,-108,42,90,377,5,8,55
5805,-108,32,90,377,6,7,56
5805,-108,59,90,377,4,9,57
5805,-108,41,90,377,4,9,56
5805,-108,46,90,377,3,12,58
5805,-108,49,90,377,5,9,58
5805,-108,47,90,377,4,9,57
5805,-108,64,90,377,5,10,57
5805,-108,38,90,377,5,11,57
5805,-108,42,90,377,6,8,56
5805,-108,49,90,377,5,9,57
5805,-108,62,90,377,4,7,56
5805,-108,53,90,377,4,10,57
5805,-108,34,90,377,5,8,57
5805,-108,47,90,377,5,8,57
5805,-108,53,90,377,5,11,57
5805,-108,32,90,377,5,10,56
5805,-108,42,90,377,4,9,56
5805,-108,41,90,377,5,9,57
5805,-108,39,90,377,3,12,57
5805,-108,61,90,377,5,7,56
5805,-108,37,90,377,5,9,57
5805,-108,32,90,377,4,10,56
5805,-108,33,90,377,4,10,57
5805,-108,52,90,377,4,10,57
5805,-108,50,90,377,5,7,56
5805,-108,48,90,377,5,11,58
5805,-108,29,90,377,4,9,57
5805,-108,50,90,377,3,10,57
5805,-108,56,90,377,3,8,56
5805,-108,44,90,377,5,8,56
5805,-108,46,90,377,5,9,57
5805,-108,51,90,377,4,10,57
5805,-108,51,90,377,4,10,56
5805,-108,30,90,377,3,10,57
5805,-108,52,90,377,4,10,58
5805,-108,41,90,377,4,8,57
5805,-108,43,90,377,5,10,57
5805,-108,64,90,377,5,11,57
5805,-108,45,90,377,6,9,56
5805,-108,41,90,377,4,9,56
5805,-108,38,90,377,4,9,55
5805,-108,55,90,377,5,9,58
5805,-108,59,90,377,4,9,57
5805,-108,44,90,377,4,9,57
5805,-108,60,90,377,5,11,58
5805,-108,53,90,377,5,11,58
5805,-108,44,90,377,4,9,57
5805,-108,47,90,377,4,9,57
5805,-108,52,90,377,5,10,57
5805,-108,44,90,377,4,10,57
5805,-108,44,90,377,4,10,57
5805,-108,44,90,377,5,9,57
5805,-108,51,90,377,5,10,57
5805,-108,46,90,377,4,12,59
5805,-108,53,90,377,5,9,56
5805,-108,41,90,377,4,9,57
5805,-108,44,90,377,5,10,58
5805,-108,44,90,377,3,9,57
5805,-108,38,90,377,4,10,57
5805,-108,41,90,377,5,9,57
5805,-108,30,90,377,5,9,57
5805,-108,54,90,377,4,9,57
5805,-108,34,90,377,5,9,57
5805,-108,62,90,377,4,8,56
5805,-108,56,90,377,5,11,58
5805,-108,49,90,377,4,9,58
5805,-108,68,90,377,5,9,58
5805,-108,52,90,377,3,11,57
5805,-108,37,90,377,4,10,57
5805,-108,46,90,377,5,10,57
5805,-108,46,89,377,5,8,56
5805,-108,37,90,377,4,9,57
5805,-108,40,90,377,5,8,56
5805,-108,36,90,377,6,9,57
5805,-108,30,90,377,5,8,56
5805,-108,41,90,377,3,10,57
5805,-108,52,90,377,4,9,57
5805,-108,54,89,377,5,8,55
5805,-108,30,90,377,5,9,57
5805,-108,64,90,377,5,10,58
5805,-108,39,90,377,4,10,57
5805,-108,38,90,377,5,9,57
5805,-108,37,90,377,5,9,57
5805,-108,48,90,377,4,10,57
5805,-108,54,90,377,4,9,58
5805,-108,55,90,377,5,9,57
5805,-108,39,90,377,3,8,55
5805,-108,34,89,377,6,10,56
5805,-108,56,90,377,5,8,56
5805,-108,54,90,377,5,10,58
5805,-108,39,90,377,6,11,59
5805,-108,46,90,377,5,10,57
5805,-108,50,90,377,4,10,57
5805,-108,32,90,377,5,10,57
5805,-108,50,90,377,5,9,57
5805,-108,36,90,377,5,9,57
5805,-108,63,90,377,5,10,57
5805,-108,63,90,377,4,11,57
5805,-108,41,90,377,5,10,57
5805,-108,52,90,377,5,9,57
5805,-108,60,90,377,5,9,57
5805,-108,34,90,377,4,8,56
5805,-108,56,90,377,5,10,57
5805,-108,59,90,377,5,10,57
5805,-108,39,90,377,5,10,57
5805,-108,46,90,377,6,10,57
5805,-108,50,90,377,4,10,57
5805,-108,51,90,377,5,9,57
5805,-108,46,90,377,4,9,57
5805,-108,66,90,377,4,11,58
5805,-108,37,90,377,6,10,57
5805,-108,40,90,377,5,10,55
5805,-108,40,90,377,5,9,57
5805,-108,40,90,377,4,10,57
5805,-108,58,90,377,4,9,57
5805,-108,41,90,377,5,11,57
5805,-108,52,90,377,5,11,58
5805,-108,37,90,377,4,10,58
5805,-108,45,90,377,5,9,57
5805,-108,54,90,377,5,9,56
5805,-108,38,90,377,5,9,55
5805,-108,44,90,377,5,9,57
5805,-108,49,90,377,4,10,58
5805,-108,67,90,377,4,10,57
5805,-108,40,90,377,5,9,57
5805,-108,31,90,377,4,10,57
5805,-108,36,90,377,5,9,57
5805,-108,41,90,377,3,10,57
5805,-108,66,90,377,4,8,57
5805,-108,61,90,377,5,9,56
5805,-108,33,90,377,5,11,58
5805,-108,57,90,377,5,10,56
5805,-108,53,90,377,4,9,56
5805,-108,44,90,377,5,11,57
5805,-108,44,90,377,4,11,57
5805,-108,26,90,377,5,11,57
5805,-108,36,90,377,5,11,57
5805,-108,38,90,377,5,11,56
5805,-108,51,90,377,5,9,57
5805,-108,54,90,377,4,11,57
5805,-108,49,90,377,5,7,55
5805,-108,38,90,377,5,11,57
5805,-108,52,90,377,5,11,57
5805,-108,57,90,377,5,10,57
5805,-108,50,90,377,4,8,57
5805,-108,41,90,377,6,8,57
5805,-108,49,90,377,5,9,57
5805,-108,51,90,377,4,8,56
5805,-108,41,90,377,3,8,55
5805,-108,47,90,377,4,9,56
5805,-108,51,90,377,5,10,57
5805,-108,53,90,377,5,9,57
5805,-108,36,90,377,6,9,57
5805,-108,42,90,377,4,10,57
5805,-108,28,89,377,6,9,55
5805,-108,41,90,377,5,8,57
5805,-108,34,90,377,5,10,57
5805,-108,37,90,377,5,10,58
5805,-108,40,90,377,3,9,57
5805,-108,41,90,377,6,9,57
5805,-108,36,90,377,5,10,58
5805,-108,53,90,377,5,9,57
5805,-108,51,90,377,5,10,57
5805,-108,56,90,377,5,11,57
5805,-108,39,90,377,4,9,56
5805,-108,45,90,377,5,10,58
5805,-108,46,90,377,4,8,57
5805,-108,78,90,377,4,11,58
5805,-108,51,90,377,5,10,57
5805,-108,70,90,377,4,9,57
5805,-108,45,90,377,4,10,57
5805,-108,39,90,377,4,10,58
5805,-108,44,90,377,3,10,57
5805,-108,45,90,377,5,10,57
5805,-108,50,90,377,5,10,57
5805,-108,46,90,377,5,9,57
5805,-108,45,90,377,4,9,57
5805,-108,54,90,377,4,11,58
5805,-108,47,90,377,4,11,58
5805,-108,72,90,377,5,10,58
5805,-108,47,90,377,5,11,58
5805,-108,66,90,377,5,10,58
5805,-108,54,90,377,3,8,56
5805,-108,44,90,377,5,11,58
5805,-108,56,90,377,5,10,57
5805,-108,52,90,377,4,9,57
5805,-108,74,90,377,5,10,58
5805,-108,57,90,377,5,10,57
5805,-108,35,90,377,6,8,55
5805,-108,53,90,377,5,11,57
5805,-108,43,90,377,4,8,56
5805,-108,56,90,377,5,10,57
5805,-108,37,90,377,4,7,57
5805,-108,44,90,377,3,9,57
5805,-108,44,90,377,6,8,57
5805,-108,42,90,377,5,10,57
5805,-108,60,90,377,4,11,58
5805,-108,39,90,377,4,10,57
5805,-108,56,90,377,4,8,56
5805,-108,42,90,377,4,9,57
5805,-108,48,90,377,4,11,57
5805,-108,43,90,377,4,11,57
5805,-108,53,90,377,5,11,57
5805,-108,57,90,377,4,9,57
5805,-108,44,90,377,4,10,58
5805,-108,44,90,377,5,12,59
5805,-108,49,90,377,5,10,57
5805,-108,60,90,377,4,9,57
5805,-108,38,90,377,5,10,57
5805,-108,62,90,377,5,7,56
5805,-108,43,90,377,3,9,57
5805,-108,48,90,377,4,11,57
5805,-108,35,90,377,5,10,57
5805,-108,35,90,377,5,10,58
5805,-108,40,90,377,5,7,55
5805,-108,43,90,377,6,10,57
5805,-108,50,90,377,5,10,57
5805,-108,44,90,377,4,9,56
5805,-108,39,90,377,5,9,56
5805,-108,49,90,377,5,9,57
5805,-108,54,90,377,6,9,57
5805,-108,45,90,377,4,10,57
5805,-108,47,90,377,5,11,57
5805,-108,41,90,377,5,11,57
5805,-108,52,90,377,5,11,57
5805,-108,51,90,377,4,10,57
5805,-108,35,90,377,5,9,56
5805,-108,43,90,377,4,11,58
5805,-108,50,90,377,4,9,57
5805,-108,51,90,377,5,9,57
5805,-108,44,90,377,5,9,56
5805,-108,51,90,377,4,9,56
5805,-108,34,90,377,4,9,57
5805,-108,57,90,377,5,10,57
5805,-108,46,90,377,5,9,57
5805,-108,44,90,377,4,10,58
5805,-108,54,90,377,6,9,58
5805,-108,48,90,377,5,9,58
5805,-108,37,90,377,4,10,58
5805,-108,46,90,377,4,10,57
5805,-108,57,90,377,4,9,57
5805,-108,45,90,377,4,9,57
5805,-108,38,90,377,5,9,56
5805,-108,48,90,377,5,10,57
5805,-108,52,90,377,5,11,57
5805,-108,54,90,377,4,10,57
5805,-108,61,90,377,4,10,57
5805,-108,41,90,377,4,7,56
5805,-108,35,90,377,5,7,56
5805,-108,50,90,377,4,11,58
5805,-108,52,90,377,5,10,57
5805,-108,35,90,377,5,7,56
5805,-108,50,90,377,5,9,57
5805,-108,53,90,377,4,9,57
5805,-108,41,90,377,4,11,57
5805,-108,38,90,377,5,10,57
5805,-108,37,90,377,4,10,57
5805,-108,45,90,377,4,10,57
5805,-108,34,90,377,4,10,57
5805,-108,57,90,377,4,9,57
5805,-108,47,90,377,4,10,57
5805,-108,47,90,377,4,9,57
5805,-108,58,89,377,5,10,56
5805,-108,58,90,377,5,9,57
5805,-108,41,90,377,4,11,57
5805,-108,39,90,377,5,10,56
5805,-108,35,89,377,5,11,57
5805,-108,29,90,377,5,9,57
5805,-108,46,90,377,5,5,55
5805,-108,34,90,377,5,10,58
5805,-108,43,90,377,4,9,57
5805,-108,49,90,377,5,9,58
5805,-108,35,90,377,5,8,57
5805,-108,41,90,377,6,9,57
5805,-108,53,90,377,5,9,57
5805,-108,42,90,377,4,8,57
5805,-108,46,90,377,4,9,57
5805,-108,47,90,377,5,9,57
5805,-108,39,90,377,5,8,57
5805,-108,40,90,377,5,10,58
5805,-108,26,89,377,6,8,56
5805,-108,51,90,377,3,8,56
5805,-108,61,90,377,5,10,57
5805,-108,47,90,377,4,10,57
5805,-108,53,90,377,4,7,55
5805,-108,36,90,377,3,10,57
5805,-108,44,90,377,5,7,56
5805,-108,36,90,377,5,10,58
5805,-108,30,90,377,4,8,56
5805,-108,34,90,377,6,10,57
5805,-108,49,90,377,5,9,56
5805,-108,45,90,377,4,10,57
5805,-108,49,90,377,4,9,57
5805,-108,45,90,377,5,9,57
5805,-108,47,90,377,5,9,57
5805,-108,40,90,377,3,12,58
5805,-108,50,90,377,4,10,58
5805,-108,40,90,377,3,10,57
5805,-108,34,90,377,4,10,57
5805,-108,41,90,377,5,9,57
5805,-108,48,90,377,4,9,57
5805,-108,48,90,377,3,9,57
5805,-108,48,90,377,4,10,57
5805,-108,51,90,377,5,9,58
5805,-108,46,90,377,4,9,57
5805,-108,47,90,377,5,9,57
5805,-108,63,90,377,5,8,57
5805,-108,49,90,377,6,10,56
5805,-108,52,90,377,4,9,57
5805,-108,43,90,377,4,8,57
5805,-108,59,90,377,4,10,57
5805,-108,49,90,377,5,9,57
5805,-108,39,90,377,5,10,57
5805,-108,35,90,377,4,8,55
5805,-108,43,90,377,4,10,58
5805,-108,31,90,377,4,8,56
5805,-108,60,90,377,5,11,57
5805,-108,43,90,377,5,8,56
5805,-108,50,89,378,6,9,56
5805,-108,51,90,377,5,7,57
5805,-108,41,90,377,5,9,56
5805,-108,39,90,377,5,9,57
5805,-108,53,90,377,5,12,58
5805,-108,45,90,377,4,10,57
5805,-108,30,90,377,3,9,57
5805,-108,57,90,377,4,10,58
5805,-108,34,90,377,6,8,57
5805,-108,33,90,377,4,9,57
5805,-108,62,90,377,5,9,57
5805,-108,32,90,377,6,11,57
5805,-108,41,90,377,5,10,57
5805,-108,46,87,380,6,10,56
5805,-108,46,87,380,5,10,55
5805,-108,34,87,380,4,9,54
5805,-108,35,87,380,5,10,55
5805,-108,52,87,380,6,9,55
5805,-108,41,87,380,6,10,55
5805,-108,42,87,380,5,10,56
5805,-108,38,87,380,4,8,55
5805,-108,58,87,380,5,9,56
5805,-108,45,87,380,4,10,55
5805,-108,57,87,380,6,14,60
5805,-108,58,90,377,5,8,57
5805,-108,33,90,377,4,10,57
5805,-108,42,90,377,3,11,57
5805,-108,38,90,377,5,10,57
5805,-108,49,90,377,6,10,57
5805,-108,55,90,377,5,12,58
5805,-108,51,90,377,5,8,57
5805,-108,40,90,377,5,9,57
5805,-108,44,90,377,5,7,56
5805,-108,57,90,377,5,9,57
5805,-108,50,90,377,3,10,58
5805,-108,32,89,377,5,8,54
5805,-108,53,90,377,4,9,57
5805,-108,51,90,377,5,8,57
5805,-108,47,90,377,4,9,57
5805,-108,52,90,377,6,10,57
5805,-108,50,90,377,3,11,57
5805,-108,44,90,377,4,10,58
5805,-108,54,90,377,5,8,57
5805,-108,57,90,377,4,9,57
5805,-108,67,90,377,5,11,57
5805,-108,56,90,377,4,10,57
5805,-108,38,90,377,5,10,58
5805,-108,53,90,377,6,6,57
5805,-108,40,90,377,6,9,57
5805,-108,32,90,377,3,10,57
5805,-108,43,90,377,4,9,57
5805,-108,36,90,377,5,10,57
5805,-108,38,90,377,6,10,57
5805,-108,57,90,377,4,10,57
5805,-108,37,90,377,3,8,56
5805,-108,59,90,377,6,9,57
5805,-108,50,90,377,6,10,57
5805,-108,42,90,377,4,11,57
5805,-108,42,90,377,5,8,57
5805,-108,46,90,377,5,9,57
5805,-108,59,90,377,5,10,56
5805,-108,40,90,377,4,10,57
5805,-108,50,90,377,4,9,57
5805,-108,46,90,377,5,11,57
5805,-108,63,90,377,4,9,57
5805,-108,48,90,377,5,8,57
5805,-108,41,90,377,4,9,57
5805,-108,54,90,377,5,10,57
5805,-108,58,90,377,4,10,57
5805,-108,71,90,377,4,11,57
5805,-108,51,90,377,5,7,56
5805,-108,46,90,377,5,9,57
5805,-108,42,90,377,5,10,57
5805,-108,48,90,377,4,8,57
5805,-108,57,90,377,5,7,55
5805,-108,38,90,377,5,11,57
5805,-108,39,90,377,5,10,57
5805,-108,41,90,377,4,11,58
5805,-108,48,90,377,3,10,57
5805,-108,45,90,377,6,10,56
5805,-108,37,90,377,5,10,58
5805,-108,39,90,377,4,7,56
5805,-108,30,90,377,5,10,56
5805,-108,39,90,377,4,9,57
5805,-108,54,90,377,4,10,57
5805,-108,47,90,377,5,10,57
5805,-108,59,90,377,5,9,57
5805,-108,59,90,377,3,9,57
5805,-108,48,90,377,5,9,57
5805,-108,55,90,377,4,9,57
5805,-108,52,90,377,5,9,57
5805,-108,52,90,377,5,9,57
5805,-108,59,90,377,4,10,57
5805,-108,74,90,377,5,11,58
5805,-108,54,90,377,5,10,57
5805,-108,64,90,377,5,10,58
5805,-108,39,90,377,4,10,57
5805,-108,47,90,377,4,9,57
5805,-108,47,90,377,4,8,56
5805,-108,55,90,377,4,9,58
5805,-108,53,90,377,5,12,58
5805,-108,58,90,377,4,10,58
5805,-108,48,89,377,5,11,56
5805,-108,33,90,377,4,9,57
5805,-108,49,90,377,4,6,55
5805,-108,51,90,377,4,8,57
5805,-108,53,90,377,4,11,57
5805,-108,48,90,377,4,10,57
5805,-108,49,90,377,3,9,57
5805,-108,46,90,377,4,10,57
5805,-108,51,90,377,4,9,57
5805,-108,54,90,377,4,9,57
5805,-108,60,90,377,5,10,57
5805,-108,43,90,377,4,13,58
5805,-108,61,90,377,5,11,58
5805,-108,50,90,377,5,9,57
5805,-108,55,90,377,4,9,57
5805,-108,43,90,377,4,9,57
5805,-108,54,90,377,5,9,57
5805,-108,61,90,377,5,9,57
5805,-108,33,90,377,4,10,57
5805,-108,42,89,377,4,11,57
5805,-108,47,90,377,6,10,57
5805,-108,44,90,377,4,9,57
5805,-108,43,90,377,4,10,57
5805,-108,44,90,377,5,10,58
5805,-108,41,90,377,5,10,57
5805,-108,50,90,377,4,11,57
5805,-108,68,90,377,4,9,57
5805,-108,42,90,377,4,9,57
5805,-108,52,90,377,3,9,57
5805,-108,56,90,377,4,8,56
5805,-108,43,90,377,5,9,57
5805,-108,40,90,377,4,9,57
5805,-108,48,90,377,5,11,58
5805,-108,69,90,377,4,11,57
5805,-108,56,90,377,6,7,57
5805,-108,31,90,377,5,10,58
5805,-108,41,90,377,4,8,57
5805,-108,47,90,377,6,10,57
5805,-108,51,90,377,5,8,57
5805,-108,45,90,377,4,10,57
5805,-108,51,90,377,4,9,57
5805,-108,50,90,377,4,11,57
5805,-108,66,90,377,5,9,57
5805,-108,65,90,377,4,11,57
5805,-108,41,90,377,5,9,57
5805,-108,47,90,377,5,13,58
5805,-108,48,90,377,3,11,57
5805,-108,44,90,377,4,10,58
5805,-108,58,90,377,5,11,57
5805,-108,45,90,377,4,9,57
5805,-108,55,90,377,5,11,57
5805,-108,49,90,377,5,10,57
5805,-108,35,90,377,3,10,56
5805,-108,52,90,377,5,9,58
5805,-108,42,90,377,4,8,57
5805,-108,55,90,377,6,10,58
5805,-108,44,90,377,4,8,56
5805,-108,47,90,377,4,9,57
5805,-108,38,89,378,6,9,57
5805,-108,58,90,377,5,8,57
5805,-108,37,89,377,6,10,57
5805,-108,58,90,377,5,9,58
5805,-108,30,90,377,6,8,57
5805,-108,54,90,377,4,10,57
5805,-108,63,90,377,5,9,58
5805,-108,52,90,377,4,8,56
5805,-108,42,90,377,3,11,58
5805,-108,45,90,377,5,12,58
5805,-108,41,90,377,5,9,57
5805,-108,43,90,377,5,10,57
5805,-108,38,90,377,5,8,56
5805,-108,46,90,377,5,10,57
5805,-108,36,90,377,5,9,57
5805,-108,62,90,377,5,8,56
5805,-108,47,90,377,5,8,56
5805,-108,55,90,377,5,8,57
5805,-108,43,90,377,5,10,58
5805,-108,48,90,377,5,10,57
5805,-108,62,90,377,5,11,57
5805,-108,47,90,377,5,8,56
5805,-108,48,90,377,4,12,58
5805,-108,50,90,377,4,11,57
5805,-108,52,90,377,3,9,57
5805,-108,32,90,377,4,9,57
5805,-108,41,90,377,3,8,57
5805,-108,55,90,377,4,8,56
5805,-108,37,90,377,5,8,57
5805,-108,50,90,377,5,8,57
5805,-108,56,90,377,6,9,57
5805,-108,47,90,377,6,9,57
5805,-108,39,90,377,4,10,58
5805,-108,44,90,377,5,11,57
5805,-108,44,90,377,5,10,57
5805,-108,62,90,377,6,9,57
5805,-108,55,90,377,5,10,57
5805,-108,44,90,377,6,13,58
5805,-108,64,90,377,5,9,57
5805,-108,47,90,377,7,10,57
5805,-108,55,90,377,4,11,58
5805,-108,35,90,377,5,9,57
5805,-108,57,90,377,5,9,57
5805,-108,58,90,377,4,9,57
5805,-108,43,90,377,3,10,57
5805,-108,49,90,377,6,9,57
5805,-108,62,90,377,5,10,58
5805,-108,46,90,377,4,10,57
5805,-108,54,90,377,5,9,57
5805,-108,44,90,377,4,9,58
5805,-108,28,90,377,5,8,56
5805,-108,38,90,377,6,8,56
5805,-108,41,90,377,4,9,57
5805,-108,35,90,377,4,8,57
5805,-108,45,90,377,4,9,57
5805,-108,45,90,377,5,11,57
5805,-108,50,90,377,6,8,57
5805,-108,47,90,377,3,11,57
5805,-108,36,90,377,6,7,56
5805,-108,34,90,377,4,8,55
5805,-108,39,90,377,4,8,56
5805,-108,42,90,377,5,9,57
5805,-108,39,90,377,4,10,57
5805,-108,46,90,377,5,10,57
5805,-108,67,90,377,4,10,58
5805,-108,40,90,377,5,8,57
5805,-108,57,90,377,6,11,58
5805,-108,40,90,377,5,11,57
5805,-108,56,90,377,5,10,57
5805,-108,37,90,377,5,11,57
5805,-108,59,90,377,4,10,58
5805,-108,58,90,377,6,8,56
5805,-108,44,90,377,4,10,57
5805,-108,52,90,377,5,8,57
5805,-108,61,90,377,4,11,57
5805,-108,41,90,377,5,9,57
5805,-108,34,90,377,4,9,57
5805,-108,58,90,377,5,9,57
5805,-108,44,90,377,5,11,57
5805,-108,32,90,377,3,9,57
5805,-108,55,90,377,4,9,56
5805,-108,67,90,377,4,10,57
5805,-108,42,90,377,4,10,56
5805,-108,37,90,377,5,10,57
5805,-108,46,89,377,6,8,56
5805,-108,42,90,377,5,11,57
5805,-108,50,90,377,4,10,57
5805,-108,56,90,377,4,9,56
5805,-108,58,90,377,4,8,56
5805,-108,37,90,377,4,9,57
5805,-108,47,90,377,5,10,57
5805,-108,32,90,377,4,9,57
5805,-108,36,89,377,6,10,57
5805,-108,44,90,377,5,8,56
5805,-108,34,90,377,5,9,57
5805,-108,49,90,377,5,10,57
5805,-108,45,90,377,4,9,57
5805,-108,35,89,377,5,8,56
5805,-108,45,90,377,4,9,57
5805,-108,58,90,377,4,9,57
5805,-108,51,90,377,4,8,57
5805,-108,53,90,377,5,10,58
5805,-108,32,90,377,4,10,56
5805,-108,57,90,377,4,9,57
5805,-108,48,90,377,4,10,56
5805,-108,51,90,377,3,9,57
5805,-108,41,90,377,4,8,57
5805,-108,44,90,377,5,10,57
5805,-108,51,90,377,5,9,56
5805,-108,58,90,377,4,11,57
5805,-108,46,90,377,5,9,57
5805,-108,58,90,377,5,9,57
5805,-108,42,90,377,5,10,58
5805,-108,43,90,377,5,12,57
5805,-108,45,90,377,4,11,57
5805,-108,52,90,377,5,9,57
5805,-108,45,90,377,5,10,58
5805,-108,38,90,377,4,10,57
5805,-108,50,90,377,5,9,56
5805,-108,41,90,377,5,9,56
5805,-108,35,90,377,5,11,57
5805,-108,66,90,377,5,11,58
5805,-108,26,90,377,4,9,56
5805,-108,40,90,377,5,9,56
5805,-108,45,90,377,5,8,55
5805,-108,45,90,377,6,9,57
5805,-108,47,90,377,4,9,56
5805,-108,49,90,377,5,9,57
5805,-108,46,90,377,4,9,57
5805,-108,44,90,377,4,11,58
5805,-108,32,90,377,5,8,56
5805,-108,38,90,377,5,8,56
5805,-108,49,90,377,5,9,57
5805,-108,30,90,377,5,11,57
5805,-108,41,90,377,4,12,57
5805,-108,49,90,377,5,11,57
5805,-108,54,90,377,5,10,57
5805,-108,42,90,377,3,10,57
5805,-108,57,90,377,4,8,57
5805,-108,65,90,377,4,9,57
5805,-108,51,90,377,5,9,57
5805,-108,46,90,377,6,10,57
5805,-108,59,90,377,5,8,57
5805,-108,68,90,377,4,9,57
5805,-108,45,90,377,4,8,57
5805,-108,41,90,377,4,10,57
5805,-108,44,90,377,5,8,57
5805,-108,46,90,377,4,10,58
5805,-108,38,90,377,5,9,57
5805,-108,52,90,377,5,10,58
5805,-108,44,90,377,5,10,57
5805,-108,41,90,377,5,7,56
5805,-108,67,90,377,4,10,58
5805,-108,45,90,377,5,10,57
5805,-108,58,90,377,5,11,58
5805,-108,29,90,377,4,9,57
5805,-108,62,90,377,6,9,57
5805,-108,40,90,377,4,10,57
5805,-108,55,90,377,5,9,57
5805,-108,47,90,377,4,9,56
5805,-108,46,90,377,5,9,57
5805,-108,48,90,377,4,9,57
5805,-108,33,90,377,4,8,57
5805,-108,34,90,377,4,8,57
5805,-108,51,90,377,4,8,55
5805,-108,62,90,377,4,9,56
5805,-108,46,90,377,5,11,58
5805,-108,48,90,377,6,10,58
5805,-108,50,90,377,3,9,57
5805,-108,60,90,377,4,10,58
5805,-108,35,90,377,5,8,57
5805,-108,52,90,377,4,9,57
5805,-108,38,90,377,4,10,58
5805,-108,38,90,377,4,10,57
5805,-108,43,90,377,4,10,58
5805,-108,55,90,377,3,8,56
5805,-108,43,90,377,4,9,56
5805,-108,52,90,377,4,10,57
5805,-108,52,90,377,4,10,58
5805,-108,44,90,377,5,8,56
5805,-108,30,90,377,6,9,57
5805,-108,39,90,377,4,9,57
5805,-108,40,90,377,4,11,57
5805,-108,35,90,377,4,10,57
5805,-108,48,90,377,5,11,58
5805,-108,45,90,377,4,11,57
5805,-108,56,90,377,3,9,56
5805,-108,49,89,378,5,11,57
5805,-108,59,90,377,6,10,57
5805,-108,36,90,377,5,9,57
5805,-108,54,90,377,4,8,56
5805,-108,39,90,377,4,8,56
5805,-108,38,90,377,5,9,56
5805,-108,50,90,377,5,10,57
5805,-108,39,90,377,4,9,58
5805,-108,37,90,377,4,7,56
5805,-108,43,90,377,5,9,57
5805,-108,47,90,377,5,10,58
5805,-108,70,90,377,4,9,58
5805,-108,41,90,377,4,9,57
5805,-108,39,90,377,4,10,57
5805,-108,40,90,377,4,9,57
5805,-108,52,90,377,4,9,57
5805,-108,60,90,377,4,10,57
5805,-108,46,90,377,5,9,57
5805,-108,53,90,377,4,10,57
5805,-108,37,90,377,5,10,57
5805,-108,74,90,377,5,8,57
5805,-108,80,90,377,6,8,57
5805,-108,46,90,377,5,10,56
5805,-108,36,90,377,4,9,58
5805,-108,32,90,377,6,9,57
5805,-108,41,90,377,5,8,56
5805,-108,68,90,377,3,9,58
5805,-108,54,90,377,5,10,58
5805,-108,40,90,377,6,10,57
5805,-108,45,90,377,6,10,57
5805,-108,40,90,377,4,10,57
5805,-108,63,90,377,3,12,58
5805,-108,42,90,377,4,11,58
5805,-108,39,90,377,4,9,57
5805,-108,45,90,377,4,7,57
5805,-108,35,90,377,5,11,57
5805,-108,44,90,377,5,8,57
5805,-108,42,90,377,6,10,57
5805,-108,43,90,377,6,11,58
5805,-108,46,90,377,5,11,58
5805,-108,40,90,377,5,10,57
5805,-108,34,90,377,4,9,56
5805,-108,62,90,377,5,9,56
5805,-108,41,90,377,5,7,57
5805,-108,50,90,377,5,11,57
5805,-108,44,90,377,4,10,56
5805,-108,48,90,377,5,10,58
5805,-108,51,90,377,4,10,57
5805,-108,41,90,377,4,10,57
5805,-108,38,89,377,5,9,56
5805,-108,64,90,377,3,9,57
5805,-108,34,90,377,4,8,56
5805,-108,40,90,377,4,11,57
5805,-108,49,90,377,4,9,57
5805,-108,50,90,377,4,8,56
5805,-108,47,90,377,4,10,57
5805,-108,61,90,377,5,11,57
5805,-108,29,90,377,5,10,57
5805,-108,67,90,377,5,9,58
5805,-108,36,90,377,5,9,57
5805,-108,55,90,377,4,8,57
5805,-108,30,90,377,5,10,57
5805,-108,65,90,377,5,9,57
5805,-108,52,90,377,3,9,57
5805,-108,54,90,377,4,10,57
5805,-108,60,90,377,4,10,57
5805,-108,44,90,377,6,10,57
5805,-108,56,90,377,4,9,57
5805,-108,48,90,377,4,10,58
5805,-108,60,90,377,5,9,57
5805,-108,53,90,377,3,9,57
5805,-108,34,90,377,5,10,57
5805,-108,36,90,377,5,8,56
5805,-108,40,90,377,6,10,57
5805,-108,58,90,377,4,9,57
5805,-108,45,90,377,5,8,56
5805,-108,58,90,377,4,10,58
5805,-108,53,90,377,5,10,57
5805,-108,49,90,377,4,11,58
5805,-108,58,90,377,6,8,56
5805,-108,67,90,377,5,9,57
5805,-108,45,90,377,4,12,58
5805,-108,53,90,377,4,12,58
5805,-108,45,90,377,6,9,56
5805,-108,56,90,377,4,11,57
5805,-108,54,90,377,5,9,58
5805,-108,50,90,377,4,9,57
5805,-108,48,90,377,5,9,57
5805,-108,58,90,377,4,8,56
5805,-108,70,90,377,4,9,57
5805,-108,60,90,377,4,10,57
5805,-108,41,90,377,5,9,57
5805,-108,35,90,377,5,10,56
5805,-108,61,90,377,5,9,57
5805,-108,54,90,377,4,9,57
5805,-108,60,90,377,5,9,57
5805,-108,58,90,377,6,12,58
5805,-108,49,90,377,5,9,57
5805,-108,35,90,377,4,11,57
5805,-108,55,90,377,5,7,57
5805,-108,40,90,377,4,10,58
5805,-108,32,90,377,5,9,57
5805,-108,65,90,377,6,10,57
5805,-108,57,90,377,4,7,56
5805,-108,39,90,377,4,10,57
5805,-108,38,90,377,5,9,56
5805,-108,52,90,377,4,10,58
5805,-108,64,90,377,4,9,56
5805,-108,54,90,377,4,10,58
5805,-108,61,90,377,5,9,57
5805,-108,64,90,377,3,9,57
5805,-108,37,90,377,5,10,57
5805,-108,44,90,377,5,11,58
5805,-108,45,90,377,5,10,57
5805,-108,41,90,377,5,8,56
5805,-108,61,89,377,5,10,56
5805,-108,36,90,377,5,10,57
5805,-108,67,90,377,4,10,58
5805,-108,62,90,377,5,9,57
5805,-108,49,90,377,5,10,58
5805,-108,64,90,377,5,10,57
5805,-108,67,90,377,5,9,57
5805,-108,58,90,377,5,10,57
5805,-108,55,90,377,5,10,57
5805,-108,67,90,377,4,9,57
5805,-108,35,90,377,4,11,58
5805,-108,47,90,377,5,5,55
5805,-108,47,90,377,5,9,57
5805,-108,55,90,377,4,8,57
5805,-108,36,90,377,5,11,57
5805,-108,59,90,377,5,12,58
5805,-108,52,90,377,5,10,57
5805,-108,50,90,377,5,11,57
5805,-108,41,90,377,4,8,57
5805,-108,46,90,377,5,9,58
5805,-108,49,90,377,5,10,57
5805,-108,56,90,377,4,11,58
5805,-108,41,90,377,4,11,58
5805,-108,79,90,377,5,9,58
5805,-108,54,90,377,4,10,58
5805,-108,60,90,377,6,11,58
5805,-108,56,90,377,5,9,57
5805,-108,41,90,377,3,10,57
5805,-108,48,90,377,5,9,57
5805,-108,57,90,377,5,10,57
5805,-108,49,90,377,3,10,57
5805,-108,42,90,377,5,9,56
5805,-108,68,90,377,4,9,57
5805,-108,33,90,377,6,9,56
5805,-108,41,90,377,4,11,57
5805,-108,66,90,377,4,11,58
5805,-108,54,90,377,6,11,57
5805,-108,58,90,377,5,8,56
5805,-108,43,90,377,4,10,58
5805,-108,45,90,377,4,8,57
5805,-108,61,90,377,5,8,57
5805,-108,53,90,377,4,9,57
5805,-108,32,90,377,4,10,57
5805,-108,56,90,377,4,8,57
5805,-108,45,90,377,5,9,57
5805,-108,49,90,377,5,10,57
5805,-108,46,90,377,5,11,57
5805,-108,39,90,377,5,11,57
5805,-108,69,90,377,5,9,58
5805,-108,39,90,377,4,11,57
5805,-108,42,90,377,3,10,57
5805,-108,44,90,377,4,10,57
5805,-108,60,90,377,6,7,57
5805,-108,33,88,378,6,9,55
5805,-108,58,90,377,4,7,56
5805,-108,51,90,377,5,8,57
5805,-108,44,90,377,5,10,57
5805,-108,52,90,377,6,8,56
5805,-108,57,90,377,5,10,57
5805,-108,46,90,377,4,10,57
5805,-108,41,90,377,5,9,57
5805,-108,52,90,377,4,9,57
5805,-108,53,90,377,5,10,58
5805,-108,43,90,377,4,10,57
5805,-108,27,90,377,4,10,57
5805,-108,38,90,377,6,11,58
5805,-108,47,90,377,4,9,56
5805,-108,45,90,377,4,9,57
5805,-108,37,90,377,6,9,57
5805,-108,41,90,377,4,10,57
5805,-108,34,90,377,3,12,58
5805,-108,45,90,377,4,9,57
5805,-108,45,90,377,5,10,57
5805,-108,49,90,377,4,9,57
5805,-108,49,90,377,4,9,57
5805,-108,56,90,377,5,11,57
5805,-108,57,90,377,5,11,57
5805,-108,55,90,377,5,9,57
5805,-108,50,90,377,4,9,57
5805,-108,50,90,377,6,10,58
5805,-108,67,90,377,5,9,57
5805,-108,36,90,377,5,9,56
5805,-108,42,90,377,5,10,57
5805,-108,64,90,377,6,9,58
5805,-108,61,90,377,4,9,57
5805,-108,39,90,377,4,8,57
5805,-108,49,90,377,4,9,57
5805,-108,48,90,377,4,9,58
5805,-108,60,90,377,4,9,58
5805,-108,52,90,377,4,11,57
5805,-108,55,90,377,5,9,57
5805,-108,32,90,377,3,10,57
5805,-108,41,90,377,4,8,57
5805,-108,51,90,377,5,9,57
5805,-108,52,90,377,5,10,57
5805,-108,40,90,377,5,8,57
5805,-108,56,90,377,6,10,58
5805,-108,61,90,377,3,9,57
5805,-108,45,90,377,5,10,58
5805,-108,50,90,377,5,9,57
5805,-108,67,90,377,5,10,57
5805,-108,64,90,377,5,9,57
5805,-108,59,90,377,4,9,57
5805,-108,62,90,377,3,12,57
5805,-108,54,90,377,5,10,57
5805,-108,62,90,377,5,9,57
5805,-108,45,90,377,4,12,57
5805,-108,51,90,377,5,11,57
5805,-108,59,90,377,5,10,57
5805,-108,49,90,377,5,8,58
5805,-108,52,90,377,5,8,57
5805,-108,56,90,377,4,10,58
5805,-108,54,89,377,6,8,56
5805,-108,42,90,377,4,9,57
5805,-108,41,90,377,5,7,55
5805,-108,57,90,377,4,9,57
5805,-108,33,90,377,6,11,57
5805,-108,46,90,377,5,9,56
5805,-108,50,90,377,4,9,57
5805,-108,50,90,377,4,10,57
5805,-108,57,90,377,4,10,57
5805,-108,47,90,377,4,9,56
5805,-108,44,90,377,4,9,57
5805,-108,42,90,377,5,9,57
5805,-108,36,90,377,5,9,57
5805,-108,33,90,377,5,9,57
5805,-108,65,90,377,4,11,58
5805,-108,32,90,377,4,10,57
5805,-108,39,90,377,5,11,57
5805,-108,44,89,377,5,9,56
5805,-108,56,90,377,4,9,58
5805,-108,44,90,377,6,9,57
5805,-108,57,90,377,6,9,57
5805,-108,40,90,377,5,11,57
5805,-108,52,90,377,4,10,58
5805,-108,44,90,377,4,10,58
5805,-108,50,90,377,5,9,57
5805,-108,57,90,377,5,9,57
5805,-108,31,90,377,6,10,57
5805,-108,51,90,377,5,8,56
5805,-108,56,90,377,4,11,56
5805,-108,44,90,377,3,8,56
5805,-108,40,90,377,6,9,57
5805,-108,48,90,377,4,6,57
5805,-108,54,90,377,4,11,57
5805,-108,40,90,377,4,9,57
5805,-108,45,90,377,4,7,57
5805,-108,40,90,377,4,9,56
5805,-108,50,90,377,5,11,57
5805,-108,52,90,377,5,9,57
5805,-108,51,90,377,4,10,57
5805,-108,52,90,377,5,10,57
5805,-108,54,90,377,5,9,57
5805,-108,42,90,377,5,10,57
5805,-108,59,90,377,5,8,56
5805,-108,53,90,377,4,9,56
5805,-108,66,90,377,5,9,57
5805,-108,41,90,377,5,9,58
5805,-108,52,90,377,3,12,58
5805,-108,48,90,377,4,10,58
5805,-108,55,90,377,4,8,56
5805,-108,53,90,377,6,9,57
5805,-108,66,90,377,4,8,58
5805,-108,49,90,377,5,9,57
5805,-108,36,90,377,5,9,57
5805,-108,52,90,377,4,11,57
5805,-108,53,90,377,5,9,57
5805,-108,49,90,377,4,11,57
5805,-108,63,90,377,4,9,57
5805,-108,57,90,377,4,10,57
5805,-108,51,90,377,4,9,57
5805,-108,63,90,377,3,10,57
5805,-108,49,90,377,5,9,57
5805,-108,52,90,377,5,9,57
5805,-108,41,90,377,5,8,56
5805,-108,43,90,377,4,9,57
5805,-108,33,90,377,4,9,56
5805,-108,38,90,377,5,10,57
5805,-108,44,90,377,4,10,58
5805,-108,37,90,377,3,10,57
5805,-108,33,90,377,4,10,57
5805,-108,36,89,377,5,8,55
5805,-108,47,90,377,5,7,56
5805,-108,43,90,377,5,10,57
5805,-108,55,90,377,4,9,57
5805,-108,41,90,377,4,10,57
5805,-108,53,90,377,5,10,57
5805,-108,38,90,377,4,7,56
5805,-108,44,90,377,2,10,58
5805,-108,51,90,377,4,11,57
5805,-108,44,90,377,5,8,56
5805,-108,49,90,377,4,11,57
5805,-108,47,90,377,5,11,58
5805,-108,41,90,377,4,11,57
5805,-108,63,90,377,3,11,58
5805,-108,37,89,377,6,10,55
5805,-108,62,90,377,5,9,57
5805,-108,38,90,377,6,11,58
5805,-108,49,90,377,4,11,57
5805,-108,37,90,377,6,10,57
5805,-108,46,90,377,4,10,58
5805,-108,31,90,377,5,8,56
5805,-108,53,90,377,4,9,57
5805,-108,42,89,377,5,10,57
5805,-108,45,90,377,4,9,57
5805,-108,54,90,377,4,10,58
5805,-108,46,90,377,5,8,57
5805,-108,47,90,377,5,9,57
5805,-108,52,90,377,5,11,57
5805,-108,54,90,377,4,7,57
5805,-108,47,90,377,5,8,57
5805,-108,54,90,377,4,10,57
5805,-108,45,90,377,4,10,57
5805,-108,55,90,377,5,10,57
5805,-108,35,90,377,5,9,57
5805,-108,56,90,377,5,12,58
5805,-108,56,90,377,6,11,58
5805,-108,37,90,377,5,10,57
5805,-108,61,90,377,5,10,57
5805,-108,47,90,377,5,8,57
5805,-108,57,90,377,5,11,58
5805,-108,56,90,377,5,10,57
5805,-108,51,90,377,3,10,58
5805,-108,63,90,377,3,9,57
5805,-108,48,90,377,5,11,57
5805,-108,41,90,377,4,10,58
5805,-108,49,90,377,4,10,57
5805,-108,54,90,377,4,10,57
5805,-108,50,90,377,4,9,57
5805,-108,53,90,377,4,10,56
5805,-108,41,90,377,5,7,56
5805,-108,40,90,377,5,9,57
5805,-108,52,90,377,4,10,57
5805,-108,58,90,377,5,11,57
5805,-108,38,90,377,5,9,57
5805,-108,41,90,377,6,10,57
5805,-108,52,90,377,4,10,58
5805,-108,35,90,377,4,8,56
5805,-108,40,90,377,4,10,57
5805,-108,52,89,377,5,10,57
5805,-108,62,90,377,4,9,57
5805,-108,53,90,377,5,9,57
5805,-108,47,90,377,4,12,58
5805,-108,35,89,377,5,9,57
5805,-108,50,90,377,5,10,57
5805,-108,60,90,377,5,9,57
5805,-108,42,90,377,5,10,58
5805,-108,51,90,377,5,10,57
5805,-108,47,90,377,4,10,58
5805,-108,53,90,377,4,8,57
5805,-108,52,90,377,4,9,57
5805,-108,44,90,377,5,10,57
5805,-108,64,90,377,4,10,58
5805,-108,57,90,377,4,9,57
5805,-108,52,90,377,5,9,57
5805,-108,64,90,377,4,9,57
5805,-108,72,90,377,5,9,56
5805,-108,62,90,377,6,10,58
5805,-108,39,90,377,4,8,56
5805,-108,52,90,377,5,11,58
5805,-108,56,90,377,5,9,57
5805,-108,57,90,377,4,10,57
5805,-108,44,90,377,6,10,57
5805,-108,34,90,377,5,9,57
5805,-108,65,90,377,4,10,57
5805,-108,52,90,377,5,9,57
5805,-108,48,90,377,4,8,57
5805,-108,67,90,377,4,10,58
5805,-108,40,90,377,4,9,57
5805,-108,41,90,377,5,9,56
5805,-108,54,89,377,6,9,55
5805,-108,36,90,377,5,11,58
5805,-108,68,90,377,4,9,57
5805,-108,44,90,377,6,9,57
5805,-108,54,90,377,5,10,57
5805,-108,52,90,377,6,9,57
5805,-108,44,90,377,3,10,56
5805,-108,49,90,377,5,9,57
5805,-108,32,89,377,5,10,55
5805,-108,44,90,377,5,9,56
5805,-108,50,90,377,4,9,57
5805,-108,49,90,377,5,9,57
5805,-108,58,90,377,3,10,58
5805,-108,54,90,377,3,10,58
5805,-108,49,90,377,4,9,57
5805,-108,44,90,377,7,9,57
5805,-108,36,90,377,4,9,57
5805,-108,39,90,377,5,9,56
5805,-108,46,90,377,6,11,58
5805,-108,50,90,377,5,10,57
5805,-108,57,90,377,4,10,58
5805,-108,54,90,377,6,9,57
5805,-108,56,90,377,6,10,58
5805,-108,32,90,377,4,10,57
5805,-108,52,90,377,5,10,56
5805,-108,61,90,377,4,7,57
5805,-108,54,90,377,4,8,57
5805,-108,41,90,377,6,7,55
5805,-108,60,90,377,4,10,57
5805,-108,59,90,377,3,10,57
5805,-108,56,90,377,5,11,57
5805,-108,54,90,377,4,9,57
5805,-108,42,90,377,5,9,58
5805,-108,55,90,377,5,12,58
5805,-108,47,90,377,5,9,57
5805,-108,43,90,377,5,10,58
5805,-108,31,90,377,4,9,56
5805,-108,47,90,377,5,9,57
5805,-108,37,90,377,5,9,57
5805,-108,50,90,377,5,10,57
5805,-108,37,90,377,5,10,57
5805,-108,38,90,377,4,11,57
5805,-108,45,90,377,5,9,57
5805,-108,49,90,377,4,11,57
5805,-108,42,90,377,4,9,57
5805,-108,42,90,377,4,9,57
5805,-108,54,90,377,5,8,57
5805,-108,60,90,377,4,10,57
5805,-108,47,90,377,5,11,57
5805,-108,38,90,377,4,7,56
5805,-108,41,90,377,5,9,57
5805,-108,38,90,377,4,9,57
5805,-108,55,90,377,4,10,57
5805,-108,45,90,377,4,11,57
5805,-108,38,90,377,5,8,57
5805,-108,43,90,377,4,11,57
5805,-108,38,90,377,4,9,56
5805,-108,44,90,377,5,11,58
5805,-108,33,90,377,3,11,57
5805,-108,55,90,377,6,9,57
5805,-108,47,90,377,5,9,57
5805,-108,50,90,377,3,10,58
5805,-108,52,90,377,4,11,58
5805,-108,63,90,377,5,10,57
5805,-108,51,90,377,5,10,58
5805,-108,43,90,377,4,8,57
5805,-108,30,90,377,6,10,57
5805,-108,45,90,377,4,11,57
5805,-108,53,90,377,5,9,57
5805,-108,39,90,377,3,11,57
5805,-108,46,90,377,5,11,57
5805,-108,56,90,377,4,8,56
5805,-108,49,90,377,4,8,56
5805,-108,34,90,377,6,10,58
5805,-108,62,90,377,6,12,57
5805,-108,44,90,377,4,9,57
5805,-108,51,90,377,5,10,57
5805,-108,50,90,377,5,8,56
5805,-108,66,90,377,6,10,57
5805,-108,52,90,377,5,10,57
5805,-108,53,90,377,6,9,57
5805,-108,35,90,377,4,9,57
5805,-108,50,90,377,4,10,57
5805,-108,51,90,377,5,9,57
5805,-108,58,90,377,4,9,57
5805,-108,53,90,377,5,9,57
5805,-108,31,90,377,5,9,57
5805,-108,42,90,377,4,11,58
5805,-108,39,90,377,5,10,57
5805,-108,42,89,377,6,9,55
5805,-108,45,90,377,5,7,57
5805,-108,41,90,377,5,10,57
5805,-108,48,90,377,6,12,58
5805,-108,47,90,377,4,10,58
5805,-108,41,90,377,5,8,55
5805,-108,37,90,377,4,10,57
5805,-108,37,90,377,5,7,56
5805,-108,49,90,377,5,9,57
5805,-108,38,90,377,5,10,57
5805,-108,49,90,377,5,10,57
5805,-108,51,90,377,5,10,57
5805,-108,46,90,377,4,10,57
5805,-108,38,90,377,4,10,57
5805,-108,40,90,377,5,9,57
5805,-108,47,90,377,4,9,56
5805,-108,49,90,377,5,8,57
5805,-108,55,90,377,5,9,57
5805,-108,43,90,377,5,8,57
5805,-108,49,90,377,3,9,57
5805,-108,54,90,377,4,10,57
5805,-108,59,90,377,5,9,57
5805,-108,68,90,377,5,11,58
5805,-108,43,90,377,4,10,58
5805,-108,48,90,377,4,9,57
5805,-108,42,90,377,5,9,56
5805,-108,56,90,377,3,10,57
5805,-108,50,90,377,5,9,58
5805,-108,44,90,377,5,9,56
5805,-108,62,90,377,4,10,58
5805,-108,45,90,377,5,9,57
5805,-108,33,90,377,4,9,57
5805,-108,57,90,377,4,10,58
5805,-108,48,90,377,5,8,56
5805,-108,37,90,377,5,9,58
5805,-108,27,90,377,4,9,57
5805,-108,37,90,377,4,11,57
5805,-108,33,90,377,5,11,57
5805,-108,37,90,377,3,9,57
5805,-108,54,90,377,4,10,57
5805,-108,49,89,378,7,11,56
5805,-108,39,90,377,5,9,57
5805,-108,36,90,377,5,10,56
5805,-108,38,90,377,5,10,58
5805,-108,49,90,377,4,9,56
5805,-108,44,90,377,3,9,58
5805,-108,57,90,377,4,9,57
5805,-108,36,90,377,4,12,58
5805,-108,49,90,377,5,10,58
5805,-108,26,89,377,5,9,56
5805,-108,53,90,377,4,9,56
5805,-108,44,90,377,4,10,57
5805,-108,37,90,377,4,11,58
5805,-108,58,90,377,3,11,58
5805,-108,41,90,377,5,11,57
5805,-108,36,90,377,5,10,57
5805,-108,56,90,377,5,11,57
5805,-108,42,90,377,4,9,57
5805,-108,58,90,377,4,10,57
5805,-108,50,90,377,3,8,56
5805,-108,42,90,377,4,8,57
5805,-108,34,90,377,4,8,57
5805,-108,32,90,377,4,10,58
5805,-108,41,90,377,3,9,57
5805,-108,52,90,377,4,10,57
5805,-108,56,90,377,5,10,57
5805,-108,36,90,377,5,10,57
5805,-108,41,90,377,4,10,57
5805,-108,50,90,377,3,8,56
5805,-108,46,90,377,5,9,58
5805,-108,35,90,377,3,9,57
5805,-108,70,90,377,6,10,58
5805,-108,44,90,377,5,11,58
5805,-108,47,90,377,5,11,58
5805,-108,34,90,377,4,10,56
5805,-108,38,90,377,6,10,57
5805,-108,30,90,377,5,9,56
5805,-108,26,90,377,5,10,57
5805,-108,42,90,377,5,9,57
5805,-108,36,90,377,6,10,57
5805,-108,31,90,377,4,9,57
5805,-108,47,90,377,3,9,57
5805,-108,37,90,377,5,9,57
5805,-108,46,90,377,4,9,57
5805,-108,50,90,377,4,10,56
5805,-108,43,90,377,5,10,57
5805,-108,68,90,377,6,11,58
5805,-108,40,90,377,4,10,56
5805,-108,32,90,377,5,9,57
5805,-108,36,90,377,6,10,56
5805,-108,39,90,377,4,9,57
5805,-108,39,90,377,3,9,57
5805,-108,32,90,377,5,10,57
5805,-108,28,90,377,4,11,57
5805,-108,39,90,377,5,10,57
5805,-108,44,90,377,4,8,56
5805,-108,47,90,377,5,9,57
5805,-108,34,90,377,6,10,57
5805,-108,52,90,377,4,10,58
5805,-108,36,90,377,6,10,56
5805,-108,57,90,377,4,10,58
5805,-108,48,90,377,5,10,58
5805,-108,35,90,377,5,9,58
5805,-108,35,90,377,4,10,58
5805,-108,46,90,377,4,10,57
5805,-108,32,90,377,4,11,57
5805,-108,49,90,377,3,9,57
5805,-108,49,90,377,5,8,57
5805,-108,44,90,377,3,10,56
5805,-108,60,90,377,3,10,56
5805,-108,25,90,377,5,9,56
5805,-108,51,90,377,4,11,58
5805,-108,57,90,377,5,9,57
5805,-108,36,90,377,6,8,56
5805,-108,38,90,377,4,8,56
5805,-108,47,90,377,5,10,57
5805,-108,54,90,377,4,10,58
5805,-108,38,90,377,5,11,57
5805,-108,34,90,377,5,9,57
5805,-108,47,90,377,5,11,57
5805,-108,35,90,377,4,12,57
5805,-108,29,90,377,4,11,57
5805,-108,37,90,377,4,10,57
5805,-108,39,90,377,6,7,55
5805,-108,34,90,377,4,10,56
5805,-108,47,90,377,4,9,57
5805,-108,50,90,377,4,10,58
5805,-108,52,90,377,5,9,57
5805,-108,30,90,377,4,10,57
5805,-108,43,90,377,4,9,57
5805,-108,46,90,377,4,8,57
5805,-108,38,90,377,5,9,56
5805,-108,32,90,377,3,9,57
5805,-108,48,90,377,6,11,58
5805,-108,48,90,377,5,9,57
5805,-108,36,90,377,5,8,56
5805,-108,57,90,377,5,10,58
5805,-108,37,90,377,5,8,57
5805,-108,53,90,377,3,11,58
5805,-108,51,90,377,5,11,57
5805,-108,35,90,377,5,11,57
5805,-108,38,90,377,4,9,57
5805,-108,39,90,377,4,10,57
5805,-108,51,90,377,5,10,57
5805,-108,42,90,377,6,9,57
5805,-108,28,90,377,3,10,56
5805,-108,39,90,377,5,10,58
5805,-108,50,90,377,4,9,57
5805,-108,41,90,377,5,9,56
5805,-108,38,90,377,5,10,57
5805,-108,34,90,377,4,9,56
5805,-108,31,90,377,4,10,57
5805,-108,26,90,377,4,9,57
5805,-108,44,90,377,3,11,57
5805,-108,44,90,377,5,10,57
5805,-108,36,89,377,6,8,55
5805,-108,53,90,377,5,10,58
5805,-108,41,90,377,5,11,57
5805,-108,30,90,377,4,10,57
5805,-108,38,90,377,3,9,56
5805,-108,40,90,377,5,9,56
5805,-108,49,90,377,5,10,57
5805,-108,44,90,377,5,9,57
5805,-108,39,90,377,5,8,56
5805,-108,50,90,377,5,11,57
5805,-108,29,90,377,3,9,57
5805,-108,50,90,377,4,10,57
5805,-108,30,90,377,4,11,57
5805,-108,36,90,377,4,11,57
5805,-108,50,90,377,4,11,57
5805,-108,36,90,377,7,10,57
5805,-108,44,89,377,5,10,56
5805,-108,43,90,377,4,10,57
5805,-108,38,90,377,5,9,57
5805,-108,41,90,377,4,7,56
5805,-108,50,90,377,3,9,56
5805,-108,40,89,377,6,10,56
5805,-108,44,90,377,3,11,58
5805,-108,34,90,377,6,8,57
5805,-108,51,90,377,5,9,57
5805,-108,34,90,377,4,12,58
5805,-108,36,90,377,4,10,57
5805,-108,33,90,377,6,11,57
5805,-108,42,90,377,4,10,57
5805,-108,47,90,377,4,11,58
5805,-108,35,90,377,5,9,57
5805,-108,41,90,377,4,10,58
5805,-108,29,90,377,4,10,57
5805,-108,46,90,377,5,10,57
5805,-108,55,90,377,4,7,56
5805,-108,50,90,377,6,10,57
5805,-108,36,90,377,5,10,58
5805,-108,28,90,377,5,10,57
5805,-108,34,90,377,5,10,57
5805,-108,46,90,377,5,9,57
5805,-108,36,90,377,5,9,56
5805,-108,40,90,377,5,10,57
5805,-108,29,90,377,4,11,57
5805,-108,37,90,377,5,8,56
5805,-108,48,90,377,5,8,56
5805,-108,45,90,377,4,9,58
5805,-108,36,90,377,6,10,57
5805,-108,43,90,377,5,10,57
5805,-108,34,90,377,4,8,57
5805,-108,41,90,377,4,9,58
5805,-108,28,90,377,5,10,56
5805,-108,40,90,377,5,9,57
5805,-108,47,90,377,3,10,57
5805,-108,36,90,377,3,10,57
5805,-108,70,90,377,5,9,57
5805,-108,38,90,377,4,8,56
5805,-108,42,90,377,4,9,56
5805,-108,54,90,377,5,7,56
5805,-108,56,90,377,6,8,57
5805,-108,42,90,377,4,8,57
5805,-108,36,90,377,5,8,57
5805,-108,36,90,377,4,10,57
5805,-108,36,90,377,5,10,57
5805,-108,32,90,377,4,11,58
5805,-108,41,90,377,4,9,57
5805,-108,45,90,377,5,10,57
5805,-108,39,90,377,5,7,57
5805,-108,43,90,377,5,11,57
5805,-108,45,90,377,3,11,57
5805,-108,38,90,377,4,9,57
5805,-108,34,90,377,5,9,57
5805,-108,47,90,377,5,9,57
5805,-108,32,90,377,6,10,55
5805,-108,42,90,377,5,9,57
5805,-108,49,90,377,5,9,57
5805,-108,62,90,377,5,9,58
5805,-108,37,90,377,6,9,57
5805,-108,57,90,377,3,10,57
5805,-108,60,90,377,5,10,57
5805,-108,54,90,377,4,10,58
5805,-108,47,90,377,5,11,57
5805,-108,38,90,377,4,10,57
5805,-108,31,90,377,5,9,57
5805,-108,32,90,377,4,8,56
5805,-108,33,90,377,3,9,57
5805,-108,44,90,377,6,9,57
5805,-108,52,90,377,5,9,56
5805,-108,40,90,377,3,10,57
5805,-108,47,90,377,5,9,57
5805,-108,35,90,377,3,9,56
5805,-108,41,90,377,4,10,56
5805,-108,49,90,377,4,8,56
5805,-108,54,90,377,4,11,57
5805,-108,42,90,377,3,9,56
5805,-108,40,90,377,4,8,56
5805,-108,36,90,377,6,11,57
5805,-108,28,90,377,6,10,57
5805,-108,38,90,377,6,8,56
5805,-108,33,90,377,5,7,56
5805,-108,39,90,377,5,10,57
5805,-108,47,90,377,5,9,57
5805,-108,52,90,377,5,10,58
5805,-108,42,90,377,6,9,57
5805,-108,44,90,377,5,9,56
5805,-108,43,90,377,5,9,57
5805,-108,38,90,377,5,8,56
5805,-108,32,90,377,5,11,58
5805,-108,44,90,377,4,10,57
5805,-108,42,90,377,5,10,58
5805,-108,55,90,377,5,10,58
5805,-108,48,90,377,5,10,57
5805,-108,41,90,377,3,10,57
5805,-108,50,90,377,5,9,57
5805,-108,43,90,377,4,10,57
5805,-108,34,90,377,5,9,57
5805,-108,48,90,377,4,10,57
5805,-108,58,90,377,5,9,56
5805,-108,38,90,377,5,9,57
5805,-108,34,90,377,5,10,57
5805,-108,40,90,377,4,10,56
5805,-108,31,90,377,4,8,56
5805,-108,59,89,377,6,11,56
5805,-108,43,90,377,5,8,57
5805,-108,41,89,377,5,9,56
5805,-108,36,90,377,5,9,57
5805,-108,39,90,377,4,8,58
5805,-108,49,90,377,4,11,57
5805,-108,39,90,377,4,8,56
5805,-108,34,90,377,5,9,57
5805,-108,36,90,377,6,9,57
5805,-108,42,90,377,4,10,57
5805,-108,39,90,377,4,9,57
5805,-108,33,90,377,5,10,57
5805,-108,40,90,377,6,8,57
5805,-108,54,90,377,5,9,57
5805,-108,38,90,377,5,9,57
5805,-108,46,90,377,5,9,57
5805,-108,44,90,377,6,8,56
5805,-108,29,90,377,4,12,57
5805,-108,35,90,377,5,8,56
5805,-108,30,90,377,5,9,56
5805,-108,40,90,377,4,10,57
5805,-108,34,90,377,4,9,57
5805,-108,34,90,377,6,9,57
5805,-108,31,90,377,4,12,57
5805,-108,34,90,377,5,9,57
5805,-108,29,90,377,5,9,57
5805,-108,37,90,377,4,8,57
5805,-108,51,90,377,4,9,57
5805,-108,59,90,377,4,11,57
5805,-108,36,90,377,5,10,57
5805,-108,44,90,377,6,10,58
5805,-108,43,90,377,6,11,58
5805,-108,46,90,377,5,8,56
5805,-108,38,90,377,5,11,57
5805,-108,31,90,377,4,8,57
5805,-108,37,90,377,4,11,57
5805,-108,30,90,377,4,8,57
5805,-108,47,90,377,5,9,57
5805,-108,43,90,377,5,10,57
5805,-108,45,90,377,4,8,58
5805,-108,50,90,377,3,10,56
5805,-108,48,90,377,3,10,57
5805,-108,34,90,377,5,8,56
5805,-108,46,90,377,6,10,57
5805,-108,28,90,377,4,9,57
5805,-108,52,90,377,4,12,58
5805,-108,39,90,377,6,9,57
5805,-108,41,90,377,4,8,56
5805,-108,33,90,377,5,9,57
5805,-108,41,90,377,5,10,57
5805,-108,43,90,377,4,9,57
5805,-108,52,90,377,5,9,57
5805,-108,41,90,377,5,9,57
5805,-108,41,90,377,5,10,57
5805,-108,43,90,377,5,10,57
5805,-108,33,90,377,4,8,57
5805,-108,35,90,377,4,8,56
5805,-108,46,90,377,5,8,57
5805,-108,33,90,377,5,10,57
5805,-108,34,90,377,3,8,56
5805,-108,44,90,377,4,8,56
5805,-108,47,90,377,5,9,57
5805,-108,34,90,377,4,9,56
5805,-108,34,90,377,3,11,57
5805,-108,40,90,377,3,9,57
5805,-108,32,90,377,5,9,57
5805,-108,38,90,377,5,10,57
5805,-108,58,90,377,5,8,57
5805,-108,33,90,377,5,9,57
5805,-108,45,90,377,4,9,57
5805,-108,56,90,377,6,9,57
5805,-108,35,90,377,4,11,57
5805,-108,31,90,377,6,9,57
5805,-108,47,90,377,4,10,57
5805,-108,36,90,377,4,9,57
5805,-108,49,90,377,5,10,58
5805,-108,38,90,377,5,10,57
5805,-108,33,90,377,3,9,57
5805,-108,37,90,377,5,9,57
5805,-108,36,90,377,4,9,57
5805,-108,43,90,377,5,9,56
5805,-108,37,90,377,4,10,57
5805,-108,52,90,377,4,10,57
5805,-108,43,90,377,6,11,57
5805,-108,27,90,377,5,10,57
5805,-108,55,90,377,5,10,57
5805,-108,37,90,377,5,10,57
5805,-108,42,90,377,5,9,57
5805,-108,36,90,377,5,10,57
5805,-108,53,90,377,4,9,57
5805,-108,39,90,377,4,9,58
5805,-108,27,90,377,4,10,57
5805,-108,38,90,377,5,9,58
5805,-108,56,90,377,5,8,56
5805,-108,34,90,377,5,7,56
5805,-108,40,90,377,4,8,56
5805,-108,54,90,377,4,9,57
5805,-108,32,90,377,5,8,56
5805,-108,41,90,377,4,11,57
5805,-108,57,90,377,4,10,57
5805,-108,48,90,377,5,10,58
5805,-108,34,89,377,5,10,56
5805,-108,33,90,377,4,9,57
5805,-108,47,90,377,4,8,56
5805,-108,38,90,377,4,12,57
5805,-108,49,90,377,5,10,58
5805,-108,50,90,377,5,8,57
5805,-108,53,90,377,5,11,57
5805,-108,47,90,377,4,11,58
5805,-108,39,90,377,4,9,57
5805,-108,43,90,377,4,8,56
5805,-108,32,90,377,6,11,57
5805,-108,38,90,377,3,9,57
5805,-108,47,90,377,4,11,58
5805,-108,55,90,377,5,10,57
5805,-108,45,90,377,5,9,57
5805,-108,34,90,377,5,8,56
5805,-108,38,90,377,5,10,57
5805,-108,34,90,377,3,9,56
5805,-108,42,90,377,3,10,57
5805,-108,30,90,377,5,10,57
5805,-108,53,90,377,6,9,57
5805,-108,38,90,377,5,9,57
5805,-108,40,90,377,6,9,57
5805,-108,40,90,377,5,9,56
5805,-108,31,90,377,5,11,57
5805,-108,62,90,377,4,8,56
5805,-108,34,90,377,4,9,57
5805,-108,47,90,377,6,9,57
5805,-108,44,90,377,5,8,57
5805,-108,38,90,377,3,8,56
5805,-108,39,90,377,5,8,57
5805,-108,28,90,377,5,10,58
5805,-108,32,90,377,5,9,56
5805,-108,38,90,377,4,8,56
5805,-108,47,90,377,5,9,57
5805,-108,47,90,377,5,10,57
5805,-108,38,90,377,6,8,56
5805,-108,27,90,377,4,9,56
5805,-108,40,90,377,5,9,57
5805,-108,48,90,377,4,9,57
5805,-108,32,90,377,6,10,57
5805,-108,55,90,377,4,10,57
5805,-108,47,90,377,5,10,57
5805,-108,35,90,377,5,10,57
5805,-108,30,90,377,6,9,57
5805,-108,43,90,377,3,9,58
5805,-108,35,90,377,6,11,57
5805,-108,26,90,377,5,10,57
5805,-108,39,90,377,6,9,57
5805,-108,31,90,377,4,8,56
5805,-108,48,90,377,5,9,57
5805,-108,38,90,377,4,9,57
5805,-108,44,90,377,4,10,57
5805,-108,46,90,377,5,9,57
5805,-108,33,90,377,5,11,58
5805,-108,58,90,377,5,8,57
5805,-108,33,90,377,5,10,56
5805,-108,46,90,377,4,9,56
5805,-108,61,90,377,5,10,58
5805,-108,38,90,377,6,9,57
5805,-108,39,90,377,6,9,57
5805,-108,39,90,377,4,9,57
5805,-108,35,90,377,5,8,56
5805,-108,47,90,377,6,10,57
5805,-108,47,90,377,4,9,57
5805,-108,45,90,377,5,10,57
5805,-108,37,90,377,4,8,56
5805,-108,53,90,377,4,10,58
5805,-108,49,90,377,4,10,57
5805,-108,26,90,377,4,8,56
5805,-108,37,90,377,5,9,57
5805,-108,27,90,377,5,9,55
5805,-108,38,90,377,5,10,57
5805,-108,42,90,377,4,7,56
5805,-108,47,90,377,5,10,58
5805,-108,50,90,377,5,10,57
5805,-108,39,90,377,6,9,56
5805,-108,34,90,377,5,10,57
5805,-108,32,90,377,5,10,57
5805,-108,54,90,377,4,9,57
5805,-108,43,90,377,5,10,58
5805,-108,33,90,377,5,9,58
5805,-108,33,90,377,4,9,57
5805,-108,32,90,377,6,9,57
5805,-108,45,90,377,4,10,56
5805,-108,47,90,377,3,8,57
5805,-108,53,90,377,4,10,58
5805,-108,34,90,377,4,10,57
5805,-108,37,90,377,5,9,57
5805,-108,38,90,377,6,9,57
5805,-108,66,90,377,5,9,57
5805,-108,36,90,377,6,9,57
5805,-108,43,90,377,4,10,57
5805,-108,32,90,377,4,10,57
5805,-108,51,89,377,5,7,55
5805,-108,41,90,377,3,9,57
5805,-108,27,90,377,4,9,56
5805,-108,40,90,377,5,9,57
5805,-108,37,90,377,4,8,57
5805,-108,47,90,377,5,10,57
5805,-108,44,90,377,4,10,58
5805,-108,36,90,377,4,9,57
5805,-108,40,90,377,6,11,57
5805,-108,28,90,377,5,10,56
5805,-108,44,90,377,4,9,57
5805,-108,35,90,377,5,10,57
5805,-108,23,90,377,6,8,56
5805,-108,27,90,377,5,10,56
5805,-108,54,90,377,5,9,56
5805,-108,28,90,377,5,10,57
5805,-108,49,90,377,5,10,57
5805,-108,42,90,377,5,10,57
5805,-108,31,90,377,5,9,56
5805,-108,56,90,377,4,9,57
5805,-108,41,90,377,5,9,57
5805,-108,37,90,377,4,9,56
5805,-108,47,90,377,4,8,56
5805,-108,39,90,377,3,9,57
5805,-108,41,90,377,5,9,57
5805,-108,36,90,377,4,11,57
5805,-108,44,90,377,5,9,56
5805,-108,49,90,377,6,9,57
5805,-108,27,90,377,5,9,56
5805,-108,52,90,377,5,10,57
5805,-108,44,90,377,4,9,57
5805,-108,35,90,377,4,11,57
5805,-108,46,90,377,5,10,57
5805,-108,35,90,377,5,9,58
5805,-108,37,90,377,3,11,58
5805,-108,34,90,377,6,10,57
5805,-108,51,90,377,6,10,57
5805,-108,48,90,377,4,10,57
5805,-108,33,90,377,4,9,57
5805,-108,34,90,377,4,11,57
5805,-108,40,90,377,5,9,56
5805,-108,31,90,377,4,10,57
5805,-108,50,90,377,6,10,57
5805,-108,36,90,377,4,8,56
5805,-108,34,90,377,4,9,57
5805,-108,62,90,377,4,9,57
5805,-108,38,90,377,5,9,57
5805,-108,45,90,377,5,10,58
5805,-108,33,90,377,6,8,56
5805,-108,40,90,377,5,11,57
5805,-108,48,90,377,5,10,57
5805,-108,33,90,377,6,9,56
5805,-108,43,90,377,2,10,57
5805,-108,59,90,377,4,8,56
5805,-108,47,90,377,4,9,57
5805,-108,43,90,377,6,8,57
5805,-108,50,90,377,4,10,57
5805,-108,42,90,377,3,9,57
5805,-108,45,90,377,3,9,56
5805,-108,38,90,377,4,9,55
5805,-108,51,90,377,4,10,57
5805,-108,36,90,377,5,7,55
5805,-108,49,90,377,4,10,58
5805,-108,39,90,377,4,9,56
5805,-108,42,90,377,4,11,57
5805,-108,44,90,377,5,9,57
5805,-108,55,90,377,5,9,57
5805,-108,45,90,377,5,10,57
5805,-108,53,90,377,5,9,57
5805,-108,43,90,377,5,10,57
5805,-108,43,90,377,5,9,57
5805,-108,41,90,377,5,9,57
5805,-108,36,90,377,6,9,56
5805,-108,69,90,377,4,9,58
5805,-108,53,90,377,4,10,57
5805,-108,45,90,377,4,9,57
5805,-108,33,90,377,5,11,57
5805,-108,40,90,377,4,9,57
5805,-108,46,90,377,5,11,58
5805,-108,48,90,377,3,10,57
5805,-108,40,90,377,4,9,57
5805,-108,45,90,377,5,9,57
5805,-108,45,90,377,5,8,56
5805,-108,63,90,377,5,9,57
5805,-108,44,90,377,5,11,57
5805,-108,54,90,377,5,10,57
5805,-108,50,90,377,4,10,58
5805,-108,48,90,377,5,7,55
5805,-108,36,90,377,4,9,57
5805,-108,34,90,377,4,10,57
5805,-108,40,90,377,6,9,58
5805,-108,33,90,377,5,10,57
5805,-108,40,90,377,6,9,56
5805,-108,40,90,377,4,9,56
5805,-108,38,90,377,4,10,58
5805,-108,49,90,377,6,10,57
5805,-108,43,90,377,6,9,57
5805,-108,38,90,377,3,12,58
5805,-108,30,90,377,4,10,57
5805,-108,33,90,377,5,9,57
5805,-108,46,90,377,5,9,58
5805,-108,36,90,377,6,9,57
5805,-108,42,90,377,4,10,57
5805,-108,59,90,377,5,9,57
5805,-108,42,90,377,4,10,57
5805,-108,48,90,377,5,8,56
5805,-108,40,90,377,4,10,56
5805,-108,51,89,377,6,8,56
5805,-108,34,90,377,5,9,56
5805,-108,37,90,377,5,9,57
5805,-108,46,90,377,3,9,57
5805,-108,33,90,377,4,9,57
5805,-108,30,90,377,5,9,56
5805,-108,30,90,377,5,9,57
5805,-108,43,90,377,4,9,57
5805,-108,47,90,377,5,10,58
5805,-108,41,90,377,4,9,57
5805,-108,40,90,377,4,10,58
5805,-108,37,90,377,4,9,57
5805,-108,33,90,377,4,11,58
5805,-108,41,90,377,5,9,58
5805,-108,32,90,377,3,10,56
5805,-108,27,90,377,3,9,56
5805,-108,32,90,377,4,9,57
5805,-108,41,90,377,5,9,57
5805,-108,32,90,377,6,10,57
5805,-108,46,90,377,5,9,57
5805,-108,29,90,377,4,9,57
5805,-108,36,90,377,4,11,57
5805,-108,43,90,377,4,9,58
5805,-108,33,90,377,6,10,57
5805,-108,29,90,377,6,8,55
5805,-108,42,90,377,4,9,57
5805,-108,42,90,377,4,9,57
5805,-108,41,90,377,4,9,56
5805,-108,33,89,378,6,10,57
5805,-108,44,90,377,4,9,58
5805,-108,38,90,377,4,8,56
5805,-108,39,90,377,4,10,58
5805,-108,38,89,377,5,9,56
5805,-108,59,90,377,4,8,57
5805,-108,60,90,377,4,10,57
5805,-108,39,90,377,5,9,57
5805,-108,40,90,377,4,10,57
5805,-108,40,90,377,5,9,57
5805,-108,33,90,377,3,10,57
5805,-108,45,90,377,5,9,57
5805,-108,37,90,377,4,10,58
5805,-108,33,90,377,6,9,56
5805,-108,37,90,377,5,11,58
5805,-108,44,90,377,5,9,57
5805,-108,40,90,377,5,8,57
5805,-108,64,90,377,5,10,57
5805,-108,31,90,377,5,9,58
5805,-108,49,90,377,4,12,58
5805,-108,43,90,377,5,10,57
5805,-108,26,90,377,5,9,57
5805,-108,47,90,377,6,10,57
5805,-108,35,90,377,3,9,57
5805,-108,33,90,377,3,9,57
5805,-108,63,90,377,5,10,57
5805,-108,37,90,377,4,9,57
5805,-108,38,90,377,4,9,57
5805,-108,26,90,377,6,9,57
5805,-108,60,90,377,5,10,58
5805,-108,48,90,377,5,10,57
5805,-108,27,90,377,5,9,57
5805,-108,50,90,377,5,10,56
5805,-108,37,90,377,5,10,57
5805,-108,40,90,377,4,11,58
5805,-108,47,90,377,5,9,57
5805,-108,50,90,377,5,11,58
5805,-108,41,90,377,4,10,57
5805,-108,39,90,377,5,8,57
5805,-108,39,90,377,5,11,57
5805,-108,60,90,377,6,10,57
5805,-108,57,90,377,5,9,57
5805,-108,42,90,377,4,11,57
5805,-108,38,90,377,5,8,56
5805,-108,34,90,377,6,8,58
5805,-108,39,90,377,4,11,57
5805,-108,39,90,377,4,9,57
5805,-108,46,90,377,4,10,57
5805,-108,41,90,377,4,9,57
5805,-108,46,90,377,4,9,57
5805,-108,43,90,377,6,8,56
5805,-108,32,90,377,5,10,57
5805,-108,46,90,377,3,9,57
5805,-108,42,90,377,6,9,57
5805,-108,40,90,377,5,9,57
5805,-108,51,90,377,5,10,58
5805,-108,50,90,377,5,10,57
5805,-108,50,90,377,3,9,57
5805,-108,46,90,377,4,8,56
5805,-108,36,90,377,5,9,55
5805,-108,27,90,377,5,9,57
5805,-108,39,90,377,5,11,57
5805,-108,41,90,377,4,7,56
5805,-108,33,90,377,5,8,56
5805,-108,39,90,377,4,11,58
5805,-108,45,90,377,4,8,57
5805,-108,31,90,377,4,11,58
5805,-108,36,90,377,4,10,57
5805,-108,52,90,377,5,8,56
5805,-108,58,90,377,5,8,56
5805,-108,39,90,377,5,9,57
5805,-108,47,90,377,4,10,57
5805,-108,57,90,377,6,9,57
5805,-108,40,90,377,4,9,56
5805,-108,39,89,377,5,10,56
5805,-108,40,90,377,4,8,57
5805,-108,33,90,377,3,9,57
5805,-108,40,90,377,4,10,57
5805,-108,47,90,377,5,9,57
5805,-108,56,90,377,4,9,57
5805,-108,27,90,377,4,11,57
5805,-108,35,90,377,5,11,58
5805,-108,64,90,377,4,9,56
5805,-108,40,90,377,5,8,56
5805,-108,36,90,377,6,9,57
5805,-108,52,89,377,5,9,55
5805,-108,53,90,377,4,9,57
5805,-108,33,90,377,5,9,57
5805,-108,48,90,377,4,10,57
5805,-108,30,90,377,4,10,57
5805,-108,45,90,377,3,8,56
5805,-108,40,90,377,4,10,58
5805,-108,41,90,377,5,10,57
5805,-108,35,90,377,5,10,57
5805,-108,29,90,377,4,9,56
5805,-108,27,90,377,5,10,57
5805,-108,45,90,377,4,10,57
5805,-108,30,90,377,5,8,57
5805,-108,39,90,377,5,10,57
5805,-108,58,90,377,4,9,58
5805,-108,41,90,377,4,10,57
5805,-108,65,90,377,4,9,57
5805,-108,51,90,377,5,8,57
5805,-108,30,90,377,4,9,57
5805,-108,44,90,377,5,11,58
5805,-108,51,90,377,5,10,57
5805,-108,45,90,377,4,8,57
5805,-108,40,90,377,5,9,58
5805,-108,45,90,377,5,11,58
5805,-108,38,90,377,5,12,58
5805,-108,38,90,377,4,9,57
5805,-108,42,90,377,5,9,56
5805,-108,31,90,377,5,9,57
5805,-108,48,90,377,5,10,58
5805,-108,34,90,377,5,8,56
5805,-108,43,90,377,4,11,57
5805,-108,46,90,377,3,10,57
5805,-108,37,90,377,5,11,57
5805,-108,46,90,377,4,9,57
5805,-108,56,90,377,5,10,57
5805,-108,65,90,377,4,10,57
5805,-108,61,90,377,4,10,57
5805,-108,31,90,377,5,8,57
5805,-108,39,90,377,6,8,56
5805,-108,39,90,377,4,9,56
5805,-108,24,89,378,6,10,56
5805,-108,50,90,377,5,9,57
5805,-108,53,90,377,5,11,57
5805,-108,58,90,377,5,8,57
5805,-108,42,90,377,4,10,56
5805,-108,51,89,378,5,9,56
5805,-108,51,90,377,3,10,57
5805,-108,36,90,377,5,11,57
5805,-108,37,90,377,5,10,57
5805,-108,40,90,377,6,10,57
5805,-108,38,90,377,5,10,57
5805,-108,47,90,377,4,10,58
5805,-108,50,90,377,5,9,57
5805,-108,55,90,377,5,10,57
5805,-108,51,90,377,5,9,57
5805,-108,38,90,377,3,10,57
5805,-108,42,90,377,5,9,57
5805,-108,50,90,377,4,8,56
5805,-108,45,90,377,4,9,57
5805,-108,60,90,377,4,10,58
5805,-108,31,90,377,4,11,57
5805,-108,35,90,377,5,11,57
5805,-108,33,90,377,4,9,57
5805,-108,29,90,377,5,7,55
5805,-108,51,90,377,6,10,57
5805,-108,40,90,377,4,9,57
5805,-108,49,90,377,5,11,57
5805,-108,39,90,377,5,11,58
5805,-108,57,90,377,5,7,57
5805,-108,43,90,377,6,9,56
5805,-108,67,90,377,2,10,58
5805,-108,27,90,377,4,9,57
5805,-108,41,90,377,4,11,57
5805,-108,47,90,377,5,12,58
5805,-108,66,90,377,4,10,57
5805,-108,33,90,377,6,9,58
5805,-108,47,90,377,5,9,57
5805,-108,37,90,377,5,9,56
5805,-108,57,90,377,5,10,58
5805,-108,44,90,377,5,10,57
5805,-108,36,90,377,4,11,57
5805,-108,52,90,377,4,10,58
5805,-108,44,90,377,5,9,57
5805,-108,30,90,377,4,11,57
5805,-108,47,90,377,5,8,57
5805,-108,60,90,377,4,10,58
5805,-108,57,90,377,5,9,57
5805,-108,52,90,377,5,10,57
5805,-108,46,90,377,4,9,57
5805,-108,45,90,377,5,9,57
5805,-108,46,90,377,5,10,57
5805,-108,54,90,377,5,10,57
5805,-108,53,90,377,4,9,57
5805,-108,36,89,377,5,8,56
5805,-108,47,90,377,5,8,57
5805,-108,52,90,377,5,9,57
5805,-108,42,90,377,5,8,57
5805,-108,54,90,377,5,8,56
5805,-108,34,90,377,5,10,57
5805,-108,32,90,377,5,9,57
5805,-108,50,90,377,4,8,56
5805,-108,29,90,377,5,10,57
5805,-108,50,90,377,4,10,57
5805,-108,59,90,377,5,9,56
5805,-108,45,90,377,5,9,57
5805,-108,29,90,377,5,11,56
5805,-108,38,90,377,5,9,57
5805,-108,34,90,377,5,10,56
5805,-108,27,90,377,5,9,57
5805,-108,40,90,377,5,9,56
5805,-108,46,90,377,4,9,57
5805,-108,34,90,377,4,10,57
5805,-108,33,90,377,4,7,57
5805,-108,50,90,377,6,9,57
5805,-108,40,90,377,5,9,56
5805,-108,49,90,377,6,9,56
5805,-108,63,90,377,4,10,58
5805,-108,33,90,377,4,10,57
5805,-108,32,90,377,5,10,58
5805,-108,33,90,377,5,8,56
5805,-108,46,90,377,5,9,57
5805,-108,40,90,377,5,7,56
5805,-108,39,90,377,4,10,57
5805,-108,26,90,377,5,8,56
5805,-108,53,90,377,5,11,58
5805,-108,39,90,377,4,10,58
5805,-108,38,90,377,6,9,57
5805,-108,44,90,377,4,9,56
5805,-108,50,90,377,4,11,58
5805,-108,37,90,377,4,11,58
5805,-108,40,90,377,3,10,57
5805,-108,33,90,377,5,9,57
5805,-108,36,90,377,5,11,58
5805,-108,47,90,377,4,10,57
5805,-108,30,90,377,4,9,57
5805,-108,26,90,377,3,8,56
5805,-108,42,90,377,5,10,57
5805,-108,38,90,377,4,8,56
5805,-108,38,90,377,3,8,57
5805,-108,72,90,377,5,10,58
5805,-108,37,90,377,5,11,57
5805,-108,27,90,377,5,9,57
5805,-108,43,90,377,5,8,56
5805,-108,39,90,377,5,9,57
5805,-108,46,90,377,5,9,57
5805,-108,39,90,377,4,7,56
5805,-108,33,90,377,5,11,57
5805,-108,33,90,377,4,9,57
5805,-108,38,90,377,5,11,57
5805,-108,55,90,377,5,11,58
5805,-108,50,90,377,5,10,57
5805,-108,47,90,377,4,9,56
5805,-108,31,90,377,6,8,56
5805,-108,45,90,377,5,10,57
5805,-108,48,90,377,6,9,57
5805,-108,46,90,377,6,10,57
5805,-108,38,90,377,5,9,57
5805,-108,45,90,377,4,10,57
5805,-108,38,90,377,4,10,57
5805,-108,38,90,377,6,10,57
5805,-108,40,90,377,2,10,57
5805,-108,52,90,377,5,9,58
5805,-108,29,90,377,5,8,57
5805,-108,39,90,377,5,10,57
5805,-108,35,90,377,6,11,59
5805,-108,31,90,377,6,9,57
5805,-108,32,90,377,4,10,57
5805,-108,41,90,377,6,9,57
5805,-108,35,90,377,5,9,57
5805,-108,30,90,377,5,11,58
5805,-108,61,90,377,4,10,57
5805,-108,56,90,377,4,8,56
5805,-108,46,90,377,5,9,57
5805,-108,37,90,377,5,8,56
5805,-108,35,90,377,3,10,58
5805,-108,60,90,377,6,9,57
5805,-108,47,90,377,5,8,57
5805,-108,46,90,377,6,10,57
5805,-108,39,90,377,5,9,57
5805,-108,53,90,377,5,8,57
5805,-108,29,90,377,5,10,58
5805,-108,36,90,377,5,9,56
5805,-108,36,90,377,4,10,57
5805,-108,57,90,377,6,9,57
5805,-108,42,90,377,5,8,56
5805,-108,31,90,377,5,9,57
5805,-108,51,90,377,5,11,57
5805,-108,43,90,377,4,8,57
5805,-108,35,90,377,5,10,57
5805,-108,41,90,377,4,12,58
5805,-108,39,89,377,5,9,57
5805,-108,38,90,377,5,10,57
5805,-108,46,90,377,6,9,58
5805,-108,42,90,377,4,10,58
5805,-108,42,90,377,5,10,58
5805,-108,46,90,377,4,10,57
5805,-108,59,90,377,4,10,57
5805,-108,50,90,377,4,8,57
5805,-108,46,90,377,4,9,57
5805,-108,35,90,377,5,11,57
5805,-108,46,90,377,5,10,56
5805,-108,46,90,377,4,9,57
5805,-108,44,90,377,6,9,57
5805,-108,38,90,377,5,8,57
5805,-108,30,90,377,3,11,58
5805,-108,36,90,377,4,9,56
5805,-108,41,90,377,6,10,57
5805,-108,39,90,377,4,8,56
5805,-108,47,90,377,5,11,57
5805,-108,36,90,377,6,10,57
5805,-108,40,90,377,5,8,56
5805,-108,41,90,377,5,9,57
5805,-108,41,89,377,5,8,56
5805,-108,53,90,377,4,8,56
5805,-108,35,90,377,4,11,58
5805,-108,38,90,377,4,8,57
5805,-108,52,90,377,3,9,57
5805,-108,28,90,377,5,10,57
5805,-108,47,90,377,4,10,57
5805,-108,39,90,377,5,9,57
5805,-108,37,90,377,5,9,57
5805,-108,43,90,377,5,9,57
5805,-108,29,90,377,6,8,56
5805,-108,29,90,377,6,8,55
5805,-108,40,90,377,5,10,57
5805,-108,45,90,377,5,11,58
5805,-108,45,90,377,5,10,57
5805,-108,36,90,377,4,8,57
5805,-108,37,90,377,4,9,57
5805,-108,40,89,377,5,11,57
5805,-108,52,90,377,3,11,57
5805,-108,37,90,377,5,10,57
5805,-108,52,90,377,4,8,57
5805,-108,33,90,377,4,9,56
5805,-108,29,90,377,5,10,57
5805,-108,41,90,377,4,11,57
5805,-108,49,90,377,4,10,57
5805,-108,50,90,377,4,9,56
5805,-108,61,90,377,5,10,57
5805,-108,39,90,377,5,9,57
5805,-108,55,90,377,5,9,57
5805,-108,34,90,377,4,9,57
5805,-108,24,90,377,4,9,56
5805,-108,38,90,377,5,9,57
5805,-108,40,90,377,5,8,56
5805,-108,37,90,377,4,8,56
5805,-108,40,90,377,5,10,58
5805,-108,40,90,377,4,11,58
5805,-108,30,89,377,5,10,56
5805,-108,37,90,377,4,10,57
5805,-108,39,90,377,5,9,57
5805,-108,30,90,377,6,10,57
5805,-108,47,90,377,5,10,58
5805,-108,30,90,377,5,11,57
5805,-108,37,90,377,5,9,56
5805,-108,47,90,377,6,9,58
5805,-108,43,90,377,4,8,56
5805,-108,35,90,377,4,9,56
5805,-108,44,90,377,4,9,57
5805,-108,50,90,377,6,8,56
5805,-108,36,90,377,4,10,57
5805,-108,43,90,377,5,11,58
5805,-108,41,90,377,5,9,57
5805,-108,41,90,377,5,9,57
5805,-108,40,90,377,4,9,56
5805,-108,37,90,377,5,9,57
5805,-108,34,90,377,5,10,57
5805,-108,44,90,377,5,7,55
5805,-108,28,90,377,3,9,57
5805,-108,46,90,377,4,9,57
5805,-108,48,90,377,5,9,57
5805,-108,44,90,377,5,8,57
5805,-108,39,90,377,5,8,57
5805,-108,37,90,377,4,10,58
5805,-108,38,90,377,4,9,57
5805,-108,31,90,377,5,9,57
5805,-108,52,90,377,4,10,57
5805,-108,33,90,377,4,9,57
5805,-108,31,90,377,4,8,56
5805,-108,50,90,377,4,10,57
5805,-108,36,90,377,4,8,56
5805,-108,39,90,377,4,11,57
5805,-108,35,90,377,3,10,57
5805,-108,53,90,377,5,9,56
5805,-108,25,90,377,5,6,56
5805,-108,54,90,377,5,10,58
5805,-108,39,90,377,5,10,57
5805,-108,33,90,377,6,10,57
5805,-108,38,90,377,5,11,57
5805,-108,34,90,377,5,9,57
5805,-108,55,90,377,4,11,57
5805,-108,43,90,377,5,9,57
5805,-108,48,90,377,4,10,57
5805,-108,34,90,377,5,9,57
5805,-108,37,90,377,4,9,57
5805,-108,36,90,377,4,9,57
5805,-108,49,90,377,5,11,57
5805,-108,43,90,377,4,9,56
5805,-108,39,90,377,4,10,57
5805,-108,60,90,377,4,10,57
5805,-108,40,90,377,4,10,58
5805,-108,46,90,377,4,10,57
5805,-108,29,90,377,5,10,57
5805,-108,44,90,377,4,7,56
5805,-108,48,90,377,4,11,57
5805,-108,45,90,377,5,8,56
5805,-108,37,90,377,5,11,57
5805,-108,46,90,377,5,9,57
5805,-108,44,90,377,5,11,58
5805,-108,28,90,377,4,9,56
5805,-108,44,90,377,4,9,57
5805,-108,34,90,377,5,10,57
5805,-108,55,90,377,4,8,56
5805,-108,38,90,377,4,11,57
5805,-108,41,90,377,5,8,56
5805,-108,38,90,377,5,7,55
5805,-108,30,89,377,6,8,54
5805,-108,60,90,377,4,10,57
5805,-108,62,90,377,3,8,57
5805,-108,52,90,377,6,12,57
5805,-108,45,90,377,4,9,57
5805,-108,51,90,377,3,8,56
5805,-108,44,90,377,6,9,57
5805,-108,52,90,377,5,10,57
5805,-108,30,90,377,5,9,57
5805,-108,52,90,377,4,8,56
5805,-108,56,90,377,5,12,58
5805,-108,56,90,377,5,11,58
5805,-108,57,90,377,4,9,56
5805,-108,57,90,377,4,8,57
5805,-108,56,90,377,4,10,57
5805,-108,37,90,377,5,11,58
5805,-108,54,90,377,6,11,58
5805,-108,49,90,377,6,8,57
5805,-108,41,90,377,5,10,57
5805,-108,42,90,377,6,8,57
5805,-108,48,90,377,4,8,57
5805,-108,52,90,377,3,9,57
5805,-108,50,90,377,5,8,57
5805,-108,37,90,377,5,9,57
5805,-108,42,90,377,5,10,58
5805,-108,46,90,377,5,11,58
5805,-108,49,90,377,5,9,57
5805,-108,37,90,377,4,11,58
5805,-108,39,90,377,4,9,56
5805,-108,37,90,377,5,10,58
5805,-108,31,90,377,4,7,55
5805,-108,44,90,377,5,9,58
5805,-108,50,90,377,5,10,58
5805,-108,43,90,377,5,10,57
5805,-108,55,90,377,6,10,57
5805,-108,56,90,377,4,7,56
5805,-108,35,90,377,5,10,57
5805,-108,48,90,377,5,8,56
5805,-108,50,90,377,6,10,57
5805,-108,48,90,377,6,9,57
5805,-108,49,90,377,4,9,57
5805,-108,45,90,377,6,10,57
5805,-108,46,90,377,5,7,56
5805,-108,49,90,377,4,9,57
5805,-108,26,90,377,4,9,57
5805,-108,51,90,377,5,9,57
5805,-108,48,90,377,4,8,56
5805,-108,45,90,377,4,10,57
5805,-108,46,90,377,5,11,57
5805,-108,62,90,377,4,9,58
5805,-108,44,90,377,3,9,57
5805,-108,41,90,377,5,10,57
5805,-108,36,90,377,5,8,57
5805,-108,38,90,377,3,10,57
5805,-108,32,90,377,4,10,57
5805,-108,44,90,377,5,10,57
5805,-108,27,90,377,5,6,56
5805,-108,33,90,377,5,10,58
5805,-108,41,90,377,4,10,57
5805,-108,45,90,377,4,9,57
5805,-108,31,90,377,4,9,57
5805,-108,45,90,377,4,11,58
5805,-108,38,90,377,5,9,57
5805,-108,34,90,377,5,11,57
5805,-108,50,90,377,4,9,57
5805,-108,59,90,377,4,10,57
5805,-108,56,90,377,5,11,57
5805,-108,30,90,377,5,8,57
5805,-108,47,90,377,4,8,56
5805,-108,65,90,377,6,8,57
5805,-108,38,90,377,6,9,57
5805,-108,41,90,377,5,12,58
5805,-108,27,90,377,4,9,56
5805,-108,40,90,377,4,9,57
5805,-108,30,90,377,6,10,57
5805,-108,40,90,377,5,10,57
5805,-108,44,90,377,5,10,57
5805,-108,55,90,377,5,7,57
5805,-108,59,90,377,4,11,58
5805,-108,39,90,377,5,9,58
5805,-108,47,90,377,5,11,57
5805,-108,38,90,377,5,10,57
5805,-108,37,90,377,5,8,56
5805,-108,46,90,377,6,8,57
5805,-108,47,90,377,4,10,57
5805,-108,39,90,377,5,11,57
5805,-108,67,90,377,5,10,57
5805,-108,46,90,377,3,9,57
5805,-108,38,90,377,4,11,58
5805,-108,35,90,377,5,9,56
5805,-108,46,90,377,4,10,58
5805,-108,34,90,377,5,10,56
5805,-108,34,90,377,5,9,57
5805,-108,47,90,377,5,8,56
5805,-108,37,90,377,5,10,57
5805,-108,47,90,377,4,10,57
5805,-108,29,89,378,5,9,55
5805,-108,42,90,377,4,8,57
5805,-108,34,89,378,7,10,55
5805,-108,37,90,377,6,11,57
5805,-108,33,90,377,5,11,57
5805,-108,42,90,377,4,10,57
5805,-108,39,90,377,4,7,57
5805,-108,31,90,377,5,10,57
5805,-108,33,90,377,4,9,57
5805,-108,33,90,377,4,10,58
5805,-108,40,90,377,5,11,57
5805,-108,60,90,377,5,9,57
5805,-108,29,90,377,4,9,57
5805,-108,48,90,377,5,9,57
5805,-108,26,90,377,4,9,56
5805,-108,41,90,377,5,9,57
5805,-108,46,90,377,5,9,57
5805,-108,35,90,377,4,10,57
5805,-108,39,90,377,5,11,57
5805,-108,38,90,377,5,9,57
5805,-108,47,90,377,5,10,58
5805,-108,36,90,377,3,8,56
5805,-108,50,90,377,4,9,58
5805,-108,54,90,377,4,8,57
5805,-108,55,90,377,4,10,57
5805,-108,47,90,377,5,10,57
5805,-108,41,90,377,5,8,56
5805,-108,42,90,377,5,9,56
5805,-108,58,90,377,4,9,57
5805,-108,31,90,377,4,9,57
5805,-108,43,90,377,4,9,57
5805,-108,36,90,377,5,10,57
5805,-108,28,90,377,5,10,58
5805,-108,40,90,377,5,8,56
5805,-108,33,90,377,5,11,57
5805,-108,42,90,377,5,8,56
5805,-108,35,90,377,4,8,56
5805,-108,49,90,377,4,9,57
5805,-108,43,90,377,4,8,57
5805,-108,43,90,377,4,9,57
5805,-108,43,89,377,6,9,57
5805,-108,38,90,377,3,9,58
5805,-108,44,90,377,4,11,57
5805,-108,46,90,377,4,9,57
5805,-108,40,90,377,6,10,57
5805,-108,54,90,377,4,10,58
5805,-108,42,90,377,5,9,57
5805,-108,44,90,377,4,9,57
5805,-108,41,90,377,4,9,56
5805,-108,48,90,377,5,9,58
5805,-108,35,90,377,5,9,57
5805,-108,29,90,377,5,10,57
5805,-108,57,90,377,5,8,56
5805,-108,34,90,377,3,10,57
5805,-108,39,90,377,4,11,58
5805,-108,44,90,377,4,8,56
5805,-108,52,90,377,6,10,58
5805,-108,38,90,377,6,10,57
5805,-108,35,90,377,5,9,55
5805,-108,41,90,377,4,9,57
5805,-108,43,90,377,6,12,58
5805,-108,38,90,377,6,9,57
5805,-108,28,90,377,5,11,58
5805,-108,43,90,377,5,11,57
5805,-108,43,90,377,4,9,57
5805,-108,42,90,377,5,9,56
5805,-108,32,90,377,3,11,57
5805,-108,48,90,377,6,9,57
5805,-108,41,90,377,4,10,57
5805,-108,49,90,377,5,9,57
5805,-108,45,90,377,5,8,56
5805,-108,41,90,377,5,12,57
5805,-108,42,90,377,5,7,56
5805,-108,33,88,378,6,8,54
5805,-108,49,90,377,5,9,57
5805,-108,37,90,377,4,8,56
5805,-108,38,90,377,4,9,57
5805,-108,45,90,377,4,9,57
5805,-108,42,90,377,5,11,57
5805,-108,56,90,377,4,9,57
5805,-108,34,90,377,4,10,57
5805,-108,43,90,377,4,13,58
5805,-108,41,90,377,4,12,58
5805,-108,46,90,377,5,9,57
5805,-108,52,90,377,5,11,58
5805,-108,56,90,377,6,9,57
5805,-108,46,89,377,4,11,56
5805,-108,38,90,377,4,10,57
5805,-108,33,90,377,5,9,57
5805,-108,50,90,377,5,9,57
5805,-108,48,89,377,6,8,56
5805,-108,32,90,377,5,8,56
5805,-108,43,90,377,4,11,57
5805,-108,43,90,377,4,8,57
5805,-108,68,90,377,5,10,58
5805,-108,31,90,377,3,11,57
5805,-108,43,90,377,5,8,57
5805,-108,38,90,377,5,10,57
5805,-108,36,90,377,4,10,57
5805,-108,50,90,377,5,11,57
5805,-108,43,90,377,6,10,57
5805,-108,39,90,377,3,10,57
5805,-108,42,90,377,6,9,56
5805,-108,66,90,377,5,9,57
5805,-108,33,90,377,4,10,57
5805,-108,51,90,377,3,8,57
5805,-108,30,90,377,5,10,57
5805,-108,46,89,377,6,9,56
5805,-108,42,90,377,4,10,57
5805,-108,59,90,377,5,9,57
5805,-108,46,90,377,3,10,57
5805,-108,56,90,377,3,9,57
5805,-108,29,89,378,6,8,55
5805,-108,45,90,377,5,8,56
5805,-108,33,89,377,5,8,56
5805,-108,56,90,377,5,11,57
5805,-108,34,90,377,5,9,57
5805,-108,39,90,377,4,11,58
5805,-108,46,90,377,4,9,57
5805,-108,27,90,377,5,9,56
5805,-108,28,90,377,5,9,57
5805,-108,30,90,377,5,9,57
5805,-108,48,90,377,5,10,57
5805,-108,44,90,377,5,9,56
5805,-108,38,90,377,5,11,57
5805,-108,30,90,377,4,10,56
5805,-108,42,90,377,5,9,57
5805,-108,29,90,377,5,9,57
5805,-108,28,90,377,5,9,56
5805,-108,48,90,377,5,9,57
5805,-108,31,90,377,4,8,56
5805,-108,39,90,377,5,10,57
5805,-108,44,90,377,5,9,57
5805,-108,42,90,377,4,11,57
5805,-108,37,90,377,4,9,57
5805,-108,30,90,377,4,9,57
5805,-108,41,90,377,5,11,57
5805,-108,55,90,377,4,9,57
5805,-108,42,90,377,3,9,57
5805,-108,34,90,377,6,8,56
5745,-106,48,89,375,3,9,58
5745,-106,55,90,375,4,10,58
5745,-106,39,90,375,5,12,59
5745,-106,37,89,375,5,9,57
5745,-106,42,90,375,3,10,59
5745,-106,60,89,375,5,10,58
5745,-106,40,90,375,3,10,58
5745,-106,46,90,375,3,10,58
5745,-106,35,89,376,4,10,57
5745,-106,49,90,375,4,9,58
5745,-106,52,90,375,4,10,59
5745,-106,55,90,375,4,10,58
5745,-106,54,89,375,3,9,57
5745,-106,36,90,375,4,10,59
5745,-106,31,89,376,5,8,57
5745,-106,25,90,375,4,7,56
5745,-106,33,88,377,6,10,57
5745,-106,45,90,375,3,9,59
5745,-106,38,90,375,5,9,58
5745,-106,36,89,376,3,8,57
5745,-106,43,90,375,4,9,58
5745,-106,36,90,375,4,9,58
5745,-106,40,89,376,5,8,57
5745,-106,57,89,375,3,9,57
5745,-106,37,90,375,5,8,58
5745,-106,38,90,375,4,10,59
5745,-106,50,90,375,3,10,59
5745,-106,54,90,375,4,10,58
5745,-106,35,90,375,3,9,59
5745,-106,35,90,375,4,9,59
5745,-106,46,90,375,4,8,58
5745,-106,46,90,375,2,9,58
5745,-106,37,89,375,4,7,57
5745,-106,40,90,375,4,10,58
5745,-106,32,89,375,3,9,57
5745,-106,49,90,375,4,9,58
5745,-106,38,90,375,4,9,58
5745,-106,32,90,375,5,11,59
5745,-106,47,89,375,3,10,57
5745,-106,33,89,375,5,8,56
5745,-106,34,90,375,3,11,59
5745,-106,45,89,375,4,10,58
5745,-106,30,90,375,4,10,58
5745,-106,42,90,375,2,10,59
5745,-106,61,90,375,4,7,57
5745,-106,42,89,376,5,10,57
5745,-106,39,89,375,4,8,56
5745,-106,34,90,375,4,9,58
5745,-106,60,90,375,5,7,57
5745,-106,31,88,376,4,8,55
5745,-106,38,90,375,3,10,59
5745,-106,31,90,375,4,9,58
5745,-106,48,89,375,4,9,58
5745,-106,70,90,375,3,10,58
5745,-106,46,90,375,3,9,58
5745,-106,34,89,376,4,10,57
5745,-106,28,89,375,4,8,57
5745,-106,51,89,375,4,9,57
5745,-106,42,89,375,4,8,57
5745,-106,66,90,375,5,10,59
5745,-106,42,89,376,3,9,57
5745,-106,54,90,375,4,10,59
5745,-106,41,90,375,4,9,58
5745,-106,42,90,375,4,10,59
5745,-106,45,90,375,3,7,58
5745,-106,38,89,376,5,10,57
5745,-106,48,88,376,4,9,57
5745,-106,52,90,375,4,9,59
5745,-106,41,90,375,4,10,59
5745,-106,37,90,375,4,10,59
5745,-106,31,89,375,5,7,56
5745,-106,50,90,375,4,8,58
5745,-106,55,90,375,5,11,59
5745,-106,46,90,375,4,11,59
5745,-106,37,89,375,4,8,58
5745,-106,48,90,375,3,10,59
5745,-106,65,90,375,3,10,58
5745,-106,50,90,375,3,9,58
5745,-106,47,90,375,5,10,59
5745,-106,34,90,375,3,10,58
5745,-106,43,90,375,5,9,58
5745,-106,56,89,376,3,9,57
5745,-106,39,90,375,4,9,59
5745,-106,43,89,375,4,9,57
5745,-106,42,89,375,4,9,57
5745,-106,31,89,375,3,9,57
5745,-106,69,90,375,3,8,57
5745,-106,33,90,375,5,9,58
5745,-106,57,89,375,4,10,58
5745,-106,48,90,375,3,11,59
5745,-106,36,90,375,3,9,59
5745,-106,38,90,375,5,9,58
5745,-106,34,90,375,5,10,58
5745,-106,30,89,375,4,8,56
5745,-106,43,90,375,2,9,58
5745,-106,47,90,375,4,11,59
5745,-106,32,90,375,3,9,58
5745,-106,58,90,375,4,9,58
5745,-106,38,90,375,4,10,59
5745,-106,40,90,375,3,8,58
5745,-106,35,90,375,4,10,58
5745,-106,39,89,375,3,8,57
5745,-106,39,90,375,3,9,58
5745,-106,36,90,375,4,10,59
5745,-106,57,90,375,5,10,58
5745,-106,32,90,375,4,10,58
5745,-106,43,89,375,5,9,57
5745,-106,56,90,375,5,11,59
5745,-106,39,90,375,5,9,58
5745,-106,43,89,375,3,10,57
5745,-106,45,90,375,4,9,59
5745,-106,45,89,375,5,9,57
5745,-106,48,90,375,5,10,59
5745,-106,38,90,375,4,9,58
5745,-106,64,90,375,4,10,59
5745,-106,58,90,375,2,9,58
5745,-106,38,90,375,4,11,58
5745,-106,30,90,375,4,8,57
5745,-106,37,89,375,5,10,58
5745,-106,43,90,375,4,10,58
5745,-106,43,88,376,5,9,56
5745,-106,44,89,375,4,10,58
5745,-106,47,90,375,3,10,59
5745,-106,72,90,375,5,10,58
5745,-106,29,89,375,5,8,58
5745,-106,51,90,375,4,8,58
5745,-106,44,90,375,2,8,57
5745,-106,51,90,375,4,10,58
5745,-106,38,90,375,4,9,58
5745,-106,27,89,375,4,10,57
5745,-106,44,90,375,4,10,58
5745,-106,41,90,375,4,9,58
5745,-106,39,89,376,5,10,57
5745,-106,30,88,377,4,8,56
5745,-106,39,88,376,4,10,57
5745,-106,36,90,375,3,8,58
5745,-106,37,89,376,5,9,57
5745,-106,51,90,375,3,9,58
5745,-106,32,90,375,4,10,59
5745,-106,57,90,375,4,10,59
5745,-106,74,90,375,4,8,58
5745,-106,42,90,375,4,10,59
5745,-106,42,89,375,6,8,57
5745,-106,35,90,375,4,8,58
5745,-106,40,90,375,5,10,58
5745,-106,41,89,376,6,12,59
5745,-106,28,88,376,7,10,57
5745,-106,33,88,376,6,10,57
5745,-106,37,90,375,4,11,59
5745,-106,28,88,376,5,8,56
5745,-106,42,90,375,4,10,58
5745,-106,51,89,375,3,9,57
5745,-106,44,90,375,4,9,59
5745,-106,39,90,375,5,9,58
5745,-106,43,90,375,5,10,59
5745,-106,42,90,375,5,9,58
5745,-106,50,90,375,4,9,58
5745,-106,41,89,375,3,10,58
5745,-106,51,90,375,4,11,59
5745,-106,34,90,375,3,9,57
5745,-106,37,89,375,4,10,58
5745,-106,50,90,375,3,10,58
5745,-106,41,89,375,4,9,57
5745,-106,58,90,375,3,11,59
5745,-106,28,89,375,3,9,57
5745,-106,51,90,375,4,9,58
5745,-106,41,90,375,5,10,59
5745,-106,33,90,375,5,9,58
5745,-106,54,90,375,4,10,59
5745,-106,54,90,375,3,8,57
5745,-106,44,90,375,5,7,58
5745,-106,41,89,376,4,9,57
5745,-106,44,90,375,4,10,58
5745,-106,33,89,376,4,10,58
5745,-106,61,90,375,4,10,59
5745,-106,28,90,375,5,9,58
5745,-106,40,89,376,3,7,57
5745,-106,26,89,375,4,9,57
5745,-106,34,90,375,5,11,58
5745,-106,40,89,376,4,11,59
5745,-106,36,89,375,4,7,56
5745,-106,35,90,375,4,11,59
5745,-106,57,90,375,4,8,59
5745,-106,36,90,375,4,10,57
5745,-106,57,90,375,4,10,58
5745,-106,46,89,376,3,10,58
5745,-106,60,90,375,5,8,59
5745,-106,49,89,376,4,7,58
5745,-106,46,89,375,4,10,57
5745,-106,28,89,375,6,10,57
5745,-106,32,89,375,3,10,58
5745,-106,51,90,375,3,7,58
5745,-106,46,90,375,3,12,59
5745,-106,40,90,375,3,7,57
5745,-106,56,90,375,5,9,59
5745,-106,27,90,375,2,9,59
5745,-106,35,90,375,2,9,58
5745,-106,43,90,375,3,11,60
5745,-106,30,89,376,4,8,57
5745,-106,31,89,375,4,10,57
5745,-106,36,90,375,4,7,57
5745,-106,35,90,375,3,9,58
5745,-106,35,90,375,6,7,57
5745,-106,42,90,375,4,9,58
5745,-106,44,90,375,4,8,57
5745,-106,48,90,375,4,8,59
5745,-106,52,90,375,2,9,59
5745,-106,54,90,375,4,9,58
5745,-106,56,90,375,3,7,58
5745,-106,47,90,375,4,9,57
5745,-106,34,90,375,3,8,58
5745,-106,37,89,376,4,9,57
5745,-106,30,89,376,4,9,57
5745,-106,39,90,375,3,9,59
5745,-106,37,90,375,3,9,58
5745,-106,38,90,375,6,9,58
5745,-106,30,90,375,4,9,57
5745,-106,35,89,376,4,11,58
5745,-106,42,90,375,4,10,58
5745,-106,33,89,375,5,9,56
5745,-106,46,90,375,5,11,59
5745,-106,58,89,375,5,10,58
5745,-106,38,90,375,5,9,58
5745,-106,37,89,375,3,7,57
5745,-106,41,90,375,3,9,57
5745,-106,58,90,375,4,10,58
5745,-106,31,89,375,4,10,57
5745,-106,53,90,375,4,10,59
5745,-106,52,90,375,3,7,57
5745,-106,32,88,377,5,10,57
5745,-106,57,90,375,3,11,59
5745,-106,38,90,375,4,9,58
5745,-106,35,90,375,4,10,58
5745,-106,45,90,375,3,10,59
5745,-106,42,90,375,4,9,58
5745,-106,45,90,375,3,6,57
5745,-106,37,90,375,4,8,58
5745,-106,52,90,375,3,10,59
5745,-106,54,89,376,4,8,59
5745,-106,30,90,375,4,9,58
5745,-106,45,89,375,5,8,57
5745,-106,42,90,375,5,10,58
5745,-106,32,89,375,4,9,57
5745,-106,46,89,376,4,7,57
5745,-106,27,89,375,5,10,57
5745,-106,44,90,375,4,10,58
5745,-106,33,90,375,3,8,57
5745,-106,42,90,375,4,11,59
5745,-106,28,90,375,4,9,58
5745,-106,37,90,375,5,8,58
5745,-106,52,90,375,3,9,59
5745,-106,30,90,375,4,10,58
5745,-106,38,89,376,4,10,57
5745,-106,44,89,375,5,9,57
5745,-106,29,90,375,3,8,58
5745,-106,36,90,375,4,10,58
5745,-106,40,89,376,4,10,58
5745,-106,46,90,375,3,11,58
5745,-106,36,90,375,3,9,58
5745,-106,38,89,375,4,10,57
5745,-106,44,90,375,4,7,58
5745,-106,45,90,375,5,8,58
5745,-106,33,89,375,3,8,56
5745,-106,35,90,375,3,10,58
5745,-106,30,90,375,3,10,59
5745,-106,41,90,375,4,10,59
5745,-106,46,90,375,4,11,59
5745,-106,48,89,375,4,9,57
5745,-106,43,90,375,4,11,59
5745,-106,35,89,376,4,10,58
5745,-106,46,90,375,4,11,59
5745,-106,29,90,375,4,8,58
5745,-106,35,87,377,4,9,55
5745,-106,38,90,375,5,11,59
5745,-106,60,90,375,4,9,58
5745,-106,49,89,375,4,9,58
5745,-106,36,90,375,3,10,59
5745,-106,51,90,375,2,7,58
5745,-106,42,89,375,2,10,58
5745,-106,40,90,375,3,10,59
5745,-106,47,90,375,4,10,58
5745,-106,41,90,375,4,7,58
5745,-106,32,90,375,4,10,58
5745,-106,66,90,375,4,8,59
5745,-106,43,90,375,4,9,58
5745,-106,44,90,375,4,10,59
5745,-106,41,90,375,2,11,59
5745,-106,49,90,375,4,10,59
5745,-106,44,90,375,4,9,59
5745,-106,40,90,375,3,9,58
5745,-106,40,90,375,4,10,58
5745,-106,45,89,376,5,9,57
5745,-106,56,90,375,4,9,58
5745,-106,43,90,375,5,7,57
5745,-106,56,90,375,3,9,59
5745,-106,49,90,375,4,8,58
5745,-106,39,90,375,4,9,58
5745,-106,35,90,375,4,8,57
5745,-106,42,89,375,5,11,57
5745,-106,32,90,375,5,9,58
5745,-106,36,90,375,4,9,59
5745,-106,45,89,375,5,8,57
5745,-106,42,90,375,6,9,58
5745,-106,39,90,375,3,11,59
5745,-106,54,90,375,2,9,58
5745,-106,46,90,375,3,10,59
5745,-106,40,90,375,4,10,59
5745,-106,35,90,375,3,10,58
5745,-106,56,89,376,5,10,58
5745,-106,43,90,375,5,10,58
5745,-106,52,90,375,4,8,58
5745,-106,51,90,375,4,8,59
5745,-106,50,90,375,3,9,58
5745,-106,45,89,375,4,8,57
5745,-106,50,90,375,4,10,58
5745,-106,40,90,375,4,9,58
5745,-106,39,90,375,5,8,58
5745,-106,46,90,375,4,11,59
5745,-106,37,89,375,4,9,57
5745,-106,48,90,375,3,9,59
5745,-106,40,89,376,5,10,57
5745,-106,45,90,375,4,8,58
5745,-106,29,90,375,5,8,57
5745,-106,42,90,375,4,9,58
5745,-106,43,90,375,4,8,57
5745,-106,36,89,375,4,9,57
5745,-106,53,90,375,3,8,57
5745,-106,34,89,375,4,10,57
5745,-106,47,90,375,3,11,60
5745,-106,39,89,375,4,8,58
5745,-106,61,89,375,4,9,58
5745,-106,61,90,375,3,11,59
5745,-106,30,90,375,4,10,58
5745,-106,41,90,375,3,10,58
5745,-106,34,89,376,4,9,57
5745,-106,37,90,375,2,10,59
5745,-106,32,89,376,4,9,58
5745,-106,56,89,376,4,9,57
5745,-106,34,89,376,4,10,57
5745,-106,38,90,375,4,8,58
5745,-106,31,89,375,4,9,57
5745,-106,43,90,375,4,9,59
5745,-106,46,89,375,4,8,57
5745,-106,36,89,375,4,11,58
5745,-106,42,90,375,3,9,58
5745,-106,50,90,375,4,10,59
5745,-106,36,90,375,4,10,58
5745,-106,37,90,375,3,9,59
5745,-106,43,89,375,3,8,57
5745,-106,45,89,376,3,9,57
5745,-106,42,90,375,4,8,58
5745,-106,50,90,375,4,9,59
5745,-106,38,89,376,4,8,56
5745,-106,33,90,375,4,9,58
5745,-106,58,90,375,3,7,57
5745,-106,59,90,375,3,11,59
5745,-106,44,90,375,4,9,58
5745,-106,52,90,375,4,9,58
5745,-106,59,90,375,5,9,59
5745,-106,57,90,375,5,9,58
5745,-106,63,90,375,4,10,59
5745,-106,39,90,375,5,10,58
5745,-106,54,90,375,3,9,59
5745,-106,38,89,376,5,8,57
5745,-106,62,89,376,4,8,58
5745,-106,45,90,375,3,10,58
5745,-106,36,90,375,3,10,59
5745,-106,35,89,375,4,9,58
5745,-106,47,90,375,3,10,59
5745,-106,49,90,375,3,10,58
5745,-106,30,90,375,2,10,58
5745,-106,40,90,375,5,8,57
5745,-106,54,90,375,4,10,59
5745,-106,46,90,375,4,10,58
5745,-106,38,90,375,3,9,59
5745,-106,57,90,375,3,8,59
5745,-106,56,90,375,2,8,57
5745,-106,33,90,375,4,9,58
5745,-106,34,89,375,4,10,57
5745,-106,36,89,375,4,10,57
5745,-106,31,90,375,4,9,57
5745,-106,42,90,375,4,10,59
5745,-106,46,90,375,3,10,59
5745,-106,59,90,375,4,9,58
5745,-106,38,90,375,4,9,59
5745,-106,46,90,375,4,9,58
5745,-106,40,90,375,3,9,59
5745,-106,34,88,376,5,9,57
5745,-106,37,89,375,4,9,57
5745,-106,42,89,375,5,9,56
5745,-106,28,90,375,4,8,57
5745,-106,59,90,375,4,10,58
5745,-106,71,90,375,4,10,59
5745,-106,37,89,375,5,12,58
5745,-106,45,90,375,4,9,58
5745,-106,43,90,375,4,10,58
5745,-106,33,89,375,4,10,58
5745,-106,57,90,375,3,10,58
5745,-106,39,90,375,3,9,58
5745,-106,44,88,376,5,11,57
5745,-106,31,90,375,4,9,58
5745,-106,45,90,375,3,10,59
5745,-106,44,89,375,4,10,57
5745,-106,40,90,375,3,10,59
5745,-106,46,90,375,4,7,59
5745,-106,46,89,375,5,9,57
5745,-106,37,90,375,3,9,58
5745,-106,36,89,375,5,7,57
5745,-106,44,90,375,4,9,58
5745,-106,54,90,375,2,9,59
5745,-106,37,89,376,4,8,57
5745,-106,34,89,375,4,9,58
5745,-106,45,90,375,3,10,58
5745,-106,41,88,377,5,10,57
5745,-106,30,89,375,4,9,57
5745,-106,38,89,375,3,8,57
5745,-106,56,90,375,3,10,58
5745,-106,41,89,375,4,10,57
5745,-106,37,89,375,4,9,57
5745,-106,55,90,375,4,9,59
5745,-106,39,90,375,3,10,58
5745,-106,32,89,375,4,10,57
5745,-106,39,90,375,3,11,59
5745,-106,36,89,375,3,11,57
5745,-106,35,90,375,3,11,59
5745,-106,31,89,376,5,8,57
5745,-106,31,89,376,3,10,56
5745,-106,44,90,375,5,11,59
5745,-106,48,90,375,5,10,58
5745,-106,34,90,375,4,10,58
5745,-106,44,88,376,5,10,57
5745,-106,50,90,375,4,11,58
5745,-106,45,90,375,3,10,59
5745,-106,41,89,375,4,7,56
5745,-106,33,90,375,5,9,58
5745,-106,35,90,375,4,9,58
5745,-106,39,90,375,5,9,58
5745,-106,36,88,376,5,10,57
5745,-106,40,90,375,4,9,57
5745,-106,36,90,375,4,8,57
5745,-106,47,90,375,3,11,59
5745,-106,41,89,375,4,9,57
5745,-106,49,90,375,4,11,58
5745,-106,36,90,375,4,7,58
5745,-106,58,90,375,4,10,59
5745,-106,43,89,375,4,10,57
5745,-106,36,90,375,3,10,59
5745,-106,33,89,375,4,10,58
5745,-106,42,90,375,4,9,58
5745,-106,35,88,376,4,10,56
5745,-106,60,90,375,3,9,59
5745,-106,44,89,376,3,12,58
5745,-106,59,90,375,3,10,59
5745,-106,45,90,375,4,10,58
5745,-106,57,90,375,4,10,59
5745,-106,38,89,376,4,11,58
5745,-106,40,90,375,4,9,59
5745,-106,51,90,375,3,9,59
5745,-106,50,90,375,2,10,59
5745,-106,35,90,375,3,9,58
5745,-106,35,90,375,4,10,58
5745,-106,36,89,375,4,9,56
5745,-106,38,90,375,5,10,59
5745,-106,40,90,375,4,11,59
5745,-106,46,90,375,2,9,59
5745,-106,29,87,377,6,8,55
5745,-106,59,90,375,4,9,58
5745,-106,46,90,375,4,10,58
5745,-106,41,88,377,5,10,57
5745,-106,42,90,375,5,11,59
5745,-106,70,90,375,6,9,57
5745,-106,47,90,375,4,10,59
5745,-106,63,90,375,4,9,58
5745,-106,52,89,375,4,11,57
5745,-106,47,90,375,3,10,59
5745,-106,64,89,375,4,8,58
5745,-106,37,89,375,3,9,58
5745,-106,52,90,375,4,9,58
5745,-106,45,89,375,6,9,57
5745,-106,42,89,375,4,8,57
5745,-106,63,90,375,5,10,58
5745,-106,28,90,375,5,9,58
5745,-106,48,90,375,5,9,59
5745,-106,39,89,375,5,11,59
5745,-106,44,90,375,4,9,58
5745,-106,36,90,375,4,7,58
5745,-106,32,89,375,4,9,57
5745,-106,61,90,375,4,9,58
5745,-106,49,90,375,3,8,58
5745,-106,64,90,375,5,10,59
5745,-106,41,90,375,4,11,59
5745,-106,45,90,375,3,9,58
5745,-106,35,90,375,5,11,59
5745,-106,61,90,375,3,9,58
5745,-106,56,90,375,5,10,58
5745,-106,61,90,375,4,11,58
5745,-106,41,88,376,5,8,56
5745,-106,45,90,375,4,7,57
5745,-106,36,88,376,5,9,56
5745,-106,42,90,375,3,10,59
5745,-106,33,90,375,3,7,58
5745,-106,70,89,376,5,8,58
5745,-106,42,90,375,5,11,59
5745,-106,46,90,375,4,9,58
5745,-106,31,89,375,4,10,57
5745,-106,30,90,375,5,10,58
5745,-106,42,90,375,4,10,59
5745,-106,35,90,375,5,8,58
5745,-106,46,90,375,4,10,58
5745,-106,36,90,375,5,10,58
5745,-106,52,89,375,4,12,59
5745,-106,32,89,376,4,9,57
5745,-106,33,89,376,5,10,57
5745,-106,55,89,376,5,10,58
5745,-106,40,89,376,4,9,57
5745,-106,36,90,375,4,10,59
5745,-106,39,90,375,5,8,58
5745,-106,38,89,375,5,9,57
5745,-106,55,89,376,4,8,57
5745,-106,48,90,375,3,10,59
5745,-106,43,90,375,5,10,58
5745,-106,52,90,375,4,10,59
5745,-106,43,90,375,3,9,58
5745,-106,47,90,375,3,9,58
5745,-106,45,88,376,4,10,57
5745,-106,35,90,375,4,10,57
5745,-106,66,90,375,4,9,58
5745,-106,34,90,375,4,11,58
5745,-106,44,90,375,2,7,58
5745,-106,54,90,375,4,10,58
5745,-106,38,89,376,5,9,57
5745,-106,38,90,375,4,8,58
5745,-106,46,90,375,2,9,59
5745,-106,38,89,375,3,11,58
5745,-106,44,90,375,4,7,57
5745,-106,61,90,375,4,9,59
5745,-106,36,90,375,4,9,58
5745,-106,43,90,375,3,8,58
5745,-106,38,89,375,4,9,58
5745,-106,37,90,375,4,9,57
5745,-106,43,90,375,4,10,58
5745,-106,55,89,376,4,9,57
5745,-106,44,90,375,4,11,59
5745,-106,25,89,375,4,7,55
5745,-106,59,90,375,3,8,59
5745,-106,33,90,375,4,8,59
5745,-106,33,90,375,3,10,58
5745,-106,34,90,375,3,9,58
5745,-106,54,90,375,4,10,59
5745,-106,38,89,375,4,8,57
5745,-106,42,90,375,5,9,58
5745,-106,55,90,375,5,11,58
5745,-106,41,90,375,3,9,58
5745,-106,34,90,375,4,9,58
5745,-106,36,89,375,4,10,58
5745,-106,47,90,375,4,8,57
5745,-106,25,87,377,5,10,56
5745,-106,54,90,375,4,9,59
5745,-106,44,90,375,3,9,58
5745,-106,43,90,375,2,9,57
5745,-106,47,90,375,3,10,59
5745,-106,34,90,375,5,9,57
5745,-106,67,90,375,5,10,58
5745,-106,37,90,375,4,8,57
5745,-106,49,90,375,4,8,58
5745,-106,47,90,375,4,9,58
5745,-106,40,89,375,5,9,57
5745,-106,47,90,375,3,9,58
5745,-106,30,88,376,5,11,57
5745,-106,34,89,375,3,9,57
5745,-106,58,90,375,5,8,58
5745,-106,65,90,375,4,9,59
5745,-106,48,90,375,3,10,58
5745,-106,52,89,375,5,8,58
5745,-106,37,90,375,4,9,58
5745,-106,34,90,375,4,7,57
5745,-106,35,88,377,4,10,56
5745,-106,40,89,375,3,10,58
5745,-106,49,89,375,6,10,58
5745,-106,38,90,375,3,9,58
5745,-106,39,89,375,5,9,57
5745,-106,30,90,375,3,10,58
5745,-106,50,90,375,5,9,58
5745,-106,51,89,376,5,9,57
5745,-106,35,90,375,4,9,57
5745,-106,37,90,375,5,9,58
5745,-106,33,90,375,4,9,58
5745,-106,36,90,375,3,7,57
5745,-106,33,89,376,5,10,57
5745,-106,34,90,375,3,7,57
5745,-106,49,90,375,4,10,59
5745,-106,32,89,375,6,10,56
5745,-106,36,90,375,3,9,59
5745,-106,43,90,375,4,9,59
5745,-106,51,88,376,5,9,57
5745,-106,36,90,375,3,9,58
5745,-106,39,89,375,5,8,57
5745,-106,46,90,375,3,9,58
5745,-106,52,90,375,4,8,58
5745,-106,62,90,375,4,10,58
5745,-106,38,90,375,4,9,58
5745,-106,34,90,375,3,9,58
5745,-106,46,90,375,4,11,59
5745,-106,48,90,375,4,10,58
5745,-106,48,90,375,4,10,59
5745,-106,48,90,375,6,9,58
5745,-106,37,89,376,4,9,57
5745,-106,38,90,375,3,11,59
5745,-106,63,89,376,4,10,58
5745,-106,52,88,377,4,9,57
5745,-106,52,90,375,3,9,59
5745,-106,43,90,375,3,8,58
5745,-106,36,90,375,3,10,59
5745,-106,32,90,375,4,9,58
5745,-106,44,90,375,4,8,59
5745,-106,36,90,375,4,9,58
5745,-106,43,89,376,4,9,57
5745,-106,45,90,375,5,9,59
5745,-106,39,90,375,4,8,58
5745,-106,37,89,375,4,10,58
5745,-106,46,90,375,4,7,58
5745,-106,54,90,375,3,9,59
5745,-106,32,89,376,4,8,57
5745,-106,47,90,375,4,8,57
5745,-106,42,90,375,4,9,58
5745,-106,39,90,375,4,10,59
5745,-106,39,88,377,8,12,58
5745,-106,39,87,377,6,11,57
5745,-106,35,88,376,6,9,57
5745,-106,29,89,375,6,9,57
5745,-106,41,90,375,4,9,58
5745,-106,70,90,375,3,8,58
5745,-106,42,90,375,5,8,59
5745,-106,35,90,375,4,9,58
5745,-106,30,89,376,5,10,57
5745,-106,37,90,375,4,8,59
5745,-106,41,90,375,4,9,58
5745,-106,32,90,375,3,8,58
5745,-106,51,90,375,3,9,59
5745,-106,47,90,375,4,9,59
5745,-106,42,90,375,4,7,58
5745,-106,37,90,375,4,9,58
5745,-106,50,89,375,4,10,57
5745,-106,36,90,375,3,7,57
5745,-106,40,90,375,4,11,59
5745,-106,44,89,375,3,7,57
5745,-106,63,90,375,5,8,58
5745,-106,42,90,375,5,9,58
5745,-106,72,90,375,3,11,59
5745,-106,50,89,375,4,8,57
5745,-106,44,90,375,4,12,58
5745,-106,35,90,375,3,9,58
5745,-106,43,90,375,6,9,58
5745,-106,47,89,376,4,10,58
5745,-106,42,90,375,4,9,57
5745,-106,53,89,376,5,9,57
5745,-106,39,89,376,4,10,57
5745,-106,45,90,375,4,9,58
5745,-106,38,90,375,4,9,58
5745,-106,51,88,376,3,9,57
5745,-106,54,90,375,3,8,58
5745,-106,37,90,375,4,9,58
5745,-106,39,89,376,4,10,57
5745,-106,37,90,375,4,8,57
5745,-106,44,90,375,4,11,59
5745,-106,48,90,375,4,10,59
5745,-106,44,90,375,4,10,58
5745,-106,39,89,376,4,9,57
5745,-106,33,88,376,4,9,57
5745,-106,40,90,375,4,8,58
5745,-106,45,90,375,2,9,57
5745,-106,28,89,376,3,8,56
5745,-106,42,90,375,3,8,58
5745,-106,35,90,375,3,8,58
5745,-106,47,90,375,4,10,58
5745,-106,38,90,375,4,10,58
5745,-106,58,90,375,3,9,59
5745,-106,29,90,375,3,6,57
5745,-106,42,90,375,4,9,58
5745,-106,38,88,376,5,11,57
5745,-106,30,88,376,4,10,56
5745,-106,43,90,375,4,10,59
5745,-106,47,90,375,3,11,59
5745,-106,49,90,375,4,10,58
5745,-106,40,89,375,4,9,58
5745,-106,32,89,375,4,10,57
5745,-106,46,90,375,4,11,59
5745,-106,47,90,375,5,10,59
5745,-106,63,90,375,5,10,58
5745,-106,37,89,375,3,9,57
5745,-106,33,90,375,3,9,58
5745,-106,37,89,375,4,9,58
5745,-106,45,90,375,3,9,58
5745,-106,47,90,375,4,10,59
5745,-106,36,90,375,4,9,58
5745,-106,46,89,375,4,9,57
5745,-106,30,90,375,4,8,58
5745,-106,46,90,375,3,9,60
5745,-106,37,90,375,3,10,58
5745,-106,32,90,375,3,7,58
5745,-106,40,90,375,3,8,58
5745,-106,57,90,375,4,9,59
5745,-106,30,89,376,4,11,59
5745,-106,35,90,375,3,11,59
5745,-106,34,90,375,3,9,58
5745,-106,58,90,375,4,7,58
5805,-108,29,90,377,4,9,56
5805,-108,48,90,377,4,9,57
5805,-108,59,90,377,4,11,57
5805,-108,48,90,377,5,11,57
5805,-108,44,90,377,5,10,57
5805,-108,53,90,377,4,8,57
5805,-108,35,90,377,4,9,57
5805,-108,28,90,377,3,8,56
5805,-108,54,90,377,3,8,56
5805,-108,38,90,377,4,7,56
5805,-108,56,90,377,4,9,58
5805,-108,49,90,377,5,9,57
5805,-108,48,89,378,5,9,56
5805,-108,36,90,377,3,10,58
5805,-108,43,90,377,5,11,57
5805,-108,47,90,377,4,10,57
5805,-108,53,90,377,4,10,58
5805,-108,32,90,377,4,10,57
5805,-108,36,90,377,4,9,56
5805,-108,35,90,377,3,9,57
5805,-108,55,90,377,4,10,57
5805,-108,60,90,377,3,10,57
5805,-108,50,90,377,5,9,57
5805,-108,47,90,377,4,8,57
5805,-108,76,90,377,5,10,57
5805,-108,33,90,377,4,9,57
5805,-108,50,90,377,4,8,56
5805,-108,39,90,377,6,8,57
5805,-108,53,90,377,5,8,57
5805,-108,31,89,377,5,10,56
5805,-108,38,90,377,4,9,57
5805,-108,27,90,377,5,9,56
5805,-108,29,90,377,5,9,56
5805,-108,34,90,377,4,9,57
5805,-108,38,90,377,3,10,57
5805,-108,42,90,377,5,8,56
5805,-108,39,90,377,4,11,57
5805,-108,36,90,377,4,11,57
5805,-108,32,90,377,5,10,57
5805,-108,68,90,377,5,11,58
5805,-108,40,90,377,5,9,57
5805,-108,37,90,377,6,9,56
5805,-108,38,90,377,3,10,58
5805,-108,26,89,377,5,8,55
5805,-108,52,90,377,5,10,57
5805,-108,33,90,377,4,7,56
5805,-108,31,90,377,4,10,57
5805,-108,38,90,377,4,8,56
5805,-108,34,90,377,4,9,57
5805,-108,39,90,377,5,11,57
5805,-108,36,90,377,4,9,57
5805,-108,33,90,377,4,9,57
5805,-108,28,88,378,6,10,56
5805,-108,41,90,377,4,9,57
5805,-108,36,90,377,4,11,58
5805,-108,44,90,377,5,9,57
5805,-108,39,90,377,4,9,56
5805,-108,55,90,377,4,10,56
5805,-108,54,90,377,4,9,57
5805,-108,46,90,377,4,8,56
5805,-108,29,90,377,3,11,57
5805,-108,44,90,377,4,8,57
5805,-108,41,89,378,6,10,57
5805,-108,47,90,377,5,8,57
5805,-108,43,90,377,4,8,57
5805,-108,30,90,377,3,9,57
5805,-108,51,90,377,5,10,57
5805,-108,47,90,377,4,11,57
5805,-108,48,90,377,5,11,58
5805,-108,44,90,377,5,10,57
5805,-108,47,90,377,6,8,57
5805,-108,54,90,377,4,7,57
5805,-108,36,90,377,3,9,57
5805,-108,53,90,377,3,6,57
5805,-108,61,90,377,5,9,58
5805,-108,54,90,377,5,7,57
5805,-108,48,90,377,4,10,57
5805,-108,45,90,377,4,9,57
5805,-108,56,90,377,5,9,57
5805,-108,55,90,377,5,10,57
5805,-108,57,90,377,5,9,57
5805,-108,34,90,377,3,10,57
5805,-108,49,90,377,4,9,57
5805,-108,30,90,377,4,10,57
5805,-108,28,90,377,3,9,57
5805,-108,50,90,377,4,9,57
5805,-108,63,90,377,4,12,57
5805,-108,48,90,377,5,9,58
5805,-108,50,90,377,4,10,57
5805,-108,54,90,377,5,10,58
5805,-108,59,90,377,4,11,58
5805,-108,46,90,377,4,8,56
5805,-108,39,90,377,3,12,58
5805,-108,60,90,377,4,8,57
5805,-108,55,90,377,4,10,58
5805,-108,49,90,377,3,9,57
5805,-108,41,90,377,4,9,56
5805,-108,32,90,377,4,10,57
5805,-108,51,90,377,5,10,57
5805,-108,57,90,377,5,10,57
5805,-108,62,90,377,5,10,58
5805,-108,44,90,377,4,10,57
5805,-108,53,90,377,4,9,57
5805,-108,48,90,377,3,11,58
5805,-108,49,90,377,3,10,58
5805,-108,35,90,377,4,9,58
5805,-108,41,90,377,5,11,57
5805,-108,30,90,377,3,10,57
5805,-108,45,90,377,5,10,58
5805,-108,39,90,377,4,11,57
5805,-108,42,90,377,5,10,57
5805,-108,45,90,377,4,11,57
5805,-108,64,90,377,5,9,58
5805,-108,40,90,377,5,10,57
5805,-108,36,90,377,5,9,57
5805,-108,41,90,377,4,10,57
5805,-108,52,90,377,5,8,57
5805,-108,52,90,377,4,9,56
5805,-108,30,90,377,4,10,57
5805,-108,48,90,377,3,9,57
5805,-108,51,90,377,3,10,57
5805,-108,40,90,377,4,10,57
5805,-108,46,90,377,4,10,57
5805,-108,41,90,377,5,9,57
5805,-108,40,90,377,5,10,57
5805,-108,57,90,377,4,10,58
5805,-108,48,89,377,6,8,55
5805,-108,37,90,377,3,8,56
5805,-108,46,90,377,5,9,58
5805,-108,43,90,377,4,11,57
5805,-108,35,90,377,4,9,57
5805,-108,39,90,377,4,10,58
5805,-108,32,90,377,3,8,57
5805,-108,37,90,377,3,7,56
5805,-108,48,90,377,5,9,57
5805,-108,32,90,377,3,8,57
5805,-108,33,90,377,4,9,56
5805,-108,53,90,377,4,9,57
5805,-108,48,90,377,5,8,57
5805,-108,32,90,377,5,9,57
5805,-108,45,90,377,5,9,57
5805,-108,52,90,377,5,9,56
5805,-108,51,90,377,6,8,57
5805,-108,60,90,377,4,9,57
5805,-108,48,90,377,5,9,57
5805,-108,35,90,377,4,9,57
5805,-108,46,90,377,4,10,57
5805,-108,43,90,377,5,10,56
5805,-108,37,90,377,4,8,56
5805,-108,47,90,377,4,10,57
5805,-108,46,90,377,4,9,56
5805,-108,39,90,377,4,9,57
5805,-108,45,90,377,4,8,57
5805,-108,54,90,377,5,9,57
5805,-108,52,90,377,5,11,58
5805,-108,44,90,377,4,10,56
5805,-108,39,90,377,6,10,57
5805,-108,24,90,377,5,8,56
5805,-108,42,90,377,5,9,57
5805,-108,53,90,377,3,12,58
5805,-108,46,89,377,5,10,57
5805,-108,48,90,377,4,8,57
5805,-108,54,90,377,4,9,57
5805,-108,60,90,377,4,8,56
5805,-108,49,90,377,5,10,57
5805,-108,37,89,377,5,10,57
5805,-108,36,90,377,3,10,57
5805,-108,43,90,377,4,9,57
5805,-108,55,90,377,4,9,57
5805,-108,48,90,377,5,8,57
5805,-108,42,90,377,4,10,57
5805,-108,57,90,377,5,8,56
5805,-108,34,90,377,4,10,57
5805,-108,64,90,377,4,10,58
5805,-108,33,90,377,2,11,58
5805,-108,62,90,377,5,9,57
5805,-108,39,89,378,5,10,56
5805,-108,44,90,377,5,9,57
5805,-108,55,90,377,5,10,58
5805,-108,53,90,377,4,9,58
5805,-108,48,90,377,5,10,56
5805,-108,43,90,377,4,10,57
5805,-108,36,90,377,6,9,57
5805,-108,46,89,377,6,7,55
5805,-108,45,90,377,5,11,57
5805,-108,41,90,377,4,10,57
5805,-108,51,90,377,5,9,57
5805,-108,47,90,377,3,8,57
5805,-108,40,90,377,4,9,57
5805,-108,47,90,377,4,9,57
5805,-108,32,90,377,4,8,57
5805,-108,39,90,377,4,10,57
5805,-108,43,90,377,6,10,57
5805,-108,40,90,377,5,9,58
5805,-108,44,90,377,3,9,57
5805,-108,49,90,377,5,8,57
5805,-108,45,90,377,2,11,57
5805,-108,33,90,377,4,8,56
5805,-108,46,90,377,4,8,57
5805,-108,57,90,377,5,10,56
5805,-108,59,90,377,4,9,57
5805,-108,48,90,377,5,11,58
5805,-108,28,90,377,4,8,56
5805,-108,58,90,377,4,10,57
5805,-108,53,90,377,4,11,57
5805,-108,50,90,377,4,10,57
5805,-108,43,89,377,6,10,56
5805,-108,54,90,377,3,9,56
5805,-108,46,90,377,6,10,57
5805,-108,50,90,377,4,9,57
5805,-108,49,90,377,4,9,57
5805,-108,56,90,377,4,9,57
5805,-108,41,90,377,5,8,57
5805,-108,49,90,377,4,9,57
5805,-108,28,90,377,4,9,57
5805,-108,36,90,377,4,8,57
5805,-108,30,90,377,5,11,58
5805,-108,48,90,377,3,12,58
5805,-108,36,90,377,4,9,57
5805,-108,40,90,377,5,10,58
5805,-108,38,90,377,4,9,57
5805,-108,47,90,377,5,11,57
5805,-108,42,90,377,4,9,57
5805,-108,31,90,377,5,8,56
5805,-108,45,90,377,4,8,57
5805,-108,53,90,377,4,10,57
5805,-108,34,90,377,4,10,57
5805,-108,54,90,377,3,10,57
5805,-108,34,90,377,3,9,56
5805,-108,65,90,377,4,11,58
5805,-108,32,90,377,5,9,57
5805,-108,37,90,377,4,7,57
5805,-108,61,90,377,4,9,57
5805,-108,52,90,377,5,10,57
5805,-108,28,90,377,4,8,56
5805,-108,28,90,377,4,10,57
5805,-108,44,90,377,4,9,57
5805,-108,50,90,377,5,11,57
5805,-108,35,90,377,4,10,57
5805,-108,55,90,377,5,8,56
5805,-108,38,90,377,5,9,57
5805,-108,35,90,377,4,8,57
5805,-108,44,90,377,4,9,57
5805,-108,47,90,377,3,8,57
5805,-108,31,90,377,3,10,57
5805,-108,40,90,377,5,10,58
5805,-108,54,90,377,4,9,57
5805,-108,48,90,377,4,8,57
5805,-108,50,90,377,5,10,57
5805,-108,40,90,377,4,9,56
5805,-108,67,90,377,6,9,58
5805,-108,47,90,377,4,8,56
5805,-108,33,90,377,4,8,56
5805,-108,63,90,377,5,9,57
5805,-108,46,90,377,4,10,58
5805,-108,41,90,377,4,9,57
5805,-108,39,90,377,5,10,57
5805,-108,33,90,377,4,11,57
5805,-108,66,90,377,6,10,58
5805,-108,59,90,377,5,9,56
5805,-108,44,90,377,5,10,57
5805,-108,62,90,377,6,10,57
5805,-108,45,90,377,4,8,57
5805,-108,29,90,377,5,9,57
5805,-108,42,90,377,3,10,57
5805,-108,49,90,377,4,12,58
5805,-108,50,90,377,4,11,57
5805,-108,69,90,377,5,10,57
5805,-108,47,90,377,4,10,56
5805,-108,37,90,377,3,9,57
5805,-108,35,90,377,4,9,57
5805,-108,39,90,377,4,8,57
5805,-108,50,90,377,5,8,57
5805,-108,56,90,377,4,10,57
5805,-108,33,90,377,5,11,57
5805,-108,52,90,377,4,12,58
5805,-108,41,90,377,4,11,58
5805,-108,42,90,377,4,9,57
5805,-108,50,90,377,5,10,57
5805,-108,52,90,377,5,11,58
5805,-108,32,90,377,5,10,57
5805,-108,61,90,377,4,10,57
5805,-108,51,90,377,4,8,57
5805,-108,44,90,377,4,9,57
5805,-108,45,90,377,4,9,57
5805,-108,60,90,377,5,11,57
5805,-108,47,90,377,3,11,57
5805,-108,42,90,377,3,7,57
5805,-108,43,89,377,6,10,56
5805,-108,41,90,377,4,12,58
5805,-108,37,90,377,4,9,57
5805,-108,50,90,377,4,8,57
5805,-108,34,90,377,5,10,57
5805,-108,28,90,377,4,10,57
5805,-108,48,90,377,4,8,56
5805,-108,40,90,377,5,11,57
5805,-108,56,90,377,5,11,57
5805,-108,37,90,377,4,9,57
5805,-108,32,90,377,5,8,57
5805,-108,47,90,377,4,8,56
5805,-108,44,90,377,4,10,57
5805,-108,30,90,377,4,10,57
5805,-108,45,90,377,3,9,57
5805,-108,32,90,377,3,9,56
5805,-108,43,90,377,4,10,57
5805,-108,49,90,377,3,9,57
5805,-108,61,90,377,4,10,57
5805,-108,35,90,377,5,10,57
5805,-108,33,90,377,5,8,57
5805,-108,41,90,377,3,10,57
5805,-108,30,90,377,5,10,57
5805,-108,44,90,377,5,9,57
5805,-108,31,90,377,4,10,58
5805,-108,41,90,377,3,9,56
5805,-108,48,90,377,3,9,57
5805,-108,56,90,377,4,7,56
5805,-108,40,90,377,5,9,57
5805,-108,51,90,377,4,9,57
5805,-108,34,90,377,5,9,56
5805,-108,56,90,377,4,8,56
5805,-108,51,90,377,4,8,56
5805,-108,47,90,377,4,9,56
5805,-108,49,90,377,5,9,57
5805,-108,43,90,377,5,9,57
5805,-108,31,90,377,4,9,58
5805,-108,53,90,377,5,9,57
5805,-108,35,90,377,4,9,57
5805,-108,44,90,377,5,9,56
5805,-108,41,90,377,5,11,57
5805,-108,46,90,377,4,10,58
5805,-108,34,90,377,4,10,57
5805,-108,55,90,377,4,9,57
5805,-108,38,90,377,5,10,57
5805,-108,35,90,377,4,11,58
5805,-108,59,90,377,4,11,58
5805,-108,41,90,377,5,9,56
5805,-108,42,90,377,4,10,57
5805,-108,57,90,377,4,8,56
5805,-108,57,90,377,5,9,57
5805,-108,46,90,377,4,8,56
5805,-108,61,90,377,4,9,57
5805,-108,36,90,377,4,11,57
5805,-108,31,90,377,3,10,57
5805,-108,48,90,377,4,10,57
5805,-108,38,90,377,5,12,57
5805,-108,68,90,377,4,10,57
5805,-108,45,89,378,6,10,56
5805,-108,41,90,377,5,9,57
5805,-108,53,90,377,4,11,57
5805,-108,50,90,377,4,9,58
5805,-108,49,90,377,5,8,57
5805,-108,52,90,377,4,9,57
5805,-108,49,90,377,4,10,57
5805,-108,45,90,377,5,10,56
5805,-108,35,90,377,3,11,57
5805,-108,48,90,377,5,9,57
5805,-108,59,90,377,2,7,56
5805,-108,31,90,377,4,10,57
5805,-108,55,90,377,4,9,57
5805,-108,52,90,377,5,9,57
5805,-108,49,90,377,3,9,57
5805,-108,43,90,377,4,9,57
5805,-108,51,90,377,5,7,57
5805,-108,55,90,377,5,9,57
5805,-108,53,90,377,5,12,58
5805,-108,48,90,377,5,9,56
5805,-108,47,90,377,4,10,58
5805,-108,57,90,377,5,10,57
5805,-108,46,90,377,3,10,57
5805,-108,48,90,377,4,8,57
5805,-108,46,89,377,4,10,57
5805,-108,42,90,377,5,9,57
5805,-108,33,90,377,4,10,57
5805,-108,59,90,377,4,9,57
5805,-108,47,90,377,6,9,57
5805,-108,39,90,377,5,10,57
5805,-108,36,90,377,4,8,56
5805,-108,41,90,377,5,11,57
5805,-108,62,90,377,6,9,58
5805,-108,53,90,377,4,8,57
5805,-108,72,90,377,4,10,57
5805,-108,58,90,377,4,7,57
5805,-108,58,90,377,4,11,57
5805,-108,48,90,377,6,8,56
5805,-108,37,90,377,4,8,56
5805,-108,43,90,377,5,7,56
5805,-108,56,90,377,4,9,56
5805,-108,49,90,377,4,7,56
5805,-108,46,90,377,4,11,58
5805,-108,66,90,377,3,8,56
5805,-108,43,90,377,5,10,58
5805,-108,45,90,377,5,9,57
5805,-108,44,90,377,3,8,56
5805,-108,32,90,377,4,9,56
5805,-108,48,90,377,5,11,58
5805,-108,49,90,377,4,11,57
5805,-108,38,90,377,3,10,57
5805,-108,29,90,377,4,8,56
5805,-108,35,89,377,5,10,56
5805,-108,47,90,377,4,9,57
5805,-108,58,90,377,2,9,58
5805,-108,42,90,377,4,12,57
5805,-108,44,90,377,5,10,57
5805,-108,56,90,377,4,8,56
5805,-108,33,90,377,3,9,57
5805,-108,46,90,377,5,9,57
5805,-108,36,90,377,5,10,57
5805,-108,31,90,377,5,9,57
5805,-108,30,90,377,4,10,56
5805,-108,37,90,377,4,8,56
5805,-108,55,90,377,4,9,57
5805,-108,40,90,377,6,9,57
5805,-108,33,90,377,4,9,57
5805,-108,52,90,377,3,9,57
5805,-108,29,90,377,5,8,57
5805,-108,33,90,377,4,9,56
5805,-108,45,90,377,3,11,58
5805,-108,42,90,377,3,11,57
5805,-108,47,90,377,5,10,57
5805,-108,42,90,377,4,9,57
5805,-108,36,90,377,5,10,57
5805,-108,45,90,377,4,8,56
5805,-108,32,90,377,4,9,57
5805,-108,27,90,377,4,8,56
5805,-108,32,90,377,5,8,56
5805,-108,30,90,377,3,7,56
5805,-108,46,90,377,5,9,57
5805,-108,40,90,377,4,8,57
5805,-108,42,90,377,3,10,57
5805,-108,44,90,377,5,11,56
5805,-108,30,90,377,6,11,56
5805,-108,33,90,377,5,8,57
5805,-108,40,90,377,5,8,56
5805,-108,46,90,377,4,9,57
5805,-108,45,90,377,4,11,57
5805,-108,50,90,377,5,10,57
5805,-108,58,90,377,4,10,58
5805,-108,51,90,377,5,9,57
5805,-108,55,90,377,4,12,57
5805,-108,41,90,377,5,8,57
5805,-108,45,90,377,3,9,56
5805,-108,40,90,377,4,9,56
5805,-108,42,90,377,4,10,58
5805,-108,41,90,377,4,9,57
5805,-108,40,90,377,4,10,57
5805,-108,46,90,377,5,10,57
5805,-108,36,90,377,5,11,58
5805,-108,39,90,377,4,10,58
5805,-108,41,90,377,4,10,58
5805,-108,46,90,377,3,8,57
5805,-108,54,90,377,4,9,57
5805,-108,28,90,377,4,8,57
5805,-108,41,90,377,6,9,57
5805,-108,45,90,377,4,10,57
5805,-108,31,90,377,4,10,57
5805,-108,29,90,377,5,9,57
5805,-108,53,90,377,4,9,57
5805,-108,45,90,377,5,9,57
5805,-108,50,90,377,5,10,57
5805,-108,40,90,377,3,11,57
5805,-108,40,90,377,5,9,57
5805,-108,41,90,377,4,10,57
5805,-108,43,90,377,4,9,57
5805,-108,35,90,377,3,9,56
5805,-108,47,90,377,5,10,57
5805,-108,34,90,377,5,8,56
5805,-108,75,90,377,4,11,58
5805,-108,35,90,377,4,11,58
5805,-108,38,90,377,4,9,56
5805,-108,43,90,377,4,7,55
5805,-108,36,90,377,4,11,57
5805,-108,31,90,377,4,10,57
5805,-108,39,90,377,3,9,56
5805,-108,38,90,377,5,9,56
5805,-108,33,90,377,5,9,57
5805,-108,35,90,377,3,11,58
5805,-108,42,90,377,3,8,57
5805,-108,56,90,377,4,10,57
5805,-108,51,90,377,4,8,57
5805,-108,51,90,377,3,10,58
5805,-108,47,90,377,4,10,58
5805,-108,47,90,377,4,10,58
5805,-108,35,90,377,4,8,56
5805,-108,50,90,377,4,8,57
5805,-108,43,90,377,3,10,57
5805,-108,32,90,377,4,8,57
5805,-108,46,90,377,3,9,57
5805,-108,32,90,377,4,9,56
5805,-108,40,90,377,4,10,57
5805,-108,48,90,377,4,9,57
5805,-108,40,90,377,3,11,57
5805,-108,35,90,377,3,9,57
5805,-108,50,90,377,4,9,57
5805,-108,56,90,377,3,10,57
5805,-108,40,90,377,4,9,58
5805,-108,37,90,377,6,9,57
5805,-108,40,90,377,4,11,57
5805,-108,48,90,377,4,10,58
5805,-108,47,90,377,5,10,57
5805,-108,36,90,377,4,9,57
5805,-108,28,90,377,5,9,57
5805,-108,47,90,377,5,9,57
5805,-108,46,90,377,5,9,56
5805,-108,41,90,377,4,9,57
5805,-108,67,90,377,5,9,57
5805,-108,45,90,377,5,11,57
5805,-108,38,90,377,5,10,57
5805,-108,55,90,377,4,9,57
5805,-108,54,90,377,5,11,58
5805,-108,42,90,377,5,9,57
5805,-108,39,89,377,5,9,56
5805,-108,48,90,377,5,9,57
5805,-108,47,90,377,5,11,57
5805,-108,42,90,377,4,9,57
5805,-108,71,90,377,4,10,57
5805,-108,45,90,377,4,11,57
5805,-108,57,90,377,5,9,57
5805,-108,28,90,377,4,9,56
5805,-108,39,90,377,3,9,56
5805,-108,52,90,377,4,10,57
5805,-108,45,90,377,4,10,57
5805,-108,46,90,377,3,9,57
5805,-108,44,90,377,4,11,58
5805,-108,45,90,377,4,10,57
5805,-108,32,90,377,5,9,57
5805,-108,36,90,377,4,9,57
5805,-108,36,90,377,5,9,56
5805,-108,49,90,377,3,9,57
5805,-108,51,90,377,4,9,57
5805,-108,40,90,377,3,9,57
5805,-108,59,90,377,4,7,56
5805,-108,60,90,377,4,11,58
5805,-108,55,90,377,4,8,58
5805,-108,31,90,377,4,11,57
5805,-108,53,90,377,3,9,57
5805,-108,42,90,377,5,10,57
5805,-108,53,90,377,3,8,57
5805,-108,34,90,377,3,11,57
5805,-108,43,90,377,3,8,57
5805,-108,34,90,377,5,10,57
5805,-108,28,90,377,5,8,57
5805,-108,34,90,377,5,8,57
5805,-108,48,90,377,5,9,56
5805,-108,46,90,377,5,9,57
5805,-108,43,90,377,4,9,57
5805,-108,50,90,377,5,9,56
5805,-108,51,90,377,3,9,56
5805,-108,57,90,377,5,11,57
5805,-108,52,90,377,2,9,57
5805,-108,42,90,377,5,9,57
5805,-108,60,90,377,5,9,57
5805,-108,53,90,377,6,10,57
5805,-108,50,90,377,4,9,58
5805,-108,57,90,377,5,11,57
5805,-108,43,90,377,5,9,57
5805,-108,31,90,377,4,11,57
5805,-108,40,90,377,4,10,57
5805,-108,54,90,377,4,9,57
5805,-108,68,90,377,4,10,57
5805,-108,38,90,377,5,9,56
5805,-108,44,90,377,4,10,56
5805,-108,37,90,377,5,8,57
5805,-108,43,90,377,3,11,57
5805,-108,34,90,377,4,10,57
5805,-108,38,90,377,3,10,57
5805,-108,43,90,377,5,10,58
5805,-108,58,90,377,3,9,57
5805,-108,39,90,377,5,11,57
5805,-108,42,90,377,5,10,57
5805,-108,41,90,377,4,9,57
5805,-108,41,90,377,5,10,57
5805,-108,34,90,377,4,11,58
5805,-108,49,90,377,4,9,57
5805,-108,56,90,377,3,10,57
5805,-108,32,90,377,4,10,57
5805,-108,44,90,377,5,9,57
5805,-108,43,90,377,4,10,57
5805,-108,56,90,377,5,11,57
5805,-108,53,90,377,4,9,57
5805,-108,39,90,377,5,10,58
5805,-108,39,90,377,4,10,57
5805,-108,44,90,377,5,9,57
5805,-108,43,90,377,4,10,58
5805,-108,34,90,377,5,8,56
5805,-108,53,90,377,5,8,56
5805,-108,48,90,377,5,10,57
5805,-108,54,90,377,5,9,57
5805,-108,44,90,377,4,10,56
5805,-108,42,90,377,4,8,56
5805,-108,70,90,377,6,11,58
5805,-108,65,90,377,4,9,57
5805,-108,45,90,377,5,10,57
5805,-108,42,90,377,5,9,57
5805,-108,44,90,377,5,11,57
5805,-108,64,90,377,4,10,58
5805,-108,42,90,377,3,6,56
5805,-108,60,90,377,5,8,56
5805,-108,38,90,377,5,11,58
5805,-108,35,90,377,5,9,57
5805,-108,48,90,377,5,9,57
5805,-108,48,90,377,5,10,57
5805,-108,41,90,377,3,9,58
5805,-108,29,90,377,4,10,57
5805,-108,29,90,377,6,9,57
5805,-108,41,90,377,5,9,57
5805,-108,38,90,377,4,10,57
5805,-108,35,90,377,3,9,57
5805,-108,45,90,377,4,9,57
5805,-108,39,90,377,5,10,57
5805,-108,33,90,377,5,10,57
5805,-108,49,90,377,5,9,57
5805,-108,41,90,377,4,12,58
5805,-108,39,90,377,4,9,57
5805,-108,50,90,377,5,10,57
5805,-108,56,90,377,3,10,57
5805,-108,40,90,377,5,9,57
5805,-108,32,90,377,4,10,57
5805,-108,38,90,377,5,8,57
5805,-108,53,90,377,4,9,56
5805,-108,32,90,377,4,10,56
5805,-108,42,90,377,3,8,56
5805,-108,64,90,377,4,7,57
5805,-108,46,90,377,4,10,56
5805,-108,40,90,377,5,9,57
5805,-108,47,90,377,5,9,57
5805,-108,53,90,377,4,9,57
5805,-108,37,90,377,5,9,56
5805,-108,40,90,377,4,10,57
5805,-108,31,90,377,5,10,57
5805,-108,55,90,377,4,11,58
5805,-108,30,90,377,5,9,57
5805,-108,40,90,377,4,8,56
5805,-108,54,90,377,6,8,58
5805,-108,45,90,377,3,10,57
5805,-108,36,90,377,3,8,56
5805,-108,48,90,377,4,9,57
5805,-108,53,90,377,5,7,56
5805,-108,51,90,377,3,8,57
5805,-108,50,90,377,5,11,57
5805,-108,46,90,377,4,10,58
5805,-108,59,90,377,4,10,57
5805,-108,49,90,377,4,10,57
5805,-108,65,90,377,4,8,57
5805,-108,35,90,377,4,6,56
5805,-108,34,90,377,5,8,57
5805,-108,45,90,377,5,9,57
5805,-108,52,90,377,5,9,57
5805,-108,45,90,377,5,10,58
5805,-108,32,90,377,5,9,57
5805,-108,35,90,377,3,9,58
5805,-108,54,90,377,5,10,57
5805,-108,48,90,377,4,8,57
5805,-108,56,90,377,5,9,58
5805,-108,37,90,377,3,10,57
5805,-108,51,90,377,4,8,55
5805,-108,41,89,377,5,8,56
5805,-108,49,90,377,5,9,57
5805,-108,49,90,377,4,8,57
5805,-108,51,90,377,4,10,57
5805,-108,59,90,377,4,10,57
5805,-108,34,90,377,4,9,57
5805,-108,29,90,377,4,8,57
5805,-108,34,90,377,3,8,56
5805,-108,47,90,377,4,10,57
5805,-108,52,90,377,5,8,57
5805,-108,42,90,377,4,11,57
5805,-108,37,90,377,4,9,58
5805,-108,37,90,377,4,10,56
5805,-108,55,90,377,4,9,58
5805,-108,39,90,377,3,9,56
5805,-108,50,90,377,3,10,58
5805,-108,56,90,377,4,9,57
5805,-108,32,90,377,4,8,56
5805,-108,53,90,377,4,8,57
5805,-108,52,90,377,4,10,57
5805,-108,46,90,377,4,9,57
5805,-108,46,90,377,4,8,56
5805,-108,49,90,377,4,10,56
5805,-108,34,90,377,4,8,57
5805,-108,54,90,377,4,7,56
5805,-108,43,90,377,4,9,57
5805,-108,46,90,377,4,10,57
5805,-108,40,90,377,4,9,58
5805,-108,42,90,377,3,11,57
5805,-108,49,90,377,4,9,57
5805,-108,39,90,377,3,8,57
5805,-108,50,90,377,5,10,57
5805,-108,34,90,377,4,11,58
5805,-108,35,90,377,4,8,56
5805,-108,58,90,377,5,8,57
5805,-108,46,90,377,4,8,56
5805,-108,34,90,377,4,9,57
5805,-108,29,90,377,3,9,56
5805,-108,40,90,377,4,9,56
5805,-108,38,90,377,4,10,57
5805,-108,48,90,377,5,9,58
5805,-108,52,90,377,3,9,58
5805,-108,36,90,377,6,10,56
5805,-108,37,90,377,5,9,57
5805,-108,40,90,377,5,10,57
5805,-108,37,90,377,3,10,57
5805,-108,40,90,377,3,11,58
5805,-108,44,90,377,4,9,57
5805,-108,34,90,377,3,10,57
5805,-108,30,90,377,4,11,57
5805,-108,42,90,377,4,9,57
5805,-108,31,90,377,4,9,57
5805,-108,40,90,377,4,8,56
5805,-108,46,90,377,4,11,57
5805,-108,65,90,377,4,9,58
5805,-108,44,90,377,4,9,57
5805,-108,51,90,377,6,8,56
5805,-108,55,90,377,3,9,57
5805,-108,36,90,377,4,9,56
5805,-108,63,90,377,4,9,56
5805,-108,40,90,377,6,10,56
5805,-108,30,90,377,3,10,57
5805,-108,44,90,377,6,10,57
5805,-108,51,90,377,3,10,57
5805,-108,42,90,377,5,9,57
5805,-108,44,90,377,3,10,57
5805,-108,52,90,377,4,9,57
5805,-108,54,90,377,5,9,57
5805,-108,30,90,377,3,10,57
5805,-108,48,90,377,4,9,57
5805,-108,32,90,377,5,10,56
5805,-108,35,90,377,3,10,57
5805,-108,36,90,377,3,10,57
5805,-108,47,90,377,4,8,56
5805,-108,30,90,377,4,10,57
5805,-108,32,89,377,5,9,55
5805,-108,53,90,377,4,9,57
5805,-108,51,90,377,4,11,57
5805,-108,46,90,377,5,8,57
5805,-108,49,90,377,4,11,57
5805,-108,42,90,377,4,9,57
5805,-108,29,90,377,3,9,57
5805,-108,49,90,377,4,9,57
5805,-108,38,88,378,6,10,55
5805,-108,57,90,377,3,11,58
5805,-108,42,90,377,4,10,57
5805,-108,30,90,377,4,9,56
5805,-108,39,90,377,5,8,57
5805,-108,52,90,377,4,9,57
5805,-108,43,90,377,4,7,57
5805,-108,48,90,377,5,10,57
5805,-108,58,90,377,4,9,57
5805,-108,43,90,377,5,10,57
5805,-108,44,89,377,5,9,55
5805,-108,49,90,377,3,9,57
5805,-108,31,90,377,4,11,58
5805,-108,58,90,377,5,12,57
5805,-108,48,90,377,4,11,58
5805,-108,44,90,377,5,9,57
5805,-108,33,90,377,4,10,57
5805,-108,38,90,377,5,8,57
5805,-108,55,90,377,4,9,57
5805,-108,40,90,377,5,10,57
5805,-108,33,90,377,5,8,56
5805,-108,37,90,377,6,10,57
5805,-108,40,90,377,5,8,57
5805,-108,44,90,377,5,9,57
5805,-108,33,90,377,4,8,56
5805,-108,50,90,377,4,10,57
5805,-108,35,90,377,4,10,58
5805,-108,31,90,377,4,10,57
5805,-108,47,90,377,5,9,57
5805,-108,45,90,377,4,10,57
5805,-108,51,90,377,4,9,57
5805,-108,48,90,377,4,10,57
5805,-108,26,90,377,3,8,56
5805,-108,50,90,377,5,8,57
5805,-108,45,90,377,5,10,57
5805,-108,30,90,377,6,10,56
5805,-108,54,90,377,5,9,57
5805,-108,41,90,377,4,10,57
5805,-108,44,90,377,4,11,57
5805,-108,32,90,377,4,10,57
5805,-108,52,90,377,5,10,58
5805,-108,38,90,377,6,9,57
5805,-108,33,89,377,6,8,56
5805,-108,30,90,377,3,7,56
5805,-108,26,90,377,5,10,57
5805,-108,31,90,377,5,8,55
5805,-108,49,89,377,5,9,56
5805,-108,39,90,377,4,10,57
5805,-108,48,90,377,5,9,57
5805,-108,34,90,377,5,9,57
5805,-108,38,90,377,4,10,57
5805,-108,41,90,377,4,10,57
5805,-108,43,90,377,4,11,57
5805,-108,51,90,377,5,8,57
5805,-108,39,90,377,4,11,57
5805,-108,36,90,377,3,11,57
5805,-108,55,90,377,5,9,57
5805,-108,32,90,377,4,9,56
5805,-108,52,90,377,5,10,57
5805,-108,59,90,377,4,10,58
5805,-108,41,90,377,5,10,57
5805,-108,41,90,377,4,10,56
5805,-108,49,90,377,5,10,57
5805,-108,45,90,377,4,9,58
5805,-108,43,90,377,4,11,57
5805,-108,49,90,377,4,10,57
5805,-108,36,90,377,5,10,58
5805,-108,57,90,377,3,11,57
5805,-108,61,90,377,4,10,57
5805,-108,53,90,377,4,10,56
5805,-108,44,90,377,4,9,58
5805,-108,43,90,377,4,11,57
5805,-108,48,90,377,4,9,56
5805,-108,65,90,377,6,9,57
5805,-108,47,90,377,4,8,56
5805,-108,48,90,377,5,11,57
5805,-108,42,90,377,3,10,58
5805,-108,37,90,377,5,10,57
5805,-108,60,90,377,5,10,57
5805,-108,47,90,377,5,10,58
5805,-108,37,90,377,6,8,55
5805,-108,51,90,377,5,9,57
5805,-108,41,90,377,4,9,57
5805,-108,43,90,377,4,10,57
5805,-108,49,90,377,4,9,57
5805,-108,59,90,377,6,11,57
5805,-108,27,90,377,4,8,56
5805,-108,43,90,377,5,10,57
5805,-108,36,90,377,4,11,58
5805,-108,37,90,377,4,10,58
5805,-108,40,90,377,5,10,56
5805,-108,38,90,377,5,10,57
5805,-108,40,90,377,5,11,58
5805,-108,36,90,377,3,9,57
5805,-108,48,90,377,2,9,57
5805,-108,49,90,377,5,10,58
5805,-108,47,90,377,3,11,58
5805,-108,61,90,377,4,10,57
5805,-108,55,90,377,4,10,57
5805,-108,28,90,377,4,10,57
5805,-108,43,90,377,4,11,57
5805,-108,44,90,377,4,9,57
5805,-108,34,90,377,5,9,57
5805,-108,43,90,377,4,10,57
5805,-108,69,90,377,3,11,58
5805,-108,36,89,378,5,11,57
5805,-108,36,90,377,4,9,57
5805,-108,32,90,377,5,9,57
5805,-108,41,90,377,4,10,58
5805,-108,49,90,377,4,9,58
5805,-108,45,90,377,4,10,57
5805,-108,49,90,377,5,10,57
5805,-108,42,90,377,5,9,57
5805,-108,64,90,377,3,10,57
5805,-108,35,90,377,4,11,57
5805,-108,54,90,377,5,10,57
5805,-108,36,90,377,4,9,57
5805,-108,42,90,377,5,10,57
5805,-108,56,90,377,4,10,57
5805,-108,46,90,377,3,8,56
5805,-108,51,90,377,4,11,58
5805,-108,55,90,377,5,10,58
5805,-108,34,90,377,5,9,57
5805,-108,46,90,377,4,10,57
5805,-108,36,90,377,4,11,57
5805,-108,45,90,377,4,9,57
5805,-108,51,90,377,4,9,58
5805,-108,29,90,377,5,9,56
5805,-108,36,90,377,3,10,57
5805,-108,38,89,377,6,10,56
5805,-108,32,90,377,4,10,57
5805,-108,53,90,377,5,10,57
5805,-108,32,90,377,4,9,56
5805,-108,37,90,377,3,9,57
5805,-108,28,90,377,4,8,55
5805,-108,43,90,377,4,9,57
5805,-108,54,90,377,5,9,57
5805,-108,32,90,377,4,8,57
5805,-108,47,90,377,5,11,58
5805,-108,46,90,377,4,8,55
5805,-108,43,90,377,3,10,57
5805,-108,51,90,377,4,9,58
5805,-108,30,90,377,3,9,57
5805,-108,50,90,377,4,9,57
5805,-108,44,90,377,4,10,58
5805,-108,43,90,377,4,10,57
5805,-108,50,90,377,5,9,57
5805,-108,39,90,377,4,11,57
5805,-108,39,90,377,4,8,57
5805,-108,53,90,377,5,10,58
5805,-108,62,90,377,5,9,57
5805,-108,41,90,377,4,10,57
5805,-108,48,89,377,6,9,56
5805,-108,35,90,377,5,9,56
5805,-108,43,90,377,3,7,57
5805,-108,43,90,377,3,10,58
5805,-108,43,90,377,4,9,57
5805,-108,32,90,377,5,8,56
5805,-108,52,90,377,5,10,57
5805,-108,50,90,377,5,10,56
5805,-108,45,90,377,5,9,57
5805,-108,50,90,377,4,9,57
5805,-108,41,90,377,5,9,57
5805,-108,46,90,377,4,10,57
5805,-108,48,90,377,3,10,58
5805,-108,53,90,377,4,9,57
5805,-108,37,90,377,4,9,57
5805,-108,42,90,377,5,11,58
5805,-108,43,90,377,3,11,58
5805,-108,56,90,377,4,8,56
5805,-108,38,90,377,6,9,57
5805,-108,50,90,377,4,9,55
5805,-108,49,90,377,3,9,57
5805,-108,58,90,377,4,9,57
5805,-108,40,90,377,4,9,57
5805,-108,32,89,377,5,8,55
5805,-108,42,90,377,5,8,57
5805,-108,45,90,377,6,8,56
5805,-108,38,90,377,4,8,56
5805,-108,58,90,377,4,10,56
5805,-108,39,90,377,4,10,57
5805,-108,33,90,377,4,10,57
5805,-108,27,90,377,5,7,57
5805,-108,44,90,377,4,11,58
5805,-108,53,90,377,5,9,57
5805,-108,45,90,377,4,10,58
5805,-108,37,90,377,3,9,57
5805,-108,62,90,377,4,9,57
5805,-108,51,90,377,4,10,57
5805,-108,38,90,377,4,11,57
5805,-108,61,90,377,5,10,58
5805,-108,35,90,377,4,10,57
5805,-108,59,90,377,3,9,57
5805,-108,36,90,377,4,9,57
5805,-108,35,90,377,3,9,57
5805,-108,49,90,377,4,9,57
5805,-108,43,89,377,5,9,56
5805,-108,45,90,377,3,9,57
5805,-108,46,90,377,3,11,57
5805,-108,36,90,377,5,10,57
5805,-108,42,90,377,4,9,57
5805,-108,48,90,377,6,10,57
5805,-108,57,90,377,6,9,56
5805,-108,42,90,377,3,9,57
5805,-108,43,90,377,4,9,57
5805,-108,62,90,377,5,9,57
5805,-108,44,90,377,3,10,58
5805,-108,50,90,377,3,9,57
5805,-108,51,90,377,5,11,58
5805,-108,47,90,377,4,10,57
5805,-108,37,90,377,5,9,57
5805,-108,43,90,377,4,10,58
5805,-108,50,90,377,4,9,58
5805,-108,43,90,377,5,10,58
5805,-108,45,90,377,4,11,57
5805,-108,50,90,377,3,11,58
5805,-108,35,90,377,5,9,57
5805,-108,48,90,377,5,11,58
5805,-108,56,90,377,5,10,57
5805,-108,42,90,377,5,8,56
5805,-108,40,90,377,4,8,56
5805,-108,38,90,377,4,8,55
5805,-108,53,90,377,4,7,56
5805,-108,54,90,377,4,9,56
5805,-108,43,90,377,5,9,56
5805,-108,45,90,377,4,10,58
5805,-108,46,90,377,4,9,56
5805,-108,37,90,377,5,9,56
5805,-108,60,90,377,4,9,56
5805,-108,43,90,377,5,8,57
5805,-108,49,90,377,5,10,58
5805,-108,41,90,377,3,10,56
5805,-108,44,90,377,5,9,56
5805,-108,33,90,377,4,10,57
5805,-108,38,90,377,4,12,57
5805,-108,34,90,377,4,10,57
5805,-108,45,90,377,2,9,56
5805,-108,43,90,377,5,10,58
5805,-108,55,90,377,4,10,57
5805,-108,56,90,377,4,9,57
5805,-108,37,90,377,4,8,56
5805,-108,54,90,377,3,9,56
5805,-108,62,90,377,5,8,57
5805,-108,47,90,377,5,8,56
5805,-108,51,90,377,5,11,58
5805,-108,46,90,377,4,9,57
5805,-108,42,90,377,5,10,57
5805,-108,32,90,377,3,8,56
5805,-108,55,90,377,4,9,57
5805,-108,45,90,377,5,9,57
5805,-108,45,90,377,5,9,57
5805,-108,54,90,377,5,9,56
5805,-108,46,90,377,5,10,57
5805,-108,46,90,377,4,9,57
5805,-108,44,90,377,4,10,57
5805,-108,35,90,377,2,9,57
5805,-108,62,90,377,5,8,57
5805,-108,46,90,377,3,10,58
5805,-108,54,90,377,4,9,57
5805,-108,42,90,377,4,11,58
5805,-108,43,90,377,5,10,57
5805,-108,42,90,377,5,10,58
5805,-108,42,90,377,4,11,58
5805,-108,48,90,377,5,12,59
5805,-108,46,90,377,4,9,57
5805,-108,46,90,377,4,9,57
5805,-108,45,90,377,5,10,57
5805,-108,55,90,377,4,7,55
5805,-108,28,90,377,4,8,56
5805,-108,45,90,377,6,10,57
5805,-108,47,90,377,4,9,57
5805,-108,67,90,377,5,8,56
5805,-108,57,90,377,4,10,57
5805,-108,42,90,377,3,10,58
5805,-108,34,90,377,5,8,56
5805,-108,37,90,377,5,7,56
5805,-108,64,90,377,4,10,57
5805,-108,44,90,377,4,9,56
5805,-108,32,90,377,5,9,57
5805,-108,45,90,377,5,10,57
5805,-108,37,90,377,3,9,57
5805,-108,28,90,377,5,8,56
5805,-108,32,90,377,3,11,56
5805,-108,44,90,377,3,9,57
5805,-108,41,90,377,5,9,56
5805,-108,36,90,377,4,8,57
5805,-108,46,90,377,5,10,57
5805,-108,50,90,377,3,9,57
5805,-108,49,90,377,5,9,57
5805,-108,38,90,377,4,9,57
5805,-108,46,90,377,5,9,56
5805,-108,37,90,377,4,10,57
5805,-108,53,90,377,4,10,57
5805,-108,44,90,377,5,9,57
5805,-108,49,90,377,4,9,57
5805,-108,35,90,377,4,8,56
5805,-108,49,90,377,4,9,57
5805,-108,33,90,377,3,7,56
5805,-108,36,90,377,4,10,57
5805,-108,49,90,377,4,8,57
5805,-108,51,90,377,3,8,57
5805,-108,42,90,377,4,10,57
5805,-108,41,90,377,4,9,57
5805,-108,42,90,377,4,7,55
5805,-108,49,90,377,6,11,58
5805,-108,38,90,377,4,10,57
5805,-108,45,90,377,5,11,58
5805,-108,56,90,377,5,9,57
5805,-108,48,90,377,4,9,57
5805,-108,43,90,377,5,11,57
5805,-108,52,90,377,4,8,56
5805,-108,40,90,377,5,11,58
5805,-108,42,90,377,6,9,57
5805,-108,40,90,377,5,10,57
5805,-108,50,90,377,5,10,57
5805,-108,49,90,377,5,9,57
5805,-108,50,90,377,5,9,57
5805,-108,54,90,377,4,11,57
5805,-108,34,90,377,4,10,57
5805,-108,41,90,377,3,9,57
5805,-108,51,90,377,5,9,57
5805,-108,60,90,377,5,8,57
5805,-108,41,90,377,3,8,56
5805,-108,49,90,377,4,10,57
5805,-108,29,90,377,4,11,57
5805,-108,40,90,377,4,11,58
5805,-108,30,90,377,4,9,56
5805,-108,42,90,377,4,9,57
5805,-108,47,90,377,4,10,57
5805,-108,59,90,377,5,10,57
5805,-108,52,90,377,5,8,58
5805,-108,36,90,377,5,9,57
5805,-108,33,90,377,5,10,57
5805,-108,31,90,377,4,9,57
5805,-108,50,90,377,4,7,56
5805,-108,41,90,377,5,9,57
5805,-108,51,90,377,4,9,57
5805,-108,35,90,377,4,9,57
5805,-108,36,90,377,4,9,57
5805,-108,50,90,377,3,8,57
5805,-108,28,90,377,4,9,57
5805,-108,40,90,377,4,10,57
5805,-108,37,90,377,4,8,56
5805,-108,44,90,377,5,10,57
5805,-108,51,90,377,4,9,58
5805,-108,36,90,377,3,9,57
5805,-108,34,90,377,6,10,57
5805,-108,27,90,377,4,8,56
5805,-108,64,90,377,4,9,56
5805,-108,50,90,377,4,11,58
5805,-108,44,90,377,4,8,55
5805,-108,50,90,377,6,9,57
5805,-108,41,90,377,4,9,56
5805,-108,38,90,377,6,10,57
5805,-108,31,90,377,4,7,57
5805,-108,48,90,377,4,10,58
5805,-108,44,90,377,5,8,56
5805,-108,48,90,377,4,9,57
5805,-108,48,90,377,4,8,56
5805,-108,35,90,377,5,9,57
5805,-108,66,90,377,4,8,57
5805,-108,46,90,377,4,8,57
5805,-108,52,90,377,4,9,56
5805,-108,62,90,377,4,10,57
5805,-108,51,90,377,5,9,58
5805,-108,38,90,377,4,9,58
5805,-108,40,90,377,4,10,56
5805,-108,58,90,377,4,8,57
5805,-108,36,90,377,5,10,57
5805,-108,35,90,377,4,12,57
5805,-108,67,90,377,5,9,57
5805,-108,57,90,377,4,10,57
5805,-108,48,90,377,4,9,57
5805,-108,50,90,377,4,9,56
5805,-108,50,90,377,2,10,57
5805,-108,38,90,377,5,11,57
5805,-108,47,90,377,5,10,57
5805,-108,34,90,377,4,9,56
5805,-108,45,90,377,3,9,57
5805,-108,44,90,377,5,8,56
5805,-108,42,90,377,5,9,56
5805,-108,50,90,377,5,11,58
5805,-108,61,90,377,5,9,56
5805,-108,44,90,377,3,7,56
5805,-108,47,90,377,4,10,57
5805,-108,71,90,377,4,10,58
5805,-108,29,90,377,4,9,57
5805,-108,50,90,377,4,10,57
5805,-108,29,90,377,4,10,57
5805,-108,49,90,377,4,9,57
5805,-108,46,90,377,4,10,57
5805,-108,51,90,377,6,9,56
5805,-108,42,90,377,4,11,58
5805,-108,54,90,377,4,10,58
5805,-108,40,90,377,6,9,57
5805,-108,44,90,377,4,10,57
5805,-108,48,90,377,5,10,57
5805,-108,54,90,377,4,10,58
5805,-108,52,90,377,6,10,57
5805,-108,49,90,377,4,7,57
5805,-108,40,90,377,3,8,55
5805,-108,40,90,377,5,8,56
5805,-108,30,90,377,4,9,57
5805,-108,31,90,377,4,10,57
5805,-108,43,90,377,4,11,57
5805,-108,36,90,377,5,9,57
5805,-108,47,90,377,4,10,58
5805,-108,40,90,377,3,9,56
5805,-108,37,90,377,4,12,58
5805,-108,44,90,377,5,8,56
5805,-108,56,90,377,4,9,57
5805,-108,24,89,377,5,9,55
5805,-108,35,90,377,5,10,58
5805,-108,35,90,377,4,9,57
5805,-108,48,90,377,4,7,56
5805,-108,29,90,377,5,10,57
5805,-108,36,90,377,5,10,56
5805,-108,54,90,377,4,8,57
5805,-108,54,90,377,3,9,57
5805,-108,36,90,377,5,8,57
5805,-108,54,90,377,6,10,58
5805,-108,41,90,377,3,9,56
5805,-108,54,90,377,4,8,56
5805,-108,41,90,377,3,11,57
5805,-108,56,90,377,4,9,57
5805,-108,52,90,377,4,10,57
5805,-108,45,90,377,5,11,57
5805,-108,67,90,377,4,11,57
5805,-108,25,90,377,4,8,57
5805,-108,39,90,377,5,11,57
5805,-108,54,90,377,4,9,57
5805,-108,49,90,377,3,11,58
5805,-108,38,90,377,5,9,57
5805,-108,55,90,377,4,10,58
5805,-108,43,90,377,5,9,56
5805,-108,41,90,377,4,9,57
5805,-108,46,90,377,4,7,57
5805,-108,51,90,377,4,10,58
5805,-108,51,90,377,3,11,57
5805,-108,43,90,377,4,9,57
5805,-108,48,90,377,4,9,56
5805,-108,47,90,377,5,9,57
5805,-108,35,90,377,5,9,56
5805,-108,36,89,377,4,10,55
5805,-108,34,90,377,5,9,58
5805,-108,52,90,377,5,9,56
5805,-108,45,90,377,5,11,57
5805,-108,40,90,377,5,11,57
5805,-108,58,90,377,4,9,58
5805,-108,44,90,377,2,8,56
5805,-108,40,90,377,4,11,58
5805,-108,41,90,377,4,9,57
5805,-108,31,90,377,3,11,57
5805,-108,57,90,377,5,9,57
5805,-108,43,90,377,5,10,57
5805,-108,48,90,377,3,10,57
5805,-108,45,90,377,5,10,58
5805,-108,36,89,377,5,10,56
5805,-108,45,90,377,5,8,57
5805,-108,32,90,377,4,11,56
5805,-108,53,90,377,4,8,57
5805,-108,42,90,377,4,9,57
5805,-108,26,89,378,6,9,56
5805,-108,54,90,377,4,9,57
5805,-108,50,90,377,4,12,58
5805,-108,41,90,377,4,9,57
5805,-108,38,90,377,5,10,57
5805,-108,49,90,377,4,10,57
5805,-108,46,90,377,5,10,57
5805,-108,32,90,377,4,8,57
5805,-108,46,90,377,4,9,57
5805,-108,40,90,377,4,9,57
5805,-108,33,90,377,4,10,58
5805,-108,52,90,377,4,10,57
5805,-108,32,90,377,4,9,57
5805,-108,36,90,377,6,11,57
5805,-108,31,90,377,5,10,58
5805,-108,56,90,377,5,8,57
5805,-108,34,90,377,3,9,57
5805,-108,35,90,377,4,9,56
5805,-108,43,89,377,6,9,55
5805,-108,55,90,377,4,11,57
5805,-108,29,90,377,4,9,57
5805,-108,28,90,377,6,9,57
5805,-108,55,90,377,5,9,57
5805,-108,42,90,377,4,11,58
5805,-108,55,90,377,4,10,57
5805,-108,38,90,377,5,10,56
5805,-108,53,90,377,5,11,57
5805,-108,41,90,377,4,9,57
5805,-108,35,90,377,5,9,57
5805,-108,48,90,377,6,10,58
5805,-108,45,90,377,5,11,58
5805,-108,50,90,377,4,9,58
5805,-108,32,90,377,3,12,57
5805,-108,55,90,377,4,10,56
5805,-108,33,90,377,5,9,57
5805,-108,51,90,377,4,8,57
5805,-108,46,90,377,5,10,57
5805,-108,57,90,377,4,9,56
5805,-108,27,90,377,4,10,57
5805,-108,49,90,377,5,9,57
5805,-108,55,90,377,5,9,57
5805,-108,31,90,377,6,10,57
5805,-108,32,90,377,4,11,57
5805,-108,52,90,377,4,10,57
5805,-108,62,89,377,5,7,56
5805,-108,40,90,377,6,9,57
5805,-108,40,90,377,4,9,57
5805,-108,51,90,377,7,10,58
5805,-108,36,90,377,7,9,57
5805,-108,44,90,377,5,10,56
5805,-108,47,90,377,5,10,57
5805,-108,48,90,377,4,9,57
5805,-108,64,90,377,5,9,57
5805,-108,47,90,377,4,8,56
5805,-108,53,90,377,4,8,57
5805,-108,46,90,377,3,10,57
5805,-108,57,90,377,5,10,57
5805,-108,34,90,377,4,8,56
5805,-108,60,90,377,3,9,57
5805,-108,53,90,377,6,10,57
5805,-108,39,90,377,5,8,57
5805,-108,37,90,377,4,9,57
5805,-108,47,90,377,6,11,57
5805,-108,49,90,377,4,11,58
5805,-108,38,90,377,5,9,56
5805,-108,38,90,377,5,9,57
5805,-108,62,90,377,3,8,57
5805,-108,58,90,377,5,10,57
5805,-108,30,90,377,4,11,57
5805,-108,43,90,377,5,9,57
5805,-108,33,90,377,3,9,57
5805,-108,38,90,377,4,10,57
5805,-108,44,90,377,4,11,57
5805,-108,46,90,377,3,10,57
5805,-108,34,90,377,4,9,57
5805,-108,76,90,377,4,10,57
5805,-108,43,90,377,5,10,57
5805,-108,58,90,377,4,10,57
5805,-108,57,90,377,3,9,57
5805,-108,39,90,377,2,11,57
5805,-108,46,90,377,5,8,56
5805,-108,46,90,377,4,10,57
5805,-108,44,90,377,4,10,57
5805,-108,28,90,377,4,11,57
5805,-108,46,90,377,5,10,57
5805,-108,46,90,377,4,10,57
5805,-108,46,90,377,5,10,58
5805,-108,42,90,377,5,10,57
5805,-108,33,90,377,3,9,57
5805,-108,42,90,377,3,8,56
5805,-108,35,90,377,4,10,57
5805,-108,44,90,377,5,10,57
5805,-108,42,90,377,5,9,57
5805,-108,50,90,377,4,11,58
5805,-108,50,90,377,5,9,57
5805,-108,50,90,377,4,9,58
5805,-108,35,90,377,5,10,57
5805,-108,40,90,377,3,11,58
5805,-108,52,90,377,4,9,58
5805,-108,39,90,377,5,10,57
5805,-108,42,90,377,4,9,57
5805,-108,42,90,377,4,9,57
5805,-108,51,90,377,5,9,57
5805,-108,46,90,377,4,9,57
5805,-108,44,90,377,3,9,57
5805,-108,45,90,377,5,10,58
5805,-108,34,90,377,3,10,56
5805,-108,47,90,377,5,8,57
5805,-108,48,90,377,5,10,58
5805,-108,52,90,377,4,9,58
5805,-108,64,90,377,4,9,57
5805,-108,42,90,377,4,9,57
5805,-108,48,90,377,3,11,58
5805,-108,36,90,377,4,11,56
5805,-108,53,90,377,4,9,57
5805,-108,50,89,377,6,11,57
5805,-108,40,90,377,6,9,57
5805,-108,53,90,377,5,11,57
5805,-108,47,90,377,4,8,57
5805,-108,33,90,377,6,9,57
5805,-108,35,90,377,4,10,57
5805,-108,52,90,377,5,9,57
5805,-108,30,90,377,4,9,57
5805,-108,41,90,377,4,8,56
5805,-108,53,90,377,4,11,57
5805,-108,52,90,377,4,9,57
5805,-108,43,90,377,3,10,56
5805,-108,38,90,377,6,10,58
5805,-108,44,90,377,3,8,57
5805,-108,34,90,377,4,10,57
5805,-108,43,90,377,4,10,57
5805,-108,39,90,377,6,9,57
5805,-108,52,90,377,5,8,56
5805,-108,54,90,377,4,10,57
5805,-108,46,90,377,4,11,58
5805,-108,48,90,377,3,10,57
5805,-108,59,90,377,2,10,58
5805,-108,51,90,377,4,9,58
5805,-108,39,90,377,5,10,57
5805,-108,49,90,377,5,10,57
5805,-108,48,90,377,4,10,57
5805,-108,42,90,377,5,8,56
5805,-108,45,90,377,5,10,57
5805,-108,58,90,377,3,9,58
5805,-108,72,90,377,5,12,58
5805,-108,48,90,377,3,9,57
5805,-108,65,90,377,4,9,56
5805,-108,59,90,377,4,8,57
5805,-108,57,90,377,6,9,57
5805,-108,43,90,377,5,8,56
5805,-108,48,90,377,4,11,58
5805,-108,31,90,377,5,10,57
5805,-108,54,90,377,5,8,57
5805,-108,49,90,377,4,9,57
5805,-108,33,90,377,5,10,56
5805,-108,54,90,377,6,9,57
5805,-108,61,90,377,4,7,57
5805,-108,43,90,377,4,9,57
5805,-108,43,90,377,4,9,57
5805,-108,39,90,377,3,11,57
5805,-108,56,90,377,6,9,56
5805,-108,47,90,377,4,11,57
5805,-108,47,90,377,5,8,57
5805,-108,35,90,377,4,10,57
5805,-108,44,90,377,3,9,57
5805,-108,49,90,377,5,8,55
5805,-108,49,90,377,5,10,57
5805,-108,56,90,377,4,9,58
5805,-108,50,90,377,5,10,57
5805,-108,45,90,377,3,12,57
5805,-108,48,90,377,5,8,56
5805,-108,34,90,377,4,10,57
5805,-108,46,90,377,4,10,57
5805,-108,59,90,377,2,9,57
5805,-108,50,90,377,4,9,57
5805,-108,42,90,377,5,8,57
5805,-108,54,90,377,3,10,56
5805,-108,48,90,377,4,10,57
5805,-108,43,90,377,5,10,57
5805,-108,37,90,377,4,7,57
5805,-108,51,90,377,4,8,57
5805,-108,51,90,377,5,8,57
5805,-108,50,90,377,4,11,58
5805,-108,41,90,377,4,11,57
5805,-108,59,90,377,4,11,58
5805,-108,47,90,377,4,10,58
5805,-108,64,90,377,4,10,57
5805,-108,42,90,377,4,9,57
5805,-108,47,90,377,4,10,57
5805,-108,43,90,377,5,10,57
5805,-108,46,89,378,5,7,56
5805,-108,54,90,377,5,10,58
5805,-108,40,90,377,4,10,58
5805,-108,65,90,377,4,9,57
5805,-108,53,90,377,3,7,57
5805,-108,44,89,377,5,11,56
5805,-108,48,90,377,3,9,56
5805,-108,60,90,377,4,8,57
5805,-108,43,90,377,5,9,57
5805,-108,55,90,377,5,8,56
5805,-108,70,90,377,4,10,58
5805,-108,44,90,377,4,10,57
5805,-108,42,90,377,3,9,57
5805,-108,33,90,377,5,10,57
5805,-108,48,90,377,5,11,57
5805,-108,50,90,377,4,10,56
5805,-108,38,90,377,5,10,57
5805,-108,38,90,377,5,9,57
5805,-108,41,90,377,4,7,56
5805,-108,51,90,377,5,11,59
5805,-108,44,90,377,4,9,57
5805,-108,38,89,377,6,8,55
5805,-108,44,90,377,4,8,57
5805,-108,58,90,377,5,10,56
5805,-108,33,90,377,4,9,57
5805,-108,43,90,377,4,9,57
5805,-108,36,90,377,4,10,57
5805,-108,41,90,377,5,9,57
5805,-108,37,90,377,3,10,57
5805,-108,43,90,377,5,9,57
5805,-108,49,90,377,4,9,57
5805,-108,38,90,377,4,10,58
5805,-108,49,90,377,6,10,58
5805,-108,43,90,377,6,8,56
5805,-108,44,90,377,5,10,56
5805,-108,56,90,377,3,9,57
5805,-108,47,90,377,4,9,57
5805,-108,43,90,377,4,8,57
5805,-108,54,90,377,5,10,57
5805,-108,53,90,377,4,10,58
5805,-108,39,90,377,4,10,57
5805,-108,53,90,377,6,10,57
5805,-108,52,90,377,6,8,58
5805,-108,40,90,377,5,9,57
5805,-108,55,90,377,4,11,57
5805,-108,43,90,377,3,10,57
5805,-108,53,90,377,6,8,58
5805,-108,33,90,377,5,9,56
5805,-108,43,90,377,4,8,55
5805,-108,48,90,377,4,10,57
5805,-108,33,90,377,3,10,56
5805,-108,65,90,377,4,10,57
5805,-108,43,90,377,5,10,57
5805,-108,55,90,377,4,11,57
5805,-108,50,90,377,5,11,57
5805,-108,34,90,377,4,8,56
5805,-108,73,90,377,2,10,57
5805,-108,34,90,377,4,8,56
5805,-108,39,90,377,3,10,58
5805,-108,56,90,377,4,10,57
5805,-108,64,90,377,4,12,58
5805,-108,32,90,377,6,11,57
5805,-108,57,90,377,4,10,57
5805,-108,30,90,377,5,10,56
5805,-108,50,90,377,4,9,57
5805,-108,55,90,377,5,9,57
5805,-108,52,90,377,4,9,57
5805,-108,55,90,377,5,10,57
5805,-108,64,90,377,4,11,58
5805,-108,40,90,377,5,11,57
5805,-108,57,90,377,5,11,58
5805,-108,33,90,377,4,9,57
5805,-108,36,90,377,4,9,57
5805,-108,52,90,377,3,10,58
5805,-108,47,90,377,4,10,57
5805,-108,54,90,377,4,11,57
5805,-108,68,90,377,5,9,58
5805,-108,42,90,377,4,9,58
5805,-108,38,90,377,4,9,56
5805,-108,47,90,377,4,11,57
5805,-108,51,90,377,4,10,57
5805,-108,47,90,377,5,9,56
5805,-108,43,90,377,4,10,57
5805,-108,45,90,377,4,10,57
5805,-108,39,90,377,5,10,57
5805,-108,29,90,377,2,11,58
5805,-108,50,90,377,3,10,57
5805,-108,39,90,377,6,9,57
5805,-108,67,90,377,4,10,57
5805,-108,35,90,377,4,9,56
5805,-108,49,90,377,4,9,57
5805,-108,45,90,377,3,11,57
5805,-108,45,90,377,4,9,57
5805,-108,48,90,377,4,10,58
5805,-108,40,90,377,2,10,57
5805,-108,30,90,377,3,9,57
5805,-108,52,90,377,5,9,57
5805,-108,55,90,377,3,8,56
5805,-108,47,90,377,5,10,58
5805,-108,51,90,377,4,9,57
5805,-108,52,90,377,4,9,57
5805,-108,49,90,377,4,9,57
5805,-108,44,90,377,5,10,57
5805,-108,38,90,377,5,9,57
5805,-108,37,90,377,4,10,57
5805,-108,35,90,377,5,9,57
5805,-108,39,90,377,5,8,56
5805,-108,42,90,377,5,9,57
5805,-108,47,90,377,4,11,57
5805,-108,49,90,377,5,9,57
5805,-108,64,90,377,4,10,58
5805,-108,56,90,377,5,10,57
5805,-108,33,90,377,4,10,57
5805,-108,38,90,377,5,9,57
5805,-108,45,90,377,3,9,57
5805,-108,40,90,377,5,11,56
5805,-108,38,90,377,4,9,56
5805,-108,46,90,377,4,9,57
5805,-108,44,90,377,5,11,57
5805,-108,45,90,377,4,9,57
5805,-108,41,90,377,5,10,56
5805,-108,40,90,377,3,9,56
5805,-108,30,90,377,3,9,57
5805,-108,37,90,377,4,11,57
5805,-108,56,90,377,3,9,57
5805,-108,44,90,377,4,9,57
5805,-108,59,90,377,3,10,57
5805,-108,51,90,377,4,9,57
5805,-108,59,90,377,4,10,57
5805,-108,50,90,377,3,7,57
5805,-108,54,90,377,4,9,57
5805,-108,39,90,377,4,11,57
5805,-108,36,90,377,4,8,56
5805,-108,48,90,377,3,8,57
5805,-108,66,90,377,3,9,57
5805,-108,58,90,377,3,12,57
5805,-108,40,90,377,3,9,57
5805,-108,49,90,377,4,10,57
5805,-108,65,90,377,5,10,57
5805,-108,64,90,377,4,11,58
5805,-108,29,90,377,3,10,57
5805,-108,47,90,377,4,8,57
5805,-108,39,89,377,5,8,55
5805,-108,76,90,377,5,11,58
5805,-108,39,90,377,4,10,57
5805,-108,44,90,377,4,9,58
5805,-108,43,90,377,5,9,56
5805,-108,31,90,377,4,10,57
5805,-108,61,90,377,5,10,57
5805,-108,42,90,377,4,11,58
5805,-108,28,89,377,6,8,56
5805,-108,39,90,377,6,9,57
5805,-108,42,90,377,4,9,57
5805,-108,48,90,377,3,10,57
5805,-108,53,90,377,5,8,56
5805,-108,40,90,377,4,10,56
5805,-108,47,90,377,5,8,56
5805,-108,48,90,377,5,9,57
5805,-108,56,90,377,4,9,57
5805,-108,39,90,377,5,9,57
5805,-108,45,90,377,4,11,57
5805,-108,55,90,377,4,10,57
5805,-108,48,90,377,5,10,57
5805,-108,38,90,377,5,11,58
5805,-108,36,90,377,6,11,57
5805,-108,43,90,377,4,9,57
5805,-108,47,90,377,5,10,58
5805,-108,53,90,377,6,9,57
5805,-108,43,90,377,3,8,56
5805,-108,35,90,377,3,11,57
5805,-108,61,90,377,4,11,58
5805,-108,40,89,377,5,11,57
5805,-108,32,90,377,4,9,57
5805,-108,46,90,377,4,9,57
5805,-108,37,90,377,4,10,57
5805,-108,42,90,377,4,9,58
5805,-108,53,90,377,4,9,56
5805,-108,38,90,377,5,9,57
5805,-108,50,90,377,4,10,58
5805,-108,57,90,377,5,10,57
5805,-108,45,90,377,4,8,56
5805,-108,47,90,377,5,8,57
5805,-108,34,90,377,4,9,56
5805,-108,28,90,377,5,11,57
5805,-108,41,90,377,5,11,57
5805,-108,63,90,377,4,10,57
5805,-108,41,90,377,4,10,57
5805,-108,45,90,377,3,10,57
5805,-108,44,90,377,5,10,57
5805,-108,56,90,377,5,9,58
5805,-108,47,90,377,4,10,57
5805,-108,46,90,377,5,9,57
5805,-108,44,90,377,4,8,56
5805,-108,39,90,377,5,10,56
5805,-108,42,90,377,5,11,57
5805,-108,28,90,377,5,9,58
5805,-108,58,90,377,4,8,56
5805,-108,60,90,377,6,9,57
5805,-108,39,90,377,6,8,57
5805,-108,49,90,377,4,8,57
5805,-108,42,90,377,6,10,57
5805,-108,37,90,377,3,9,57
5805,-108,41,90,377,6,9,56
5805,-108,59,90,377,4,9,57
5805,-108,44,90,377,6,9,57
5805,-108,37,90,377,5,7,55
5805,-108,59,90,377,5,9,57
5805,-108,34,90,377,3,8,56
5805,-108,44,90,377,4,11,57
5805,-108,41,90,377,4,9,57
5805,-108,41,90,377,5,10,57
5805,-108,40,90,377,4,10,56
5805,-108,47,90,377,4,9,57
5805,-108,52,90,377,4,8,56
5805,-108,40,90,377,3,10,57
5805,-108,55,90,377,4,9,57
5805,-108,53,90,377,5,8,56
5805,-108,53,90,377,4,9,57
5805,-108,30,90,377,6,9,57
5805,-108,41,90,377,5,8,57
5805,-108,44,90,377,5,9,57
5805,-108,35,90,377,4,8,56
5805,-108,38,90,377,4,10,57
5805,-108,52,90,377,4,9,57
5805,-108,64,90,377,4,9,56
5805,-108,34,90,377,4,9,57
5805,-108,46,90,377,5,8,57
5805,-108,52,90,377,4,10,58
5805,-108,36,90,377,3,10,57
5805,-108,30,89,377,4,9,56
5805,-108,29,90,377,4,9,56
5805,-108,42,90,377,4,10,58
5805,-108,46,89,377,4,9,56
5805,-108,61,90,377,4,10,57
5805,-108,44,90,377,5,9,57
5805,-108,47,90,377,6,10,57
5805,-108,37,90,377,5,10,56
5805,-108,41,90,377,4,10,57
5805,-108,50,90,377,4,9,58
5805,-108,44,90,377,5,10,57
5805,-108,59,90,377,4,10,57
5805,-108,45,90,377,5,9,58
5805,-108,37,90,377,5,7,55
5805,-108,47,90,377,5,9,56
5805,-108,43,90,377,6,10,57
5805,-108,37,90,377,4,10,58
5805,-108,50,90,377,3,9,56
5805,-108,50,90,377,4,9,57
5805,-108,59,90,377,4,9,57
5805,-108,62,90,377,5,9,58
5805,-108,43,90,377,4,10,57
5805,-108,48,90,377,4,11,58
5805,-108,49,90,377,3,10,58
5805,-108,37,90,377,3,10,57
5805,-108,53,90,377,5,10,57
5805,-108,56,90,377,4,12,58
5805,-108,40,90,377,4,10,57
5805,-108,31,90,377,4,10,57
5805,-108,41,90,377,4,9,57
5805,-108,36,90,377,3,9,57
5805,-108,52,90,377,4,11,58
5805,-108,46,90,377,5,10,57
5805,-108,49,90,377,6,9,57
5805,-108,46,90,377,4,10,58
5805,-108,41,90,377,3,10,57
5805,-108,38,90,377,5,9,57
5805,-108,55,90,377,4,9,57
5805,-108,39,90,377,5,9,57
5805,-108,46,90,377,3,9,57
5805,-108,42,90,377,4,8,57
5805,-108,51,90,377,5,10,58
5805,-108,45,90,377,6,12,57
5805,-108,49,90,377,4,8,56
5805,-108,66,90,377,4,9,57
5805,-108,55,90,377,5,9,57
5805,-108,39,90,377,3,9,57
5805,-108,43,90,377,5,10,57
5805,-108,46,90,377,5,10,57
5805,-108,36,90,377,3,10,57
5805,-108,55,90,377,5,9,58
5805,-108,36,90,377,5,10,57
5805,-108,53,90,377,4,9,57
5805,-108,60,90,377,4,10,58
5805,-108,59,90,377,7,10,58
5805,-108,39,90,377,5,9,57
5805,-108,45,90,377,5,9,57
5805,-108,61,90,377,4,8,57
5805,-108,30,90,377,5,9,57
5805,-108,45,90,377,5,9,56
5805,-108,47,90,377,4,9,57
5805,-108,62,90,377,5,10,57
5805,-108,48,90,377,4,10,58
5805,-108,44,90,377,4,9,57
5805,-108,49,90,377,3,9,57
5805,-108,40,90,377,4,8,56
5805,-108,35,90,377,4,10,57
5805,-108,46,90,377,5,11,57
5805,-108,34,90,377,4,8,56
5805,-108,35,90,377,4,9,57
5805,-108,36,90,377,4,9,57
5805,-108,29,89,377,5,10,56
5805,-108,51,90,377,4,9,57
5805,-108,36,90,377,4,11,57
5805,-108,28,90,377,5,9,57
5805,-108,47,90,377,5,9,57
5805,-108,40,90,377,5,10,57
5805,-108,35,90,377,4,10,57
5805,-108,52,90,377,4,9,57
5805,-108,43,90,377,4,9,57
5805,-108,39,90,377,4,10,57
5805,-108,41,90,377,5,9,57
5805,-108,42,90,377,5,9,57
5805,-108,43,90,377,5,10,57
5805,-108,44,90,377,5,9,56
5805,-108,69,90,377,5,9,57
5805,-108,47,90,377,3,9,57
5805,-108,57,90,377,5,10,57
5805,-108,33,90,377,3,8,57
5805,-108,27,90,377,5,11,57
5805,-108,30,90,377,4,10,57
5805,-108,62,90,377,4,10,57
5805,-108,42,90,377,4,8,56
5805,-108,35,90,377,4,9,57
5805,-108,55,90,377,4,9,57
5805,-108,43,90,377,4,12,58
5805,-108,43,90,377,4,10,57
5805,-108,58,90,377,4,9,56
5805,-108,39,90,377,4,10,57
5805,-108,28,90,377,4,9,57
5805,-108,47,90,377,5,10,57
5805,-108,47,90,377,4,9,57
5805,-108,33,90,377,5,8,56
5805,-108,48,90,377,5,7,56
5805,-108,37,90,377,5,9,57
5805,-108,40,90,377,5,9,58
5805,-108,36,90,377,4,8,57
5805,-108,45,90,377,5,9,57
5805,-108,31,90,377,3,10,57
5805,-108,48,90,377,5,9,57
5805,-108,49,90,377,5,11,57
5805,-108,49,90,377,4,9,56
5805,-108,42,89,377,5,7,55
5805,-108,42,90,377,4,10,58
5805,-108,45,90,377,6,10,57
5805,-108,50,90,377,4,11,57
5805,-108,55,90,377,3,8,56
5805,-108,48,90,377,5,10,57
5805,-108,47,90,377,4,11,58
5805,-108,51,90,377,3,9,57
5805,-108,67,90,377,4,9,56
5805,-108,51,90,377,3,9,58
5805,-108,50,90,377,6,11,58
5805,-108,57,90,377,5,10,57
5805,-108,58,90,377,5,9,57
5805,-108,55,90,377,3,8,57
5805,-108,62,90,377,4,11,57
5805,-108,66,90,377,4,11,57
5805,-108,50,90,377,4,9,58
5805,-108,38,90,377,4,10,57
5805,-108,52,90,377,5,10,57
5805,-108,40,90,377,4,9,58
5805,-108,47,90,377,5,10,57
5805,-108,56,90,377,4,10,58
5805,-108,50,90,377,4,10,57
5805,-108,28,90,377,3,9,56
5805,-108,48,90,377,4,10,57
5805,-108,58,90,377,4,10,57
5805,-108,42,90,377,5,9,57
5805,-108,40,90,377,4,10,57
5805,-108,49,90,377,4,8,57
5805,-108,38,90,377,4,9,57
5805,-108,48,90,377,4,11,57
5805,-108,48,90,377,5,10,57
5805,-108,41,90,377,5,9,56
5805,-108,67,90,377,4,8,57
5805,-108,70,90,377,4,10,58
5805,-108,38,90,377,5,8,57
5805,-108,29,90,377,4,11,57
5805,-108,34,90,377,5,10,57
5805,-108,33,90,377,5,10,58
5805,-108,34,90,377,4,9,57
5805,-108,40,90,377,4,9,57
5805,-108,27,90,377,5,10,57
5805,-108,48,90,377,5,8,56
5805,-108,42,90,377,4,10,58
5805,-108,28,90,377,5,8,57
5805,-108,55,90,377,5,9,57
5805,-108,29,90,377,5,9,57
5805,-108,45,90,377,4,8,56
5805,-108,40,90,377,4,8,56
5805,-108,45,90,377,5,8,57
5805,-108,49,90,377,5,9,57
5805,-108,34,90,377,4,10,56
5805,-108,39,90,377,5,11,58
5805,-108,28,90,377,3,12,57
5805,-108,28,90,377,4,9,57
5805,-108,31,90,377,4,9,57
5805,-108,45,90,377,4,10,58
5805,-108,46,89,377,5,9,55
5805,-108,43,90,377,5,9,56
5805,-108,46,90,377,3,8,57
5805,-108,47,90,377,5,10,58
5805,-108,29,90,377,4,9,56
5805,-108,49,90,377,4,9,57
5805,-108,42,90,377,4,10,58
5805,-108,34,90,377,5,11,58
5805,-108,49,90,377,5,9,57
5805,-108,44,90,377,3,10,57
5805,-108,33,90,377,5,9,57
5805,-108,43,90,377,4,11,57
5805,-108,35,90,377,4,9,56
5805,-108,44,90,377,5,10,57
5805,-108,35,90,377,4,10,57
5805,-108,46,90,377,4,10,57
5805,-108,55,90,377,4,10,58
5805,-108,56,90,377,3,9,57
5805,-108,40,90,377,3,8,56
5805,-108,44,90,377,3,10,58
5805,-108,35,90,377,4,9,57
5805,-108,51,90,377,4,9,56
5805,-108,51,90,377,5,10,57
5805,-108,37,90,377,5,8,56
5805,-108,53,90,377,4,9,57
5805,-108,43,90,377,4,10,57
5805,-108,47,90,377,3,10,57
5805,-108,46,90,377,4,9,57
5805,-108,41,90,377,4,10,58
5805,-108,35,90,377,3,10,56
5805,-108,38,90,377,4,11,56
5805,-108,38,90,377,4,10,57
5805,-108,32,90,377,4,11,58
5805,-108,39,90,377,3,12,58
5805,-108,32,90,377,5,9,57
5805,-108,53,90,377,4,9,57
5805,-108,51,90,377,4,10,57
5805,-108,59,90,377,3,10,57
5805,-108,41,90,377,4,9,56
5805,-108,45,90,377,5,8,56
5805,-108,39,90,377,4,9,57
5805,-108,37,89,378,6,10,56
5805,-108,35,90,377,5,12,58
5805,-108,29,90,377,3,9,56
5805,-108,46,90,377,4,9,57
5805,-108,38,90,377,3,10,57
5805,-108,41,90,377,3,10,57
5805,-108,38,90,377,5,9,56
5805,-108,30,90,377,4,7,57
5805,-108,36,90,377,5,9,57
5805,-108,29,90,377,5,8,56
5805,-108,32,90,377,5,9,57
5805,-108,27,90,377,3,10,57
5805,-108,35,90,377,4,9,56
5805,-108,42,90,377,4,8,57
5805,-108,31,90,377,5,9,57
5805,-108,48,90,377,5,9,56
5805,-108,44,90,377,4,9,57
5805,-108,47,90,377,4,9,57
5805,-108,32,90,377,6,10,57
5805,-108,41,90,377,5,11,57
5805,-108,59,90,377,5,9,56
5805,-108,40,90,377,5,8,57
5805,-108,39,90,377,3,10,57
5805,-108,53,90,377,4,9,57
5805,-108,46,90,377,5,9,57
5805,-108,36,90,377,3,11,57
5805,-108,40,90,377,5,10,58
5805,-108,30,90,377,3,9,57
5805,-108,45,90,377,4,11,57
5805,-108,39,90,377,3,11,57
5805,-108,55,90,377,3,8,56
5805,-108,47,90,377,3,8,57
5805,-108,47,90,377,4,10,58
5805,-108,36,90,377,4,10,57
5805,-108,54,90,377,5,9,57
5805,-108,33,90,377,5,8,56
5805,-108,36,90,377,4,11,57
5805,-108,60,90,377,4,9,57
5805,-108,46,90,377,3,8,57
5805,-108,62,90,377,4,9,57
5805,-108,38,90,377,5,7,56
5805,-108,45,90,377,3,11,57
5805,-108,58,90,377,4,11,58
5805,-108,38,90,377,5,10,57
5805,-108,49,90,377,4,9,57
5805,-108,36,90,377,4,9,57
5805,-108,42,90,377,4,11,57
5805,-108,47,90,377,4,11,57
5805,-108,58,90,377,5,9,56
5805,-108,47,90,377,5,9,57
5805,-108,58,90,377,3,11,57
5805,-108,43,90,377,4,11,57
5805,-108,59,90,377,3,9,57
5805,-108,53,90,377,4,8,57
5805,-108,37,90,377,3,10,57
5805,-108,42,90,377,5,9,57
5805,-108,50,90,377,4,10,58
5805,-108,38,90,377,4,10,57
5805,-108,48,90,377,5,10,57
5805,-108,31,90,377,4,9,57
5805,-108,44,90,377,4,10,57
5805,-108,41,90,377,5,10,57
5805,-108,61,90,377,4,9,57
5805,-108,43,90,377,4,10,57
5805,-108,39,90,377,4,8,57
5805,-108,40,90,377,5,10,57
5805,-108,43,90,377,4,10,57
5805,-108,33,90,377,4,10,57
5805,-108,50,90,377,4,10,58
5805,-108,29,90,377,5,9,56
5805,-108,51,90,377,4,9,57
5805,-108,34,90,377,5,8,57
5805,-108,54,90,377,3,8,56
5805,-108,56,90,377,5,10,58
5805,-108,39,90,377,3,11,57
5805,-108,43,90,377,5,9,57
5805,-108,48,90,377,3,9,57
5805,-108,39,90,377,4,11,57
5805,-108,53,90,377,5,10,57
5805,-108,35,90,377,4,9,57
5805,-108,40,90,377,5,8,56
5805,-108,38,90,377,4,10,56
5805,-108,35,90,377,4,8,56
5805,-108,49,90,377,4,11,57
5805,-108,40,90,377,4,11,58
5805,-108,34,90,377,3,10,56
5805,-108,45,90,377,4,11,57
5805,-108,49,90,377,5,10,57
5805,-108,54,90,377,5,10,57
5805,-108,39,90,377,3,10,57
5805,-108,38,90,377,4,8,56
5805,-108,56,90,377,3,10,58
5805,-108,30,90,377,4,10,58
5805,-108,40,90,377,4,9,57
5805,-108,52,90,377,5,10,57
5805,-108,47,90,377,4,9,56
5805,-108,43,90,377,4,9,57
5805,-108,61,90,377,4,10,57
5805,-108,62,90,377,5,8,56
5805,-108,76,90,377,4,9,57
5805,-108,45,90,377,4,8,56
5805,-108,57,90,377,3,10,57
5805,-108,24,90,377,4,10,57
5805,-108,40,90,377,4,9,56
5805,-108,51,90,377,4,9,57
5805,-108,52,90,377,3,9,58
5805,-108,39,90,377,3,9,57
5805,-108,36,90,377,5,10,57
5805,-108,59,90,377,3,11,58
5805,-108,34,90,377,6,9,56
5805,-108,53,90,377,4,10,57
5805,-108,34,90,377,5,9,57
5805,-108,48,90,377,4,8,57
5805,-108,40,90,377,4,10,57
5805,-108,50,90,377,5,10,58
5805,-108,36,90,377,5,11,57
5805,-108,41,90,377,4,9,57
5805,-108,51,90,377,3,9,56
5805,-108,42,90,377,5,9,57
5805,-108,40,90,377,4,9,57
5805,-108,45,90,377,4,10,57
5805,-108,29,90,377,5,9,55
5805,-108,32,90,377,5,10,58
5805,-108,45,90,377,4,9,57
5805,-108,53,90,377,5,11,57
5805,-108,25,90,377,2,10,57
5805,-108,47,90,377,4,8,57
5805,-108,50,90,377,4,9,57
5805,-108,56,90,377,5,10,58
5805,-108,38,90,377,4,12,57
5805,-108,42,90,377,5,10,57
5805,-108,35,90,377,2,10,57
5805,-108,39,90,377,3,8,56
5805,-108,32,90,377,5,11,57
5805,-108,32,90,377,5,10,56
5805,-108,40,90,377,3,10,56
5805,-108,41,90,377,3,8,56
5805,-108,48,90,377,4,9,57
5805,-108,40,90,377,4,10,57
5805,-108,46,90,377,5,10,57
5805,-108,44,90,377,5,8,56
5805,-108,30,90,377,5,10,57
5805,-108,36,90,377,4,6,55
5805,-108,40,90,377,6,9,57
5805,-108,49,90,377,4,11,57
5805,-108,48,90,377,5,11,57
5805,-108,66,90,377,3,11,57
5805,-108,38,90,377,5,10,56
5805,-108,43,90,377,4,11,57
5805,-108,48,90,377,4,10,57
5805,-108,48,90,377,5,10,57
5805,-108,49,90,377,6,11,58
5805,-108,34,90,377,6,9,57
5805,-108,45,90,377,4,12,57
5805,-108,53,90,377,4,10,57
5805,-108,49,90,377,4,8,56
5805,-108,59,90,377,4,9,57
5805,-108,39,90,377,5,10,57
5805,-108,69,90,377,3,8,57
5805,-108,61,90,377,4,9,57
5805,-108,45,90,377,4,7,56
5805,-108,45,90,377,4,9,57
5805,-108,38,90,377,4,8,57
5805,-108,37,90,377,5,10,57
5805,-108,53,90,377,4,8,57
5805,-108,60,90,377,5,9,57
5805,-108,36,90,377,4,9,57
5805,-108,45,90,377,5,10,58
5805,-108,35,90,377,5,10,58
5805,-108,32,90,377,5,11,57
5805,-108,31,90,377,4,8,56
5805,-108,55,89,377,5,10,56
5805,-108,50,90,377,3,9,57
5805,-108,53,90,377,5,8,57
5805,-108,35,89,377,5,9,56
5805,-108,53,90,377,5,9,56
5805,-108,55,90,377,4,11,57
5805,-108,46,90,377,4,10,57
5805,-108,37,90,377,5,9,57
5805,-108,52,90,377,6,10,57
5805,-108,44,90,377,4,11,58
5805,-108,52,90,377,4,8,56
5805,-108,38,90,377,5,9,57
5805,-108,49,90,377,5,10,57
5805,-108,56,90,377,5,9,57
5805,-108,38,90,377,5,9,57
5805,-108,36,90,377,5,9,56
5805,-108,58,90,377,5,10,57
5805,-108,47,90,377,5,8,57
5805,-108,44,90,377,5,11,57
5805,-108,33,90,377,4,9,57
5805,-108,53,90,377,4,9,57
5805,-108,59,90,377,4,10,58
5805,-108,43,90,377,6,10,58
5805,-108,47,90,377,4,9,57
5805,-108,48,90,377,5,10,57
5805,-108,57,90,377,3,9,57
5805,-108,61,90,377,5,10,57
5805,-108,51,90,377,4,10,57
5805,-108,44,90,377,4,8,56
5805,-108,38,90,377,5,8,56
5805,-108,38,90,377,5,9,57
5805,-108,43,90,377,3,9,57
5805,-108,33,90,377,5,9,56
5805,-108,33,90,377,4,12,58
5805,-108,43,90,377,4,9,57
5805,-108,50,90,377,3,8,58
5805,-108,60,90,377,4,10,58
5805,-108,32,90,377,3,8,56
5805,-108,42,90,377,4,10,57
5805,-108,56,90,377,4,10,57
5805,-108,40,90,377,6,10,57
5805,-108,58,90,377,3,9,58
5805,-108,39,90,377,5,9,57
5805,-108,53,90,377,4,10,58
5805,-108,47,90,377,4,10,57
5805,-108,36,90,377,4,9,57
5805,-108,35,90,377,5,9,56
5805,-108,41,90,377,4,9,57
5805,-108,43,90,377,5,9,56
5805,-108,49,90,377,5,9,57
5805,-108,25,90,377,4,9,56
5805,-108,46,90,377,3,9,57
5805,-108,54,90,377,4,9,58
5805,-108,48,90,377,5,11,57
5805,-108,58,90,377,5,8,56
5805,-108,51,90,377,3,8,57
5805,-108,44,90,377,3,10,58
5805,-108,40,90,377,4,9,57
5805,-108,40,90,377,4,9,58
5805,-108,41,90,377,3,10,57
5805,-108,46,89,377,4,11,57
5805,-108,49,90,377,5,10,58
5805,-108,45,90,377,5,10,59
5805,-108,50,90,377,4,8,56
5805,-108,45,90,377,4,9,57
5805,-108,33,90,377,3,10,56
5805,-108,44,90,377,4,7,56
5805,-108,50,90,377,4,11,57
5805,-108,40,90,377,4,9,57
5805,-108,43,90,377,5,8,56
5805,-108,44,90,377,3,8,56
5805,-108,49,90,377,3,10,57
5805,-108,34,90,377,4,8,56
5805,-108,54,90,377,5,11,57
5805,-108,32,90,377,5,10,57
5805,-108,50,90,377,5,8,58
5805,-108,36,90,377,4,9,57
5805,-108,44,90,377,4,10,57
5805,-108,50,90,377,4,9,57
5805,-108,59,90,377,5,9,56
5805,-108,48,90,377,4,9,57
5805,-108,61,90,377,3,9,56
5805,-108,41,90,377,5,8,57
5805,-108,52,90,377,3,9,57
5805,-108,35,90,377,3,10,57
5805,-108,36,90,377,4,9,58
5805,-108,47,90,377,5,10,57
5805,-108,53,90,377,6,11,57
5805,-108,36,90,377,3,10,57
5805,-108,50,90,377,4,9,57
5805,-108,33,90,377,4,8,57
5805,-108,49,90,377,5,10,57
5805,-108,36,90,377,5,10,58
5805,-108,43,90,377,5,8,56
5805,-108,55,90,377,4,11,58
5805,-108,29,90,377,5,9,57
5805,-108,51,90,377,3,9,57
5805,-108,45,90,377,5,8,56
5805,-108,42,90,377,4,11,58
5805,-108,57,90,377,6,10,57
5805,-108,54,90,377,4,10,57
5805,-108,44,90,377,4,10,57
5805,-108,44,90,377,6,8,56
5805,-108,45,90,377,5,9,57
5805,-108,36,90,377,3,10,57
5805,-108,64,90,377,4,7,56
5805,-108,39,90,377,5,10,57
5805,-108,46,90,377,4,9,57
5805,-108,32,90,377,5,10,57
5805,-108,63,90,377,5,9,57
5805,-108,53,90,377,3,8,56
5805,-108,32,90,377,3,9,56
5805,-108,45,90,377,4,9,56
5805,-108,41,90,377,5,8,57
5805,-108,36,90,377,5,10,58
5805,-108,53,90,377,5,12,58
5805,-108,51,90,377,5,10,58
5805,-108,41,90,377,4,11,57
5805,-108,51,90,377,5,9,57
5805,-108,33,90,377,4,9,56
5805,-108,39,90,377,4,9,57
5805,-108,37,90,377,5,10,58
5805,-108,42,90,377,4,9,57
5805,-108,35,90,377,3,10,57
5805,-108,45,90,377,3,9,57
5805,-108,41,90,377,5,10,57
5805,-108,45,90,377,5,10,57
5805,-108,40,90,377,4,8,56
5805,-108,47,90,377,4,10,57
5805,-108,31,90,377,5,9,57
5805,-108,26,90,377,4,9,56
5805,-108,57,90,377,4,8,57
5805,-108,34,90,377,4,11,57
5805,-108,61,90,377,3,10,58
5805,-108,56,90,377,3,10,58
5805,-108,35,90,377,4,9,57
5805,-108,38,90,377,5,9,57
5805,-108,25,90,377,4,9,56
5805,-108,56,90,377,5,10,57
5805,-108,38,90,377,5,10,57
5805,-108,42,90,377,4,8,57
5805,-108,33,90,377,5,9,57
5805,-108,56,90,377,4,11,57
5805,-108,36,90,377,5,10,57
5805,-108,57,90,377,4,9,58
5805,-108,37,90,377,4,9,55
5805,-108,37,90,377,5,7,56
5805,-108,37,90,377,5,9,57
5805,-108,39,90,377,4,9,57
5805,-108,33,90,377,5,11,57
5805,-108,49,90,377,4,10,57
5805,-108,34,90,377,3,10,57
5805,-108,41,90,377,5,9,57
5805,-108,41,90,377,4,10,57
5805,-108,53,90,377,5,11,57
5805,-108,46,90,377,4,8,56
5805,-108,40,90,377,4,10,57
5805,-108,27,90,377,3,9,57
5805,-108,43,89,377,6,8,55
5805,-108,43,90,377,4,9,57
5805,-108,32,90,377,4,9,58
5805,-108,56,90,377,4,9,57
5805,-108,37,90,377,4,8,57
5805,-108,32,90,377,5,9,56
5805,-108,41,90,377,3,8,56
5805,-108,47,90,377,5,11,58
5805,-108,57,90,377,5,11,57
5805,-108,32,90,377,3,8,56
5805,-108,43,90,377,4,9,57
5805,-108,52,90,377,5,10,57
5805,-108,39,90,377,6,11,57
5805,-108,56,90,377,3,8,57
5805,-108,60,90,377,4,8,55
5805,-108,63,90,377,5,9,57
5805,-108,42,90,377,4,11,57
5805,-108,26,90,377,5,8,57
5805,-108,31,90,377,5,9,57
5805,-108,39,90,377,5,9,56
5805,-108,41,90,377,6,8,57
5805,-108,38,90,377,5,10,57
5805,-108,41,90,377,4,9,57
5805,-108,68,90,377,2,10,57
5805,-108,33,90,377,4,10,57
5805,-108,42,90,377,2,9,56
5805,-108,40,90,377,5,8,56
5805,-108,36,90,377,5,8,57
5805,-108,38,90,377,4,8,57
5805,-108,40,90,377,5,9,57
5805,-108,57,90,377,5,10,57
5805,-108,45,90,377,4,8,56
5805,-108,38,90,377,5,10,57
5805,-108,48,90,377,3,10,57
5805,-108,46,90,377,5,10,56
5805,-108,30,90,377,5,11,58
5805,-108,41,90,377,4,10,58
5805,-108,46,90,377,3,9,57
5805,-108,41,90,377,4,9,57
5805,-108,43,90,377,4,9,57
5805,-108,33,90,377,5,8,57
5805,-108,32,90,377,3,9,57
5805,-108,47,90,377,5,7,57
5805,-108,53,90,377,5,9,57
5805,-108,37,90,377,3,10,57
5805,-108,42,90,377,3,9,57
5805,-108,49,90,377,5,8,56
5805,-108,48,90,377,4,9,57
5805,-108,49,90,377,3,11,57
5805,-108,31,90,377,4,10,57
5805,-108,41,90,377,3,10,57
5805,-108,42,90,377,6,9,57
5805,-108,53,90,377,5,9,58
5805,-108,35,90,377,4,9,57
5805,-108,51,90,377,5,10,57
5805,-108,56,90,377,5,7,57
5805,-108,35,90,377,4,10,57
5805,-108,46,89,378,6,7,55
5805,-108,36,90,377,4,10,57
5805,-108,55,90,377,3,10,57
5805,-108,50,90,377,5,10,57
5805,-108,45,90,377,4,10,56
5805,-108,55,90,377,4,11,58
5805,-108,33,90,377,4,9,57
5805,-108,33,90,377,4,10,56
5805,-108,51,90,377,5,8,56
5805,-108,45,90,377,5,9,57
5805,-108,49,90,377,4,11,57
5805,-108,32,90,377,5,10,57
5805,-108,44,90,377,6,9,56
5805,-108,40,90,377,3,9,57
5805,-108,51,90,377,5,10,57
5805,-108,49,90,377,4,10,57
5805,-108,40,90,377,4,9,57
5805,-108,25,88,379,5,8,53
5805,-108,41,90,377,5,8,56
5805,-108,39,90,377,4,8,56
5805,-108,40,90,377,4,9,57
5805,-108,30,90,377,5,10,56
5805,-108,49,90,377,4,9,57
5805,-108,31,90,377,4,9,57
5805,-108,46,90,377,5,10,57
5805,-108,41,90,377,5,7,56
5805,-108,32,90,377,4,9,57
5805,-108,33,90,377,4,9,56
5805,-108,49,90,377,5,8,56
5805,-108,27,90,377,5,10,57
5805,-108,34,90,377,4,10,56
5805,-108,49,90,377,5,11,57
5805,-108,48,90,377,3,11,57
5805,-108,36,90,377,4,10,57
5805,-108,34,90,377,4,11,58
5805,-108,36,90,377,4,10,57
5805,-108,32,90,377,4,11,57
5805,-108,41,90,377,4,9,56
5805,-108,36,90,377,5,10,57
5805,-108,41,90,377,5,10,57
5805,-108,26,90,377,5,9,57
5805,-108,40,90,377,4,9,56
5805,-108,50,90,377,6,8,56
5805,-108,52,90,377,4,7,57
5805,-108,42,90,377,5,10,57
5805,-108,41,90,377,4,9,57
5805,-108,43,90,377,5,9,58
5805,-108,52,89,377,5,10,57
5805,-108,52,90,377,5,10,57
5805,-108,41,90,377,4,9,56
5805,-108,39,90,377,3,10,58
5805,-108,49,90,377,5,12,58
5805,-108,57,90,377,3,9,57
5805,-108,47,90,377,5,10,57
5805,-108,50,90,377,4,8,57
5805,-108,34,90,377,3,9,57
5805,-108,41,90,377,4,9,57
5805,-108,32,90,377,5,9,57
5805,-108,39,90,377,6,10,58
5805,-108,42,90,377,5,11,57
5805,-108,39,90,377,4,9,57
5805,-108,34,90,377,5,10,57
5805,-108,40,90,377,4,10,58
5805,-108,44,90,377,5,11,58
5805,-108,54,89,377,6,11,57
5805,-108,43,90,377,4,10,57
5805,-108,43,90,377,3,10,58
5805,-108,43,90,377,4,10,58
5805,-108,43,90,377,3,9,57
5805,-108,38,90,377,5,9,57
5805,-108,33,90,377,4,10,57
5805,-108,33,90,377,5,11,57
5805,-108,69,90,377,5,8,57
5805,-108,33,90,377,6,8,56
5805,-108,46,90,377,4,10,57
5805,-108,35,90,377,4,8,57
5805,-108,38,90,377,5,10,58
5805,-108,39,90,377,5,10,57
5805,-108,34,89,377,5,10,56
5805,-108,62,90,377,5,9,58
5805,-108,49,90,377,4,9,57
5805,-108,47,90,377,5,9,58
5805,-108,56,90,377,6,11,57
5805,-108,48,90,377,4,11,57
5805,-108,43,90,377,5,9,57
5805,-108,55,90,377,5,11,57
5805,-108,56,90,377,4,10,57
5805,-108,41,90,377,4,10,56
5805,-108,51,90,377,5,11,58
5805,-108,36,89,377,5,10,56
5805,-108,54,90,377,4,8,57
5805,-108,48,90,377,3,10,58
5805,-108,49,90,377,4,8,57
5805,-108,37,90,377,4,8,55
5805,-108,51,89,378,5,10,57
5805,-108,45,90,377,4,9,57
5805,-108,51,90,377,4,11,58
5805,-108,45,90,377,4,10,57
5805,-108,64,90,377,4,10,57
5805,-108,37,90,377,4,9,57
5805,-108,62,90,377,6,9,57
5805,-108,31,90,377,4,9,57
5805,-108,31,90,377,4,8,56
5805,-108,52,90,377,4,10,57
5805,-108,48,89,378,5,8,55
5805,-108,31,90,377,3,8,56
5805,-108,41,90,377,5,10,57
5805,-108,32,90,377,4,11,57
5805,-108,34,90,377,3,7,55
5805,-108,31,90,377,5,9,57
5805,-108,32,90,377,4,10,56
5805,-108,40,90,377,4,9,57
5805,-108,42,90,377,4,12,58
5805,-108,44,90,377,5,9,57
5805,-108,30,90,377,2,10,57
5805,-108,31,90,377,5,10,57
5805,-108,48,90,377,4,9,57
5805,-108,34,90,377,3,10,57
5805,-108,42,90,377,2,10,57
5805,-108,44,90,377,5,8,56
5805,-108,55,90,377,4,8,57
5805,-108,38,90,377,4,10,58
5805,-108,35,90,377,4,11,57
5805,-108,40,90,377,5,11,57
5805,-108,46,90,377,5,9,56
5805,-108,49,90,377,5,9,57
5805,-108,42,90,377,3,9,58
5805,-108,42,90,377,2,7,56
5805,-108,43,90,377,3,11,57
5805,-108,32,90,377,4,11,58
5805,-108,42,90,377,3,10,57
5805,-108,38,90,377,6,8,56
5805,-108,27,90,377,4,9,56
5805,-108,31,90,377,4,8,56
5805,-108,49,90,377,5,11,57
5805,-108,31,90,377,3,10,56
5805,-108,38,90,377,4,9,56
5805,-108,30,90,377,3,8,56
5805,-108,28,90,377,5,9,56
5805,-108,40,90,377,5,9,57
5805,-108,42,90,377,4,8,56
5805,-108,28,90,377,4,9,57
5805,-108,53,90,377,4,10,57
5805,-108,47,90,377,5,9,57
5805,-108,48,90,377,5,10,57
5805,-108,56,90,377,3,10,57
5805,-108,49,90,377,5,8,57
5805,-108,34,90,377,5,10,57
5805,-108,53,90,377,5,9,57
5805,-108,33,90,377,5,11,57
5805,-108,57,90,377,4,8,57
5805,-108,50,90,377,5,9,57
5805,-108,31,90,377,4,9,56
5805,-108,39,90,377,4,9,57
5805,-108,26,90,377,3,8,56
5805,-108,52,90,377,4,11,57
5805,-108,42,90,377,5,8,56
5805,-108,38,90,377,3,10,57
5805,-108,33,90,377,4,8,57
5805,-108,48,90,377,5,9,57
5805,-108,46,90,377,4,10,57
5805,-108,40,90,377,5,10,57
5805,-108,54,90,377,5,11,58
5805,-108,58,90,377,5,10,57
5805,-108,42,90,377,5,9,57
5805,-108,32,90,377,5,9,57
5805,-108,45,90,377,4,9,57
5805,-108,43,90,377,4,9,56
5805,-108,35,90,377,5,10,57
5805,-108,47,90,377,4,11,57
5805,-108,40,90,377,3,8,56
5805,-108,53,90,377,4,10,57
5805,-108,40,90,377,4,11,56
5805,-108,37,90,377,4,10,57
5805,-108,36,90,377,5,9,57
5805,-108,36,90,377,5,9,57
5805,-108,33,90,377,5,9,57
5805,-108,53,90,377,2,11,57
5805,-108,50,90,377,3,10,57
5805,-108,37,90,377,4,10,57
5805,-108,44,90,377,5,9,57
5805,-108,35,90,377,4,8,56
5805,-108,50,90,377,5,10,57
5805,-108,51,90,377,3,10,58
5805,-108,49,90,377,2,11,58
5805,-108,28,90,377,5,9,56
5805,-108,29,90,377,4,8,57
5805,-108,37,90,377,4,10,57
5805,-108,31,90,377,3,9,57
5805,-108,42,90,377,6,10,56
5805,-108,45,90,377,4,9,57
5805,-108,60,90,377,4,10,57
5805,-108,34,90,377,4,10,58
5805,-108,52,90,377,5,9,56
5805,-108,46,90,377,6,9,57
5805,-108,48,90,377,4,11,58
5805,-108,56,90,377,5,10,57
5805,-108,55,90,377,4,10,57
5805,-108,40,90,377,5,9,57
5805,-108,45,90,377,4,9,57
5805,-108,41,90,377,4,10,57
5805,-108,46,90,377,3,11,58
5805,-108,38,90,377,4,8,57
5805,-108,34,90,377,4,12,57
5805,-108,59,90,377,5,8,57
5805,-108,40,90,377,4,10,57
5805,-108,52,90,377,4,10,57
5805,-108,43,90,377,4,10,57
5805,-108,38,90,377,5,9,57
5805,-108,48,90,377,5,10,58
5805,-108,54,90,377,4,10,57
5805,-108,45,90,377,5,11,57
5805,-108,61,90,377,4,10,58
5805,-108,50,90,377,4,9,57
5805,-108,30,90,377,5,8,56
5805,-108,51,90,377,3,9,57
5805,-108,70,90,377,4,10,58
5805,-108,59,90,377,5,9,57
5805,-108,64,90,377,4,8,57
5805,-108,62,90,377,5,9,57
5805,-108,62,90,377,5,9,57
5805,-108,61,90,377,4,10,57
5805,-108,51,90,377,4,8,57
5805,-108,64,90,377,3,9,57
5805,-108,63,90,377,6,11,58
5805,-108,41,90,377,4,11,57
5805,-108,52,90,377,4,9,57
5805,-108,46,90,377,4,9,57
5805,-108,53,90,377,5,9,57
5805,-108,39,90,377,5,10,57
5805,-108,44,90,377,4,8,56
5805,-108,33,90,377,4,7,55
5805,-108,45,90,377,4,8,56
5805,-108,41,90,377,4,10,56
5805,-108,57,90,377,5,10,58
5805,-108,38,90,377,4,9,57
5805,-108,49,90,377,5,10,58
5805,-108,49,90,377,4,9,57
5805,-108,41,90,377,4,9,57
5805,-108,38,90,377,4,10,57
5805,-108,36,90,377,5,9,57
5805,-108,51,90,377,5,10,58
5805,-108,37,90,377,4,9,57
5805,-108,34,90,377,4,11,57
5805,-108,42,90,377,4,9,57
5805,-108,42,89,377,5,10,57
5805,-108,43,90,377,4,8,56
5805,-108,37,90,377,3,10,57
5805,-108,35,90,377,4,9,57
5805,-108,43,90,377,4,10,57
5805,-108,35,90,377,4,9,57
5805,-108,57,90,377,4,8,56
5805,-108,53,90,377,3,10,57
5805,-108,54,90,377,3,10,57
5805,-108,48,90,377,3,8,56
5805,-108,33,90,377,3,10,57
5805,-108,37,90,377,4,9,57
5805,-108,37,90,377,2,9,57
5805,-108,48,90,377,5,10,56
5805,-108,27,90,377,4,10,58
5805,-108,42,89,377,5,10,56
5805,-108,41,90,377,3,8,57
5805,-108,51,90,377,5,9,57
5805,-108,44,90,377,5,10,57
5805,-108,54,90,377,4,9,57
5805,-108,43,90,377,5,11,58
5805,-108,35,90,377,5,11,57
5805,-108,27,90,377,5,10,57
5805,-108,50,90,377,4,8,56
5805,-108,38,90,377,4,9,57
5805,-108,52,90,377,4,10,57
5805,-108,45,90,377,5,9,57
5805,-108,43,90,377,4,9,57
5805,-108,47,90,377,4,10,57
5805,-108,45,90,377,4,11,57
5805,-108,41,90,377,5,8,57
5805,-108,59,90,377,4,10,58
5805,-108,66,90,377,6,11,57
5805,-108,58,90,377,5,8,58
5805,-108,43,90,377,4,9,57
5805,-108,45,90,377,4,10,57
5805,-108,30,90,377,4,9,56
5805,-108,48,90,377,4,9,57
5805,-108,50,90,377,2,11,57
5805,-108,42,90,377,6,9,57
5805,-108,47,90,377,5,9,57
5805,-108,32,90,377,4,10,57
5805,-108,46,90,377,3,9,56
5805,-108,39,90,377,5,9,57
5805,-108,45,90,377,5,8,57
5805,-108,41,90,377,4,8,56
5805,-108,51,90,377,4,10,58
5805,-108,55,90,377,4,9,57
5805,-108,48,90,377,4,10,58
5805,-108,32,90,377,4,9,57
5805,-108,38,90,377,5,10,57
5805,-108,46,90,377,4,9,57
5805,-108,53,90,377,4,8,57
5805,-108,47,90,377,3,11,58
5805,-108,41,90,377,4,9,56
5805,-108,62,90,377,4,10,58
5805,-108,48,90,377,4,10,57
5805,-108,56,90,377,5,11,58
5805,-108,49,90,377,4,10,57
5805,-108,63,90,377,6,11,57
5805,-108,28,90,377,4,10,57
5805,-108,35,90,377,4,9,56
5805,-108,47,90,377,5,8,57
5805,-108,32,90,377,5,11,58
5805,-108,32,90,377,4,7,57
5805,-108,50,90,377,5,11,58
5805,-108,45,90,377,6,10,58
5805,-108,34,90,377,4,8,56
5805,-108,32,90,377,4,9,58
5805,-108,47,90,377,5,11,58
5805,-108,34,90,377,4,8,56
5805,-108,34,90,377,5,8,57
5805,-108,35,90,377,4,10,57
5805,-108,51,90,377,3,6,56
5805,-108,41,90,377,4,9,57
5805,-108,36,90,377,5,10,56
5805,-108,33,90,377,5,10,57
5805,-108,51,90,377,5,10,58
5805,-108,50,90,377,4,9,57
5805,-108,36,90,377,5,10,57
5805,-108,56,90,377,6,8,57
5805,-108,47,89,377,6,9,55
5805,-108,39,90,377,4,9,56
5805,-108,49,90,377,5,9,57
5805,-108,57,90,377,5,11,57
5805,-108,49,90,377,4,8,57
5805,-108,36,89,377,5,9,57
5805,-108,45,90,377,3,9,57
5805,-108,43,90,377,5,8,56
5805,-108,49,90,377,4,9,57
5805,-108,44,90,377,5,9,57
5805,-108,40,90,377,4,10,57
5805,-108,42,90,377,3,9,57
5805,-108,56,90,377,5,9,57
5805,-108,45,90,377,5,10,57
5805,-108,50,90,377,5,9,57
5805,-108,35,90,377,5,10,56
5805,-108,61,90,377,4,11,57
5805,-108,28,90,377,5,8,55
5805,-108,30,90,377,5,10,58
5805,-108,54,90,377,4,10,58
5805,-108,44,90,377,4,11,57
5805,-108,46,90,377,3,9,56
5805,-108,68,90,377,5,8,57
5805,-108,51,90,377,5,9,57
5805,-108,35,90,377,4,10,57
5805,-108,42,90,377,4,11,57
5805,-108,40,90,377,5,9,57
5805,-108,28,89,377,4,9,55
5805,-108,48,90,377,3,10,58
5805,-108,45,90,377,5,9,57
5805,-108,47,90,377,5,8,55
5805,-108,78,90,377,4,8,56
5805,-108,37,90,377,3,8,55
5805,-108,55,90,377,3,10,57
5805,-108,36,90,377,4,9,57
5805,-108,51,90,377,6,10,57
5805,-108,49,90,377,4,10,57
5805,-108,30,90,377,4,10,57
5805,-108,56,90,377,4,9,57
5805,-108,60,90,377,4,9,57
5805,-108,41,90,377,4,11,57
5805,-108,42,90,377,4,10,58
5805,-108,36,90,377,4,9,57
5805,-108,49,90,377,5,8,57
5805,-108,47,90,377,4,11,57
5805,-108,48,90,377,4,9,58
5805,-108,45,90,377,4,11,57
5805,-108,31,90,377,5,10,57
5805,-108,34,90,377,5,10,57
5805,-108,44,90,377,4,8,55
5805,-108,37,90,377,4,10,57
5805,-108,51,90,377,4,6,56
5805,-108,53,90,377,4,10,57
5805,-108,45,90,377,4,11,57
5805,-108,31,90,377,4,7,56
5805,-108,41,90,377,4,10,57
5805,-108,50,90,377,5,10,57
5805,-108,35,90,377,5,8,57
5805,-108,34,90,377,4,8,56
5805,-108,52,90,377,6,10,57
5805,-108,33,90,377,4,11,57
5805,-108,65,90,377,4,10,57
5805,-108,28,90,377,4,8,56
5805,-108,49,90,377,5,9,56
5805,-108,33,90,377,5,10,57
5805,-108,42,90,377,3,10,57
5805,-108,51,90,377,4,11,58
5805,-108,42,90,377,3,10,57
5805,-108,51,90,377,5,7,57
5805,-108,67,90,377,4,9,57
5805,-108,36,90,377,5,8,56
5805,-108,49,90,377,4,9,57
5805,-108,49,90,377,5,9,57
5805,-108,42,90,377,4,9,57
5805,-108,37,90,377,5,10,57
5805,-108,31,90,377,4,10,58
5805,-108,40,90,377,2,8,57
5805,-108,52,90,377,4,10,57
5805,-108,47,90,377,4,9,57
5805,-108,36,90,377,4,9,58
5805,-108,41,90,377,4,11,57
5805,-108,34,90,377,5,9,57
5805,-108,49,90,377,5,9,57
5805,-108,73,90,377,4,11,57
5805,-108,37,90,377,4,10,58
5805,-108,36,90,377,4,10,57
5805,-108,36,90,377,3,8,57
5805,-108,50,90,377,4,10,57
5805,-108,32,90,377,4,8,57
5805,-108,42,90,377,4,10,58
5805,-108,42,90,377,5,9,57
5805,-108,41,90,377,3,10,57
5805,-108,32,90,377,4,10,57
5805,-108,37,90,377,4,9,57
5805,-108,57,90,377,4,11,58
5805,-108,42,90,377,3,9,57
5805,-108,40,90,377,5,9,57
5805,-108,39,90,377,4,7,56
5805,-108,35,89,377,6,11,57
5805,-108,67,90,377,4,9,57
5805,-108,43,90,377,4,9,57
5805,-108,34,90,377,5,10,57
5805,-108,39,90,377,3,8,56
5805,-108,28,90,377,6,11,57
5805,-108,36,90,377,4,9,57
5805,-108,36,90,377,4,9,57
5805,-108,34,90,377,5,9,56
5805,-108,40,90,377,3,9,57
5805,-108,51,90,377,5,8,57
5805,-108,57,90,377,5,10,57
5805,-108,40,90,377,4,7,56
5805,-108,29,90,377,5,9,57
5805,-108,32,90,377,3,11,57
5805,-108,61,90,377,4,9,58
5805,-108,44,90,377,5,9,57
5805,-108,41,90,377,4,9,56
5805,-108,49,90,377,5,9,57
5805,-108,36,90,377,3,9,57
5805,-108,41,90,377,4,10,58
5805,-108,34,90,377,5,11,57
5805,-108,34,90,377,4,10,56
5805,-108,33,90,377,4,9,57
5805,-108,43,90,377,4,9,56
5805,-108,56,90,377,5,10,58
5805,-108,39,90,377,4,8,57
5805,-108,29,90,377,5,9,56
5805,-108,30,90,377,5,9,57
5805,-108,35,90,377,4,8,56
5805,-108,44,90,377,4,9,57
5805,-108,52,90,377,4,11,57
5805,-108,61,90,377,3,9,57
5805,-108,42,90,377,4,11,58
5805,-108,34,90,377,4,9,57
5805,-108,42,90,377,4,11,58
5805,-108,43,90,377,3,11,57
5805,-108,51,90,377,4,9,57
5805,-108,39,90,377,4,8,57
5805,-108,33,90,377,5,8,56
5805,-108,40,90,377,4,10,57
5805,-108,47,90,377,5,8,56
5805,-108,47,90,377,4,9,56
5805,-108,35,90,377,5,11,57
5805,-108,43,90,377,3,10,58
5805,-108,33,90,377,3,10,58
5805,-108,47,90,377,5,9,57
5805,-108,45,90,377,5,9,57
5805,-108,31,90,377,5,7,56
5805,-108,40,90,377,5,9,57
5805,-108,40,90,377,4,8,57
5805,-108,35,90,377,3,8,55
5805,-108,45,90,377,4,9,57
5805,-108,54,90,377,4,10,57
5805,-108,43,90,377,5,7,56
5805,-108,33,90,377,4,11,58
5805,-108,41,90,377,6,9,57
5805,-108,42,90,377,4,11,57
5805,-108,39,90,377,5,11,57
5805,-108,38,90,377,4,11,58
5805,-108,32,90,377,4,9,57
5805,-108,39,90,377,4,12,57
5805,-108,31,90,377,3,8,56
5805,-108,35,90,377,4,10,57
5805,-108,50,90,377,3,10,58
5805,-108,41,90,377,5,10,57
5805,-108,51,90,377,4,9,58
5805,-108,40,90,377,5,8,56
5805,-108,45,90,377,3,10,57
5805,-108,28,90,377,4,7,57
5805,-108,35,90,377,3,10,57
5805,-108,59,90,377,4,9,57
5805,-108,44,90,377,2,12,59
5805,-108,30,90,377,4,8,56
5805,-108,41,90,377,5,9,57
5805,-108,42,90,377,4,9,57
5805,-108,34,90,377,4,10,57
5805,-108,38,90,377,4,10,57
5805,-108,52,90,377,4,10,57
5805,-108,38,90,377,4,11,58
5805,-108,36,90,377,5,10,57
5805,-108,33,90,377,5,9,57
5805,-108,46,90,377,5,9,56
5805,-108,61,90,377,5,10,57
5805,-108,41,90,377,5,11,57
5805,-108,39,90,377,4,9,57
5805,-108,48,90,377,3,8,56
5805,-108,27,90,377,6,11,57
5805,-108,37,90,377,5,9,57
5805,-108,36,90,377,4,10,57
5805,-108,41,90,377,4,9,57
5805,-108,47,90,377,2,9,57
5805,-108,35,90,377,4,10,57
5805,-108,42,90,377,4,9,57
5805,-108,39,90,377,3,10,57
5805,-108,28,90,377,4,7,56
5805,-108,31,89,378,6,11,57
5805,-108,49,90,377,5,10,56
5805,-108,24,90,377,4,9,57
5805,-108,50,90,377,5,9,57
5805,-108,54,90,377,4,10,57
5805,-108,47,90,377,4,9,57
5805,-108,55,90,377,3,8,55
5805,-108,42,90,377,5,10,57
5805,-108,50,90,377,3,10,57
5805,-108,31,90,377,4,11,57
5805,-108,34,90,377,5,9,58
5805,-108,38,90,377,3,10,56
5805,-108,52,90,377,4,8,56
5805,-108,40,90,377,4,10,56
5805,-108,41,90,377,3,10,57
5805,-108,42,90,377,4,10,57
5805,-108,34,90,377,5,10,57
5805,-108,51,90,377,3,8,57
5805,-108,51,90,377,4,9,58
5805,-108,40,90,377,4,9,57
5805,-108,49,90,377,4,9,56
5805,-108,32,90,377,5,10,57
5805,-108,44,90,377,5,11,57
5805,-108,35,90,377,5,10,57
5805,-108,45,90,377,5,10,58
5805,-108,60,90,377,4,10,58
5805,-108,39,90,377,3,10,57
5805,-108,59,90,377,4,9,57
5805,-108,33,90,377,3,10,57
5805,-108,50,90,377,3,9,56
5805,-108,42,90,377,4,9,56
5805,-108,48,90,377,4,10,58
5805,-108,35,90,377,4,9,57
5805,-108,53,90,377,3,10,57
5805,-108,35,90,377,5,9,56
5805,-108,38,90,377,5,8,56
5805,-108,36,90,377,4,9,57
5805,-108,46,90,377,4,9,56
5805,-108,66,90,377,4,9,57
5805,-108,43,90,377,3,11,58
5805,-108,30,90,377,4,10,57
5805,-108,38,90,377,5,10,57
5805,-108,41,90,377,4,9,57
5805,-108,36,90,377,2,10,57
5805,-108,51,90,377,4,9,57
5805,-108,30,90,377,2,11,57
5805,-108,42,90,377,5,9,57
5805,-108,35,90,377,5,8,56
5805,-108,39,90,377,5,9,57
5805,-108,48,90,377,4,11,58
5805,-108,51,90,377,4,10,57
5805,-108,39,90,377,4,10,57
5805,-108,30,90,377,5,8,57
5805,-108,56,90,377,4,9,56
5805,-108,55,90,377,5,10,57
5805,-108,33,90,377,4,11,57
5805,-108,30,90,377,4,8,56
5805,-108,39,90,377,3,9,57
5805,-108,43,90,377,5,10,57
5805,-108,47,90,377,6,10,57
5805,-108,52,90,377,3,9,57
5805,-108,52,90,377,3,9,57
5805,-108,44,90,377,3,8,56
5805,-108,44,90,377,3,11,57
5805,-108,40,90,377,4,9,57
5805,-108,59,90,377,4,11,58
5805,-108,37,90,377,5,9,56
5805,-108,44,90,377,5,7,56
5805,-108,49,90,377,4,10,58
5805,-108,39,90,377,4,10,58
5805,-108,64,90,377,4,11,57
5805,-108,54,90,377,5,9,58
5805,-108,37,90,377,4,8,57
5805,-108,37,90,377,4,7,56
5805,-108,58,90,377,5,8,56
5805,-108,48,90,377,3,11,58
5805,-108,49,90,377,4,9,56
5805,-108,40,90,377,5,10,57
5805,-108,46,90,377,5,10,57
5805,-108,37,90,377,5,10,57
5805,-108,36,89,377,5,9,57
5805,-108,47,90,377,5,7,56
5805,-108,28,90,377,5,9,57
5805,-108,43,90,377,4,10,57
5805,-108,45,90,377,5,10,57
5805,-108,46,90,377,3,7,57
5805,-108,28,90,377,4,11,57
5805,-108,31,90,377,5,8,57
5805,-108,50,90,377,4,11,58
5805,-108,34,90,377,4,8,57
5805,-108,63,90,377,5,9,57
5805,-108,25,90,377,6,9,57
5805,-108,49,90,377,4,9,57
5805,-108,33,90,377,4,8,56
5805,-108,29,90,377,3,8,56
5805,-108,36,90,377,5,10,57
5805,-108,40,90,377,4,8,57
5805,-108,42,90,377,4,9,57
5805,-108,49,90,377,4,9,56
5805,-108,39,90,377,4,8,56
5805,-108,30,90,377,6,9,57
5805,-108,50,90,377,4,8,57
5805,-108,40,90,377,5,11,57
5805,-108,46,90,377,5,9,57
5805,-108,40,90,377,3,10,57
5805,-108,29,90,377,4,8,56
5805,-108,32,90,377,4,9,55
5805,-108,48,90,377,5,9,57
5805,-108,46,90,377,4,10,57
5805,-108,32,90,377,4,10,57
5805,-108,31,90,377,6,9,56
5805,-108,49,90,377,4,9,57
5805,-108,46,90,377,3,11,59
5805,-108,30,90,377,4,10,57
5805,-108,50,90,377,3,8,57
5805,-108,60,90,377,4,9,57
5805,-108,48,90,377,5,10,57
5805,-108,43,90,377,5,11,58
5805,-108,42,90,377,5,8,57
5805,-108,44,90,377,5,10,57
5805,-108,27,90,377,4,7,55
5805,-108,39,90,377,4,10,56
5805,-108,45,90,377,5,10,57
5805,-108,61,90,377,4,11,58
5805,-108,40,90,377,4,9,57
5805,-108,39,90,377,5,10,57
5805,-108,35,90,377,4,9,57
5805,-108,34,90,377,4,11,57
5805,-108,45,90,377,5,8,57
5805,-108,37,90,377,4,9,57
5805,-108,39,89,377,5,11,57
5805,-108,28,90,377,3,9,58
5805,-108,41,90,377,3,9,57
5805,-108,33,90,377,5,8,57
5805,-108,42,90,377,4,9,57
5805,-108,46,90,377,4,9,57
5805,-108,35,90,377,4,10,57
5805,-108,42,90,377,4,9,57
5805,-108,35,90,377,5,10,57
5805,-108,40,90,377,4,10,57
5805,-108,41,90,377,4,8,56
5805,-108,41,90,377,4,8,56
5805,-108,42,90,377,4,8,56
5805,-108,51,90,377,4,9,57
5805,-108,47,90,377,5,9,57
5805,-108,35,90,377,5,7,57
5805,-108,25,90,377,4,9,56
5805,-108,39,90,377,3,10,57
5805,-108,45,90,377,5,9,57
5805,-108,57,90,377,5,8,56
5805,-108,30,90,377,4,11,56
5805,-108,26,90,377,3,10,57
5805,-108,40,89,377,5,9,55
5805,-108,61,90,377,3,9,57
5805,-108,52,90,377,3,10,57
5805,-108,52,90,377,5,10,57
5805,-108,41,90,377,3,10,57
5805,-108,25,89,378,5,8,56
5805,-108,41,90,377,5,11,57
5805,-108,46,90,377,3,10,57
5805,-108,51,90,377,4,8,55
5805,-108,33,90,377,4,9,56
5805,-108,34,90,377,4,8,57
5805,-108,33,90,377,4,10,57
5805,-108,38,90,377,4,10,57
5805,-108,49,90,377,3,10,57
5805,-108,32,90,377,5,10,57
5805,-108,45,90,377,5,11,57
5805,-108,38,90,377,5,9,57
5805,-108,44,90,377,5,8,57
5805,-108,36,90,377,5,11,57
5805,-108,43,90,377,4,8,57
5805,-108,44,90,377,3,9,57
5805,-108,53,90,377,5,10,58
5805,-108,32,90,377,4,9,57
5805,-108,57,90,377,3,10,57
5805,-108,39,90,377,4,10,58
5805,-108,49,90,377,4,10,56
5805,-108,47,90,377,6,9,57
5805,-108,42,90,377,4,10,57
5805,-108,32,90,377,6,10,57
5805,-108,44,90,377,5,9,57
5805,-108,49,90,377,6,8,57
5805,-108,33,90,377,5,8,55
5805,-108,36,90,377,5,8,56
5805,-108,39,90,377,4,10,57
5805,-108,39,90,377,5,10,57
5805,-108,37,90,377,4,9,57
5805,-108,36,89,377,5,11,56
5805,-108,47,90,377,4,9,57
5805,-108,48,90,377,4,11,57
5805,-108,38,90,377,5,8,56
5805,-108,34,90,377,3,10,57
5805,-108,39,89,378,6,10,57
5805,-108,35,90,377,6,8,56
5805,-108,32,90,377,4,9,56
5805,-108,57,90,377,5,8,57
5805,-108,34,90,377,4,9,57
5805,-108,32,90,377,3,7,55
5805,-108,53,90,377,6,10,56
5805,-108,49,90,377,6,8,57
5805,-108,41,90,377,4,9,57
5805,-108,31,90,377,4,10,57
5805,-108,38,90,377,5,8,56
5805,-108,37,90,377,4,10,57
5805,-108,37,90,377,4,10,57
5805,-108,52,90,377,5,8,57
5805,-108,46,90,377,6,10,58
5805,-108,49,90,377,5,9,58
5805,-108,43,90,377,5,8,56
5805,-108,45,90,377,4,10,57
5805,-108,48,90,377,4,8,56
5805,-108,39,90,377,5,10,57
5805,-108,45,90,377,5,10,56
5805,-108,42,90,377,3,10,58
5805,-108,48,90,377,4,9,56
5805,-108,39,90,377,4,9,57
5805,-108,44,90,377,4,10,57
5805,-108,49,90,377,5,9,57
5805,-108,44,90,377,4,8,57
5805,-108,42,90,377,3,8,57
5805,-108,36,89,377,6,9,56
5805,-108,43,90,377,4,8,55
5805,-108,32,90,377,5,12,58
5805,-108,42,90,377,5,10,57
5805,-108,67,90,377,4,10,58
5805,-108,39,89,377,6,11,57
5805,-108,33,90,377,5,9,57
5805,-108,38,90,377,4,8,56
5805,-108,31,90,377,6,10,57
5805,-108,33,90,377,4,11,57
5805,-108,50,90,377,5,10,58
5805,-108,29,90,377,4,8,56
5805,-108,38,90,377,4,7,57
5805,-108,42,90,377,4,9,57
5805,-108,28,90,377,5,9,57
5805,-108,33,90,377,4,9,56
5805,-108,43,90,377,4,9,56
5805,-108,47,90,377,4,9,56
5805,-108,38,90,377,6,9,56
5805,-108,43,90,377,5,9,57
5805,-108,36,90,377,5,9,57
5805,-108,48,90,377,5,8,57
5805,-108,47,90,377,5,13,58
5805,-108,38,90,377,5,9,57
5805,-108,33,90,377,5,9,57
5805,-108,37,90,377,5,8,56
5805,-108,30,90,377,5,13,58
5805,-108,48,90,377,5,10,57
5805,-108,39,90,377,4,11,57
5805,-108,44,90,377,5,9,57
5805,-108,53,90,377,4,11,57
5805,-108,37,90,377,4,9,56
5805,-108,43,90,377,4,8,57
5805,-108,31,90,377,5,9,57
5805,-108,46,90,377,7,11,58
5805,-108,47,90,377,5,12,58
5805,-108,42,90,377,5,9,57
5805,-108,53,90,377,6,11,57
5805,-108,47,90,377,4,10,57
5805,-108,37,90,377,5,9,58
5805,-108,35,90,377,5,10,57
5805,-108,62,90,377,4,9,58
5805,-108,40,90,377,4,9,57
5805,-108,60,90,377,4,9,57
5805,-108,44,90,377,5,8,57
5805,-108,38,90,377,5,9,57
5805,-108,49,90,377,4,10,57
5805,-108,43,90,377,4,8,57
5805,-108,55,90,377,5,9,56
5805,-108,50,90,377,5,9,57
5805,-108,57,90,377,3,11,57
5805,-108,31,90,377,5,10,57
5805,-108,32,90,377,4,10,57
5805,-108,26,90,377,4,9,56
5805,-108,35,90,377,4,10,57
5805,-108,31,90,377,4,8,57
5805,-108,53,89,377,5,8,56
5805,-108,36,90,377,6,11,58
5805,-108,49,90,377,5,10,58
5805,-108,33,90,377,5,10,56
5805,-108,38,90,377,4,9,57
5805,-108,29,90,377,4,10,57
5805,-108,58,90,377,5,9,57
5805,-108,55,90,377,5,10,58
5805,-108,28,90,377,4,8,57
5805,-108,36,90,377,4,9,57
5805,-108,68,90,377,5,11,58
5805,-108,46,90,377,5,11,57
5805,-108,50,90,377,4,10,57
5805,-108,54,90,377,5,10,57
5805,-108,43,90,377,5,10,58
5805,-108,47,90,377,3,7,56
5805,-108,54,90,377,4,10,57
5805,-108,40,90,377,4,10,58
5805,-108,37,90,377,3,10,57
5805,-108,52,90,377,4,9,58
5805,-108,36,90,377,3,9,57
5805,-108,50,90,377,5,8,56
5805,-108,36,90,377,3,11,58
5805,-108,44,90,377,5,10,58
5805,-108,35,90,377,4,11,58
5805,-108,40,90,377,5,10,57
5805,-108,33,90,377,5,9,56
5805,-108,44,90,377,4,10,57
5805,-108,52,90,377,4,11,58
5805,-108,53,90,377,4,10,57
5805,-108,58,90,377,4,10,58
5805,-108,50,90,377,5,9,56
5805,-108,48,90,377,5,10,57
5805,-108,47,90,377,4,9,56
5805,-108,54,90,377,6,10,57
5805,-108,59,90,377,3,10,57
5805,-108,42,90,377,3,10,57
5805,-108,61,90,377,6,10,58
5805,-108,36,90,377,4,9,57
5805,-108,53,90,377,3,10,57
5805,-108,41,90,377,5,9,57
5805,-108,48,90,377,4,9,57
5805,-108,35,90,377,5,11,57
5805,-108,33,90,377,4,9,57
5805,-108,54,90,377,4,11,58
5805,-108,55,90,377,4,10,58
5805,-108,40,90,377,4,8,56
5805,-108,46,90,377,4,10,57
5805,-108,46,90,377,4,10,57
5805,-108,35,90,377,5,10,57
5805,-108,51,90,377,4,9,57
5805,-108,43,90,377,5,10,57
5805,-108,40,90,377,4,11,57
5805,-108,51,90,377,4,9,57
5805,-108,48,90,377,4,10,57
5805,-108,53,90,377,5,11,57
5805,-108,34,90,377,2,10,57
5805,-108,39,90,377,5,11,58
5805,-108,38,90,377,4,9,57
5805,-108,43,90,377,4,8,57
5805,-108,46,90,377,4,11,58
5805,-108,54,90,377,5,11,57
5805,-108,54,90,377,4,9,57
5805,-108,49,90,377,4,8,57
5805,-108,62,90,377,4,10,57
5805,-108,69,90,377,4,11,57
5805,-108,29,90,377,4,11,58
5805,-108,41,90,377,5,10,57
5805,-108,53,90,377,5,9,56
5805,-108,50,90,377,3,10,57
5805,-108,46,90,377,4,10,57
5805,-108,53,90,377,4,10,57
5805,-108,30,90,377,4,8,56
5805,-108,34,90,377,4,9,57
5805,-108,55,90,377,4,10,57
5805,-108,61,90,377,4,8,57
5805,-108,41,90,377,5,9,57
5805,-108,36,90,377,4,9,57
5805,-108,44,90,377,3,9,57
5805,-108,36,90,377,5,10,57
5805,-108,31,89,377,5,10,56
5805,-108,52,90,377,4,11,57
5805,-108,35,90,377,5,10,57
5805,-108,52,90,377,4,10,57
5805,-108,43,90,377,3,8,56
5805,-108,28,90,377,4,8,57
5805,-108,40,90,377,5,8,56
5805,-108,42,90,377,4,9,57
5805,-108,35,90,377,5,9,57
5805,-108,38,90,377,3,9,57
5805,-108,39,90,377,4,10,57
5805,-108,49,90,377,5,10,57
5805,-108,42,90,377,3,10,57
5805,-108,36,90,377,4,9,57
5805,-108,32,90,377,4,9,57
5805,-108,54,90,377,4,9,58
5805,-108,47,90,377,4,9,57
5805,-108,39,90,377,5,10,57
5805,-108,44,90,377,4,10,57
5805,-108,43,90,377,3,10,57
5805,-108,46,89,378,5,10,56
5805,-108,33,90,377,5,9,56
5805,-108,44,89,378,5,9,56
5805,-108,41,90,377,3,10,57
5805,-108,46,90,377,5,9,57
5805,-108,50,90,377,3,9,57
5805,-108,32,90,377,5,10,57
5805,-108,59,90,377,4,10,57
5805,-108,41,90,377,4,9,57
5805,-108,42,90,377,5,9,56
5805,-108,53,90,377,3,10,58
5805,-108,32,90,377,4,9,57
5805,-108,57,90,377,4,7,56
5805,-108,47,90,377,4,8,58
5805,-108,47,90,377,6,8,57
5805,-108,51,90,377,5,10,57
5805,-108,45,90,377,4,11,58
5805,-108,50,90,377,5,9,57
5805,-108,42,90,377,4,10,57
5805,-108,37,90,377,5,8,57
5805,-108,49,90,377,5,12,57
5805,-108,40,90,377,4,10,57
5805,-108,37,90,377,5,8,56
5805,-108,32,90,377,3,10,58
5805,-108,41,90,377,4,11,59
5805,-108,33,90,377,5,11,58
5805,-108,59,90,377,5,10,58
5805,-108,44,90,377,3,10,57
5805,-108,39,90,377,4,8,56
5805,-108,54,90,377,5,11,57
5805,-108,36,90,377,5,8,56
5805,-108,41,90,377,3,10,58
5805,-108,52,90,377,4,10,57
5805,-108,50,90,377,3,11,57
5805,-108,52,90,377,5,9,57
5805,-108,30,90,377,3,9,57
5805,-108,36,89,377,5,7,54
5805,-108,53,90,377,3,9,57
5805,-108,64,90,377,3,10,58
5805,-108,36,90,377,4,9,57
5805,-108,51,90,377,5,9,57
5805,-108,33,90,377,4,10,58
5805,-108,60,90,377,4,9,58
5805,-108,58,90,377,5,10,57
5805,-108,40,90,377,3,10,58
5805,-108,43,90,377,4,10,57
5805,-108,40,90,377,4,9,57
5805,-108,46,90,377,4,10,58
5805,-108,40,90,377,4,10,57
5805,-108,46,90,377,3,9,57
5805,-108,40,90,377,5,9,57
5805,-108,40,90,377,5,9,57
5805,-108,39,90,377,5,10,57
5805,-108,49,90,377,5,11,58
5805,-108,34,90,377,5,10,57
5805,-108,23,90,377,5,9,55
5805,-108,54,90,377,5,10,57
5805,-108,47,90,377,5,12,58
5805,-108,41,90,377,4,10,57
5805,-108,41,90,377,4,9,57
5805,-108,66,90,377,5,9,57
5805,-108,45,90,377,4,10,57
5805,-108,33,90,377,3,10,56
5805,-108,51,90,377,4,11,57
5805,-108,44,90,377,3,10,57
5805,-108,46,90,377,4,9,57
5805,-108,52,90,377,5,9,57
5805,-108,53,90,377,4,9,57
5805,-108,45,90,377,4,8,57
5805,-108,49,90,377,4,10,58
5805,-108,24,90,377,4,10,56
5805,-108,34,89,377,5,8,57
5805,-108,45,90,377,3,11,58
5805,-108,39,90,377,4,9,57
5805,-108,52,90,377,4,12,57
5805,-108,34,90,377,4,11,57
5805,-108,40,90,377,4,11,58
5805,-108,44,90,377,4,10,57
5805,-108,66,90,377,5,8,57
5805,-108,50,90,377,4,10,57
5805,-108,51,90,377,3,11,58
5805,-108,44,90,377,4,10,57
5805,-108,40,90,377,5,8,57
5805,-108,71,90,377,4,10,57
5805,-108,46,90,377,4,7,57
5805,-108,48,90,377,6,10,57
5805,-108,42,90,377,4,10,58
5805,-108,39,90,377,4,9,57
5805,-108,40,90,377,4,8,56
5805,-108,34,90,377,4,11,57
5805,-108,30,90,377,5,8,57
5805,-108,55,90,377,4,11,57
5805,-108,48,90,377,5,11,57
5805,-108,46,89,377,5,11,57
5805,-108,38,90,377,4,9,56
5805,-108,39,90,377,4,9,57
5805,-108,43,90,377,4,11,58
5805,-108,48,90,377,4,9,56
5805,-108,62,90,377,4,11,57
5805,-108,47,90,377,4,9,57
5805,-108,46,90,377,5,9,57
5805,-108,47,90,377,4,11,58
5805,-108,45,90,377,4,9,57
5805,-108,51,90,377,4,9,57
5805,-108,35,90,377,4,9,56
5805,-108,36,90,377,6,9,57
5805,-108,62,90,377,5,10,57
5805,-108,41,90,377,3,10,57
5805,-108,43,90,377,4,9,56
5805,-108,44,90,377,3,8,56
5805,-108,37,90,377,4,9,56
5805,-108,45,90,377,3,9,57
5805,-108,45,90,377,4,9,57
5805,-108,38,90,377,4,9,57
5805,-108,41,90,377,4,9,57
5805,-108,41,90,377,5,8,57
5805,-108,32,90,377,4,9,57
5805,-108,40,90,377,3,11,57
5805,-108,34,90,377,4,8,58
5805,-108,47,90,377,5,10,57
5805,-108,39,90,377,5,10,58
5805,-108,37,90,377,4,10,57
5805,-108,40,90,377,4,10,58
5805,-108,51,90,377,4,9,57
5805,-108,29,90,377,3,8,56
5805,-108,36,90,377,3,9,57
5805,-108,35,90,377,5,11,57
5805,-108,36,90,377,3,9,57
5805,-108,40,90,377,3,9,57
5805,-108,40,90,377,5,11,57
5805,-108,27,89,377,5,8,55
5805,-108,46,90,377,3,9,57
5805,-108,31,90,377,5,9,57
5805,-108,71,90,377,4,10,57
5805,-108,40,90,377,6,10,57
5805,-108,51,90,377,4,11,57
5805,-108,39,89,377,6,9,56
5805,-108,54,90,377,4,8,57
5805,-108,46,90,377,5,10,57
5805,-108,51,89,377,5,6,55
5805,-108,61,90,377,5,9,57
5805,-108,49,90,377,4,10,58
5805,-108,39,90,377,4,9,56
5805,-108,27,90,377,5,9,56
5805,-108,39,90,377,5,11,57
5805,-108,43,90,377,5,9,57
5805,-108,31,90,377,3,11,57
5805,-108,29,90,377,5,11,57
5805,-108,48,90,377,5,11,57
5805,-108,46,90,377,6,10,57
5805,-108,49,90,377,5,9,57
5805,-108,58,90,377,5,8,57
5805,-108,38,90,377,4,9,57
5805,-108,50,90,377,5,8,57
5805,-108,53,90,377,4,10,57
5805,-108,47,90,377,5,8,57
5805,-108,41,90,377,4,9,57
5805,-108,52,90,377,3,11,56
5805,-108,44,90,377,3,8,57
5805,-108,48,90,377,4,8,57
5805,-108,34,90,377,5,9,56
5805,-108,47,90,377,5,9,57
5805,-108,48,90,377,4,10,57
5805,-108,45,90,377,5,9,57
5805,-108,56,90,377,4,10,57
5805,-108,42,90,377,4,9,57
5805,-108,47,90,377,5,10,57
5805,-108,37,90,377,5,11,58
5805,-108,48,90,377,5,11,57
5805,-108,53,90,377,4,10,57
5805,-108,55,90,377,4,11,57
5805,-108,52,90,377,5,11,57
5805,-108,35,90,377,5,11,57
5805,-108,51,90,377,4,9,57
5805,-108,33,90,377,4,9,56
5805,-108,52,90,377,4,10,57
5805,-108,52,90,377,4,9,57
5805,-108,57,90,377,3,10,57
5805,-108,47,90,377,5,9,57
5805,-108,30,90,377,5,9,57
5805,-108,34,90,377,2,8,56
5805,-108,35,90,377,5,7,56
5805,-108,66,90,377,3,11,57
5805,-108,33,90,377,6,10,56
5805,-108,47,90,377,4,10,57
5805,-108,32,90,377,4,10,57
5805,-108,37,90,377,5,10,57
5805,-108,35,90,377,3,8,56
5805,-108,44,90,377,5,9,56
5805,-108,42,90,377,3,9,57
5805,-108,45,90,377,5,9,57
5805,-108,37,90,377,5,8,56
5805,-108,45,90,377,4,9,58
5805,-108,47,90,377,5,8,56
5805,-108,31,90,377,3,10,57
5805,-108,43,90,377,4,9,57
5805,-108,55,90,377,5,8,56
5805,-108,41,90,377,3,9,57
5805,-108,32,90,377,5,9,57
5805,-108,41,90,377,3,10,58
5805,-108,40,90,377,4,10,58
5805,-108,45,90,377,5,10,57
5805,-108,44,90,377,4,11,58
5805,-108,52,90,377,6,9,56
5805,-108,33,90,377,4,7,56
5805,-108,53,90,377,4,8,57
5805,-108,34,90,377,4,9,57
5805,-108,36,90,377,4,10,58
5805,-108,36,90,377,5,11,58
5805,-108,46,90,377,4,10,57
5805,-108,58,90,377,5,9,57
5805,-108,51,90,377,5,10,57
5805,-108,36,90,377,5,9,57
5805,-108,46,90,377,6,10,57
5805,-108,46,90,377,5,10,57
5805,-108,50,90,377,4,10,57
5805,-108,38,90,377,4,8,56
5805,-108,34,90,377,4,8,56
5805,-108,49,90,377,6,10,58
5805,-108,47,90,377,5,9,57
5805,-108,39,90,377,4,9,57
5805,-108,40,90,377,5,9,57
5805,-108,51,90,377,5,10,57
5805,-108,46,90,377,4,10,57
5805,-108,38,90,377,5,9,56
5805,-108,63,90,377,4,10,57
5805,-108,41,90,377,6,10,58
5805,-108,48,90,377,6,12,57
5805,-108,40,90,377,5,9,57
5805,-108,56,90,377,4,11,57
5805,-108,31,90,377,4,9,57
5805,-108,45,90,377,4,9,57
5805,-108,33,90,377,5,10,57
5805,-108,39,90,377,4,10,58
5805,-108,58,89,377,5,10,56
5805,-108,51,90,377,5,9,57
5805,-108,59,90,377,5,9,56
5805,-108,42,90,377,5,9,57
5805,-108,38,89,377,5,9,57
5805,-108,51,90,377,4,9,57
5805,-108,34,89,377,4,10,56
5805,-108,49,90,377,5,10,57
5805,-108,44,90,377,5,10,58
5805,-108,29,90,377,4,10,56
5805,-108,52,90,377,4,10,57
5805,-108,40,90,377,4,9,56
5805,-108,41,90,377,5,9,57
5805,-108,37,90,377,3,11,57
5805,-108,39,90,377,5,9,57
5805,-108,39,90,377,4,9,57
5805,-108,31,90,377,4,10,57
5805,-108,35,90,377,5,11,57
5805,-108,52,90,377,3,10,58
5805,-108,41,90,377,4,8,56
5805,-108,49,90,377,6,9,57
5805,-108,43,90,377,6,9,57
5805,-108,39,90,377,4,9,57
5805,-108,39,90,377,5,9,56
5805,-108,52,90,377,5,12,57
5805,-108,42,90,377,4,11,57
5805,-108,35,90,377,3,10,57
5805,-108,40,90,377,5,9,57
5805,-108,47,90,377,5,9,57
5805,-108,45,90,377,4,9,57
5805,-108,49,90,377,4,10,57
5805,-108,47,90,377,3,9,57
5805,-108,26,90,377,4,9,56
5805,-108,42,90,377,4,10,57
5805,-108,40,90,377,4,9,57
5805,-108,36,90,377,5,9,57
5805,-108,40,90,377,4,10,58
5805,-108,38,90,377,5,10,57
5805,-108,47,90,377,3,9,55
5805,-108,34,90,377,4,9,58
5805,-108,35,90,377,5,10,57
5805,-108,54,90,377,5,9,57
5805,-108,32,90,377,3,10,56
5805,-108,42,90,377,4,9,57
5805,-108,54,90,377,5,10,57
5805,-108,41,90,377,6,10,57
5805,-108,34,90,377,5,11,57
5805,-108,41,90,377,4,9,57
5805,-108,38,90,377,4,8,57
5805,-108,42,90,377,5,10,57
5805,-108,48,90,377,4,9,57
5805,-108,36,90,377,4,10,56
5805,-108,43,90,377,5,10,57
5805,-108,34,90,377,2,10,57
5805,-108,35,90,377,5,10,57
5805,-108,41,90,377,5,9,57
5805,-108,46,90,377,5,8,57
5805,-108,63,90,377,5,10,57
5805,-108,41,90,377,4,9,57
5805,-108,65,90,377,4,10,58
5805,-108,49,90,377,2,8,56
5805,-108,57,90,377,4,10,58
5805,-108,52,90,377,4,10,57
5805,-108,55,90,377,3,9,57
5805,-108,44,90,377,4,9,57
5805,-108,31,90,377,5,11,57
5805,-108,44,90,377,3,9,57
5805,-108,52,90,377,4,10,57
5805,-108,44,90,377,4,11,57
5805,-108,42,90,377,6,10,58
5805,-108,43,90,377,5,8,57
5805,-108,49,90,377,4,9,57
5805,-108,50,90,377,3,11,57
5805,-108,44,90,377,6,9,57
5805,-108,39,90,377,3,9,57
5805,-108,37,90,377,3,9,57
5805,-108,54,90,377,4,10,58
5805,-108,43,90,377,4,10,58
5805,-108,33,90,377,4,10,57
5805,-108,28,88,378,6,9,55
5805,-108,38,90,377,3,9,57
5805,-108,46,90,377,5,9,57
5805,-108,36,90,377,5,8,56
5805,-108,45,90,377,5,12,58
5805,-108,41,90,377,4,11,57
5805,-108,40,90,377,5,10,58
5805,-108,45,90,377,5,8,56
5805,-108,34,90,377,3,10,57
5805,-108,52,90,377,3,9,58
5805,-108,33,90,377,4,12,57
5805,-108,66,90,377,4,9,58
5805,-108,47,90,377,5,10,57
5805,-108,42,90,377,5,9,57
5805,-108,39,90,377,5,10,58
5805,-108,43,90,377,4,8,56
5805,-108,34,90,377,4,11,57
5805,-108,43,90,377,4,9,57
5805,-108,34,90,377,4,11,58
5805,-108,35,90,377,3,11,57
5805,-108,51,90,377,4,10,57
5805,-108,49,90,377,3,10,57
5805,-108,36,90,377,5,9,56
5805,-108,39,90,377,5,10,58
5805,-108,40,90,377,5,9,57
5805,-108,44,89,378,7,11,57
5805,-108,45,90,377,4,9,56
5805,-108,32,90,377,4,9,57
5805,-108,34,90,377,4,10,58
5805,-108,39,90,377,4,9,57
5805,-108,36,90,377,4,8,56
5805,-108,42,90,377,3,9,57
5805,-108,38,90,377,6,8,57
5805,-108,53,90,377,4,10,57
5805,-108,40,90,377,4,10,57
5805,-108,36,90,377,3,11,57
5805,-108,35,90,377,5,9,58
5805,-108,51,90,377,5,8,56
5805,-108,40,90,377,4,9,57
5805,-108,65,90,377,5,9,56
5805,-108,34,90,377,4,10,57
5805,-108,35,90,377,3,10,57
5805,-108,38,90,377,4,11,59
5805,-108,50,90,377,5,10,57
5805,-108,44,90,377,6,9,57
5805,-108,35,90,377,5,8,56
5805,-108,45,90,377,5,9,57
5805,-108,46,90,377,5,8,56
5805,-108,48,90,377,5,11,59
5805,-108,36,90,377,4,11,58
5805,-108,45,90,377,4,10,58
5805,-108,42,90,377,3,10,58
5805,-108,35,90,377,4,11,57
5805,-108,50,90,377,4,10,57
5805,-108,31,90,377,3,9,56
5805,-108,37,90,377,5,10,56
5805,-108,43,90,377,4,8,57
5805,-108,50,90,377,5,11,57
5805,-108,52,90,377,4,8,56
5805,-108,36,90,377,4,9,57
5805,-108,53,90,377,4,9,57
5805,-108,47,90,377,6,10,57
5805,-108,45,90,377,3,7,56
5805,-108,43,90,377,5,9,57
5805,-108,52,90,377,4,8,56
5805,-108,41,90,377,4,9,56
5805,-108,36,90,377,5,10,57
5805,-108,44,90,377,4,10,58
5805,-108,35,90,377,3,7,56
5805,-108,47,90,377,4,11,57
5805,-108,32,90,377,5,10,57
5805,-108,46,90,377,4,10,57
5805,-108,41,90,377,5,8,56
5805,-108,43,90,377,6,11,58
5805,-108,37,90,377,4,9,56
5805,-108,41,90,377,3,10,57
5805,-108,27,90,377,5,10,57
5805,-108,38,90,377,4,10,57
5805,-108,38,90,377,4,9,57
5805,-108,49,90,377,5,9,57
5805,-108,51,90,377,4,10,56
5805,-108,28,90,377,4,9,57
5805,-108,39,90,377,5,11,57
5805,-108,56,90,377,5,9,56
5805,-108,42,90,377,4,7,56
5805,-108,45,90,377,4,12,58
5805,-108,47,90,377,5,9,57
5805,-108,40,90,377,3,10,57
5805,-108,38,90,377,3,10,56
5805,-108,37,90,377,4,9,57
5805,-108,40,90,377,3,8,57
5805,-108,55,90,377,5,9,57
5805,-108,33,90,377,4,10,58
5805,-108,44,90,377,5,10,57
5805,-108,45,90,377,4,10,57
5805,-108,55,90,377,5,8,55
5805,-108,43,89,377,6,9,56
5805,-108,46,90,377,4,11,58
5805,-108,50,90,377,6,10,58
5805,-108,34,90,377,4,10,57
5805,-108,45,90,377,4,9,57
5805,-108,42,90,377,4,10,58
5805,-108,37,90,377,4,9,57
5805,-108,42,90,377,4,9,57
5805,-108,63,90,377,4,11,58
5805,-108,40,90,377,4,10,57
5805,-108,50,90,377,3,9,57
5805,-108,47,90,377,5,11,57
5805,-108,42,89,377,5,10,57
5805,-108,45,90,377,4,8,56
5805,-108,37,90,377,4,9,57
5805,-108,45,90,377,5,9,58
5805,-108,45,90,377,4,10,57
5805,-108,26,90,377,4,8,56
5805,-108,37,90,377,4,9,57
5805,-108,38,90,377,6,8,56
5805,-108,58,90,377,4,10,57
5805,-108,54,90,377,3,11,57
5805,-108,37,90,377,4,8,57
5805,-108,37,90,377,4,8,57
5805,-108,47,90,377,3,9,57
5805,-108,31,89,377,4,10,56
5805,-108,30,90,377,5,9,57
5805,-108,27,90,377,4,8,56
5805,-108,43,90,377,4,9,56
5805,-108,47,90,377,5,10,57
5805,-108,33,90,377,3,8,56
5805,-108,48,90,377,6,11,57
5805,-108,39,90,377,4,10,58
5805,-108,33,90,377,4,9,55
5805,-108,39,90,377,4,10,57
5805,-108,36,90,377,4,9,57
5805,-108,44,89,377,5,7,55
5805,-108,29,90,377,5,9,57
5805,-108,42,90,377,3,10,57
5805,-108,37,89,377,5,11,56
5805,-108,42,90,377,4,9,57
5805,-108,44,90,377,5,10,57
5805,-108,39,90,377,5,10,57
5805,-108,27,88,378,6,7,55
5805,-108,51,90,377,3,10,57
5805,-108,34,90,377,4,12,58
5805,-108,44,90,377,4,10,58
5805,-108,55,90,377,4,9,56
5805,-108,44,90,377,5,11,57
5805,-108,52,90,377,4,11,58
5805,-108,38,90,377,3,10,58
5805,-108,33,89,377,6,9,56
5805,-108,58,90,377,5,11,58
5805,-108,49,90,377,5,11,58
5805,-108,50,90,377,5,11,58
5805,-108,45,90,377,3,9,56
5805,-108,42,90,377,5,10,57
5805,-108,58,90,377,5,10,57
5805,-108,43,90,377,3,11,57
5805,-108,33,90,377,4,12,58
5805,-108,43,90,377,3,8,56
5805,-108,36,90,377,4,9,57
5805,-108,52,90,377,3,10,57
5805,-108,40,90,377,5,10,57
5805,-108,35,90,377,4,10,58
5805,-108,29,90,377,4,9,57
5805,-108,37,90,377,6,8,56
5805,-108,59,90,377,4,10,58
5805,-108,54,90,377,3,9,57
5805,-108,32,90,377,4,9,57
5805,-108,39,90,377,4,8,56
5805,-108,52,90,377,5,6,57
5805,-108,34,90,377,5,9,56
5805,-108,33,90,377,3,9,57
5805,-108,39,90,377,3,10,57
5805,-108,43,90,377,5,9,57
5805,-108,26,90,377,4,9,56
5805,-108,53,90,377,5,9,57
5805,-108,43,90,377,3,9,57
5805,-108,34,90,377,4,7,56
5805,-108,37,90,377,5,10,57
5805,-108,36,90,377,4,10,57
5805,-108,26,89,377,6,10,55
5805,-108,58,90,377,3,10,58
5805,-108,51,90,377,4,9,58
5805,-108,49,90,377,4,11,58
5805,-108,70,90,377,5,9,56
5805,-108,38,90,377,5,8,57
5805,-108,41,90,377,5,10,57
5805,-108,35,90,377,4,9,57
5805,-108,30,90,377,4,10,57
5805,-108,41,90,377,4,9,57
5805,-108,39,90,377,4,10,57
5805,-108,56,90,377,4,9,56
5805,-108,47,90,377,6,11,57
5805,-108,42,90,377,4,9,57
5805,-108,37,90,377,4,11,57
5805,-108,53,90,377,4,9,57
5805,-108,42,90,377,5,8,56
5805,-108,40,90,377,5,7,56
5805,-108,42,90,377,3,10,57
5805,-108,40,89,377,5,10,55
5805,-108,48,90,377,4,11,57
5805,-108,50,90,377,5,11,58
5805,-108,25,90,377,5,8,56
5805,-108,56,90,377,4,10,56
5805,-108,29,90,377,4,8,56
5805,-108,52,90,377,4,10,58
5805,-108,39,90,377,5,10,57
5805,-108,46,90,377,3,9,57
5805,-108,37,90,377,4,10,57
5805,-108,58,90,377,4,8,56
5805,-108,60,90,377,4,9,57
5805,-108,55,90,377,5,11,57
5805,-108,32,90,377,5,11,57
5805,-108,39,90,377,5,10,57
5805,-108,44,90,377,4,9,57
5805,-108,49,90,377,3,9,57
5805,-108,53,90,377,3,8,57
5805,-108,42,90,377,5,9,57
5805,-108,54,90,377,4,9,58
5805,-108,50,90,377,3,11,58
5805,-108,51,90,377,4,10,57
5805,-108,45,90,377,4,9,57
5805,-108,36,90,377,5,9,57
5805,-108,50,90,377,5,10,57
5805,-108,51,90,377,4,9,57
5805,-108,60,90,377,5,7,56
5805,-108,35,90,377,5,8,57
5805,-108,55,90,377,4,9,57
5805,-108,47,90,377,5,11,57
5805,-108,49,90,377,4,11,58
5805,-108,35,90,377,3,11,58
5805,-108,55,90,377,3,9,57
5805,-108,35,90,377,5,10,57
5805,-108,42,90,377,3,9,56
5805,-108,32,90,377,4,9,57
5805,-108,56,90,377,5,9,58
5805,-108,42,90,377,3,9,56
5805,-108,52,90,377,5,11,57
5805,-108,44,90,377,4,10,57
5805,-108,32,89,378,6,9,56
5805,-108,41,90,377,5,10,57
5805,-108,47,90,377,4,8,56
5805,-108,41,90,377,3,10,57
5805,-108,54,90,377,4,11,57
5805,-108,34,90,377,5,9,57
5805,-108,45,90,377,5,10,57
5805,-108,32,90,377,4,10,57
5805,-108,36,90,377,4,12,58
5805,-108,44,90,377,4,8,56
5805,-108,40,90,377,4,11,57
5805,-108,36,90,377,5,9,57
5805,-108,50,90,377,5,10,58
5805,-108,39,90,377,4,7,56
5805,-108,45,90,377,4,9,57
5805,-108,38,90,377,3,11,58
5805,-108,54,90,377,5,9,57
5805,-108,39,90,377,4,8,57
5805,-108,44,90,377,4,9,57
5805,-108,37,90,377,4,10,57
5805,-108,55,90,377,4,11,57
5805,-108,37,90,377,3,9,57
5805,-108,62,90,377,5,9,58
5805,-108,43,90,377,4,9,57
5805,-108,32,90,377,5,10,57
5805,-108,34,90,377,4,8,56
5805,-108,43,90,377,4,9,58
5805,-108,46,90,377,4,9,57
5805,-108,50,90,377,5,10,58
5805,-108,57,90,377,4,10,58
5805,-108,33,89,377,4,8,55
5805,-108,61,90,377,4,9,57
5805,-108,39,90,377,5,9,57
5805,-108,55,90,377,4,10,57
5805,-108,39,90,377,4,10,57
5805,-108,61,90,377,3,9,57
5805,-108,40,90,377,4,10,57
5805,-108,47,90,377,4,10,58
5805,-108,26,90,377,3,7,56
5805,-108,36,90,377,4,10,57
5805,-108,45,90,377,5,11,57
5805,-108,50,90,377,5,9,57
5805,-108,43,90,377,4,8,57
5805,-108,50,90,377,5,11,57
5805,-108,48,90,377,4,9,57
5805,-108,49,90,377,4,10,58
5805,-108,58,90,377,4,10,58
5805,-108,43,90,377,4,9,56
5805,-108,38,90,377,4,7,56
5805,-108,63,90,377,4,9,57
5805,-108,30,90,377,5,10,57
5805,-108,40,90,377,5,11,57
5805,-108,51,90,377,5,8,56
5805,-108,43,90,377,4,9,57
5805,-108,49,90,377,4,7,56
5805,-108,36,90,377,4,9,57
5805,-108,51,90,377,3,10,57
5805,-108,37,90,377,4,11,57
5805,-108,45,90,377,4,10,57
5805,-108,58,90,377,4,8,57
5805,-108,52,90,377,4,9,57
5805,-108,48,90,377,4,11,58
5805,-108,42,90,377,3,10,57
5805,-108,43,90,377,3,9,57
5805,-108,45,90,377,5,9,57
5805,-108,51,90,377,5,10,57
5805,-108,55,90,377,5,10,58
5805,-108,57,90,377,2,8,56
5805,-108,37,90,377,4,9,57
5805,-108,40,90,377,5,9,57
5805,-108,33,90,377,5,10,57
5805,-108,28,90,377,3,10,57
5805,-108,38,90,377,4,9,57
5805,-108,42,90,377,5,9,57
5805,-108,36,90,377,4,9,57
5805,-108,42,90,377,3,11,57
5805,-108,51,90,377,5,11,58
5805,-108,43,90,377,5,8,57
5805,-108,57,90,377,4,8,57
5805,-108,39,90,377,5,8,56
5805,-108,42,90,377,6,10,57
5805,-108,55,90,377,5,10,58
5805,-108,32,90,377,5,12,57
5805,-108,35,90,377,5,8,56
5805,-108,62,90,377,3,12,58
5805,-108,54,90,377,5,9,57
5805,-108,34,90,377,5,9,57
5805,-108,52,90,377,5,11,57
5805,-108,43,90,377,5,10,57
5805,-108,34,89,377,3,9,56
5805,-108,53,90,377,4,9,57
5805,-108,52,90,377,4,11,57
5805,-108,39,90,377,3,9,57
5805,-108,47,90,377,6,8,58
5805,-108,45,90,377,3,12,58
5805,-108,40,89,377,5,7,56
5805,-108,47,90,377,4,10,57
5805,-108,34,90,377,3,9,57
5805,-108,62,90,377,4,9,57
5805,-108,41,90,377,4,10,57
5805,-108,36,90,377,5,11,58
5805,-108,43,90,377,5,9,57
5805,-108,37,89,377,5,11,57
5805,-108,35,90,377,4,10,57
5805,-108,53,90,377,4,10,57
5805,-108,58,90,377,4,8,56
5805,-108,56,90,377,5,9,57
5805,-108,50,90,377,4,7,56
5805,-108,55,90,377,5,11,57
5805,-108,41,90,377,4,11,57
5805,-108,44,90,377,5,11,58
5805,-108,32,90,377,4,8,56
5805,-108,42,90,377,3,10,57
5805,-108,44,90,377,5,9,57
5805,-108,49,90,377,4,9,57
5805,-108,49,89,377,5,7,55
5805,-108,44,90,377,6,9,57
5805,-108,43,90,377,5,10,57
5805,-108,45,90,377,4,9,57
5805,-108,32,90,377,4,9,57
5805,-108,38,90,377,4,9,57
5805,-108,51,90,377,5,10,57
5805,-108,30,90,377,4,10,57
5805,-108,30,90,377,5,10,57
5805,-108,44,90,377,3,7,57
5805,-108,52,90,377,4,10,57
5805,-108,32,90,377,4,10,58
5805,-108,34,90,377,5,10,57
5805,-108,41,90,377,2,9,57
5805,-108,40,90,377,4,11,57
5805,-108,24,90,377,6,10,57
5805,-108,34,90,377,4,9,57
5805,-108,47,89,377,5,10,56
5805,-108,54,90,377,4,11,57
5805,-108,41,90,377,2,10,57
5805,-108,53,90,377,5,9,57
5805,-108,39,90,377,4,11,57
5805,-108,33,90,377,3,11,57
5805,-108,47,90,377,4,11,57
5805,-108,29,90,377,4,9,56
5805,-108,51,90,377,4,9,56
5805,-108,37,90,377,3,9,57
5805,-108,40,90,377,4,9,58
5805,-108,29,89,378,5,9,56
5805,-108,45,90,377,4,9,57
5805,-108,39,90,377,4,8,57
5805,-108,54,90,377,4,11,58
5805,-108,43,90,377,3,9,57
5805,-108,25,90,377,6,10,56
5805,-108,35,90,377,4,10,57
5805,-108,29,90,377,4,9,56
5805,-108,43,90,377,6,9,57
5805,-108,38,90,377,5,10,57
5805,-108,40,90,377,4,10,57
5805,-108,52,90,377,5,10,57
5805,-108,45,90,377,5,10,57
5805,-108,36,89,377,5,9,56
5805,-108,46,90,377,3,8,57
5805,-108,49,90,377,4,10,57
5805,-108,40,90,377,4,9,57
5805,-108,43,90,377,3,10,57
5805,-108,34,90,377,3,10,57
5805,-108,66,90,377,5,10,58
5805,-108,43,90,377,4,10,56
5805,-108,26,90,377,4,10,57
5805,-108,56,90,377,5,8,57
5805,-108,53,90,377,5,10,58
5805,-108,32,90,377,4,11,57
5805,-108,41,90,377,4,8,57
5805,-108,44,90,377,4,10,56
5805,-108,51,90,377,4,9,57
5805,-108,28,90,377,5,9,56
5805,-108,45,90,377,3,10,57
5805,-108,53,90,377,4,11,57
5805,-108,35,90,377,3,9,57
5805,-108,50,90,377,5,9,57
5805,-108,37,90,377,5,9,57
5805,-108,38,90,377,4,10,58
5805,-108,39,90,377,5,10,57
5805,-108,43,90,377,2,9,57
5805,-108,45,90,377,5,9,57
5805,-108,39,90,377,5,9,56
5805,-108,30,90,377,4,11,57
5805,-108,40,90,377,5,9,57
5805,-108,49,90,377,5,10,58
5805,-108,59,90,377,4,9,57
5805,-108,36,90,377,5,10,57
5805,-108,30,90,377,4,10,57
5805,-108,44,90,377,4,9,58
5805,-108,53,90,377,4,10,57
5805,-108,34,90,377,4,8,56
5805,-108,52,90,377,3,8,57
5805,-108,42,90,377,4,7,57
5805,-108,41,90,377,3,8,57
5805,-108,35,90,377,4,10,57
5805,-108,59,90,377,4,7,57
5805,-108,38,89,377,5,8,55
5805,-108,37,90,377,3,9,57
5805,-108,55,90,377,4,8,56
5805,-108,55,90,377,5,9,57
5805,-108,33,89,377,5,11,56
5805,-108,52,90,377,4,9,57
5805,-108,44,90,377,5,8,57
5805,-108,34,90,377,4,11,57
5805,-108,43,90,377,3,10,57
5805,-108,35,90,377,5,10,57
5805,-108,35,90,377,5,8,56
5805,-108,34,90,377,4,9,56
5805,-108,48,90,377,4,10,57
5805,-108,37,90,377,4,7,56
5805,-108,48,90,377,4,10,58
5805,-108,42,90,377,4,8,57
5805,-108,30,90,377,5,9,57
5805,-108,48,90,377,5,7,56
5805,-108,40,90,377,4,9,57
5805,-108,39,90,377,6,8,56
5805,-108,29,90,377,3,10,57
5805,-108,35,90,377,4,9,57
5805,-108,48,90,377,4,10,57
5805,-108,55,90,377,4,10,57
5805,-108,39,90,377,4,11,58
5805,-108,43,90,377,5,10,57
5805,-108,43,90,377,7,9,57
5805,-108,42,90,377,4,10,57
5805,-108,37,90,377,4,10,57
5805,-108,38,90,377,5,9,57
5805,-108,40,90,377,6,10,57
5805,-108,37,90,377,4,10,57
5805,-108,41,90,377,4,10,57
5805,-108,45,90,377,3,9,57
5805,-108,37,90,377,4,7,57
5805,-108,39,90,377,4,10,57
5805,-108,39,90,377,4,10,57
5805,-108,37,90,377,4,10,57
5805,-108,45,90,377,3,11,58
5805,-108,43,90,377,6,11,57
5805,-108,36,90,377,4,9,57
5805,-108,38,90,377,3,10,58
5805,-108,54,90,377,5,9,57
5805,-108,28,90,377,3,11,58
5805,-108,52,90,377,5,8,57
5805,-108,49,90,377,4,9,57
5805,-108,31,90,377,4,9,56
5805,-108,35,90,377,4,10,57
5805,-108,32,90,377,4,10,57
5805,-108,54,90,377,3,8,56
5805,-108,46,90,377,4,8,56
5805,-108,45,90,377,4,9,57
5805,-108,42,90,377,5,10,57
5805,-108,45,90,377,5,9,57
5805,-108,38,90,377,4,10,58
5805,-108,38,90,377,5,11,57
5805,-108,35,90,377,5,11,57
5805,-108,49,90,377,4,9,56
5805,-108,57,90,377,4,11,58
5805,-108,37,90,377,5,10,57
5805,-108,41,90,377,3,10,57
5805,-108,41,90,377,5,10,57
5805,-108,59,90,377,3,11,57
5805,-108,35,90,377,5,10,56
5805,-108,28,90,377,5,9,56
5805,-108,51,90,377,4,9,57
5805,-108,38,90,377,3,9,57
5805,-108,28,90,377,4,9,57
5805,-108,48,90,377,5,10,57
5805,-108,44,90,377,3,11,57
5805,-108,41,90,377,5,11,57
5805,-108,35,90,377,3,11,58
5805,-108,38,90,377,3,11,57
5805,-108,34,90,377,5,10,58
5805,-108,40,90,377,3,10,57
5805,-108,53,90,377,6,9,57
5805,-108,46,90,377,4,11,58
5805,-108,50,90,377,4,12,58
5805,-108,36,90,377,4,9,57
5805,-108,46,90,377,3,10,58
5805,-108,29,90,377,5,10,57
5805,-108,49,90,377,6,10,57
5805,-108,51,90,377,4,10,58
5805,-108,53,90,377,3,9,57
5805,-108,42,90,377,3,9,57
5805,-108,42,90,377,4,7,56
5805,-108,41,90,377,5,10,58
5805,-108,30,90,377,4,7,56
5805,-108,56,90,377,3,9,58
5805,-108,43,90,377,4,8,56
5805,-108,42,90,377,4,8,57
5805,-108,42,90,377,4,10,57
5805,-108,50,90,377,4,9,57
5805,-108,44,90,377,4,8,56
5805,-108,32,90,377,6,8,56
5805,-108,38,90,377,3,7,57
5805,-108,48,90,377,4,10,58
5805,-108,40,90,377,4,9,57
5805,-108,26,90,377,4,9,57
5805,-108,61,90,377,3,10,57
5805,-108,47,90,377,4,10,58
5805,-108,37,90,377,5,10,57
5805,-108,49,90,377,4,10,57
5805,-108,58,90,377,4,11,58
5805,-108,34,90,377,5,10,57
5805,-108,42,90,377,5,9,57
5805,-108,42,90,377,4,9,57
5805,-108,51,90,377,3,9,57
5805,-108,45,90,377,5,11,57
5805,-108,30,90,377,4,9,57
5805,-108,42,90,377,4,7,56
5805,-108,42,90,377,3,8,57
5805,-108,51,90,377,5,8,56
5805,-108,44,90,377,5,9,58
5805,-108,29,90,377,3,9,56
5805,-108,29,90,377,4,11,56
5805,-108,43,90,377,5,9,56
5805,-108,44,90,377,3,10,57
5805,-108,35,90,377,3,9,57
5805,-108,38,90,377,3,10,57
5805,-108,29,90,377,3,11,57
5805,-108,37,90,377,4,8,56
5805,-108,42,90,377,6,9,57
5805,-108,46,90,377,4,10,58
5805,-108,55,90,377,5,8,57
5805,-108,42,90,377,4,9,57
5805,-108,46,90,377,4,9,57
5805,-108,30,90,377,4,10,57
5805,-108,49,90,377,4,11,58
5805,-108,49,90,377,5,11,57
5805,-108,35,90,377,6,9,57
5805,-108,33,90,377,4,8,57
5805,-108,24,90,377,4,8,55
5805,-108,47,90,377,4,11,58
5805,-108,41,90,377,3,10,58
5805,-108,31,90,377,4,9,57
5805,-108,41,90,377,4,10,58
5805,-108,39,90,377,4,9,57
5805,-108,50,90,377,4,9,56
5805,-108,33,90,377,4,9,56
5805,-108,57,90,377,5,11,58
5805,-108,35,90,377,5,7,56
5805,-108,40,90,377,4,11,58
5805,-108,48,89,377,5,8,56
5805,-108,30,90,377,4,11,57
5805,-108,49,89,377,6,9,57
5805,-108,39,90,377,3,9,57
5805,-108,46,90,377,5,10,56
5805,-108,34,90,377,5,9,57
5805,-108,42,90,377,5,10,57
5805,-108,50,90,377,4,9,57
5805,-108,31,90,377,4,9,56
5805,-108,45,90,377,5,10,58
5805,-108,40,90,377,6,10,57
5805,-108,33,90,377,5,10,57
5805,-108,32,90,377,5,11,57
5805,-108,35,90,377,5,10,57
5805,-108,44,90,377,3,8,58
5805,-108,52,90,377,5,9,57
5805,-108,39,90,377,3,11,57
5805,-108,48,90,377,5,10,57
5805,-108,43,90,377,5,8,56
5805,-108,37,90,377,4,10,57
5805,-108,48,90,377,4,9,56
5805,-108,35,90,377,4,8,56
5805,-108,51,90,377,6,9,56
5805,-108,46,89,377,5,8,57
5805,-108,41,90,377,4,10,57
5805,-108,52,90,377,5,9,57
5805,-108,45,90,377,4,11,57
5805,-108,42,90,377,5,10,57
5805,-108,47,90,377,4,9,57
5805,-108,35,90,377,3,11,57
5805,-108,42,90,377,5,8,57
5805,-108,42,90,377,5,10,57
5805,-108,27,90,377,5,9,57
5805,-108,46,90,377,4,8,57
5805,-108,57,90,377,4,8,56
5805,-108,64,90,377,4,9,58
5805,-108,42,90,377,5,11,57
5805,-108,39,90,377,5,9,57
5805,-108,53,90,377,5,11,57
5805,-108,30,89,377,5,9,55
5805,-108,32,90,377,3,9,56
5805,-108,43,90,377,5,10,57
5805,-108,55,90,377,6,10,57
5805,-108,36,90,377,5,9,57
5805,-108,36,90,377,4,8,56
5805,-108,39,90,377,3,9,57
5805,-108,58,90,377,5,9,57
5805,-108,44,90,377,3,9,57
5805,-108,33,90,377,4,8,57
5805,-108,56,90,377,5,11,57
5805,-108,62,90,377,5,9,58
5805,-108,44,90,377,4,9,56
5805,-108,23,90,377,5,9,56
5805,-108,35,90,377,3,9,57
5805,-108,28,90,377,4,10,57
5805,-108,34,90,377,3,9,57
5805,-108,38,90,377,6,9,57
5805,-108,46,90,377,4,9,57
5805,-108,44,90,377,4,8,56
5805,-108,50,90,377,4,10,57
5805,-108,45,90,377,5,10,57
5805,-108,41,90,377,4,10,58
5805,-108,46,90,377,5,9,56
5805,-108,51,90,377,4,11,57
5805,-108,41,90,377,5,10,58
5805,-108,37,90,377,3,11,57
5805,-108,46,90,377,5,9,57
5805,-108,57,90,377,4,9,57
5805,-108,53,90,377,5,9,57
5805,-108,42,90,377,5,10,57
5805,-108,36,90,377,3,10,58
5805,-108,61,90,377,4,11,58
5805,-108,45,90,377,5,9,57
5805,-108,43,90,377,4,10,57
5805,-108,48,90,377,3,10,57
5805,-108,34,90,377,5,10,57
5805,-108,60,90,377,5,10,57
5805,-108,51,90,377,4,11,57
5805,-108,42,90,377,4,9,58
5805,-108,38,90,377,4,9,57
5805,-108,24,90,377,3,9,57
5805,-108,36,90,377,4,9,57
5805,-108,30,90,377,4,10,57
5805,-108,50,90,377,4,9,56
5805,-108,35,90,377,4,10,56
5805,-108,53,90,377,4,9,57
5805,-108,53,90,377,3,8,57
5805,-108,55,90,377,4,10,58
5805,-108,49,90,377,5,11,57
5805,-108,42,90,377,4,10,57
5805,-108,53,90,377,4,11,58
5805,-108,43,90,377,4,8,57
5805,-108,35,90,377,3,9,57
5805,-108,38,89,377,7,10,57
5805,-108,29,83,384,19,14,57
5805,-108,47,90,377,5,9,56
5805,-108,35,90,377,5,11,57
5805,-108,60,90,377,4,8,57
5805,-108,44,90,377,5,9,57
5805,-108,62,90,377,5,9,57
5805,-108,42,90,377,5,10,57
5805,-108,39,90,377,4,9,57
5805,-108,54,90,377,4,11,57
5805,-108,49,90,377,5,10,57
5805,-108,38,90,377,4,9,57
5805,-108,29,90,377,4,9,57
5805,-108,37,90,377,3,8,57
5805,-108,28,90,377,5,11,56
5805,-108,57,90,377,4,10,57
5805,-108,48,90,377,3,9,57
5805,-108,47,90,377,5,9,56
5805,-108,42,90,377,4,11,57
5805,-108,46,90,377,5,10,57
5805,-108,29,90,377,5,8,56
5805,-108,35,90,377,5,10,58
5805,-108,31,90,377,5,9,58
5805,-108,54,90,377,4,10,57
5805,-108,37,89,377,6,10,57
5805,-108,48,90,377,5,9,57
5805,-108,33,90,377,5,9,57
5805,-108,33,90,377,5,9,56
5805,-108,39,89,377,5,8,56
5805,-108,32,90,377,5,10,57
5805,-108,48,90,377,4,10,58
5805,-108,45,90,377,4,10,57
5805,-108,34,90,377,4,10,57
5805,-108,57,89,377,6,10,57
5805,-108,46,90,377,3,10,58
5805,-108,43,90,377,4,11,58
5805,-108,34,90,377,5,12,58
5805,-108,68,79,388,9,59,49
5805,-108,45,77,390,10,59,47
5805,-108,34,90,377,6,10,57
5805,-108,42,90,377,6,11,58
5805,-108,55,90,377,4,10,58
5805,-108,53,90,377,5,11,58
5805,-108,38,90,377,4,9,57
5805,-108,39,90,377,4,10,57
5805,-108,60,90,377,4,5,56
5805,-108,36,90,377,4,9,57
5805,-108,26,90,377,4,11,57
5805,-108,31,90,377,3,10,57
5805,-108,37,90,377,4,9,58
5805,-108,39,90,377,5,10,56
5805,-108,54,90,377,5,10,57
5805,-108,32,90,377,3,10,57
5805,-108,55,90,377,5,10,58
5805,-108,41,90,377,5,9,57
5805,-108,39,90,377,5,8,57
5805,-108,29,90,377,5,8,56
5805,-108,49,90,377,6,9,58
5805,-108,58,90,377,5,9,57
5805,-108,35,90,377,6,8,56
5805,-108,55,90,377,6,9,57
5805,-108,42,90,377,5,12,57
5805,-108,39,90,377,5,8,57
5805,-108,50,90,377,5,9,57
5805,-108,39,90,377,3,9,57
5805,-108,39,90,377,6,9,57
5805,-108,43,90,377,4,9,57
5805,-108,47,90,377,4,9,57
5805,-108,47,90,377,4,10,57
5805,-108,42,90,377,4,9,57
5805,-108,45,90,377,3,10,57
5805,-108,31,90,377,4,11,57
5805,-108,36,90,377,4,10,58
5805,-108,35,90,377,5,11,57
5805,-108,51,90,377,4,9,56
5805,-108,42,90,377,4,10,57
5805,-108,51,90,377,5,10,57
5805,-108,45,90,377,5,10,57
5805,-108,35,90,377,4,9,57
5805,-108,30,90,377,4,8,57
5805,-108,31,90,377,5,10,58
5805,-108,38,90,377,4,10,57
5805,-108,38,90,377,4,10,56
5805,-108,38,90,377,5,11,57
5805,-108,42,90,377,4,8,56
5805,-108,23,90,377,4,9,56
5805,-108,41,90,377,4,9,57
5805,-108,44,90,377,6,11,57
5805,-108,45,90,377,7,9,57
5805,-108,49,90,377,5,10,57
5805,-108,51,90,377,5,11,58
5805,-108,53,90,377,5,10,58
5805,-108,48,90,377,4,11,58
5805,-108,54,90,377,5,8,57
5805,-108,41,90,377,4,10,57
5805,-108,46,89,378,6,9,56
5805,-108,46,90,377,5,7,56
5805,-108,40,89,377,5,9,56
5805,-108,57,90,377,4,9,58
5805,-108,37,90,377,4,10,58
5805,-108,53,90,377,6,9,57
5805,-108,65,90,377,5,11,58
5805,-108,60,90,377,5,10,58
5805,-108,56,90,377,5,11,57
5805,-108,48,90,377,4,10,57
5805,-108,48,90,377,5,9,57
5805,-108,32,90,377,4,9,57
5805,-108,44,90,377,4,9,57
5805,-108,54,90,377,5,11,57
5805,-108,39,90,377,5,8,57
5805,-108,50,90,377,5,9,57
5805,-108,47,90,377,4,9,57
5805,-108,42,90,377,4,10,57
5805,-108,45,90,377,5,10,57
5805,-108,49,90,377,5,8,56
5805,-108,34,90,377,4,9,57
5805,-108,43,90,377,4,9,57
5805,-108,44,90,377,4,9,57
5805,-108,38,90,377,6,9,57
5805,-108,38,89,377,6,8,56
5805,-108,51,90,377,4,11,58
5805,-108,51,90,377,4,11,57
5805,-108,31,90,377,4,10,57
5805,-108,41,89,377,6,11,57
5805,-108,49,90,377,4,9,57
5805,-108,46,89,377,6,12,57
5805,-108,54,90,377,4,9,58
5805,-108,40,90,377,3,9,57
5805,-108,39,90,377,4,11,58
5805,-108,38,90,377,5,9,56
5805,-108,49,90,377,4,9,57
5805,-108,39,90,377,4,10,57
5805,-108,55,90,377,3,9,57
5805,-108,26,90,377,5,9,57
5805,-108,46,90,377,5,11,57
5805,-108,40,90,377,5,9,56
5805,-108,51,90,377,5,10,57
5805,-108,48,90,377,4,11,58
5805,-108,30,90,377,5,11,57
5805,-108,51,90,377,3,10,58
5805,-108,41,90,377,4,8,57
5805,-108,32,90,377,4,12,57
5805,-108,47,90,377,4,8,57
5805,-108,41,90,377,5,9,57
5805,-108,50,90,377,4,9,56
5805,-108,39,90,377,4,9,57
5805,-108,43,90,377,4,10,57
5805,-108,38,90,377,4,8,55
5805,-108,35,90,377,4,9,57
5805,-108,38,90,377,5,9,57
5805,-108,38,90,377,4,9,57
5805,-108,41,90,377,4,11,57
5805,-108,60,90,377,4,12,58
5805,-108,49,90,377,5,10,57
5805,-108,44,90,377,5,10,57
5805,-108,31,90,377,4,9,57
5805,-108,32,90,377,4,9,57
5805,-108,31,90,377,3,10,57
5805,-108,47,90,377,4,10,57
5805,-108,39,90,377,5,10,57
5805,-108,48,90,377,4,9,57
5805,-108,61,90,377,5,8,57
5805,-108,32,90,377,5,9,56
5805,-108,46,90,377,4,9,57
5805,-108,37,90,377,4,10,57
5805,-108,52,90,377,4,9,57
5805,-108,39,90,377,5,10,57
5805,-108,38,90,377,5,9,57
5805,-108,40,90,377,4,11,58
5805,-108,50,90,377,5,8,56
5805,-108,29,89,377,6,9,56
5805,-108,27,90,377,3,9,57
5805,-108,32,90,377,4,10,57
5805,-108,31,90,377,4,10,57
5805,-108,30,90,377,4,9,57
5805,-108,38,90,377,3,9,57
5805,-108,39,89,377,5,8,56
5805,-108,39,90,377,4,10,57
5805,-108,35,90,377,4,10,57
5805,-108,43,90,377,4,10,57
5805,-108,48,90,377,4,10,57
5805,-108,42,90,377,4,10,57
5805,-108,61,90,377,5,12,57
5805,-108,46,90,377,4,10,57
5805,-108,56,90,377,3,8,56
5805,-108,40,90,377,4,9,56
5805,-108,41,90,377,4,10,57
5805,-108,54,90,377,4,10,57
5805,-108,38,90,377,3,10,57
5805,-108,55,90,377,4,9,57
5805,-108,58,90,377,5,9,57
5805,-108,31,90,377,4,8,57
5805,-108,51,90,377,4,10,58
5805,-108,48,90,377,4,10,57
5805,-108,43,90,377,4,9,56
5805,-108,38,90,377,4,11,58
5805,-108,38,90,377,4,11,57
5805,-108,61,90,377,4,11,57
5805,-108,31,90,377,6,9,56
5805,-108,42,90,377,4,9,57
5805,-108,28,90,377,5,10,57
5805,-108,41,90,377,6,11,57
5805,-108,44,90,377,5,8,57
5805,-108,31,89,377,5,10,56
5805,-108,78,90,377,4,9,57
5805,-108,45,90,377,5,7,57
5805,-108,50,90,377,5,9,57
5805,-108,45,90,377,4,8,56
5805,-108,68,90,377,3,6,56
5805,-108,60,90,377,4,11,57
5805,-108,59,90,377,5,9,57
5805,-108,33,90,377,3,9,57
5805,-108,54,90,377,5,9,58
5805,-108,44,90,377,5,10,57
5805,-108,45,90,377,6,9,57
5805,-108,52,90,377,4,10,57
5805,-108,38,90,377,5,10,57
5805,-108,36,90,377,5,10,57
5805,-108,54,90,377,6,9,57
5805,-108,37,90,377,4,10,56
5805,-108,43,90,377,5,9,56
5805,-108,54,90,377,4,10,57
5805,-108,44,90,377,5,11,57
5805,-108,54,90,377,4,9,57
5805,-108,51,90,377,4,11,57
5805,-108,50,90,377,3,11,58
5805,-108,43,90,377,3,12,58
5805,-108,38,90,377,4,9,57
5805,-108,33,90,377,4,9,57
5805,-108,53,90,377,3,9,58
5805,-108,51,90,377,5,9,57
5805,-108,47,90,377,4,10,57
5805,-108,49,90,377,4,10,58
5805,-108,41,90,377,5,9,58
5805,-108,43,90,377,3,9,57
5805,-108,41,90,377,5,9,56
5805,-108,56,90,377,4,10,57
5805,-108,43,90,377,4,9,57
5805,-108,32,90,377,5,8,57
5805,-108,33,90,377,4,10,57
5805,-108,41,90,377,5,11,57
5805,-108,42,90,377,5,9,57
5805,-108,40,90,377,4,8,55
5805,-108,36,90,377,4,7,56
5805,-108,51,90,377,4,7,56
5805,-108,38,90,377,4,10,58
5805,-108,38,90,377,4,9,57
5805,-108,47,90,377,5,9,56
5805,-108,38,90,377,4,9,57
5805,-108,29,90,377,4,9,56
5805,-108,46,90,377,4,9,57
5805,-108,33,90,377,4,9,57
5805,-108,40,90,377,4,9,57
5805,-108,49,90,377,4,9,58
5805,-108,32,90,377,3,9,56
5805,-108,43,90,377,4,10,57
5805,-108,41,90,377,5,8,56
5805,-108,46,90,377,5,8,56
5805,-108,50,90,377,6,9,57
5805,-108,30,90,377,3,11,58
5805,-108,46,90,377,5,9,57
5805,-108,39,90,377,3,9,57
5805,-108,34,90,377,4,11,56
5805,-108,39,90,377,5,9,58
5805,-108,35,90,377,5,9,56
5805,-108,36,89,378,6,9,56
5805,-108,34,90,377,4,10,57
5805,-108,41,90,377,6,8,57
5805,-108,36,90,377,4,10,57
5805,-108,39,90,377,5,10,58
5805,-108,42,90,377,4,8,56
5805,-108,47,90,377,3,10,57
5805,-108,28,90,377,4,8,56
5805,-108,45,90,377,5,8,56
5805,-108,28,90,377,4,10,57
5805,-108,27,90,377,2,10,57
5805,-108,31,90,377,5,8,56
5805,-108,45,90,377,4,8,56
5805,-108,41,90,377,4,8,56
5805,-108,47,90,377,3,10,57
5805,-108,33,90,377,5,8,56
5805,-108,26,90,377,5,10,57
5805,-108,40,90,377,5,10,57
5805,-108,29,90,377,3,9,56
5805,-108,46,90,377,4,6,55
5805,-108,36,90,377,4,10,57
5805,-108,40,90,377,4,10,57
5805,-108,54,90,377,6,10,57
5805,-108,34,90,377,3,8,56
5805,-108,58,90,377,3,11,57
5805,-108,47,90,377,5,12,59
5805,-108,48,90,377,5,8,57
5805,-108,53,90,377,6,8,56
5805,-108,53,90,377,5,9,58
5805,-108,33,90,377,3,9,57
5805,-108,48,90,377,5,10,57
5805,-108,48,90,377,5,9,57
5805,-108,31,90,377,3,9,57
5805,-108,38,90,377,3,9,57
5805,-108,55,90,377,5,10,57
5805,-108,56,90,377,4,9,58
5805,-108,62,90,377,5,9,57
5805,-108,33,90,377,5,8,56
5805,-108,33,90,377,4,9,55
5805,-108,64,90,377,5,9,56
5805,-108,46,90,377,4,9,58
5805,-108,40,90,377,4,9,58
5805,-108,44,90,377,5,9,57
5805,-108,37,90,377,3,11,57
5805,-108,33,90,377,5,9,57
5805,-108,34,90,377,5,10,57
5805,-108,34,90,377,5,9,56
5805,-108,44,90,377,4,9,57
5805,-108,47,90,377,5,7,57
5805,-108,60,90,377,5,10,57
5805,-108,35,90,377,4,8,58
5805,-108,59,90,377,4,11,58
5805,-108,32,89,377,5,9,57
5805,-108,66,90,377,5,10,56
5805,-108,41,90,377,4,10,57
5805,-108,42,90,377,6,10,56
5805,-108,48,90,377,5,9,57
5805,-108,47,90,377,4,9,56
5805,-108,30,90,377,4,9,57
5805,-108,40,90,377,4,10,57
5805,-108,28,90,377,4,11,57
5805,-108,49,90,377,4,12,57
5805,-108,53,90,377,4,10,57
5805,-108,40,90,377,4,11,57
5805,-108,32,90,377,4,9,56
5805,-108,37,90,377,4,9,57
5805,-108,37,90,377,5,10,57
5805,-108,52,90,377,5,9,57
5805,-108,44,90,377,6,9,57
5805,-108,45,90,377,4,10,57
5805,-108,50,90,377,5,11,57
5805,-108,61,90,377,4,11,57
5805,-108,42,90,377,5,9,57
5805,-108,38,90,377,2,8,56
5805,-108,51,90,377,6,10,57
5805,-108,38,90,377,5,11,57
5805,-108,36,90,377,4,10,57
5805,-108,47,90,377,4,9,57
5805,-108,36,90,377,4,10,57
5805,-108,40,90,377,4,10,57
5805,-108,43,90,377,4,11,57
5805,-108,36,90,377,4,9,57
5805,-108,43,90,377,4,10,57
5805,-108,37,90,377,5,7,56
5805,-108,30,90,377,4,9,57
5805,-108,55,90,377,5,11,58
5805,-108,49,90,377,5,10,57
5805,-108,46,90,377,5,8,56
5805,-108,32,90,377,4,10,58
5805,-108,40,90,377,4,8,57
5805,-108,46,90,377,4,9,57
5805,-108,56,90,377,4,10,57
5805,-108,52,90,377,5,11,57
5805,-108,40,89,378,5,9,57
5805,-108,36,90,377,3,11,57
5805,-108,38,90,377,4,10,57
5805,-108,40,90,377,4,10,57
5805,-108,41,89,377,5,11,57
5805,-108,33,90,377,5,9,56
5805,-108,40,90,377,4,11,57
5805,-108,55,90,377,4,11,58
5805,-108,48,90,377,5,11,58
5805,-108,46,90,377,4,10,56
5805,-108,56,90,377,4,8,57
5805,-108,30,90,377,5,9,56
5805,-108,44,90,377,5,8,57
5805,-108,58,90,377,5,10,57
5805,-108,39,90,377,4,9,57
5805,-108,44,90,377,4,9,56
5805,-108,38,90,377,4,7,55
5805,-108,26,90,377,4,7,57
5805,-108,52,90,377,5,9,57
5805,-108,35,90,377,4,9,56
5805,-108,41,90,377,4,9,57
5805,-108,50,90,377,4,11,58
5805,-108,26,90,377,3,10,57
5805,-108,31,90,377,6,9,57
5805,-108,32,90,377,5,10,57
5805,-108,49,90,377,4,9,57
5805,-108,47,90,377,5,11,57
5805,-108,39,90,377,5,9,57
5805,-108,32,90,377,4,12,57
5805,-108,57,90,377,4,9,57
5805,-108,58,90,377,5,9,58
5805,-108,34,90,377,5,8,57
5805,-108,55,90,377,4,10,57
5805,-108,44,90,377,5,10,58
5805,-108,46,90,377,5,9,58
5805,-108,48,90,377,5,9,56
5805,-108,41,90,377,5,10,57
5805,-108,40,90,377,4,7,56
5805,-108,52,90,377,3,9,56
5805,-108,31,90,377,2,7,56
5805,-108,36,90,377,4,10,58
5805,-108,39,90,377,4,9,58
5805,-108,41,90,377,5,9,57
5805,-108,30,90,377,2,11,58
5805,-108,29,90,377,4,9,56
5805,-108,61,90,377,4,9,56
5805,-108,51,90,377,2,10,58
5805,-108,47,90,377,4,9,57
5805,-108,28,89,377,4,9,55
5805,-108,41,90,377,4,8,57
5805,-108,35,90,377,4,10,57
5805,-108,35,90,377,4,9,57
5805,-108,43,90,377,5,11,57
5805,-108,59,90,377,4,10,58
5805,-108,41,90,377,4,11,58
5805,-108,60,90,377,4,8,56
5805,-108,54,90,377,4,11,57
5805,-108,49,90,377,6,10,57
5805,-108,51,90,377,5,10,58
5805,-108,47,90,377,4,9,57
5805,-108,58,90,377,5,8,57
5805,-108,52,90,377,5,9,58
5805,-108,42,90,377,4,9,57
5805,-108,39,90,377,4,11,57
5805,-108,47,89,377,5,8,56
5805,-108,60,90,377,5,9,56
5805,-108,34,90,377,4,11,57
5805,-108,56,90,377,4,9,57
5805,-108,59,90,377,4,9,57
5805,-108,57,90,377,5,9,57
5805,-108,38,90,377,4,9,57
5805,-108,29,90,377,5,10,58
5805,-108,37,90,377,5,9,57
5805,-108,28,89,377,5,9,55
5805,-108,57,90,377,3,12,57
5805,-108,45,90,377,5,10,57
5805,-108,42,90,377,4,10,57
5805,-108,50,90,377,4,9,57
5805,-108,32,90,377,5,10,57
5805,-108,35,90,377,4,11,57
5805,-108,57,90,377,4,10,57
5805,-108,34,90,377,4,9,56
5805,-108,50,90,377,4,9,56
5805,-108,45,90,377,5,11,58
5805,-108,45,90,377,5,9,57
5805,-108,29,90,377,2,8,57
5805,-108,40,90,377,5,9,57
5805,-108,31,90,377,3,10,57
5805,-108,32,90,377,5,10,57
5805,-108,60,90,377,4,9,57
5805,-108,40,90,377,5,10,57
5805,-108,42,90,377,4,10,57
5805,-108,34,90,377,4,9,57
5805,-108,42,90,377,5,9,57
5805,-108,49,90,377,4,10,57
5805,-108,46,90,377,5,8,56
5805,-108,55,90,377,4,12,57
5805,-108,33,90,377,5,9,56
5805,-108,35,90,377,3,9,56
5805,-108,29,90,377,5,8,57
5805,-108,53,90,377,5,11,58
5805,-108,41,90,377,3,9,57
5805,-108,55,90,377,5,10,57
5805,-108,42,90,377,4,10,57
5805,-108,35,90,377,4,8,56
5805,-108,40,90,377,6,10,57
5805,-108,48,90,377,4,11,57
5805,-108,44,90,377,4,10,57
5805,-108,47,90,377,3,10,58
5805,-108,36,90,377,5,12,58
5805,-108,28,90,377,3,9,56
5805,-108,51,90,377,5,8,57
5805,-108,67,90,377,5,9,57
5805,-108,29,90,377,3,9,57
5805,-108,52,90,377,4,10,57
5805,-108,31,90,377,3,9,56
5805,-108,46,90,377,3,11,58
5805,-108,51,90,377,5,11,57
5805,-108,50,90,377,4,9,57
5805,-108,37,90,377,5,9,57
5805,-108,34,90,377,6,9,56
5805,-108,42,90,377,4,10,57
5805,-108,55,90,377,4,11,57
5805,-108,38,90,377,5,9,57
5805,-108,37,90,377,5,10,57
5805,-108,55,90,377,5,12,58
5805,-108,46,90,377,5,8,56
5805,-108,27,90,377,5,9,57
5805,-108,40,90,377,4,9,57
5805,-108,43,90,377,5,10,57
5805,-108,29,90,377,6,8,56
5805,-108,35,90,377,6,9,57
5805,-108,66,90,377,4,9,58
5805,-108,41,90,377,5,7,56
5805,-108,43,90,377,4,11,57
5805,-108,47,90,377,4,9,57
5805,-108,33,90,377,5,9,57
5805,-108,38,90,377,4,9,57
5805,-108,33,90,377,5,9,57
5805,-108,39,90,377,4,10,57
5805,-108,40,90,377,4,10,56
5805,-108,39,90,377,4,10,57
5805,-108,55,90,377,4,9,58
5805,-108,46,90,377,5,9,57
5805,-108,59,90,377,4,9,57
5805,-108,34,90,377,5,10,57
5805,-108,39,90,377,4,10,57
5805,-108,53,90,377,4,10,57
5805,-108,51,90,377,4,9,57
5805,-108,37,90,377,5,10,57
5805,-108,32,90,377,4,9,57
5805,-108,49,90,377,3,11,58
5805,-108,55,90,377,5,11,58
5805,-108,36,90,377,4,10,57
5805,-108,58,90,377,6,11,58
5805,-108,42,90,377,5,10,58
5805,-108,34,89,377,6,9,57
5805,-108,44,90,377,5,11,57
5805,-108,49,90,377,4,10,57
5805,-108,39,90,377,6,11,57
5805,-108,45,90,377,4,9,57
5805,-108,35,90,377,5,9,57
5805,-108,47,90,377,4,10,57
5805,-108,51,90,377,5,11,57
5805,-108,47,90,377,4,10,57
5805,-108,37,90,377,3,9,56
5805,-108,51,90,377,5,9,56
5805,-108,38,90,377,4,9,57
5805,-108,51,90,377,4,10,57
5805,-108,43,90,377,4,8,57
5805,-108,46,90,377,4,9,57
5805,-108,40,90,377,5,9,57
5805,-108,46,90,377,4,9,56
5805,-108,58,90,377,5,10,57
5805,-108,67,90,377,4,10,57
5805,-108,31,89,377,5,10,56
5805,-108,31,90,377,3,10,57
5805,-108,32,90,377,3,10,57
5805,-108,50,90,377,4,9,57
5805,-108,53,90,377,5,9,57
5805,-108,49,90,377,3,8,57
5805,-108,48,90,377,4,10,57
5805,-108,30,90,377,5,9,57
5805,-108,43,90,377,6,11,57
5805,-108,56,90,377,4,8,57
5805,-108,54,90,377,3,8,57
5805,-108,45,90,377,4,9,57
5805,-108,40,90,377,4,8,57
5805,-108,53,90,377,5,8,56
5805,-108,54,90,377,4,9,57
5805,-108,30,90,377,4,11,57
5805,-108,62,90,377,5,10,57
5805,-108,36,90,377,4,10,57
5805,-108,37,88,378,5,9,56
5805,-108,35,90,377,3,9,57
5805,-108,44,90,377,5,11,58
5805,-108,36,90,377,4,8,56
5805,-108,43,90,377,6,10,57
5805,-108,40,90,377,5,10,57
5805,-108,48,90,377,5,9,57
5805,-108,54,90,377,3,10,57
5805,-108,36,90,377,5,9,57
5805,-108,50,90,377,3,9,57
5805,-108,55,90,377,3,10,58
5805,-108,43,90,377,5,9,57
5805,-108,44,90,377,5,9,57
5805,-108,44,90,377,5,10,57
5805,-108,45,90,377,4,12,58
5805,-108,32,90,377,4,8,57
5805,-108,47,90,377,4,9,57
5805,-108,34,90,377,4,9,56
5805,-108,37,90,377,4,10,57
5805,-108,54,90,377,4,9,56
5805,-108,47,90,377,5,8,57
5805,-108,53,90,377,5,9,58
5805,-108,34,90,377,5,10,57
5805,-108,38,90,377,4,9,58
5805,-108,36,90,377,4,11,57
5805,-108,35,90,377,5,8,56
5805,-108,46,90,377,4,9,57
5805,-108,42,90,377,3,11,57
5805,-108,45,90,377,4,9,57
5805,-108,41,90,377,4,10,58
5805,-108,44,90,377,5,8,57
5805,-108,31,90,377,6,10,57
5805,-108,51,90,377,4,9,57
5805,-108,43,90,377,5,8,57
5805,-108,44,90,377,6,8,57
5805,-108,47,90,377,4,11,58
5805,-108,58,90,377,4,10,58
5805,-108,34,90,377,3,8,56
5805,-108,46,90,377,4,8,57
5805,-108,54,90,377,5,9,57
5805,-108,34,90,377,3,10,57
5805,-108,59,90,377,5,9,57
5805,-108,48,90,377,4,10,58
5805,-108,30,90,377,4,11,57
5805,-108,35,90,377,4,10,57
5805,-108,29,90,377,4,9,57
5805,-108,53,90,377,5,8,56
5805,-108,39,90,377,4,9,57
5805,-108,40,90,377,4,8,57
5805,-108,41,90,377,3,8,56
5805,-108,45,90,377,4,9,57
5805,-108,47,90,377,5,11,57
5805,-108,31,90,377,3,10,56
5805,-108,38,90,377,4,9,57
5805,-108,40,90,377,5,7,56
5805,-108,35,90,377,5,7,56
5805,-108,49,90,377,5,10,57
5805,-108,53,90,377,4,9,57
5805,-108,57,90,377,4,9,58
5805,-108,47,90,377,4,11,58
5805,-108,51,90,377,6,9,57
5805,-108,45,90,377,4,11,57
5805,-108,39,90,377,4,11,57
5805,-108,44,90,377,4,10,57
5805,-108,37,90,377,5,9,57
5805,-108,33,90,377,4,9,57
5805,-108,46,90,377,3,12,58
5805,-108,43,90,377,6,10,58
5805,-108,49,90,377,4,9,57
5805,-108,46,90,377,5,9,56
5805,-108,34,90,377,4,10,56
5805,-108,52,90,377,5,10,57
5805,-108,59,90,377,4,11,58
5805,-108,35,90,377,5,11,57
5805,-108,31,90,377,4,8,57
5805,-108,51,90,377,4,9,57
5805,-108,42,90,377,5,9,57
5805,-108,42,90,377,5,10,57
5805,-108,35,90,377,6,10,57
5805,-108,37,90,377,5,10,57
5805,-108,47,90,377,4,10,58
5805,-108,31,90,377,4,9,56
5805,-108,32,90,377,3,10,57
5805,-108,45,90,377,5,12,58
5805,-108,44,90,377,4,9,57
5805,-108,49,90,377,4,8,56
5805,-108,65,90,377,4,10,57
5805,-108,26,90,377,4,9,57
5805,-108,41,90,377,4,9,56
5805,-108,35,89,378,5,8,56
5805,-108,49,90,377,4,8,56
5805,-108,44,90,377,4,8,56
5805,-108,47,90,377,5,8,57
5805,-108,36,90,377,6,11,57
5805,-108,53,90,377,5,9,58
5805,-108,49,90,377,5,10,57
5805,-108,35,90,377,5,10,57
5805,-108,29,90,377,4,9,57
5805,-108,51,90,377,6,8,56
5805,-108,31,90,377,3,12,58
5805,-108,53,90,377,5,10,58
5805,-108,51,90,377,4,9,57
5805,-108,38,90,377,3,10,57
5805,-108,34,90,377,5,8,56
5805,-108,39,90,377,5,9,56
5805,-108,41,90,377,5,9,58
5805,-108,53,90,377,3,10,57
5805,-108,56,90,377,4,11,57
5805,-108,33,90,377,3,8,56
5805,-108,37,90,377,4,9,57
5805,-108,39,90,377,3,9,57
5805,-108,64,90,377,5,9,56
5805,-108,59,90,377,4,8,57
5805,-108,69,90,377,5,9,58
5805,-108,52,90,377,5,10,57
5805,-108,46,90,377,5,9,58
5805,-108,60,90,377,4,10,58
5805,-108,41,90,377,4,9,56
5805,-108,40,90,377,5,10,56
5805,-108,39,90,377,6,8,56
5805,-108,31,90,377,4,10,58
5805,-108,40,90,377,4,7,56
5805,-108,47,90,377,6,8,57
5805,-108,47,90,377,5,9,57
5805,-108,47,90,377,3,10,57
5805,-108,52,90,377,3,10,57
5805,-108,68,90,377,5,11,58
5805,-108,35,90,377,5,11,58
5805,-108,27,89,377,3,11,57
5805,-108,56,90,377,4,11,58
5805,-108,33,90,377,5,9,57
5805,-108,41,90,377,3,9,57
5805,-108,33,90,377,5,8,57
5805,-108,61,90,377,3,9,57
5805,-108,29,90,377,5,12,57
5805,-108,44,90,377,4,10,58
5805,-108,39,90,377,5,12,58
5805,-108,62,90,377,4,10,57
5805,-108,49,90,377,3,11,59
5805,-108,29,90,377,3,9,57
5805,-108,42,90,377,5,9,57
5805,-108,40,89,378,5,10,56
5805,-108,44,90,377,4,9,57
5805,-108,31,90,377,4,9,57
5805,-108,37,90,377,3,10,57
5805,-108,53,90,377,4,10,57
5805,-108,33,90,377,5,10,58
5805,-108,45,90,377,5,11,57
5805,-108,57,90,377,5,11,57
5805,-108,30,90,377,3,9,56
5805,-108,39,90,377,4,9,57
5805,-108,40,90,377,4,9,57
5805,-108,53,90,377,6,9,57
5805,-108,46,90,377,3,8,57
5805,-108,43,90,377,3,10,57
5805,-108,36,90,377,4,8,57
5805,-108,47,90,377,5,8,56
5805,-108,31,90,377,4,11,57
5805,-108,58,90,377,4,9,57
5805,-108,34,90,377,5,8,56
5805,-108,48,90,377,5,10,57
5805,-108,41,90,377,4,10,57
5805,-108,34,90,377,5,10,56
5805,-108,68,90,377,4,10,57
5805,-108,43,90,377,4,11,57
5805,-108,36,90,377,6,9,57
5805,-108,46,90,377,4,10,57
5805,-108,51,90,377,4,10,58
5805,-108,34,90,377,4,9,57
5805,-108,47,90,377,4,9,57
5805,-108,47,90,377,4,12,57
5805,-108,46,90,377,4,10,57
5805,-108,34,90,377,3,11,57
5805,-108,41,90,377,5,11,57
5805,-108,34,90,377,4,10,57
5805,-108,55,90,377,5,8,57
5805,-108,52,90,377,4,11,57
5805,-108,52,90,377,4,9,57
5765,-107,47,90,376,4,10,58
5765,-107,47,90,376,5,9,57
5765,-107,25,89,376,4,9,56
5765,-107,52,90,376,5,9,57
5765,-107,42,90,376,2,9,58
5765,-107,33,90,376,3,9,57
5765,-107,36,90,376,4,9,57
5765,-107,40,90,376,3,10,58
5765,-107,55,90,376,5,10,58
5765,-107,49,90,376,5,10,58
5765,-107,29,90,376,3,9,58
5765,-107,44,90,376,4,9,58
5765,-107,41,90,376,4,9,58
5765,-107,47,90,376,4,9,57
5765,-107,34,90,376,3,9,57
5765,-107,38,90,376,3,10,58
5765,-107,56,90,376,2,9,58
5765,-107,47,90,376,4,8,57
5765,-107,52,90,376,4,10,58
5765,-107,37,90,376,3,11,58
5765,-107,38,90,376,4,9,58
5765,-107,34,90,376,4,11,58
5765,-107,72,90,376,3,8,56
5765,-107,37,90,376,4,9,57
5765,-107,39,90,376,3,8,57
5765,-107,35,90,376,2,8,57
5765,-107,39,90,376,4,11,59
5765,-107,53,90,376,3,10,58
5765,-107,41,90,376,4,10,58
5765,-107,35,90,376,4,11,59
5765,-107,39,90,376,2,9,57
5765,-107,45,90,376,5,11,58
5765,-107,41,90,376,3,9,57
5765,-107,35,89,376,4,12,57
5765,-107,47,90,376,3,9,59
5765,-107,46,90,376,5,10,58
5765,-107,47,90,376,4,8,57
5765,-107,35,90,376,3,9,58
5765,-107,33,90,376,4,10,58
5765,-107,44,90,376,5,10,59
5765,-107,71,90,376,5,9,58
5765,-107,46,90,376,4,9,58
5765,-107,33,90,376,5,12,59
5765,-107,44,90,376,4,7,56
5765,-107,45,90,376,5,9,58
5765,-107,48,90,376,4,9,57
5765,-107,41,89,376,5,11,57
5765,-107,29,89,377,4,10,57
5765,-107,30,90,376,4,8,57
5765,-107,46,90,376,4,9,58
5765,-107,36,89,376,5,9,57
5765,-107,51,90,376,4,9,58
5765,-107,63,90,376,5,8,57
5765,-107,35,90,376,5,10,57
5765,-107,39,90,376,3,9,57
5765,-107,64,90,376,3,9,58
5765,-107,39,90,376,4,10,58
5765,-107,53,90,376,4,10,59
5765,-107,33,90,376,4,10,58
5765,-107,31,90,376,3,11,59
5765,-107,50,90,376,4,9,58
5765,-107,34,90,376,4,11,58
5765,-107,32,90,376,3,10,58
5765,-107,63,90,376,5,9,58
5765,-107,37,90,376,4,9,57
5765,-107,55,90,376,3,8,57
5765,-107,56,90,376,3,9,57
5765,-107,42,90,376,4,9,58
5765,-107,41,90,376,3,9,57
5765,-107,46,90,376,4,11,57
5765,-107,58,90,376,4,10,58
5765,-107,37,90,376,4,10,57
5765,-107,70,90,376,4,10,58
5765,-107,32,89,376,5,9,56
5765,-107,35,90,376,4,9,57
5765,-107,33,90,376,5,9,58
5765,-107,45,90,376,5,10,57
5765,-107,33,90,376,2,9,58
5765,-107,49,90,376,3,9,57
5765,-107,45,89,376,5,9,56
5765,-107,62,90,376,4,8,57
5765,-107,85,90,376,3,10,58
5765,-107,38,90,376,5,9,57
5765,-107,36,90,376,4,9,58
5765,-107,49,90,376,3,10,58
5765,-107,58,90,376,4,9,58
5765,-107,55,90,376,5,10,58
5765,-107,46,90,376,2,8,58
5765,-107,57,90,376,5,9,58
5765,-107,29,89,376,5,8,56
5765,-107,42,90,376,5,9,57
5765,-107,33,90,376,4,8,57
5765,-107,24,88,378,5,8,55
5765,-107,37,89,377,4,8,57
5765,-107,34,89,376,4,8,55
5765,-107,56,90,376,4,9,58
5765,-107,41,90,376,3,11,58
5765,-107,45,90,376,3,9,58
5765,-107,45,90,376,5,9,57
5765,-107,38,89,376,5,9,57
5765,-107,30,90,376,3,7,57
5765,-107,44,90,376,4,10,58
5765,-107,36,90,376,5,10,58
5765,-107,33,90,376,5,10,58
5765,-107,51,90,376,4,9,57
5765,-107,51,90,376,6,10,59
5765,-107,51,90,376,3,10,58
5765,-107,27,89,376,5,8,57
5765,-107,38,90,376,5,9,58
5765,-107,39,89,376,5,9,57
5765,-107,54,90,376,4,10,57
5765,-107,32,90,376,4,10,57
5765,-107,59,90,376,4,10,58
5765,-107,58,90,376,4,10,58
5765,-107,57,90,376,4,8,58
5765,-107,68,90,376,3,9,57
5765,-107,57,90,376,4,10,58
5765,-107,29,89,376,5,10,56
5765,-107,50,90,376,4,9,57
5765,-107,30,90,376,3,8,57
5765,-107,34,90,376,5,9,57
5765,-107,56,90,376,5,9,57
5765,-107,55,90,376,4,11,59
5765,-107,34,90,376,4,10,57
5765,-107,49,90,376,5,10,58
5765,-107,40,90,376,4,9,57
5765,-107,66,86,380,6,60,53
5765,-107,50,90,376,4,9,59
5765,-107,36,89,376,4,10,57
5765,-107,46,89,377,4,9,56
5765,-107,37,90,376,5,10,58
5765,-107,46,90,376,4,8,58
5765,-107,59,90,376,2,10,58
5765,-107,51,90,376,3,9,58
5765,-107,33,90,376,5,8,57
5765,-107,47,87,378,4,9,56
5765,-107,42,87,378,5,8,56
5765,-107,42,87,378,5,9,56
5765,-107,47,87,378,5,9,57
5765,-107,49,87,378,5,9,56
5765,-107,52,87,378,4,9,55
5765,-107,43,87,378,4,10,56
5765,-107,44,87,378,4,9,56
5765,-107,41,87,378,4,9,57
5765,-107,45,87,378,4,9,56
5765,-107,41,87,378,5,10,56
5765,-107,41,87,378,5,8,56
5765,-107,57,87,378,4,9,56
5765,-107,53,87,378,4,10,56
5765,-107,46,87,378,5,10,55
5765,-107,42,87,378,4,8,55
5765,-107,47,87,378,4,10,56
5765,-107,49,87,378,6,10,56
5765,-107,49,87,378,5,10,56
5765,-107,43,87,378,5,8,55
5765,-107,44,87,378,5,10,57
5765,-107,34,87,378,3,9,55
5765,-107,37,87,378,4,9,56
5765,-107,40,87,378,5,9,55
5765,-107,48,87,378,5,10,57
5765,-107,50,87,378,5,8,54
5765,-107,46,87,378,5,8,55
5765,-107,51,87,378,5,11,56
5765,-107,44,87,378,3,10,55
5765,-107,47,87,378,5,10,56
5765,-107,49,87,378,3,9,55
5765,-107,45,87,378,5,10,56
5765,-107,46,87,378,3,8,56
5765,-107,36,87,378,5,8,56
5765,-107,52,87,378,4,10,57
5765,-107,50,87,378,4,9,56
5765,-107,46,87,378,4,10,57
5765,-107,33,87,378,5,8,55
5765,-107,29,87,378,4,8,56
5765,-107,44,87,378,5,9,56
5765,-107,32,87,378,5,9,55
5765,-107,59,87,378,4,11,57
5765,-107,34,87,378,4,8,56
5765,-107,61,87,378,5,10,56
5765,-107,45,87,378,5,9,55
5765,-107,29,87,378,5,10,56
5765,-107,37,87,378,3,10,55
5765,-107,51,87,378,4,9,56
5765,-107,32,87,378,5,8,55
5765,-107,54,87,378,4,10,57
5765,-107,33,87,378,4,9,55
5765,-107,51,87,378,7,10,56
5765,-107,39,87,378,3,8,55
5765,-107,32,87,378,5,11,56
5765,-107,38,87,378,5,9,55
5765,-107,53,87,378,6,8,57
5765,-107,45,87,378,6,10,55
5765,-107,47,87,378,3,10,57
5765,-107,40,87,378,4,9,56
5765,-107,39,87,378,3,8,55
5765,-107,43,87,378,5,9,55
5765,-107,55,87,378,4,9,55
5765,-107,41,87,378,3,9,56
5765,-107,29,87,378,6,9,56
5765,-107,49,87,378,4,8,55
5765,-107,52,87,378,5,10,55
5765,-107,35,87,378,4,12,57
5765,-107,39,87,378,4,8,56
5765,-107,36,87,378,4,9,56
5765,-107,35,87,378,4,9,55
5765,-107,56,87,378,5,11,56
5765,-107,32,87,378,4,10,56
5765,-107,50,87,378,4,9,56
5765,-107,47,87,378,3,10,56
5765,-107,37,87,378,3,10,56
5765,-107,41,87,378,3,8,55
5765,-107,31,87,378,3,11,56
5765,-107,43,87,378,4,9,55
5765,-107,32,87,378,5,9,55
5765,-107,57,87,378,4,10,56
5765,-107,58,87,378,4,10,56
5765,-107,43,87,378,4,8,55
5765,-107,58,87,378,6,9,56
5765,-107,52,87,378,5,10,56
5765,-107,43,87,378,4,10,56
5765,-107,32,87,378,5,8,54
5765,-107,50,87,378,4,10,56
5765,-107,36,87,378,5,8,56
5765,-107,57,87,378,5,9,56
5765,-107,41,87,378,5,10,57
5765,-107,31,87,378,5,8,56
5765,-107,53,87,378,5,7,55
5765,-107,61,87,378,5,10,56
5765,-107,58,87,378,3,11,56
5765,-107,46,87,378,4,10,57
5765,-107,57,86,379,10,13,59
5765,-107,41,87,378,5,10,56
5765,-107,39,87,378,4,8,55
5765,-107,48,87,378,5,9,55
5765,-107,50,87,378,3,9,56
5765,-107,51,87,378,4,9,56
5765,-107,39,87,378,4,9,56
5765,-107,61,87,378,5,9,55
5765,-107,52,87,378,2,8,55
5765,-107,43,87,378,5,8,56
5765,-107,45,87,378,3,11,57
5765,-107,47,87,378,5,10,56
5765,-107,65,87,378,3,6,56
5765,-107,35,87,378,4,9,56
5765,-107,51,87,378,4,10,57
5765,-107,41,87,378,3,10,56
5765,-107,46,87,378,5,8,56
5765,-107,35,87,378,4,10,56
5765,-107,31,87,378,4,8,56
5765,-107,45,87,378,5,10,56
5765,-107,38,87,378,4,10,56
5765,-107,49,87,378,5,10,56
5765,-107,46,87,378,4,10,56
5765,-107,39,87,378,4,9,56
5765,-107,35,87,378,5,10,55
5765,-107,32,87,378,5,8,55
5765,-107,38,87,378,3,11,56
5765,-107,44,87,378,4,12,57
5765,-107,46,87,378,4,10,55
5765,-107,46,87,378,3,7,55
5765,-107,26,87,378,5,9,54
5765,-107,39,87,378,4,8,56
5765,-107,46,87,378,4,9,56
5765,-107,46,87,378,2,11,57
5765,-107,42,87,378,5,10,57
5765,-107,34,87,378,4,8,56
5765,-107,36,87,378,4,9,56
5765,-107,35,87,378,5,11,57
5765,-107,41,87,378,4,10,56
5765,-107,36,87,378,5,10,56
5765,-107,34,87,378,4,9,55
5765,-107,45,87,378,5,9,56
5765,-107,50,87,378,4,9,57
5765,-107,39,87,378,4,9,57
5765,-107,40,87,378,4,11,56
5765,-107,47,87,378,5,9,56
5765,-107,41,87,378,4,10,56
5765,-107,31,87,378,5,4,56
5765,-107,37,87,378,5,10,56
5765,-107,31,87,378,4,9,55
5765,-107,26,87,378,4,9,56
5765,-107,52,87,378,5,9,55
5765,-107,38,87,378,4,8,56
5765,-107,45,87,378,5,11,56
5765,-107,38,87,378,4,8,55
5765,-107,35,87,378,5,4,55
5765,-107,29,87,378,4,7,54
5765,-107,36,87,378,4,10,56
5765,-107,30,87,378,4,9,56
5765,-107,54,87,378,4,8,56
5765,-107,41,87,378,3,10,57
5765,-107,39,87,378,3,10,55
5765,-107,43,87,378,5,8,56
5765,-107,59,87,378,5,7,56
5765,-107,60,87,378,3,9,57
5765,-107,44,87,378,5,10,56
5765,-107,43,87,378,5,10,56
5765,-107,46,87,378,4,8,55
5765,-107,61,87,378,5,9,57
5765,-107,34,87,378,6,9,56
5765,-107,52,87,378,4,9,57
5765,-107,31,87,378,4,9,56
5765,-107,46,87,378,5,8,55
5765,-107,40,87,378,4,10,57
5765,-107,36,87,378,4,9,57
5765,-107,34,87,378,5,9,55
5765,-107,46,87,378,4,9,56
5765,-107,62,87,378,6,9,55
5765,-107,38,87,378,4,9,55
5765,-107,41,87,378,3,10,56
5765,-107,36,87,378,4,10,56
5765,-107,38,87,378,5,9,56
5765,-107,51,87,378,4,11,57
5765,-107,43,87,378,3,9,56
5765,-107,48,87,378,3,9,55
5765,-107,40,87,378,5,9,55
5765,-107,45,87,378,4,9,56
5765,-107,52,87,378,4,8,56
5765,-107,38,87,378,4,8,55
5765,-107,39,87,378,4,8,55
5765,-107,43,87,378,5,9,56
5765,-107,60,87,378,5,8,55
5765,-107,51,87,378,4,9,55
5765,-107,46,87,378,5,9,55
5765,-107,53,87,378,3,9,57
5765,-107,43,87,378,4,10,57
5765,-107,63,87,378,5,9,55
5765,-107,52,87,378,4,11,57
5765,-107,52,87,378,2,10,57
5765,-107,46,87,378,5,8,56
5765,-107,43,87,378,5,6,54
5765,-107,36,87,378,5,9,56
5765,-107,40,87,378,4,8,55
5765,-107,50,87,378,4,9,56
5765,-107,48,87,378,5,9,56
5765,-107,53,87,378,6,10,56
5765,-107,45,87,378,4,10,55
5765,-107,31,87,378,4,9,55
5765,-107,35,87,378,5,9,55
5765,-107,28,87,378,4,9,55
5765,-107,47,87,378,4,10,56
5765,-107,55,87,378,4,8,55
5765,-107,34,87,378,5,9,56
5765,-107,45,87,378,5,10,57
5765,-107,50,87,378,5,11,56
5765,-107,52,87,378,3,10,56
5765,-107,48,87,378,5,10,56
5765,-107,39,87,378,4,9,56
5765,-107,42,87,378,5,10,57
5765,-107,40,87,378,4,10,56
5765,-107,45,87,378,4,11,56
5765,-107,58,87,378,3,9,56
5765,-107,37,87,378,6,9,56
5765,-107,31,87,378,5,10,57
5765,-107,49,87,378,5,8,55
5765,-107,54,87,378,5,10,57
5765,-107,34,87,378,4,9,55
5765,-107,50,87,378,5,11,56
5765,-107,61,87,378,5,10,56
5765,-107,41,87,378,4,8,55
5765,-107,37,87,378,5,8,55
5765,-107,50,87,378,3,8,56
5765,-107,34,87,378,4,9,55
5765,-107,48,87,378,3,9,56
5765,-107,49,87,378,4,11,56
5765,-107,46,87,378,4,8,55
5765,-107,37,87,378,5,9,55
5765,-107,46,87,378,3,6,54
5765,-107,44,87,378,4,7,55
5765,-107,47,87,378,5,10,55
5765,-107,48,87,378,5,10,56
5765,-107,43,87,378,6,9,55
5765,-107,31,87,378,4,9,56
5765,-107,48,87,378,3,9,56
5765,-107,41,87,378,4,11,57
5765,-107,41,87,378,4,9,54
5765,-107,32,87,378,4,9,55
5765,-107,52,87,378,4,8,56
5765,-107,40,87,378,5,11,56
5765,-107,35,87,378,4,7,55
5765,-107,47,87,378,5,9,55
5765,-107,41,87,378,4,10,56
5765,-107,27,87,378,4,10,55
5765,-107,40,87,378,3,9,55
5765,-107,56,87,378,5,7,55
5765,-107,37,87,378,4,3,56
5765,-107,44,87,378,4,10,55
5765,-107,36,87,378,4,4,56
5765,-107,44,87,378,2,11,57
5765,-107,47,87,378,4,10,56
5765,-107,43,87,378,6,11,57
5765,-107,31,87,378,4,9,56
5765,-107,54,87,378,5,10,56
5765,-107,29,87,378,5,9,56
5765,-107,48,87,378,5,8,55
5765,-107,32,87,378,3,8,54
5765,-107,52,87,378,3,9,56
5765,-107,43,87,378,5,7,54
5765,-107,41,87,378,5,5,55
5765,-107,42,87,378,4,10,56
5765,-107,47,87,378,3,9,56
5765,-107,52,87,378,4,9,55
5765,-107,63,87,378,5,8,56
5765,-107,41,87,378,4,10,56
5765,-107,34,87,378,3,10,55
5765,-107,31,87,378,5,11,55
5765,-107,56,87,378,4,9,55
5765,-107,34,87,378,5,7,56
5765,-107,35,87,378,4,10,57
5765,-107,31,87,378,3,11,57
5765,-107,38,87,378,4,8,56
5765,-107,50,87,378,5,10,56
5765,-107,46,87,378,4,9,55
5765,-107,26,87,378,3,10,56
5765,-107,26,87,378,4,8,54
5765,-107,65,87,378,4,9,56
5765,-107,41,87,378,5,11,56
5765,-107,39,87,378,5,10,55
5765,-107,35,87,378,5,9,56
5765,-107,36,87,378,4,10,56
5765,-107,44,87,378,4,10,56
5765,-107,47,87,378,5,10,55
5765,-107,40,87,378,5,12,57
5765,-107,39,87,378,5,9,56
5765,-107,34,87,378,5,7,55
5765,-107,37,87,378,4,7,55
5765,-107,44,87,378,5,10,57
5765,-107,45,87,378,4,9,55
5765,-107,36,87,378,5,9,55
5765,-107,30,87,378,4,8,54
5765,-107,41,87,378,3,10,56
5765,-107,46,87,378,4,10,57
5765,-107,24,87,378,5,8,54
5765,-107,49,87,378,4,8,55
5765,-107,39,87,378,5,10,56
5765,-107,42,87,378,4,10,56
5765,-107,54,87,378,3,9,57
5765,-107,50,87,378,4,10,56
5765,-107,34,87,378,5,11,56
5765,-107,54,87,378,4,9,56
5765,-107,50,87,378,4,9,56
5765,-107,40,87,378,4,9,56
5765,-107,36,87,378,4,9,55
5765,-107,41,87,378,6,8,56
5765,-107,58,87,378,5,9,56
5765,-107,36,87,378,4,9,56
5765,-107,47,87,378,5,10,57
5765,-107,40,87,378,4,10,55
5765,-107,64,87,378,4,10,56
5765,-107,44,87,378,6,9,56
5765,-107,55,87,378,4,8,56
5765,-107,46,87,378,5,5,56
5765,-107,46,87,378,4,5,57
5765,-107,59,87,378,5,5,56
5765,-107,69,87,378,4,5,55
5765,-107,43,87,378,4,9,56
5765,-107,37,87,378,4,9,56
5765,-107,53,87,378,4,11,56
5765,-107,46,87,378,4,10,56
5765,-107,59,87,378,6,10,57
5765,-107,54,87,378,4,9,55
5765,-107,39,87,378,4,9,55
5765,-107,47,87,378,3,10,56
5765,-107,40,87,378,5,11,56
5765,-107,46,87,378,5,9,56
5765,-107,50,87,378,4,8,56
5765,-107,45,87,378,5,9,55
5765,-107,32,87,378,4,7,55
5765,-107,56,87,378,4,10,56
5765,-107,36,87,378,4,9,56
5765,-107,40,87,378,4,9,57
5765,-107,53,87,378,5,9,56
5765,-107,52,87,378,4,9,54
5765,-107,42,87,378,4,9,56
5765,-107,61,86,379,5,60,55
5765,-107,41,85,381,4,62,53
5765,-107,73,85,381,6,62,53
5765,-107,77,86,379,5,61,55
5765,-107,38,83,383,7,63,52
5765,-107,52,84,381,5,11,55
5765,-107,46,84,381,4,10,54
5765,-107,55,84,381,5,9,54
5765,-107,43,84,381,3,7,54
5765,-107,34,84,381,6,9,54
5765,-107,42,84,381,5,10,54
5765,-107,46,84,381,4,9,54
5765,-107,49,84,381,5,10,53
5765,-107,52,84,381,6,10,54
5765,-107,45,84,381,6,10,54
5765,-107,53,84,381,6,10,54
5765,-107,45,84,381,5,9,54
5765,-107,43,84,381,7,9,53
5765,-107,52,84,381,4,9,53
5765,-107,54,84,381,7,10,54
5765,-107,48,84,381,5,10,54
5765,-107,47,84,381,6,9,54
5765,-107,39,84,381,6,11,54
5765,-107,45,84,381,6,11,55
5765,-107,42,84,381,4,9,53
5765,-107,52,84,381,5,9,53
5765,-107,45,84,381,5,9,54
5765,-107,45,84,381,7,9,52
5765,-107,48,84,381,4,10,54
5765,-107,41,84,381,5,9,54
5765,-107,50,84,381,5,9,54
5765,-107,52,84,381,6,9,54
5765,-107,37,84,381,6,10,54
5765,-107,59,84,381,6,8,53
5765,-107,45,84,381,5,8,54
5765,-107,50,84,381,6,7,53
5765,-107,47,84,381,5,8,53
5765,-107,44,84,381,5,11,54
5765,-107,44,84,381,5,6,53
5765,-107,47,84,381,5,10,54
5765,-107,39,84,381,6,9,53
5765,-107,43,84,381,5,9,55
5765,-107,48,84,381,6,11,54
5765,-107,43,84,381,7,8,53
5765,-107,56,84,381,4,8,53
5765,-107,39,84,381,5,11,54
5765,-107,46,84,381,5,10,54
5765,-107,37,84,381,4,12,54
5765,-107,49,84,381,6,10,54
5765,-107,40,84,381,5,11,54
5765,-107,43,84,381,6,11,55
5765,-107,57,84,381,6,9,53
5765,-107,37,84,381,7,9,53
5765,-107,44,84,381,6,11,55
5765,-107,44,84,381,4,12,54
5765,-107,43,84,381,5,9,53
5765,-107,52,84,381,6,9,53
5765,-107,46,84,381,4,9,54
5765,-107,50,84,381,5,10,54
5765,-107,58,84,381,6,8,54
5765,-107,48,84,381,4,8,54
5765,-107,37,84,381,6,8,53
5765,-107,36,84,381,5,9,53
5765,-107,49,84,381,5,9,54
5765,-107,42,84,381,5,8,53
5765,-107,38,84,381,4,9,54
5765,-107,56,84,381,7,9,54
5765,-107,39,84,381,5,7,53
5765,-107,40,84,381,4,10,54
5765,-107,42,84,381,4,8,53
5765,-107,48,84,381,6,9,53
5765,-107,50,84,381,5,10,54
5765,-107,52,84,381,6,10,54
5765,-107,43,84,381,6,12,55
5765,-107,42,84,381,5,10,54
5765,-107,55,84,381,5,10,55
5765,-107,48,84,381,6,10,54
5765,-107,32,84,381,4,9,53
5765,-107,54,84,381,5,9,54
5765,-107,32,84,381,5,8,53
5765,-107,57,84,381,4,10,53
5765,-107,36,84,381,5,10,54
5765,-107,37,84,381,6,9,54
5765,-107,41,84,381,6,10,54
5765,-107,56,84,381,6,9,54
5765,-107,52,84,381,6,10,54
5765,-107,52,84,381,6,61,54
5765,-107,45,84,381,6,11,53
5765,-107,56,84,381,5,11,55
5765,-107,41,84,381,5,10,53
5765,-107,40,84,381,5,9,54
5765,-107,41,84,381,6,9,54
5765,-107,49,84,381,4,8,53
5765,-107,45,84,381,5,9,54
5765,-107,54,84,381,5,9,54
5765,-107,54,84,381,6,11,54
5765,-107,53,84,381,6,11,54
5765,-107,46,84,381,7,8,54
5765,-107,53,84,381,4,8,53
5765,-107,44,84,381,6,9,54
5765,-107,51,84,381,5,10,54
5765,-107,41,84,381,6,10,54
5765,-107,48,84,381,7,12,54
5765,-107,44,84,381,5,8,53
5765,-107,45,84,381,5,10,54
5765,-107,52,84,381,5,10,54
5765,-107,59,84,381,6,8,54
5765,-107,41,84,381,5,9,54
5765,-107,40,84,381,6,9,53
5765,-107,63,84,381,5,10,54
5765,-107,42,84,381,4,11,54
5765,-107,44,84,381,5,9,53
5765,-107,43,84,381,5,8,53
5765,-107,58,84,381,5,10,55
5765,-107,52,84,381,6,11,54
5765,-107,35,84,381,5,9,53
5765,-107,37,84,381,4,8,53
5765,-107,48,84,381,6,9,53
5765,-107,49,84,381,6,9,54
5765,-107,43,84,381,6,9,53
5765,-107,55,84,381,6,9,54
5765,-107,49,84,381,7,10,54
5765,-107,46,84,381,6,9,54
5765,-107,55,84,381,4,9,54
5765,-107,38,84,381,6,9,53
5765,-107,57,84,381,6,10,53
5765,-107,41,84,381,6,11,54
5765,-107,38,84,381,6,8,54
5765,-107,54,84,381,6,9,54
5765,-107,48,84,381,6,9,54
5765,-107,44,84,381,6,12,54
5765,-107,50,84,381,4,9,54
5765,-107,52,84,381,4,8,53
5765,-107,50,84,381,4,5,54
5765,-107,43,84,381,6,10,53
5765,-107,46,84,381,6,8,53
5765,-107,42,84,381,6,8,53
5765,-107,50,84,381,6,8,54
5765,-107,28,84,381,6,10,53
5765,-107,54,84,381,6,10,54
5765,-107,57,84,381,5,9,54
5765,-107,54,84,381,6,10,54
5765,-107,52,84,381,6,8,53
5765,-107,46,84,381,5,9,54
5765,-107,47,84,381,5,10,54
5765,-107,42,84,381,5,8,53
5765,-107,41,84,381,6,7,53
5765,-107,36,84,381,4,10,54
5765,-107,47,84,381,5,9,54
5765,-107,51,84,381,6,10,54
5765,-107,48,84,381,5,9,53
5765,-107,48,84,381,5,9,54
5765,-107,35,87,379,7,9,54
5765,-107,42,87,379,4,9,56
5765,-107,54,87,379,5,8,55
5765,-107,48,87,379,5,9,56
5765,-107,39,87,379,5,9,56
5765,-107,32,87,379,5,9,56
5765,-107,57,87,379,4,9,56
5765,-107,39,87,379,5,10,56
5765,-107,51,87,379,3,10,56
5765,-107,32,87,379,5,9,54
5765,-107,30,87,379,4,11,56
5765,-107,57,87,379,5,10,57
5765,-107,39,87,379,6,10,56
5765,-107,52,87,379,5,7,55
5765,-107,59,87,379,6,10,57
5765,-107,45,87,379,4,9,56
5765,-107,50,87,379,5,9,55
5765,-107,35,87,379,4,10,56
5765,-107,59,87,379,6,10,56
5765,-107,35,87,379,5,10,56
5765,-107,42,87,379,5,10,56
5765,-107,45,87,379,5,9,56
5765,-107,33,87,379,4,10,56
5765,-107,46,87,379,4,9,56
5765,-107,38,87,379,4,10,56
5765,-107,55,87,379,4,11,56
5765,-107,37,87,379,5,9,56
5765,-107,46,87,379,6,10,57
5765,-107,43,87,379,6,10,56
5765,-107,51,87,379,5,9,56
5765,-107,39,87,379,5,10,55
5765,-107,49,87,379,5,13,57
5765,-107,54,87,379,4,9,56
5765,-107,39,87,379,5,9,56
5765,-107,50,87,379,4,11,56
5765,-107,45,87,379,4,9,56
5765,-107,40,87,379,3,9,56
5765,-107,48,87,379,5,8,55
5765,-107,47,87,379,4,10,56
5765,-107,52,87,379,5,8,55
5765,-107,42,87,379,5,11,56
5765,-107,43,87,379,5,10,56
5765,-107,45,87,379,6,7,55
5765,-107,38,87,379,5,10,57
5765,-107,44,87,379,5,9,57
5765,-107,41,87,379,3,9,57
5765,-107,52,87,379,4,11,56
5765,-107,36,87,379,5,9,55
5765,-107,56,87,379,5,10,56
5765,-107,49,87,379,6,10,56
5765,-107,33,87,379,5,8,55
5765,-107,34,87,379,5,10,55
5765,-107,49,87,379,4,10,56
5765,-107,36,87,379,5,9,55
5765,-107,44,87,379,4,11,56
5765,-107,54,87,379,7,10,56
5765,-107,60,87,379,3,10,56
5765,-107,47,87,379,5,12,57
5765,-107,35,87,379,7,9,55
5765,-107,70,87,379,4,10,56
5765,-107,51,87,379,5,9,56
5765,-107,53,87,379,5,9,56
5765,-107,43,87,379,5,8,55
5765,-107,36,87,379,5,10,56
5765,-107,56,87,379,5,10,56
5765,-107,38,87,379,5,8,56
5765,-107,52,87,379,5,10,56
5765,-107,50,87,379,5,9,56
5765,-107,47,87,379,2,9,56
5765,-107,37,87,379,6,8,56
5765,-107,54,87,379,4,9,56
5765,-107,38,87,379,3,7,55
5765,-107,61,87,379,5,4,56
5765,-107,52,86,379,6,6,55
5765,-107,25,87,379,5,8,56
5765,-107,45,87,379,6,9,56
5765,-107,54,86,379,6,0,55
5765,-107,45,87,379,5,63,56
5765,-107,56,86,380,5,63,54
5765,-107,48,87,379,4,0,55
5765,-107,48,87,379,5,9,56
5805,-108,46,87,380,6,9,54
5805,-108,51,87,380,6,7,55
5805,-108,39,87,380,5,8,54
5805,-108,50,87,380,5,9,55
5805,-108,43,87,380,6,9,54
5805,-108,51,87,380,7,9,55
5805,-108,63,87,380,6,9,55
5805,-108,40,87,380,5,11,55
5805,-108,34,87,380,6,10,56
5805,-108,47,87,380,6,8,56
5805,-108,46,87,380,5,9,55
5805,-108,61,87,380,4,10,56
5805,-108,46,87,380,7,10,55
5805,-108,42,87,380,6,9,54
5805,-108,48,87,380,5,10,55
5805,-108,52,87,380,5,9,56
5805,-108,40,87,380,6,9,56
5805,-108,45,87,380,6,10,55
5805,-108,48,87,380,4,10,55
5805,-108,53,87,380,5,9,55
5805,-108,43,87,380,6,10,55
5805,-108,49,87,380,6,8,54
5805,-108,53,87,380,5,8,54
5805,-108,40,87,380,4,9,55
5805,-108,41,87,380,6,10,55
5805,-108,38,87,380,5,11,56
5805,-108,39,87,380,6,9,55
5805,-108,51,87,380,5,10,55
5805,-108,55,87,380,6,10,55
5805,-108,44,87,380,6,10,55
5805,-108,35,87,380,5,11,56
5805,-108,28,87,380,5,11,55
5805,-108,46,87,380,6,8,55
5805,-108,58,87,380,6,10,56
5805,-108,27,87,380,6,9,55
5805,-108,48,87,380,5,9,56
5805,-108,38,87,380,6,10,55
5805,-108,40,87,380,6,9,54
5805,-108,43,87,380,5,9,55
5805,-108,40,87,380,5,10,56
5805,-108,50,87,380,5,10,55
5805,-108,44,87,380,6,7,55
5805,-108,36,87,380,6,10,55
5805,-108,43,87,380,5,10,56
5805,-108,53,87,380,4,13,57
5805,-108,32,87,380,5,9,54
5805,-108,52,87,380,7,9,55
5805,-108,26,87,380,5,9,55
5805,-108,35,87,380,4,7,54
5805,-108,49,87,380,6,11,56
5805,-108,60,87,380,7,9,55
5805,-108,58,87,380,6,10,56
5805,-108,49,87,380,5,12,56
5805,-108,55,87,380,7,7,55
5805,-108,36,87,380,5,12,56
5805,-108,34,87,380,6,8,54
5805,-108,39,87,380,5,10,54
5805,-108,38,87,380,6,9,55
5805,-108,45,87,380,6,9,54
5805,-108,62,87,380,6,10,55
5805,-108,34,87,380,5,9,54
5805,-108,40,87,380,5,9,55
5805,-108,50,87,380,5,10,56
5805,-108,42,87,380,5,9,55
5805,-108,51,87,380,5,8,54
5805,-108,47,87,380,5,10,55
5805,-108,44,87,380,6,10,55
5805,-108,57,87,380,5,10,55
5805,-108,39,87,380,6,12,56
5805,-108,37,87,380,5,10,55
5805,-108,37,87,380,5,9,55
5805,-108,63,87,380,5,8,54
5805,-108,54,87,380,4,7,55
5805,-108,45,87,380,5,9,55
5805,-108,47,87,380,6,10,56
5805,-108,39,87,380,5,10,55
5805,-108,35,87,380,6,8,54
5805,-108,40,87,380,4,12,56
5805,-108,71,87,380,6,9,56
5805,-108,32,87,380,6,8,55
5805,-108,38,87,380,6,10,55
5805,-108,33,87,380,6,10,55
5805,-108,37,87,380,7,11,56
5805,-108,24,87,380,5,9,54
5805,-108,58,87,380,7,10,55
5805,-108,46,87,380,6,9,56
5805,-108,38,87,380,6,8,55
5805,-108,48,87,380,5,11,56
5805,-108,51,87,380,5,9,54
5805,-108,45,87,380,5,8,54
5805,-108,36,87,380,5,10,55
5805,-108,44,87,380,5,9,55
5805,-108,38,87,380,5,8,55
5805,-108,40,87,380,8,10,54
5805,-108,54,87,380,4,11,55
5805,-108,41,87,380,6,10,55
5805,-108,50,87,380,7,9,54
5805,-108,31,87,380,4,11,56
5805,-108,48,87,380,4,8,54
5805,-108,55,87,380,6,9,54
5805,-108,57,87,380,6,8,55
5805,-108,36,87,380,5,11,56
5805,-108,50,87,380,6,8,55
5805,-108,54,87,380,4,9,55
5805,-108,48,87,380,5,8,54
5805,-108,36,87,380,4,11,55
5805,-108,45,87,380,5,9,55
5805,-108,47,87,380,6,9,55
5805,-108,40,87,380,4,9,54
5805,-108,44,87,380,3,11,56
5805,-108,55,87,380,5,10,55
5805,-108,36,87,380,6,9,54
5805,-108,44,87,380,6,9,55
5805,-108,49,87,380,5,10,55
5805,-108,47,87,380,6,10,55
5805,-108,55,87,380,5,9,55
5805,-108,51,87,380,5,8,55
5805,-108,53,87,380,5,11,55
5805,-108,60,87,380,6,12,56
5805,-108,34,87,380,5,9,55
5805,-108,46,87,380,5,9,55
5805,-108,40,87,380,4,11,56
5805,-108,58,87,380,6,8,54
5805,-108,39,87,380,6,10,55
5805,-108,46,87,380,6,10,56
5805,-108,56,87,380,4,10,55
5805,-108,60,87,380,6,9,55
5805,-108,48,87,380,6,9,55
5805,-108,47,87,380,7,10,56
5805,-108,43,87,380,6,8,54
5805,-108,51,87,380,5,8,54
5805,-108,48,87,380,6,10,55
5805,-108,51,87,380,4,9,55
5805,-108,52,87,380,5,9,55
5805,-108,40,87,380,6,9,54
5805,-108,56,87,380,5,11,56
5805,-108,47,87,380,5,8,54
5805,-108,43,87,380,5,8,55
5805,-108,51,87,380,5,9,55
5805,-108,32,87,380,6,9,56
5805,-108,45,87,380,5,8,54
5805,-108,59,87,380,6,8,54
5805,-108,44,87,380,5,9,54
5805,-108,52,87,380,5,10,54
5805,-108,60,87,380,5,9,56
5805,-108,45,87,380,4,9,55
5805,-108,31,87,380,5,11,55
5805,-108,47,87,380,6,9,55
5805,-108,44,87,380,7,10,55
5805,-108,67,87,380,6,10,56
5805,-108,37,87,380,6,9,54
5805,-108,40,87,380,6,10,55
5805,-108,46,87,380,6,9,55
5805,-108,49,87,380,4,11,55
5805,-108,39,87,380,5,9,55
5805,-108,57,87,380,6,11,55
5805,-108,39,87,380,6,8,54
5805,-108,55,87,380,6,10,55
5805,-108,54,87,380,6,10,55
5805,-108,44,87,380,6,8,55
5805,-108,39,87,380,4,11,55
5805,-108,55,87,380,4,10,56
5805,-108,42,87,380,5,9,55
5805,-108,49,87,380,4,11,57
5805,-108,49,87,380,5,9,54
5805,-108,39,87,380,4,10,55
5805,-108,36,87,380,6,9,55
5805,-108,53,87,380,6,11,56
5805,-108,41,87,380,5,8,55
5805,-108,41,87,380,7,9,54
5805,-108,58,87,380,6,9,56
5805,-108,47,87,380,6,8,55
5805,-108,52,87,380,5,10,55
5805,-108,41,87,380,4,8,54
5805,-108,58,87,380,6,9,55
5805,-108,51,87,380,7,10,55
5805,-108,41,87,380,5,11,56
5805,-108,47,87,380,5,9,55
5805,-108,41,87,380,6,8,54
5805,-108,43,87,380,5,11,55
5805,-108,47,87,380,6,8,54
5805,-108,34,87,380,6,8,55
5805,-108,41,87,380,5,9,55
5805,-108,41,87,380,6,8,54
5805,-108,53,87,380,4,9,56
5805,-108,50,87,380,5,8,55
5805,-108,48,87,380,6,11,55
5805,-108,57,87,380,5,8,55
5805,-108,32,87,380,5,9,54
5805,-108,43,87,380,6,10,56
5805,-108,57,87,380,5,9,56
5805,-108,40,87,380,5,9,55
5805,-108,48,87,380,5,9,54
5805,-108,53,87,380,4,9,55
5805,-108,48,87,380,5,8,55
5805,-108,39,87,380,5,8,54
5805,-108,49,87,380,5,9,54
5805,-108,36,87,380,5,11,56
5805,-108,50,87,380,6,12,56
5805,-108,50,87,380,5,11,56
5805,-108,50,87,380,6,9,55
5805,-108,41,87,380,4,7,54
5805,-108,56,87,380,5,8,55
5805,-108,49,87,380,5,11,56
5805,-108,39,87,380,5,9,54
5805,-108,35,87,380,6,7,54
5805,-108,56,87,380,6,9,54
5805,-108,48,87,380,6,9,55
5805,-108,59,87,380,5,9,55
5805,-108,52,87,380,4,10,55
5805,-108,39,87,380,5,10,55
5805,-108,49,87,380,5,8,56
5805,-108,46,87,380,6,10,55
5805,-108,37,87,380,5,11,55
5805,-108,54,87,380,6,10,55
5805,-108,42,87,380,5,8,53
5805,-108,50,87,380,6,10,55
5805,-108,54,87,380,5,10,56
5805,-108,44,87,380,6,9,55
5805,-108,47,87,380,6,10,55
5805,-108,39,87,380,6,10,56
5805,-108,58,87,380,5,8,55
5805,-108,66,87,380,6,8,54
5805,-108,50,87,380,5,10,56
5805,-108,43,87,380,5,10,55
5805,-108,38,87,380,6,10,56
5805,-108,48,87,380,5,12,56
5805,-108,51,87,380,6,8,54
5805,-108,52,87,380,5,10,55
5805,-108,31,87,380,6,9,55
5805,-108,41,87,380,5,9,55
5805,-108,41,87,380,4,11,55
5805,-108,41,87,380,6,9,55
5805,-108,55,87,380,5,8,54
5805,-108,57,87,380,5,9,55
5805,-108,40,87,380,5,9,54
5805,-108,45,87,380,6,7,55
5805,-108,53,87,380,6,7,55
5805,-108,53,87,380,7,9,55
5805,-108,42,87,380,6,8,54
5805,-108,59,87,380,5,9,56
5805,-108,49,87,380,6,10,54
5805,-108,54,87,380,6,11,56
5805,-108,58,87,380,6,9,55
5805,-108,56,87,380,5,11,57
5805,-108,46,87,380,4,10,56
5805,-108,46,87,380,5,8,55
5805,-108,47,87,380,5,9,55
5805,-108,44,87,380,6,10,55
5805,-108,65,87,380,8,10,55
5805,-108,51,87,380,6,9,54
5805,-108,39,87,380,5,9,55
5805,-108,50,87,380,6,9,55
5805,-108,48,87,380,6,10,56
5805,-108,52,87,380,6,9,55
5805,-108,56,87,380,5,10,55
5805,-108,49,87,380,5,9,55
5805,-108,59,87,380,5,8,55
5805,-108,49,87,380,4,9,54
5805,-108,58,87,380,4,10,56
5805,-108,53,87,380,6,10,56
5805,-108,51,87,380,6,9,55
5805,-108,52,87,380,6,10,56
5805,-108,35,87,380,6,10,56
5805,-108,59,87,380,5,7,54
5805,-108,47,87,380,5,11,56
5805,-108,40,87,380,5,7,54
5805,-108,48,87,380,6,9,55
5805,-108,55,87,380,5,9,55
5805,-108,43,87,380,5,8,54
5805,-108,46,87,380,6,9,54
5805,-108,48,87,380,5,7,55
5805,-108,53,87,380,5,10,55
5805,-108,44,87,380,6,9,55
5805,-108,41,87,380,4,8,55
5805,-108,35,87,380,6,9,55
5805,-108,40,87,380,5,10,55
5805,-108,50,87,380,5,9,55
5805,-108,27,87,380,5,10,56
5805,-108,58,87,380,6,10,55
5805,-108,47,87,380,6,10,56
5805,-108,50,87,380,7,10,55
5805,-108,56,87,380,6,10,56
5805,-108,45,87,380,5,9,55
5805,-108,43,87,380,5,9,54
5805,-108,48,87,380,6,9,55
5805,-108,33,87,380,5,10,55
5805,-108,46,87,380,6,11,56
5805,-108,48,87,380,5,8,55
5805,-108,34,87,380,7,11,55
5805,-108,43,87,380,6,10,55
5805,-108,48,87,380,5,9,55
5805,-108,43,87,380,5,9,54
5805,-108,56,87,380,4,8,54
5805,-108,47,87,380,5,9,55
5805,-108,38,87,380,5,8,55
5805,-108,59,87,380,5,11,57
5805,-108,35,87,380,6,9,55
5805,-108,46,87,380,5,9,54
5805,-108,47,87,380,5,10,55
5805,-108,42,87,380,5,10,55
5805,-108,45,87,380,4,9,54
5805,-108,58,87,380,5,9,55
5805,-108,49,87,380,4,10,56
5805,-108,60,87,380,4,9,55
5805,-108,37,87,380,5,9,54
5805,-108,46,87,380,4,9,55
5805,-108,47,87,380,4,8,54
5805,-108,35,87,380,5,8,54
5805,-108,46,87,380,6,9,55
5805,-108,59,87,380,5,8,55
5805,-108,44,87,380,5,11,56
5805,-108,65,87,380,7,9,55
5805,-108,63,87,380,6,12,56
5805,-108,57,87,380,5,10,56
5805,-108,36,87,380,6,12,56
5805,-108,40,87,380,6,10,55
5805,-108,53,87,380,5,9,55
5805,-108,51,87,380,5,10,55
5805,-108,38,87,380,6,9,55
5805,-108,40,87,380,5,9,54
5805,-108,53,87,380,5,11,55
5805,-108,51,87,380,5,9,55
5805,-108,37,87,380,5,10,55
5805,-108,50,87,380,5,9,55
5805,-108,44,87,380,4,10,55
5805,-108,51,87,380,6,7,54
5805,-108,42,87,380,6,9,55
5805,-108,40,87,380,6,8,54
5805,-108,49,87,380,6,11,55
5805,-108,42,87,380,6,9,54
5805,-108,43,87,380,5,10,55
5805,-108,53,87,380,7,10,55
5805,-108,44,87,380,5,9,56
5805,-108,33,87,380,5,8,54
5805,-108,45,87,380,5,10,55
5805,-108,50,87,380,5,10,54
5805,-108,44,87,380,4,8,54
5805,-108,35,87,380,5,8,55
5805,-108,55,87,380,4,8,55
5805,-108,50,87,380,6,9,56
5805,-108,42,87,380,5,9,55
5805,-108,45,87,380,5,11,56
5805,-108,40,87,380,5,9,55
5805,-108,39,87,380,5,9,54
5805,-108,45,87,380,5,12,55
5805,-108,40,87,380,5,11,55
5805,-108,47,87,380,5,9,55
5805,-108,44,87,380,6,8,54
5805,-108,47,87,380,6,11,56
5805,-108,50,87,380,6,8,54
5805,-108,41,87,380,4,11,56
5805,-108,41,87,380,5,9,54
5805,-108,53,87,380,6,10,56
5805,-108,40,87,380,5,9,55
5805,-108,59,87,380,5,8,55
5805,-108,56,87,380,6,10,56
5805,-108,39,87,380,6,10,56
5805,-108,42,87,380,6,8,55
5805,-108,49,87,380,5,10,55
5805,-108,43,87,380,5,10,55
5805,-108,60,87,380,6,11,56
5805,-108,48,87,380,6,9,56
5805,-108,56,87,380,5,10,56
5805,-108,44,87,380,6,9,55
5805,-108,50,87,380,5,8,56
5805,-108,39,87,380,6,8,55
5805,-108,44,87,380,6,9,54
5805,-108,57,87,380,6,12,55
5805,-108,50,87,380,5,9,54
5805,-108,39,87,380,4,11,55
5805,-108,51,87,380,6,11,56
5805,-108,52,87,380,6,8,55
5805,-108,58,87,380,5,12,56
5805,-108,51,87,380,5,10,55
5805,-108,52,87,380,5,9,56
5805,-108,56,87,380,6,9,55
5805,-108,42,87,380,6,9,54
5805,-108,55,87,380,5,10,56
5805,-108,52,87,380,6,11,55
5805,-108,50,87,380,6,10,56
5805,-108,50,87,380,4,10,56
5805,-108,40,87,380,5,11,56
5805,-108,41,87,380,5,9,55
5805,-108,47,87,380,4,8,55
5805,-108,65,87,380,6,9,56
5805,-108,41,87,380,6,9,55
5805,-108,30,87,380,6,9,55
5805,-108,52,87,380,6,11,56
5805,-108,46,87,380,6,9,55
5805,-108,54,87,380,4,11,56
5805,-108,56,87,380,5,9,56
5805,-108,49,87,380,5,9,55
5805,-108,42,87,380,3,8,55
5805,-108,60,87,380,5,9,54
5805,-108,42,87,380,5,9,56
5805,-108,48,87,380,6,7,54
5805,-108,53,87,380,6,11,55
5805,-108,35,87,380,6,11,57
5805,-108,39,87,380,5,9,55
5805,-108,39,87,380,6,9,54
5805,-108,43,87,380,6,9,55
5805,-108,38,87,380,5,9,54
5805,-108,36,87,380,5,9,55
5805,-108,48,87,380,5,8,55
5805,-108,42,87,380,5,8,55
5805,-108,47,87,380,6,9,55
5805,-108,62,87,380,5,8,55
5805,-108,45,87,380,6,9,55
5805,-108,57,87,380,5,11,55
5805,-108,51,87,380,6,9,55
5805,-108,38,87,380,5,12,57
5805,-108,44,87,380,7,9,55
5805,-108,37,87,380,5,9,55
5805,-108,51,87,380,6,11,55
5805,-108,48,87,380,6,8,54
5805,-108,41,87,380,5,8,55
5805,-108,49,87,380,6,9,55
5805,-108,46,87,380,4,9,54
5805,-108,52,87,380,5,10,55
5805,-108,50,87,380,6,10,56
5805,-108,53,87,380,6,9,55
5805,-108,43,87,380,7,9,55
5805,-108,50,87,380,4,9,55
5805,-108,55,87,380,6,8,55
5805,-108,51,87,380,6,9,55
5805,-108,37,87,380,4,9,54
5805,-108,39,87,380,6,8,54
5805,-108,42,87,380,4,9,55
5805,-108,47,87,380,5,9,55
5805,-108,44,87,380,5,10,54
5805,-108,46,87,380,6,10,54
5805,-108,47,87,380,6,11,55
5805,-108,52,87,380,5,9,55
5805,-108,64,87,380,4,6,54
5805,-108,64,87,380,6,9,56
5805,-108,47,87,380,5,11,55
5805,-108,47,87,380,5,9,54
5805,-108,45,87,380,6,11,55
5805,-108,46,87,380,6,11,56
5805,-108,57,87,380,5,9,55
5805,-108,51,87,380,5,10,56
5805,-108,55,87,380,4,10,55
5805,-108,54,87,380,5,10,55
5805,-108,41,87,380,6,11,55
5805,-108,56,87,380,5,9,54
5805,-108,50,87,380,7,9,55
5805,-108,51,87,380,5,7,54
5805,-108,57,87,380,4,8,55
5805,-108,52,87,380,6,7,55
5805,-108,47,87,380,4,11,55
5805,-108,58,87,380,5,8,55
5805,-108,53,87,380,5,9,55
5805,-108,54,87,380,5,10,55
5805,-108,52,87,380,5,11,56
5805,-108,33,87,380,6,9,54
5805,-108,36,87,380,6,12,56
5805,-108,48,87,380,5,11,55
5805,-108,43,87,380,6,11,56
5805,-108,47,87,380,4,9,55
5805,-108,43,87,380,5,9,55
5805,-108,41,87,380,5,9,55
5805,-108,45,87,380,6,7,54
5805,-108,32,87,380,5,9,54
5805,-108,57,87,380,6,10,56
5805,-108,53,87,380,4,8,54
5805,-108,48,87,380,4,9,55
5805,-108,47,87,380,6,9,55
5805,-108,42,87,380,6,10,55
5805,-108,41,87,380,5,8,54
5805,-108,45,87,380,5,10,55
5805,-108,53,87,380,5,8,55
5805,-108,40,87,380,6,8,54
5805,-108,58,87,380,5,9,55
5805,-108,61,87,380,5,10,55
5805,-108,31,87,380,5,9,55
5805,-108,43,87,380,5,10,56
5805,-108,54,87,380,5,11,56
5805,-108,40,87,380,4,8,54
5805,-108,45,87,380,7,8,55
5805,-108,38,87,380,5,10,55
5805,-108,54,87,380,6,9,55
5805,-108,56,87,380,6,8,55
5805,-108,51,87,380,6,8,55
5805,-108,50,87,380,5,8,54
5805,-108,43,87,380,6,9,54
5805,-108,45,87,380,7,9,55
5805,-108,46,87,380,7,6,54
5805,-108,39,87,380,5,9,56
5805,-108,51,87,380,5,10,55
5805,-108,43,87,380,5,10,55
5805,-108,49,87,380,5,11,55
5805,-108,44,87,380,5,9,54
5805,-108,42,87,380,5,8,54
5805,-108,39,87,380,5,12,55
5805,-108,52,87,380,4,10,55
5805,-108,40,87,380,5,10,55
5805,-108,40,87,380,6,10,55
5805,-108,45,87,380,5,10,55
5805,-108,51,87,380,5,10,56
5805,-108,51,87,380,6,10,55
5805,-108,56,87,380,5,10,55
5805,-108,44,87,380,4,9,55
5805,-108,63,87,380,4,8,54
5805,-108,43,87,380,6,9,54
5805,-108,36,87,380,5,11,55
5805,-108,56,87,380,5,9,54
5805,-108,42,87,380,6,10,55
5805,-108,51,87,380,6,10,55
5805,-108,42,87,380,5,10,55
5805,-108,55,87,380,5,9,54
5805,-108,49,87,380,3,7,55
5805,-108,42,87,380,5,9,56
5805,-108,41,87,380,5,9,55
5805,-108,51,87,380,6,10,55
5805,-108,59,87,380,5,10,55
5805,-108,62,87,380,5,9,56
5805,-108,36,87,380,5,9,55
5805,-108,47,87,380,6,10,55
5805,-108,46,87,380,5,11,56
5805,-108,52,87,380,4,10,55
5805,-108,54,87,380,7,9,55
5805,-108,52,87,380,4,8,56
5805,-108,40,87,380,5,6,54
5805,-108,46,87,380,5,10,55
5805,-108,40,87,380,6,9,54
5805,-108,55,87,380,5,8,55
5805,-108,42,87,380,6,8,56
5805,-108,34,87,380,6,8,54
5805,-108,47,87,380,5,9,54
5805,-108,42,87,380,5,9,54
5805,-108,41,87,380,6,9,54
5805,-108,46,87,380,4,10,56
5805,-108,45,87,380,5,11,56
5805,-108,57,87,380,5,7,54
5805,-108,34,87,380,6,9,55
5805,-108,41,87,380,5,10,56
5805,-108,44,87,380,7,8,54
5805,-108,46,87,380,6,8,54
5805,-108,47,87,380,6,9,55
5805,-108,47,87,380,5,10,56
5805,-108,46,87,380,6,9,56
5805,-108,46,87,380,5,9,55
5805,-108,47,87,380,6,11,55
5805,-108,40,87,380,5,8,54
5805,-108,40,87,380,6,11,55
5805,-108,46,87,380,3,10,56
5805,-108,63,87,380,6,12,57
5805,-108,56,87,380,7,10,55
5805,-108,36,87,380,6,8,55
5805,-108,46,87,380,5,11,56
5805,-108,44,87,380,5,8,55
5805,-108,50,87,380,4,11,56
5805,-108,41,87,380,3,8,54
5805,-108,48,87,380,5,8,54
5805,-108,50,87,380,6,9,55
5805,-108,49,87,380,5,9,54
5805,-108,42,87,380,5,9,54
5805,-108,39,87,380,6,9,55
5805,-108,54,87,380,5,9,54
5805,-108,56,87,380,4,8,55
5805,-108,41,87,380,5,10,55
5805,-108,42,87,380,5,9,55
5805,-108,44,87,380,5,8,55
5805,-108,55,87,380,5,10,55
5805,-108,42,87,380,5,8,54
5805,-108,55,87,380,6,7,54
5805,-108,53,87,380,5,9,55
5805,-108,54,87,380,5,10,56
5805,-108,44,87,380,5,10,55
5805,-108,49,87,380,6,9,54
5805,-108,48,87,380,5,9,55
5805,-108,43,87,380,7,11,56
5805,-108,38,87,380,5,7,54
5805,-108,52,87,380,6,8,53
5805,-108,54,87,380,6,9,55
5805,-108,47,87,380,6,11,56
5805,-108,49,87,380,6,8,55
5805,-108,54,87,380,5,8,55
5805,-108,48,87,380,6,9,55
5805,-108,42,87,380,5,8,55
5805,-108,47,87,380,6,9,55
5805,-108,50,87,380,5,9,55
5805,-108,58,87,380,6,9,55
5805,-108,45,87,380,6,10,55
5805,-108,54,87,380,6,8,55
5805,-108,44,87,380,5,9,56
5805,-108,65,87,380,6,10,56
5805,-108,39,87,380,3,9,55
5805,-108,56,87,380,6,8,55
5805,-108,54,87,380,6,9,55
5805,-108,48,87,380,6,8,55
5805,-108,41,87,380,5,9,54
5805,-108,53,87,380,6,9,55
5805,-108,32,87,380,5,9,55
5805,-108,52,87,380,5,9,55
5805,-108,53,87,380,5,10,55
5805,-108,54,87,380,5,10,55
5805,-108,49,87,380,7,10,55
5805,-108,45,87,380,7,10,55
5805,-108,45,87,380,7,12,55
5805,-108,36,87,380,6,11,56
5805,-108,47,87,380,4,7,55
5805,-108,37,87,380,5,8,54
5805,-108,64,87,380,5,9,56
5805,-108,52,87,380,6,10,55
5805,-108,50,87,380,7,10,55
5805,-108,44,87,380,5,9,55
5805,-108,50,87,380,4,9,55
5805,-108,47,87,380,4,8,54
5805,-108,48,87,380,7,10,55
5805,-108,41,87,380,6,9,55
5805,-108,43,87,380,4,9,54
5805,-108,63,87,380,5,9,55
5805,-108,56,87,380,6,11,57
5805,-108,40,87,380,5,9,55
5805,-108,46,87,380,5,9,55
5805,-108,57,87,380,5,10,55
5805,-108,54,87,380,6,10,56
5805,-108,45,87,380,5,10,55
5805,-108,29,87,380,5,9,56
5805,-108,58,87,380,6,10,55
5805,-108,53,87,380,6,8,55
5805,-108,59,87,380,5,9,56
5805,-108,39,87,380,6,9,55
5805,-108,42,87,380,6,12,55
5805,-108,45,87,380,5,9,54
5805,-108,63,87,380,6,7,54
5805,-108,45,87,380,5,11,56
5805,-108,39,87,380,5,9,55
5805,-108,43,87,380,5,10,55
5805,-108,41,87,380,6,10,56
5805,-108,29,87,380,4,9,54
5805,-108,48,87,380,6,9,55
5805,-108,36,87,380,4,10,55
5805,-108,48,87,380,6,9,55
5805,-108,44,87,380,5,11,55
5805,-108,52,87,380,4,10,55
5805,-108,38,87,380,5,9,55
5805,-108,54,87,380,6,10,55
5805,-108,41,87,380,5,11,55
5805,-108,51,87,380,7,9,55
5805,-108,60,87,380,5,10,56
5805,-108,60,87,380,5,9,56
5805,-108,45,87,380,5,9,55
5805,-108,53,87,380,5,10,56
5805,-108,53,87,380,7,8,54
5805,-108,47,87,380,5,8,55
5805,-108,53,87,380,4,9,55
5805,-108,52,87,380,7,9,55
5805,-108,58,87,380,5,9,55
5805,-108,57,87,380,7,11,55
5805,-108,46,87,380,6,8,54
5805,-108,56,87,380,6,8,55
5805,-108,42,87,380,5,9,55
5805,-108,51,87,380,5,9,55
5805,-108,39,87,380,4,10,55
5805,-108,54,87,380,7,11,55
5805,-108,42,87,380,5,8,54
5805,-108,47,87,380,5,8,55
5805,-108,40,87,380,6,10,55
5805,-108,48,87,380,6,10,55
5805,-108,40,87,380,6,8,55
5805,-108,57,87,380,5,10,55
5805,-108,44,87,380,6,10,55
5805,-108,40,87,380,5,9,55
5805,-108,53,87,380,4,11,55
5805,-108,58,87,380,5,12,57
5805,-108,56,87,380,6,9,55
5805,-108,54,87,380,5,10,55
5805,-108,53,87,380,6,7,54
5805,-108,47,87,380,6,10,55
5805,-108,51,87,380,6,9,55
5805,-108,36,87,380,6,10,55
5805,-108,43,87,380,5,12,55
5805,-108,44,87,380,5,11,55
5805,-108,42,87,380,6,11,56
5805,-108,42,87,380,5,10,55
5805,-108,41,87,380,3,11,56
5805,-108,50,87,380,4,9,55
5805,-108,34,87,380,6,9,55
5805,-108,43,87,380,5,8,55
5805,-108,40,87,380,6,8,55
5805,-108,41,87,380,6,9,55
5805,-108,37,87,380,6,8,54
5805,-108,59,87,380,6,8,55
5805,-108,49,87,380,4,9,55
5805,-108,36,87,380,4,10,55
5805,-108,43,87,380,4,8,54
5805,-108,38,87,380,6,11,56
5805,-108,39,87,380,5,10,55
5805,-108,52,87,380,5,10,56
5805,-108,48,87,380,5,8,55
5805,-108,38,87,380,6,9,54
5805,-108,45,87,380,5,9,56
5805,-108,51,87,380,5,9,55
5805,-108,45,87,380,5,11,56
5805,-108,34,87,380,6,9,54
5805,-108,38,87,380,4,10,56
5805,-108,56,87,380,5,12,55
5805,-108,52,87,380,5,8,56
5805,-108,30,87,380,6,9,55
5805,-108,65,87,380,7,12,56
5805,-108,36,87,380,5,10,55
5805,-108,52,87,380,5,10,55
5805,-108,45,87,380,6,7,54
5805,-108,45,87,380,5,10,56
5805,-108,51,87,380,5,9,56
5805,-108,44,87,380,6,9,55
5805,-108,46,87,380,5,8,54
5805,-108,47,87,380,5,8,55
5805,-108,40,87,380,5,8,54
5805,-108,43,87,380,5,9,54
5805,-108,50,87,380,6,7,55
5805,-108,42,87,380,5,9,55
5805,-108,44,87,380,6,9,54
5805,-108,37,87,380,5,10,55
5805,-108,57,87,380,6,10,57
5805,-108,44,87,380,5,9,56
5805,-108,65,87,380,4,9,55
5805,-108,42,87,380,4,11,56
5805,-108,55,87,380,6,11,56
5805,-108,47,87,380,6,12,56
5805,-108,53,87,380,6,11,55
5805,-108,52,87,380,5,9,55
5805,-108,39,87,380,6,9,55
5805,-108,48,87,380,5,7,53
5805,-108,40,87,380,6,10,55
5805,-108,49,87,380,5,9,56
5805,-108,39,87,380,5,9,55
5805,-108,50,87,380,5,10,55
5805,-108,53,87,380,6,10,55
5805,-108,47,87,380,5,9,55
5805,-108,46,87,380,6,11,56
5805,-108,39,87,380,5,10,54
5805,-108,50,87,380,4,8,55
5805,-108,55,87,380,5,11,56
5805,-108,44,87,380,5,9,54
5805,-108,29,87,380,4,9,55
5805,-108,48,87,380,5,9,55
5805,-108,54,87,380,5,9,56
5805,-108,35,87,380,5,10,55
5805,-108,52,87,380,5,11,54
5805,-108,46,87,380,5,9,55
5805,-108,57,87,380,6,10,55
5805,-108,40,87,380,6,11,56
5805,-108,54,87,380,4,11,56
5805,-108,48,87,380,6,9,55
5805,-108,44,87,380,6,10,55
5805,-108,40,87,380,5,9,55
5805,-108,45,87,380,5,8,55
5805,-108,36,87,380,6,9,55
5805,-108,53,87,380,7,8,55
5805,-108,33,87,380,4,9,55
5805,-108,39,87,380,4,12,55
5805,-108,52,87,380,5,8,54
5805,-108,45,87,380,6,9,55
5805,-108,46,87,380,6,10,55
5805,-108,42,87,380,5,8,54
5805,-108,42,87,380,6,9,55
5805,-108,56,87,380,5,9,55
5805,-108,59,87,380,6,9,55
5805,-108,45,87,380,6,8,54
5805,-108,37,87,380,6,9,55
5805,-108,32,87,380,5,10,55
5805,-108,42,87,380,4,8,54
5805,-108,45,87,380,5,9,55
5805,-108,43,87,380,6,10,55
5805,-108,44,87,380,7,9,54
5805,-108,47,87,380,5,8,55
5805,-108,48,87,380,6,9,55
5805,-108,54,87,380,6,9,55
5805,-108,28,87,380,5,8,54
5805,-108,50,87,380,4,9,55
5805,-108,46,87,380,4,9,55
5805,-108,28,87,380,5,11,55
5805,-108,33,87,380,5,9,54
5805,-108,51,87,380,6,8,55
5805,-108,64,87,380,6,9,55
5805,-108,49,87,380,6,10,55
5805,-108,47,87,380,6,8,55
5805,-108,30,87,380,6,9,54
5805,-108,49,87,380,6,8,55
5805,-108,59,87,380,5,11,55
5805,-108,36,87,380,6,10,55
5805,-108,48,87,380,4,9,55
5805,-108,43,87,380,5,11,56
5805,-108,35,87,380,4,11,56
5805,-108,28,87,380,6,9,55
5805,-108,46,87,380,5,10,56
5805,-108,47,87,380,5,10,56
5805,-108,36,87,380,6,11,56
5805,-108,46,87,380,5,9,54
5805,-108,50,87,380,4,9,55
5805,-108,30,87,380,5,10,55
5805,-108,53,87,380,6,8,54
5805,-108,61,87,380,5,10,55
5805,-108,38,87,380,7,11,55
5805,-108,47,87,380,4,9,55
5805,-108,47,87,380,6,9,55
5805,-108,30,87,380,6,11,56
5805,-108,46,87,380,5,11,55
5805,-108,47,87,380,5,8,54
5805,-108,51,87,380,4,8,55
5805,-108,51,87,380,6,8,54
5805,-108,47,87,380,5,8,54
5805,-108,51,87,380,6,10,55
5805,-108,32,87,380,5,9,55
5805,-108,42,87,380,6,9,55
5805,-108,45,87,380,4,9,55
5805,-108,40,87,380,4,11,55
5805,-108,55,87,380,6,8,55
5805,-108,44,87,380,6,9,56
5805,-108,44,87,380,4,10,55
5805,-108,48,87,380,7,11,55
5805,-108,45,87,380,4,11,55
5805,-108,53,87,380,5,9,55
5805,-108,38,87,380,5,9,55
5805,-108,55,87,380,5,8,55
5805,-108,41,87,380,5,9,55
5805,-108,49,87,380,5,11,57
5805,-108,53,87,380,5,11,56
5805,-108,32,87,380,6,9,54
5805,-108,44,87,380,6,11,55
5805,-108,37,87,380,5,8,55
5805,-108,44,87,380,6,10,56
5805,-108,52,87,380,6,11,56
5805,-108,56,87,380,6,9,55
5805,-108,65,87,380,6,10,56
5805,-108,40,87,380,5,10,55
5805,-108,44,87,380,7,11,55
5805,-108,38,87,380,6,11,56
5805,-108,41,87,380,5,9,55
5805,-108,43,87,380,5,11,54
5805,-108,44,87,380,5,9,56
5805,-108,60,87,380,7,10,54
5805,-108,43,87,380,7,9,54
5805,-108,52,87,380,5,10,56
5805,-108,37,87,380,6,9,55
5805,-108,44,87,380,5,10,55
5805,-108,41,87,380,5,9,55
5805,-108,35,87,380,5,8,54
5805,-108,50,87,380,5,10,56
5805,-108,44,87,380,6,11,55
5805,-108,31,87,380,5,9,54
5805,-108,39,87,380,4,9,56
5805,-108,36,87,380,5,10,55
5805,-108,44,87,380,6,9,56
5805,-108,44,87,380,5,9,54
5805,-108,57,87,380,5,9,55
5805,-108,42,87,380,6,9,55
5805,-108,57,87,380,4,11,56
5805,-108,46,87,380,6,8,54
5805,-108,40,87,380,5,11,56
5805,-108,48,87,380,4,9,55
5805,-108,47,87,380,6,9,54
5805,-108,42,87,380,5,9,55
5805,-108,49,87,380,5,9,55
5805,-108,33,87,380,4,9,55
5805,-108,56,87,380,6,10,55
5805,-108,51,87,380,4,10,55
5805,-108,42,87,380,4,10,55
5805,-108,63,87,380,5,9,56
5805,-108,31,87,380,5,10,55
5805,-108,44,87,380,5,10,55
5805,-108,49,87,380,5,8,54
5805,-108,52,87,380,4,10,55
5805,-108,53,87,380,5,8,54
5805,-108,43,87,380,5,10,55
5805,-108,53,87,380,6,9,56
5805,-108,51,87,380,5,9,55
5805,-108,48,87,380,5,9,55
5805,-108,34,87,380,5,9,55
5805,-108,53,87,380,6,10,54
5805,-108,47,87,380,5,9,55
5805,-108,56,87,380,6,9,55
5805,-108,60,87,380,5,10,54
5805,-108,50,87,380,4,10,55
5805,-108,30,87,380,5,8,54
5805,-108,47,87,380,5,8,55
5805,-108,48,87,380,6,10,56
5805,-108,39,87,380,5,10,56
5805,-108,56,87,380,5,9,54
5805,-108,33,87,380,4,7,54
5805,-108,48,87,380,5,9,54
5805,-108,39,87,380,5,9,55
5805,-108,31,87,380,6,10,55
5805,-108,50,87,380,5,9,55
5805,-108,29,87,380,5,9,54
5805,-108,49,87,380,5,9,56
5805,-108,50,87,380,4,10,55
5805,-108,56,87,380,6,8,54
5805,-108,38,87,380,4,11,55
5805,-108,54,87,380,4,10,55
5805,-108,45,87,380,6,8,54
5805,-108,53,87,380,5,10,55
5805,-108,38,87,380,5,11,55
5805,-108,38,87,380,5,8,54
5805,-108,40,87,380,5,9,56
5805,-108,31,87,380,6,9,55
5805,-108,44,87,380,6,8,55
5805,-108,48,87,380,4,7,54
5805,-108,60,87,380,5,8,55
5805,-108,51,87,380,5,8,54
5805,-108,49,87,380,6,10,55
5805,-108,51,87,380,5,10,56
5805,-108,58,87,380,7,9,55
5805,-108,55,87,380,6,9,55
5805,-108,56,87,380,6,10,56
5805,-108,47,87,380,4,9,55
5805,-108,48,87,380,6,9,55
5805,-108,62,87,380,6,9,55
5805,-108,42,87,380,6,11,55
5805,-108,53,87,380,5,10,56
5805,-108,53,87,380,6,10,55
5805,-108,35,87,380,4,11,55
5805,-108,51,87,380,4,10,55
5805,-108,40,87,380,5,8,55
5805,-108,44,87,380,6,9,54
5805,-108,42,87,380,4,10,55
5805,-108,51,87,380,5,8,55
5805,-108,43,87,380,4,8,54
5805,-108,47,87,380,6,9,54
5805,-108,41,87,380,5,10,55
5805,-108,40,87,380,6,8,55
5805,-108,49,87,380,5,11,55
5805,-108,53,87,380,5,9,55
5805,-108,38,87,380,6,10,55
5805,-108,23,87,380,5,8,54
5805,-108,40,87,380,5,10,55
5805,-108,46,87,380,6,7,55
5805,-108,41,87,380,6,8,55
5805,-108,48,87,380,5,9,55
5805,-108,50,87,380,6,9,55
5805,-108,38,87,380,5,9,55
5805,-108,50,87,380,5,9,55
5805,-108,40,87,380,5,10,55
5805,-108,43,87,380,6,9,54
5805,-108,46,87,380,6,9,55
5805,-108,32,87,380,7,9,54
5805,-108,44,87,380,4,10,56
5805,-108,50,87,380,6,9,56
5805,-108,52,87,380,6,11,57
5805,-108,35,87,380,5,7,54
5805,-108,26,87,380,5,8,54
5805,-108,40,87,380,5,9,55
5805,-108,49,87,380,6,10,55
5805,-108,53,87,380,6,9,55
5805,-108,46,87,380,7,11,56
5805,-108,51,87,380,6,8,54
5805,-108,53,87,380,3,10,56
5805,-108,48,87,380,5,10,55
5805,-108,44,87,380,7,11,55
5805,-108,34,87,380,5,9,55
5805,-108,53,87,380,4,9,55
5805,-108,57,87,380,6,10,55
5805,-108,43,87,380,6,9,56
5805,-108,54,87,380,5,9,55
5805,-108,47,87,380,5,10,55
5805,-108,50,87,380,5,9,55
5805,-108,48,87,380,5,8,55
5805,-108,47,87,380,4,12,56
5805,-108,43,87,380,6,10,55
5805,-108,42,87,380,6,9,55
5805,-108,43,87,380,5,11,56
5805,-108,40,87,380,5,9,55
5805,-108,45,87,380,6,9,55
5805,-108,56,87,380,5,9,55
5805,-108,48,87,380,6,11,56
5805,-108,41,87,380,5,9,55
5805,-108,48,87,380,7,9,55
5805,-108,52,87,380,4,9,55
5805,-108,35,87,380,7,9,54
5805,-108,47,87,380,6,9,56
5805,-108,44,87,380,4,9,55
5805,-108,35,87,380,5,9,54
5805,-108,40,87,380,4,8,54
5805,-108,44,87,380,5,10,55
5805,-108,58,87,380,5,11,56
5805,-108,38,87,380,6,7,53
5805,-108,45,87,380,5,10,55
5805,-108,47,87,380,5,8,54
5805,-108,45,87,380,6,10,55
5805,-108,29,87,380,5,9,54
5805,-108,51,87,380,5,9,55
5805,-108,36,87,380,5,8,54
5805,-108,41,87,380,5,9,55
5805,-108,49,87,380,5,9,54
5805,-108,35,87,380,5,10,54
5805,-108,37,87,380,5,8,54
5805,-108,55,87,380,5,9,55
5805,-108,40,87,380,6,11,55
5805,-108,38,87,380,6,11,56
5805,-108,35,87,380,5,9,55
5805,-108,44,87,380,5,9,55
5805,-108,50,87,380,5,8,55
5805,-108,51,87,380,6,9,55
5805,-108,41,87,380,5,9,55
5805,-108,29,87,380,5,10,55
5805,-108,45,87,380,6,9,56
5805,-108,53,87,380,6,10,55
5805,-108,47,87,380,5,9,55
5805,-108,47,87,380,3,10,55
5805,-108,45,87,380,5,8,54
5805,-108,39,87,380,6,7,55
5805,-108,54,87,380,5,8,55
5805,-108,46,87,380,6,9,55
5805,-108,36,87,380,6,10,56
5805,-108,40,87,380,6,8,55
5805,-108,43,87,380,6,10,56
5805,-108,54,87,380,5,8,55
5805,-108,49,87,380,4,7,54
5805,-108,41,87,380,5,9,54
5805,-108,44,87,380,6,8,54
5805,-108,42,87,380,7,8,55
5805,-108,44,87,380,5,12,56
5805,-108,37,87,380,5,9,55
5805,-108,36,87,380,5,8,55
5805,-108,50,87,380,6,9,55
5805,-108,37,87,380,5,9,55
5805,-108,44,87,380,6,9,55
5805,-108,53,87,380,5,10,56
5805,-108,51,87,380,6,9,54
5805,-108,50,87,380,5,8,55
5805,-108,39,87,380,6,9,54
5805,-108,44,87,380,6,8,55
5805,-108,50,87,380,5,8,54
5805,-108,42,87,380,5,9,55
5805,-108,52,87,380,4,10,55
5805,-108,36,87,380,5,8,54
5805,-108,39,87,380,5,9,56
5805,-108,68,87,380,6,9,55
5805,-108,43,87,380,5,9,56
5805,-108,52,87,380,6,9,54
5805,-108,54,87,380,4,12,56
5805,-108,42,87,380,5,11,56
5805,-108,32,87,380,6,10,55
5805,-108,53,87,380,6,9,55
5805,-108,49,87,380,4,11,56
5805,-108,56,87,380,5,8,54
5805,-108,56,87,380,5,8,55
5805,-108,47,87,380,6,12,55
5805,-108,69,87,380,4,8,56
5805,-108,47,87,380,4,10,55
5805,-108,42,87,380,5,8,54
5805,-108,40,87,380,5,10,55
5805,-108,39,87,380,5,10,55
5805,-108,46,87,380,5,10,55
5805,-108,57,87,380,4,8,54
5805,-108,47,87,380,6,9,54
5805,-108,33,87,380,5,11,55
5805,-108,59,87,380,6,11,54
5805,-108,37,87,380,4,7,54
5805,-108,63,87,380,5,7,54
5805,-108,47,87,380,4,10,55
5805,-108,43,87,380,5,10,56
5805,-108,57,87,380,5,12,56
5805,-108,48,87,380,6,11,55
5805,-108,50,87,380,6,10,55
5805,-108,46,87,380,5,8,55
5805,-108,51,87,380,5,11,56
5805,-108,50,87,380,7,8,54
5805,-108,43,87,380,6,9,55
5805,-108,53,87,380,5,9,55
5805,-108,53,87,380,5,10,55
5805,-108,52,87,380,5,9,55
5805,-108,52,87,380,5,9,55
5805,-108,43,87,380,5,9,55
5805,-108,43,87,380,5,10,55
5805,-108,35,87,380,4,10,55
5805,-108,47,87,380,6,8,54
5805,-108,54,87,380,5,8,54
5805,-108,43,87,380,5,9,55
5805,-108,42,87,380,6,8,54
5805,-108,39,87,380,6,10,55
5805,-108,46,87,380,5,7,55
5805,-108,48,87,380,6,8,55
5805,-108,51,87,380,7,9,55
5805,-108,50,87,380,5,9,55
5805,-108,56,87,380,6,9,56
5805,-108,49,87,380,4,12,57
5805,-108,61,87,380,5,8,55
5805,-108,57,87,380,6,9,54
5805,-108,36,87,380,6,8,54
5805,-108,45,87,380,5,10,56
5805,-108,51,87,380,6,12,55
5805,-108,46,87,380,6,8,54
5805,-108,42,87,380,4,9,55
5805,-108,48,87,380,6,8,55
5805,-108,49,87,380,5,8,55
5805,-108,36,87,380,5,7,54
5805,-108,44,87,380,7,10,55
5805,-108,38,87,380,5,11,55
5805,-108,44,87,380,5,9,56
5805,-108,34,87,380,5,10,56
5805,-108,49,87,380,6,11,56
5805,-108,45,87,380,5,7,54
5805,-108,45,87,380,5,10,56
5805,-108,56,87,380,6,10,54
5805,-108,60,87,380,6,10,55
5805,-108,57,87,380,7,8,54
5805,-108,40,87,380,4,9,55
5805,-108,43,87,380,6,10,55
5805,-108,50,87,380,6,10,54
5805,-108,47,87,380,5,8,54
5805,-108,48,87,380,6,9,55
5805,-108,43,87,380,6,10,55
5805,-108,49,87,380,5,10,55
5805,-108,45,87,380,6,9,54
5805,-108,50,87,380,6,8,55
5805,-108,49,87,380,6,9,55
5805,-108,49,87,380,6,10,55
5805,-108,48,87,380,5,9,55
5805,-108,44,87,380,5,10,55
5805,-108,35,87,380,5,8,55
5805,-108,45,87,380,6,11,56
5805,-108,48,87,380,4,9,55
5805,-108,44,87,380,5,8,56
5805,-108,48,87,380,5,10,56
5805,-108,44,87,380,6,9,55
5805,-108,31,87,380,6,8,54
5805,-108,49,87,380,6,9,55
5805,-108,50,87,380,6,9,54
5805,-108,47,87,380,5,10,56
5805,-108,45,87,380,5,8,55
5805,-108,47,87,380,6,10,56
5805,-108,60,87,380,5,8,55
5805,-108,52,87,380,4,8,54
5805,-108,44,87,380,5,7,55
5805,-108,43,87,380,6,8,54
5805,-108,42,87,380,6,10,54
5805,-108,37,87,380,6,9,55
5805,-108,48,87,380,6,10,55
5805,-108,48,87,380,5,10,55
5805,-108,46,87,380,5,10,56
5805,-108,37,87,380,6,9,55
5805,-108,38,87,380,5,8,54
5805,-108,41,87,380,5,9,55
5805,-108,64,87,380,4,8,54
5805,-108,36,87,380,5,8,54
5805,-108,43,87,380,6,10,55
5805,-108,37,87,380,5,8,54
5805,-108,53,87,380,6,10,57
5805,-108,46,87,380,6,10,55
5805,-108,45,87,380,6,9,55
5805,-108,50,87,380,5,11,55
5805,-108,49,87,380,6,8,55
5805,-108,50,87,380,5,10,55
5805,-108,33,87,380,5,10,55
5805,-108,42,87,380,4,9,55
5805,-108,46,87,380,5,8,55
5805,-108,49,87,380,7,11,55
5805,-108,35,87,380,5,8,54
5805,-108,35,87,380,5,10,56
5805,-108,53,87,380,6,8,55
5805,-108,43,87,380,5,9,55
5805,-108,48,87,380,6,10,54
5805,-108,48,87,380,4,10,55
5805,-108,45,87,380,6,10,56
5805,-108,54,87,380,6,10,56
5805,-108,40,87,380,5,10,56
5805,-108,42,87,380,5,8,54
5805,-108,46,87,380,6,10,55
5805,-108,47,87,380,6,10,55
5805,-108,41,87,380,7,10,55
5805,-108,38,87,380,7,9,55
5805,-108,58,87,380,7,10,56
5805,-108,61,87,380,5,10,55
5805,-108,49,87,380,5,8,54
5805,-108,43,87,380,6,9,55
5805,-108,53,87,380,6,10,55
5805,-108,46,87,380,7,10,55
5805,-108,33,87,380,5,9,55
5805,-108,43,87,380,5,10,55
5805,-108,49,87,380,6,9,55
5805,-108,49,87,380,6,8,55
5805,-108,44,87,380,5,10,56
5805,-108,50,87,380,5,9,54
5805,-108,42,87,380,6,8,55
5805,-108,47,87,380,4,10,55
5805,-108,61,87,380,5,10,56
5805,-108,44,87,380,6,9,55
5805,-108,50,87,380,6,11,55
5805,-108,45,87,380,5,11,55
5805,-108,39,87,380,7,9,55
5805,-108,36,87,380,3,8,55
5805,-108,57,87,380,5,9,55
5805,-108,44,87,380,5,7,53
5805,-108,51,87,380,5,9,56
5805,-108,49,87,380,5,11,56
5805,-108,50,87,380,5,9,55
5805,-108,46,87,380,5,10,55
5805,-108,51,87,380,6,8,54
5805,-108,48,87,380,4,11,56
5805,-108,44,87,380,6,9,54
5805,-108,43,87,380,5,9,54
5805,-108,47,87,380,6,8,55
5805,-108,43,87,380,4,10,55
5805,-108,51,87,380,7,11,55
5805,-108,39,87,380,7,11,55
5805,-108,39,87,380,5,8,53
5805,-108,40,87,380,5,9,54
5805,-108,43,87,380,3,9,54
5805,-108,59,87,380,5,9,56
5805,-108,54,87,380,5,12,55
5805,-108,45,87,380,7,9,55
5805,-108,50,87,380,5,9,56
5805,-108,55,87,380,5,8,55
5805,-108,50,87,380,6,10,56
5805,-108,35,87,380,5,9,55
5805,-108,56,87,380,5,10,56
5805,-108,41,87,380,6,9,54
5805,-108,56,87,380,5,11,56
5805,-108,69,87,380,6,9,55
5805,-108,54,87,380,6,11,56
5805,-108,47,87,380,5,9,55
5805,-108,74,87,380,5,9,55
5805,-108,69,87,380,5,7,55
5805,-108,44,87,380,6,10,55
5805,-108,38,87,380,5,12,56
5805,-108,61,87,380,5,11,55
5805,-108,55,87,380,5,9,55
5805,-108,45,87,380,7,10,55
5805,-108,61,87,380,5,9,55
5805,-108,51,87,380,6,7,55
5805,-108,32,87,380,4,9,55
5805,-108,39,87,380,4,9,55
5805,-108,55,87,380,5,9,56
5805,-108,39,87,380,4,9,55
5805,-108,48,87,380,4,9,56
5805,-108,55,87,380,6,10,55
5805,-108,49,87,380,6,9,56
5805,-108,35,87,380,4,9,56
5805,-108,33,87,380,5,9,54
5805,-108,31,87,380,5,9,55
5805,-108,43,87,380,5,8,55
5805,-108,48,87,380,5,8,54
5805,-108,51,87,380,4,10,55
5805,-108,37,87,380,5,11,56
5805,-108,40,87,380,4,10,55
5805,-108,48,87,380,6,8,55
5805,-108,54,87,380,6,11,56
5805,-108,48,87,380,6,11,56
5805,-108,36,87,380,5,9,55
5805,-108,32,87,380,5,10,54
5805,-108,45,87,380,6,9,55
5805,-108,32,87,380,5,10,55
5805,-108,31,87,380,6,8,54
5805,-108,44,87,380,4,8,54
5805,-108,42,87,380,6,8,55
5805,-108,52,87,380,5,9,54
5805,-108,46,87,380,7,8,55
5805,-108,59,87,380,5,8,55
5805,-108,33,87,380,4,10,55
5805,-108,50,87,380,6,9,55
5805,-108,48,87,380,5,9,55
5805,-108,57,87,380,4,10,55
5805,-108,51,87,380,6,9,54
5805,-108,59,87,380,6,10,55
5805,-108,43,87,380,5,9,55
5805,-108,39,87,380,6,8,55
5805,-108,50,87,380,6,8,55
5805,-108,48,87,380,5,10,55
5805,-108,46,87,380,5,11,56
5805,-108,51,87,380,5,9,55
5805,-108,32,87,380,5,8,55
5805,-108,36,87,380,6,7,54
5805,-108,32,87,380,5,8,54
5805,-108,38,87,380,5,10,54
5805,-108,47,87,380,5,9,55
5805,-108,48,87,380,6,9,54
5805,-108,65,87,380,7,9,55
5805,-108,33,87,380,7,9,54
5805,-108,46,87,380,6,10,55
5805,-108,42,87,380,4,11,55
5805,-108,59,87,380,4,8,54
5805,-108,44,87,380,4,9,55
5805,-108,39,87,380,7,10,55
5805,-108,56,87,380,6,9,55
5805,-108,52,87,380,6,9,56
5805,-108,35,87,380,4,8,54
5805,-108,73,87,380,5,11,56
5805,-108,51,87,380,5,10,55
5805,-108,49,87,380,5,10,55
5805,-108,46,87,380,5,9,56
5805,-108,51,87,380,5,8,55
5805,-108,49,87,380,6,8,54
5805,-108,39,87,380,7,9,55
5805,-108,59,87,380,6,8,54
5805,-108,42,87,380,5,8,54
5805,-108,68,87,380,5,9,55
5805,-108,47,87,380,5,9,55
5805,-108,55,87,380,6,10,56
5805,-108,63,87,380,4,10,56
5805,-108,34,87,380,6,9,54
5805,-108,41,87,380,6,9,55
5805,-108,61,87,380,6,9,54
5805,-108,46,87,380,6,9,55
5805,-108,46,87,380,5,7,55
5805,-108,43,87,380,5,9,55
5805,-108,45,87,380,5,9,55
5805,-108,54,87,380,5,9,54
5805,-108,43,87,380,5,9,55
5805,-108,57,87,380,5,12,56
5805,-108,49,87,380,5,10,56
5805,-108,37,87,380,5,11,57
5805,-108,45,87,380,6,10,56
5805,-108,71,87,380,6,10,55
5805,-108,45,87,380,5,10,56
5805,-108,39,87,380,6,9,54
5805,-108,41,87,380,5,9,55
5805,-108,38,87,380,5,9,54
5805,-108,59,87,380,4,9,56
5805,-108,41,87,380,6,11,55
5805,-108,67,87,380,4,8,55
5805,-108,52,87,380,4,9,55
5805,-108,51,87,380,7,10,55
5805,-108,60,87,380,4,9,55
5805,-108,48,87,380,5,9,56
5805,-108,41,87,380,5,9,54
5805,-108,51,87,380,6,9,55
5805,-108,46,87,380,4,9,54
5805,-108,46,87,380,5,8,55
5805,-108,50,87,380,4,9,55
5805,-108,36,87,380,3,8,54
5805,-108,39,87,380,7,9,55
5805,-108,61,87,380,7,9,54
5805,-108,54,87,380,5,9,55
5805,-108,44,87,380,6,9,54
5805,-108,43,87,380,5,10,55
5805,-108,49,87,380,6,11,56
5805,-108,44,87,380,4,9,55
5805,-108,48,87,380,6,9,55
5805,-108,55,87,380,5,10,55
5805,-108,36,87,380,5,8,54
5805,-108,50,87,380,5,10,55
5805,-108,52,87,380,5,10,55
5805,-108,53,87,380,5,9,55
5805,-108,41,87,380,6,9,55
5805,-108,46,87,380,4,9,55
5805,-108,65,87,380,6,9,55
5805,-108,54,87,380,5,11,56
5805,-108,51,87,380,7,11,55
5805,-108,41,87,380,4,9,55
5805,-108,36,87,380,5,9,54
5805,-108,41,87,380,7,8,54
5805,-108,47,87,380,4,10,55
5805,-108,58,87,380,4,10,55
5805,-108,53,87,380,6,10,56
5805,-108,39,87,380,5,10,55
5805,-108,47,87,380,5,10,56
5805,-108,36,87,380,5,8,55
5805,-108,39,87,380,6,9,54
5805,-108,53,87,380,5,10,55
5805,-108,59,87,380,5,7,54
5805,-108,47,87,380,5,10,55
5805,-108,50,87,380,6,11,56
5805,-108,57,87,380,5,7,54
5805,-108,32,87,380,5,8,54
5805,-108,56,87,380,5,10,55
5805,-108,53,87,380,6,8,55
5805,-108,34,87,380,5,11,55
5805,-108,37,87,380,6,11,55
5805,-108,41,87,380,5,9,55
5805,-108,43,87,380,6,8,54
5805,-108,51,87,380,6,9,55
5805,-108,48,87,380,4,10,55
5805,-108,48,87,380,5,9,55
5805,-108,38,87,380,6,10,56
5805,-108,45,87,380,5,9,54
5805,-108,52,87,380,5,8,55
5805,-108,50,87,380,5,9,54
5805,-108,39,87,380,6,10,56
5805,-108,44,87,380,6,10,56
5805,-108,44,87,380,6,10,56
5805,-108,43,87,380,6,10,55
5805,-108,53,87,380,5,10,56
5805,-108,52,87,380,6,9,55
5805,-108,53,87,380,5,8,53
5805,-108,46,87,380,4,10,55
5805,-108,44,87,380,6,11,55
5805,-108,42,87,380,6,8,54
5805,-108,31,87,380,6,9,55
5805,-108,45,87,380,7,10,55
5805,-108,45,87,380,5,10,55
5805,-108,47,87,380,5,10,55
5805,-108,36,87,380,5,9,55
5805,-108,53,87,380,6,8,56
5805,-108,44,87,380,4,9,55
5805,-108,50,87,380,6,9,55
5805,-108,57,87,380,5,10,55
5805,-108,65,87,380,6,8,54
5805,-108,42,87,380,5,10,55
5805,-108,33,87,380,5,8,55
5805,-108,63,87,380,4,10,56
5805,-108,38,87,380,5,9,55
5805,-108,47,87,380,5,11,54
5805,-108,41,87,380,5,9,55
5805,-108,38,87,380,5,8,54
5805,-108,63,87,380,6,10,56
5805,-108,39,87,380,6,9,55
5805,-108,43,87,380,4,10,55
5805,-108,41,87,380,5,9,55
5805,-108,58,87,380,4,8,55
5805,-108,42,87,380,5,10,56
5805,-108,46,87,380,6,11,55
5805,-108,43,87,380,5,7,54
5805,-108,57,87,380,6,9,56
5805,-108,56,87,380,5,9,55
5805,-108,39,87,380,6,9,55
5805,-108,52,87,380,6,10,55
5805,-108,51,87,380,4,9,55
5805,-108,42,87,380,5,10,54
5805,-108,43,87,380,7,9,54
5805,-108,56,87,380,5,10,55
5805,-108,44,87,380,6,9,55
5805,-108,48,87,380,5,9,54
5805,-108,31,87,380,5,10,55
5805,-108,53,87,380,5,9,56
5805,-108,59,87,380,5,10,56
5805,-108,56,87,380,6,9,54
5805,-108,43,87,380,7,9,54
5805,-108,40,87,380,5,9,55
5805,-108,45,87,380,5,9,55
5805,-108,46,87,380,6,8,55
5805,-108,47,87,380,5,9,55
5805,-108,42,87,380,4,10,54
5805,-108,44,87,380,5,11,56
5805,-108,41,87,380,6,10,55
5805,-108,52,87,380,6,9,55
5805,-108,42,87,380,6,9,55
5805,-108,56,87,380,5,9,55
5805,-108,47,87,380,6,8,54
5805,-108,33,87,380,5,9,54
5805,-108,47,87,380,3,9,54
5805,-108,32,87,380,5,7,55
5805,-108,43,87,380,5,8,54
5805,-108,46,87,380,6,10,55
5805,-108,50,87,380,6,10,54
5805,-108,54,87,380,6,9,54
5805,-108,33,87,380,5,9,54
5805,-108,48,87,380,6,10,56
5805,-108,44,87,380,5,8,54
5805,-108,50,87,380,5,8,55
5805,-108,48,87,380,4,11,55
5805,-108,56,87,380,4,8,54
5805,-108,51,87,380,5,10,55
5805,-108,41,87,380,5,10,55
5805,-108,58,87,380,4,9,55
5805,-108,34,87,380,6,10,56
5805,-108,37,87,380,6,9,55
5805,-108,43,87,380,4,8,54
5805,-108,47,87,380,6,10,55
5805,-108,47,87,380,5,9,56
5805,-108,52,87,380,6,8,55
5805,-108,57,87,380,6,9,56
5805,-108,41,87,380,6,9,55
5805,-108,43,87,380,6,9,54
5805,-108,40,87,380,6,9,55
5805,-108,51,87,380,4,11,56
5805,-108,46,87,380,5,10,55
5805,-108,57,87,380,5,11,56
5805,-108,38,87,380,6,11,55
5805,-108,49,87,380,4,11,56
5805,-108,46,87,380,5,9,55
5805,-108,42,87,380,5,10,55
5805,-108,42,87,380,5,11,56
5805,-108,47,87,380,6,9,55
5805,-108,53,87,380,5,10,56
5805,-108,37,87,380,5,9,55
5805,-108,56,87,380,6,9,55
5805,-108,37,87,380,5,9,55
5805,-108,46,87,380,6,10,55
5805,-108,42,87,380,5,9,55
5805,-108,61,87,380,5,9,55
5805,-108,58,87,380,6,9,55
5805,-108,44,87,380,5,10,56
5805,-108,46,87,380,5,9,55
5805,-108,49,87,380,6,8,55
5805,-108,41,87,380,6,10,55
5805,-108,36,87,380,6,10,54
5805,-108,51,87,380,5,9,54
5805,-108,62,87,380,6,9,55
5805,-108,54,87,380,4,8,55
5805,-108,51,87,380,6,10,55
5805,-108,62,87,380,5,8,55
5805,-108,52,87,380,5,11,55
5805,-108,56,87,380,6,9,55
5805,-108,35,87,380,5,9,55
5805,-108,49,87,380,4,11,56
5805,-108,45,87,380,6,9,55
5805,-108,34,87,380,6,9,55
5805,-108,48,87,380,6,9,55
5805,-108,36,87,380,4,8,55
5805,-108,45,87,380,6,8,55
5805,-108,45,87,380,5,11,55
5805,-108,55,87,380,7,10,54
5805,-108,44,87,380,6,10,55
5805,-108,37,87,380,5,9,55
5805,-108,49,87,380,6,8,55
5805,-108,41,87,380,5,10,55
5805,-108,44,87,380,5,9,54
5805,-108,61,87,380,6,11,55
5805,-108,36,87,380,5,10,54
5805,-108,41,87,380,6,9,55
5805,-108,56,87,380,7,10,55
5805,-108,48,87,380,6,9,55
5805,-108,49,87,380,5,9,55
5805,-108,47,87,380,6,8,55
5805,-108,57,87,380,5,9,55
5805,-108,50,87,380,5,9,55
5805,-108,36,87,380,6,9,55
5805,-108,39,87,380,5,8,55
5805,-108,50,87,380,6,9,55
5805,-108,33,87,380,5,9,54
5805,-108,43,87,380,5,10,55
5805,-108,44,87,380,5,10,56
5805,-108,44,87,380,5,9,55
5805,-108,34,87,380,6,9,54
5805,-108,55,87,380,6,10,55
5805,-108,39,87,380,5,9,55
5805,-108,38,87,380,5,11,55
5805,-108,43,87,380,6,8,55
5805,-108,37,87,380,5,7,55
5805,-108,44,87,380,4,11,55
5805,-108,32,87,380,5,9,54
5805,-108,53,87,380,5,9,55
5805,-108,53,87,380,6,9,55
5805,-108,24,87,380,6,6,53
5805,-108,64,87,380,5,10,55
5805,-108,51,87,380,6,8,55
5805,-108,48,87,380,5,9,55
5805,-108,40,87,380,6,8,55
5805,-108,41,87,380,6,10,55
5805,-108,31,87,380,7,8,54
5805,-108,39,87,380,6,9,55
5805,-108,45,87,380,6,8,55
5805,-108,52,87,380,4,9,55
5805,-108,46,87,380,4,10,56
5805,-108,36,87,380,5,9,55
5805,-108,59,87,380,4,11,55
5805,-108,41,87,380,4,11,55
5805,-108,38,87,380,4,9,55
5805,-108,47,87,380,6,10,55
5805,-108,46,87,380,6,9,55
5805,-108,58,87,380,6,7,54
5805,-108,49,87,380,4,9,55
5805,-108,42,87,380,6,9,55
5805,-108,55,87,380,5,9,55
5805,-108,50,87,380,6,9,55
5805,-108,44,87,380,6,10,55
5805,-108,51,87,380,5,11,57
5805,-108,49,87,380,5,9,55
5805,-108,55,87,380,5,10,56
5805,-108,46,87,380,6,10,56
5805,-108,35,87,380,6,9,55
5805,-108,51,87,380,5,8,56
5805,-108,44,87,380,4,9,55
5805,-108,56,87,380,4,8,55
5805,-108,43,87,380,6,9,54
5805,-108,41,87,380,6,11,55
5805,-108,37,87,380,5,9,55
5805,-108,42,87,380,5,9,54
5805,-108,43,87,380,6,9,54
5805,-108,41,87,380,6,11,55
5805,-108,52,87,380,6,8,55
5805,-108,50,87,380,4,8,54
5805,-108,38,87,380,4,9,55
5805,-108,41,87,380,5,10,55
5805,-108,36,87,380,5,9,55
5805,-108,44,87,380,5,9,55
5805,-108,40,87,380,6,10,55
5805,-108,52,87,380,5,10,55
5805,-108,45,87,380,5,8,55
5805,-108,34,87,380,6,9,54
5805,-108,56,87,380,6,9,54
5805,-108,42,87,380,6,9,55
5805,-108,45,87,380,6,9,54
5805,-108,42,87,380,5,11,55
5805,-108,30,87,380,5,9,54
5805,-108,37,87,380,6,10,55
5805,-108,36,87,380,6,9,54
5805,-108,36,87,380,6,7,55
5805,-108,52,87,380,6,7,54
5805,-108,51,87,380,5,10,55
5805,-108,29,87,380,5,10,55
5805,-108,26,87,380,5,9,54
5805,-108,47,87,380,6,9,54
5805,-108,32,87,380,4,8,54
5805,-108,39,87,380,5,8,54
5805,-108,55,87,380,4,9,54
5805,-108,42,87,380,6,10,56
5805,-108,35,87,380,4,8,54
5805,-108,35,87,380,6,10,55
5805,-108,39,87,380,6,8,54
5805,-108,46,87,380,5,8,55
5805,-108,33,87,380,3,11,56
5805,-108,49,87,380,5,9,55
5805,-108,44,87,380,6,9,55
5805,-108,31,87,380,6,10,55
5805,-108,37,87,380,5,8,54
5805,-108,45,87,380,6,9,54
5805,-108,61,87,380,6,8,55
5805,-108,43,87,380,5,9,55
5805,-108,35,87,380,5,8,54
5805,-108,44,87,380,5,9,56
5805,-108,36,87,380,5,9,55
5805,-108,52,87,380,5,8,55
5805,-108,35,87,380,7,8,54
5805,-108,32,87,380,6,9,54
5805,-108,49,87,380,5,10,55
5805,-108,44,87,380,5,9,54
5805,-108,49,87,380,4,9,55
5805,-108,41,87,380,5,10,55
5805,-108,37,87,380,6,11,56
5805,-108,34,87,380,6,8,54
5805,-108,40,87,380,5,11,55
5805,-108,37,87,380,6,9,54
5805,-108,47,87,380,5,10,56
5805,-108,37,87,380,5,9,54
5805,-108,44,87,380,4,9,55
5805,-108,42,87,380,5,10,56
5805,-108,48,87,380,6,9,55
5805,-108,37,87,380,5,8,54
5805,-108,40,87,380,5,9,55
5805,-108,49,87,380,6,9,55
5805,-108,44,87,380,4,7,54
5805,-108,54,87,380,3,9,55
5805,-108,40,87,380,7,10,56
5805,-108,31,87,380,6,10,56
5805,-108,38,87,380,5,10,55
5805,-108,28,87,380,6,10,54
5805,-108,43,87,380,6,9,55
5805,-108,37,87,380,5,11,56
5805,-108,52,87,380,6,7,54
5805,-108,48,87,380,4,9,55
5805,-108,48,87,380,6,10,55
5805,-108,47,87,380,6,10,56
5805,-108,40,87,380,5,12,56
5805,-108,37,87,380,6,9,54
5805,-108,44,87,380,5,10,55
5805,-108,45,87,380,5,10,55
5805,-108,47,87,380,6,10,56
5805,-108,50,87,380,4,9,55
5805,-108,49,87,380,6,9,55
5805,-108,51,87,380,5,10,55
5805,-108,35,87,380,6,8,54
5805,-108,45,87,380,5,9,55
5805,-108,39,87,380,6,10,56
5805,-108,60,87,380,5,8,56
5805,-108,45,87,380,4,8,54
5805,-108,44,87,380,6,8,54
5805,-108,31,87,380,6,10,55
5805,-108,48,87,380,5,10,55
5805,-108,46,87,380,5,8,55
5805,-108,33,87,380,4,10,55
5805,-108,44,87,380,5,9,55
5805,-108,48,87,380,6,8,54
5805,-108,48,87,380,6,8,55
5805,-108,36,87,380,6,9,54
5805,-108,35,87,380,5,11,56
5805,-108,56,87,380,5,8,55
5805,-108,45,87,380,6,10,55
5805,-108,57,87,380,4,9,55
5805,-108,42,87,380,5,11,56
5805,-108,51,87,380,5,8,55
5805,-108,39,87,380,5,8,55
5805,-108,28,87,380,6,10,54
5805,-108,47,87,380,5,9,55
5805,-108,41,87,380,4,8,54
5805,-108,42,87,380,6,9,54
5805,-108,53,87,380,5,10,55
5805,-108,51,87,380,6,9,55
5805,-108,47,87,380,6,10,55
5805,-108,35,87,380,6,11,55
5805,-108,40,87,380,6,8,53
5805,-108,48,87,380,5,11,55
5805,-108,33,87,380,6,9,54
5805,-108,65,87,380,6,8,55
5805,-108,50,87,380,6,9,55
5805,-108,46,87,380,6,9,55
5805,-108,44,87,380,5,9,54
5805,-108,53,87,380,5,11,55
5805,-108,51,87,380,5,9,55
5805,-108,66,87,380,4,10,56
5805,-108,47,87,380,4,8,54
5805,-108,52,87,380,6,9,54
5805,-108,52,87,380,4,9,54
5805,-108,46,87,380,6,9,54
5805,-108,51,87,380,4,9,54
5805,-108,40,87,380,6,9,55
5805,-108,46,87,380,5,10,55
5805,-108,57,87,380,5,11,55
5805,-108,51,87,380,5,11,56
5805,-108,36,87,380,4,10,55
5805,-108,46,87,380,5,10,55
5805,-108,56,87,380,6,9,55
5805,-108,51,87,380,4,9,55
5805,-108,55,87,380,7,10,56
5805,-108,35,87,380,6,9,55
5805,-108,49,87,380,6,10,55
5805,-108,51,87,380,4,7,55
5805,-108,55,87,380,5,9,54
5805,-108,46,87,380,5,8,55
5805,-108,44,87,380,5,10,56
5805,-108,45,87,380,4,8,54
5805,-108,54,87,380,6,8,54
5805,-108,46,87,380,6,10,56
5805,-108,50,87,380,5,9,55
5805,-108,45,87,380,5,11,56
5805,-108,40,87,380,6,9,55
5805,-108,37,87,380,5,9,56
5805,-108,55,87,380,5,8,55
5805,-108,41,87,380,5,9,55
5805,-108,50,87,380,5,8,55
5805,-108,56,87,380,5,8,55
5805,-108,44,87,380,7,9,54
5805,-108,54,87,380,6,8,54
5805,-108,58,87,380,6,9,55
5805,-108,39,87,380,6,9,54
5805,-108,34,87,380,5,10,55
5805,-108,37,87,380,4,10,55
5805,-108,40,87,380,5,10,55
5805,-108,39,87,380,4,10,56
5805,-108,40,87,380,5,11,56
5805,-108,46,87,380,6,9,55
5805,-108,40,87,380,3,9,56
5805,-108,61,87,380,4,10,56
5805,-108,43,87,380,4,9,55
5805,-108,39,87,380,6,10,56
5805,-108,38,87,380,6,9,55
5805,-108,50,87,380,5,11,55
5805,-108,47,87,380,5,10,54
5805,-108,44,87,380,5,8,54
5805,-108,30,87,380,5,8,55
5805,-108,50,87,380,6,9,55
5805,-108,48,87,380,5,9,55
5805,-108,41,87,380,6,9,55
5805,-108,41,87,380,6,12,56
5805,-108,46,87,380,4,10,56
5805,-108,48,87,380,6,8,54
5805,-108,46,87,380,6,10,55
5805,-108,56,87,380,7,9,54
5805,-108,43,87,380,4,8,54
5805,-108,43,87,380,6,10,55
5805,-108,41,87,380,4,10,55
5805,-108,28,87,380,5,7,54
5805,-108,30,87,380,7,8,55
5805,-108,40,87,380,6,10,55
5805,-108,59,87,380,7,10,55
5805,-108,33,87,380,6,9,55
5805,-108,40,87,380,6,9,55
5805,-108,45,87,380,5,8,54
5805,-108,46,87,380,4,8,55
5805,-108,42,87,380,6,11,55
5805,-108,48,87,380,7,9,54
5805,-108,51,87,380,6,9,55
5805,-108,46,87,380,6,9,55
5805,-108,41,87,380,5,9,55
5805,-108,53,87,380,5,10,55
5805,-108,38,87,380,6,11,55
5805,-108,43,87,380,5,8,54
5805,-108,48,87,380,5,9,55
5805,-108,41,87,380,6,9,55
5805,-108,39,87,380,5,9,56
5805,-108,37,87,380,6,10,56
5805,-108,32,87,380,6,11,55
5805,-108,29,87,380,6,8,54
5805,-108,62,87,380,6,9,55
5805,-108,54,87,380,6,9,55
5805,-108,38,87,380,5,10,55
5805,-108,50,87,380,5,11,57
5805,-108,40,87,380,5,7,54
5805,-108,43,87,380,5,9,55
5805,-108,45,87,380,5,10,56
5805,-108,40,87,380,7,10,55
5805,-108,46,87,380,6,8,54
5805,-108,48,87,380,6,9,54
5805,-108,52,87,380,7,9,55
5805,-108,42,87,380,6,8,55
5805,-108,46,87,380,5,10,55
5805,-108,49,87,380,6,9,55
5805,-108,45,87,380,6,10,56
5805,-108,46,87,380,5,10,56
5805,-108,43,87,380,5,8,54
5805,-108,51,87,380,5,7,54
5805,-108,40,87,380,5,9,54
5805,-108,45,87,380,6,8,55
5805,-108,33,87,380,5,9,55
5805,-108,53,87,380,4,9,56
5805,-108,28,87,380,6,9,55
5805,-108,62,87,380,5,11,56
5805,-108,44,87,380,6,8,55
5805,-108,36,87,380,4,9,55
5805,-108,45,87,380,5,9,55
5805,-108,47,87,380,5,9,55
5805,-108,44,87,380,5,9,55
5805,-108,50,87,380,4,10,55
5805,-108,51,87,380,5,7,55
5805,-108,58,87,380,5,9,55
5805,-108,52,87,380,7,11,56
5805,-108,44,87,380,5,9,55
5805,-108,51,87,380,6,7,55
5805,-108,48,87,380,6,10,56
5805,-108,42,87,380,5,10,55
5805,-108,51,87,380,5,9,55
5805,-108,53,87,380,6,9,55
5805,-108,45,87,380,6,10,55
5805,-108,60,87,380,5,10,55
5805,-108,39,87,380,5,9,54
5805,-108,53,87,380,5,9,54
5805,-108,48,87,380,5,10,55
5805,-108,56,87,380,6,11,55
5805,-108,42,87,380,3,8,55
5805,-108,42,87,380,5,8,55
5805,-108,47,87,380,4,10,55
5805,-108,53,87,380,6,9,55
5805,-108,56,87,380,6,9,55
5805,-108,45,87,380,5,10,55
5805,-108,60,87,380,5,11,56
5805,-108,44,87,380,4,8,54
5805,-108,50,87,380,5,9,55
5805,-108,50,87,380,6,10,56
5805,-108,34,87,380,6,8,55
5805,-108,47,87,380,5,8,55
5805,-108,48,87,380,4,10,55
5805,-108,45,87,380,5,8,54
5805,-108,54,87,380,5,8,54
5805,-108,47,87,380,5,8,54
5805,-108,43,87,380,5,9,55
5805,-108,50,87,380,5,9,55
5805,-108,42,87,380,5,11,56
5805,-108,49,87,380,4,10,55
5805,-108,39,87,380,5,9,55
5805,-108,51,87,380,5,10,56
5805,-108,45,87,380,5,8,54
5805,-108,45,87,380,6,9,56
5805,-108,53,87,380,6,9,55
5805,-108,35,87,380,6,11,55
5805,-108,44,87,380,6,8,54
5805,-108,43,87,380,6,10,56
5805,-108,47,87,380,6,9,55
5805,-108,48,87,380,6,10,56
5805,-108,31,87,380,4,9,54
5805,-108,30,87,380,6,9,56
5805,-108,40,87,380,5,10,55
5805,-108,57,87,380,5,10,55
5805,-108,41,87,380,5,7,54
5805,-108,54,87,380,6,10,54
5805,-108,31,87,380,5,10,55
5805,-108,57,87,380,5,9,55
5805,-108,58,87,380,7,11,56
5805,-108,57,87,380,5,10,55
5805,-108,66,87,380,6,11,55
5805,-108,55,87,380,5,9,56
5805,-108,56,87,380,6,8,54
5805,-108,44,87,380,6,8,55
5805,-108,41,87,380,7,8,55
5805,-108,41,87,380,5,9,55
5805,-108,55,87,380,6,10,55
5805,-108,53,87,380,5,10,55
5805,-108,38,87,380,7,9,55
5805,-108,35,87,380,6,7,54
5805,-108,64,87,380,4,9,56
5805,-108,66,87,380,5,9,56
5805,-108,49,87,380,6,9,56
5805,-108,61,87,380,6,9,55
5805,-108,39,87,380,5,8,54
5805,-108,51,87,380,6,7,55
5805,-108,49,87,380,5,9,55
5805,-108,59,87,380,5,9,54
5805,-108,48,87,380,5,10,55
5805,-108,56,87,380,6,10,55
5805,-108,33,87,380,6,9,54
5805,-108,53,87,380,5,11,56
5805,-108,52,87,380,6,10,55
5805,-108,47,87,380,5,7,54
5805,-108,48,87,380,5,10,56
5805,-108,34,87,380,5,10,55
5805,-108,52,87,380,6,12,55
5805,-108,41,87,380,5,10,55
5805,-108,43,87,380,6,11,56
5805,-108,45,87,380,6,10,56
5805,-108,55,87,380,5,8,55
5805,-108,49,87,380,6,9,55
5805,-108,48,87,380,5,10,55
5805,-108,43,87,380,5,10,54
5805,-108,48,87,380,6,8,55
5805,-108,51,87,380,6,10,55
5805,-108,58,87,380,7,9,55
5805,-108,46,87,380,4,10,55
5805,-108,59,87,380,5,10,55
5805,-108,48,87,380,5,9,55
5805,-108,40,87,380,5,8,55
5805,-108,40,87,380,5,10,54
5805,-108,50,87,380,4,9,54
5805,-108,32,87,380,7,8,55
5805,-108,42,87,380,5,9,55
5805,-108,42,87,380,6,8,54
5805,-108,44,87,380,4,9,55
5805,-108,38,87,380,6,9,54
5805,-108,42,87,380,6,10,55
5805,-108,47,87,380,5,12,54
5805,-108,35,87,380,5,8,54
5805,-108,46,87,380,5,9,55
5805,-108,46,87,380,5,8,56
5805,-108,43,87,380,6,10,55
5805,-108,52,87,380,5,12,56
5805,-108,60,87,380,4,9,55
5805,-108,61,87,380,4,9,55
5805,-108,39,87,380,6,9,55
5805,-108,54,87,380,6,8,55
5805,-108,33,87,380,5,9,55
5805,-108,44,87,380,5,7,54
5805,-108,51,87,380,5,8,54
5805,-108,51,87,380,5,9,54
5805,-108,42,87,380,5,8,55
5805,-108,46,87,380,5,10,56
5805,-108,67,87,380,6,10,56
5805,-108,51,87,380,5,9,56
5805,-108,58,87,380,5,10,55
5805,-108,33,87,380,6,10,56
5805,-108,54,87,380,5,7,55
5805,-108,33,87,380,6,9,55
5805,-108,39,87,380,6,12,56
5805,-108,57,87,380,6,11,56
5805,-108,41,87,380,6,8,55
5805,-108,51,87,380,6,11,55
5805,-108,53,87,380,5,9,55
5805,-108,45,87,380,7,9,55
5805,-108,41,87,380,6,8,54
5805,-108,39,87,380,6,8,55
5805,-108,41,87,380,5,10,55
5805,-108,49,87,380,6,9,56
5805,-108,49,87,380,5,9,54
5805,-108,53,87,380,5,9,56
5805,-108,53,87,380,7,10,56
5805,-108,49,87,380,5,8,55
5805,-108,38,87,380,5,8,55
5805,-108,42,87,380,5,11,56
5805,-108,51,87,380,6,8,55
5805,-108,46,87,380,6,9,56
5805,-108,61,87,380,6,9,55
5805,-108,62,87,380,4,9,55
5805,-108,50,87,380,6,10,55
5805,-108,55,87,380,6,8,55
5805,-108,57,87,380,7,9,55
5805,-108,39,87,380,7,11,56
5805,-108,35,87,380,6,11,55
5805,-108,53,87,380,5,9,55
5805,-108,32,87,380,6,9,54
5805,-108,49,87,380,6,9,54
5805,-108,27,87,380,6,9,55
5805,-108,45,87,380,7,8,54
5805,-108,31,87,380,6,10,55
5805,-108,42,87,380,6,9,55
5805,-108,42,87,380,6,9,55
5805,-108,55,87,380,5,10,54
5805,-108,37,87,380,6,8,54
5805,-108,36,87,380,6,10,56
5805,-108,35,87,380,5,9,55
5805,-108,54,87,380,6,9,55
5805,-108,46,87,380,5,10,55
5805,-108,53,87,380,5,10,55
5805,-108,42,87,380,5,10,55
5805,-108,48,87,380,6,8,55
5805,-108,35,87,380,6,8,55
5805,-108,43,87,380,4,10,55
5805,-108,42,87,380,6,11,56
5805,-108,58,87,380,6,11,55
5805,-108,48,87,380,6,11,56
5805,-108,57,87,380,6,9,55
5805,-108,41,87,380,4,9,55
5805,-108,36,87,380,5,8,55
5805,-108,48,87,380,6,8,55
5805,-108,36,87,380,5,8,54
5805,-108,44,87,380,4,10,55
5805,-108,49,87,380,6,10,54
5805,-108,45,87,380,5,8,55
5805,-108,37,87,380,6,9,55
5805,-108,53,87,380,5,9,55
5805,-108,35,87,380,5,9,55
5805,-108,42,87,380,5,9,55
5805,-108,38,87,380,5,10,56
5805,-108,50,87,380,7,9,55
5805,-108,58,87,380,3,9,55
5805,-108,54,87,380,4,9,56
5805,-108,43,87,380,4,9,55
5805,-108,41,87,380,5,10,55
5805,-108,60,87,380,6,11,55
5805,-108,39,87,380,7,9,54
5805,-108,57,87,380,4,10,55
5805,-108,55,87,380,5,8,54
5805,-108,47,87,380,5,10,56
5805,-108,31,87,380,6,9,54
5805,-108,41,87,380,5,7,54
5805,-108,55,87,380,5,10,55
5805,-108,48,87,380,5,9,54
5805,-108,52,87,380,4,10,56
5805,-108,68,87,380,4,9,55
5805,-108,48,87,380,5,10,56
5805,-108,34,87,380,6,8,54
5805,-108,32,87,380,6,10,55
5805,-108,50,87,380,4,10,55
5805,-108,43,87,380,6,9,54
5805,-108,38,87,380,5,10,55
5805,-108,37,87,380,6,8,54
5805,-108,41,87,380,6,9,54
5805,-108,44,87,380,6,9,54
5805,-108,47,87,380,5,10,55
5805,-108,44,87,380,6,10,55
5805,-108,52,87,380,5,10,55
5805,-108,49,87,380,6,8,54
5805,-108,46,87,380,5,8,54
5805,-108,38,87,380,6,9,55
5805,-108,48,87,380,6,11,55
5805,-108,44,87,380,4,8,54
5805,-108,44,87,380,5,11,55
5805,-108,43,87,380,5,8,55
5805,-108,38,87,380,6,10,55
5805,-108,57,87,380,6,10,55
5805,-108,31,87,380,6,8,55
5805,-108,51,87,380,6,8,55
5805,-108,41,87,380,4,10,56
5805,-108,43,87,380,5,8,55
5805,-108,46,87,380,6,9,55
5805,-108,38,87,380,6,8,55
5805,-108,47,87,380,5,11,55
5805,-108,56,87,380,5,9,56
5805,-108,57,87,380,6,12,56
5805,-108,43,87,380,7,8,54
5805,-108,36,87,380,5,8,55
5805,-108,36,87,380,5,11,54
5805,-108,46,87,380,6,12,56
5805,-108,52,87,380,4,9,55
5805,-108,51,87,380,4,10,55
5805,-108,49,87,380,5,9,55
5805,-108,35,87,380,6,11,55
5805,-108,51,87,380,5,10,55
5805,-108,45,87,380,5,10,55
5805,-108,30,87,380,5,9,55
5805,-108,41,87,380,4,9,55
5805,-108,61,87,380,6,7,55
5805,-108,41,87,380,5,10,55
5805,-108,40,87,380,6,10,55
5805,-108,49,87,380,5,9,54
5805,-108,53,87,380,6,10,55
5805,-108,42,87,380,4,11,56
5805,-108,45,87,380,5,10,54
5805,-108,32,87,380,5,8,54
5805,-108,40,87,380,5,10,56
5805,-108,41,87,380,6,9,54
5805,-108,45,87,380,4,9,55
5805,-108,44,87,380,5,11,56
5805,-108,55,87,380,6,10,55
5805,-108,41,87,380,6,9,54
5805,-108,53,87,380,5,8,54
5805,-108,62,87,380,7,8,55
5805,-108,51,87,380,5,9,55
5805,-108,54,87,380,5,8,55
5805,-108,49,87,380,5,10,55
5805,-108,34,87,380,6,10,55
5805,-108,46,87,380,6,8,55
5805,-108,49,87,380,5,11,55
5805,-108,52,87,380,6,10,55
5805,-108,36,87,380,5,10,54
5805,-108,51,87,380,4,9,55
5805,-108,39,87,380,4,9,55
5805,-108,42,87,380,5,10,55
5805,-108,38,87,380,5,9,55
5805,-108,44,87,380,4,9,54
5805,-108,56,87,380,6,9,54
5805,-108,42,87,380,6,10,56
5805,-108,49,87,380,4,10,55
5805,-108,42,87,380,5,10,54
5805,-108,46,87,380,5,8,55
5805,-108,41,87,380,5,9,55
5805,-108,57,87,380,6,9,55
5805,-108,45,87,380,5,9,54
5805,-108,50,87,380,5,10,55
5805,-108,34,87,380,4,7,53
5805,-108,47,87,380,4,9,55
5805,-108,47,87,380,5,10,55
5805,-108,48,87,380,6,9,55
5805,-108,52,87,380,6,9,55
5805,-108,50,87,380,6,12,56
5805,-108,44,87,380,6,8,54
5805,-108,46,87,380,6,11,56
5805,-108,39,87,380,7,10,55
5805,-108,36,87,380,5,9,54
5805,-108,40,87,380,4,8,54
5805,-108,58,87,380,3,9,56
5805,-108,65,87,380,7,10,55
5805,-108,46,87,380,5,10,55
5805,-108,47,87,380,6,9,55
5805,-108,56,87,380,6,10,56
5805,-108,47,87,380,5,8,55
5805,-108,45,87,380,4,9,55
5805,-108,47,87,380,6,9,55
5805,-108,46,87,380,5,10,56
5805,-108,40,87,380,5,11,55
5805,-108,53,87,380,5,9,55
5805,-108,40,87,380,5,8,54
5805,-108,42,87,380,6,9,54
5805,-108,38,87,380,5,8,54
5805,-108,36,87,380,6,10,54
5805,-108,36,87,380,5,9,55
5805,-108,40,87,380,6,9,55
5805,-108,40,87,380,5,10,55
5805,-108,41,87,380,6,10,55
5805,-108,52,87,380,5,8,54
5805,-108,42,87,380,6,11,54
5805,-108,46,87,380,5,9,54
5805,-108,31,87,380,6,9,54
5805,-108,49,87,380,6,10,55
5805,-108,35,87,380,6,10,55
5805,-108,35,87,380,6,6,54
5805,-108,44,87,380,6,11,54
5805,-108,57,87,380,4,8,55
5805,-108,46,87,380,6,9,55
5805,-108,48,87,380,5,8,54
5805,-108,42,87,380,5,9,55
5805,-108,36,87,380,6,9,56
5805,-108,47,87,380,7,9,54
5805,-108,43,87,380,6,9,56
5805,-108,41,87,380,6,11,56
5805,-108,52,87,380,6,8,54
5805,-108,42,87,380,6,10,55
5805,-108,42,87,380,5,10,55
5805,-108,46,87,380,4,9,55
5805,-108,74,87,380,5,12,56
5805,-108,56,87,380,7,9,56
5805,-108,35,87,380,5,10,56
5805,-108,51,87,380,6,10,55
5805,-108,59,87,380,5,9,55
5805,-108,41,87,380,5,9,55
5805,-108,44,87,380,6,9,55
5805,-108,51,87,380,5,10,55
5805,-108,44,87,380,5,9,55
5805,-108,39,87,380,6,9,55
5805,-108,42,87,380,4,11,55
5805,-108,49,87,380,6,9,55
5805,-108,47,87,380,4,11,55
5805,-108,46,87,380,4,9,55
5805,-108,52,87,380,5,10,55
5805,-108,57,87,380,5,9,55
5805,-108,53,87,380,6,8,55
5805,-108,47,87,380,5,10,55
5805,-108,43,87,380,5,12,55
5805,-108,43,87,380,5,10,55
5805,-108,59,87,380,5,10,55
5805,-108,40,87,380,6,8,54
5805,-108,52,87,380,6,9,55
5805,-108,46,87,380,5,8,54
5805,-108,36,87,380,7,10,55
5805,-108,34,87,380,5,8,54
5805,-108,41,87,380,4,10,55
5805,-108,30,87,380,5,10,55
5805,-108,30,87,380,7,7,53
5805,-108,54,87,380,6,9,55
5805,-108,52,87,380,5,9,55
5805,-108,43,87,380,6,9,55
5805,-108,41,87,380,4,7,55
5805,-108,55,87,380,6,10,55
5805,-108,41,87,380,5,9,55
5805,-108,50,87,380,5,12,55
5805,-108,44,87,380,6,10,55
5805,-108,44,87,380,6,8,54
5805,-108,53,87,380,5,10,56
5805,-108,49,87,380,6,11,55
5805,-108,41,87,380,4,9,55
5805,-108,35,87,380,6,8,53
5805,-108,48,87,380,6,8,54
5805,-108,36,87,380,5,9,54
5805,-108,39,87,380,5,10,57
5805,-108,33,87,380,5,11,55
5805,-108,40,87,380,6,9,55
5805,-108,58,87,380,5,9,54
5805,-108,41,87,380,5,9,55
5805,-108,46,87,380,6,8,54
5805,-108,31,87,380,6,9,55
5805,-108,29,87,380,5,9,55
5805,-108,48,87,380,6,8,55
5805,-108,47,87,380,5,10,55
5805,-108,44,87,380,4,10,55
5805,-108,48,87,380,5,10,55
5805,-108,55,87,380,6,8,54
5805,-108,45,87,380,7,11,56
5805,-108,36,87,380,5,9,55
5805,-108,42,87,380,6,10,55
5805,-108,48,87,380,6,8,54
5805,-108,50,87,380,7,11,55
5805,-108,40,87,380,5,9,55
5805,-108,49,87,380,5,10,55
5805,-108,57,87,380,5,10,55
5805,-108,36,87,380,5,9,54
5805,-108,43,87,380,6,8,55
5805,-108,48,87,380,6,9,54
5805,-108,46,87,380,6,9,55
5805,-108,29,87,380,5,9,54
5805,-108,52,87,380,5,10,55
5805,-108,56,87,380,6,8,55
5805,-108,44,87,380,5,10,55
5805,-108,40,87,380,5,10,56
5805,-108,30,87,380,5,9,55
5805,-108,42,87,380,5,9,54
5805,-108,41,87,380,5,9,54
5805,-108,41,87,380,5,9,55
5805,-108,45,87,380,6,11,55
5805,-108,53,90,377,6,9,57
5805,-108,26,90,377,6,10,57
5805,-108,64,90,377,3,9,57
5805,-108,49,90,377,4,10,58
5805,-108,42,90,377,5,9,58
5805,-108,37,90,377,5,10,57
5805,-108,50,90,377,5,10,57
5805,-108,48,90,377,4,9,57
5805,-108,49,90,377,6,9,57
5805,-108,32,90,377,4,10,57
5805,-108,53,90,377,5,12,60
5805,-108,47,87,379,6,8,54
5805,-108,41,87,379,3,11,56
5805,-108,38,87,379,6,11,55
5805,-108,53,87,379,5,7,54
5805,-108,42,87,379,5,10,56
5805,-108,44,87,379,6,10,55
5805,-108,33,87,379,5,10,55
5805,-108,34,87,379,4,9,55
5805,-108,52,87,379,4,9,56
5805,-108,47,87,379,5,11,56
5805,-108,42,87,379,4,9,55
5805,-108,47,87,379,5,10,56
5805,-108,58,87,379,5,8,55
5805,-108,41,87,379,7,11,56
5805,-108,49,87,379,5,10,55
5805,-108,41,87,379,6,8,55
5805,-108,53,87,379,5,9,55
5805,-108,48,87,379,5,9,54
5805,-108,31,87,379,4,11,54
5805,-108,51,87,379,5,8,55
5805,-108,54,87,379,5,10,55
5805,-108,43,87,379,5,9,54
5805,-108,43,87,379,6,10,55
5805,-108,54,87,379,5,10,56
5805,-108,43,87,379,4,9,55
5805,-108,36,87,379,6,9,54
5805,-108,48,87,379,5,10,55
5805,-108,44,87,379,6,7,54
5805,-108,34,87,379,4,10,54
5805,-108,49,87,379,6,8,54
5805,-108,51,87,379,4,10,54
5805,-108,35,87,379,6,11,55
5805,-108,33,87,379,6,10,55
5805,-108,57,87,379,5,9,55
5805,-108,48,87,379,4,10,55
5805,-108,50,87,379,5,9,55
5805,-108,40,87,379,6,10,55
5805,-108,45,87,379,6,9,55
5805,-108,49,87,379,5,9,56
5805,-108,45,87,379,5,9,55
5805,-108,47,87,379,6,9,55
5805,-108,35,87,379,6,8,55
5805,-108,44,87,379,6,10,56
5805,-108,46,87,379,6,9,55
5805,-108,38,87,379,4,8,54
5805,-108,28,87,379,5,8,54
5805,-108,50,87,379,5,8,54
5805,-108,41,87,379,6,11,55
5805,-108,47,87,379,6,9,55
5805,-108,40,87,379,6,9,55
5805,-108,52,87,379,4,9,55
5805,-108,47,87,379,5,9,55
5805,-108,50,87,379,4,10,55
5805,-108,47,87,379,5,9,55
5805,-108,49,87,379,6,9,55
5805,-108,45,87,379,5,10,55
5805,-108,27,87,379,5,9,54
5805,-108,41,87,379,4,8,55
5805,-108,53,87,379,5,8,55
5805,-108,43,87,379,5,11,55
5805,-108,40,87,379,7,9,55
5805,-108,53,87,379,5,8,54
5805,-108,42,87,379,5,10,55
5805,-108,42,87,379,5,10,56
5805,-108,50,87,379,4,12,55
5805,-108,52,87,379,5,10,54
5805,-108,52,87,379,5,10,56
5805,-108,40,87,379,4,8,53
5805,-108,51,87,379,6,8,55
5805,-108,48,87,379,3,9,54
5805,-108,39,87,379,5,9,55
5805,-108,40,87,379,6,9,55
5805,-108,41,87,379,6,10,55
5805,-108,38,87,379,7,9,55
5805,-108,49,87,379,5,9,55
5805,-108,40,87,379,6,11,56
5805,-108,39,87,379,4,10,55
5805,-108,42,87,379,3,10,55
5805,-108,57,87,379,6,8,55
5805,-108,33,87,379,6,11,54
5805,-108,45,87,379,5,10,55
5805,-108,38,87,379,5,8,54
5805,-108,42,87,379,6,9,54
5805,-108,53,87,379,6,10,56
5805,-108,49,87,379,5,9,55
5805,-108,41,87,379,5,8,54
5805,-108,47,87,379,5,8,54
5805,-108,60,87,379,5,9,55
5805,-108,54,87,379,4,10,56
5805,-108,50,87,379,4,11,56
5805,-108,48,87,379,6,9,55
5805,-108,34,87,379,5,9,54
5805,-108,45,87,379,5,10,54
5805,-108,62,87,379,6,9,55
5805,-108,47,87,379,4,9,55
5805,-108,51,87,379,6,9,54
5805,-108,63,87,379,6,8,55
5805,-108,46,87,379,5,8,54
5805,-108,41,87,379,5,8,55
5805,-108,43,87,379,4,11,56
5805,-108,47,87,379,5,10,55
5805,-108,58,87,379,4,10,56
5805,-108,39,87,379,5,9,54
5805,-108,56,87,379,4,9,55
5805,-108,52,87,379,5,9,55
5805,-108,54,87,379,6,9,55
5805,-108,48,87,379,5,10,55
5805,-108,32,87,379,5,9,54
5805,-108,57,87,379,5,10,56
5805,-108,49,87,379,6,8,56
5805,-108,29,87,379,4,9,54
5805,-108,56,87,379,3,7,54
5805,-108,46,87,379,6,9,54
5805,-108,34,87,379,6,10,56
5805,-108,40,87,379,6,10,55
5805,-108,61,87,379,5,10,55
5805,-108,51,87,379,5,8,55
5805,-108,36,87,379,4,7,54
5805,-108,53,87,379,6,8,55
5805,-108,53,87,379,4,9,56
5805,-108,50,87,379,4,11,56
5805,-108,53,87,379,4,8,54
5805,-108,39,87,379,5,10,55
5805,-108,43,87,379,6,10,54
5805,-108,41,87,379,6,9,54
5805,-108,45,87,379,5,9,55
5805,-108,48,87,379,5,9,55
5805,-108,60,87,379,6,11,56
5805,-108,57,87,379,6,10,56
5805,-108,69,87,379,4,10,56
5805,-108,37,87,379,5,8,54
5805,-108,54,87,379,6,9,55
5805,-108,54,87,379,5,9,55
5805,-108,34,87,379,6,8,54
5805,-108,60,87,379,5,11,56
5805,-108,52,87,379,5,9,55
5805,-108,45,87,379,5,9,54
5805,-108,46,87,379,5,11,56
5805,-108,57,87,379,5,9,55
5805,-108,46,87,379,5,11,56
5805,-108,61,87,379,4,10,55
5805,-108,55,87,379,5,8,54
5805,-108,59,87,379,5,9,54
5805,-108,47,87,379,4,8,54
5805,-108,51,87,379,4,8,54
5805,-108,37,87,379,6,10,56
5805,-108,49,87,379,3,9,54
5805,-108,52,87,379,5,9,55
5805,-108,61,87,379,5,8,55
5805,-108,36,87,379,6,9,54
5805,-108,52,87,379,5,8,54
5805,-108,55,87,379,4,8,54
5805,-108,62,87,379,4,10,55
5805,-108,52,87,379,6,9,54
5805,-108,47,87,379,5,9,54
5805,-108,46,87,379,6,10,56
5805,-108,52,87,379,5,9,55
5805,-108,48,87,379,5,9,55
5805,-108,63,87,379,5,10,55
5805,-108,54,87,379,5,9,55
5805,-108,46,87,379,5,10,56
5805,-108,57,87,379,6,8,55
5805,-108,43,87,379,5,9,54
5805,-108,50,87,379,5,7,55
5805,-108,47,87,379,6,8,55
5805,-108,54,87,379,5,10,55
5805,-108,48,87,379,4,9,55
5805,-108,43,87,379,5,9,55
5805,-108,59,87,379,5,10,56
5805,-108,44,87,379,4,9,55
5805,-108,45,87,379,6,9,55
5805,-108,44,87,379,4,9,54
5805,-108,49,87,379,5,9,55
5805,-108,47,87,379,5,9,56
5805,-108,45,87,379,6,9,55
5805,-108,57,87,379,6,10,55
5805,-108,44,87,379,6,8,55
5805,-108,52,87,379,5,9,54
5805,-108,56,87,379,6,9,55
5805,-108,50,87,379,6,8,54
5805,-108,39,87,379,5,9,54
5805,-108,36,87,379,6,10,54
5805,-108,41,87,379,4,10,56
5805,-108,48,87,379,7,10,54
5805,-108,46,87,379,5,7,55
5805,-108,47,87,379,4,11,56
5805,-108,48,87,379,6,10,55
5805,-108,46,87,379,5,10,55
5805,-108,53,87,379,4,9,55
5805,-108,45,87,379,5,10,55
5805,-108,30,87,379,6,7,54
5805,-108,59,87,379,6,9,54
5805,-108,54,87,379,6,10,55
5805,-108,46,87,379,6,9,55
5805,-108,40,87,379,5,8,54
5805,-108,38,87,379,4,11,56
5805,-108,38,87,379,4,9,55
5805,-108,52,87,379,4,10,55
5805,-108,41,87,379,6,9,55
5805,-108,50,87,379,5,9,55
5805,-108,43,87,379,4,9,55
5805,-108,40,87,379,4,11,56
5805,-108,39,87,379,5,9,56
5805,-108,52,87,379,5,10,55
5805,-108,47,87,379,5,10,55
5805,-108,45,87,379,5,10,56
5805,-108,34,87,379,5,10,55
5805,-108,50,87,379,6,9,56
5805,-108,30,87,379,5,9,55
5805,-108,56,87,379,7,9,55
5805,-108,51,87,379,6,9,55
5805,-108,52,87,379,5,8,54
5805,-108,46,87,379,6,9,54
5805,-108,44,87,379,6,8,54
5805,-108,55,87,379,5,10,55
5805,-108,39,87,379,5,10,55
5805,-108,55,87,379,4,9,56
5805,-108,51,87,379,4,10,55
5805,-108,45,87,379,4,9,55
5805,-108,50,87,379,5,11,56
5805,-108,52,87,379,5,9,56
5805,-108,46,87,379,6,9,55
5805,-108,48,87,379,5,9,54
5805,-108,48,87,379,5,12,57
5805,-108,44,87,379,5,9,55
5805,-108,41,87,379,5,10,55
5805,-108,53,87,379,5,9,55
5805,-108,55,87,379,5,9,55
5805,-108,65,87,379,5,9,55
5805,-108,48,87,379,4,8,55
5805,-108,43,87,379,6,9,55
5805,-108,60,87,379,6,8,55
5805,-108,48,87,379,5,9,56
5805,-108,46,87,379,6,8,54
5805,-108,43,87,379,4,8,54
5805,-108,39,87,379,4,8,54
5805,-108,44,87,379,5,10,55
5805,-108,51,87,379,5,11,56
5805,-108,41,87,379,6,13,57
5805,-108,54,87,379,6,10,56
5805,-108,47,87,379,5,9,55
5805,-108,44,87,379,5,8,54
5805,-108,46,87,379,5,9,54
5805,-108,32,87,379,5,10,55
5805,-108,60,87,379,5,9,55
5805,-108,40,87,379,5,10,55
5805,-108,62,87,379,5,10,55
5805,-108,42,87,379,6,10,56
5805,-108,40,87,379,3,9,55
5805,-108,55,87,379,4,9,54
5805,-108,34,87,379,5,8,54
5805,-108,26,87,379,5,9,55
5805,-108,53,87,379,6,10,55
5805,-108,57,87,379,6,11,56
5805,-108,60,87,379,5,9,55
5805,-108,54,87,379,5,8,54
5805,-108,52,87,379,5,10,55
5805,-108,46,87,379,5,8,55
5805,-108,30,87,379,5,9,54
5805,-108,43,87,379,5,9,55
5805,-108,46,87,379,6,9,54
5805,-108,56,87,379,6,9,55
5805,-108,43,87,379,5,9,55
5805,-108,49,87,379,5,8,55
5805,-108,53,87,379,5,10,55
5805,-108,50,87,379,6,9,56
5805,-108,46,87,379,5,9,55
5805,-108,57,87,379,6,9,54
5805,-108,44,87,379,5,10,55
5805,-108,34,87,379,6,9,55
5805,-108,52,87,379,6,10,55
5805,-108,25,87,379,4,9,55
5805,-108,44,87,379,6,9,55
5805,-108,42,87,379,7,10,55
5805,-108,39,87,379,5,9,55
5805,-108,44,87,379,5,9,55
5805,-108,40,87,379,4,8,56
5805,-108,45,87,379,4,12,56
5805,-108,41,87,379,6,9,54
5805,-108,58,87,379,4,9,56
5805,-108,50,87,379,5,9,55
5805,-108,48,87,379,5,10,56
5805,-108,48,87,379,5,9,55
5805,-108,47,87,379,5,10,56
5805,-108,49,87,379,6,9,55
5805,-108,31,87,379,4,8,54
5805,-108,54,87,379,4,10,57
5805,-108,36,87,379,5,9,54
5805,-108,33,87,379,5,10,55
5805,-108,45,87,379,5,10,55
5805,-108,41,87,379,6,9,55
5805,-108,47,87,379,5,8,54
5805,-108,38,87,379,6,10,55
5805,-108,65,87,379,5,9,56
5805,-108,43,87,379,6,9,55
5805,-108,48,87,379,5,9,55
5805,-108,54,87,379,5,11,55
5805,-108,42,87,379,6,10,56
5805,-108,54,87,379,4,9,55
5805,-108,38,87,379,5,9,54
5805,-108,61,87,379,5,9,55
5805,-108,41,87,379,5,10,55
5805,-108,41,87,379,4,10,55
5805,-108,47,87,379,6,10,56
5805,-108,52,87,379,6,10,56
5805,-108,55,87,379,6,9,55
5805,-108,56,87,379,5,9,54
5805,-108,42,87,379,6,11,55
5805,-108,44,87,379,6,9,55
5805,-108,32,87,379,4,8,54
5805,-108,45,87,379,5,9,55
5805,-108,48,87,379,6,8,54
5805,-108,56,87,379,6,9,56
5805,-108,33,87,379,5,10,55
5805,-108,60,87,379,6,8,54
5805,-108,30,87,379,4,10,56
5805,-108,38,87,379,5,9,55
5805,-108,46,87,379,5,8,54
5805,-108,51,87,379,4,10,55
5805,-108,50,87,379,4,10,56
5805,-108,46,87,379,5,9,55
5805,-108,39,87,379,4,9,54
5805,-108,47,87,379,5,9,55
5805,-108,44,87,379,4,11,55
5805,-108,41,87,379,5,11,55
5805,-108,42,87,379,6,9,55
5805,-108,32,87,379,5,10,55
5805,-108,51,87,379,5,10,56
5805,-108,46,87,379,6,10,55
5805,-108,38,87,379,5,8,55
5805,-108,39,87,379,5,7,54
5805,-108,50,87,379,6,9,54
5805,-108,38,87,379,6,9,55
5805,-108,47,87,379,4,9,55
5805,-108,46,87,379,5,11,55
5805,-108,44,87,379,5,9,55
5805,-108,50,87,379,6,7,53
5805,-108,42,87,379,5,10,55
5805,-108,61,87,379,6,10,55
5805,-108,54,87,379,5,8,55
5805,-108,38,87,379,5,9,56
5805,-108,38,87,379,5,12,55
5805,-108,46,87,379,5,10,56
5805,-108,56,87,379,6,10,56
5805,-108,47,87,379,5,8,55
5805,-108,42,87,379,5,9,55
5805,-108,38,87,379,4,9,55
5805,-108,48,87,379,6,10,55
5805,-108,61,87,379,4,9,54
5805,-108,39,87,379,6,8,54
5805,-108,62,87,379,5,10,55
5805,-108,48,87,379,6,10,56
5805,-108,63,87,379,4,9,56
5805,-108,47,87,379,6,11,57
5805,-108,47,87,379,5,9,55
5805,-108,52,87,379,4,11,56
5805,-108,40,87,379,4,9,55
5805,-108,30,87,379,4,9,54
5805,-108,47,87,379,5,9,56
5805,-108,56,87,379,4,7,55
5805,-108,42,87,379,3,10,55
5805,-108,40,87,379,5,8,54
5805,-108,49,87,379,4,10,55
5805,-108,45,87,379,5,10,55
5805,-108,55,87,379,4,9,55
5805,-108,41,87,379,5,8,55
5805,-108,48,87,379,5,6,54
5805,-108,45,87,379,4,10,56
5805,-108,53,87,379,5,9,54
5805,-108,59,87,379,4,10,56
5805,-108,41,87,379,5,10,56
5805,-108,28,87,379,5,7,54
5805,-108,61,87,379,7,10,56
5805,-108,47,87,379,5,9,55
5805,-108,44,87,379,5,10,55
5805,-108,32,87,379,6,9,53
5805,-108,46,87,379,4,11,56
5805,-108,47,87,379,6,9,55
5805,-108,45,87,379,5,9,55
5805,-108,24,87,379,5,10,55
5805,-108,50,87,379,4,8,55
5805,-108,41,87,379,5,9,55
5805,-108,42,87,379,5,9,55
5805,-108,43,87,379,5,10,55
5805,-108,45,87,379,6,9,54
5805,-108,46,87,379,5,10,55
5805,-108,43,87,379,4,9,55
5805,-108,48,87,379,6,10,55
5805,-108,45,87,379,5,10,55
5805,-108,33,87,379,5,10,54
5805,-108,49,87,379,5,10,56
5805,-108,41,87,379,5,8,54
5805,-108,37,87,379,5,9,55
5805,-108,54,87,379,6,8,55
5805,-108,50,87,379,5,10,55
5805,-108,50,87,379,7,9,54
5805,-108,50,87,379,6,9,54
5805,-108,60,87,379,4,9,55
5805,-108,31,87,379,7,9,54
5805,-108,71,87,379,6,11,56
5805,-108,30,87,379,4,10,55
5805,-108,60,87,379,4,11,55
5805,-108,50,87,379,4,9,54
5805,-108,43,87,379,5,8,55
5805,-108,40,87,379,3,9,54
5805,-108,49,87,379,4,8,54
5805,-108,41,87,379,5,9,55
5805,-108,26,87,379,4,10,55
5805,-108,40,87,379,5,9,55
5805,-108,35,87,379,5,9,55
5805,-108,45,87,379,5,10,55
5805,-108,58,87,379,5,9,54
5805,-108,35,87,379,5,10,56
5805,-108,53,87,379,3,8,54
5805,-108,53,87,379,6,8,55
5805,-108,39,87,379,5,10,54
5805,-108,45,87,379,3,8,54
5805,-108,37,87,379,4,9,55
5805,-108,49,87,379,6,9,54
5805,-108,40,87,379,6,10,56
5805,-108,48,87,379,6,12,55
5805,-108,45,87,379,4,9,54
5805,-108,42,87,379,7,10,56
5805,-108,32,87,379,6,10,55
5805,-108,45,87,379,5,11,55
5805,-108,29,87,379,7,9,54
5805,-108,41,87,379,3,11,56
5805,-108,35,87,379,5,8,55
5805,-108,29,87,379,5,9,54
5805,-108,59,87,379,5,10,55
5805,-108,53,87,379,6,10,56
5805,-108,31,87,379,5,10,55
5805,-108,44,87,379,4,9,55
5805,-108,41,87,379,6,9,55
5805,-108,50,87,379,5,8,53
5805,-108,47,87,379,6,8,55
5805,-108,44,87,379,6,8,54
5805,-108,53,87,379,5,8,54
5805,-108,44,87,379,5,9,54
5805,-108,45,87,379,6,10,56
5805,-108,34,87,379,5,9,55
5805,-108,53,87,379,5,9,55
5805,-108,46,87,379,5,9,54
5805,-108,49,87,379,4,9,55
5805,-108,54,87,379,5,10,55
5805,-108,47,87,379,4,8,54
5805,-108,48,87,379,5,9,54
5805,-108,54,87,379,5,11,56
5805,-108,46,87,379,4,8,55
5805,-108,57,87,379,4,9,56
5805,-108,46,87,379,5,10,55
5805,-108,45,87,379,5,9,55
5805,-108,48,87,379,5,8,55
5805,-108,46,87,379,4,10,55
5805,-108,49,87,379,5,9,54
5805,-108,45,87,379,6,9,55
5805,-108,31,87,379,5,10,54
5805,-108,42,87,379,5,10,55
5805,-108,39,87,379,4,10,55
5805,-108,43,87,379,5,10,55
5805,-108,42,87,379,6,11,55
5805,-108,54,87,379,3,7,55
5805,-108,42,87,379,6,8,54
5805,-108,49,87,379,5,10,55
5805,-108,46,87,379,5,11,55
5805,-108,54,87,379,4,10,55
5805,-108,45,87,379,6,10,54
5805,-108,49,87,379,4,10,54
5805,-108,33,87,379,5,9,55
5805,-108,44,87,379,5,10,56
5805,-108,36,87,379,5,8,54
5805,-108,48,87,379,5,9,54
5805,-108,46,87,379,5,10,56
5805,-108,45,87,379,6,8,54
5805,-108,41,87,379,6,10,55
5805,-108,44,87,379,6,10,55
5805,-108,51,87,379,5,8,54
5805,-108,40,87,379,5,9,55
5805,-108,30,87,379,5,10,55
5805,-108,44,87,379,4,9,55
5805,-108,41,87,379,6,8,54
5805,-108,45,87,379,5,8,55
5805,-108,50,87,379,4,9,55
5805,-108,52,87,379,4,9,54
5805,-108,34,87,379,5,9,55
5805,-108,28,87,379,6,10,55
5805,-108,45,87,379,4,11,56
5805,-108,44,87,379,6,9,55
5805,-108,52,87,379,5,9,55
5805,-108,47,87,379,6,9,55
5805,-108,42,87,379,6,9,55
5805,-108,41,87,379,5,10,55
5805,-108,54,87,379,5,9,55
5805,-108,44,87,379,4,8,55
5805,-108,42,87,379,4,9,55
5805,-108,44,87,379,6,12,56
5805,-108,39,87,379,5,10,54
5805,-108,47,87,379,4,10,55
5805,-108,49,87,379,5,7,55
5805,-108,37,87,379,5,10,55
5805,-108,56,87,379,5,8,55
5805,-108,36,87,379,5,10,55
5805,-108,66,87,379,6,9,56
5805,-108,45,87,379,6,8,54
5805,-108,48,87,379,5,8,55
5805,-108,55,87,379,5,11,56
5805,-108,34,87,379,5,8,55
5805,-108,43,87,379,6,9,54
5805,-108,31,87,379,5,10,55
5805,-108,43,87,379,5,9,54
5805,-108,43,87,379,5,11,57
5805,-108,51,87,379,6,11,56
5805,-108,44,87,379,5,10,55
5805,-108,41,87,379,5,10,56
5805,-108,40,87,379,5,10,55
5805,-108,42,87,379,5,9,54
5805,-108,39,87,379,5,11,55
5805,-108,44,87,379,4,9,55
5805,-108,52,87,379,5,8,55
5805,-108,54,87,379,5,9,54
5805,-108,37,87,379,4,9,55
5805,-108,56,87,379,6,11,55
5805,-108,40,87,379,6,10,54
5805,-108,42,87,379,5,10,55
5805,-108,47,87,379,6,10,55
5805,-108,55,87,379,7,11,56
5805,-108,43,87,379,6,8,54
5805,-108,44,87,379,5,9,55
5805,-108,27,87,379,5,9,55
5805,-108,44,87,379,5,9,55
5805,-108,39,87,379,4,12,55
5805,-108,45,87,379,5,10,55
5805,-108,32,87,379,4,9,54
5805,-108,56,87,379,5,7,53
5805,-108,47,87,379,4,10,56
5805,-108,54,87,379,4,10,55
5805,-108,54,87,379,5,11,56
5805,-108,61,87,379,5,10,56
5805,-108,42,87,379,6,8,54
5805,-108,60,87,379,4,8,54
5805,-108,53,87,379,6,9,55
5805,-108,43,87,379,6,11,55
5805,-108,52,87,379,6,10,56
5805,-108,59,87,379,5,10,55
5805,-108,54,87,379,6,9,55
5805,-108,50,87,379,5,7,55
5805,-108,37,87,379,5,10,55
5805,-108,43,87,379,5,10,55
5805,-108,48,87,379,4,9,55
5805,-108,30,87,379,5,10,55
5805,-108,52,87,379,5,9,55
5805,-108,50,87,379,5,8,54
5805,-108,54,87,379,4,9,54
5805,-108,43,87,379,6,9,54
5805,-108,35,87,379,5,8,54
5805,-108,47,87,379,4,10,55
5805,-108,43,87,379,6,9,55
5805,-108,53,87,379,5,9,54
5805,-108,43,87,379,5,8,54
5805,-108,27,87,379,5,10,55
5805,-108,46,87,379,7,9,55
5805,-108,39,87,379,6,11,55
5805,-108,56,87,379,5,11,56
5805,-108,39,87,379,6,9,55
5805,-108,49,87,379,4,10,56
5805,-108,53,87,379,6,10,55
5805,-108,39,87,379,6,9,55
5805,-108,35,87,379,4,9,54
5805,-108,51,87,379,5,11,55
5805,-108,35,87,379,4,9,55
5805,-108,37,87,379,5,10,55
5805,-108,60,87,379,5,10,56
5805,-108,42,87,379,5,9,54
5805,-108,37,87,379,5,10,55
5805,-108,37,87,379,5,8,54
5805,-108,50,87,379,5,10,55
5805,-108,46,87,379,4,8,54
5805,-108,56,87,379,5,9,55
5805,-108,55,87,379,4,9,55
5805,-108,59,87,379,5,11,56
5805,-108,35,87,379,4,10,55
5805,-108,58,87,379,6,7,54
5805,-108,45,87,379,5,9,54
5805,-108,47,87,379,5,9,55
5805,-108,52,87,379,4,8,54
5805,-108,43,87,379,4,10,55
5805,-108,47,87,379,6,9,55
5805,-108,57,87,379,5,8,55
5805,-108,48,87,379,5,10,56
5805,-108,41,87,379,6,11,56
5805,-108,45,87,379,6,9,55
5805,-108,49,87,379,5,10,55
5805,-108,40,87,379,6,9,55
5805,-108,57,87,379,5,10,55
5805,-108,52,87,379,4,8,54
5805,-108,61,87,379,4,9,55
5805,-108,52,87,379,6,8,55
5805,-108,53,87,379,6,11,57
5805,-108,31,87,379,7,9,55
5805,-108,55,87,379,5,9,55
5805,-108,48,87,379,5,7,54
5805,-108,52,87,379,6,12,56
5805,-108,55,87,379,5,10,55
5805,-108,49,87,379,5,8,54
5805,-108,47,87,379,5,12,56
5805,-108,63,87,379,7,11,56
5805,-108,46,87,379,6,9,55
5805,-108,43,87,379,6,9,55
5805,-108,38,87,379,5,11,55
5805,-108,44,87,379,5,8,54
5805,-108,43,87,379,5,9,54
5805,-108,45,87,379,5,9,55
5805,-108,42,87,379,3,9,55
5805,-108,49,87,379,5,10,56
5805,-108,27,87,379,5,7,54
5805,-108,42,87,379,4,9,55
5805,-108,40,87,379,4,9,55
5805,-108,45,87,379,5,9,54
5805,-108,46,87,379,5,9,55
5805,-108,37,87,379,4,7,54
5805,-108,37,87,379,6,9,54
5805,-108,41,87,379,4,9,55
5805,-108,31,87,379,5,8,54
5805,-108,45,87,379,5,10,56
5805,-108,49,87,379,6,12,57
5805,-108,59,87,379,5,10,56
5805,-108,58,87,379,5,9,55
5805,-108,42,87,379,6,10,55
5805,-108,48,87,379,4,9,54
5805,-108,53,87,379,6,9,56
5805,-108,53,87,379,6,10,56
5805,-108,39,87,379,5,9,56
5805,-108,33,87,379,5,9,54
5805,-108,44,87,379,5,10,56
5805,-108,43,87,379,6,9,55
5805,-108,46,87,379,5,8,55
5805,-108,40,87,379,5,9,56
5805,-108,47,87,379,6,10,55
5805,-108,50,87,379,6,10,55
5805,-108,55,87,379,4,8,55
5805,-108,47,87,379,5,9,56
5805,-108,48,87,379,5,9,55
5805,-108,51,87,379,5,10,55
5805,-108,40,87,379,6,10,56
5805,-108,43,87,379,4,9,54
5805,-108,52,87,379,5,11,56
5805,-108,47,87,379,4,9,55
5805,-108,38,87,379,5,8,54
5805,-108,49,87,379,4,10,55
5805,-108,51,87,379,4,9,55
5805,-108,47,87,379,5,9,54
5805,-108,39,87,379,5,11,56
5805,-108,48,87,379,4,10,55
5805,-108,63,87,379,4,9,56
5805,-108,45,87,379,6,10,55
5805,-108,62,87,379,5,9,55
5805,-108,49,87,379,4,8,55
5805,-108,64,87,379,6,10,55
5805,-108,37,87,379,5,9,54
5805,-108,40,87,379,5,8,55
5805,-108,41,87,379,5,7,54
5805,-108,66,87,379,5,10,56
5805,-108,46,87,379,5,9,55
5805,-108,57,87,379,5,9,55
5805,-108,50,87,379,5,10,55
5805,-108,42,87,379,4,9,55
5805,-108,68,87,379,6,8,55
5805,-108,54,87,379,6,9,55
5805,-108,52,87,379,5,9,54
5805,-108,43,87,379,5,8,54
5805,-108,52,87,379,5,9,55
5805,-108,47,87,379,5,10,56
5805,-108,51,87,379,5,9,55
5805,-108,74,87,379,6,11,57
5805,-108,39,87,379,5,9,56
5805,-108,53,87,379,5,9,55
5805,-108,49,87,379,6,9,55
5805,-108,48,87,379,6,9,54
5805,-108,51,87,379,4,10,55
5805,-108,41,87,379,3,7,54
5805,-108,41,87,379,4,8,55
5805,-108,60,87,379,6,9,56
5805,-108,34,87,379,4,10,56
5805,-108,46,87,379,5,10,55
5805,-108,37,87,379,3,8,55
5805,-108,51,87,379,6,8,55
5805,-108,55,87,379,4,11,56
5805,-108,39,87,379,6,9,54
5805,-108,49,87,379,6,8,54
5805,-108,34,87,379,6,9,56
5805,-108,37,87,379,5,11,56
5805,-108,61,87,379,5,9,55
5805,-108,60,87,379,7,9,55
5805,-108,33,87,379,5,9,55
5805,-108,46,87,379,5,9,54
5805,-108,39,87,379,5,11,55
5805,-108,34,87,379,6,10,55
5805,-108,38,87,379,4,10,56
5805,-108,43,87,379,5,11,55
5805,-108,54,87,379,5,8,55
5805,-108,48,87,379,6,9,55
5805,-108,41,87,379,5,7,54
5805,-108,53,87,379,4,10,55
5805,-108,56,87,379,5,10,56
5805,-108,45,87,379,5,9,55
5805,-108,22,87,379,5,9,54
5805,-108,46,87,379,6,9,55
5805,-108,39,87,379,5,10,55
5805,-108,42,87,379,6,9,54
5805,-108,37,87,379,4,10,55
5805,-108,42,87,379,6,9,55
5805,-108,47,87,379,6,10,56
5805,-108,47,87,379,6,9,55
5805,-108,42,87,379,5,10,54
5805,-108,34,87,379,4,9,55
5805,-108,56,87,379,4,11,55
5805,-108,48,87,379,5,8,54
5805,-108,49,87,379,5,10,55
5805,-108,48,87,379,4,9,55
5805,-108,51,87,379,5,10,54
5805,-108,51,87,379,4,10,55
5805,-108,46,87,379,4,11,56
5805,-108,47,87,379,4,9,54
5805,-108,52,87,379,5,9,55
5805,-108,30,87,379,5,9,55
5805,-108,36,87,379,5,8,54
5805,-108,47,87,379,5,11,56
5805,-108,50,87,379,6,11,56
5805,-108,51,87,379,3,9,55
5805,-108,40,87,379,6,9,54
5805,-108,58,87,379,6,10,56
5805,-108,35,87,379,4,10,55
5805,-108,37,87,379,6,10,55
5805,-108,55,87,379,5,9,55
5805,-108,35,87,379,4,10,54
5805,-108,49,87,379,5,6,54
5805,-108,44,87,379,5,9,54
5805,-108,28,87,379,7,9,55
5805,-108,53,87,379,4,9,55
5805,-108,44,87,379,5,9,55
5805,-108,46,87,379,6,9,55
5805,-108,39,87,379,5,8,55
5805,-108,54,87,379,5,10,55
5805,-108,41,87,379,5,9,55
5805,-108,52,87,379,5,10,55
5805,-108,61,87,379,4,10,56
5805,-108,51,87,379,4,7,54
5805,-108,52,87,379,5,9,56
5805,-108,36,87,379,6,9,54
5805,-108,52,87,379,6,9,55
5805,-108,36,87,379,4,9,55
5805,-108,48,87,379,6,8,54
5805,-108,42,87,379,6,10,56
5805,-108,45,87,379,4,11,55
5805,-108,54,87,379,5,8,55
5805,-108,56,87,379,4,8,54
5805,-108,40,87,379,5,10,55
5805,-108,43,87,379,5,9,54
5805,-108,36,87,379,6,9,55
5805,-108,52,87,379,5,10,55
5805,-108,55,87,379,4,10,55
5805,-108,46,87,379,5,10,55
5805,-108,30,87,379,5,8,54
5805,-108,38,87,379,4,8,54
5805,-108,28,87,379,6,8,54
5805,-108,46,87,379,4,10,55
5805,-108,37,87,379,6,10,55
5805,-108,42,87,379,5,8,54
5805,-108,51,87,379,4,10,55
5805,-108,52,87,379,5,8,54
5805,-108,64,87,379,6,10,55
5805,-108,42,87,379,6,10,55
5805,-108,43,87,379,4,9,54
5805,-108,41,87,379,5,11,56
5805,-108,41,87,379,5,9,55
5805,-108,40,87,379,6,10,55
5805,-108,33,87,379,6,6,53
5805,-108,31,87,379,5,9,55
5805,-108,53,87,379,5,9,55
5805,-108,38,87,379,4,9,53
5805,-108,37,87,379,5,10,55
5805,-108,46,87,379,5,9,54
5805,-108,49,87,379,5,11,56
5805,-108,41,87,379,5,9,56
5805,-108,39,87,379,7,10,55
5805,-108,30,87,379,4,8,54
5805,-108,36,87,379,5,8,54
5805,-108,53,87,379,5,9,56
5805,-108,40,87,379,5,10,54
5805,-108,45,87,379,4,10,54
5805,-108,46,87,379,5,11,56
5805,-108,46,87,379,3,11,56
5805,-108,40,87,379,4,11,55
5805,-108,37,87,379,4,9,54
5805,-108,47,87,379,6,10,55
5805,-108,41,87,379,5,9,55
5805,-108,41,87,379,3,10,54
5805,-108,38,87,379,4,10,54
5805,-108,38,87,379,4,10,55
5805,-108,41,87,379,5,11,55
5805,-108,37,87,379,3,10,55
5805,-108,52,87,379,5,11,56
5805,-108,52,87,379,5,8,54
5805,-108,39,87,379,6,8,55
5805,-108,51,87,379,4,10,55
5805,-108,36,87,379,5,9,54
5805,-108,59,87,379,5,10,56
5805,-108,50,87,379,5,11,55
5805,-108,35,87,379,5,10,55
5805,-108,48,87,379,6,10,55
5805,-108,49,87,379,5,9,55
5805,-108,41,87,379,7,6,54
5805,-108,41,87,379,5,11,56
5805,-108,46,87,379,5,11,55
5805,-108,40,87,379,5,10,55
5805,-108,51,87,379,5,9,55
5805,-108,36,87,379,5,10,56
5805,-108,46,87,379,5,10,55
5805,-108,54,87,379,5,8,55
5805,-108,40,87,379,6,10,55
5805,-108,52,87,379,5,9,55
5805,-108,33,87,379,6,10,56
5805,-108,53,87,379,5,10,55
5805,-108,55,87,379,6,9,55
5805,-108,54,87,379,5,10,55
5805,-108,45,87,379,6,8,54
5805,-108,37,87,379,4,9,54
5805,-108,56,87,379,6,9,55
5805,-108,54,87,379,5,11,56
5805,-108,34,87,379,5,9,55
5805,-108,44,87,379,4,10,55
5805,-108,38,87,379,5,9,55
5805,-108,52,87,379,5,12,56
5805,-108,57,87,379,6,10,55
5805,-108,47,87,379,4,8,55
5805,-108,40,87,379,3,12,56
5805,-108,45,87,379,6,10,55
5805,-108,54,87,379,4,10,56
5805,-108,38,87,379,5,10,56
5805,-108,57,87,379,5,10,55
5805,-108,54,87,379,6,10,55
5805,-108,46,87,379,5,10,56
5805,-108,51,87,379,5,11,56
5805,-108,45,87,379,4,9,55
5805,-108,41,87,379,5,9,55
5805,-108,53,87,379,5,9,55
5805,-108,46,87,379,6,10,55
5805,-108,58,87,379,5,10,56
5805,-108,43,87,379,5,9,55
5805,-108,43,87,379,5,9,55
5805,-108,46,87,379,5,11,56
5805,-108,42,87,379,5,9,55
5805,-108,52,87,379,5,8,55
5805,-108,44,87,379,4,8,55
5805,-108,50,87,379,6,9,55
5805,-108,46,87,379,6,9,54
5805,-108,56,87,379,5,11,55
5805,-108,54,87,379,6,9,55
5805,-108,49,87,379,5,9,55
5805,-108,49,87,379,4,11,56
5805,-108,58,87,379,4,10,56
5805,-108,44,87,379,4,10,54
5805,-108,45,87,379,6,7,54
5805,-108,50,87,379,4,10,56
5805,-108,38,87,379,5,11,56
5805,-108,48,87,379,4,9,55
5805,-108,49,87,379,4,9,55
5805,-108,34,87,379,5,8,55
5805,-108,37,87,379,4,10,55
5805,-108,40,87,379,6,9,55
5805,-108,40,87,379,5,8,54
5805,-108,51,87,379,5,8,54
5805,-108,52,87,379,5,7,55
5805,-108,49,87,379,5,9,55
5805,-108,42,87,379,5,10,54
5805,-108,40,87,379,5,7,54
5805,-108,49,87,379,5,9,55
5805,-108,47,87,379,5,9,55
5805,-108,48,87,379,5,9,55
5805,-108,34,87,379,6,11,56
5805,-108,43,87,379,5,10,55
5805,-108,32,87,379,5,9,54
5805,-108,42,87,379,5,8,54
5805,-108,35,87,379,6,7,54
5805,-108,39,87,379,5,10,55
5805,-108,46,87,379,5,9,56
5805,-108,36,87,379,5,10,55
5805,-108,49,87,379,5,9,54
5805,-108,48,87,379,4,8,54
5805,-108,45,87,379,6,9,55
5805,-108,42,87,379,4,8,55
5805,-108,38,87,379,5,10,55
5805,-108,38,87,379,5,9,55
5805,-108,50,87,379,5,8,54
5805,-108,55,87,379,6,11,56
5805,-108,54,87,379,5,8,54
5805,-108,53,87,379,6,9,54
5805,-108,48,87,379,5,8,55
5805,-108,46,87,379,4,10,56
5805,-108,52,87,379,4,8,54
5805,-108,40,87,379,4,9,54
5805,-108,62,87,379,5,9,54
5805,-108,62,87,379,5,9,55
5805,-108,42,87,379,5,9,55
5805,-108,44,87,379,7,11,56
5805,-108,54,87,379,4,11,55
5805,-108,42,87,379,6,8,54
5805,-108,46,87,379,5,8,54
5805,-108,42,87,379,5,9,54
5805,-108,55,87,379,4,7,55
5805,-108,31,87,379,5,10,56
5805,-108,49,87,379,6,11,55
5805,-108,33,87,379,4,9,55
5805,-108,51,87,379,5,9,55
5805,-108,38,87,379,4,10,56
5805,-108,45,87,379,6,9,55
5805,-108,37,87,379,5,9,54
5805,-108,42,87,379,4,10,54
5805,-108,48,87,379,6,9,55
5805,-108,47,87,379,6,8,54
5805,-108,38,87,379,5,9,55
5805,-108,39,87,379,5,9,54
5805,-108,38,87,379,4,9,55
5805,-108,56,87,379,3,12,56
5805,-108,44,87,379,5,11,55
5805,-108,35,87,379,6,9,55
5805,-108,56,87,379,4,10,57
5805,-108,34,87,379,5,9,54
5805,-108,35,87,379,4,7,54
5805,-108,57,87,379,5,8,55
5805,-108,61,87,379,7,9,55
5805,-108,49,87,379,6,12,55
5805,-108,45,87,379,6,10,55
5805,-108,51,87,379,4,9,55
5805,-108,61,87,379,5,10,56
5805,-108,30,87,379,4,10,55
5805,-108,51,87,379,6,8,55
5805,-108,40,87,379,5,9,56
5805,-108,41,87,379,5,9,55
5805,-108,42,87,379,6,10,55
5805,-108,36,87,379,6,8,54
5805,-108,38,87,379,3,9,55
5805,-108,41,87,379,5,10,55
5805,-108,57,87,379,5,10,55
5805,-108,63,87,379,4,10,54
5805,-108,45,87,379,4,9,54
5805,-108,38,87,379,4,10,54
5805,-108,43,87,379,5,8,55
5805,-108,40,87,379,5,9,55
5805,-108,43,87,379,7,9,54
5805,-108,47,87,379,5,9,54
5805,-108,37,87,379,5,10,55
5805,-108,43,87,379,5,9,55
5805,-108,49,87,379,5,8,54
5805,-108,47,87,379,5,10,54
5805,-108,50,87,379,5,8,54
5805,-108,36,87,379,4,9,55
5805,-108,39,87,379,5,9,55
5805,-108,54,87,379,5,10,55
5805,-108,46,87,379,4,9,55
5805,-108,53,87,379,5,10,55
5805,-108,33,87,379,5,9,54
5805,-108,55,87,379,6,10,56
5805,-108,48,87,379,5,11,55
5805,-108,44,87,379,6,9,55
5805,-108,49,87,379,6,9,54
5805,-108,52,87,379,5,10,56
5805,-108,53,87,379,5,10,55
5805,-108,44,87,379,6,9,55
5805,-108,40,87,379,4,9,55
5805,-108,47,87,379,5,11,56
5805,-108,44,87,379,5,10,56
5805,-108,41,87,379,5,9,55
5805,-108,41,87,379,5,10,55
5805,-108,42,87,379,5,9,55
5805,-108,51,87,379,5,9,55
5805,-108,49,87,379,5,11,55
5805,-108,54,87,379,4,9,54
5805,-108,39,87,379,4,11,56
5805,-108,38,87,379,5,9,54
5805,-108,56,87,379,5,9,55
5805,-108,42,87,379,5,10,55
5805,-108,50,87,379,6,10,55
5805,-108,52,87,379,5,8,56
5805,-108,42,87,379,5,8,55
5805,-108,42,87,379,5,9,54
5805,-108,35,87,379,5,10,55
5805,-108,41,87,379,4,8,54
5805,-108,37,87,379,5,9,55
5805,-108,56,87,379,6,10,55
5805,-108,32,87,379,4,9,54
5805,-108,39,87,379,6,8,54
5805,-108,37,87,379,6,9,54
5805,-108,46,87,379,6,7,54
5805,-108,37,87,379,3,10,55
5805,-108,44,87,379,6,9,55
5805,-108,46,87,379,5,9,54
5805,-108,41,87,379,5,9,54
5805,-108,39,87,379,5,8,55
5805,-108,48,87,379,5,9,55
5805,-108,51,87,379,5,9,56
5805,-108,52,87,379,6,8,55
5805,-108,60,87,379,5,10,55
5805,-108,54,87,379,5,10,55
5805,-108,45,87,379,4,10,55
5805,-108,69,87,379,5,8,54
5805,-108,43,87,379,5,8,55
5805,-108,48,87,379,5,8,54
5805,-108,48,87,379,4,11,55
5805,-108,47,87,379,5,9,55
5805,-108,52,87,379,5,9,57
5805,-108,45,87,379,5,9,54
5805,-108,50,87,379,6,10,56
5805,-108,30,87,379,5,10,55
5805,-108,44,87,379,3,10,54
5805,-108,38,87,379,5,10,55
5805,-108,41,87,379,5,9,54
5805,-108,47,87,379,6,11,56
5805,-108,42,87,379,6,9,55
5805,-108,48,87,379,6,10,56
5805,-108,43,87,379,6,11,56
5805,-108,43,87,379,5,9,55
5805,-108,42,87,379,4,8,54
5805,-108,40,87,379,6,9,55
5805,-108,29,87,379,6,11,55
5805,-108,58,87,379,5,9,56
5805,-108,38,87,379,5,10,54
5805,-108,47,87,379,5,10,54
5805,-108,50,87,379,5,9,55
5805,-108,47,87,379,6,10,56
5805,-108,42,87,379,5,8,54
5805,-108,51,87,379,6,9,55
5805,-108,42,87,379,5,8,54
5805,-108,28,87,379,5,8,55
5805,-108,50,87,379,4,9,55
5805,-108,63,87,379,6,9,55
5805,-108,38,87,379,6,9,56
5805,-108,45,87,379,5,9,55
5805,-108,46,87,379,5,9,55
5805,-108,30,87,379,4,9,54
5805,-108,41,87,379,4,8,55
5805,-108,46,87,379,6,9,56
5805,-108,45,87,379,4,10,55
5805,-108,34,87,379,6,11,56
5805,-108,39,87,379,5,9,54
5805,-108,38,87,379,5,9,54
5805,-108,43,87,379,5,9,55
5805,-108,45,87,379,6,9,56
5805,-108,47,87,379,3,9,55
5805,-108,50,87,379,5,9,55
5805,-108,38,87,379,5,9,55
5805,-108,32,87,379,6,10,55
5805,-108,41,87,379,4,7,54
5805,-108,32,87,379,5,9,54
5805,-108,49,87,379,6,9,56
5805,-108,43,87,379,5,8,54
5805,-108,47,87,379,5,10,55
5805,-108,49,87,379,5,10,55
5805,-108,51,87,379,6,9,56
5805,-108,38,87,379,5,10,55
5805,-108,48,87,379,5,8,54
5805,-108,51,87,379,5,9,54
5805,-108,45,87,379,5,10,55
5805,-108,42,87,379,5,8,54
5805,-108,51,87,379,4,9,55
5805,-108,26,87,379,5,10,55
5805,-108,43,87,379,5,9,55
5805,-108,42,87,379,6,10,55
5805,-108,48,87,379,5,9,54
5805,-108,47,87,379,4,10,55
5805,-108,43,87,379,5,9,54
5805,-108,48,87,379,5,8,54
5805,-108,42,87,379,5,8,54
5805,-108,39,87,379,5,10,56
5805,-108,48,87,379,3,12,56
5805,-108,31,87,379,5,8,55
5805,-108,41,87,379,6,8,55
5805,-108,47,87,379,4,12,55
5805,-108,51,87,379,6,7,54
5805,-108,46,87,379,4,8,55
5805,-108,60,87,379,4,9,55
5805,-108,41,87,379,4,9,55
5805,-108,46,87,379,5,9,54
5805,-108,59,87,379,5,9,55
5805,-108,47,87,379,4,7,54
5805,-108,39,87,379,5,9,56
5805,-108,33,87,379,5,10,55
5805,-108,47,87,379,5,10,56
5805,-108,46,87,379,5,8,55
5805,-108,37,87,379,5,9,55
5805,-108,55,87,379,4,8,54
5805,-108,56,87,379,4,8,54
5805,-108,50,87,379,6,8,54
5805,-108,51,87,379,4,10,55
5805,-108,44,87,379,4,8,54
5805,-108,42,87,379,6,8,54
5805,-108,48,87,379,5,12,56
5805,-108,43,87,379,4,10,56
5805,-108,51,87,379,5,9,55
5805,-108,26,87,379,6,8,54
5805,-108,45,87,379,5,10,55
5805,-108,51,87,379,4,10,55
5805,-108,40,87,379,5,10,55
5805,-108,48,87,379,5,8,55
5805,-108,42,87,379,5,11,56
5805,-108,39,87,379,4,9,55
5805,-108,38,87,379,6,10,56
5805,-108,55,87,379,3,11,56
5805,-108,42,87,379,6,9,55
5805,-108,42,87,379,4,10,55
5805,-108,40,87,379,4,9,54
5805,-108,37,87,379,6,10,56
5805,-108,46,87,379,5,9,55
5805,-108,52,87,379,6,10,55
5805,-108,30,87,379,5,7,54
5805,-108,44,87,379,5,10,55
5805,-108,56,87,379,6,8,54
5805,-108,41,87,379,6,10,55
5805,-108,48,87,379,5,8,54
5805,-108,59,87,379,6,8,54
5805,-108,44,87,379,5,11,55
5805,-108,46,87,379,5,9,54
5805,-108,43,87,379,5,8,55
5805,-108,48,87,379,5,10,56
5805,-108,31,87,379,4,7,53
5805,-108,45,87,379,3,9,55
5805,-108,57,87,379,6,10,56
5805,-108,46,87,379,6,9,54
5805,-108,48,87,379,3,11,55
5805,-108,41,87,379,6,9,54
5805,-108,43,87,379,5,10,54
5805,-108,29,87,379,4,8,54
5805,-108,46,87,379,5,10,55
5805,-108,35,87,379,4,10,55
5805,-108,39,87,379,4,10,55
5805,-108,37,87,379,6,9,55
5805,-108,34,87,379,5,9,55
5805,-108,46,87,379,5,9,55
5805,-108,44,87,379,5,10,56
5805,-108,47,87,379,6,9,54
5805,-108,53,87,379,4,9,55
5805,-108,46,87,379,5,11,56
5805,-108,47,87,379,6,9,54
5805,-108,33,87,379,5,9,54
5805,-108,46,87,379,5,9,55
5805,-108,41,87,379,5,11,55
5805,-108,53,87,379,5,9,55
5805,-108,39,87,379,5,11,56
5805,-108,32,87,379,5,11,55
5805,-108,58,87,379,5,10,54
5805,-108,45,87,379,5,9,54
5805,-108,45,87,379,6,10,55
5805,-108,41,87,379,6,9,55
5805,-108,45,87,379,6,9,54
5805,-108,47,87,379,7,10,55
5805,-108,51,87,379,6,10,55
5805,-108,31,87,379,5,8,54
5805,-108,39,87,379,5,7,54
5805,-108,22,87,379,6,10,54
5805,-108,49,87,379,6,10,56
5805,-108,53,87,379,5,10,56
5805,-108,49,87,379,6,10,55
5805,-108,53,87,379,6,10,55
5805,-108,50,87,379,5,11,56
5805,-108,57,87,379,4,10,55
5805,-108,47,87,379,5,7,55
5805,-108,29,87,379,5,9,55
5805,-108,51,87,379,4,10,55
5805,-108,50,87,379,4,10,56
5805,-108,43,87,379,4,9,55
5805,-108,45,87,379,6,10,56
5805,-108,44,87,379,5,9,55
5805,-108,45,87,379,5,10,55
5805,-108,43,87,379,5,9,54
5805,-108,51,87,379,4,8,54
5805,-108,62,87,379,5,10,55
5805,-108,52,87,379,4,9,54
5805,-108,45,87,379,4,8,55
5805,-108,36,87,379,4,9,54
5805,-108,48,87,379,5,8,54
5805,-108,39,87,379,5,10,55
5805,-108,43,87,379,5,10,55
5805,-108,39,87,379,6,8,55
5805,-108,35,87,379,5,7,54
5805,-108,45,87,379,6,10,54
5805,-108,40,87,379,5,10,55
5805,-108,54,87,379,4,9,55
5805,-108,39,87,379,5,10,56
5805,-108,52,87,379,5,11,56
5805,-108,46,87,379,4,8,54
5805,-108,46,87,379,5,9,55
5805,-108,33,87,379,5,9,54
5805,-108,40,87,379,4,10,56
5805,-108,43,87,379,5,11,55
5805,-108,40,87,379,5,8,54
5805,-108,38,87,379,5,8,54
5805,-108,45,87,379,6,10,55
5805,-108,42,87,379,5,7,54
5805,-108,44,87,379,5,8,55
5805,-108,40,87,379,5,9,55
5805,-108,47,87,379,6,9,56
5805,-108,40,87,379,5,9,55
5805,-108,47,87,379,5,11,56
5805,-108,41,87,379,5,10,55
5805,-108,45,87,379,5,11,56
5805,-108,37,87,379,5,10,55
5805,-108,30,87,379,6,9,55
5805,-108,46,87,379,6,9,55
5805,-108,58,87,379,5,11,56
5805,-108,36,87,379,5,9,55
5805,-108,44,87,379,5,10,56
5805,-108,50,87,379,6,9,56
5805,-108,48,87,379,4,10,54
5805,-108,47,87,379,5,11,56
5805,-108,54,87,379,5,10,54
5805,-108,46,87,379,6,11,56
5805,-108,42,87,379,4,9,55
5805,-108,50,87,379,5,9,55
5805,-108,53,87,379,5,9,55
5805,-108,31,87,379,4,9,55
5805,-108,43,87,379,4,9,55
5805,-108,45,87,379,5,8,55
5805,-108,53,87,379,6,10,55
5805,-108,49,87,379,5,8,55
5805,-108,46,87,379,4,8,55
5805,-108,44,87,379,5,7,55
5805,-108,47,87,379,5,10,55
5805,-108,46,87,379,5,9,54
5805,-108,62,87,379,4,8,54
5805,-108,70,87,379,5,10,56
5805,-108,52,87,379,5,9,55
5805,-108,39,87,379,6,11,54
5805,-108,54,87,379,3,10,55
5805,-108,37,87,379,5,10,55
5805,-108,52,87,379,6,10,55
5805,-108,46,87,379,6,10,54
5805,-108,53,87,379,5,9,55
5805,-108,47,87,379,4,10,55
5805,-108,45,87,379,6,11,56
5805,-108,42,87,379,5,8,55
5805,-108,45,87,379,3,9,55
5805,-108,38,87,379,5,8,55
5805,-108,41,87,379,5,10,55
5805,-108,39,87,379,4,10,55
5805,-108,39,87,379,5,9,55
5805,-108,41,87,379,5,9,54
5805,-108,57,87,379,6,9,54
5805,-108,38,87,379,7,10,55
5805,-108,43,87,379,6,9,55
5805,-108,67,87,379,5,8,55
5805,-108,32,87,379,4,9,55
5805,-108,47,87,379,4,9,55
5805,-108,44,87,379,4,8,55
5805,-108,50,87,379,6,12,56
5805,-108,56,87,379,5,8,54
5805,-108,41,87,379,5,8,55
5805,-108,45,87,379,5,8,54
5805,-108,39,87,379,5,10,55
5805,-108,41,87,379,4,8,54
5805,-108,38,87,379,6,9,54
5805,-108,39,87,379,3,8,54
5805,-108,57,87,379,5,10,55
5805,-108,61,87,379,6,12,55
5805,-108,45,87,379,5,9,54
5805,-108,45,87,379,6,9,54
5805,-108,40,87,379,3,10,55
5805,-108,37,87,379,4,9,55
5805,-108,57,87,379,5,6,54
5805,-108,45,87,379,5,8,55
5805,-108,38,87,379,4,7,55
5805,-108,43,87,379,6,8,54
5805,-108,52,87,379,5,10,55
5805,-108,55,87,379,4,11,55
5805,-108,40,87,379,6,10,55
5805,-108,43,87,379,6,7,55
5805,-108,49,87,379,4,10,55
5805,-108,37,87,379,5,9,54
5805,-108,48,87,379,6,8,54
5805,-108,36,87,379,6,8,54
5805,-108,40,87,379,5,9,55
5805,-108,40,87,379,5,10,55
5805,-108,39,87,379,4,8,55
5805,-108,41,87,379,4,8,55
5805,-108,47,87,379,6,10,54
5805,-108,43,87,379,4,9,55
5805,-108,32,87,379,6,8,54
5805,-108,29,87,379,5,10,55
5805,-108,41,87,379,6,9,54
5805,-108,37,87,379,5,9,55
5805,-108,36,87,379,6,10,55
5805,-108,52,87,379,4,8,55
5805,-108,31,87,379,4,9,55
5805,-108,46,87,379,5,8,55
5805,-108,55,87,379,6,9,56
5805,-108,52,87,379,4,9,55
5805,-108,51,87,379,5,10,55
5805,-108,49,87,379,6,10,56
5805,-108,36,87,379,4,10,55
5805,-108,42,87,379,5,9,55
5805,-108,29,87,379,4,9,54
5805,-108,40,87,379,4,9,55
5805,-108,50,87,379,5,9,54
5805,-108,39,87,379,5,9,55
5805,-108,43,87,379,5,10,56
5805,-108,36,87,379,6,8,53
5805,-108,49,87,379,5,10,56
5805,-108,49,87,379,5,10,56
5805,-108,58,87,379,4,9,56
5805,-108,49,87,379,5,10,56
5805,-108,56,87,379,6,9,55
5805,-108,61,87,379,4,10,56
5805,-108,50,87,379,5,9,55
5805,-108,48,87,379,4,8,55
5805,-108,41,87,379,5,10,55
5805,-108,37,87,379,6,9,55
5805,-108,46,87,379,6,8,54
5805,-108,35,87,379,5,10,56
5805,-108,47,87,379,6,6,54
5805,-108,43,87,379,5,9,55
5805,-108,44,87,379,6,10,55
5805,-108,49,87,379,5,9,56
5805,-108,43,87,379,5,11,56
5805,-108,34,87,379,5,9,55
5805,-108,53,87,379,5,8,55
5805,-108,37,87,379,5,10,55
5805,-108,48,87,379,6,9,55
5805,-108,56,87,379,7,11,56
5805,-108,51,87,379,6,10,54
5805,-108,62,87,379,7,10,55
5805,-108,59,87,379,4,8,54
5805,-108,54,87,379,4,8,54
5805,-108,50,87,379,5,9,55
5805,-108,31,87,379,5,10,55
5805,-108,62,87,379,6,9,55
5805,-108,58,87,379,4,10,56
5805,-108,59,87,379,4,10,55
5805,-108,51,87,379,4,10,56
5805,-108,37,87,379,2,8,54
5805,-108,42,87,379,5,8,55
5805,-108,37,87,379,5,9,54
5805,-108,39,87,379,5,11,55
5805,-108,50,87,379,5,9,55
5805,-108,55,87,379,4,9,54
5805,-108,45,87,379,6,9,55
5805,-108,42,87,379,5,9,55
5805,-108,49,87,379,7,11,56
5805,-108,47,87,379,6,11,56
5805,-108,52,87,379,4,12,57
5805,-108,53,87,379,5,8,55
5805,-108,49,87,379,5,8,54
5805,-108,40,87,379,6,9,55
5805,-108,32,87,379,5,9,55
5805,-108,40,87,379,4,11,55
5805,-108,41,87,379,6,7,54
5805,-108,45,87,379,5,8,54
5805,-108,40,87,379,5,8,54
5805,-108,52,87,379,5,9,54
5805,-108,39,87,379,6,8,55
5805,-108,61,87,379,4,10,56
5805,-108,65,87,379,4,8,55
5805,-108,50,87,379,5,9,55
5805,-108,51,87,379,6,9,55
5805,-108,60,87,379,5,11,56
5805,-108,36,87,379,6,8,55
5805,-108,41,87,379,5,9,54
5805,-108,55,87,379,5,9,55
5805,-108,43,87,379,6,9,54
5805,-108,41,87,379,5,10,55
5805,-108,31,87,379,6,9,55
5805,-108,52,87,379,5,10,55
5805,-108,48,87,379,6,8,54
5805,-108,47,87,379,5,9,55
5805,-108,46,87,379,5,10,56
5805,-108,50,87,379,6,9,55
5805,-108,46,87,379,4,8,54
5805,-108,52,87,379,6,8,55
5805,-108,44,87,379,4,10,56
5805,-108,52,87,379,6,8,55
5805,-108,44,87,379,5,10,56
5805,-108,51,87,379,5,8,53
5805,-108,42,87,379,5,9,55
5805,-108,45,87,379,4,11,56
5805,-108,56,87,379,5,9,55
5805,-108,46,87,379,4,10,56
5805,-108,43,87,379,6,10,55
5805,-108,44,87,379,4,10,55
5805,-108,48,87,379,5,9,55
5805,-108,55,87,379,6,9,55
5805,-108,40,87,379,5,10,56
5805,-108,41,87,379,5,8,54
5805,-108,34,87,379,6,9,55
5805,-108,53,87,379,5,9,55
5805,-108,57,87,379,5,9,55
5805,-108,43,87,379,5,7,54
5805,-108,57,87,379,5,9,55
5805,-108,60,87,379,5,10,55
5805,-108,41,87,379,5,9,54
5805,-108,46,87,379,5,9,55
5805,-108,44,87,379,7,10,55
5805,-108,44,87,379,6,9,54
5805,-108,54,87,379,6,9,55
5805,-108,46,87,379,5,11,55
5805,-108,63,87,379,5,11,57
5805,-108,45,87,379,6,9,55
5805,-108,43,87,379,5,9,55
5805,-108,49,87,379,4,10,55
5805,-108,45,87,379,4,11,55
5805,-108,31,87,379,6,9,54
5805,-108,38,87,379,6,9,55
5805,-108,60,87,379,5,11,56
5805,-108,31,87,379,5,9,55
5805,-108,35,87,379,5,9,54
5805,-108,44,87,379,5,9,54
5805,-108,47,87,379,5,10,55
5805,-108,32,87,379,6,8,54
5805,-108,44,87,379,5,11,55
5805,-108,38,87,379,6,9,55
5805,-108,35,87,379,5,9,55
5805,-108,36,87,379,6,9,55
5805,-108,36,87,379,6,10,55
5805,-108,50,87,379,5,12,56
5805,-108,48,87,379,5,13,56
5805,-108,50,87,379,6,10,55
5805,-108,52,87,379,6,11,54
5805,-108,32,87,379,6,9,55
5805,-108,36,87,379,5,9,55
5805,-108,47,87,379,5,11,55
5805,-108,59,87,379,4,9,55
5805,-108,58,87,379,5,10,55
5805,-108,67,87,379,4,9,54
5805,-108,32,87,379,5,10,55
5805,-108,46,87,379,7,11,56
5805,-108,40,87,379,5,8,54
5805,-108,48,87,379,5,9,55
5805,-108,41,87,379,6,8,55
5805,-108,30,87,379,6,11,56
5805,-108,38,87,379,4,10,56
5805,-108,43,87,379,4,10,56
5805,-108,34,87,379,5,9,55
5805,-108,54,87,379,6,7,55
5805,-108,52,87,379,4,10,56
5805,-108,51,87,379,5,9,55
5805,-108,49,87,379,4,9,55
5805,-108,54,87,379,6,9,55
5805,-108,43,87,379,5,9,55
5805,-108,46,87,379,5,8,55
5805,-108,62,87,379,5,11,56
5805,-108,43,87,379,5,8,54
5805,-108,55,87,379,4,9,55
5805,-108,55,87,379,4,10,56
5805,-108,41,87,379,5,10,55
5805,-108,53,87,379,5,10,55
5805,-108,51,87,379,6,9,55
5805,-108,39,87,379,4,10,55
5805,-108,56,87,379,4,10,56
5805,-108,46,87,379,6,9,55
5805,-108,47,87,379,4,9,55
5805,-108,49,87,379,5,8,54
5805,-108,53,87,379,6,9,55
5805,-108,45,87,379,5,9,55
5805,-108,42,87,379,5,10,55
5805,-108,45,87,379,5,10,55
5805,-108,56,87,379,5,9,55
5805,-108,45,87,379,6,9,55
5805,-108,50,87,379,5,9,55
5805,-108,41,87,379,6,11,57
5805,-108,61,87,379,5,9,55
5805,-108,58,87,379,6,10,56
5805,-108,53,87,379,5,9,54
5805,-108,46,87,379,4,10,55
5805,-108,44,87,379,4,11,56
5805,-108,34,87,379,6,9,55
5805,-108,52,87,379,5,7,55
5805,-108,65,87,379,4,9,55
5805,-108,40,87,379,4,9,55
5805,-108,51,87,379,5,9,55
5805,-108,45,87,379,6,10,55
5805,-108,40,87,379,5,9,54
5805,-108,59,87,379,4,11,56
5805,-108,26,87,379,5,8,54
5805,-108,55,87,379,4,9,55
5805,-108,31,87,379,4,10,56
5805,-108,41,87,379,6,8,55
5805,-108,45,87,379,5,9,54
5805,-108,52,87,379,4,11,56
5805,-108,43,87,379,5,8,55
5805,-108,42,87,379,5,10,56
5805,-108,57,87,379,5,9,54
5805,-108,43,87,379,5,9,54
5805,-108,38,87,379,5,8,54
5805,-108,53,87,379,4,10,56
5805,-108,40,87,379,5,8,54
5805,-108,45,87,379,6,8,54
5805,-108,40,87,379,5,10,54
5805,-108,51,87,379,5,8,55
5805,-108,53,87,379,6,8,54
5805,-108,47,87,379,6,10,55
5805,-108,48,87,379,6,9,54
5805,-108,36,87,379,5,9,55
5805,-108,36,87,379,5,11,56
5805,-108,35,87,379,6,10,55
5805,-108,45,87,379,4,9,55
5805,-108,32,87,379,5,10,55
5805,-108,55,87,379,5,9,55
5805,-108,43,87,379,5,8,54
5805,-108,45,87,379,6,10,56
5805,-108,44,87,379,5,9,55
5805,-108,43,87,379,5,9,54
5805,-108,42,87,379,6,9,55
5805,-108,46,87,379,5,11,56
5805,-108,37,87,379,5,9,55
5805,-108,42,87,379,4,10,55
5805,-108,44,87,379,6,10,56
5805,-108,55,87,379,5,8,55
5805,-108,36,87,379,4,11,54
5805,-108,43,87,379,5,8,55
5805,-108,36,87,379,4,9,55
5805,-108,49,87,379,6,11,54
5805,-108,54,87,379,6,10,55
5805,-108,44,87,379,6,9,54
5805,-108,40,87,379,4,8,54
5805,-108,52,87,379,6,8,54
5805,-108,54,87,379,7,11,56
5805,-108,49,87,379,6,12,55
5805,-108,42,87,379,5,9,54
5805,-108,48,87,379,5,9,55
5805,-108,56,87,379,5,10,54
5805,-108,33,87,379,6,10,55
5805,-108,54,87,379,5,9,55
5805,-108,60,87,379,5,8,55
5805,-108,46,87,379,5,9,55
5805,-108,43,87,379,5,9,55
5805,-108,43,87,379,5,10,55
5805,-108,48,87,379,5,8,54
5805,-108,61,87,379,6,11,55
5805,-108,53,87,379,4,10,55
5805,-108,44,87,379,5,11,56
5805,-108,34,87,379,6,8,54
5805,-108,43,87,379,5,9,55
5805,-108,58,87,379,4,8,54
5805,-108,39,87,379,6,8,54
5805,-108,40,87,379,4,8,55
5805,-108,45,87,379,5,11,55
5805,-108,50,87,379,4,10,56
5805,-108,34,87,379,4,10,55
5805,-108,41,87,379,6,10,55
5805,-108,42,87,379,6,11,56
5805,-108,54,87,379,4,11,56
5805,-108,40,87,379,5,9,55
5805,-108,49,87,379,5,9,54
5805,-108,42,87,379,6,9,55
5805,-108,48,87,379,3,9,54
5805,-108,48,87,379,5,10,55
5805,-108,38,87,379,6,10,54
5805,-108,44,87,379,7,8,54
5805,-108,43,87,379,5,10,55
5805,-108,47,87,379,4,10,55
5805,-108,60,87,379,4,10,56
5805,-108,40,87,379,5,10,55
5805,-108,56,87,379,3,9,55
5805,-108,28,87,379,4,10,55
5805,-108,44,87,379,6,10,55
5805,-108,34,87,379,6,9,55
5805,-108,45,87,379,5,8,55
5805,-108,47,87,379,6,10,55
5805,-108,34,87,379,6,9,55
5805,-108,48,87,379,5,9,55
5805,-108,48,87,379,6,9,55
5805,-108,50,87,379,6,11,55
5805,-108,54,87,379,4,11,57
5805,-108,51,87,379,6,12,56
5805,-108,47,87,379,5,9,55
5805,-108,46,87,379,5,11,56
5805,-108,56,87,379,6,9,55
5805,-108,46,87,379,5,9,55
5805,-108,51,87,379,6,8,55
5805,-108,47,87,379,6,12,56
5805,-108,42,87,379,5,10,56
5805,-108,39,87,379,4,9,54
5805,-108,31,87,379,4,10,54
5805,-108,27,87,379,5,10,55
5805,-108,42,87,379,6,9,55
5805,-108,46,87,379,6,8,54
5805,-108,53,87,379,5,10,56
5805,-108,53,87,379,6,8,55
5805,-108,58,87,379,5,9,54
5805,-108,50,87,379,4,9,55
5805,-108,36,87,379,6,9,54
5805,-108,49,87,379,4,10,56
5805,-108,57,87,379,6,9,55
5805,-108,35,87,379,4,8,54
5805,-108,43,87,379,4,10,55
5805,-108,42,87,379,5,10,55
5805,-108,49,87,379,6,10,55
5805,-108,50,87,379,3,8,55
5805,-108,47,87,379,5,9,54
5805,-108,38,87,379,5,10,55
5805,-108,45,87,379,5,8,55
5805,-108,58,87,379,5,10,55
5805,-108,43,87,379,4,11,56
5805,-108,50,87,379,6,9,55
5805,-108,43,87,379,6,11,56
5805,-108,49,87,379,4,7,55
5805,-108,51,87,379,4,9,54
5805,-108,43,87,379,5,8,54
5805,-108,59,87,379,6,11,56
5805,-108,43,87,379,6,10,55
5805,-108,46,87,379,5,8,55
5805,-108,40,87,379,6,8,55
5805,-108,42,87,379,6,10,55
5805,-108,59,87,379,5,8,55
5805,-108,56,87,379,4,9,55
5805,-108,48,87,379,5,9,55
5805,-108,45,87,379,5,9,54
5805,-108,43,87,379,5,9,55
5805,-108,38,87,379,6,9,54
5805,-108,36,87,379,5,9,56
5805,-108,36,87,379,6,10,54
5805,-108,47,87,379,6,9,54
5805,-108,41,87,379,5,9,55
5805,-108,55,87,379,5,8,54
5805,-108,31,87,379,4,9,54
5805,-108,43,87,379,4,8,54
5805,-108,42,87,379,5,11,57
5805,-108,35,87,379,5,9,55
5805,-108,49,87,379,5,8,54
5805,-108,60,87,379,5,9,56
5805,-108,45,87,379,5,10,55
5805,-108,40,87,379,6,7,54
5805,-108,43,87,379,5,10,55
5805,-108,50,87,379,5,11,55
5805,-108,59,87,379,5,9,55
5805,-108,37,87,379,3,10,56
5805,-108,38,87,379,5,10,55
5805,-108,50,87,379,6,10,56
5805,-108,60,87,379,4,10,55
5805,-108,48,87,379,4,10,56
5805,-108,36,87,379,6,9,54
5805,-108,41,87,379,6,9,54
5805,-108,63,87,379,4,9,56
5805,-108,37,87,379,6,10,55
5805,-108,58,87,379,3,9,55
5805,-108,44,87,379,4,9,55
5805,-108,52,87,379,5,12,56
5805,-108,36,87,379,5,9,53
5805,-108,45,87,379,4,9,55
5805,-108,41,87,379,4,11,56
5805,-108,49,87,379,4,10,54
5805,-108,32,87,379,5,9,55
5805,-108,49,87,379,5,9,55
5805,-108,38,87,379,5,9,55
5805,-108,40,87,379,3,9,55
5805,-108,32,87,379,5,9,55
5805,-108,32,87,379,5,10,55
5805,-108,58,87,379,5,10,55
5805,-108,45,87,379,4,9,55
5805,-108,41,87,379,4,10,56
5805,-108,42,87,379,6,11,56
5805,-108,44,87,379,5,10,55
5805,-108,52,87,379,5,9,55
5805,-108,43,87,379,6,10,54
5805,-108,49,87,379,3,9,55
5805,-108,48,87,379,4,9,55
5805,-108,42,87,379,4,9,53
5805,-108,45,87,379,4,7,55
5805,-108,33,87,379,5,8,54
5805,-108,36,87,379,5,8,55
5805,-108,41,87,379,5,9,55
5805,-108,55,87,379,5,8,54
5805,-108,49,87,379,5,10,56
5805,-108,56,87,379,5,10,55
5805,-108,33,87,379,5,9,55
5805,-108,32,87,379,5,8,55
5805,-108,43,87,379,4,9,55
5805,-108,47,87,379,5,11,56
5805,-108,48,87,379,5,12,56
5805,-108,39,87,379,6,9,55
5805,-108,38,87,379,5,10,56
5805,-108,38,87,379,5,10,56
5805,-108,52,87,379,3,10,55
5805,-108,41,87,379,4,10,55
5805,-108,51,87,379,7,8,55
5805,-108,61,87,379,3,10,55
5805,-108,51,87,379,5,9,55
5805,-108,42,87,379,5,11,55
5805,-108,33,87,379,4,9,54
5805,-108,50,87,379,5,8,54
5805,-108,31,87,379,4,10,55
5805,-108,47,87,379,5,10,56
5805,-108,45,87,379,5,9,54
5805,-108,43,87,379,3,9,55
5805,-108,48,87,379,6,10,55
5805,-108,55,87,379,6,11,54
5805,-108,37,87,379,4,8,54
5805,-108,46,87,379,5,8,55
5805,-108,49,87,379,5,9,55
5805,-108,33,87,379,4,9,54
5805,-108,39,87,379,4,10,55
5805,-108,37,87,379,5,9,55
5805,-108,44,87,379,5,9,55
5805,-108,56,87,379,7,9,56
5805,-108,41,87,379,5,12,55
5805,-108,49,87,379,5,10,56
5805,-108,50,87,379,6,9,55
5805,-108,38,87,379,5,8,55
5805,-108,45,87,379,5,9,55
5805,-108,42,87,379,5,10,56
5805,-108,50,87,379,6,9,55
5805,-108,51,87,379,5,9,55
5805,-108,39,87,379,5,8,55
5805,-108,49,87,379,4,9,54
5805,-108,33,87,379,6,10,55
5805,-108,48,87,379,6,10,56
5805,-108,44,87,379,6,8,54
5805,-108,47,87,379,4,10,55
5805,-108,42,87,379,5,10,55
5805,-108,40,87,379,6,9,56
5805,-108,44,87,379,5,8,55
5805,-108,45,87,379,3,9,54
5805,-108,48,87,379,3,10,56
5805,-108,40,87,379,4,8,54
5805,-108,31,87,379,5,10,55
5805,-108,51,87,379,6,9,54
5805,-108,40,87,379,5,10,55
5805,-108,42,87,379,5,9,55
5805,-108,34,87,379,6,9,54
5805,-108,45,87,379,5,8,54
5805,-108,43,87,379,5,9,54
5805,-108,42,87,379,4,10,55
5805,-108,53,87,379,4,9,54
5805,-108,39,87,379,4,9,54
5805,-108,27,87,379,5,7,54
5805,-108,40,87,379,4,9,54
5805,-108,35,87,379,5,8,55
5805,-108,35,87,379,6,9,54
5805,-108,45,87,379,4,10,55
5805,-108,47,87,379,5,9,55
5805,-108,50,87,379,5,9,55
5805,-108,39,87,379,6,10,55
5805,-108,39,87,379,5,8,55
5805,-108,55,87,379,5,10,55
5805,-108,45,87,379,5,9,56
5805,-108,40,87,379,5,11,55
5805,-108,39,87,379,5,9,55
5805,-108,47,87,379,5,10,55
5805,-108,49,87,379,4,8,54
5805,-108,53,87,379,6,8,54
5805,-108,55,87,379,6,8,55
5805,-108,58,87,379,6,11,55
5805,-108,39,87,379,4,9,55
5805,-108,41,87,379,6,10,55
5805,-108,58,87,379,5,10,55
5805,-108,43,87,379,5,12,54
5805,-108,42,87,379,4,9,55
5805,-108,56,87,379,5,10,55
5805,-108,46,87,379,5,8,55
5805,-108,32,87,379,5,10,55
5805,-108,45,87,379,5,10,56
5805,-108,44,87,379,5,10,55
5805,-108,48,87,379,4,8,55
5805,-108,42,87,379,4,10,55
5805,-108,35,87,379,4,10,55
5805,-108,50,87,379,5,9,55
5805,-108,51,87,379,4,8,55
5805,-108,54,87,379,5,8,55
5805,-108,57,87,379,4,9,55
5805,-108,47,87,379,5,10,56
5805,-108,36,87,379,6,10,55
5805,-108,32,87,379,5,9,54
5805,-108,38,87,379,5,7,55
5805,-108,42,87,379,5,11,57
5805,-108,50,87,379,5,9,55
5805,-108,42,87,379,6,8,55
5805,-108,50,87,379,4,9,56
5805,-108,56,87,379,5,11,56
5805,-108,33,87,379,4,8,55
5805,-108,49,87,379,4,9,55
5805,-108,39,87,379,6,10,55
5805,-108,40,87,379,5,10,55
5805,-108,52,87,379,6,9,54
5805,-108,45,87,379,5,9,55
5805,-108,49,87,379,6,10,55
5805,-108,38,87,379,5,9,55
5805,-108,49,87,379,6,10,54
5805,-108,36,87,379,4,8,53
5805,-108,46,87,379,4,8,54
5805,-108,51,87,379,5,8,55
5805,-108,43,87,379,6,10,55
5805,-108,46,87,379,5,7,55
5805,-108,46,87,379,5,9,55
5805,-108,35,87,379,5,11,56
5805,-108,31,87,379,5,8,54
5805,-108,36,87,379,4,8,54
5805,-108,46,87,379,4,8,54
5805,-108,35,87,379,5,10,55
5805,-108,36,87,379,6,8,54
5805,-108,42,87,379,5,9,54
5805,-108,44,87,379,5,10,55
5805,-108,39,87,379,5,9,54
5805,-108,48,87,379,6,10,56
5805,-108,49,87,379,5,10,55
5805,-108,54,87,379,5,9,56
5805,-108,47,87,379,5,10,55
5805,-108,40,87,379,6,9,54
5805,-108,46,87,379,5,9,56
5805,-108,37,87,379,5,8,54
5805,-108,35,87,379,5,8,55
5805,-108,54,87,379,4,10,55
5805,-108,31,87,379,5,11,55
5805,-108,63,87,379,4,9,55
5805,-108,32,87,379,5,8,54
5805,-108,40,87,379,5,10,56
5805,-108,43,87,379,5,11,55
5805,-108,41,87,379,5,10,55
5805,-108,34,87,379,6,9,55
5805,-108,38,87,379,4,8,54
5805,-108,29,87,379,4,9,55
5805,-108,41,87,379,4,10,55
5805,-108,41,87,379,5,11,56
5805,-108,38,87,379,5,9,56
5805,-108,41,87,379,5,8,55
5805,-108,43,87,379,6,9,55
5805,-108,41,87,379,5,10,55
5805,-108,41,87,379,5,10,55
5805,-108,40,87,379,6,8,54
5805,-108,58,87,379,5,9,55
5805,-108,47,87,379,5,9,55
5805,-108,26,87,379,4,8,55
5805,-108,41,87,379,6,8,54
5805,-108,36,87,379,5,9,54
5805,-108,46,87,379,5,9,55
5805,-108,49,87,379,4,9,55
5805,-108,38,87,379,5,9,55
5805,-108,41,87,379,6,10,55
5805,-108,46,87,379,6,9,55
5805,-108,38,87,379,5,9,54
5805,-108,38,87,379,5,11,55
5805,-108,33,87,379,5,12,55
5805,-108,42,87,379,6,9,55
5805,-108,40,87,379,5,8,54
5805,-108,39,87,379,5,9,55
5805,-108,28,87,379,5,9,55
5805,-108,37,87,379,5,9,55
5805,-108,33,87,379,6,8,54
5805,-108,52,87,379,4,9,56
5805,-108,37,87,379,5,10,55
5805,-108,39,87,379,4,11,56
5805,-108,37,87,379,4,9,54
5805,-108,48,87,379,4,9,56
5805,-108,44,87,379,4,8,54
5805,-108,50,87,379,6,9,55
5805,-108,47,87,379,4,9,55
5805,-108,39,87,379,6,10,56
5805,-108,47,87,379,6,8,54
5805,-108,40,87,379,4,10,55
5805,-108,38,87,379,5,12,55
5805,-108,29,87,379,5,11,55
5805,-108,35,87,379,4,9,55
5805,-108,34,87,379,7,7,55
5805,-108,39,87,379,6,11,55
5805,-108,50,87,379,6,9,55
5805,-108,36,87,379,7,12,54
5805,-108,50,87,379,5,9,55
5805,-108,34,87,379,6,8,54
5805,-108,38,87,379,5,8,54
5805,-108,37,87,379,6,8,55
5805,-108,44,87,379,5,8,54
5805,-108,49,87,379,6,10,55
5805,-108,46,87,379,5,10,56
5805,-108,53,87,379,6,11,56
5805,-108,38,87,379,6,9,55
5805,-108,46,87,379,5,8,55
5805,-108,50,87,379,6,10,55
5805,-108,50,87,379,5,9,55
5805,-108,39,87,379,5,7,53
5805,-108,38,87,379,5,9,55
5805,-108,39,87,379,4,10,56
5805,-108,45,87,379,5,9,54
5805,-108,53,87,379,4,8,56
5805,-108,28,87,379,5,9,55
5805,-108,39,87,379,3,8,54
5805,-108,52,87,379,5,9,55
5805,-108,43,87,379,4,10,56
5805,-108,43,87,379,5,9,55
5805,-108,40,87,379,6,8,55
5805,-108,36,87,379,4,10,56
5805,-108,40,87,379,6,10,55
5805,-108,39,87,379,5,8,54
5805,-108,47,87,379,5,8,54
5805,-108,41,87,379,4,7,54
5805,-108,40,87,379,5,9,56
5805,-108,47,87,379,6,10,55
5805,-108,36,87,379,4,10,55
5805,-108,53,87,379,6,9,55
5805,-108,49,87,379,5,9,55
5805,-108,45,87,379,4,9,54
5805,-108,51,87,379,5,7,54
5805,-108,43,87,379,6,9,54
5805,-108,39,87,379,5,9,54
5805,-108,35,87,379,3,9,54
5805,-108,42,87,379,6,10,55
5805,-108,47,87,379,6,9,55
5805,-108,53,87,379,6,8,54
5805,-108,39,87,379,4,12,55
5805,-108,31,87,379,6,8,55
5805,-108,57,87,379,6,8,54
5805,-108,61,87,379,4,8,56
5805,-108,38,87,379,5,7,55
5805,-108,57,87,379,4,9,55
5805,-108,54,87,379,5,8,54
5805,-108,46,87,379,6,9,54
5805,-108,52,87,379,4,10,55
5805,-108,38,87,379,5,11,56
5805,-108,36,87,379,6,10,56
5805,-108,46,87,379,6,9,54
5805,-108,57,87,379,5,9,54
5805,-108,41,87,379,4,8,55
5805,-108,37,87,379,4,9,54
5805,-108,40,87,379,5,10,54
5805,-108,48,87,379,3,10,55
5805,-108,37,87,379,4,8,54
5805,-108,36,87,379,6,8,55
5805,-108,40,87,379,5,8,55
5805,-108,45,87,379,4,9,55
5805,-108,37,87,379,6,10,55
5805,-108,37,87,379,6,10,55
5805,-108,35,87,379,4,9,54
5805,-108,42,87,379,5,9,55
5805,-108,38,87,379,5,10,55
5805,-108,54,87,379,7,8,55
5805,-108,44,87,379,5,10,54
5805,-108,51,87,379,5,9,54
5805,-108,42,87,379,5,10,55
5805,-108,45,87,379,4,10,55
5805,-108,48,87,379,6,7,55
5805,-108,54,87,379,3,9,56
5805,-108,58,87,379,5,8,56
5805,-108,43,87,379,6,10,55
5805,-108,55,87,379,5,9,54
5805,-108,33,87,379,4,9,55
5805,-108,49,87,379,6,8,55
5805,-108,46,87,379,4,7,54
5805,-108,48,87,379,5,8,54
5805,-108,44,87,379,5,10,56
5805,-108,44,87,379,6,8,54
5805,-108,43,87,379,6,10,55
5805,-108,36,87,379,5,11,54
5805,-108,36,87,379,5,10,55
5805,-108,49,87,379,5,10,56
5805,-108,49,87,379,5,12,57
5805,-108,32,87,379,4,10,54
5805,-108,47,87,379,5,10,55
5805,-108,38,87,379,5,9,55
5805,-108,37,87,379,5,10,55
5805,-108,39,87,379,5,9,54
5805,-108,43,87,379,5,8,54
5805,-108,48,87,379,6,10,54
5805,-108,31,87,379,5,9,55
5805,-108,40,87,379,4,8,55
5805,-108,41,87,379,4,9,55
5805,-108,53,87,379,6,9,55
5805,-108,43,87,379,6,9,55
5805,-108,58,87,379,5,9,55
5805,-108,50,87,379,6,10,55
5805,-108,48,87,379,6,10,55
5805,-108,58,87,379,5,10,55
5805,-108,35,87,379,6,10,54
5805,-108,54,87,379,4,10,56
5805,-108,52,87,379,6,7,55
5805,-108,51,87,379,5,10,55
5805,-108,54,87,379,4,10,54
5805,-108,48,87,379,4,9,55
5805,-108,47,87,379,4,9,55
5805,-108,64,87,379,4,11,56
5805,-108,38,87,379,5,8,53
5805,-108,51,87,379,6,10,56
5805,-108,37,87,379,4,8,54
5805,-108,53,87,379,4,8,55
5805,-108,43,87,379,6,9,55
5805,-108,46,87,379,4,10,55
5805,-108,41,87,379,6,10,55
5805,-108,52,87,379,4,8,56
5805,-108,39,87,379,5,8,54
5805,-108,34,87,379,4,9,56
5805,-108,44,87,379,6,6,54
5805,-108,47,87,379,5,10,55
5805,-108,34,87,379,7,11,54
5805,-108,51,87,379,5,9,55
5805,-108,46,87,379,5,10,55
5805,-108,61,87,379,6,9,54
5805,-108,51,87,379,5,8,54
5805,-108,47,87,379,5,9,55
5805,-108,58,87,379,5,10,56
5805,-108,53,87,379,5,9,55
5805,-108,51,87,379,5,10,55
5805,-108,41,87,379,6,9,55
5805,-108,53,87,379,4,10,54
5805,-108,39,87,379,5,8,55
5805,-108,48,87,379,5,10,55
5805,-108,44,87,379,3,9,55
5805,-108,47,87,379,4,10,56
5805,-108,55,87,379,6,8,55
5805,-108,41,87,379,5,9,54
5805,-108,39,87,379,5,7,55
5805,-108,41,87,379,5,10,55
5805,-108,49,87,379,5,11,55
5805,-108,46,87,379,5,8,54
5805,-108,41,87,379,5,7,55
5805,-108,44,87,379,3,10,55
5805,-108,56,87,379,7,7,54
5805,-108,54,87,379,5,10,55
5805,-108,50,87,379,5,9,55
5805,-108,60,87,379,5,9,55
5805,-108,47,87,379,7,10,55
5805,-108,49,87,379,4,10,55
5805,-108,44,87,379,6,10,55
5805,-108,53,87,379,5,8,55
5805,-108,44,87,379,6,10,54
5805,-108,45,87,379,5,9,55
5805,-108,37,87,379,6,9,55
5805,-108,49,87,379,5,9,55
5805,-108,47,87,379,4,10,55
5805,-108,49,87,379,6,9,55
5805,-108,45,87,379,5,9,55
5805,-108,36,87,379,4,9,55
5805,-108,42,87,379,6,10,56
5805,-108,42,87,379,5,9,56
5805,-108,41,87,379,5,9,56
5805,-108,40,87,379,4,9,54
5805,-108,49,87,379,6,9,54
5805,-108,50,87,379,4,9,55
5805,-108,49,87,379,5,11,56
5805,-108,52,87,379,5,9,55
5805,-108,51,87,379,5,11,56
5805,-108,48,87,379,4,9,55
5805,-108,40,87,379,5,8,54
5805,-108,56,87,379,6,11,55
5805,-108,49,87,379,4,9,55
5805,-108,53,87,379,5,8,55
5805,-108,46,87,379,5,8,54
5805,-108,44,87,379,5,10,55
5805,-108,50,87,379,4,8,55
5805,-108,56,87,379,5,10,55
5805,-108,46,87,379,6,8,55
5805,-108,41,87,379,5,9,55
5805,-108,55,87,379,5,11,55
5805,-108,40,87,379,5,9,55
5805,-108,52,87,379,5,10,55
5805,-108,58,87,379,4,8,54
5805,-108,48,87,379,6,11,56
5805,-108,51,87,379,5,10,56
5805,-108,50,87,379,6,9,56
5805,-108,49,87,379,4,9,54
5805,-108,55,87,379,6,9,55
5805,-108,54,87,379,6,10,56
5805,-108,46,87,379,4,9,55
5805,-108,59,87,379,5,9,55
5805,-108,41,87,379,4,11,56
5805,-108,45,87,379,4,8,54
5805,-108,46,87,379,5,10,54
5805,-108,56,87,379,6,8,54
5805,-108,54,87,379,5,9,55
5805,-108,52,87,379,4,8,54
5805,-108,32,87,379,6,9,55
5805,-108,54,87,379,5,10,55
5805,-108,47,87,379,5,8,54
5805,-108,44,87,379,5,9,55
5805,-108,50,87,379,5,9,55
5805,-108,31,87,379,4,11,55
5805,-108,47,87,379,5,11,56
5805,-108,52,87,379,4,9,55
5805,-108,48,87,379,4,8,54
5805,-108,61,87,379,6,8,54
5805,-108,46,87,379,6,9,55
5805,-108,43,87,379,4,10,56
5805,-108,46,87,379,5,9,55
5805,-108,45,87,379,5,11,56
5805,-108,31,87,379,6,9,56
5805,-108,35,87,379,5,11,56
5805,-108,48,87,379,5,10,55
5805,-108,38,87,379,5,8,55
5805,-108,36,87,379,4,7,54
5805,-108,36,87,379,5,8,55
5805,-108,42,87,379,5,8,55
5805,-108,45,87,379,4,10,56
5805,-108,50,87,379,5,10,55
5805,-108,51,87,379,5,9,55
5805,-108,52,87,379,6,8,55
5805,-108,53,87,379,5,10,56
5805,-108,46,87,379,6,7,54
5805,-108,42,87,379,5,10,55
5805,-108,39,87,379,6,7,54
5805,-108,39,87,379,5,9,55
5805,-108,59,87,379,6,11,56
5805,-108,49,87,379,4,9,54
5805,-108,44,87,379,4,9,54
5805,-108,37,87,379,6,7,54
5805,-108,51,87,379,5,8,55
5805,-108,45,87,379,4,8,54
5805,-108,53,87,379,5,9,56
5805,-108,41,87,379,6,9,55
5805,-108,51,87,379,4,10,54
5805,-108,51,87,379,5,9,54
5805,-108,58,87,379,5,10,55
5805,-108,40,87,379,5,10,56
5805,-108,43,87,379,6,9,55
5805,-108,48,87,379,5,9,54
5805,-108,54,87,379,4,9,55
5805,-108,45,87,379,4,10,55
5805,-108,52,87,379,6,10,56
5805,-108,44,87,379,5,9,55
5805,-108,53,87,379,5,9,56
5805,-108,31,87,379,5,9,55
5805,-108,39,87,379,6,11,55
5805,-108,43,87,379,5,9,55
5805,-108,30,87,379,5,8,54
5805,-108,37,87,379,4,10,55
5805,-108,41,87,379,5,10,55
5805,-108,58,87,379,4,9,55
5805,-108,50,87,379,5,7,55
5805,-108,57,87,379,5,7,54
5805,-108,32,87,379,5,9,54
5805,-108,38,87,379,6,10,54
5805,-108,39,87,379,5,9,54
5805,-108,43,87,379,4,9,55
5805,-108,31,87,379,4,9,55
5805,-108,49,87,379,4,11,56
5805,-108,32,87,379,5,8,54
5805,-108,50,87,379,5,9,56
5805,-108,52,87,379,4,10,55
5805,-108,44,87,379,5,9,55
5805,-108,41,87,379,5,11,56
5805,-108,52,87,379,5,10,56
5805,-108,40,87,379,5,10,55
5805,-108,32,87,379,5,8,55
5805,-108,35,87,379,7,7,54
5805,-108,51,87,379,6,8,55
5805,-108,37,87,379,4,11,55
5805,-108,37,87,379,4,10,55
5805,-108,44,87,379,6,8,55
5805,-108,52,87,379,4,10,55
5805,-108,29,87,379,4,8,54
5805,-108,37,87,379,5,10,55
5805,-108,50,87,379,5,8,54
5805,-108,45,87,379,6,10,55
5805,-108,33,87,379,5,10,55
5805,-108,41,87,379,6,10,55
5805,-108,30,87,379,6,9,55
5805,-108,47,87,379,5,9,55
5805,-108,34,87,379,4,9,55
5805,-108,34,87,379,6,10,56
5805,-108,38,87,379,6,9,54
5805,-108,35,87,379,5,12,56
5805,-108,39,87,379,6,10,55
5805,-108,52,87,379,5,8,54
5805,-108,43,87,379,6,12,55
5805,-108,37,87,379,4,9,55
5805,-108,45,87,379,4,9,55
5805,-108,38,87,379,5,10,55
5805,-108,40,87,379,6,10,54
5805,-108,51,87,379,4,9,55
5805,-108,45,87,379,5,9,54
5805,-108,32,87,379,7,9,54
5805,-108,39,87,379,5,8,55
5805,-108,47,87,379,5,9,57
5805,-108,44,87,379,3,9,55
5805,-108,35,87,379,7,11,54
5805,-108,37,87,379,5,7,54
5805,-108,32,87,379,5,7,55
5805,-108,38,87,379,4,8,54
5805,-108,50,87,379,4,9,56
5805,-108,51,87,379,5,11,55
5805,-108,43,87,379,6,8,55
5805,-108,53,87,379,4,9,54
5805,-108,42,87,379,6,10,55
5805,-108,49,87,379,7,10,55
5805,-108,38,87,379,5,11,55
5805,-108,41,87,379,6,11,55
5805,-108,47,87,379,5,8,55
5805,-108,39,87,379,5,10,55
5805,-108,42,87,379,5,8,54
5805,-108,43,87,379,5,10,55
5805,-108,41,87,379,5,9,55
5805,-108,54,87,379,5,10,56
5805,-108,42,87,379,5,9,55
5805,-108,39,87,379,4,8,55
5805,-108,39,87,379,6,10,55
5805,-108,47,87,379,4,10,55
5805,-108,42,87,379,5,8,55
5805,-108,40,87,379,4,10,56
5805,-108,64,87,379,6,8,55
5805,-108,31,87,379,6,9,55
5805,-108,51,87,379,5,8,54
5805,-108,48,87,379,5,9,55
5805,-108,43,87,379,5,8,54
5805,-108,41,87,379,5,11,56
5805,-108,42,87,379,5,8,54
5805,-108,45,87,379,6,10,55
5805,-108,39,87,379,5,9,55
5805,-108,51,87,379,6,9,56
5805,-108,45,87,379,5,10,56
5805,-108,39,87,379,5,10,55
5805,-108,47,87,379,4,10,56
5805,-108,44,87,379,6,8,54
5805,-108,32,87,379,4,9,55
5805,-108,49,87,379,6,8,54
5805,-108,53,87,379,6,10,54
5805,-108,39,87,379,6,8,55
5805,-108,50,87,379,5,8,54
5805,-108,36,87,379,4,9,55
5805,-108,59,87,379,6,10,56
5805,-108,50,87,379,6,11,56
5805,-108,48,87,379,5,10,56
5805,-108,45,87,379,6,12,56
5805,-108,45,87,379,5,8,55
5805,-108,44,87,379,6,11,55
5805,-108,44,87,379,5,10,55
5805,-108,45,87,379,4,9,55
5805,-108,29,87,379,4,10,54
5805,-108,33,87,379,6,10,56
5805,-108,44,87,379,4,10,55
5805,-108,29,87,379,5,9,54
5805,-108,50,87,379,5,11,55
5805,-108,35,87,379,4,9,54
5805,-108,61,87,379,5,9,56
5805,-108,45,87,379,5,10,55
5805,-108,65,87,379,6,8,55
5805,-108,52,87,379,5,12,56
5805,-108,48,87,379,6,9,55
5805,-108,38,87,379,4,11,56
5805,-108,47,87,379,5,10,55
5805,-108,45,87,379,5,10,55
5805,-108,34,87,379,5,8,54
5805,-108,40,87,379,3,9,55
5805,-108,47,87,379,5,8,54
5805,-108,40,87,379,6,9,54
5805,-108,49,87,379,6,10,55
5805,-108,32,87,379,6,9,54
5805,-108,45,87,379,4,10,56
5805,-108,42,87,379,6,10,55
5805,-108,58,87,379,6,12,56
5805,-108,44,87,379,6,8,54
5805,-108,46,87,379,5,9,55
5805,-108,31,87,379,6,8,53
5805,-108,53,87,379,5,9,54
5805,-108,39,87,379,4,10,55
5805,-108,52,87,379,5,10,55
5805,-108,60,87,379,5,9,55
5805,-108,37,87,379,5,9,55
5805,-108,41,87,379,6,10,55
5805,-108,53,87,379,5,7,54
5805,-108,51,87,379,5,9,55
5805,-108,31,87,379,3,10,55
5805,-108,40,87,379,4,11,55
5805,-108,41,87,379,5,10,55
5805,-108,49,87,379,4,10,54
5805,-108,43,87,379,5,9,55
5805,-108,30,87,379,6,10,55
5805,-108,39,87,379,6,10,56
5805,-108,36,87,379,4,7,55
5805,-108,31,87,379,4,10,55
5805,-108,34,87,379,6,8,54
5805,-108,31,87,379,5,11,56
5805,-108,46,87,379,5,9,54
5805,-108,36,87,379,6,10,55
5805,-108,54,87,379,5,10,55
5805,-108,39,87,379,6,9,55
5805,-108,49,87,379,5,9,54
5805,-108,42,87,379,5,10,54
5805,-108,51,87,379,5,11,55
5805,-108,42,87,379,6,9,55
5805,-108,55,87,379,7,10,54
5805,-108,48,87,379,5,10,55
5805,-108,49,87,379,5,9,55
5805,-108,44,87,379,5,10,55
5805,-108,61,87,379,5,9,55
5805,-108,35,87,379,3,10,55
5805,-108,53,87,379,4,9,55
5805,-108,44,87,379,6,9,55
5805,-108,52,87,379,4,9,55
5805,-108,45,87,379,5,9,54
5805,-108,44,87,379,6,9,55
5805,-108,41,87,379,6,9,54
5805,-108,30,87,379,4,9,54
5805,-108,39,87,379,4,9,56
5805,-108,41,87,379,4,10,55
5805,-108,37,87,379,5,10,55
5805,-108,39,87,379,5,10,55
5805,-108,58,87,379,7,10,56
5805,-108,43,87,379,5,8,55
5805,-108,40,87,379,6,9,55
5805,-108,50,87,379,5,9,55
5805,-108,50,87,379,6,9,55
5805,-108,47,87,379,5,10,56
5805,-108,37,87,379,6,10,55
5805,-108,54,87,379,5,8,55
5805,-108,30,87,379,6,9,55
5805,-108,54,87,379,5,11,55
5805,-108,41,87,379,5,9,55
5805,-108,43,87,379,6,9,55
5805,-108,38,87,379,5,8,55
5805,-108,51,87,379,5,8,55
5805,-108,58,87,379,5,10,56
5805,-108,52,87,379,6,10,54
5805,-108,44,87,379,5,9,54
5805,-108,52,87,379,5,10,55
5805,-108,60,87,379,4,10,55
5805,-108,37,87,379,4,11,55
5805,-108,34,87,379,4,10,55
5805,-108,52,87,379,6,9,55
5805,-108,45,87,379,6,9,54
5805,-108,37,87,379,5,10,56
5805,-108,38,87,379,6,10,55
5805,-108,45,87,379,4,9,55
5805,-108,39,87,379,5,11,56
5805,-108,51,87,379,5,8,56
5805,-108,42,87,379,6,10,56
5805,-108,51,87,379,6,11,56
5805,-108,34,87,379,3,11,55
5805,-108,51,87,379,5,11,56
5805,-108,56,87,379,6,11,56
5805,-108,51,87,379,6,8,54
5805,-108,56,87,379,5,11,56
5805,-108,45,87,379,4,9,54
5805,-108,48,87,379,5,10,55
5805,-108,53,87,379,6,10,54
5805,-108,40,87,379,6,11,56
5805,-108,49,87,379,5,9,55
5805,-108,55,87,379,5,10,55
5805,-108,52,87,379,5,10,56
5805,-108,43,87,379,4,10,56
5805,-108,57,87,379,3,10,55
5805,-108,40,87,379,5,10,55
5805,-108,53,87,379,6,9,55
5805,-108,51,87,379,4,9,55
5805,-108,53,87,379,6,9,55
5805,-108,41,87,379,6,10,55
5805,-108,49,87,379,5,10,56
5805,-108,32,87,379,5,10,55
5805,-108,52,87,379,5,9,55
5805,-108,46,87,379,6,10,54
5805,-108,43,87,379,4,10,55
5805,-108,41,87,379,5,9,55
5805,-108,43,87,379,5,7,55
5805,-108,51,87,379,4,10,55
5805,-108,48,87,379,5,9,55
5805,-108,31,87,379,6,8,54
5805,-108,44,87,379,4,11,55
5805,-108,49,87,379,5,10,54
5805,-108,44,87,379,5,8,55
5805,-108,53,87,379,4,8,54
5805,-108,46,87,379,4,9,55
5805,-108,51,87,379,4,10,56
5805,-108,49,87,379,6,10,56
5805,-108,50,87,379,6,9,55
5805,-108,53,87,379,4,10,55
5805,-108,54,87,379,5,10,55
5805,-108,41,87,379,5,10,55
5805,-108,52,87,379,4,10,55
5805,-108,43,87,379,5,8,54
5805,-108,50,87,379,5,9,55
5805,-108,36,87,379,6,9,55
5805,-108,40,87,379,5,9,55
5805,-108,58,87,379,6,9,55
5805,-108,44,87,379,5,9,55
5805,-108,45,87,379,5,7,54
5805,-108,44,87,379,5,8,54
5805,-108,47,87,379,3,9,55
5805,-108,50,87,379,6,10,56
5805,-108,56,87,379,4,10,55
5805,-108,48,87,379,6,7,55
5805,-108,44,87,379,5,9,55
5805,-108,42,87,379,5,10,55
5805,-108,45,87,379,3,10,55
5805,-108,36,87,379,6,10,55
5805,-108,49,87,379,4,8,53
5805,-108,43,87,379,7,10,55
5805,-108,69,87,379,5,8,55
5805,-108,64,87,379,5,9,55
5805,-108,42,87,379,4,10,54
5805,-108,48,87,379,5,9,54
5805,-108,46,87,379,5,9,54
5805,-108,34,87,379,3,9,54
5805,-108,28,87,379,6,8,55
5805,-108,40,87,379,5,12,56
5805,-108,46,87,379,6,8,55
5805,-108,45,87,379,5,9,54
5805,-108,47,87,379,5,9,55
5805,-108,54,87,379,4,10,55
5805,-108,44,87,379,4,9,55
5805,-108,45,87,379,4,7,55
5805,-108,60,87,379,4,10,55
5805,-108,62,87,379,6,9,55
5805,-108,49,87,379,5,8,54
5805,-108,33,87,379,5,9,54
5805,-108,48,87,379,5,10,55
5805,-108,54,87,379,6,10,55
5805,-108,45,87,379,4,10,56
5805,-108,39,87,379,6,8,54
5805,-108,45,87,379,6,10,55
5805,-108,64,87,379,5,10,56
5805,-108,51,87,379,6,10,56
5805,-108,62,87,379,4,9,55
5805,-108,49,87,379,4,10,55
5805,-108,76,87,379,5,12,57
5805,-108,47,87,379,4,9,55
5805,-108,46,87,379,5,8,55
5805,-108,51,87,379,6,9,54
5805,-108,56,87,379,6,10,56
5805,-108,51,87,379,5,9,55
5805,-108,47,87,379,5,9,56
5805,-108,44,87,379,6,9,55
5805,-108,56,87,379,6,10,57
5805,-108,50,87,379,6,10,55
5805,-108,47,87,379,5,9,55
5805,-108,53,87,379,6,10,55
5805,-108,44,87,379,3,10,55
5805,-108,36,87,379,5,8,55
5805,-108,42,87,379,4,9,54
5805,-108,40,87,379,4,11,55
5805,-108,51,87,379,5,9,54
5805,-108,43,87,379,4,8,54
5805,-108,38,87,379,5,9,55
5805,-108,51,87,379,5,9,55
5805,-108,36,87,379,6,11,56
5805,-108,58,87,379,5,9,56
5805,-108,44,87,379,5,9,55
5805,-108,44,87,379,5,10,56
5805,-108,52,87,379,5,8,56
5805,-108,47,87,379,5,11,56
5805,-108,48,87,379,5,10,55
5805,-108,41,87,379,6,10,55
5805,-108,33,87,379,5,11,54
5805,-108,48,87,379,4,11,55
5805,-108,67,87,379,4,8,54
5805,-108,67,87,379,5,9,55
5805,-108,57,87,379,3,9,55
5805,-108,47,87,379,5,8,55
5805,-108,43,87,379,6,11,55
5805,-108,49,87,379,5,8,55
5805,-108,51,87,379,6,11,56
5805,-108,56,87,379,4,10,55
5805,-108,41,87,379,5,9,55
5805,-108,52,87,379,5,10,54
5805,-108,50,87,379,5,9,55
5805,-108,42,87,379,5,10,55
5805,-108,48,87,379,4,10,56
5805,-108,51,87,379,5,11,55
5805,-108,44,87,379,5,8,55
5805,-108,50,87,379,5,8,55
5805,-108,51,87,379,6,9,55
5805,-108,37,87,379,4,9,53
5805,-108,46,87,379,5,10,56
5805,-108,30,87,379,4,9,54
5805,-108,51,87,379,5,8,55
5805,-108,30,87,379,4,8,54
5805,-108,42,87,379,7,8,55
5805,-108,44,87,379,5,8,54
5805,-108,44,87,379,6,12,56
5805,-108,45,87,379,4,9,55
5805,-108,45,87,379,6,10,55
5805,-108,41,87,379,4,7,54
5805,-108,71,87,379,6,11,57
5805,-108,42,87,379,6,8,54
5805,-108,47,87,379,4,10,54
5805,-108,55,87,379,6,10,56
5805,-108,46,87,379,5,9,55
5805,-108,47,87,379,5,8,55
5805,-108,41,87,379,7,8,54
5805,-108,64,87,379,5,10,56
5805,-108,47,87,379,5,10,55
5805,-108,54,87,379,5,9,55
5805,-108,50,87,379,5,10,55
5805,-108,45,87,379,4,9,55
5805,-108,50,87,379,6,11,55
5805,-108,39,87,379,4,11,56
5805,-108,41,87,379,5,10,56
5805,-108,42,87,379,6,10,55
5805,-108,39,87,379,6,11,54
5805,-108,47,87,379,6,10,55
5805,-108,56,87,379,4,8,55
5805,-108,43,87,379,4,10,55
5805,-108,43,87,379,5,10,55
5805,-108,51,87,379,5,9,54
5805,-108,30,87,379,4,8,54
5805,-108,55,87,379,6,10,56
5805,-108,40,87,379,6,9,55
5805,-108,35,87,379,5,9,55
5805,-108,57,87,379,5,9,56
5805,-108,52,87,379,5,10,55
5805,-108,36,87,379,6,10,54
5805,-108,50,87,379,4,8,55
5805,-108,49,87,379,4,9,55
5805,-108,51,87,379,4,9,55
5805,-108,45,87,379,4,11,56
5805,-108,47,87,379,4,10,55
5805,-108,35,87,379,5,10,55
5805,-108,45,87,379,5,9,55
5805,-108,46,87,379,6,10,55
5805,-108,59,87,379,5,9,55
5805,-108,47,87,379,5,9,55
5805,-108,56,87,379,5,10,56
5805,-108,31,87,379,5,8,55
5805,-108,56,87,379,5,11,56
5805,-108,50,87,379,4,11,56
5805,-108,50,87,379,6,10,55
5805,-108,43,87,379,6,8,54
5805,-108,36,87,379,5,8,55
5805,-108,51,87,379,6,11,55
5805,-108,61,87,379,6,9,54
5805,-108,52,87,379,4,10,55
5805,-108,54,87,379,5,9,56
5805,-108,48,87,379,6,9,55
5805,-108,48,87,379,6,10,56
5805,-108,50,87,379,5,10,55
5805,-108,36,87,379,3,10,55
5805,-108,37,87,379,5,8,55
5805,-108,45,87,379,5,10,55
5805,-108,32,87,379,5,10,55
5805,-108,35,87,379,5,10,56
5805,-108,43,87,379,5,10,55
5805,-108,53,87,379,5,9,54
5805,-108,53,87,379,5,9,55
5805,-108,42,87,379,6,9,55
5805,-108,61,87,379,5,8,55
5805,-108,49,87,379,5,8,55
5805,-108,42,87,379,6,9,55
5805,-108,49,87,379,4,9,55
5805,-108,44,87,379,5,9,55
5805,-108,44,87,379,4,10,56
5805,-108,27,87,379,5,9,55
5805,-108,39,87,379,4,7,54
5805,-108,34,87,379,5,9,56
5805,-108,51,87,379,5,8,54
5805,-108,48,87,379,5,10,55
5805,-108,44,87,379,4,7,54
5805,-108,40,87,379,6,10,55
5805,-108,35,87,379,6,8,54
5805,-108,43,87,379,6,10,55
5805,-108,52,87,379,6,10,56
5805,-108,45,87,379,6,9,54
5805,-108,50,87,379,5,11,55
5805,-108,42,87,379,5,9,55
5805,-108,33,87,379,5,10,54
5805,-108,39,87,379,6,10,55
5805,-108,48,87,379,5,9,54
5805,-108,54,87,379,6,9,55
5805,-108,59,87,379,6,10,56
5805,-108,41,87,379,5,10,55
5805,-108,49,87,379,5,8,55
5805,-108,37,87,379,5,11,55
5805,-108,46,87,379,5,10,56
5805,-108,55,87,379,5,12,56
5805,-108,48,87,379,6,10,56
5805,-108,43,87,379,4,10,56
5805,-108,56,87,379,6,9,55
5805,-108,42,87,379,4,8,55
5805,-108,53,87,379,5,11,55
5805,-108,45,87,379,4,9,55
5805,-108,39,87,379,4,10,55
5805,-108,49,87,379,4,9,54
5805,-108,41,87,379,5,8,54
5805,-108,52,87,379,5,9,55
5805,-108,39,87,379,3,9,54
5805,-108,35,87,379,4,8,54
5805,-108,45,87,379,5,9,55
5805,-108,41,87,379,5,8,55
5805,-108,54,87,379,5,8,55
5805,-108,55,87,379,6,10,56
5805,-108,51,87,379,5,9,55
5805,-108,39,87,379,4,10,54
5805,-108,47,87,379,5,10,55
5805,-108,43,87,379,6,10,55
5805,-108,46,87,379,5,10,56
5805,-108,45,87,379,6,10,55
5805,-108,54,87,379,5,9,55
5805,-108,47,87,379,5,9,55
5805,-108,50,87,379,5,10,55
5805,-108,50,87,379,5,10,55
5805,-108,53,87,379,6,9,55
5805,-108,48,87,379,6,10,54
5805,-108,37,87,379,4,10,55
5805,-108,44,87,379,5,8,54
5805,-108,44,87,379,5,10,55
5805,-108,58,87,379,4,8,54
5805,-108,42,87,379,4,9,55
5805,-108,37,87,379,5,10,54
5805,-108,46,87,379,4,7,54
5805,-108,42,87,379,6,10,55
5805,-108,40,87,379,5,10,56
5805,-108,28,87,379,7,9,56
5805,-108,51,87,379,4,8,55
5805,-108,29,87,379,6,11,54
5805,-108,34,87,379,6,9,54
5805,-108,60,87,379,4,9,56
5805,-108,42,87,379,5,8,55
5805,-108,53,87,379,5,8,55
5805,-108,56,87,379,5,8,55
5805,-108,43,87,379,5,9,54
5805,-108,50,87,379,5,10,56
5805,-108,44,87,379,5,9,55
5805,-108,65,87,379,6,10,55
5805,-108,56,87,379,5,10,55
5805,-108,40,87,379,4,10,54
5805,-108,49,87,379,6,11,55
5805,-108,52,87,379,4,9,55
5805,-108,52,87,379,5,9,55
5785,-108,52,87,379,5,9,55
5785,-108,50,87,379,4,10,55
5785,-108,66,87,379,4,9,55
5785,-108,49,87,379,4,9,55
5785,-108,52,87,379,5,9,55
5785,-108,55,87,379,5,8,55
5785,-108,48,87,379,4,10,55
5785,-108,37,87,379,5,8,55
5785,-108,51,87,379,3,10,56
5785,-108,59,87,379,3,9,55
5785,-108,44,87,379,4,8,55
5785,-108,60,87,379,2,8,55
5785,-108,36,87,379,4,10,55
5785,-108,38,87,379,4,12,57
5785,-108,48,87,379,4,9,54
5785,-108,47,87,379,4,8,55
5785,-108,54,87,379,3,9,55
5785,-108,50,87,379,4,9,55
5785,-108,40,87,379,6,10,56
5785,-108,50,87,379,4,9,56
5785,-108,63,87,379,5,8,55
5785,-108,39,87,379,4,9,56
5785,-108,54,87,379,3,10,56
5785,-108,55,87,379,5,9,56
5785,-108,34,87,379,4,9,55
5785,-108,47,87,379,4,10,56
5785,-108,49,87,379,3,9,55
5785,-108,45,87,379,5,12,56
5785,-108,42,87,379,4,11,55
5785,-108,42,87,379,4,11,55
5785,-108,49,87,379,4,9,55
5785,-108,47,87,379,3,10,56
5785,-108,42,87,379,3,10,56
5785,-108,43,87,379,4,10,56
5785,-108,47,87,379,5,10,56
5785,-108,52,87,379,4,10,56
5785,-108,46,87,379,5,9,55
5785,-108,54,87,379,4,9,55
5785,-108,53,87,379,4,9,55
5785,-108,54,87,379,4,9,56
5785,-108,41,87,379,5,10,56
5785,-108,51,87,379,4,10,55
5785,-108,64,87,379,5,10,55
5785,-108,41,87,379,4,7,54
5785,-108,42,87,379,4,11,56
5785,-108,56,87,379,5,10,55
5785,-108,41,87,379,4,10,56
5785,-108,60,87,379,4,8,55
5785,-108,50,87,379,4,6,55
5785,-108,40,87,379,5,10,56
5785,-108,49,87,379,4,9,57
5785,-108,40,87,379,4,6,55
5785,-108,49,87,379,4,10,55
5785,-108,45,87,379,3,10,56
5785,-108,53,87,379,4,9,55
5785,-108,37,87,379,6,9,55
5785,-108,48,87,379,4,8,54
5785,-108,45,87,379,6,9,54
5785,-108,53,87,379,5,8,55
5785,-108,51,87,379,5,9,55
5785,-108,41,87,379,5,10,55
5785,-108,48,87,379,5,10,56
5785,-108,59,87,379,3,9,57
5785,-108,56,87,379,5,10,55
5785,-108,46,87,379,5,8,54
5785,-108,46,87,379,5,10,56
5785,-108,51,87,379,4,9,55
5785,-108,54,87,379,4,10,56
5785,-108,49,87,379,4,9,54
5785,-108,61,87,379,4,7,55
5785,-108,38,87,379,3,9,54
5785,-108,42,87,379,4,9,55
5785,-108,46,87,379,5,9,56
5785,-108,39,87,379,5,7,54
5785,-108,48,87,379,4,10,55
5785,-108,38,87,379,4,10,56
5785,-108,40,87,379,4,10,54
5785,-108,53,87,379,5,9,55
5785,-108,44,87,379,5,10,56
5785,-108,43,87,379,4,9,56
5785,-108,51,87,379,4,8,55
5785,-108,47,87,379,4,9,55
5785,-108,59,87,379,4,8,56
5785,-108,36,87,379,4,11,56
5785,-108,50,87,379,5,9,55
5785,-108,49,87,379,5,9,55
5785,-108,54,87,379,6,9,57
5785,-108,38,87,379,4,12,56
5785,-108,63,87,379,4,9,55
5785,-108,46,87,379,5,10,56
5785,-108,62,87,379,3,8,56
5785,-108,60,87,379,4,8,55
5785,-108,42,87,379,4,10,56
5785,-108,44,87,379,5,9,55
5785,-108,45,87,379,4,10,55
5785,-108,47,87,379,4,8,55
5785,-108,53,87,379,4,10,56
5785,-108,50,87,379,4,9,55
5785,-108,42,87,379,3,12,55
5785,-108,47,87,379,4,9,55
5785,-108,45,87,379,4,9,55
5785,-108,47,87,379,4,10,56
5785,-108,48,87,379,5,11,56
5785,-108,52,87,379,4,10,56
5785,-108,55,87,379,5,10,56
5785,-108,49,87,379,3,8,55
5785,-108,44,87,379,5,11,56
5785,-108,37,87,379,3,10,55
5785,-108,55,87,379,4,10,56
5785,-108,45,87,379,3,10,56
5785,-108,35,87,379,4,10,56
5785,-108,50,87,379,4,9,56
5785,-108,42,87,379,4,8,55
5785,-108,39,87,379,4,10,56
5785,-108,49,87,379,4,8,55
5785,-108,39,87,379,4,7,55
5785,-108,42,87,379,5,8,55
5785,-108,39,87,379,3,10,55
5785,-108,35,87,379,4,9,56
5785,-108,41,87,379,4,10,56
5785,-108,41,87,379,4,9,54
5785,-108,53,87,379,4,11,57
5785,-108,48,87,379,5,10,55
5785,-108,64,87,379,4,11,56
5785,-108,53,87,379,4,9,55
5785,-108,47,87,379,2,9,55
5785,-108,60,87,379,4,7,55
5785,-108,44,87,379,6,12,56
5785,-108,47,87,379,4,8,55
5785,-108,50,87,379,4,7,55
5785,-108,42,87,379,4,8,55
5785,-108,49,87,379,5,9,54
5785,-108,40,87,379,5,9,55
5785,-108,61,87,379,3,8,55
5785,-108,37,87,379,5,10,56
5785,-108,35,87,379,5,8,55
5785,-108,33,87,379,4,8,56
5785,-108,57,87,379,4,9,55
5785,-108,56,87,379,4,9,55
5785,-108,36,87,379,4,7,54
5785,-108,27,87,379,4,9,55
5785,-108,63,87,379,3,9,55
5785,-108,30,87,379,4,9,54
5785,-108,58,87,379,3,7,55
5785,-108,45,87,379,3,9,54
5785,-108,39,87,379,5,6,55
5785,-108,44,87,379,4,8,56
5785,-108,28,87,379,5,9,55
5785,-108,52,87,379,3,9,55
5785,-108,45,87,379,4,10,55
5785,-108,49,87,379,5,9,56
5785,-108,48,87,379,3,7,55
5785,-108,51,87,379,5,8,56
5785,-108,53,87,379,3,10,56
5785,-108,36,87,379,4,9,56
5785,-108,63,87,379,4,10,56
5785,-108,46,87,379,5,9,55
5785,-108,41,87,379,3,9,56
5785,-108,52,87,379,4,11,57
5785,-108,45,87,379,5,10,55
5785,-108,35,87,379,4,10,55
5785,-108,54,87,379,5,10,55
5785,-108,57,87,379,4,9,55
5785,-108,45,87,379,5,8,54
5785,-108,30,87,379,4,8,56
5785,-108,40,87,379,4,9,55
5785,-108,32,87,379,5,10,56
5785,-108,51,87,379,5,8,56
5785,-108,43,87,379,3,7,55
5785,-108,46,87,379,4,8,55
5785,-108,36,87,379,5,8,56
5785,-108,43,87,379,4,9,56
5785,-108,46,87,379,4,9,56
5785,-108,54,87,379,3,10,55
5785,-108,46,87,379,5,8,54
5785,-108,45,87,379,4,9,56
5785,-108,43,87,379,5,8,55
5785,-108,28,87,379,3,10,56
5785,-108,33,87,379,3,9,55
5785,-108,53,87,379,4,10,54
5785,-108,42,87,379,4,9,55
5785,-108,49,87,379,4,9,55
5785,-108,43,87,379,5,9,55
5785,-108,52,87,379,3,11,56
5785,-108,50,87,379,3,8,55
5785,-108,41,87,379,5,10,56
5785,-108,39,87,379,3,9,55
5785,-108,50,87,379,4,10,55
5785,-108,52,87,379,4,8,55
5785,-108,49,87,379,5,9,55
5785,-108,36,87,379,4,10,55
5785,-108,32,87,379,5,6,54
5785,-108,34,87,379,4,8,55
5785,-108,40,87,379,3,10,56
5785,-108,23,87,379,5,9,54
5785,-108,54,87,379,3,10,55
5785,-108,45,87,379,4,10,55
5785,-108,47,87,379,5,9,56
5785,-108,37,87,379,3,12,56
5785,-108,46,87,379,4,8,54
5785,-108,41,87,379,4,11,56
5785,-108,55,87,379,4,10,55
5785,-108,38,87,379,5,8,54
5785,-108,55,87,379,4,10,55
5785,-108,40,87,379,4,9,56
5785,-108,42,87,379,5,9,55
5785,-108,52,87,379,4,10,55
5785,-108,38,87,379,4,9,55
5785,-108,48,87,379,3,9,55
5785,-108,48,87,379,4,9,55
5785,-108,45,87,379,5,9,55
5785,-108,56,87,379,4,8,54
5785,-108,62,87,379,3,9,56
5785,-108,51,87,379,4,8,54
5785,-108,28,87,379,4,10,55
5785,-108,50,87,379,4,8,54
5785,-108,41,87,379,5,8,55
5785,-108,44,87,379,4,10,56
5785,-108,27,87,379,4,10,55
5785,-108,44,87,379,4,10,56
5785,-108,37,87,379,4,10,56
5785,-108,50,87,379,5,8,54
5785,-108,40,87,379,3,8,55
5785,-108,41,87,379,5,9,56
5785,-108,29,87,379,3,10,56
5785,-108,40,87,379,3,9,55
5785,-108,39,87,379,4,10,56
5785,-108,32,87,379,5,10,55
5785,-108,41,87,379,4,9,55
5785,-108,46,87,379,3,8,55
5785,-108,44,87,379,4,10,55
5785,-108,43,87,379,4,8,54
5785,-108,35,87,379,5,10,55
5785,-108,40,87,379,6,9,55
5785,-108,44,87,379,5,10,55
5785,-108,39,87,379,4,9,55
5785,-108,27,87,379,4,9,55
5785,-108,42,87,379,5,8,55
5785,-108,50,87,379,4,9,57
5785,-108,59,87,379,4,10,56
5785,-108,64,87,379,4,9,55
5785,-108,40,87,379,5,8,54
5785,-108,58,87,379,5,9,55
5785,-108,46,87,379,5,11,56
5785,-108,54,87,379,5,10,56
5785,-108,51,87,379,3,10,56
5785,-108,50,87,379,5,9,55
5785,-108,45,87,379,4,9,55
5785,-108,41,87,379,3,10,55
5785,-108,38,87,379,4,9,55
5785,-108,50,87,379,5,9,55
5785,-108,39,87,379,5,10,55
5785,-108,49,87,379,3,8,56
5785,-108,44,87,379,3,10,55
5785,-108,35,87,379,4,9,55
5785,-108,49,87,379,4,9,55
5785,-108,40,87,379,5,10,56
5785,-108,45,87,379,5,10,57
5785,-108,46,87,379,4,8,54
5785,-108,46,87,379,6,10,56
5785,-108,41,87,379,5,9,55
5785,-108,60,87,379,4,11,56
5785,-108,46,87,379,4,9,54
5785,-108,37,87,379,2,10,56
5785,-108,49,87,379,4,8,55
5785,-108,45,87,379,5,10,55
5785,-108,45,87,379,5,10,56
5785,-108,51,87,379,4,9,55
5785,-108,45,87,379,5,9,55
5785,-108,59,87,379,4,10,56
5785,-108,46,87,379,4,9,55
5785,-108,50,87,379,4,8,55
5785,-108,45,87,379,4,8,55
5785,-108,39,87,379,5,9,55
5785,-108,50,87,379,4,9,55
5785,-108,47,87,379,5,9,55
5785,-108,41,87,379,5,8,54
5785,-108,45,87,379,5,10,56
5785,-108,54,87,379,3,9,55
5785,-108,46,87,379,5,10,55
5785,-108,52,87,379,5,9,56
5785,-108,40,87,379,3,8,55
5785,-108,31,87,379,4,9,54
5785,-108,54,87,379,5,8,56
5785,-108,56,87,379,1,10,56
5785,-108,27,87,379,5,9,55
5785,-108,49,87,379,5,9,56
5785,-108,50,87,379,5,8,55
5785,-108,54,87,379,4,10,56
5785,-108,39,87,379,5,8,55
5785,-108,41,87,379,5,7,55
5785,-108,38,87,379,4,8,54
5785,-108,41,87,379,4,9,54
5785,-108,51,87,379,4,8,54
5785,-108,44,87,379,5,8,54
5785,-108,58,87,379,6,10,56
5785,-108,56,87,379,4,10,55
5785,-108,51,87,379,4,10,55
5785,-108,55,87,379,4,8,55
5785,-108,54,87,379,5,9,55
5785,-108,48,87,379,4,11,56
5785,-108,64,87,379,4,10,55
5785,-108,53,87,379,4,10,55
5785,-108,46,87,379,4,9,56
5785,-108,29,87,379,4,8,54
5785,-108,47,87,379,5,9,54
5785,-108,47,87,379,4,7,54
5785,-108,39,87,379,3,10,55
5785,-108,47,87,379,5,10,56
5785,-108,56,87,379,5,12,56
5785,-108,35,87,379,4,8,54
5785,-108,51,87,379,4,9,55
5785,-108,31,87,379,3,9,55
5785,-108,46,87,379,5,10,56
5785,-108,47,87,379,3,10,55
5785,-108,40,87,379,4,12,56
5785,-108,44,87,379,4,8,55
5785,-108,43,87,379,4,10,56
5785,-108,44,87,379,5,8,56
5785,-108,39,87,379,4,8,55
5785,-108,39,87,379,2,10,56
5785,-108,48,87,379,4,10,57
5785,-108,37,87,379,4,9,55
5785,-108,54,87,379,5,9,57
5785,-108,55,87,379,4,11,56
5785,-108,42,87,379,5,10,56
5785,-108,53,87,379,6,9,56
5785,-108,35,87,379,5,10,55
5785,-108,54,87,379,4,10,56
5785,-108,53,87,379,4,10,55
5785,-108,50,87,379,4,8,55
5785,-108,50,87,379,3,9,55
5785,-108,40,87,379,4,8,55
5785,-108,42,87,379,7,9,55
5785,-108,47,87,379,5,9,56
5785,-108,40,87,379,5,9,55
5785,-108,50,87,379,4,9,55
5785,-108,42,87,379,6,9,56
5785,-108,54,87,379,5,8,55
5785,-108,56,87,379,3,8,55
5785,-108,55,87,379,4,9,55
5785,-108,54,87,379,4,9,55
5785,-108,43,87,379,4,11,57
5785,-108,51,87,379,6,9,55
5785,-108,26,87,379,5,9,55
5785,-108,52,87,379,5,9,54
5785,-108,39,87,379,5,10,56
5785,-108,36,87,379,3,9,55
5785,-108,37,87,379,4,8,55
5785,-108,29,87,379,4,8,56
5785,-108,29,87,379,4,9,55
5785,-108,43,87,379,3,9,55
5785,-108,45,87,379,4,10,55
5785,-108,55,87,379,4,10,56
5785,-108,40,87,379,4,10,56
5785,-108,53,87,379,3,8,54
5785,-108,40,87,379,4,12,56
5785,-108,55,87,379,4,9,55
5785,-108,40,87,379,4,8,55
5785,-108,36,87,379,5,12,55
5785,-108,60,87,379,5,9,55
5785,-108,52,87,379,4,9,55
5785,-108,56,87,379,5,9,55
5785,-108,41,87,379,4,11,55
5785,-108,56,87,379,5,10,56
5785,-108,37,87,379,4,6,54
5785,-108,59,87,379,4,9,55
5785,-108,62,87,379,5,11,57
5785,-108,33,87,379,6,9,55
5785,-108,57,87,379,4,9,55
5785,-108,50,87,379,3,11,56
5785,-108,43,87,379,4,11,56
5785,-108,28,87,379,4,10,55
5785,-108,36,87,379,5,8,56
5785,-108,57,87,379,4,10,56
5785,-108,44,87,379,4,10,55
5785,-108,50,87,379,4,11,57
5785,-108,69,87,379,4,9,56
5785,-108,41,87,379,4,10,55
5785,-108,43,87,379,4,9,55
5785,-108,50,87,379,4,10,56
5785,-108,46,87,379,5,8,56
5785,-108,32,87,379,4,9,55
5785,-108,56,87,379,4,11,56
5785,-108,70,87,379,4,10,57
5785,-108,32,87,379,5,7,55
5785,-108,51,87,379,4,9,56
5785,-108,58,87,379,5,9,56
5785,-108,41,87,379,5,10,56
5785,-108,49,87,379,5,8,54
5785,-108,39,87,379,3,10,55
5785,-108,39,87,379,4,10,55
5785,-108,42,87,379,4,9,56
5785,-108,29,87,379,4,8,55
5785,-108,49,87,379,4,10,55
5785,-108,36,87,379,3,8,54
5785,-108,53,87,379,3,8,55
5785,-108,51,87,379,2,9,55
5785,-108,43,87,379,5,11,56
5785,-108,58,87,379,4,10,55
5785,-108,56,87,379,4,7,54
5785,-108,37,87,379,4,9,55
5785,-108,38,87,379,4,8,55
5785,-108,52,87,379,5,9,55
5785,-108,54,87,379,4,8,55
5785,-108,34,87,379,4,10,55
5785,-108,40,87,379,4,10,55
5785,-108,37,87,379,4,9,55
5785,-108,44,87,379,5,9,55
5785,-108,44,87,379,5,10,56
5785,-108,53,87,379,4,9,55
5785,-108,51,87,379,4,8,54
5785,-108,48,87,379,5,9,56
5785,-108,54,87,379,5,9,54
5785,-108,43,87,379,5,10,55
5785,-108,42,87,379,4,10,55
5785,-108,47,87,379,4,9,55
5785,-108,44,87,379,5,9,55
5785,-108,49,87,379,4,10,55
5785,-108,42,87,379,5,10,54
5785,-108,47,87,379,4,9,55
5785,-108,54,87,379,4,8,55
5785,-108,57,87,379,4,10,55
5785,-108,47,87,379,5,7,54
5785,-108,56,87,379,3,9,55
5785,-108,48,87,379,4,11,57
5785,-108,32,87,379,4,8,55
5785,-108,61,87,379,4,11,55
5785,-108,43,87,379,3,11,56
5785,-108,63,87,379,4,8,55
5785,-108,38,87,379,4,9,55
5785,-108,43,87,379,5,10,56
5785,-108,39,87,379,5,9,56
5785,-108,49,87,379,4,10,55
5785,-108,42,87,379,2,9,54
5785,-108,50,87,379,5,10,55
5785,-108,52,87,379,4,10,56
5785,-108,62,87,379,5,8,55
5785,-108,59,87,379,4,10,55
5785,-108,44,87,379,3,7,53
5785,-108,35,87,379,5,8,55
5785,-108,50,87,379,4,9,54
5785,-108,63,87,379,4,10,56
5785,-108,41,87,379,4,8,55
5785,-108,55,87,379,4,8,55
5785,-108,53,87,379,5,8,55
5785,-108,49,87,379,3,8,55
5785,-108,48,87,379,2,8,55
5785,-108,54,87,379,4,10,55
5785,-108,46,87,379,3,11,56
5785,-108,57,87,379,3,13,56
5785,-108,53,87,379,4,9,55
5785,-108,45,87,379,4,9,54
5785,-108,51,87,379,4,10,56
5785,-108,46,87,379,4,11,56
5785,-108,64,87,379,4,8,55
5785,-108,39,87,379,5,10,56
5785,-108,48,87,379,3,9,54
5785,-108,33,87,379,4,9,55
5785,-108,44,87,379,5,10,56
5785,-108,44,87,379,4,7,54
5785,-108,53,87,379,5,7,54
5785,-108,39,87,379,4,9,56
5785,-108,51,87,379,4,10,56
5785,-108,42,87,379,4,9,55
5785,-108,42,87,379,6,9,56
5785,-108,44,87,379,5,10,56
5785,-108,42,87,379,3,8,55
5785,-108,28,87,379,5,10,56
5785,-108,46,87,379,4,11,56
5785,-108,35,87,379,4,11,55
5785,-108,45,87,379,5,9,55
5785,-108,46,87,379,5,8,55
5785,-108,32,87,379,4,10,56
5785,-108,30,87,379,6,10,55
5785,-108,48,87,379,4,11,56
5785,-108,38,87,379,5,8,55
5785,-108,33,87,379,3,9,56
5785,-108,58,87,379,5,8,55
5785,-108,39,87,379,5,7,54
5785,-108,40,87,379,4,11,56
5785,-108,43,87,379,4,10,57
5785,-108,35,87,379,3,9,54
5785,-108,39,87,379,4,12,56
5785,-108,43,87,379,5,9,55
5785,-108,59,87,379,4,9,56
5785,-108,53,87,379,5,8,55
5785,-108,44,87,379,3,9,55
5785,-108,50,87,379,4,10,55
5785,-108,45,87,379,4,9,54
5785,-108,44,87,379,4,8,54
5785,-108,46,87,379,5,9,54
5785,-108,45,87,379,3,9,55
5785,-108,38,87,379,5,9,55
5785,-108,52,87,379,5,8,54
5785,-108,53,87,379,2,10,56
5785,-108,47,87,379,5,8,55
5785,-108,47,87,379,4,9,55
5785,-108,37,87,379,3,8,55
5785,-108,41,87,379,4,9,55
5785,-108,38,87,379,3,10,55
5785,-108,40,87,379,3,8,55
5785,-108,34,87,379,5,9,54
5785,-108,28,87,379,4,9,55
5785,-108,52,87,379,3,9,55
5785,-108,59,87,379,4,8,55
5785,-108,57,87,379,4,9,56
5785,-108,48,87,379,5,8,55
5785,-108,55,87,379,5,11,56
5785,-108,53,87,379,5,9,55
5785,-108,41,87,379,4,9,56
5785,-108,33,87,379,4,8,55
5785,-108,61,87,379,5,9,55
5785,-108,44,87,379,6,10,56
5785,-108,52,87,379,5,10,55
5785,-108,42,87,379,3,8,55
5785,-108,46,87,379,3,10,55
5785,-108,42,87,379,3,8,54
5785,-108,50,87,379,3,11,57
5785,-108,35,87,379,4,9,54
5785,-108,44,87,379,4,8,55
5785,-108,43,87,379,3,10,55
5785,-108,52,87,379,5,9,55
5785,-108,37,87,379,4,9,55
5785,-108,39,87,379,3,8,55
5785,-108,45,87,379,4,9,55
5785,-108,41,87,379,3,10,55
5785,-108,52,87,379,5,11,56
5785,-108,47,87,379,4,9,55
5785,-108,25,87,379,5,9,54
5785,-108,40,87,379,4,9,55
5785,-108,40,87,379,4,9,55
5785,-108,48,87,379,4,9,55
5785,-108,60,87,379,4,8,56
5785,-108,35,87,379,4,11,55
5785,-108,42,87,379,4,9,54
5785,-108,50,87,379,4,10,56
5785,-108,44,87,379,2,10,55
5785,-108,43,87,379,5,11,56
5785,-108,39,87,379,5,9,55
5785,-108,52,87,379,6,10,55
5785,-108,35,87,379,5,10,55
5785,-108,60,87,379,5,10,56
5785,-108,37,87,379,5,9,55
5785,-108,37,87,379,6,11,56
5785,-108,46,87,379,4,9,55
5785,-108,36,87,379,4,10,55
5785,-108,57,87,379,5,8,55
5785,-108,25,87,379,5,9,54
5785,-108,54,87,379,6,10,56
5785,-108,59,87,379,4,10,56
5785,-108,44,87,379,5,10,56
5785,-108,40,87,379,5,8,54
5785,-108,50,87,379,5,8,55
5785,-108,24,87,379,3,8,54
5785,-108,49,87,379,4,8,54
5785,-108,40,87,379,4,10,55
5785,-108,48,87,379,6,10,56
5785,-108,50,87,379,5,9,55
5785,-108,41,87,379,4,10,55
5785,-108,46,87,379,4,10,55
5785,-108,46,87,379,4,9,55
5785,-108,49,87,379,4,9,55
5785,-108,50,87,379,4,8,54
5785,-108,46,87,379,5,9,55
5785,-108,43,87,379,4,9,54
5785,-108,33,87,379,5,8,54
5785,-108,47,87,379,4,9,55
5785,-108,44,87,379,4,10,56
5785,-108,45,87,379,3,9,56
5785,-108,43,87,379,5,9,56
5785,-108,53,87,379,4,7,54
5785,-108,47,87,379,3,8,55
5785,-108,55,87,379,4,9,56
5785,-108,47,87,379,5,8,55
5785,-108,27,87,379,5,9,55
5785,-108,34,87,379,4,9,55
5785,-108,37,87,379,4,9,55
5785,-108,52,87,379,5,10,56
5785,-108,52,87,379,5,11,57
5785,-108,38,87,379,5,10,55
5785,-108,30,87,379,5,9,55
5785,-108,39,87,379,5,11,55
5785,-108,46,87,379,4,10,56
5785,-108,36,87,379,4,9,55
5785,-108,51,87,379,5,10,56
5785,-108,42,87,379,5,10,55
5785,-108,46,87,379,4,9,54
5785,-108,34,87,379,5,9,55
5785,-108,46,87,379,4,9,55
5785,-108,34,87,379,2,10,55
5785,-108,35,87,379,4,9,55
5785,-108,55,87,379,3,9,55
5785,-108,64,87,379,4,9,56
5785,-108,47,87,379,3,9,55
5785,-108,44,87,379,5,10,55
5785,-108,31,87,379,4,8,55
5785,-108,54,87,379,4,8,54
5785,-108,37,87,379,5,8,54
5785,-108,54,87,379,3,9,55
5785,-108,42,87,379,4,8,55
5785,-108,33,87,379,3,9,55
5785,-108,51,87,379,3,8,55
5785,-108,45,87,379,5,9,56
5785,-108,51,87,379,4,10,56
5785,-108,45,87,379,5,9,55
5785,-108,31,87,379,6,9,56
5785,-108,41,87,379,4,9,55
5785,-108,53,87,379,5,9,55
5785,-108,47,87,379,3,7,54
5785,-108,62,87,379,4,7,55
5785,-108,31,87,379,3,7,55
5785,-108,43,87,379,4,9,56
5785,-108,50,87,379,5,12,55
5785,-108,51,87,379,3,7,54
5785,-108,60,87,379,5,8,55
5785,-108,41,87,379,4,10,56
5785,-108,59,87,379,5,9,55
5785,-108,31,87,379,5,9,55
5785,-108,54,87,379,4,11,55
5785,-108,32,87,379,4,8,55
5785,-108,40,87,379,5,11,55
5785,-108,44,87,379,4,10,55
5785,-108,36,87,379,2,7,54
5785,-108,37,87,379,4,9,55
5785,-108,59,87,379,2,9,55
5785,-108,57,87,379,6,11,56
5785,-108,37,87,379,4,10,56
5785,-108,43,87,379,4,7,54
5785,-108,46,87,379,4,10,56
5785,-108,60,87,379,4,10,55
5785,-108,63,87,379,5,10,56
5785,-108,47,87,379,5,11,56
5785,-108,27,87,379,4,9,54
5785,-108,43,87,379,4,9,55
5785,-108,32,87,379,3,8,55
5785,-108,54,87,379,4,11,56
5785,-108,45,87,379,4,9,55
5785,-108,45,87,379,4,10,55
5785,-108,41,87,379,5,7,55
5785,-108,34,87,379,5,10,55
5785,-108,48,87,379,5,9,55
5785,-108,54,87,379,3,8,55
5785,-108,41,87,379,4,11,56
5785,-108,43,87,379,4,9,55
5785,-108,42,87,379,4,9,55
5785,-108,47,87,379,4,10,56
5785,-108,58,87,379,5,10,56
5785,-108,52,87,379,4,9,56
5785,-108,38,87,379,4,9,55
5785,-108,54,87,379,5,10,55
5785,-108,36,87,379,5,11,56
5785,-108,43,87,379,4,8,55
5785,-108,48,87,379,3,10,55
5785,-108,36,87,379,5,8,54
5785,-108,57,87,379,4,10,55
5785,-108,26,87,379,4,9,55
5785,-108,51,87,379,5,10,56
5785,-108,32,87,379,4,11,55
5785,-108,41,87,379,4,9,55
5785,-108,48,87,379,4,10,56
5785,-108,41,87,379,5,10,55
5785,-108,41,87,379,6,10,55
5785,-108,46,87,379,5,11,55
5785,-108,43,87,379,4,9,55
5785,-108,51,87,379,5,10,56
5785,-108,52,87,379,5,7,55
5785,-108,42,87,379,5,10,56
5785,-108,48,87,379,3,9,55
5785,-108,37,87,379,5,8,55
5785,-108,57,87,379,4,9,56
5785,-108,59,87,379,5,10,55
5785,-108,50,87,379,4,9,56
5785,-108,35,87,379,6,9,55
5785,-108,54,87,379,5,10,56
5785,-108,34,87,379,5,11,55
5785,-108,44,87,379,4,9,55
5785,-108,49,87,379,4,10,55
5785,-108,31,87,379,2,9,55
5785,-108,37,87,379,5,9,55
5785,-108,58,87,379,6,9,56
5785,-108,42,87,379,4,9,56
5785,-108,50,87,379,4,10,56
5785,-108,57,87,379,4,9,56
5785,-108,57,87,379,3,10,56
5785,-108,42,87,379,4,10,56
5785,-108,41,87,379,5,9,55
5785,-108,40,87,379,5,8,55
5785,-108,30,87,379,4,9,55
5785,-108,48,87,379,4,10,56
5785,-108,42,87,379,6,9,55
5785,-108,35,87,379,4,7,54
5785,-108,45,87,379,4,8,55
5785,-108,53,87,379,4,9,55
5785,-108,44,87,379,3,9,55
5785,-108,42,87,379,6,9,55
5785,-108,54,87,379,5,8,55
5785,-108,52,87,379,6,9,55
5785,-108,45,87,379,5,7,55
5785,-108,39,87,379,3,9,54
5785,-108,58,87,379,4,9,56
5785,-108,49,87,379,4,9,55
5785,-108,34,87,379,4,10,56
5785,-108,40,87,379,4,8,54
5785,-108,40,87,379,4,9,55
5785,-108,45,87,379,4,10,56
5785,-108,40,87,379,4,10,55
5805,-107,35,87,378,5,10,55
5805,-107,42,87,378,6,9,55
5805,-107,36,87,378,4,10,55
5805,-107,36,87,378,5,10,55
5805,-107,47,87,378,4,9,56
5805,-107,49,87,378,5,10,55
5805,-107,31,87,378,3,9,55
5805,-107,46,87,378,4,9,55
5805,-107,45,87,378,4,10,56
5805,-107,46,87,378,6,9,55
5805,-107,40,87,378,4,9,55
5805,-107,59,87,378,5,8,55
5805,-107,32,87,378,4,10,55
5805,-107,39,87,378,5,9,55
5805,-107,44,87,378,5,8,55
5805,-107,54,87,378,5,10,55
5805,-107,53,87,378,4,9,54
5805,-107,40,87,378,4,10,55
5805,-107,49,87,378,5,7,54
5805,-107,52,87,378,5,8,54
5805,-107,33,87,378,5,10,55
5805,-107,43,87,378,6,7,55
5805,-107,47,87,378,5,11,56
5805,-107,48,87,378,5,10,55
5805,-107,39,87,378,5,10,55
5805,-107,34,87,378,2,10,56
5805,-107,46,87,378,4,9,55
5805,-107,39,87,378,4,11,55
5805,-107,38,87,378,4,8,55
5805,-107,31,87,378,5,9,54
5805,-107,31,87,378,3,9,54
5805,-107,44,87,378,4,7,54
5805,-107,39,87,378,6,10,55
5805,-107,30,87,378,4,9,55
5805,-107,31,87,378,5,9,55
5805,-107,57,87,378,5,8,55
5805,-107,42,87,378,6,9,55
5805,-107,48,87,378,5,9,55
5805,-107,45,87,378,5,7,55
5805,-107,48,87,378,4,13,56
5805,-107,46,87,378,3,8,54
5805,-107,52,87,378,5,8,54
5805,-107,50,87,378,3,11,56
5805,-107,38,87,378,5,10,55
5805,-107,42,87,378,4,9,55
5805,-107,36,87,378,4,10,55
5805,-107,37,87,378,4,11,55
5805,-107,47,87,378,4,9,55
5805,-107,39,87,378,4,10,55
5805,-107,51,87,378,3,9,54
5805,-107,57,87,378,5,9,55
5805,-107,35,87,378,4,9,55
5805,-107,41,87,378,4,9,54
5805,-107,42,87,378,4,9,55
5805,-107,36,87,378,5,9,56
5805,-107,53,87,378,4,8,55
5805,-107,41,87,378,4,11,55
5805,-107,47,87,378,5,11,56
5805,-107,52,87,378,4,9,55
5805,-107,47,87,378,4,11,55
5805,-107,43,87,378,5,10,56
5805,-107,45,87,378,5,10,56
5805,-107,30,87,378,6,9,55
5805,-107,35,87,378,3,10,55
5805,-107,45,87,378,6,7,54
5805,-107,42,87,378,5,9,55
5805,-107,46,87,378,5,10,55
5805,-107,48,87,378,2,8,54
5805,-107,47,87,378,4,8,55
5805,-107,40,87,378,5,9,54
5805,-107,40,87,378,6,9,54
5805,-107,45,87,378,3,7,53
5805,-107,48,87,378,4,9,55
5805,-107,29,87,378,5,9,54
5805,-107,48,87,378,3,8,55
5805,-107,28,87,378,5,9,55
5805,-107,43,87,378,5,9,55
5805,-107,51,87,378,4,10,55
5805,-107,31,87,378,5,8,54
5805,-107,48,87,378,5,7,55
5805,-107,41,87,378,5,10,55
5805,-107,42,87,378,4,10,56
5805,-107,30,87,378,2,8,54
5805,-107,39,87,378,6,9,54
5805,-107,49,87,378,4,9,55
5805,-107,38,87,378,5,9,55
5805,-107,29,87,378,3,9,55
5805,-107,45,87,378,7,10,55
5805,-107,44,87,378,2,8,55
5805,-107,46,87,378,5,11,56
5805,-107,42,87,378,4,11,56
5805,-107,58,87,378,4,9,56
5805,-107,55,87,378,5,10,56
5805,-107,36,87,378,4,11,55
5805,-107,51,87,378,3,9,55
5805,-107,48,87,378,5,9,55
5805,-107,36,87,378,5,7,54
5805,-107,36,87,378,4,9,55
5805,-107,48,87,378,4,9,54
5805,-107,56,87,378,5,8,54
5805,-107,40,87,378,5,8,55
5805,-107,53,87,378,3,9,55
5805,-107,38,87,378,5,8,55
5805,-107,51,87,378,3,8,56
5805,-107,48,87,378,4,9,55
5805,-107,45,87,378,4,8,55
5805,-107,35,87,378,5,11,56
5805,-107,28,87,378,5,8,54
5805,-107,43,87,378,4,8,55
5805,-107,35,87,378,4,8,54
5805,-107,32,87,378,4,8,54
5805,-107,54,87,378,3,8,54
5805,-107,46,87,378,4,8,55
5805,-107,52,87,378,5,9,55
5805,-107,46,87,378,6,8,54
5805,-107,51,87,378,5,9,55
5805,-107,32,87,378,4,11,55
5805,-107,45,87,378,3,11,55
5805,-107,37,87,378,4,7,54
5805,-107,48,87,378,5,10,55
5805,-107,41,87,378,4,9,55
5805,-107,38,87,378,5,11,55
5805,-107,45,87,378,5,10,54
5805,-107,41,87,378,5,9,55
5805,-107,42,87,378,5,10,56
5805,-107,51,87,378,4,8,54
5805,-107,39,87,378,4,9,54
5805,-107,44,87,378,4,10,55
5805,-107,44,87,378,3,8,54
5805,-107,38,87,378,3,11,55
5805,-107,38,87,378,4,9,55
5805,-107,45,87,378,5,10,55
5805,-107,32,87,378,5,11,55
5805,-107,39,87,378,6,9,56
5805,-107,57,87,378,4,7,54
5805,-107,48,87,378,5,11,56
5805,-107,45,87,378,4,9,55
5805,-107,56,87,378,5,9,55
5805,-107,53,87,378,4,8,55
5805,-107,47,87,378,4,7,55
5805,-107,41,87,378,3,10,55
5805,-107,52,87,378,6,9,55
5805,-107,46,87,378,5,8,54
5805,-107,39,87,378,5,9,54
5805,-107,50,87,378,5,9,54
5805,-107,55,87,378,3,10,55
5805,-107,31,87,378,5,10,55
5805,-107,41,87,378,3,10,56
5805,-107,47,87,378,4,10,55
5805,-107,43,87,378,5,9,55
5805,-107,45,87,378,5,10,55
5805,-107,37,87,378,4,9,55
5805,-107,48,87,378,4,9,55
5805,-107,28,87,378,5,10,55
5805,-107,43,87,378,4,7,54
5805,-107,44,87,378,4,8,54
5805,-107,38,87,378,4,8,54
5805,-107,39,87,378,5,8,54
5805,-107,41,87,378,5,10,55
5805,-107,54,87,378,4,10,56
5805,-107,62,87,378,3,9,55
5805,-107,39,87,378,5,8,55
5805,-107,33,87,378,2,9,56
5805,-107,45,87,378,4,9,54
5805,-107,42,87,378,3,10,54
5805,-107,48,87,378,4,9,55
5805,-107,43,87,378,5,8,55
5805,-107,45,87,378,4,10,56
5805,-107,50,87,378,4,10,55
5805,-107,51,87,378,4,9,55
5805,-107,41,87,378,6,10,54
5805,-107,42,87,378,5,11,55
5805,-107,34,87,378,4,10,55
5805,-107,45,87,378,4,9,54
5805,-107,36,87,378,5,8,55
5805,-107,47,87,378,4,12,55
5805,-107,47,87,378,6,9,55
5805,-107,47,87,378,3,9,55
5805,-107,44,87,378,5,8,55
5805,-107,38,87,378,4,11,55
5805,-107,70,87,378,5,9,54
5805,-107,45,87,378,3,8,54
5805,-107,33,87,378,5,10,55
5805,-107,36,87,378,5,10,55
5805,-107,49,87,378,5,8,54
5805,-107,39,87,378,5,8,54
5805,-107,44,87,378,4,12,55
5805,-107,54,87,378,4,10,56
5805,-107,37,87,378,4,11,55
5805,-107,42,87,378,4,9,55
5805,-107,47,87,378,5,9,55
5805,-107,37,87,378,6,9,55
5805,-107,44,87,378,5,10,55
5805,-107,46,87,378,5,10,56
5805,-107,45,87,378,5,11,56
5805,-107,53,87,378,4,9,55
5805,-107,45,87,378,5,10,55
5805,-107,48,87,378,6,7,54
5805,-107,56,87,378,4,10,55
5805,-107,38,87,378,6,9,56
5805,-107,40,87,378,5,10,55
5805,-107,46,87,378,5,9,55
5805,-107,39,87,378,5,9,54
5805,-107,47,87,378,4,10,56
5805,-107,49,87,378,5,8,55
5805,-107,64,87,378,5,11,56
5805,-107,60,87,378,4,9,56
5805,-107,34,87,378,4,9,55
5805,-107,47,87,378,5,8,54
5805,-107,33,87,378,6,9,55
5805,-107,36,87,378,4,9,55
5805,-107,31,87,378,4,9,55
5805,-107,48,87,378,5,9,55
5805,-107,47,87,378,5,8,55
5805,-107,45,87,378,3,10,56
5805,-107,40,87,378,5,11,55
5805,-107,44,87,378,4,9,55
5805,-107,45,87,378,6,10,54
5805,-107,48,87,378,4,8,54
5805,-107,41,87,378,5,11,56
5805,-107,55,87,378,5,10,55
5805,-107,24,87,378,4,9,54
5805,-107,49,87,378,4,8,55
5805,-107,37,87,378,5,9,56
5805,-107,52,87,378,5,8,55
5805,-107,48,87,378,4,10,55
5805,-107,55,87,378,4,9,55
5805,-107,39,87,378,5,11,55
5805,-107,60,87,378,4,10,56
5805,-107,52,87,378,5,11,55
5805,-107,45,87,378,4,9,55
5805,-107,34,87,378,4,10,55
5805,-107,51,87,378,4,9,55
5805,-107,28,87,378,4,8,53
5805,-107,34,87,378,5,8,54
5805,-107,43,87,378,5,8,54
5805,-107,44,87,378,4,8,55
5805,-107,51,87,378,5,9,55
5805,-107,53,87,378,4,10,55
5805,-107,41,87,378,4,9,55
5805,-107,40,87,378,4,9,55
5805,-107,52,87,378,5,7,54
5805,-107,41,87,378,4,9,54
5805,-107,43,87,378,4,9,55
5805,-107,51,87,378,5,9,55
5805,-107,49,87,378,5,9,55
5805,-107,47,87,378,4,8,55
5805,-107,45,87,378,3,8,54
5805,-107,49,87,378,5,10,55
5805,-107,43,87,378,4,8,55
5805,-107,48,87,378,5,8,55
5805,-107,51,87,378,3,10,56
5805,-107,45,87,378,3,10,55
5805,-107,45,87,378,5,9,56
5805,-107,29,87,378,5,10,55
5805,-107,50,87,378,5,9,54
5805,-107,47,87,378,4,9,54
5805,-107,53,87,378,5,11,56
5805,-107,40,87,378,4,9,55
5805,-107,51,87,378,4,9,55
5805,-107,59,87,378,4,8,55
5805,-107,43,87,378,5,9,55
5805,-107,56,87,378,6,10,55
5805,-107,53,87,378,4,10,55
5805,-107,50,87,378,4,8,55
5805,-107,49,87,378,4,9,55
5805,-107,48,87,378,5,9,55
5805,-107,38,87,378,4,9,55
5805,-107,35,87,378,5,9,54
5805,-107,55,87,378,5,9,56
5805,-107,50,87,378,4,12,56
5805,-107,53,87,378,4,9,54
5805,-107,38,87,378,4,8,54
5805,-107,43,87,378,5,9,56
5805,-107,41,87,378,3,8,53
5805,-107,49,87,378,4,8,54
5805,-107,51,87,378,5,10,55
5805,-107,45,87,378,5,9,55
5805,-107,57,87,378,4,9,55
5805,-107,51,87,378,5,11,56
5805,-107,52,87,378,5,10,55
5805,-107,51,87,378,5,11,56
5805,-107,64,87,378,4,10,56
5805,-107,47,87,378,4,9,55
5805,-107,41,87,378,4,10,54
5805,-107,43,87,378,5,9,55
5805,-107,47,87,378,5,10,56
5805,-107,40,87,378,4,9,55
5805,-107,40,87,378,4,10,55
5805,-107,48,87,378,5,11,55
5805,-107,53,87,378,5,10,55
5805,-107,48,87,378,4,9,54
5805,-107,36,87,378,5,11,56
5805,-107,61,87,378,3,10,56
5805,-107,50,87,378,5,8,54
5805,-107,49,87,378,5,11,56
5805,-107,44,87,378,4,9,54
5805,-107,53,87,378,5,10,55
5805,-107,40,87,378,5,8,54
5805,-107,34,87,378,4,9,55
5805,-107,34,87,378,4,10,56
5805,-107,61,87,378,4,7,54
5805,-107,51,87,378,6,8,54
5805,-107,46,87,378,3,8,55
5805,-107,52,87,378,4,9,55
5805,-107,53,87,378,5,9,55
5805,-107,41,87,378,5,9,55
5805,-107,59,87,378,4,9,55
5805,-107,43,87,378,5,9,54
5805,-107,49,87,378,5,10,56
5805,-107,43,87,378,3,10,55
5805,-107,54,87,378,4,11,55
5805,-107,53,87,378,4,10,56
5805,-107,52,87,378,4,10,55
5805,-107,34,87,378,4,10,54
5805,-107,44,87,378,5,9,55
5805,-107,59,87,378,4,9,55
5805,-107,40,87,378,4,10,55
5805,-107,36,87,378,7,10,55
5805,-107,46,87,378,3,10,55
5805,-107,33,87,378,5,9,55
5805,-107,39,87,378,4,7,55
5805,-107,46,87,378,5,9,55
5805,-107,44,87,378,5,9,55
5805,-107,52,87,378,4,10,56
5805,-107,42,87,378,5,9,54
5805,-107,40,87,378,5,9,54
5805,-107,62,87,378,5,10,56
5805,-107,47,87,378,4,10,55
5805,-107,44,87,378,3,9,56
5805,-107,45,87,378,5,10,55
5805,-107,44,87,378,5,9,55
5805,-107,47,87,378,5,10,56
5805,-107,42,87,378,4,10,56
5805,-107,39,87,378,5,9,55
5805,-107,41,87,378,4,8,55
5805,-107,42,87,378,5,9,55
5805,-107,42,87,378,5,10,55
5805,-107,55,87,378,5,10,56
5805,-107,41,87,378,5,9,55
5805,-107,49,87,378,4,8,55
5805,-107,46,87,378,5,11,55
5805,-107,42,87,378,3,9,54
5805,-107,52,87,378,4,10,55
5805,-107,57,87,378,5,10,56
5805,-107,52,87,378,6,9,55
5805,-107,40,87,378,5,11,55
5805,-107,55,87,378,4,10,55
5805,-107,35,87,378,3,9,55
5805,-107,44,87,378,4,9,55
5805,-107,45,87,378,5,9,54
5805,-107,45,87,378,4,10,55
5805,-107,38,87,378,4,10,56
5805,-107,35,87,378,5,7,54
5805,-107,40,87,378,5,8,54
5805,-107,50,87,378,5,11,55
5805,-107,42,87,378,4,9,55
5805,-107,38,87,378,5,9,54
5805,-107,47,87,378,5,8,55
5805,-107,49,87,378,4,8,54
5805,-107,23,87,378,4,8,54
5805,-107,36,87,378,4,10,56
5805,-107,41,87,378,4,9,54
5805,-107,39,87,378,3,9,54
5805,-107,41,87,378,5,9,54
5805,-107,44,87,378,4,7,54
5805,-107,34,87,378,5,9,55
5805,-107,48,87,378,5,11,55
5805,-107,35,87,378,3,12,56
5805,-107,44,87,378,4,11,55
5805,-107,36,87,378,5,10,56
5805,-107,43,87,378,4,9,55
5805,-107,41,87,378,5,8,54
5805,-107,40,87,378,5,10,55
5805,-107,61,87,378,4,10,56
5805,-107,37,87,378,6,10,54
5805,-107,40,87,378,4,8,54
5805,-107,35,87,378,3,7,55
5805,-107,35,87,378,4,10,55
5805,-107,48,87,378,4,9,55
5805,-107,35,87,378,5,7,54
5805,-107,42,87,378,4,10,55
5805,-107,46,87,378,5,10,55
5805,-107,39,87,378,4,9,55
5805,-107,43,87,378,6,9,55
5805,-107,49,87,378,6,10,55
5805,-107,48,87,378,4,10,55
5805,-107,55,87,378,4,8,55
5805,-107,50,87,378,5,10,55
5805,-107,54,87,378,5,9,55
5805,-107,47,87,378,4,11,55
5805,-107,27,87,378,2,10,54
5805,-107,55,87,378,3,9,54
5805,-107,57,87,378,4,9,55
5805,-107,39,87,378,4,9,56
5805,-107,46,87,378,4,7,55
5805,-107,50,87,378,4,10,56
5805,-107,52,87,378,4,10,55
5805,-107,38,87,378,4,8,54
5805,-107,54,87,378,2,9,55
5805,-107,28,87,378,6,9,55
5805,-107,52,87,378,4,9,55
5805,-107,40,87,378,3,9,55
5805,-107,42,87,378,5,9,55
5805,-107,38,87,378,4,10,55
5805,-107,42,87,378,6,8,55
5805,-107,52,87,378,3,11,55
5805,-107,36,87,378,4,10,55
5805,-107,38,87,378,5,9,55
5805,-107,47,87,378,5,9,55
5805,-107,49,87,378,4,10,56
5805,-107,40,87,378,3,9,55
5805,-107,44,87,378,5,8,53
5805,-107,41,87,378,5,10,55
5805,-107,47,87,378,3,8,55
5805,-107,40,87,378,5,9,55
5805,-107,47,87,378,3,10,55
5805,-107,42,87,378,5,8,54
5805,-107,43,87,378,5,10,55
5805,-107,52,87,378,5,9,55
5805,-107,37,87,378,4,8,54
5805,-107,35,87,378,4,10,55
5805,-107,42,87,378,5,9,55
5805,-107,42,87,378,6,10,55
5805,-107,35,87,378,4,10,55
5805,-107,35,87,378,6,10,56
5805,-107,37,87,378,5,9,54
5805,-107,40,87,378,5,9,55
5805,-107,34,87,378,4,8,55
5805,-107,59,87,378,5,9,55
5805,-107,40,87,378,5,9,54
5805,-107,28,87,378,4,11,55
5805,-107,30,87,378,5,12,55
5805,-107,43,87,378,4,8,54
5805,-107,53,87,378,5,9,55
5805,-107,32,87,378,6,9,56
5805,-107,58,87,378,5,9,55
5805,-107,43,87,378,4,11,57
5805,-107,52,87,378,5,8,54
5805,-107,48,87,378,4,11,56
5805,-107,54,87,378,5,9,54
5805,-107,41,87,378,4,9,54
5805,-107,47,87,378,5,8,54
5805,-107,49,87,378,6,9,54
5805,-107,43,87,378,4,9,55
5805,-107,39,87,378,6,9,55
5805,-107,46,87,378,4,11,55
5805,-107,35,87,378,5,9,54
5805,-107,43,87,378,5,10,55
5805,-107,57,87,378,4,10,57
5805,-107,42,87,378,4,11,55
5805,-107,37,87,378,4,9,56
5805,-107,50,87,378,4,7,54
5805,-107,47,87,378,3,10,56
5805,-107,60,87,378,5,8,55
5805,-107,43,87,378,4,8,55
5805,-107,34,87,378,4,7,53
5805,-107,50,87,378,6,10,55
5805,-107,52,87,378,4,10,54
5805,-107,37,87,378,4,9,55
5805,-107,36,87,378,4,9,55
5805,-107,60,87,378,4,9,55
5805,-107,46,87,378,5,11,56
5805,-107,49,87,378,5,9,55
5805,-107,66,87,378,6,9,55
5805,-107,40,87,378,4,11,56
5805,-107,43,87,378,4,9,54
5805,-107,46,87,378,4,11,56
5805,-107,48,87,378,4,9,55
5805,-107,41,87,378,5,8,54
5805,-107,33,87,378,5,10,55
5805,-107,46,87,378,4,8,55
5805,-107,42,87,378,4,9,54
5805,-107,49,87,378,5,9,55
5805,-107,42,87,378,4,8,54
5805,-107,43,87,378,6,10,55
5805,-107,43,87,378,4,8,55
5805,-107,51,87,378,5,10,55
5805,-107,55,87,378,5,11,56
5805,-107,60,87,378,6,10,55
5805,-107,43,87,378,4,11,56
5805,-107,48,87,378,6,9,55
5805,-107,46,87,378,4,10,55
5805,-107,46,87,378,4,11,55
5805,-107,48,87,378,5,10,55
5805,-107,40,87,378,3,10,55
5805,-107,46,87,378,4,8,54
5805,-107,47,87,378,4,9,54
5805,-107,67,87,378,4,11,56
5805,-107,46,87,378,6,9,54
5805,-107,49,87,378,4,10,56
5805,-107,49,87,378,5,10,56
5805,-107,40,87,378,4,9,55
5805,-107,34,87,378,6,9,53
5805,-107,40,87,378,5,8,55
5805,-107,29,87,378,5,9,54
5805,-107,40,87,378,5,8,55
5805,-107,49,87,378,3,8,54
5805,-107,42,87,378,4,9,54
5805,-107,41,87,378,4,11,56
5805,-107,53,87,378,6,11,56
5805,-107,45,87,378,4,12,56
5805,-107,52,87,378,5,9,54
5805,-107,46,87,378,6,10,55
5805,-107,33,87,378,6,9,55
5805,-107,39,87,378,4,10,55
5805,-107,43,87,378,6,12,55
5805,-107,49,87,378,5,7,54
5805,-107,45,87,378,4,8,54
5805,-107,35,87,378,3,8,54
5805,-107,33,87,378,3,10,55
5805,-107,44,87,378,4,10,55
5805,-107,53,87,378,4,7,53
5805,-107,61,87,378,5,9,55
5805,-107,42,87,378,6,9,54
5805,-107,50,87,378,5,10,55
5805,-107,46,87,378,3,8,55
5805,-107,48,87,378,4,9,55
5805,-107,48,87,378,4,9,55
5805,-107,47,87,378,6,10,55
5805,-107,63,87,378,5,12,57
5805,-107,47,87,378,5,9,55
5805,-107,48,87,378,4,10,56
5805,-107,52,87,378,4,10,56
5805,-107,43,87,378,6,9,54
5805,-107,57,87,378,4,10,55
5805,-107,52,87,378,3,9,54
5805,-107,38,87,378,3,10,55
5805,-107,50,87,378,5,9,56
5805,-107,64,87,378,5,11,56
5805,-107,47,87,378,4,9,55
5805,-107,36,87,378,5,11,56
5805,-107,51,87,378,5,10,55
5805,-107,44,87,378,5,9,55
5805,-107,45,87,378,4,10,54
5805,-107,39,87,378,5,8,54
5805,-107,60,87,378,4,8,55
5805,-107,52,87,378,4,9,54
5805,-107,41,87,378,4,8,54
5805,-107,41,87,378,5,9,54
5805,-107,54,87,378,3,9,54
5805,-107,41,87,378,4,8,53
5805,-107,56,87,378,4,9,54
5805,-107,40,87,378,5,11,55
5805,-107,63,87,378,4,10,55
5805,-107,47,87,378,4,8,54
5805,-107,57,87,378,4,9,56
5805,-107,42,87,378,5,10,55
5805,-107,47,87,378,5,10,55
5805,-107,54,87,378,4,9,55
5805,-107,42,87,378,4,10,55
5805,-107,41,87,378,4,9,54
5805,-107,45,87,378,5,8,54
5805,-107,33,87,378,5,12,55
5805,-107,35,87,378,6,10,56
5805,-107,48,87,378,4,8,54
5805,-107,67,87,378,5,10,56
5805,-107,43,87,378,5,9,54
5805,-107,51,87,378,4,8,54
5805,-107,48,87,378,4,7,55
5805,-107,41,87,378,5,9,54
5805,-107,44,87,378,3,8,56
5805,-107,51,87,378,6,10,56
5805,-107,45,87,378,5,11,56
5805,-107,52,87,378,3,9,55
5805,-107,41,87,378,4,9,55
5805,-107,48,87,378,5,10,55
5805,-107,53,87,378,3,8,55
5805,-107,44,87,378,5,9,55
5805,-107,53,87,378,4,9,55
5805,-107,50,87,378,5,8,55
5805,-107,58,87,378,5,8,55
5805,-107,52,87,378,4,11,54
5805,-107,49,87,378,3,12,55
5805,-107,30,87,378,4,10,55
5805,-107,40,87,378,4,10,55
5805,-107,43,87,378,5,9,55
5805,-107,41,87,378,3,9,56
5805,-107,34,87,378,4,7,55
5805,-107,43,87,378,3,9,55
5805,-107,46,87,378,5,8,55
5805,-107,51,87,378,4,10,55
5805,-107,40,87,378,5,10,54
5805,-107,36,87,378,5,9,55
5805,-107,48,87,378,5,9,55
5805,-107,63,87,378,3,8,55
5805,-107,30,87,378,4,8,54
5805,-107,39,87,378,5,8,54
5805,-107,35,87,378,5,8,54
5805,-107,43,87,378,5,10,55
5805,-107,40,87,378,5,9,55
5805,-107,45,87,378,4,12,56
5805,-107,59,87,378,5,10,56
5805,-107,56,87,378,5,10,56
5805,-107,45,87,378,4,8,55
5805,-107,44,87,378,5,9,54
5805,-107,52,87,378,5,8,55
5805,-107,45,87,378,5,9,54
5805,-107,50,87,378,6,11,56
5805,-107,38,87,378,3,10,55
5805,-107,26,87,378,5,9,55
5805,-107,60,87,378,6,10,55
5805,-107,62,87,378,5,9,56
5805,-107,47,87,378,4,9,55
5805,-107,52,87,378,4,11,55
5805,-107,33,87,378,4,10,55
5805,-107,48,87,378,6,8,55
5805,-107,48,87,378,3,8,54
5805,-107,54,87,378,4,10,55
5805,-107,49,87,378,4,7,55
5805,-107,50,87,378,5,9,55
5805,-107,48,87,378,4,9,55
5805,-107,58,87,378,4,9,55
5805,-107,45,87,378,5,10,55
5805,-107,28,87,378,4,9,55
5805,-107,49,87,378,5,7,55
5805,-107,42,87,378,5,8,55
5805,-107,49,87,378,4,9,54
5805,-107,58,87,378,4,9,55
5805,-107,38,87,378,3,10,55
5805,-107,33,87,378,4,9,55
5805,-107,61,87,378,3,8,54
5805,-107,51,87,378,5,8,54
5805,-107,56,87,378,4,8,54
5805,-107,58,87,378,5,9,55
5805,-107,43,87,378,5,9,55
5805,-107,49,87,378,4,11,56
5805,-107,50,87,378,3,10,57
5805,-107,44,87,378,5,10,55
5805,-107,44,87,378,5,10,56
5805,-107,45,87,378,4,9,55
5805,-107,51,87,378,3,10,55
5805,-107,43,87,378,4,10,55
5805,-107,39,87,378,4,8,55
5805,-107,35,87,378,4,9,55
5805,-107,54,87,378,5,9,55
5805,-107,47,87,378,6,9,54
5805,-107,32,87,378,5,8,54
5805,-107,51,87,378,5,9,55
5805,-107,49,87,378,4,9,55
5805,-107,34,87,378,6,13,56
5805,-107,33,87,378,3,10,55
5805,-107,46,87,378,5,8,55
5805,-107,46,87,378,6,9,56
5805,-107,54,87,378,5,11,55
5805,-107,49,87,378,5,9,55
5805,-107,41,87,378,6,11,56
5805,-107,46,87,378,3,10,55
5805,-107,35,87,378,4,9,54
5805,-107,44,87,378,4,10,56
5805,-107,47,87,378,4,10,55
5805,-107,50,87,378,4,8,55
5805,-107,42,87,378,4,8,54
5805,-107,45,87,378,5,8,55
5805,-107,41,87,378,4,9,55
5805,-107,49,87,378,4,9,55
5805,-107,36,87,378,4,9,55
5805,-107,41,87,378,5,9,54
5805,-107,43,87,378,4,8,55
5805,-107,41,87,378,5,9,55
5805,-107,58,87,378,5,10,55
5805,-107,39,87,378,5,8,55
5805,-107,25,87,378,4,9,55
5805,-107,55,87,378,5,9,55
5805,-107,63,87,378,5,9,55
5805,-107,39,87,378,4,10,55
5805,-107,51,87,378,4,9,55
5805,-107,47,87,378,4,9,54
5805,-107,38,87,378,5,8,54
5805,-107,36,87,378,5,11,56
5805,-107,46,87,378,4,10,55
5805,-107,37,87,378,4,9,54
5805,-107,51,87,378,5,9,55
5805,-107,67,87,378,5,9,56
5805,-107,40,87,378,4,11,56
5805,-107,43,87,378,4,10,55
5805,-107,38,87,378,6,11,56
5805,-107,28,87,378,3,10,55
5805,-107,44,87,378,4,10,55
5805,-107,34,87,378,5,8,54
5805,-107,39,87,378,5,10,55
5805,-107,37,87,378,4,12,54
5805,-107,48,87,378,4,7,55
5805,-107,39,87,378,5,10,55
5805,-107,52,87,378,4,8,54
5805,-107,43,87,378,5,7,55
5805,-107,43,87,378,5,10,55
5805,-107,43,87,378,5,9,55
5805,-107,45,87,378,5,10,55
5805,-107,45,87,378,3,12,55
5805,-107,52,87,378,4,8,54
5805,-107,51,87,378,4,10,55
5805,-107,49,87,378,5,9,56
5805,-107,53,87,378,4,9,55
5805,-107,46,87,378,5,11,56
5805,-107,54,87,378,4,9,56
5805,-107,52,87,378,5,8,54
5805,-107,54,87,378,4,9,55
5805,-107,50,87,378,4,10,55
5805,-107,61,87,378,6,9,55
5805,-107,54,87,378,6,8,55
5805,-107,42,87,378,5,9,55
5805,-107,50,87,378,5,10,55
5805,-107,43,87,378,5,9,55
5805,-107,36,87,378,5,9,55
5805,-107,51,87,378,5,9,55
5805,-107,46,87,378,4,11,56
5805,-107,49,87,378,4,9,56
5805,-107,43,87,378,2,10,56
5805,-107,45,87,378,4,8,54
5805,-107,57,87,378,4,8,54
5805,-107,46,87,378,6,9,55
5805,-107,47,87,378,6,10,54
5805,-107,50,87,378,4,10,56
5805,-107,49,87,378,5,10,56
5805,-107,44,87,378,6,10,54
5805,-107,31,87,378,5,8,53
5805,-107,38,87,378,5,11,56
5805,-107,49,87,378,4,10,56
5805,-107,50,87,378,4,8,54
5805,-107,44,87,378,5,7,54
5805,-107,41,87,378,5,7,54
5805,-107,47,87,378,5,9,56
5805,-107,64,87,378,5,8,56
5805,-107,37,87,378,4,9,56
5805,-107,49,87,378,4,11,56
5805,-107,48,87,378,3,10,55
5805,-107,39,87,378,5,9,54
5805,-107,49,87,378,4,10,55
5805,-107,48,87,378,5,9,55
5805,-107,51,87,378,4,9,55
5805,-107,43,87,378,5,10,55
5805,-107,52,87,378,5,11,55
5805,-107,46,87,378,4,11,56
5805,-107,52,87,378,4,10,54
5805,-107,46,87,378,5,8,55
5805,-107,51,87,378,5,9,56
5805,-107,41,87,378,3,11,55
5805,-107,39,87,378,5,10,55
5805,-107,36,87,378,4,8,55
5805,-107,28,87,378,5,9,55
5805,-107,45,87,378,5,9,55
5805,-107,47,87,378,6,9,54
5805,-107,44,87,378,5,10,55
5805,-107,33,87,378,5,10,55
5805,-107,64,87,378,5,9,55
5805,-107,58,87,378,4,8,54
5805,-107,47,87,378,3,8,54
5805,-107,37,87,378,5,8,54
5805,-107,37,87,378,3,10,56
5805,-107,51,87,378,6,8,54
5805,-107,36,87,378,4,11,55
5805,-107,58,87,378,4,10,55
5805,-107,60,87,378,5,9,55
5805,-107,47,87,378,4,8,55
5805,-107,60,87,378,6,11,55
5805,-107,34,87,378,5,9,54
5805,-107,40,87,378,4,8,55
5805,-107,54,87,378,5,10,57
5805,-107,46,87,378,6,10,56
5805,-107,40,87,378,5,9,55
5805,-107,55,87,378,5,8,54
5805,-107,38,87,378,4,10,55
5805,-107,66,87,378,6,8,56
5805,-107,53,87,378,4,9,55
5805,-107,52,87,378,6,12,55
5805,-107,51,87,378,4,10,55
5805,-107,42,87,378,6,8,54
5805,-107,46,87,378,3,12,55
5805,-107,47,87,378,5,10,56
5805,-107,47,87,378,4,11,56
5805,-107,37,87,378,6,8,55
5805,-107,32,87,378,5,10,55
5805,-107,41,87,378,4,9,55
5805,-107,56,87,378,3,9,55
5805,-107,48,87,378,3,9,55
5805,-107,55,87,378,5,9,55
5805,-107,56,87,378,5,9,54
5805,-107,48,87,378,3,7,54
5805,-107,35,87,378,5,8,54
5805,-107,38,87,378,5,10,55
5805,-107,51,87,378,4,9,55
5805,-107,39,87,378,4,11,55
5805,-107,50,87,378,5,9,55
5805,-107,52,87,378,4,10,56
5805,-107,48,87,378,4,9,55
5805,-107,47,87,378,4,9,55
5805,-107,32,87,378,5,9,55
5805,-107,55,87,378,5,9,54
5805,-107,45,87,378,4,9,55
5805,-107,46,87,378,4,10,55
5805,-107,48,87,378,5,8,54
5805,-107,43,87,378,6,10,55
5805,-107,50,87,378,4,10,55
5805,-107,53,87,378,5,10,56
5805,-107,53,87,378,5,9,56
5805,-107,35,87,378,4,9,55
5805,-107,42,87,378,4,11,55
5805,-107,37,87,378,4,10,55
5805,-107,44,87,378,4,8,54
5805,-107,41,87,378,4,9,54
5805,-107,48,87,378,4,10,56
5805,-107,30,87,378,4,10,55
5805,-107,46,87,378,5,12,55
5805,-107,55,87,378,4,9,54
5805,-107,36,87,378,5,9,54
5805,-107,50,87,378,6,9,56
5805,-107,39,87,378,5,9,54
5805,-107,41,87,378,3,9,55
5805,-107,42,87,378,5,10,56
5805,-107,48,87,378,5,8,55
5805,-107,37,87,378,6,9,55
5805,-107,48,87,378,5,8,54
5805,-107,39,87,378,4,10,55
5805,-107,43,87,378,4,10,54
5805,-107,57,87,378,4,11,55
5805,-107,37,87,378,5,9,54
5805,-107,55,87,378,4,10,55
5805,-107,46,87,378,5,8,55
5805,-107,39,87,378,4,9,55
5805,-107,61,87,378,6,10,55
5805,-107,43,87,378,3,9,55
5805,-107,47,87,378,5,9,55
5805,-107,33,87,378,5,8,55
5805,-107,44,87,378,4,10,56
5805,-107,45,87,378,5,9,55
5805,-107,40,87,378,4,8,54
5805,-107,28,87,378,6,11,55
5805,-107,35,87,378,5,10,55
5805,-107,44,87,378,4,9,55
5805,-107,38,87,378,5,8,55
5805,-107,48,87,378,3,11,56
5805,-107,47,87,378,3,8,55
5805,-107,54,87,378,5,9,55
5805,-107,59,87,378,4,7,54
5805,-107,36,87,378,5,7,55
5805,-107,40,87,378,4,9,55
5805,-107,47,87,378,5,9,55
5805,-107,46,87,378,4,10,55
5805,-107,29,87,378,6,10,55
5805,-107,41,87,378,3,9,54
5805,-107,41,87,378,5,11,55
5805,-107,44,87,378,5,9,54
5805,-107,52,87,378,5,9,55
5805,-107,47,87,378,4,10,55
5805,-107,61,87,378,6,10,56
5805,-107,50,87,378,5,10,55
5805,-107,39,87,378,5,10,55
5805,-107,48,87,378,5,9,55
5805,-107,35,87,378,4,9,54
5805,-107,58,87,378,4,10,56
5805,-107,63,87,378,4,10,55
5805,-107,49,87,378,3,9,55
5805,-107,41,87,378,5,10,54
5805,-107,45,87,378,5,7,54
5805,-107,37,87,378,5,8,54
5805,-107,47,87,378,3,8,55
5805,-107,35,87,378,5,10,55
5805,-107,44,87,378,4,9,55
5805,-107,64,87,378,5,10,55
5805,-107,44,87,378,4,10,55
5805,-107,44,87,378,5,9,55
5805,-107,52,87,378,5,9,55
5805,-107,34,87,378,5,8,54
5805,-107,39,87,378,3,7,53
5805,-107,38,87,378,5,8,54
5805,-107,42,87,378,5,10,55
5805,-107,52,87,378,3,10,55
5805,-107,58,87,378,5,10,56
5805,-107,44,87,378,5,8,54
5805,-107,42,87,378,5,10,55
5805,-107,37,87,378,4,9,54
5805,-107,48,87,378,4,11,55
5805,-107,57,87,378,5,9,54
5805,-107,37,87,378,5,9,56
5805,-107,39,87,378,4,10,55
5805,-107,55,87,378,4,9,55
5805,-107,35,87,378,4,8,54
5805,-107,30,87,378,6,8,54
5805,-107,36,87,378,5,9,55
5805,-107,53,87,378,4,8,55
5805,-107,38,87,378,4,10,55
5805,-107,36,87,378,4,9,55
5805,-107,51,87,378,5,9,55
5805,-107,47,87,378,4,9,55
5805,-107,41,87,378,4,11,55
5805,-107,56,87,378,4,10,55
5805,-107,46,87,378,4,9,55
5805,-107,54,87,378,3,9,55
5805,-107,41,87,378,4,9,55
5805,-107,36,87,378,4,8,53
5805,-107,46,87,378,5,10,55
5805,-107,57,87,378,5,10,56
5805,-107,51,87,378,4,9,56
5805,-107,43,87,378,4,9,55
5805,-107,50,87,378,5,10,56
5805,-107,38,87,378,4,9,55
5805,-107,45,87,378,4,11,56
5805,-107,45,87,378,5,8,55
5805,-107,48,87,378,5,8,55
5805,-107,45,87,378,5,8,54
5805,-107,44,87,378,5,11,56
5805,-107,50,87,378,5,9,55
5805,-107,47,87,378,5,9,55
5805,-107,41,87,378,3,9,55
5805,-107,45,87,378,5,8,54
5805,-107,58,87,378,5,7,54
5805,-107,51,87,378,4,9,55
5805,-107,42,87,378,4,10,55
5805,-107,42,87,378,5,8,55
5805,-107,40,87,378,5,9,54
5805,-107,45,87,378,4,8,54
5805,-107,43,87,378,4,9,55
5805,-107,49,87,378,6,10,55
5805,-107,41,87,378,5,10,55
5805,-107,48,87,378,4,9,55
5805,-107,43,87,378,4,10,55
5805,-107,47,87,378,4,10,55
5805,-107,35,87,378,5,9,55
5805,-107,43,87,378,5,10,55
5805,-107,40,87,378,4,9,54
5805,-107,47,87,378,5,9,54
5805,-107,44,87,378,5,8,54
5805,-107,39,87,378,3,9,55
5805,-107,44,87,378,4,10,55
5805,-107,45,87,378,5,9,55
5805,-107,43,87,378,4,12,55
5805,-107,50,87,378,4,10,56
5805,-107,49,87,378,6,10,55
5805,-107,33,87,378,5,9,55
5805,-107,51,87,378,5,8,55
5805,-107,48,87,378,3,10,56
5805,-107,38,87,378,5,10,55
5805,-107,57,87,378,5,9,55
5805,-107,46,87,378,5,10,55
5805,-107,56,87,378,5,10,55
5805,-107,38,87,378,5,8,54
5805,-107,51,87,378,4,10,55
5805,-107,32,87,378,4,10,55
5805,-107,53,87,378,4,11,56
5805,-107,61,87,378,4,10,56
5805,-107,44,87,378,4,10,56
5805,-107,48,87,378,4,9,54
5805,-107,50,87,378,5,9,55
5805,-107,47,87,378,4,9,54
5805,-107,49,87,378,6,8,53
5805,-107,34,87,378,4,9,55
5805,-107,53,87,378,4,9,55
5805,-107,51,87,378,5,8,55
5805,-107,52,87,378,4,10,56
5805,-107,59,87,378,5,11,55
5805,-107,39,87,378,3,9,55
5805,-107,48,87,378,4,8,54
5805,-107,47,87,378,5,9,55
5805,-107,39,87,378,4,7,54
5805,-107,42,87,378,3,8,54
5805,-107,36,87,378,5,9,55
5805,-107,44,87,378,5,10,55
5805,-107,45,87,378,4,8,54
5805,-107,35,87,378,5,10,56
5805,-107,56,87,378,5,8,55
5805,-107,42,87,378,5,8,55
5805,-107,38,87,378,4,9,54
5805,-107,39,87,378,5,10,55
5805,-107,42,87,378,3,9,54
5805,-107,49,87,378,5,7,54
5805,-107,35,87,378,3,9,54
5805,-107,44,87,378,5,11,55
5805,-107,36,87,378,5,9,55
5805,-107,25,87,378,3,9,54
5805,-107,44,87,378,4,9,55
5805,-107,55,87,378,7,10,55
5805,-107,33,87,378,4,8,55
5805,-107,36,87,378,5,9,55
5805,-107,38,87,378,4,10,55
5805,-107,46,87,378,4,9,54
5805,-107,46,87,378,4,11,55
5805,-107,33,87,378,5,7,54
5805,-107,41,87,378,6,7,54
5805,-107,37,87,378,5,10,55
5805,-107,58,87,378,5,11,56
5805,-107,38,87,378,5,10,55
5805,-107,42,87,378,3,9,54
5805,-107,50,87,378,5,10,56
5805,-107,46,87,378,4,10,55
5805,-107,50,87,378,5,11,55
5805,-107,42,87,378,3,9,55
5805,-107,29,87,378,4,7,54
5805,-107,41,87,378,5,9,55
5805,-107,51,87,378,4,8,55
5805,-107,36,87,378,5,9,54
5805,-107,39,87,378,4,10,55
5805,-107,42,87,378,6,8,55
5805,-107,37,87,378,6,10,55
5805,-107,49,87,378,4,9,55
5805,-107,38,87,378,4,9,55
5805,-107,38,87,378,4,10,55
5805,-107,33,87,378,5,9,54
5805,-107,39,87,378,4,9,55
5805,-107,51,87,378,5,8,55
5805,-107,36,87,378,4,11,55
5805,-107,35,87,378,4,8,55
5805,-107,53,87,378,4,9,55
5805,-107,42,87,378,5,9,55
5805,-107,40,87,378,5,9,56
5805,-107,36,87,378,5,8,54
5805,-107,55,87,378,3,11,56
5805,-107,39,87,378,5,9,55
5805,-107,43,87,378,4,8,54
5805,-107,44,87,378,5,9,54
5805,-107,49,87,378,5,9,54
5805,-107,44,87,378,4,10,55
5805,-107,52,87,378,5,10,55
5805,-107,52,87,378,5,7,54
5805,-107,35,87,378,4,10,55
5805,-107,25,87,378,5,8,54
5805,-107,45,87,378,5,11,55
5805,-107,49,87,378,6,9,55
5805,-107,43,87,378,5,9,56
5805,-107,23,87,378,5,10,54
5805,-107,36,87,378,5,9,54
5805,-107,54,87,378,5,9,55
5805,-107,40,87,378,5,9,55
5805,-107,37,87,378,4,9,54
5805,-107,53,87,378,5,10,56
5805,-107,46,87,378,4,9,55
5805,-107,52,87,378,4,8,55
5805,-107,49,87,378,5,11,56
5805,-107,55,87,378,5,10,55
5805,-107,41,87,378,4,9,55
5805,-107,42,87,378,5,11,55
5805,-107,40,87,378,6,8,55
5805,-107,57,87,378,4,10,55
5805,-107,40,87,378,4,10,55
5805,-107,37,87,378,4,8,54
5805,-107,54,87,378,4,10,55
5805,-107,49,87,378,4,9,55
5805,-107,27,90,376,6,10,57
5805,-107,54,90,376,4,11,57
5805,-107,70,90,376,3,7,57
5805,-107,49,90,376,5,10,57
5805,-107,40,90,376,4,10,57
5805,-107,51,90,376,4,10,58
5805,-107,37,90,376,3,11,58
5805,-107,47,90,376,5,10,58
5805,-107,45,90,376,3,9,58
5805,-107,43,90,376,5,10,58
5805,-107,37,88,377,5,9,55
5805,-107,43,90,376,6,9,57
5805,-107,26,90,376,4,10,56
5805,-107,46,90,376,5,11,57
5805,-107,34,90,376,3,8,56
5805,-107,47,90,376,6,9,57
5805,-107,47,90,376,4,9,57
5805,-107,45,90,376,3,9,57
5805,-107,47,90,376,4,10,56
5805,-107,50,90,376,3,10,56
5805,-107,47,90,376,4,9,57
5805,-107,45,90,376,3,10,57
5805,-107,42,90,376,3,9,56
5805,-107,40,90,376,5,9,57
5805,-107,51,90,376,4,7,56
5805,-107,65,90,376,3,8,57
5805,-107,53,90,376,4,10,57
5805,-107,63,90,376,4,9,57
5805,-107,39,90,376,5,11,58
5805,-107,38,90,376,4,9,57
5805,-107,38,90,376,4,8,57
5805,-107,44,90,376,4,6,55
5805,-107,36,90,376,4,9,56
5805,-107,44,90,376,2,11,58
5805,-107,33,90,376,4,9,56
5805,-107,35,90,376,4,8,56
5805,-107,43,90,376,3,11,57
5805,-107,36,90,376,4,9,56
5805,-107,42,90,376,4,11,57
5805,-107,37,90,376,5,10,57
5805,-107,52,90,376,3,9,57
5805,-107,45,90,376,4,10,57
5805,-107,46,90,376,4,11,57
5805,-107,47,90,376,4,9,56
5805,-107,60,90,376,5,10,57
5805,-107,57,90,376,3,10,57
5805,-107,36,90,376,4,9,57
5805,-107,58,90,376,6,8,58
5805,-107,33,90,376,4,9,57
5805,-107,34,90,376,2,9,56
5805,-107,48,90,376,4,10,57
5805,-107,54,90,376,4,9,57
5805,-107,52,90,376,3,8,56
5805,-107,62,90,376,2,8,56
5805,-107,50,90,376,4,10,57
5805,-107,35,90,376,5,11,57
5805,-107,50,90,376,2,10,57
5805,-107,56,90,376,2,12,58
5805,-107,30,90,376,3,10,57
5805,-107,39,90,376,4,10,57
5805,-107,37,90,376,5,10,57
5805,-107,28,90,376,4,10,57
5805,-107,39,90,376,3,9,57
5805,-107,47,90,376,4,10,57
5805,-107,38,90,376,3,11,57
5805,-107,39,90,376,4,10,57
5805,-107,39,90,376,3,8,57
5805,-107,52,90,376,3,10,57
5805,-107,45,90,376,4,9,57
5805,-107,30,90,376,3,10,57
5805,-107,57,90,376,4,11,57
5805,-107,44,90,376,3,6,56
5805,-107,48,90,376,3,10,57
5805,-107,59,90,376,4,9,57
5805,-107,63,90,376,3,9,57
5805,-107,45,90,376,5,9,56
5805,-107,45,90,376,5,9,57
5805,-107,40,90,376,4,10,58
5805,-107,54,90,376,3,9,57
5805,-107,41,90,376,4,9,57
5805,-107,52,90,376,3,10,57
5805,-107,63,90,376,4,8,57
5805,-107,64,90,376,4,9,57
5805,-107,34,90,376,3,11,57
5805,-107,55,90,376,4,9,57
5805,-107,40,90,376,4,9,57
5805,-107,46,90,376,4,9,56
5805,-107,54,90,376,5,10,57
5805,-107,45,90,376,5,11,57
5805,-107,32,90,376,4,9,56
5805,-107,49,90,376,3,9,57
5805,-107,36,90,376,4,9,57
5805,-107,50,90,376,4,10,57
5805,-107,36,90,376,4,9,56
5805,-107,46,90,376,4,9,56
5805,-107,43,90,376,3,9,57
5805,-107,49,90,376,3,11,57
5805,-107,47,90,376,3,10,58
5805,-107,54,90,376,6,9,57
5805,-107,49,90,376,6,9,57
5805,-107,49,90,376,5,10,57
5805,-107,39,90,376,2,11,58
5805,-107,53,90,376,4,10,57
5805,-107,43,90,376,4,10,56
5805,-107,51,90,376,4,10,58
5805,-107,50,90,376,4,10,57
5805,-107,59,90,376,4,10,57
5805,-107,56,90,376,4,9,57
5805,-107,42,90,376,4,8,57
5805,-107,37,90,376,5,9,56
5805,-107,56,90,376,5,9,56
5805,-107,56,90,376,4,10,58
5805,-107,49,90,376,5,11,58
5805,-107,58,90,376,3,9,58
5805,-107,34,90,376,4,11,57
5805,-107,53,90,376,4,10,57
5805,-107,39,90,376,3,8,56
5805,-107,53,90,376,5,10,58
5805,-107,55,90,376,4,9,58
5805,-107,40,90,376,5,9,57
5805,-107,63,90,376,4,8,57
5805,-107,39,90,376,4,8,56
5805,-107,42,90,376,2,9,56
5805,-107,46,90,376,4,9,56
5805,-107,37,90,376,3,12,57
5805,-107,40,90,376,4,10,56
5805,-107,58,90,376,4,7,56
5805,-107,57,90,376,4,9,57
5805,-107,35,90,376,4,9,57
5805,-107,51,90,376,5,9,57
5805,-107,49,90,376,4,9,58
5805,-107,62,90,376,5,12,58
5805,-107,26,90,376,5,9,56
5805,-107,36,90,376,4,9,57
5805,-107,34,90,376,4,9,57
5805,-107,30,90,376,4,10,57
5805,-107,39,90,376,4,9,56
5805,-107,62,90,376,4,9,58
5805,-107,47,90,376,5,10,57
5805,-107,46,90,376,4,10,57
5805,-107,50,90,376,4,8,56
5805,-107,48,90,376,5,10,57
5805,-107,40,90,376,4,8,56
5805,-107,38,90,376,4,10,57
5805,-107,46,90,376,4,12,57
5805,-107,53,90,376,4,10,57
5805,-107,49,90,376,4,10,56
5805,-107,26,90,376,4,10,56
5805,-107,43,90,376,3,8,57
5805,-107,35,90,376,4,9,57
5805,-107,58,90,376,4,10,57
5805,-107,46,90,376,4,9,57
5805,-107,45,90,376,4,8,57
5805,-107,45,90,376,4,8,57
5805,-107,42,90,376,3,10,57
5805,-107,55,90,376,4,9,57
5805,-107,42,90,376,4,10,57
5805,-107,43,90,376,4,9,57
5805,-107,44,90,376,5,11,57
5805,-107,40,90,376,5,10,57
5805,-107,51,90,376,4,8,57
5805,-107,60,90,376,4,9,58
5805,-107,51,90,376,4,10,57
5805,-107,40,90,376,5,10,57
5805,-107,46,90,376,4,9,57
5805,-107,57,90,376,4,10,57
5805,-107,50,90,376,4,8,57
5805,-107,51,90,376,3,9,57
5805,-107,54,90,376,5,9,57
5805,-107,47,90,376,4,9,57
5805,-107,47,90,376,3,8,55
5805,-107,36,90,376,4,7,56
5805,-107,47,90,376,4,9,57
5805,-107,35,90,376,5,11,57
5805,-107,57,90,376,4,9,58
5805,-107,52,90,376,4,9,55
5805,-107,47,90,376,3,10,58
5805,-107,42,90,376,5,9,57
5805,-107,41,90,376,4,11,57
5805,-107,48,90,376,5,9,57
5805,-107,57,90,376,3,8,56
5805,-107,40,90,376,5,10,57
5805,-107,70,90,376,4,10,58
5805,-107,51,90,376,4,10,58
5805,-107,57,90,376,4,9,57
5805,-107,44,90,376,4,9,57
5805,-107,63,90,376,4,9,57
5805,-107,37,90,376,4,10,57
5805,-107,43,90,376,4,8,56
5805,-107,50,90,376,6,10,57
5805,-107,53,90,376,6,8,56
5805,-107,59,90,376,4,10,57
5805,-107,47,90,376,4,9,57
5805,-107,44,90,376,4,10,57
5805,-107,44,89,377,5,11,56
5805,-107,59,90,376,3,9,58
5805,-107,51,90,376,6,10,57
5805,-107,44,90,376,4,9,57
5805,-107,66,90,376,5,9,57
5805,-107,50,90,376,5,9,57
5805,-107,44,90,376,4,10,57
5805,-107,44,90,376,6,9,56
5805,-107,51,90,376,3,9,57
5805,-107,51,90,376,5,9,57
5805,-107,39,90,376,4,9,57
5805,-107,36,90,376,5,10,57
5805,-107,50,90,376,4,9,56
5805,-107,45,89,377,4,9,56
5805,-107,46,90,376,4,8,57
5805,-107,53,90,376,3,9,57
5805,-107,58,90,376,5,10,57
5805,-107,44,90,376,5,8,57
5805,-107,30,89,377,5,10,56
5805,-107,40,90,376,4,9,55
5805,-107,67,90,376,4,11,57
5805,-107,37,90,376,4,10,57
5805,-107,41,90,376,3,8,55
5805,-107,50,90,376,5,12,57
5805,-107,51,90,376,5,10,58
5805,-107,45,90,376,5,10,57
5805,-107,38,90,376,3,11,57
5805,-107,49,90,376,5,10,56
5805,-107,39,90,376,4,9,57
5805,-107,57,90,376,5,9,57
5805,-107,41,90,376,3,10,57
5805,-107,39,90,376,4,9,56
5805,-107,42,90,376,4,11,57
5805,-107,28,90,376,3,11,58
5805,-107,50,90,376,3,10,58
5805,-107,50,90,376,5,8,57
5805,-107,51,90,376,3,10,58
5805,-107,40,90,376,4,10,57
5805,-107,45,90,376,5,11,57
5805,-107,39,90,376,4,10,57
5805,-107,37,90,376,4,11,57
5805,-107,36,90,376,5,9,57
5805,-107,54,90,376,5,10,57
5805,-107,35,90,376,3,7,56
5805,-107,37,90,376,3,8,57
5805,-107,47,90,376,4,11,58
5805,-107,41,90,376,5,9,57
5805,-107,36,90,376,4,10,58
5805,-107,48,90,376,6,9,56
5805,-107,36,90,376,4,9,57
5805,-107,40,90,376,4,9,57
5805,-107,47,90,376,4,12,58
5805,-107,35,90,376,5,10,57
5805,-107,32,90,376,4,11,58
5805,-107,33,90,376,4,9,57
5805,-107,39,90,376,4,10,57
5805,-107,37,89,376,5,10,56
5805,-107,43,90,376,4,10,56
5805,-107,47,90,376,4,8,56
5805,-107,43,90,376,6,11,57
5805,-107,56,90,376,4,10,57
5805,-107,46,90,376,5,11,57
5805,-107,43,90,376,3,9,57
5805,-107,44,90,376,4,7,55
5805,-107,44,90,376,4,12,57
5805,-107,39,90,376,4,10,57
5805,-107,56,90,376,4,9,57
5805,-107,59,90,376,5,8,58
5805,-107,36,90,376,4,9,57
5805,-107,62,90,376,4,11,58
5805,-107,45,90,376,4,7,57
5805,-107,52,90,376,5,9,57
5805,-107,44,90,376,4,10,57
5805,-107,40,90,376,4,11,57
5805,-107,63,90,376,5,10,57
5805,-107,35,90,376,5,10,57
5805,-107,38,90,376,3,9,57
5805,-107,50,90,376,3,10,57
5805,-107,44,90,376,4,9,57
5805,-107,44,90,376,4,8,56
5805,-107,42,90,376,4,10,58
5805,-107,51,90,376,5,9,57
5805,-107,34,90,376,4,8,56
5805,-107,50,89,376,4,10,57
5805,-107,55,90,376,4,8,58
5805,-107,44,90,376,3,9,57
5805,-107,41,90,376,5,9,57
5805,-107,32,90,376,4,11,57
5805,-107,42,90,376,5,11,58
5805,-107,35,90,376,4,10,58
5805,-107,37,90,376,4,9,56
5805,-107,42,90,376,5,8,57
5805,-107,61,90,376,4,9,57
5805,-107,49,90,376,4,11,57
5805,-107,39,90,376,4,9,56
5805,-107,45,90,376,4,8,57
5805,-107,50,90,376,4,8,56
5805,-107,38,90,376,5,9,57
5805,-107,43,90,376,4,11,58
5805,-107,43,90,376,4,6,57
5805,-107,38,90,376,5,8,55
5805,-107,36,90,376,4,10,57
5805,-107,58,90,376,3,10,58
5805,-107,44,90,376,4,11,57
5805,-107,45,90,376,3,9,56
5805,-107,42,89,377,4,10,56
5805,-107,45,90,376,5,9,57
5805,-107,44,90,376,3,8,56
5805,-107,35,90,376,3,11,58
5805,-107,35,90,376,5,9,57
5805,-107,29,90,376,4,10,56
5805,-107,46,90,376,5,9,57
5805,-107,45,89,376,3,9,56
5805,-107,60,90,376,4,11,57
5805,-107,48,90,376,3,10,57
5805,-107,42,90,376,5,11,57
5805,-107,39,90,376,4,10,57
5805,-107,42,90,376,3,11,57
5805,-107,47,90,376,4,11,58
5805,-107,51,90,376,4,9,57
5805,-107,32,90,376,4,11,57
5805,-107,35,90,376,4,9,58
5805,-107,45,90,376,6,10,57
5805,-107,47,90,376,5,9,57
5805,-107,62,90,376,3,9,57
5805,-107,54,90,376,3,9,57
5805,-107,41,90,376,3,10,57
5805,-107,45,90,376,5,11,58
5805,-107,62,90,376,4,8,56
5805,-107,42,90,376,5,10,57
5805,-107,48,90,376,5,8,57
5805,-107,39,90,376,3,8,56
5805,-107,45,90,376,4,11,57
5805,-107,43,90,376,5,8,56
5805,-107,47,90,376,5,10,57
5805,-107,38,90,376,4,9,58
5805,-107,43,90,376,4,10,57
5805,-107,46,90,376,4,10,58
5805,-107,34,90,376,5,11,58
5805,-107,57,90,376,3,11,58
5805,-107,50,90,376,3,10,58
5805,-107,54,90,376,5,10,56
5805,-107,46,90,376,4,9,57
5805,-107,48,90,376,3,9,57
5805,-107,64,90,376,4,8,58
5805,-107,43,90,376,3,10,58
5805,-107,50,90,376,4,9,57
5805,-107,42,90,376,4,9,57
5805,-107,29,90,376,4,11,57
5805,-107,62,90,376,4,9,57
5805,-107,39,90,376,3,8,57
5805,-107,33,90,376,4,9,57
5805,-107,43,89,376,3,10,56
5805,-107,36,90,376,5,9,57
5805,-107,47,90,376,4,9,56
5805,-107,39,90,376,4,9,56
5805,-107,43,90,376,5,9,57
5805,-107,60,90,376,5,8,58
5805,-107,38,90,376,5,9,57
5805,-107,33,90,376,3,10,57
5805,-107,51,90,376,4,9,57
5805,-107,43,90,376,3,10,57
5805,-107,42,90,376,4,11,58
5805,-107,55,90,376,4,11,58
5805,-107,37,90,376,5,9,55
5805,-107,38,90,376,4,9,57
5805,-107,31,90,376,2,9,57
5805,-107,54,90,376,3,9,57
5805,-107,40,90,376,6,11,57
5805,-107,59,90,376,4,10,57
5805,-107,52,90,376,4,12,58
5805,-107,43,90,376,4,10,57
5805,-107,51,90,376,4,9,57
5805,-107,49,90,376,5,9,56
5805,-107,37,90,376,5,11,57
5805,-107,39,90,376,4,11,57
5805,-107,57,90,376,4,11,57
5805,-107,34,90,376,6,10,56
5805,-107,33,90,376,5,10,57
5805,-107,54,90,376,3,8,57
5805,-107,60,90,376,6,10,58
5805,-107,33,90,376,3,11,57
5805,-107,41,90,376,4,9,57
5805,-107,39,90,376,5,8,57
5805,-107,37,90,376,4,10,55
5805,-107,33,90,376,4,7,56
5805,-107,52,90,376,6,9,57
5805,-107,42,90,376,5,8,57
5805,-107,48,90,376,4,9,57
5805,-107,36,90,376,4,10,57
5805,-107,42,90,376,5,10,57
5805,-107,43,90,376,4,9,58
5805,-107,31,90,376,5,12,58
5805,-107,45,90,376,2,8,57
5805,-107,44,90,376,4,11,57
5805,-107,33,90,376,4,11,58
5805,-107,35,90,376,4,9,56
5805,-107,44,90,376,4,10,57
5805,-107,45,90,376,5,9,57
5805,-107,43,90,376,4,9,56
5805,-107,32,90,376,4,10,57
5805,-107,42,90,376,5,10,57
5805,-107,35,90,376,3,8,56
5805,-107,51,90,376,4,11,57
5805,-107,35,90,376,5,9,57
5805,-107,40,90,376,4,10,57
5805,-107,41,89,376,4,10,56
5805,-107,34,90,376,4,10,57
5805,-107,34,90,376,4,9,57
