freq1,noise,max_magnitude,total_gain_db,base_pwr_db,rssi,relpwr_db,avgpwr_db
5805,-108,49,81,386,7,8,50
5805,-108,54,81,386,7,9,51
5805,-108,47,81,386,6,9,51
5805,-108,43,81,386,7,10,51
5805,-108,45,81,386,6,11,51
5805,-108,52,81,386,6,8,51
5805,-108,48,81,386,6,14,52
5805,-108,49,81,386,7,6,50
5805,-108,53,81,386,7,9,51
5805,-108,48,81,386,7,9,51
5805,-108,37,81,386,7,9,51
5805,-108,48,81,386,6,10,51
5805,-108,58,81,386,6,9,51
5805,-108,48,81,386,6,11,51
5805,-108,52,81,386,8,10,52
5805,-108,47,81,386,5,9,51
5805,-108,59,81,386,5,7,51
5805,-108,52,81,386,6,11,51
5805,-108,46,81,386,7,8,51
5805,-108,41,81,386,6,7,51
5805,-108,40,81,386,6,9,51
5805,-108,52,81,386,6,9,52
5805,-108,49,81,386,7,10,51
5805,-108,44,81,386,6,9,51
5805,-108,56,81,386,8,10,52
5805,-108,57,81,386,5,8,51
5805,-108,42,81,386,5,10,51
5805,-108,42,81,386,7,9,51
5805,-108,44,81,386,7,11,51
5805,-108,45,81,386,8,11,52
5805,-108,45,81,386,8,9,51
5805,-108,53,81,386,8,10,52
5805,-108,49,81,386,7,9,51
5805,-108,45,81,386,7,10,51
5805,-108,52,81,386,6,10,52
5805,-108,44,81,386,7,10,51
5805,-108,53,81,386,7,10,51
5805,-108,48,81,386,7,10,51
5805,-108,41,81,386,7,10,51
5805,-108,47,81,386,7,8,51
5805,-108,44,81,386,6,9,50
5805,-108,48,81,386,6,9,51
5805,-108,49,81,386,7,9,51
5805,-108,52,81,386,6,10,51
5805,-108,44,81,386,7,9,51
5805,-108,43,81,386,7,9,51
5805,-108,41,81,386,7,10,51
5805,-108,45,81,386,7,10,52
5805,-108,49,81,386,7,10,51
5805,-108,53,81,386,7,10,52
5805,-108,50,81,386,5,9,51
5805,-108,49,81,386,7,12,51
5805,-108,44,81,386,6,9,51
5805,-108,47,81,386,7,9,51
5805,-108,53,81,386,7,10,52
5805,-108,45,81,386,6,10,51
5805,-108,46,81,386,6,10,51
5805,-108,42,81,386,6,10,51
5805,-108,49,81,386,7,11,51
5805,-108,44,81,386,7,10,51
5805,-108,50,81,386,7,10,51
5805,-108,42,81,386,7,9,51
5805,-108,45,81,386,8,9,51
5805,-108,44,81,386,7,10,51
5805,-108,50,81,386,7,10,51
5805,-108,39,81,386,7,11,51
5805,-108,49,81,386,5,10,51
5805,-108,46,81,386,6,8,51
5805,-108,52,81,386,6,7,50
5805,-108,40,81,386,7,8,50
5805,-108,41,81,386,7,9,51
5805,-108,37,81,386,6,9,51
5805,-108,45,81,386,7,10,51
5805,-108,37,81,386,8,10,51
5805,-108,41,81,386,7,11,51
5805,-108,47,81,386,6,11,52
5805,-108,49,81,386,6,11,51
5805,-108,41,81,386,7,11,51
5805,-108,41,81,386,6,9,51
5805,-108,43,81,386,8,10,51
5805,-108,39,81,386,6,10,50
5805,-108,45,81,386,7,9,50
5805,-108,40,81,386,6,10,51
5805,-108,53,81,386,6,10,51
5805,-108,44,81,386,6,10,50
5805,-108,45,81,386,6,10,51
5805,-108,47,81,386,7,11,51
5805,-108,54,81,386,6,11,52
5805,-108,58,81,386,7,8,51
5805,-108,41,81,386,6,9,50
5805,-108,51,81,386,7,9,52
5805,-108,47,81,386,5,8,50
5805,-108,48,81,386,7,10,51
5805,-108,50,81,386,8,8,51
5805,-108,49,81,386,8,9,51
5805,-108,47,81,386,7,10,51
5805,-108,49,81,386,6,9,52
5805,-108,45,81,386,6,10,51
5805,-108,48,81,386,6,8,50
5805,-108,58,81,386,8,8,51
5805,-108,50,81,386,7,11,52
5805,-108,51,81,386,8,10,51
5805,-108,46,81,386,7,9,50
5805,-108,49,81,386,7,10,51
5805,-108,50,81,386,7,10,51
5805,-108,40,81,386,7,9,51
5805,-108,41,81,386,7,10,51
5805,-108,47,81,386,7,9,50
5805,-108,50,81,386,7,8,50
5805,-108,63,81,386,7,10,51
5805,-108,51,81,386,7,9,51
5805,-108,41,81,386,7,9,51
5805,-108,44,81,386,8,9,51
5805,-108,41,81,386,6,8,50
5805,-108,55,81,386,6,10,52
5805,-108,43,81,386,6,10,51
5805,-108,47,81,386,6,8,50
5805,-108,52,81,386,7,10,51
5805,-108,37,81,386,7,8,51
5805,-108,62,81,386,8,11,52
5805,-108,39,81,386,7,11,51
5805,-108,40,81,386,6,10,51
5805,-108,41,81,386,6,10,51
5805,-108,47,81,386,7,12,52
5805,-108,35,81,386,7,8,50
5805,-108,49,81,386,7,10,51
5805,-108,38,81,386,6,10,51
5805,-108,39,81,386,6,8,49
5805,-108,45,81,386,8,11,51
5805,-108,52,81,386,7,9,51
5805,-108,48,81,386,6,10,51
5805,-108,47,81,386,7,10,51
5805,-108,42,81,386,6,11,51
5805,-108,57,81,386,7,9,51
5805,-108,56,81,386,8,9,51
5805,-108,46,81,386,7,10,51
5805,-108,46,81,386,6,10,51
5805,-108,45,81,386,6,10,51
5805,-108,47,81,386,7,8,51
5805,-108,46,81,386,7,10,51
5805,-108,59,81,386,7,9,51
5805,-108,46,81,386,6,11,52
5805,-108,42,81,386,7,7,50
5805,-108,43,81,386,8,11,51
5805,-108,41,81,386,6,7,51
5805,-108,44,81,386,6,11,51
5805,-108,34,81,386,7,9,50
5805,-108,42,81,386,8,9,51
5805,-108,41,81,386,6,9,51
5805,-108,49,81,386,7,9,51
5805,-108,43,81,386,6,10,50
5805,-108,40,81,386,7,10,51
5805,-108,38,81,386,6,9,51
5805,-108,41,81,386,7,10,51
5805,-108,41,81,386,7,9,51
5805,-108,43,81,386,7,10,51
5805,-108,48,81,386,6,10,51
5805,-108,47,81,386,8,10,51
5805,-108,37,81,386,6,11,51
5805,-108,45,81,386,7,9,51
5805,-108,40,81,386,7,8,51
5805,-108,52,81,386,7,8,51
5805,-108,56,81,386,7,10,51
5805,-108,39,81,386,7,10,51
5805,-108,44,81,386,6,9,51
5805,-108,41,81,386,8,10,51
5805,-108,49,81,386,7,10,51
5805,-108,54,81,386,6,8,51
5805,-108,45,81,386,7,9,51
5805,-108,41,81,386,6,11,51
5805,-108,56,81,386,7,10,51
5805,-108,40,81,386,7,11,52
5805,-108,41,81,386,7,9,51
5805,-108,43,81,386,7,10,51
5805,-108,47,81,386,8,10,51
5805,-108,49,81,386,7,10,51
5805,-108,49,81,386,6,10,51
5805,-108,50,81,386,6,9,51
5805,-108,46,81,386,6,10,51
5805,-108,48,81,386,6,9,51
5805,-108,51,81,386,7,8,51
5805,-108,48,81,386,6,11,52
5805,-108,37,81,386,6,8,50
5805,-108,45,81,386,5,11,51
5805,-108,45,81,386,7,11,51
5805,-108,47,81,386,7,9,51
5805,-108,44,81,386,7,11,51
5805,-108,47,81,386,6,11,52
5805,-108,36,81,386,7,8,50
5805,-108,54,81,386,6,11,51
5805,-108,44,81,386,6,11,51
5805,-108,44,81,386,6,11,52
5805,-108,49,81,386,8,10,52
5805,-108,46,81,386,6,11,51
5805,-108,45,81,386,6,11,51
5805,-108,47,81,386,6,7,51
5805,-108,43,81,386,6,8,51
5805,-108,44,81,386,6,9,50
5805,-108,51,81,386,6,10,52
5805,-108,47,81,386,7,11,51
5805,-108,49,81,386,7,10,50
5805,-108,51,81,386,7,9,50
5805,-108,48,81,386,7,10,50
5805,-108,44,81,386,7,12,51
5805,-108,44,81,386,6,11,51
5805,-108,42,81,386,7,9,52
5805,-108,51,81,386,7,10,51
5805,-108,43,81,386,6,11,51
5805,-108,50,81,386,7,9,51
5805,-108,39,81,386,7,10,51
5805,-108,41,81,386,7,10,51
5805,-108,50,81,386,7,11,51
5805,-108,46,81,386,8,9,50
5805,-108,46,81,386,6,8,51
5805,-108,40,81,386,7,8,50
5805,-108,46,81,386,6,9,51
5805,-108,48,81,386,6,9,52
5805,-108,46,81,386,7,10,51
5805,-108,47,81,386,6,11,51
5805,-108,46,81,386,6,9,52
5805,-108,46,81,386,7,9,50
5805,-108,48,81,386,7,10,51
5805,-108,43,81,386,5,9,51
5805,-108,41,81,386,6,10,51
5805,-108,47,81,386,7,11,51
5805,-108,48,81,386,5,8,50
5805,-108,52,81,386,7,9,51
5805,-108,45,81,386,6,10,52
5805,-108,51,81,386,6,8,51
5805,-108,51,81,386,6,9,51
5805,-108,44,81,386,7,7,50
5805,-108,62,81,386,7,10,52
5805,-108,54,81,386,8,10,51
5805,-108,45,81,386,6,10,51
5805,-108,48,81,386,7,8,51
5805,-108,45,81,386,6,9,51
5805,-108,40,81,386,6,8,50
5805,-108,43,81,386,6,10,51
5805,-108,51,81,386,6,10,51
5805,-108,45,81,386,6,12,51
5805,-108,48,81,386,6,11,52
5805,-108,44,81,386,7,9,50
5805,-108,42,81,386,6,9,50
5805,-108,45,81,386,6,11,52
5805,-108,49,81,386,8,10,51
5805,-108,46,81,386,6,10,50
5805,-108,43,81,386,6,8,51
5805,-108,40,81,386,7,9,51
5805,-108,54,81,386,7,9,51
5805,-108,46,81,386,5,9,51
5805,-108,43,81,386,6,9,51
5805,-108,48,81,386,6,8,51
5805,-108,54,81,386,6,10,52
5805,-108,45,81,386,7,11,51
5805,-108,58,81,386,7,11,52
5805,-108,43,81,386,6,10,50
5805,-108,40,81,386,8,10,51
5805,-108,41,81,386,5,11,51
5805,-108,54,81,386,6,11,51
5805,-108,44,81,386,6,11,51
5805,-108,45,81,386,6,9,50
5805,-108,47,81,386,8,9,51
5805,-108,50,81,386,7,9,51
5805,-108,49,81,386,5,11,51
5805,-108,48,81,386,7,8,51
5805,-108,34,81,386,8,9,51
5805,-108,45,81,386,6,10,51
5805,-108,39,81,386,7,9,50
5805,-108,46,81,386,5,9,51
5805,-108,42,81,386,5,9,52
5805,-108,48,81,386,7,10,50
5805,-108,58,81,386,6,9,52
5805,-108,58,81,386,7,9,51
5805,-108,39,81,386,8,10,51
5805,-108,47,81,386,5,9,51
5805,-108,48,81,386,7,9,51
5805,-108,53,81,386,6,10,51
5805,-108,48,81,386,8,11,51
5805,-108,39,81,386,7,10,50
5805,-108,49,81,386,8,7,51
5805,-108,48,81,386,7,9,50
5805,-108,57,81,386,6,9,51
5805,-108,49,81,386,6,8,51
5805,-108,59,81,386,7,9,50
5805,-108,47,81,386,6,11,52
5805,-108,43,81,386,7,9,50
5805,-108,44,81,386,8,10,51
5805,-108,46,81,386,7,12,52
5805,-108,51,81,386,6,11,51
5805,-108,41,81,386,7,10,51
5805,-108,46,81,386,7,11,51
5805,-108,51,81,386,6,11,51
5805,-108,51,81,386,7,9,51
5805,-108,52,81,386,6,11,51
5805,-108,44,81,386,7,10,51
5805,-108,54,81,386,6,9,50
5805,-108,51,81,386,7,10,50
5805,-108,59,81,386,7,10,52
5805,-108,50,81,386,6,9,52
5805,-108,54,81,386,6,10,51
5805,-108,45,81,386,6,11,51
5805,-108,52,81,386,9,10,52
5805,-108,44,81,386,7,9,51
5805,-108,48,81,386,8,11,52
5805,-108,50,81,386,7,9,50
5805,-108,48,81,386,7,11,51
5805,-108,49,81,386,6,10,52
5805,-108,43,81,386,7,9,51
5805,-108,46,81,386,6,10,51
5805,-108,51,81,386,6,10,50
5805,-108,47,81,386,7,12,51
5805,-108,50,81,386,7,8,51
5805,-108,42,81,386,7,9,50
5805,-108,55,81,386,7,10,51
5805,-108,47,81,386,6,11,52
5805,-108,52,81,386,6,9,51
5805,-108,46,81,386,7,9,51
5805,-108,51,81,386,7,10,51
5805,-108,47,81,386,8,9,50
5805,-108,56,81,386,6,9,51
5805,-108,50,81,386,6,11,51
5805,-108,42,81,386,7,9,52
5805,-108,54,81,386,7,9,50
5805,-108,48,81,386,7,12,51
5805,-108,44,81,386,7,7,49
5805,-108,48,81,386,6,11,52
5805,-108,49,81,386,6,9,51
5805,-108,46,81,386,7,8,50
5805,-108,54,81,386,5,11,51
5805,-108,44,81,386,6,10,51
5805,-108,58,81,386,7,13,52
5805,-108,52,81,386,7,7,50
5805,-108,51,81,386,7,11,52
5805,-108,51,81,386,5,11,51
5805,-108,50,81,386,6,8,51
5805,-108,51,81,386,7,10,51
5805,-108,51,81,386,7,10,51
5805,-108,46,81,386,7,12,52
5805,-108,50,81,386,8,10,51
5805,-108,56,81,386,7,11,52
5805,-108,50,81,386,6,11,51
5805,-108,57,81,386,7,10,51
5805,-108,55,81,386,7,10,51
5805,-108,57,81,386,7,8,51
5805,-108,48,81,386,5,11,51
5805,-108,46,81,386,8,11,51
5805,-108,46,81,386,6,9,51
5805,-108,40,81,386,7,10,51
5805,-108,48,81,386,7,9,51
5805,-108,54,81,386,7,9,51
5805,-108,47,81,386,7,10,51
5805,-108,50,81,386,5,10,51
5805,-108,47,81,386,7,9,50
5805,-108,52,81,386,7,10,52
5805,-108,48,81,386,7,9,51
5805,-108,55,81,386,6,9,51
5805,-108,51,81,386,7,9,51
5805,-108,54,81,386,7,11,51
5805,-108,45,81,386,7,8,50
5805,-108,50,81,386,7,8,50
5805,-108,49,81,386,6,8,52
5805,-108,48,81,386,8,10,51
5805,-108,41,81,386,6,11,51
5805,-108,47,81,386,6,9,51
5805,-108,51,81,386,4,9,51
5805,-108,53,81,386,7,11,51
5805,-108,49,81,386,7,11,51
5805,-108,47,81,386,7,9,52
5805,-108,61,81,386,6,10,51
5805,-108,47,81,386,6,10,51
5805,-108,53,81,386,8,9,51
5805,-108,47,81,386,7,10,51
5805,-108,51,81,386,7,9,51
5805,-108,46,81,386,7,9,50
5805,-108,42,81,386,6,9,50
5805,-108,48,81,386,6,10,51
5805,-108,45,81,386,6,9,50
5805,-108,49,81,386,7,10,51
5805,-108,48,81,386,6,10,50
5805,-108,51,81,386,6,8,50
5805,-108,50,81,386,7,9,51
5805,-108,52,81,386,6,11,51
5805,-108,51,81,386,7,11,52
5805,-108,52,81,386,7,10,51
5805,-108,54,81,386,6,8,51
5805,-108,47,81,386,7,9,51
5805,-108,50,81,386,6,10,51
5805,-108,47,81,386,7,8,50
5805,-108,47,81,386,6,8,50
5805,-108,45,81,386,6,10,51
5805,-108,55,81,386,6,10,51
5805,-108,43,81,386,7,10,52
5805,-108,43,81,386,7,10,51
5805,-108,47,81,386,6,9,51
5805,-108,49,81,386,6,12,51
5805,-108,49,81,386,7,8,50
5805,-108,53,81,386,7,10,52
5805,-108,51,81,386,6,10,51
5805,-108,41,81,386,8,9,51
5805,-108,52,81,386,7,10,51
5805,-108,53,81,386,6,10,51
5805,-108,46,81,386,6,9,51
5805,-108,50,81,386,6,9,51
5805,-108,48,81,386,5,10,52
5805,-108,44,81,386,6,9,51
5805,-108,53,81,386,6,11,52
5805,-108,51,81,386,6,11,51
5805,-108,54,81,386,7,10,51
5805,-108,43,81,386,6,7,51
5805,-108,53,81,386,6,10,51
5805,-108,54,81,386,6,9,50
5805,-108,57,81,386,6,8,52
5805,-108,47,81,386,6,10,52
5805,-108,48,81,386,7,10,51
5805,-108,49,81,386,6,9,50
5805,-108,42,81,386,7,9,51
5805,-108,44,81,386,6,8,50
5805,-108,47,81,386,7,10,51
5805,-108,52,81,386,7,9,51
5805,-108,46,81,386,7,13,52
5805,-108,48,81,386,7,10,51
5805,-108,51,81,386,7,10,50
5805,-108,52,81,386,7,10,52
5805,-108,50,81,386,5,9,50
5805,-108,44,81,386,7,9,51
5805,-108,42,81,386,6,9,51
5805,-108,41,81,386,7,9,51
5805,-108,48,81,386,7,11,52
5805,-108,46,81,386,6,12,51
5180,-105,57,81,383,4,9,53
5180,-105,56,81,383,4,11,53
5180,-105,58,81,383,3,7,52
5180,-105,59,81,383,6,11,53
5180,-105,61,81,383,5,11,53
5180,-105,53,81,383,5,9,52
5180,-105,56,81,383,5,9,52
5180,-105,46,81,383,5,9,53
5180,-105,66,81,383,4,9,53
5180,-105,57,81,383,5,10,52
5180,-105,68,81,383,4,9,53
5180,-105,53,81,383,6,9,52
5180,-105,51,81,383,5,10,53
5180,-105,54,81,383,4,9,53
5180,-105,48,81,383,4,9,53
5180,-105,40,85,378,7,8,56
5180,-105,71,81,382,4,62,52
5180,-105,73,89,375,4,10,60
5180,-105,28,85,378,6,7,56
5180,-105,44,87,377,4,8,59
5180,-105,43,87,377,4,9,59
5180,-105,42,88,376,5,11,60
5180,-105,50,88,375,5,9,60
5180,-105,45,86,378,6,10,58
5180,-105,62,88,375,4,9,59
5180,-105,67,87,376,5,10,58
5180,-105,61,90,374,4,8,60
5180,-105,49,87,377,5,8,58
5180,-105,42,86,377,5,9,57
5180,-105,75,88,376,4,10,60
5180,-105,52,87,377,5,9,59
5180,-105,76,90,374,3,9,61
5180,-105,64,87,376,4,7,58
5180,-105,42,87,377,5,8,58
5180,-105,41,86,377,6,9,58
5180,-105,73,81,383,4,61,52
5180,-105,59,87,377,5,10,58
5180,-105,59,89,375,5,7,59
5180,-105,27,85,378,7,9,57
5180,-105,38,86,377,6,9,57
5180,-105,48,88,375,5,9,58
5180,-105,71,87,376,5,9,59
5180,-105,50,88,376,4,8,59
5180,-105,38,86,377,5,10,57
5180,-105,39,87,377,6,9,58
5180,-105,51,85,379,5,62,56
5180,-105,44,89,375,4,7,59
5180,-105,51,87,377,6,9,59
5180,-105,41,87,377,6,8,58
5180,-105,62,89,374,4,10,61
5180,-105,44,88,375,4,9,59
5180,-105,69,89,374,4,9,60
5180,-105,58,88,376,4,10,59
5180,-105,60,87,376,6,10,58
5180,-105,44,89,374,4,8,59
5180,-105,74,89,375,5,8,60
5180,-105,38,86,378,5,9,57
5180,-105,41,89,375,5,11,60
5180,-105,74,88,376,6,6,59
5180,-105,41,87,376,5,10,59
5180,-105,56,88,376,5,11,60
5180,-105,57,88,376,3,8,59
5180,-105,44,88,376,5,8,59
5180,-105,47,87,377,6,10,59
5180,-105,46,87,377,6,10,59
5180,-105,48,87,377,6,9,58
5180,-105,56,89,375,4,10,60
5180,-105,39,87,377,4,8,58
5180,-105,42,87,377,4,10,57
5180,-105,36,87,376,5,10,58
5180,-105,39,86,378,5,9,58
5180,-105,43,87,376,4,10,59
5180,-105,59,88,375,5,9,60
5180,-105,41,87,377,6,10,58
5180,-105,53,86,378,6,9,58
5180,-105,54,88,376,3,11,60
5180,-105,48,87,376,5,10,59
5180,-105,38,87,376,4,9,57
5180,-105,57,89,374,5,10,61
5180,-105,47,86,377,4,8,57
5180,-105,99,90,374,4,11,62
5180,-105,44,88,376,5,10,60
5180,-105,37,86,377,5,8,57
5180,-105,69,87,376,4,10,59
5180,-105,53,88,376,4,8,58
5180,-105,51,88,376,4,9,59
5180,-105,41,86,378,5,8,56
5180,-105,42,88,376,4,10,60
5180,-105,70,88,376,3,8,59
5180,-105,50,88,376,4,9,59
5180,-105,32,85,378,5,9,55
5180,-105,54,88,375,4,9,59
5180,-105,59,87,377,5,7,58
5180,-105,47,85,378,6,9,57
5180,-105,69,88,376,4,10,60
5180,-105,56,80,383,5,60,50
5180,-105,75,89,375,3,8,60
5180,-105,52,86,378,5,10,58
5180,-105,52,87,377,6,9,59
5180,-105,56,88,375,4,8,59
5180,-105,54,88,375,4,9,59
5180,-105,75,90,374,3,7,60
5180,-105,50,86,377,5,9,57
5180,-105,38,87,376,4,8,58
5180,-105,47,87,377,7,7,58
5180,-105,56,88,376,4,9,59
5180,-105,38,87,376,7,7,59
5180,-105,39,87,376,5,8,58
5180,-105,42,88,376,5,10,59
5180,-105,45,87,377,5,10,58
5180,-105,43,87,377,4,9,58
5180,-105,57,88,376,5,10,59
5180,-105,44,87,376,5,11,59
5180,-105,41,86,378,6,10,58
5180,-105,60,82,382,5,62,53
5180,-105,48,87,376,5,7,58
5180,-105,43,87,376,4,8,58
5180,-105,43,86,378,5,8,57
5180,-105,40,86,377,5,9,58
5180,-105,49,88,375,5,9,59
5180,-105,37,87,376,5,9,58
5180,-105,69,86,378,6,8,57
5180,-105,50,87,377,4,9,57
5180,-105,68,87,376,5,8,58
5180,-105,75,87,376,5,9,59
5180,-105,76,87,376,5,9,58
5180,-105,61,87,376,5,12,58
5180,-105,53,87,376,5,9,59
5180,-105,69,87,376,3,10,58
5180,-105,62,86,377,5,9,57
5180,-105,48,87,376,6,9,58
5180,-105,80,87,376,4,9,58
5180,-105,53,87,377,4,10,57
5180,-105,68,87,376,6,9,59
5180,-105,82,87,376,4,9,59
5180,-105,70,86,377,6,8,58
5180,-105,57,87,376,5,10,58
5180,-105,59,87,376,5,7,58
5180,-105,53,87,376,6,10,58
5180,-105,67,87,377,5,8,57
5180,-105,67,83,381,5,62,54
5180,-105,62,87,376,5,10,58
5180,-105,54,87,376,5,9,58
5180,-105,59,87,376,4,8,58
5180,-105,61,87,376,3,9,58
5180,-105,63,88,375,5,9,59
5180,-105,64,88,375,4,9,60
5180,-105,40,88,375,3,10,59
5180,-105,51,87,377,4,8,58
5180,-105,52,85,378,6,8,57
5180,-105,51,89,374,3,8,60
5180,-105,42,88,375,5,9,59
5180,-105,30,85,378,5,9,56
5180,-105,46,86,378,6,9,57
5180,-105,40,87,376,5,8,58
5180,-105,69,81,383,7,63,53
5180,-105,54,87,376,7,7,57
5180,-105,71,87,376,3,7,59
5180,-105,60,87,376,4,11,59
5180,-105,52,87,376,5,8,59
5180,-105,52,87,376,4,10,59
5180,-105,53,85,378,6,8,56
5180,-105,72,87,376,4,9,58
5180,-105,39,87,376,4,9,59
5180,-105,66,87,376,3,10,59
5180,-105,48,87,376,6,11,59
5180,-105,82,87,376,4,10,58
5180,-105,66,87,376,4,8,57
5180,-105,70,87,376,4,10,58
5180,-105,63,87,376,6,9,59
5180,-105,46,87,377,5,9,57
5180,-105,45,87,376,3,10,59
5180,-105,43,87,376,3,9,58
5180,-105,60,87,376,5,9,58
5180,-105,60,87,376,5,9,58
5180,-105,54,87,376,4,9,58
5180,-105,70,87,376,4,9,58
5180,-105,75,87,376,5,8,58
5180,-105,59,86,377,6,8,58
5180,-105,37,87,376,4,9,58
5180,-105,58,87,376,4,10,58
5180,-105,46,87,377,7,9,57
5180,-105,45,87,376,6,9,59
5180,-105,56,87,376,5,8,57
5180,-105,39,87,376,3,9,59
5180,-105,56,87,377,5,10,58
5180,-105,68,87,377,5,10,58
5180,-105,58,87,376,3,9,59
5180,-105,58,85,378,6,10,57
5180,-105,61,87,377,5,8,56
5180,-105,57,87,376,5,10,58
5180,-105,56,87,376,4,9,59
5180,-105,52,87,376,4,9,58
5180,-105,60,86,377,5,9,57
5180,-105,61,86,378,5,10,57
5180,-105,44,87,376,4,11,59
5180,-105,67,87,376,6,9,57
5180,-105,67,87,377,5,9,57
5180,-105,43,86,377,7,9,56
5180,-105,68,87,377,6,7,58
5180,-105,38,87,377,4,9,57
5180,-105,46,87,377,4,8,58
5180,-105,74,82,381,5,61,53
5180,-105,46,87,377,3,11,59
5180,-105,35,86,377,6,8,57
5180,-105,39,88,376,7,8,59
5180,-105,59,89,375,7,10,60
5180,-105,44,87,377,8,8,58
5180,-105,38,87,377,8,8,58
5180,-105,57,86,377,6,11,58
5180,-105,64,88,376,7,10,60
5180,-105,36,86,377,7,10,58
5180,-105,47,87,376,8,8,58
5180,-105,33,87,377,8,7,58
5180,-105,69,88,376,6,9,59
5180,-105,44,86,377,8,10,58
5180,-105,39,86,377,8,9,57
5180,-105,44,87,377,7,8,58
5180,-105,29,85,379,6,10,57
5180,-105,59,87,377,4,8,59
5180,-105,62,88,376,4,10,60
5180,-105,97,90,374,5,9,61
5180,-105,36,86,378,6,8,57
5180,-105,58,89,374,5,8,60
5180,-105,61,84,380,5,10,55
5180,-105,64,84,380,6,9,56
5180,-105,70,84,380,4,9,56
5180,-105,45,84,380,6,9,56
5180,-105,58,84,380,6,10,56
5180,-105,79,88,375,6,8,60
5180,-105,65,89,375,5,10,60
5180,-105,39,86,377,5,10,58
5180,-105,42,87,377,4,9,58
5180,-105,49,85,378,5,10,57
5180,-105,37,86,378,6,9,57
5180,-105,69,87,377,5,9,58
5180,-105,36,88,376,3,9,59
5180,-105,45,86,378,5,8,58
5180,-105,26,87,377,5,10,58
5180,-105,53,87,377,5,8,58
5180,-105,78,88,376,5,9,59
5180,-105,51,88,375,5,7,59
5180,-105,35,84,380,8,9,56
5180,-105,25,85,379,7,9,56
5180,-105,60,88,376,4,10,60
5180,-105,61,88,375,4,10,60
5180,-105,47,89,375,4,10,60
5180,-105,76,87,377,6,9,58
5180,-105,57,87,376,6,9,59
5180,-105,52,88,375,4,9,59
5180,-105,64,87,377,5,10,59
5180,-105,48,87,377,5,9,57
5180,-105,48,88,376,4,8,59
5180,-105,33,85,378,5,8,56
5180,-105,50,88,376,5,9,59
5180,-105,53,88,375,6,10,59
5180,-105,50,89,375,2,10,61
5180,-105,42,88,376,4,8,58
5180,-105,60,86,377,5,9,58
5180,-105,52,89,374,5,10,60
5180,-105,46,87,377,6,8,58
5180,-105,44,87,377,5,10,59
5180,-105,67,88,375,4,8,59
5180,-105,48,88,375,4,9,60
5180,-105,69,87,376,6,9,58
5180,-105,55,88,375,5,8,59
5180,-105,56,89,375,4,10,60
5180,-105,80,87,376,5,10,59
5180,-105,38,87,377,5,9,58
5180,-105,63,89,375,4,9,60
5180,-105,31,87,376,5,10,58
5180,-105,43,87,377,5,7,57
5180,-105,32,86,377,5,8,57
5180,-105,45,87,376,5,10,59
5180,-105,48,86,378,6,9,57
5180,-105,49,88,375,4,9,60
5180,-105,39,87,376,4,10,59
5180,-105,27,85,378,6,10,56
5180,-105,57,88,375,4,9,59
5180,-105,35,88,375,5,9,59
5180,-105,43,87,377,4,9,58
5180,-105,41,87,377,5,8,58
5180,-105,67,86,377,6,10,58
5180,-105,45,87,377,6,9,58
5180,-105,40,87,377,4,10,58
5180,-105,38,87,376,6,9,58
5180,-105,38,87,377,4,9,57
5180,-105,48,86,377,5,8,57
5180,-105,36,86,377,6,10,58
5180,-105,70,88,376,6,10,60
5180,-105,39,87,377,5,11,59
5180,-105,48,87,377,6,11,59
5180,-105,38,87,376,5,10,59
5180,-105,43,87,376,4,8,58
5180,-105,44,89,374,5,9,60
5180,-105,41,86,378,6,9,58
5180,-105,78,82,382,5,61,53
5180,-105,47,87,376,5,11,59
5180,-105,45,88,375,5,8,59
5180,-105,42,89,375,4,11,60
5180,-105,39,89,375,6,9,60
5180,-105,42,87,376,4,8,58
5180,-105,42,89,375,5,8,59
5180,-105,43,87,377,8,9,58
5180,-105,36,87,376,5,9,58
5180,-105,35,86,378,6,9,57
5180,-105,42,87,377,6,10,59
5180,-105,51,88,376,6,10,59
5180,-105,46,88,376,4,9,59
5180,-105,36,87,377,3,7,58
5180,-105,47,89,374,4,9,60
5180,-105,45,87,376,5,10,58
5180,-105,46,88,376,5,10,59
5180,-105,47,86,377,5,9,58
5180,-105,44,87,376,4,10,58
5180,-105,41,88,376,5,9,59
5180,-105,52,88,375,5,10,59
5180,-105,35,87,376,4,8,58
5180,-105,41,87,377,4,7,58
5180,-105,49,89,375,4,9,61
5180,-105,37,88,376,4,8,59
5180,-105,45,88,376,4,11,59
5180,-105,38,88,375,5,9,59
5180,-105,49,88,376,6,8,58
5180,-105,36,86,377,7,9,58
5180,-105,46,88,376,5,9,59
5180,-105,61,87,377,5,9,59
5180,-105,70,88,375,5,10,59
5180,-105,44,87,376,4,10,59
5180,-105,43,88,376,4,8,58
5180,-105,56,89,375,3,10,60
5180,-105,54,81,382,5,63,53
5180,-105,66,89,375,6,10,61
5180,-105,52,86,377,5,9,57
5180,-105,45,87,376,5,8,58
5180,-105,66,89,374,4,9,60
5180,-105,62,88,375,5,10,59
5180,-105,33,86,377,5,11,58
5180,-105,50,89,375,3,9,59
5180,-105,37,86,377,5,8,57
5180,-105,74,89,375,4,8,60
5180,-105,33,86,377,7,8,57
5180,-105,38,86,378,6,10,57
5180,-105,51,87,377,4,8,58
5180,-105,52,89,375,5,9,61
5180,-105,37,86,378,6,7,57
5180,-105,46,86,378,5,10,57
5180,-105,37,87,376,4,8,58
5180,-105,33,85,378,5,10,57
5180,-105,42,87,377,4,8,59
5180,-105,39,87,376,5,10,59
5180,-105,36,87,376,5,8,59
5180,-105,42,87,377,6,9,59
5180,-105,35,87,377,5,8,58
5180,-105,57,87,376,5,10,59
5180,-105,54,88,376,5,9,59
5180,-105,31,86,377,4,10,58
5180,-105,52,87,376,4,10,59
5180,-105,57,88,376,4,11,59
5180,-105,39,88,375,4,8,59
5180,-105,47,87,376,5,10,59
5180,-105,64,88,375,5,9,59
5180,-105,51,88,376,5,9,59
5180,-105,45,86,377,5,11,58
5180,-105,69,89,375,4,8,60
5180,-105,93,89,375,3,9,61
5180,-105,74,87,376,5,9,58
5180,-105,29,86,377,6,8,56
5180,-105,47,86,378,6,9,58
5180,-105,33,86,378,5,9,57
5180,-105,61,86,378,6,8,57
5180,-105,57,78,386,6,10,51
5180,-105,57,78,386,6,11,51
5180,-105,60,78,386,3,8,50
5180,-105,63,78,386,5,8,51
5180,-105,50,78,386,6,8,50
5180,-105,55,78,386,5,11,51
5180,-105,58,78,386,4,8,49
5180,-105,65,78,386,5,10,51
5180,-105,53,78,386,5,9,51
5180,-105,51,78,386,4,10,50
5180,-105,61,78,386,6,9,51
5180,-105,54,78,386,5,10,50
5180,-105,65,84,380,9,10,56
5180,-105,42,83,380,6,63,54
5180,-105,57,84,380,5,11,57
5180,-105,52,84,380,7,9,55
5180,-105,63,84,380,4,10,55
5180,-105,64,84,380,4,10,55
5180,-105,32,86,377,6,9,58
5180,-105,47,87,377,4,7,58
5180,-105,36,88,375,5,8,59
5180,-105,47,88,375,4,7,58
5180,-105,72,88,375,5,8,59
5180,-105,57,86,377,6,8,57
5180,-105,50,87,376,6,9,59
5180,-105,54,86,378,6,10,59
5180,-105,49,87,376,6,8,59
5180,-105,51,88,375,4,10,60
5180,-105,50,89,375,5,7,60
5180,-105,54,88,376,8,8,59
5180,-105,57,84,379,5,10,56
5180,-105,39,87,376,5,8,58
5180,-105,54,83,381,5,62,54
5180,-105,38,86,377,4,10,57
5180,-105,35,87,376,4,9,58
5180,-105,39,84,379,7,9,55
5180,-105,64,87,376,6,7,58
5180,-105,83,87,377,6,10,61
5180,-105,44,87,377,5,9,58
5180,-105,33,85,378,6,8,56
5180,-105,53,86,377,4,8,57
5180,-105,59,89,375,5,9,60
5180,-105,40,86,377,6,9,57
5180,-105,61,88,375,4,9,59
5180,-105,51,87,376,4,8,58
5180,-105,47,86,377,6,9,57
5180,-105,64,87,377,6,10,58
5180,-105,54,87,376,4,8,58
5180,-105,32,86,377,5,9,58
5180,-105,61,87,376,5,6,57
5180,-105,53,88,375,3,8,59
5180,-105,77,87,376,5,9,59
5180,-105,61,89,375,3,8,60
5180,-105,49,86,377,5,10,58
5180,-105,56,87,376,4,9,58
5180,-105,65,88,376,5,8,59
5180,-105,73,90,374,5,10,62
5180,-105,78,87,377,6,9,59
5180,-105,42,88,375,4,8,59
5180,-105,63,89,374,5,8,60
5180,-105,61,80,383,5,61,51
5180,-105,67,87,376,5,8,59
5180,-105,60,87,377,5,8,57
5180,-105,45,85,379,6,8,57
5180,-105,70,87,376,4,10,58
5180,-105,80,87,376,4,10,59
5180,-105,58,87,376,4,9,59
5180,-105,51,87,376,4,10,59
5180,-105,56,87,377,6,10,57
5180,-105,45,87,377,5,9,57
5180,-105,71,87,376,5,8,58
5180,-105,54,87,376,3,10,59
5180,-105,75,87,376,6,10,59
5180,-105,47,87,377,6,9,57
5180,-105,56,87,376,6,9,58
5180,-105,40,87,376,5,10,58
5180,-105,56,86,377,5,10,58
5180,-105,60,87,376,3,9,58
5180,-105,55,87,376,3,10,59
5180,-105,69,87,376,4,11,59
5180,-105,67,87,376,5,9,58
5180,-105,59,87,377,7,8,57
5180,-105,53,87,377,5,9,58
5180,-105,63,87,376,4,9,58
5180,-105,73,87,376,6,9,59
5180,-105,55,87,376,5,9,58
5180,-105,60,87,376,4,9,58
5180,-105,53,87,376,4,10,58
5180,-105,62,87,377,5,11,58
5180,-105,47,86,377,5,12,58
5180,-105,63,86,377,5,11,57
5180,-105,77,87,376,4,12,59
5180,-105,56,87,376,4,9,59
5180,-105,67,87,376,4,11,59
5180,-105,75,87,376,5,10,58
5180,-105,90,87,376,4,10,58
5180,-105,46,87,376,5,8,57
5180,-105,75,86,377,6,9,58
5180,-105,53,87,376,5,8,58
5180,-105,73,87,376,5,11,59
5180,-105,50,87,377,6,10,58
5180,-105,66,87,376,4,8,58
5180,-105,73,87,376,4,11,59
5180,-105,76,87,376,5,10,58
5180,-105,59,87,376,4,9,58
5180,-105,77,87,377,5,9,57
5180,-105,42,87,376,3,9,59
5180,-105,82,87,376,4,8,59
5180,-105,57,87,376,4,10,58
5180,-105,64,87,377,5,9,57
5180,-105,44,87,377,4,9,57
5180,-105,48,87,377,5,7,56
5180,-105,69,87,376,5,11,59
5180,-105,66,87,376,5,11,59
5180,-105,60,87,376,5,10,58
5180,-105,39,87,376,4,10,58
5180,-105,64,87,376,3,10,58
5180,-105,41,87,377,4,10,57
5180,-105,34,86,377,5,8,58
5180,-105,39,87,376,5,8,57
5180,-105,60,87,376,5,7,58
5180,-105,69,87,376,5,9,59
5180,-105,58,86,377,6,8,57
5180,-105,62,86,377,5,10,57
5180,-105,56,87,376,3,8,59
5180,-105,83,87,376,5,8,58
5180,-105,69,87,376,5,10,58
5180,-105,49,87,377,4,10,57
5180,-105,71,87,376,4,9,58
5180,-105,54,87,376,6,10,59
5180,-105,59,87,377,5,10,57
5180,-105,63,87,376,5,8,58
5180,-105,62,87,376,5,9,58
5180,-105,69,87,376,4,10,58
5180,-105,52,87,376,5,11,59
5180,-105,67,87,376,4,10,58
5180,-105,59,87,377,4,9,57
5180,-105,59,87,376,4,9,57
5180,-105,55,87,376,4,9,57
5180,-105,68,87,376,4,11,59
5180,-105,56,87,376,4,9,58
5180,-105,55,87,377,7,9,57
5180,-105,63,87,376,4,9,59
5180,-105,78,87,376,4,7,57
5180,-105,55,87,376,5,10,58
5180,-105,50,84,380,3,8,55
5180,-105,68,84,380,4,10,56
5180,-105,79,84,380,6,9,57
5180,-105,58,84,380,5,10,56
5180,-105,69,84,380,4,9,55
5180,-105,47,87,377,6,8,58
5180,-105,43,88,375,5,10,59
5180,-105,42,87,376,4,10,58
5180,-105,61,88,375,5,9,59
5180,-105,34,87,377,6,9,58
5180,-105,41,87,377,5,9,58
5180,-105,48,86,378,6,9,57
5180,-105,54,81,383,6,9,53
5180,-105,60,81,383,4,9,52
5180,-105,59,81,383,5,9,53
5180,-105,56,81,383,4,9,53
5180,-105,61,81,383,6,10,53
5180,-105,53,81,383,6,11,53
5180,-105,65,81,383,6,10,53
5180,-105,59,81,383,6,10,53
5180,-105,57,81,383,5,10,53
5180,-105,63,81,383,4,9,53
5180,-105,65,81,383,4,7,52
5180,-105,46,81,383,5,10,53
5180,-105,64,81,383,5,11,53
5180,-105,62,81,383,5,63,53
5180,-105,58,81,383,4,9,53
5180,-105,67,81,383,5,63,53
5180,-105,52,81,383,5,9,53
5180,-105,46,80,384,22,11,57
5180,-105,56,87,376,5,10,59
5180,-105,60,80,383,6,61,52
5180,-105,65,87,376,5,9,58
5180,-105,68,87,376,4,9,58
5180,-105,51,88,375,4,9,59
5180,-105,62,87,376,5,9,58
5180,-105,72,89,374,4,7,59
5180,-105,46,88,375,5,8,58
5180,-105,46,87,376,6,9,58
5180,-105,61,86,377,6,7,57
5180,-105,49,87,376,5,9,59
5180,-105,54,85,378,5,8,56
5180,-105,64,87,377,5,9,58
5180,-105,55,86,377,6,10,58
5180,-105,34,87,376,5,6,58
5180,-105,51,86,378,4,8,57
5180,-105,36,87,376,5,9,58
5180,-105,79,88,376,5,7,58
5180,-105,48,86,377,5,8,57
5180,-105,40,87,377,5,9,59
5180,-105,52,88,376,4,9,59
5180,-105,43,87,377,5,10,58
5180,-105,43,87,377,5,8,57
5180,-105,54,86,377,6,8,57
5180,-105,64,88,376,6,7,58
5180,-105,39,86,377,6,9,58
5180,-105,39,87,376,4,10,59
5180,-105,45,88,376,5,8,59
5180,-105,45,87,376,5,9,58
5180,-105,49,89,374,4,9,60
5180,-105,53,87,377,5,8,58
5180,-105,46,87,376,5,9,59
5180,-105,54,88,375,4,9,59
5180,-105,51,88,375,4,9,59
5180,-105,37,88,376,5,9,59
5180,-105,37,87,376,4,9,57
5180,-105,75,88,375,4,12,60
5180,-105,69,88,376,4,10,59
5180,-105,50,87,376,6,8,58
5180,-105,46,87,376,5,9,58
5180,-105,43,88,376,4,10,60
5180,-105,46,88,375,5,7,59
5180,-105,55,87,376,5,9,59
5180,-105,45,86,377,5,8,57
5180,-105,75,81,382,5,62,53
5180,-105,69,88,376,5,10,59
5180,-105,68,89,375,4,9,60
5180,-105,50,87,376,4,9,58
5180,-105,60,87,377,5,8,58
5180,-105,70,81,383,5,61,52
5180,-105,51,84,379,7,10,56
5180,-105,62,84,379,5,10,57
5180,-105,71,84,379,7,11,57
5180,-105,68,82,381,5,61,53
5180,-105,30,86,377,7,7,56
5180,-105,62,88,375,6,10,59
5180,-105,39,87,377,6,10,59
5180,-105,49,88,375,4,8,60
5180,-105,49,87,377,5,9,58
5180,-105,52,87,376,4,9,59
5180,-105,43,86,377,6,9,58
5180,-105,57,88,375,5,8,59
5180,-105,36,87,377,6,10,59
5180,-105,48,87,376,5,8,58
5180,-105,67,88,376,4,9,59
5180,-105,54,86,377,5,9,57
5180,-105,46,87,377,5,8,58
5180,-105,51,88,375,4,8,59
5180,-105,43,87,376,5,8,58
5180,-105,53,87,376,5,10,58
5180,-105,54,90,374,5,10,62
5180,-105,34,87,376,4,10,58
5180,-105,64,89,375,3,10,61
5180,-105,58,87,376,5,9,59
5180,-105,45,87,377,5,10,59
5180,-105,40,87,377,5,8,58
5180,-105,27,86,378,5,7,55
5180,-105,51,86,377,4,7,57
5180,-105,34,88,376,4,8,59
5180,-105,48,87,376,7,11,59
5180,-105,46,88,376,7,8,59
5180,-105,53,86,377,7,9,59
5180,-105,51,89,375,5,10,60
5180,-105,54,81,383,4,61,52
5180,-105,59,87,377,5,9,58
5180,-105,43,86,377,5,6,56
5180,-105,47,88,376,6,9,60
5180,-105,34,88,375,5,8,59
5180,-105,65,86,377,8,8,57
5180,-105,68,88,376,4,9,59
5180,-105,40,84,379,8,12,57
5180,-105,65,88,375,7,9,60
5180,-105,65,88,375,7,10,60
5180,-105,60,88,375,5,9,60
5180,-105,41,89,374,6,8,60
5180,-105,47,89,374,8,8,59
5180,-105,65,90,374,5,10,61
5180,-105,46,88,375,8,8,58
5180,-105,43,87,377,7,12,59
5180,-105,40,86,377,7,9,58
5180,-105,56,87,376,6,9,58
5180,-105,40,88,376,6,10,59
5180,-105,60,87,377,6,8,59
5180,-105,38,87,377,7,9,59
5180,-105,45,86,377,7,9,57
5180,-105,51,87,376,8,9,58
5180,-105,69,87,376,6,8,58
5180,-105,53,87,377,8,9,59
5180,-105,61,89,375,7,9,60
5180,-105,68,87,377,8,10,59
5180,-105,54,86,378,6,8,58
5180,-105,57,87,377,6,10,58
5180,-105,33,85,378,11,8,57
5180,-105,68,87,377,7,10,59
5180,-105,41,86,377,9,10,58
5180,-105,48,89,375,8,12,61
5180,-105,37,86,377,6,9,57
5180,-105,68,83,381,5,61,55
5180,-105,60,82,382,22,11,57
5805,-108,47,90,377,5,9,56
5805,-108,54,90,377,4,9,57
5805,-108,46,90,377,6,10,58
5805,-108,49,90,377,5,10,57
5805,-108,55,90,377,4,10,57
5805,-108,58,90,377,7,9,57
5805,-108,60,90,377,5,8,57
5805,-108,54,90,377,5,9,57
5805,-108,62,90,377,4,8,57
5805,-108,57,90,377,5,10,57
5805,-108,41,90,377,5,9,57
5805,-108,47,90,377,6,9,56
5805,-108,53,90,377,5,9,57
5805,-108,64,90,377,5,9,57
5805,-108,45,90,377,4,10,58
5805,-108,54,90,377,6,10,58
5805,-108,46,90,377,6,8,56
5805,-108,65,90,377,5,10,58
5805,-108,50,90,377,5,10,57
5805,-108,54,90,377,5,10,58
5805,-108,57,90,377,5,9,57
5805,-108,40,90,377,5,9,57
5805,-108,47,90,377,5,9,57
5805,-108,53,90,377,5,8,57
5805,-108,53,90,377,6,10,57
5805,-108,49,90,377,6,9,58
5805,-108,50,90,377,5,10,57
5805,-108,56,90,377,4,10,57
5805,-108,55,90,377,5,8,57
5805,-108,37,90,377,4,10,57
5805,-108,53,90,377,4,8,56
5805,-108,48,90,377,4,8,57
5805,-108,62,90,377,3,12,58
5805,-108,77,90,377,7,11,58
5805,-108,66,90,377,4,8,57
5805,-108,56,90,377,5,8,57
5805,-108,51,90,377,5,8,56
5805,-108,43,90,377,5,11,58
5805,-108,46,90,377,4,9,57
5805,-108,60,90,377,3,10,57
5805,-108,64,90,377,6,8,57
5805,-108,47,90,377,5,10,57
5805,-108,43,90,377,6,9,57
5805,-108,64,90,377,5,10,58
5805,-108,67,90,377,5,9,57
5805,-108,40,90,377,5,11,58
5805,-108,43,90,377,5,9,57
5805,-108,40,90,377,5,8,56
5805,-108,53,90,377,6,10,57
5805,-108,64,90,377,4,11,57
5805,-108,39,90,377,3,9,56
5805,-108,38,90,377,4,9,57
5805,-108,50,90,377,7,11,58
5805,-108,50,90,377,5,9,57
5805,-108,58,90,377,5,9,56
5805,-108,51,90,377,6,9,57
5805,-108,42,90,377,4,9,57
5805,-108,43,90,377,4,9,57
5805,-108,49,90,377,6,11,58
5805,-108,41,90,377,6,12,58
5805,-108,53,90,377,5,9,57
5805,-108,47,90,377,6,9,57
5805,-108,45,89,377,6,10,57
5805,-108,42,90,377,4,9,57
5805,-108,73,90,377,5,9,58
5805,-108,55,90,377,5,9,58
5805,-108,47,90,377,5,7,55
5805,-108,37,90,377,5,10,57
5805,-108,57,90,377,7,10,56
5805,-108,45,89,377,6,9,55
5805,-108,36,90,377,4,10,58
5805,-108,41,90,377,6,10,57
5805,-108,34,90,377,5,8,56
5805,-108,50,90,377,5,8,57
5805,-108,36,90,377,7,8,57
5805,-108,46,90,377,6,8,56
5805,-108,50,90,377,5,9,57
5805,-108,48,90,377,5,7,56
5805,-108,41,90,377,5,10,57
5805,-108,45,90,377,4,10,58
5805,-108,56,89,377,5,9,56
5805,-108,55,90,377,5,9,58
5805,-108,40,90,377,5,10,58
5805,-108,43,90,377,5,10,57
5805,-108,52,90,377,5,9,57
5805,-108,41,90,377,5,9,57
5805,-108,28,89,377,7,10,56
5805,-108,45,90,377,4,9,56
5805,-108,52,90,377,5,10,57
5805,-108,52,90,377,4,10,58
5805,-108,59,90,377,5,9,57
5805,-108,50,90,377,5,11,57
5805,-108,43,90,377,5,10,57
5805,-108,30,90,377,4,11,57
5805,-108,32,89,377,6,9,56
5805,-108,38,90,377,7,9,57
5805,-108,51,90,377,5,10,57
5805,-108,53,90,377,5,9,57
5805,-108,49,90,377,6,9,57
5805,-108,58,90,377,5,10,57
5805,-108,44,90,377,4,9,57
5805,-108,49,90,377,6,9,58
5805,-108,29,90,377,5,9,57
5805,-108,58,90,377,5,10,58
5805,-108,45,90,377,5,10,57
5805,-108,58,90,377,6,9,58
5805,-108,55,90,377,6,10,57
5805,-108,33,90,377,5,8,56
5805,-108,42,90,377,5,9,58
5805,-108,48,90,377,6,11,58
5805,-108,48,90,377,5,10,56
5805,-108,36,90,377,4,10,57
5805,-108,45,90,377,5,8,57
5805,-108,43,90,377,6,9,56
5805,-108,54,90,377,5,10,58
5805,-108,52,90,377,5,9,57
5805,-108,43,90,377,4,9,57
5805,-108,64,90,377,5,10,57
5805,-108,43,90,377,6,7,56
5805,-108,49,90,377,7,10,58
5805,-108,49,90,377,4,9,57
5805,-108,48,89,377,6,10,57
5805,-108,45,90,377,5,9,57
5805,-108,43,90,377,4,10,57
5805,-108,59,90,377,3,9,57
5805,-108,48,90,377,5,8,56
5805,-108,37,90,377,4,9,57
5805,-108,41,90,377,5,10,57
5805,-108,40,90,377,5,10,57
5805,-108,38,89,377,5,9,56
5805,-108,31,90,377,5,9,56
5805,-108,39,90,377,6,11,58
5805,-108,32,90,377,6,8,57
5805,-108,45,90,377,6,12,58
5805,-108,41,90,377,5,10,57
5805,-108,38,90,377,5,10,57
5805,-108,47,90,377,6,9,57
5805,-108,44,90,377,4,11,57
5805,-108,48,90,377,6,9,57
5805,-108,66,90,377,6,9,58
5805,-108,45,90,377,4,9,57
5805,-108,27,90,377,4,11,57
5805,-108,50,90,377,5,10,58
5805,-108,64,90,377,5,10,57
5805,-108,30,90,377,4,11,57
5805,-108,57,90,377,4,9,57
5805,-108,52,90,377,6,10,57
5805,-108,30,90,377,4,11,57
5805,-108,42,90,377,6,9,55
5805,-108,40,90,377,4,11,57
5805,-108,34,89,377,5,9,56
5805,-108,50,90,377,6,9,56
5805,-108,36,90,377,5,10,57
5805,-108,49,90,377,6,9,58
5805,-108,41,90,377,5,9,57
5805,-108,43,90,377,6,9,56
5805,-108,61,90,377,5,8,57
5805,-108,53,90,377,6,9,57
5805,-108,50,90,377,6,8,57
5805,-108,42,90,377,5,10,57
5805,-108,46,90,377,5,9,57
5805,-108,50,90,377,5,8,56
5805,-108,49,90,377,4,9,56
5805,-108,37,90,377,5,9,57
5805,-108,40,90,377,5,9,56
5805,-108,54,90,377,5,9,57
5805,-108,45,90,377,4,10,57
5805,-108,44,90,377,5,11,58
5805,-108,50,90,377,5,9,57
5805,-108,52,90,377,5,9,57
5805,-108,53,90,377,4,8,57
5805,-108,46,90,377,5,10,57
5805,-108,31,90,377,5,7,56
5805,-108,39,90,377,5,9,57
5805,-108,50,90,377,5,10,57
5805,-108,34,90,377,5,9,57
5805,-108,49,90,377,5,9,57
5805,-108,48,90,377,7,9,57
5805,-108,45,90,377,5,11,57
5805,-108,40,90,377,6,9,57
5805,-108,39,90,377,5,10,58
5805,-108,44,90,377,5,8,57
5805,-108,56,90,377,6,9,57
5805,-108,48,90,377,6,10,57
5805,-108,58,90,377,5,11,58
5805,-108,54,90,377,4,9,57
5805,-108,27,90,377,6,8,56
5805,-108,46,90,377,4,10,57
5805,-108,60,90,377,5,8,57
5805,-108,46,90,377,6,11,57
5805,-108,45,90,377,5,8,56
5805,-108,56,90,377,5,9,57
5805,-108,50,90,377,5,10,58
5805,-108,42,90,377,6,12,58
5805,-108,53,89,378,7,10,57
5805,-108,48,90,377,6,9,56
5805,-108,38,90,377,5,10,57
5805,-108,43,90,377,6,11,57
5805,-108,57,90,377,5,10,57
5805,-108,47,90,377,6,11,58
5805,-108,46,90,377,4,9,57
5805,-108,26,90,377,6,10,57
5805,-108,40,90,377,4,9,57
5805,-108,51,90,377,5,9,57
5805,-108,32,90,377,5,9,57
5805,-108,47,90,377,5,9,57
5805,-108,58,90,377,4,9,57
5805,-108,39,89,377,6,10,56
5805,-108,59,90,377,5,9,58
5805,-108,45,90,377,6,9,57
5805,-108,56,90,377,5,8,57
5805,-108,67,90,377,6,9,58
5805,-108,48,90,377,5,10,57
5805,-108,48,90,377,5,11,57
5805,-108,41,90,377,5,10,57
5805,-108,46,90,377,5,11,57
5805,-108,69,90,377,5,11,57
5805,-108,55,90,377,5,9,58
5805,-108,33,90,377,6,11,57
5805,-108,44,90,377,5,8,57
5805,-108,54,90,377,5,10,58
5805,-108,43,90,377,6,8,56
5805,-108,33,90,377,5,10,57
5805,-108,52,90,377,4,9,57
5805,-108,51,90,377,4,9,58
5805,-108,57,90,377,5,9,57
5805,-108,48,90,377,5,8,56
5805,-108,52,90,377,6,8,56
5805,-108,35,90,377,6,9,57
5805,-108,53,90,377,4,8,56
5805,-108,49,90,377,6,8,56
5805,-108,48,90,377,4,12,58
5805,-108,38,90,377,3,9,57
5805,-108,44,90,377,5,10,57
5805,-108,53,90,377,5,10,57
5805,-108,43,90,377,5,8,56
5805,-108,47,90,377,4,9,57
5805,-108,39,90,377,6,10,57
5805,-108,40,90,377,7,9,57
5805,-108,44,90,377,4,10,57
5805,-108,44,90,377,5,9,57
5805,-108,37,90,377,6,10,58
5805,-108,45,90,377,5,9,57
5805,-108,60,90,377,5,9,57
5805,-108,29,90,377,6,10,57
5805,-108,47,90,377,4,8,56
5805,-108,57,90,377,5,8,56
5805,-108,45,90,377,5,9,57
5805,-108,42,90,377,5,10,57
5805,-108,52,90,377,8,10,58
5805,-108,45,90,377,6,11,58
5805,-108,43,90,377,5,9,57
5805,-108,55,90,377,5,9,57
5805,-108,35,90,377,6,9,55
5805,-108,46,90,377,5,8,57
5805,-108,54,90,377,5,10,58
5805,-108,34,90,377,5,9,57
5805,-108,42,90,377,6,8,57
5805,-108,41,90,377,6,9,57
5805,-108,45,90,377,6,10,57
5805,-108,49,90,377,6,11,57
5805,-108,32,90,377,5,9,57
5805,-108,52,90,377,5,8,56
5805,-108,59,90,377,5,9,57
5805,-108,42,90,377,5,9,57
5805,-108,44,90,377,6,9,58
5805,-108,66,90,377,6,9,57
5805,-108,46,90,377,5,10,57
5805,-108,46,90,377,5,9,57
5805,-108,57,90,377,5,9,58
5805,-108,45,90,377,6,9,57
5805,-108,30,90,377,5,9,57
5805,-108,53,90,377,4,10,57
5805,-108,49,90,377,6,9,57
5805,-108,51,90,377,5,9,57
5805,-108,40,90,377,6,10,57
5805,-108,62,90,377,5,9,57
5805,-108,36,90,377,4,8,57
5805,-108,53,90,377,5,9,57
5805,-108,32,90,377,5,9,57
5805,-108,43,90,377,5,9,57
5805,-108,44,90,377,5,11,57
5805,-108,64,90,377,6,8,57
5805,-108,59,90,377,6,9,58
5805,-108,74,90,377,5,9,58
5805,-108,53,90,377,7,8,57
5805,-108,53,90,377,5,10,58
5805,-108,36,90,377,4,9,57
5805,-108,66,90,377,5,11,57
5805,-108,44,90,377,6,9,57
5805,-108,59,90,377,4,7,56
5805,-108,50,90,377,5,10,58
5805,-108,41,90,377,5,9,57
5805,-108,39,90,377,6,9,57
5805,-108,43,90,377,5,8,57
5805,-108,46,90,377,4,10,57
5805,-108,34,90,377,4,10,57
5805,-108,40,90,377,6,10,57
5805,-108,60,90,377,5,9,57
5805,-108,46,90,377,5,8,56
5805,-108,43,90,377,5,9,57
5805,-108,44,90,377,4,9,56
5805,-108,52,90,377,5,8,56
5805,-108,55,90,377,5,10,56
5805,-108,54,90,377,5,8,57
5805,-108,40,90,377,5,10,57
5805,-108,36,90,377,5,11,58
5805,-108,36,90,377,5,9,56
5805,-108,48,90,377,5,9,57
5805,-108,51,90,377,6,9,57
5805,-108,50,90,377,4,10,58
5805,-108,58,90,377,6,11,58
5805,-108,45,90,377,7,9,57
5805,-108,54,90,377,4,10,57
5805,-108,42,90,377,5,11,57
5805,-108,63,90,377,6,9,57
5805,-108,45,89,377,6,8,56
5805,-108,53,90,377,4,10,57
5805,-108,48,90,377,4,10,58
5805,-108,39,90,377,6,10,57
5805,-108,52,90,377,4,10,57
5805,-108,58,90,377,6,10,57
5805,-108,62,90,377,5,10,58
5805,-108,63,90,377,6,9,57
5805,-108,53,90,377,6,11,57
5805,-108,45,90,377,7,10,57
5805,-108,41,90,377,5,11,57
5805,-108,47,90,377,5,8,56
5805,-108,37,90,377,5,9,57
5805,-108,57,90,377,5,7,57
5805,-108,41,90,377,6,12,58
5805,-108,40,90,377,5,10,58
5805,-108,51,90,377,6,8,57
5805,-108,39,90,377,5,10,57
5805,-108,47,90,377,5,8,57
5805,-108,43,90,377,4,11,58
5805,-108,43,90,377,5,11,58
5805,-108,34,90,377,4,10,58
5805,-108,35,90,377,5,9,57
5805,-108,67,90,377,6,11,57
5805,-108,70,90,377,7,10,57
5805,-108,49,90,377,5,9,57
5805,-108,52,90,377,5,10,57
5805,-108,55,90,377,6,9,57
5805,-108,58,90,377,6,9,58
5805,-108,62,90,377,5,8,57
5805,-108,42,90,377,5,8,56
5805,-108,47,90,377,6,8,57
5805,-108,34,90,377,4,10,58
5805,-108,55,90,377,6,7,56
5805,-108,49,90,377,5,10,58
5805,-108,45,90,377,4,10,57
5805,-108,66,90,377,5,10,58
5805,-108,51,90,377,5,11,58
5805,-108,39,90,377,5,9,57
5805,-108,54,90,377,5,9,57
5805,-108,38,90,377,5,9,57
5805,-108,54,90,377,6,10,57
5805,-108,46,90,377,4,11,57
5805,-108,51,90,377,5,10,57
5805,-108,62,90,377,5,8,57
5805,-108,56,90,377,5,10,58
5805,-108,49,90,377,5,11,58
5805,-108,30,90,377,6,9,57
5805,-108,46,90,377,4,10,58
5805,-108,49,90,377,5,10,57
5805,-108,75,90,377,6,8,57
5805,-108,58,90,377,6,9,56
5805,-108,38,90,377,5,11,58
5805,-108,46,90,377,3,11,58
5805,-108,65,90,377,6,9,57
5805,-108,47,90,377,6,10,57
5805,-108,57,90,377,4,9,57
5805,-108,52,89,377,6,10,57
5805,-108,48,90,377,3,10,57
5805,-108,60,90,377,6,8,57
5805,-108,57,90,377,5,12,57
5805,-108,57,90,377,6,10,57
5805,-108,58,90,377,5,9,57
5805,-108,38,90,377,5,10,57
5805,-108,55,90,377,6,11,58
5805,-108,45,90,377,6,8,56
5805,-108,31,90,377,4,9,56
5805,-108,51,90,377,4,10,57
5805,-108,44,90,377,6,9,57
5805,-108,35,90,377,5,8,56
5805,-108,63,90,377,6,9,57
5805,-108,46,90,377,6,8,57
5805,-108,58,90,377,5,9,57
5805,-108,39,90,377,6,9,57
5805,-108,49,90,377,4,10,57
5805,-108,52,90,377,3,10,57
5805,-108,52,90,377,5,11,57
5805,-108,41,89,378,6,12,57
5805,-108,56,90,377,5,10,57
5805,-108,50,90,377,5,9,57
5805,-108,52,90,377,4,11,57
5805,-108,38,90,377,5,11,57
5805,-108,41,90,377,5,9,57
5805,-108,56,90,377,5,9,57
5805,-108,49,90,377,5,10,57
5805,-108,51,90,377,5,10,57
5805,-108,45,90,377,5,8,57
5805,-108,40,90,377,5,9,57
5805,-108,58,90,377,6,12,58
5805,-108,57,90,377,5,11,58
5805,-108,50,90,377,5,11,57
5805,-108,60,90,377,4,10,58
5805,-108,62,90,377,5,11,57
5805,-108,62,90,377,5,10,57
5805,-108,58,90,377,6,10,58
5805,-108,60,90,377,6,9,57
5805,-108,46,90,377,6,9,56
5805,-108,40,90,377,5,10,57
5805,-108,36,90,377,4,9,57
5805,-108,51,90,377,5,10,57
5805,-108,47,90,377,7,9,58
5805,-108,51,90,377,5,10,57
5805,-108,57,90,377,5,9,57
5805,-108,42,90,377,6,10,57
5805,-108,41,90,377,5,8,57
5805,-108,51,90,377,5,10,57
5805,-108,53,90,377,4,10,58
5805,-108,45,90,377,6,10,57
5805,-108,44,90,377,4,8,57
5805,-108,56,90,377,6,9,56
5805,-108,56,90,377,6,8,57
5805,-108,46,90,377,3,10,58
5805,-108,33,90,377,5,8,56
5805,-108,62,90,377,5,9,56
5805,-108,34,90,377,6,8,56
5805,-108,53,90,377,6,10,57
5805,-108,62,90,377,5,8,56
5805,-108,55,90,377,5,8,57
5805,-108,48,90,377,5,7,56
5805,-108,48,90,377,4,10,57
5805,-108,58,90,377,4,11,58
5805,-108,46,90,377,4,9,57
5805,-108,48,90,377,6,10,57
5805,-108,52,90,377,5,11,57
5805,-108,38,90,377,4,10,57
5805,-108,39,90,377,5,9,57
5805,-108,56,90,377,6,8,56
5805,-108,38,90,377,5,8,57
5805,-108,46,90,377,4,9,57
5805,-108,65,90,377,5,11,58
5805,-108,48,90,377,6,8,57
5805,-108,39,90,377,3,9,57
5805,-108,55,90,377,5,8,56
5805,-108,59,90,377,5,9,57
5805,-108,42,89,377,5,8,55
5805,-108,45,90,377,5,9,57
5805,-108,51,90,377,6,10,57
5805,-108,38,90,377,6,10,57
5805,-108,39,90,377,5,9,58
5805,-108,54,90,377,5,9,58
5805,-108,40,90,377,5,8,57
5805,-108,55,90,377,5,10,57
5805,-108,56,90,377,5,9,56
5805,-108,35,90,377,6,11,57
5805,-108,80,90,377,4,9,58
5805,-108,57,90,377,6,9,57
5805,-108,46,90,377,5,8,57
5805,-108,47,90,377,6,10,57
5805,-108,41,90,377,5,9,57
5805,-108,41,90,377,5,9,57
5805,-108,45,90,377,5,10,56
5805,-108,49,90,377,5,10,56
5805,-108,58,90,377,5,9,56
5805,-108,48,90,377,5,11,59
5805,-108,46,90,377,5,11,58
5805,-108,42,90,377,5,10,58
5805,-108,44,90,377,5,11,58
5805,-108,28,90,377,5,10,58
5805,-108,38,90,377,5,9,57
5805,-108,48,90,377,5,9,57
5805,-108,54,90,377,4,11,57
5805,-108,32,90,377,4,10,56
5805,-108,51,90,377,5,11,58
5805,-108,29,90,377,4,9,56
5805,-108,44,90,377,5,12,57
5805,-108,44,90,377,4,10,57
5805,-108,53,90,377,6,10,57
5805,-108,38,90,377,5,10,57
5805,-108,43,90,377,6,9,58
5805,-108,44,90,377,5,9,57
5805,-108,48,90,377,5,11,58
5805,-108,63,90,377,5,10,58
5805,-108,53,90,377,5,9,57
5805,-108,34,90,377,4,9,56
5805,-108,36,90,377,6,10,56
5805,-108,51,90,377,4,9,56
5805,-108,50,90,377,6,10,58
5805,-108,47,90,377,5,8,56
5805,-108,34,90,377,5,10,56
5805,-108,44,90,377,4,9,58
5805,-108,37,90,377,7,9,56
5805,-108,41,90,377,5,10,58
5805,-108,44,90,377,5,9,57
5805,-108,61,90,377,4,9,57
5805,-108,54,90,377,5,10,58
5805,-108,44,90,377,4,9,57
5805,-108,36,90,377,6,8,56
5805,-108,31,90,377,5,10,57
5805,-108,28,90,377,4,9,57
5805,-108,51,90,377,5,9,57
5805,-108,40,90,377,4,11,57
5805,-108,49,90,377,6,10,58
5805,-108,25,90,377,4,7,55
5805,-108,45,90,377,4,9,57
5805,-108,30,90,377,7,10,57
5805,-108,47,90,377,5,10,58
5805,-108,65,90,377,5,9,58
5805,-108,61,90,377,6,11,58
5805,-108,49,90,377,5,8,57
5805,-108,40,90,377,5,11,58
5805,-108,72,90,377,4,11,58
5805,-108,40,90,377,5,10,56
5805,-108,56,89,377,5,9,56
5805,-108,33,90,377,5,9,57
5805,-108,54,90,377,4,9,57
5805,-108,32,89,377,6,12,57
5805,-108,57,90,377,5,11,57
5805,-108,41,90,377,5,9,57
5805,-108,55,90,377,5,10,57
5805,-108,43,90,377,5,8,57
5805,-108,49,90,377,5,10,57
5805,-108,52,90,377,5,10,57
5805,-108,51,89,377,5,10,56
5805,-108,46,90,377,6,10,58
5805,-108,35,90,377,5,6,55
5805,-108,62,90,377,6,10,58
5805,-108,40,90,377,5,9,57
5805,-108,49,90,377,6,8,56
5805,-108,50,90,377,3,9,57
5805,-108,42,90,377,5,9,57
5805,-108,66,90,377,5,8,58
5805,-108,42,90,377,5,9,57
5805,-108,45,90,377,5,8,57
5805,-108,57,90,377,6,9,58
5805,-108,44,90,377,6,11,58
5805,-108,47,90,377,4,10,57
5805,-108,43,90,377,5,9,57
5805,-108,32,90,377,4,11,58
5805,-108,39,90,377,5,9,57
5805,-108,48,90,377,5,10,57
5805,-108,37,90,377,5,9,57
5805,-108,35,90,377,5,10,57
5805,-108,51,90,377,5,10,57
5805,-108,52,90,377,5,11,58
5805,-108,46,90,377,6,9,57
5805,-108,61,90,377,5,8,57
5805,-108,51,90,377,5,9,57
5805,-108,45,90,377,5,8,56
5805,-108,49,90,377,5,10,57
5805,-108,53,90,377,4,9,57
5805,-108,59,90,377,5,9,57
5805,-108,46,90,377,6,9,57
5805,-108,33,90,377,6,9,57
5805,-108,50,90,377,3,8,56
5805,-108,31,90,377,7,9,57
5805,-108,40,90,377,4,9,57
5805,-108,38,90,377,7,9,57
5805,-108,46,90,377,5,8,57
5805,-108,55,90,377,6,9,58
5805,-108,38,90,377,5,9,57
5805,-108,38,90,377,6,8,57
5805,-108,64,90,377,5,10,58
5805,-108,38,90,377,5,9,57
5805,-108,59,90,377,4,11,57
5805,-108,40,90,377,5,7,55
5805,-108,36,90,377,4,10,56
5805,-108,62,90,377,4,8,57
5805,-108,47,90,377,5,11,57
5805,-108,44,90,377,5,9,57
5805,-108,44,90,377,5,9,58
5805,-108,42,90,377,6,8,57
5805,-108,36,90,377,6,9,56
5805,-108,64,90,377,5,9,58
5805,-108,49,90,377,5,9,57
5805,-108,40,90,377,5,9,57
5805,-108,53,90,377,4,8,55
5805,-108,46,90,377,5,9,57
5805,-108,47,90,377,6,9,57
5805,-108,55,90,377,5,11,57
5805,-108,52,90,377,5,9,57
5805,-108,71,90,377,5,11,57
5805,-108,44,90,377,5,10,58
5805,-108,35,90,377,4,9,57
5805,-108,54,90,377,6,10,58
5805,-108,67,90,377,5,10,57
5805,-108,61,90,377,4,11,57
5805,-108,47,90,377,6,7,56
5805,-108,35,89,377,6,12,57
5805,-108,53,90,377,5,9,57
5805,-108,32,90,377,5,9,56
5805,-108,36,90,377,4,9,57
5805,-108,51,90,377,7,9,58
5805,-108,55,90,377,5,8,56
5805,-108,52,90,377,4,11,57
5805,-108,44,90,377,4,9,57
5805,-108,44,89,377,6,9,56
5805,-108,53,90,377,5,10,58
5805,-108,47,90,377,5,9,57
5805,-108,38,90,377,4,11,58
5805,-108,50,90,377,6,12,58
5805,-108,45,90,377,5,9,57
5805,-108,37,90,377,5,10,57
5805,-108,54,90,377,6,10,58
5805,-108,44,90,377,5,10,57
5805,-108,48,90,377,5,9,57
5805,-108,36,90,377,4,8,56
5805,-108,41,90,377,5,10,57
5805,-108,31,90,377,6,8,56
5805,-108,53,90,377,3,9,58
5805,-108,48,89,377,4,10,56
5805,-108,46,90,377,6,9,57
5805,-108,50,90,377,5,9,57
5805,-108,53,90,377,3,9,57
5805,-108,40,90,377,5,11,57
5805,-108,40,90,377,5,8,56
5805,-108,35,90,377,5,11,57
5805,-108,38,90,377,4,9,57
5805,-108,45,90,377,4,8,56
5805,-108,47,90,377,5,11,57
5805,-108,51,90,377,5,10,57
5805,-108,55,90,377,3,10,57
5805,-108,38,90,377,5,9,57
5805,-108,31,90,377,4,9,57
5805,-108,50,90,377,5,10,57
5805,-108,33,90,377,5,10,57
5805,-108,49,90,377,5,11,57
5805,-108,47,90,377,5,10,56
5805,-108,50,90,377,5,10,58
5805,-108,59,90,377,4,10,57
5805,-108,50,90,377,3,8,56
5805,-108,46,90,377,4,9,57
5805,-108,44,90,377,5,10,57
5805,-108,59,90,377,4,9,57
5805,-108,39,90,377,4,7,56
5805,-108,45,90,377,4,10,57
5805,-108,52,90,377,5,11,58
5805,-108,55,90,377,4,9,57
5805,-108,51,90,377,5,9,57
5805,-108,36,90,377,5,10,57
5805,-108,48,90,377,5,9,56
5805,-108,30,90,377,5,9,56
5805,-108,44,90,377,5,9,57
5805,-108,34,90,377,5,9,57
5805,-108,60,90,377,4,9,57
5805,-108,53,90,377,5,9,57
5805,-108,51,90,377,4,9,56
5805,-108,40,90,377,5,9,57
5805,-108,29,90,377,5,9,57
5805,-108,62,90,377,4,9,57
5805,-108,52,90,377,5,8,57
5805,-108,59,90,377,5,8,57
5805,-108,51,90,377,5,9,58
5805,-108,44,90,377,5,8,57
5805,-108,32,90,377,6,9,58
5805,-108,53,90,377,4,11,57
5805,-108,36,90,377,6,11,58
5805,-108,48,90,377,5,10,57
5805,-108,42,90,377,5,9,57
5805,-108,41,90,377,5,9,57
5805,-108,61,90,377,5,10,58
5805,-108,48,90,377,5,9,58
5805,-108,44,90,377,5,11,58
5805,-108,42,90,377,4,10,57
5805,-108,53,90,377,4,10,58
5805,-108,35,90,377,5,8,56
5805,-108,37,90,377,5,10,57
5805,-108,38,90,377,4,8,57
5805,-108,57,90,377,6,10,58
5805,-108,46,90,377,4,10,58
5805,-108,34,90,377,5,11,57
5805,-108,41,90,377,4,11,58
5805,-108,38,90,377,5,10,57
5805,-108,52,90,377,5,9,57
5805,-108,35,90,377,4,9,57
5805,-108,61,90,377,5,8,57
5805,-108,37,90,377,5,10,57
5805,-108,56,90,377,4,8,57
5805,-108,50,90,377,5,12,57
5805,-108,47,90,377,5,7,56
5805,-108,55,90,377,6,10,57
5805,-108,51,90,377,3,9,57
5805,-108,49,90,377,6,10,57
5805,-108,37,90,377,6,9,57
5805,-108,54,90,377,4,9,57
5805,-108,35,90,377,5,10,58
5805,-108,50,90,377,5,10,57
5805,-108,39,90,377,4,9,57
5805,-108,43,90,377,3,9,57
5805,-108,30,90,377,5,10,57
5805,-108,36,90,377,5,9,56
5805,-108,38,90,377,5,9,56
5805,-108,41,90,377,4,9,57
5805,-108,46,90,377,5,10,57
5805,-108,49,90,377,6,10,57
5805,-108,57,90,377,5,8,56
5805,-108,49,90,377,4,9,57
5805,-108,45,90,377,4,9,57
5805,-108,41,90,377,5,9,58
5805,-108,55,90,377,5,8,57
5805,-108,43,90,377,5,10,58
5805,-108,34,90,377,4,10,57
5805,-108,47,90,377,4,10,56
5805,-108,49,90,377,5,8,57
5805,-108,53,90,377,4,10,57
5805,-108,38,90,377,4,8,56
5805,-108,39,90,377,5,9,57
5805,-108,52,90,377,4,10,57
5805,-108,49,90,377,3,9,57
5805,-108,41,90,377,3,9,57
5805,-108,56,90,377,4,9,57
5805,-108,62,90,377,5,9,57
5805,-108,45,90,377,5,10,57
5805,-108,48,90,377,5,9,57
5805,-108,42,90,377,5,10,58
5805,-108,40,90,377,5,9,57
5805,-108,48,90,377,5,8,57
5805,-108,64,90,377,5,10,58
5805,-108,39,90,377,5,10,57
5805,-108,47,90,377,4,8,58
5805,-108,49,90,377,5,9,58
5805,-108,45,90,377,4,10,57
5805,-108,44,90,377,6,9,57
5805,-108,50,90,377,5,7,57
5805,-108,61,90,377,4,9,57
5805,-108,39,90,377,5,11,58
5805,-108,57,90,377,4,10,57
5805,-108,44,90,377,6,8,57
5805,-108,45,90,377,3,10,57
5805,-108,60,90,377,5,9,58
5805,-108,46,90,377,5,9,57
5805,-108,37,90,377,5,7,55
5805,-108,57,90,377,4,10,57
5805,-108,45,90,377,5,10,57
5805,-108,41,90,377,4,8,57
5805,-108,48,90,377,4,11,57
5805,-108,40,90,377,5,10,57
5805,-108,39,90,377,5,10,57
5805,-108,53,90,377,5,9,57
5805,-108,45,89,377,5,9,56
5805,-108,48,90,377,4,8,57
5805,-108,51,90,377,4,10,57
5805,-108,42,90,377,4,11,58
5805,-108,34,90,377,5,9,56
5805,-108,45,90,377,4,9,57
5805,-108,52,90,377,5,8,56
5805,-108,53,90,377,4,9,58
5805,-108,32,90,377,6,10,57
5805,-108,48,90,377,5,10,57
5805,-108,60,90,377,5,10,58
5805,-108,52,90,377,6,9,57
5805,-108,59,90,377,5,10,58
5805,-108,38,90,377,3,10,56
5805,-108,57,90,377,6,11,57
5805,-108,38,90,377,4,8,56
5805,-108,39,90,377,6,9,57
5805,-108,45,90,377,5,9,57
5805,-108,34,89,377,6,8,56
5805,-108,46,90,377,5,10,57
5805,-108,30,90,377,5,10,57
5805,-108,53,90,377,4,7,57
5805,-108,29,90,377,5,10,57
5805,-108,54,90,377,6,8,57
5805,-108,61,90,377,5,8,57
5805,-108,31,89,377,5,9,55
5805,-108,46,90,377,6,10,57
5805,-108,30,90,377,6,9,57
5805,-108,42,90,377,5,8,57
5805,-108,49,90,377,5,11,57
5805,-108,40,90,377,5,10,57
5805,-108,55,90,377,5,11,57
5805,-108,39,90,377,6,9,56
5805,-108,51,90,377,6,10,57
5805,-108,52,90,377,6,9,57
5805,-108,48,90,377,6,8,56
5805,-108,41,90,377,5,8,56
5805,-108,60,90,377,6,11,57
5805,-108,62,90,377,5,10,58
5805,-108,60,90,377,3,9,57
5805,-108,37,90,377,4,10,57
5805,-108,58,90,377,5,9,57
5805,-108,38,90,377,5,8,56
5805,-108,61,90,377,6,9,57
5805,-108,40,90,377,4,10,57
5805,-108,39,90,377,4,10,58
5805,-108,50,90,377,4,9,57
5805,-108,57,90,377,4,10,57
5805,-108,65,90,377,4,10,58
5805,-108,43,90,377,5,6,56
5805,-108,56,90,377,5,11,58
5805,-108,44,90,377,4,8,56
5805,-108,38,90,377,5,10,57
5805,-108,47,90,377,5,8,56
5805,-108,54,90,377,4,11,57
5805,-108,46,90,377,5,9,57
5805,-108,50,90,377,5,11,58
5805,-108,45,90,377,4,9,57
5805,-108,47,90,377,5,9,57
5805,-108,37,90,377,5,9,57
5805,-108,33,90,377,3,11,57
5805,-108,52,90,377,5,10,58
5805,-108,42,90,377,5,9,57
5805,-108,36,90,377,6,9,56
5805,-108,57,90,377,5,10,57
5805,-108,60,90,377,3,10,57
5805,-108,46,89,377,6,9,55
5805,-108,55,90,377,5,8,57
5805,-108,42,90,377,5,11,58
5805,-108,47,90,377,4,8,57
5805,-108,55,90,377,5,9,56
5805,-108,60,90,377,5,9,57
5805,-108,40,90,377,4,10,57
5805,-108,55,90,377,5,10,58
5805,-108,38,90,377,4,9,57
5805,-108,44,90,377,5,11,57
5805,-108,25,90,377,6,9,57
5805,-108,55,90,377,4,11,57
5805,-108,38,89,377,6,10,57
5805,-108,55,90,377,5,9,57
5805,-108,58,90,377,4,9,57
5805,-108,43,90,377,4,9,57
5805,-108,29,90,377,5,10,57
5805,-108,60,90,377,4,7,57
5805,-108,56,90,377,6,10,57
5805,-108,63,90,377,5,10,58
5805,-108,49,90,377,6,10,57
5805,-108,55,90,377,4,6,56
5805,-108,48,90,377,5,11,57
5805,-108,49,90,377,4,10,58
5805,-108,50,90,377,5,11,57
5805,-108,66,90,377,4,11,57
5805,-108,52,90,377,4,10,57
5805,-108,48,90,377,5,10,57
5805,-108,56,90,377,5,9,57
5805,-108,51,90,377,5,11,57
5805,-108,49,90,377,5,10,57
5805,-108,52,90,377,6,10,57
5805,-108,47,90,377,5,8,56
5805,-108,48,90,377,6,10,57
5805,-108,44,89,377,6,10,56
5805,-108,32,90,377,4,10,57
5805,-108,52,90,377,5,9,57
5805,-108,26,90,377,4,12,57
5805,-108,42,90,377,4,10,57
5805,-108,45,90,377,5,11,58
5805,-108,31,90,377,6,9,56
5805,-108,55,90,377,5,9,58
5805,-108,43,90,377,5,10,57
5805,-108,41,90,377,5,11,57
5805,-108,38,90,377,5,9,56
5805,-108,46,90,377,5,10,58
5805,-108,47,90,377,3,11,57
5805,-108,47,90,377,5,11,57
5805,-108,49,90,377,4,10,58
5805,-108,48,90,377,5,11,57
5805,-108,41,90,377,5,8,56
5805,-108,40,90,377,6,9,57
5805,-108,43,90,377,3,9,56
5805,-108,40,90,377,5,10,57
5805,-108,50,90,377,5,10,57
5805,-108,33,90,377,6,9,57
5805,-108,58,90,377,5,10,57
5805,-108,41,90,377,5,10,57
5805,-108,49,90,377,4,8,56
5805,-108,34,90,377,5,11,57
5805,-108,36,90,377,4,10,57
5805,-108,59,90,377,5,11,57
5805,-108,59,90,377,5,10,58
5805,-108,40,90,377,6,10,58
5805,-108,52,90,377,4,8,57
5805,-108,41,90,377,4,7,56
5805,-108,41,90,377,5,10,57
5805,-108,40,90,377,4,10,57
5805,-108,43,90,377,5,9,57
5805,-108,34,90,377,5,10,57
5805,-108,66,90,377,4,8,57
5805,-108,57,90,377,5,11,57
5805,-108,53,90,377,5,11,58
5805,-108,36,90,377,5,9,57
5805,-108,50,90,377,4,11,57
5805,-108,34,90,377,5,11,57
5805,-108,64,90,377,4,9,57
5805,-108,31,90,377,6,9,58
5805,-108,35,90,377,5,9,56
5805,-108,34,90,377,5,10,57
5805,-108,47,90,377,4,9,57
5805,-108,53,90,377,5,11,58
5805,-108,51,90,377,3,11,57
5805,-108,36,90,377,5,8,57
5805,-108,47,90,377,5,9,57
5805,-108,41,90,377,5,10,57
5805,-108,51,90,377,4,9,57
5805,-108,57,90,377,5,9,57
5805,-108,53,90,377,6,9,55
5805,-108,38,90,377,5,8,57
5805,-108,50,90,377,4,10,57
5805,-108,42,90,377,3,9,57
5805,-108,48,90,377,5,10,57
5805,-108,33,90,377,3,8,56
5805,-108,32,90,377,4,9,57
5805,-108,49,90,377,5,8,56
5805,-108,59,90,377,5,9,57
5805,-108,65,90,377,5,10,58
5805,-108,63,90,377,4,9,57
5805,-108,26,90,377,4,8,56
5805,-108,47,90,377,3,9,57
5805,-108,52,90,377,4,10,57
5805,-108,30,90,377,5,8,56
5805,-108,49,90,377,5,11,57
5805,-108,56,90,377,5,10,56
5805,-108,57,90,377,5,10,57
5805,-108,41,90,377,5,10,57
5805,-108,50,90,377,5,9,57
5805,-108,57,90,377,5,10,57
5805,-108,46,90,377,5,8,57
5805,-108,54,90,377,4,11,58
5805,-108,70,90,377,4,7,56
5805,-108,71,90,377,6,11,57
5805,-108,52,90,377,3,12,58
5805,-108,48,90,377,5,8,57
5805,-108,49,90,377,5,9,58
5805,-108,37,90,377,6,10,57
5805,-108,62,90,377,4,10,56
5805,-108,48,90,377,5,11,57
5805,-108,35,90,377,4,9,57
5805,-108,59,90,377,6,9,57
5805,-108,54,90,377,5,10,57
5805,-108,43,90,377,6,12,58
5805,-108,50,90,377,6,9,58
5805,-108,39,90,377,5,9,57
5805,-108,40,90,377,4,8,55
5805,-108,54,90,377,5,9,57
5805,-108,60,90,377,5,8,57
5805,-108,44,90,377,5,8,55
5805,-108,35,90,377,4,10,57
5805,-108,61,90,377,5,10,57
5805,-108,39,90,377,5,10,56
5805,-108,42,90,377,4,10,57
5805,-108,46,89,377,5,11,57
5805,-108,46,90,377,4,10,57
5805,-108,48,90,377,5,10,57
5805,-108,67,90,377,3,10,58
5805,-108,55,90,377,4,9,57
5805,-108,48,90,377,5,9,58
5805,-108,39,90,377,4,9,57
5805,-108,58,90,377,5,9,57
5805,-108,51,90,377,4,9,57
5805,-108,51,90,377,3,12,58
5805,-108,36,90,377,4,9,57
5805,-108,34,90,377,5,10,57
5805,-108,44,90,377,6,9,58
5805,-108,49,90,377,5,9,57
5805,-108,40,90,377,4,10,57
5805,-108,44,90,377,3,9,57
5805,-108,49,90,377,5,11,57
5805,-108,50,90,377,3,10,57
5805,-108,47,90,377,5,9,57
5805,-108,51,90,377,4,8,56
5805,-108,45,90,377,4,9,57
5805,-108,50,90,377,4,12,58
5805,-108,38,90,377,3,9,57
5805,-108,47,90,377,5,9,57
5805,-108,44,90,377,5,10,57
5805,-108,46,90,377,4,8,56
5805,-108,36,90,377,5,12,58
5805,-108,53,90,377,6,11,57
5805,-108,54,90,377,3,9,57
5805,-108,53,90,377,4,10,56
5805,-108,41,90,377,5,10,56
5805,-108,36,90,377,5,8,56
5805,-108,54,90,377,5,10,58
5805,-108,46,90,377,5,10,57
5805,-108,45,90,377,4,9,57
5805,-108,50,90,377,5,10,58
5805,-108,37,90,377,5,7,56
5805,-108,62,90,377,5,10,58
5805,-108,32,90,377,5,7,56
5805,-108,35,90,377,4,9,57
5805,-108,35,90,377,5,8,56
5805,-108,31,90,377,4,7,56
5805,-108,51,90,377,4,10,57
5805,-108,45,90,377,5,9,57
5805,-108,35,90,377,4,10,57
5805,-108,49,90,377,5,11,58
5805,-108,40,90,377,5,11,58
5805,-108,39,90,377,4,9,56
5805,-108,38,90,377,5,11,57
5805,-108,56,90,377,5,10,57
5805,-108,49,90,377,5,10,56
5805,-108,32,90,377,5,11,57
5805,-108,38,90,377,5,9,57
5805,-108,48,90,377,6,10,57
5805,-108,48,90,377,5,8,56
5805,-108,39,90,377,4,10,57
5805,-108,51,90,377,5,10,57
5805,-108,25,89,378,6,8,56
5805,-108,41,90,377,6,9,57
5805,-108,45,90,377,5,11,58
5805,-108,45,90,377,5,10,57
5805,-108,42,90,377,6,10,57
5805,-108,55,90,377,6,7,57
5805,-108,38,90,377,5,11,57
5805,-108,49,90,377,4,9,56
5805,-108,45,90,377,5,8,56
5805,-108,53,90,377,4,9,57
5805,-108,29,90,377,4,10,58
5805,-108,36,90,377,4,8,56
5805,-108,46,90,377,5,9,58
5805,-108,32,90,377,5,10,58
5805,-108,32,90,377,4,9,57
5805,-108,58,90,377,5,11,58
5805,-108,63,90,377,4,9,57
5805,-108,29,90,377,5,11,57
5805,-108,47,90,377,5,11,58
5805,-108,56,90,377,6,11,56
5805,-108,29,90,377,4,8,57
5805,-108,38,90,377,5,9,57
5805,-108,49,90,377,3,9,57
5805,-108,53,90,377,5,6,56
5805,-108,45,90,377,4,9,56
5805,-108,56,90,377,3,9,57
5805,-108,35,90,377,4,8,55
5805,-108,43,90,377,5,10,57
5805,-108,53,90,377,4,10,57
5805,-108,61,90,377,5,9,56
5805,-108,50,90,377,5,8,57
5805,-108,45,90,377,4,9,57
5805,-108,48,90,377,5,9,56
5805,-108,33,90,377,4,10,57
5805,-108,60,90,377,5,9,57
5805,-108,35,90,377,5,11,57
5805,-108,39,90,377,5,9,56
5805,-108,42,90,377,5,9,56
5805,-108,53,90,377,5,10,57
5805,-108,39,90,377,5,10,57
5805,-108,42,90,377,5,7,56
5805,-108,39,90,377,4,10,57
5805,-108,32,90,377,6,12,57
5805,-108,49,90,377,5,10,58
5805,-108,41,90,377,4,8,57
5805,-108,54,90,377,6,11,57
5805,-108,33,90,377,5,9,57
5805,-108,45,90,377,6,10,57
5805,-108,58,90,377,4,12,58
5805,-108,56,90,377,5,9,57
5805,-108,35,90,377,5,8,56
5805,-108,56,90,377,5,9,57
5805,-108,39,90,377,4,9,56
5805,-108,36,90,377,4,8,56
5805,-108,50,90,377,4,10,57
5805,-108,33,90,377,5,10,58
5805,-108,46,90,377,5,8,56
5805,-108,29,90,377,5,10,57
5805,-108,45,90,377,2,9,57
5805,-108,51,90,377,5,9,56
5805,-108,44,90,377,5,9,57
5805,-108,48,90,377,5,10,57
5805,-108,54,90,377,6,10,57
5805,-108,54,90,377,3,11,58
5805,-108,79,90,377,5,9,58
5805,-108,50,90,377,6,8,57
5805,-108,41,90,377,4,8,57
5805,-108,48,90,377,5,9,57
5805,-108,38,90,377,4,9,57
5805,-108,45,90,377,3,10,57
5805,-108,56,90,377,4,9,58
5805,-108,39,90,377,5,10,57
5805,-108,56,90,377,5,10,58
5805,-108,40,90,377,5,8,56
5805,-108,38,90,377,3,10,57
5805,-108,43,90,377,5,10,57
5805,-108,34,90,377,5,10,57
5805,-108,49,90,377,5,12,58
5805,-108,60,90,377,4,10,57
5805,-108,40,90,377,5,12,58
5805,-108,44,90,377,4,9,57
5805,-108,47,90,377,4,9,57
5805,-108,38,90,377,4,9,57
5805,-108,43,90,377,5,9,57
5805,-108,47,90,377,5,8,56
5805,-108,59,90,377,5,9,57
5805,-108,46,90,377,5,9,57
5805,-108,39,90,377,3,10,57
5805,-108,41,90,377,6,8,56
5805,-108,41,90,377,5,10,57
5805,-108,53,90,377,3,9,57
5805,-108,43,90,377,4,11,57
5805,-108,60,90,377,4,9,57
5805,-108,38,90,377,4,9,56
5805,-108,29,90,377,5,11,57
5805,-108,55,90,377,5,7,55
5805,-108,46,90,377,6,9,57
5805,-108,44,90,377,5,9,57
5805,-108,36,90,377,5,11,58
5805,-108,46,90,377,5,9,56
5805,-108,42,90,377,5,11,58
5805,-108,62,90,377,6,11,58
5805,-108,41,90,377,4,10,58
5805,-108,37,90,377,3,9,57
5805,-108,49,90,377,3,9,57
5805,-108,38,90,377,4,10,57
5805,-108,61,90,377,5,8,57
5805,-108,48,90,377,3,9,57
5805,-108,51,89,377,6,10,57
5805,-108,48,90,377,6,9,57
5805,-108,54,90,377,5,11,57
5805,-108,37,90,377,4,9,57
5805,-108,58,90,377,5,9,57
5805,-108,54,90,377,6,10,57
5805,-108,50,90,377,4,9,57
5805,-108,34,90,377,6,9,57
5805,-108,46,90,377,4,10,58
5805,-108,58,90,377,5,9,57
5805,-108,49,90,377,4,10,57
5805,-108,52,90,377,4,9,56
5805,-108,51,90,377,4,9,58
5805,-108,53,90,377,6,9,57
5805,-108,52,90,377,4,8,58
5805,-108,46,90,377,5,9,57
5805,-108,56,90,377,5,10,58
5805,-108,53,90,377,5,8,57
5805,-108,36,90,377,5,9,57
5805,-108,41,90,377,5,10,57
5805,-108,43,90,377,4,7,56
5805,-108,64,90,377,5,8,57
5805,-108,37,90,377,5,9,57
5805,-108,45,90,377,4,10,57
5805,-108,64,90,377,6,10,57
5805,-108,45,90,377,4,10,56
5805,-108,51,89,377,6,8,56
5805,-108,44,90,377,4,9,56
5805,-108,43,90,377,5,10,58
5805,-108,47,90,377,4,9,57
5805,-108,53,90,377,4,9,58
5805,-108,27,90,377,4,8,56
5805,-108,32,90,377,4,10,57
5805,-108,33,90,377,4,9,57
5805,-108,42,90,377,4,11,57
5805,-108,36,90,377,5,10,57
5805,-108,44,90,377,4,10,57
5805,-108,48,90,377,5,10,57
5805,-108,57,90,377,4,12,59
5805,-108,51,90,377,4,10,57
5805,-108,41,90,377,5,10,56
5805,-108,46,90,377,6,8,56
5805,-108,62,90,377,6,10,57
5805,-108,33,90,377,6,9,56
5805,-108,54,90,377,4,10,57
5805,-108,62,90,377,5,11,58
5805,-108,34,90,377,4,11,57
5805,-108,37,90,377,5,9,57
5805,-108,58,90,377,5,9,57
5805,-108,54,90,377,5,9,57
5805,-108,50,90,377,3,10,58
5805,-108,32,90,377,4,9,57
5805,-108,35,90,377,5,9,57
5805,-108,38,90,377,5,10,57
5805,-108,33,90,377,4,9,57
5805,-108,43,90,377,4,10,58
5805,-108,31,90,377,6,9,56
5805,-108,41,90,377,5,10,58
5805,-108,48,90,377,5,11,58
5805,-108,59,90,377,6,9,57
5805,-108,57,90,377,5,9,57
5805,-108,54,90,377,4,11,58
5805,-108,30,90,377,4,9,56
5805,-108,49,90,377,6,9,57
5805,-108,32,90,377,5,9,56
5805,-108,62,90,377,4,9,57
5805,-108,55,90,377,3,9,57
5805,-108,55,90,377,5,11,58
5805,-108,45,90,377,6,10,57
5805,-108,45,90,377,4,9,57
5805,-108,39,90,377,6,7,57
5805,-108,36,90,377,5,10,57
5805,-108,49,90,377,3,10,57
5805,-108,56,90,377,5,9,57
5805,-108,54,90,377,5,9,57
5805,-108,27,90,377,5,10,57
5805,-108,57,90,377,4,9,57
5805,-108,37,89,377,5,9,56
5805,-108,45,90,377,3,10,57
5805,-108,34,90,377,5,7,56
5805,-108,42,90,377,4,9,57
5805,-108,42,90,377,4,7,57
5805,-108,42,90,377,5,9,57
5805,-108,47,90,377,5,8,57
5805,-108,37,89,378,5,9,56
5805,-108,41,90,377,5,9,57
5805,-108,50,90,377,5,10,57
5805,-108,46,90,377,4,10,57
5805,-108,36,90,377,4,10,57
5805,-108,38,90,377,4,9,57
5805,-108,56,90,377,6,10,57
5805,-108,50,90,377,6,9,57
5805,-108,35,90,377,5,11,58
5805,-108,65,90,377,4,9,57
5805,-108,53,90,377,4,9,57
5805,-108,51,90,377,5,8,58
5805,-108,43,90,377,4,8,56
5805,-108,59,90,377,5,9,56
5805,-108,43,90,377,6,9,57
5805,-108,38,90,377,5,9,57
5805,-108,41,90,377,5,10,57
5805,-108,61,90,377,6,9,57
5805,-108,38,90,377,5,9,57
5805,-108,68,90,377,4,11,57
5805,-108,37,90,377,5,10,58
5805,-108,44,90,377,5,10,57
5805,-108,59,90,377,6,9,57
5805,-108,34,90,377,5,9,56
5805,-108,54,90,377,5,10,57
5805,-108,40,90,377,4,10,57
5805,-108,38,90,377,4,9,57
5805,-108,37,90,377,6,11,57
5805,-108,45,90,377,5,9,57
5805,-108,27,90,377,4,10,57
5805,-108,47,90,377,5,10,57
5805,-108,34,90,377,4,9,56
5805,-108,39,90,377,4,9,56
5805,-108,49,90,377,4,9,57
5805,-108,43,90,377,5,10,57
5805,-108,34,90,377,5,10,57
5805,-108,46,90,377,5,11,57
5805,-108,48,90,377,3,9,56
5805,-108,38,90,377,5,10,57
5805,-108,55,90,377,4,10,58
5805,-108,36,90,377,4,10,57
5805,-108,43,90,377,4,8,57
5805,-108,45,90,377,5,10,58
5805,-108,42,90,377,5,9,57
5805,-108,38,90,377,4,10,57
5805,-108,36,90,377,5,9,57
5805,-108,31,90,377,5,9,57
5805,-108,61,90,377,5,9,57
5805,-108,51,90,377,4,9,57
5805,-108,53,90,377,5,10,57
5805,-108,46,90,377,5,10,57
5805,-108,34,90,377,6,10,57
5805,-108,42,90,377,4,11,57
5805,-108,48,90,377,4,9,56
5805,-108,38,90,377,5,10,57
5805,-108,43,90,377,4,11,57
5805,-108,36,90,377,5,10,57
5805,-108,38,90,377,5,11,58
5805,-108,53,89,377,6,8,56
5805,-108,44,90,377,5,9,57
5805,-108,41,90,377,5,9,57
5805,-108,54,90,377,6,10,58
5805,-108,71,90,377,5,9,57
5805,-108,47,90,377,5,10,57
5805,-108,40,90,377,3,8,57
5805,-108,44,90,377,5,10,57
5805,-108,65,90,377,5,10,57
5805,-108,41,90,377,4,9,56
5805,-108,50,90,377,5,10,58
5805,-108,29,90,377,6,7,56
5805,-108,51,90,377,5,8,57
5805,-108,55,90,377,5,9,57
5805,-108,39,90,377,5,10,58
5805,-108,45,90,377,4,11,57
5805,-108,59,90,377,4,9,57
5805,-108,47,90,377,3,11,57
5805,-108,30,90,377,5,10,57
5805,-108,56,90,377,6,11,58
5805,-108,30,90,377,4,10,57
5805,-108,71,90,377,4,8,56
5805,-108,36,90,377,5,10,57
5805,-108,32,90,377,5,8,56
5805,-108,55,90,377,5,10,57
5805,-108,45,90,377,5,10,57
5805,-108,49,90,377,2,10,57
5805,-108,48,90,377,6,8,57
5805,-108,59,90,377,4,9,57
5805,-108,63,90,377,6,10,58
5805,-108,57,90,377,5,9,57
5805,-108,54,90,377,4,9,57
5805,-108,49,90,377,5,11,57
5805,-108,27,90,377,4,8,56
5805,-108,67,90,377,5,10,57
5805,-108,54,90,377,5,13,58
5805,-108,33,90,377,5,12,58
5805,-108,62,90,377,4,10,57
5805,-108,49,90,377,4,8,56
5805,-108,42,90,377,5,9,57
5805,-108,36,90,377,5,9,57
5805,-108,40,90,377,4,11,57
5805,-108,75,90,377,5,9,57
5805,-108,58,90,377,4,10,58
5805,-108,71,90,377,4,10,57
5805,-108,45,90,377,5,8,56
5805,-108,58,90,377,6,7,57
5805,-108,55,90,377,5,9,57
5805,-108,51,90,377,4,9,57
5805,-108,38,90,377,5,9,56
5805,-108,41,90,377,5,10,57
5805,-108,44,90,377,4,11,57
5805,-108,42,90,377,4,12,58
5805,-108,48,90,377,4,7,56
5805,-108,54,89,377,4,10,56
5805,-108,59,90,377,4,9,58
5805,-108,51,90,377,5,9,57
5805,-108,49,90,377,4,10,57
5805,-108,63,90,377,5,9,57
5805,-108,54,90,377,6,9,56
5805,-108,38,90,377,5,10,57
5805,-108,46,90,377,5,9,57
5805,-108,60,90,377,5,9,57
5805,-108,46,90,377,5,11,57
5805,-108,57,90,377,5,11,58
5805,-108,52,90,377,4,11,57
5805,-108,38,90,377,6,9,57
5805,-108,48,90,377,5,12,58
5805,-108,32,90,377,5,9,56
5805,-108,35,90,377,3,10,57
5805,-108,36,90,377,5,8,57
5805,-108,50,90,377,5,10,58
5805,-108,49,90,377,4,9,57
5805,-108,54,90,377,3,10,57
5805,-108,49,90,377,4,9,57
5805,-108,38,90,377,5,9,57
5805,-108,52,90,377,4,9,58
5805,-108,34,90,377,4,10,56
5805,-108,59,90,377,4,8,56
5805,-108,45,90,377,4,8,57
5805,-108,46,90,377,5,9,57
5805,-108,52,90,377,5,9,57
5805,-108,40,90,377,4,10,57
5805,-108,36,90,377,5,11,57
5805,-108,55,90,377,4,8,57
5805,-108,55,90,377,4,9,57
5805,-108,51,90,377,6,10,57
5805,-108,46,90,377,6,10,57
5805,-108,40,90,377,5,10,57
5805,-108,47,90,377,5,9,57
5805,-108,53,90,377,4,7,57
5805,-108,53,90,377,5,9,56
5805,-108,49,90,377,5,11,58
5805,-108,42,90,377,5,9,57
5805,-108,44,90,377,6,10,58
5805,-108,48,90,377,3,10,58
5805,-108,38,90,377,4,11,57
5805,-108,41,90,377,3,9,57
5805,-108,49,90,377,5,11,57
5805,-108,43,90,377,5,8,58
5805,-108,41,90,377,4,8,56
5805,-108,52,90,377,6,9,57
5805,-108,43,90,377,5,9,57
5805,-108,55,90,377,4,8,56
5805,-108,33,90,377,6,9,57
5805,-108,42,90,377,5,8,56
5805,-108,46,90,377,6,11,57
5805,-108,57,90,377,4,11,58
5805,-108,32,90,377,4,9,56
5805,-108,41,89,377,5,10,56
5805,-108,45,90,377,5,8,56
5805,-108,48,90,377,5,9,57
5805,-108,45,90,377,4,11,57
5805,-108,45,90,377,4,9,57
5805,-108,44,90,377,6,10,58
5805,-108,47,90,377,5,11,57
5805,-108,34,90,377,4,11,57
5805,-108,49,90,377,3,11,58
5805,-108,47,90,377,6,12,58
5805,-108,48,90,377,5,9,57
5805,-108,39,90,377,5,9,57
5805,-108,47,90,377,5,8,56
5805,-108,51,90,377,5,10,57
5805,-108,51,90,377,5,9,57
5805,-108,35,90,377,3,10,57
5805,-108,57,90,377,5,9,56
5805,-108,35,90,377,5,8,56
5805,-108,42,90,377,5,11,58
5805,-108,58,90,377,3,9,56
5805,-108,56,90,377,6,9,57
5805,-108,36,90,377,6,10,57
5805,-108,54,90,377,5,8,56
5805,-108,46,90,377,6,10,57
5805,-108,40,90,377,5,9,56
5805,-108,43,89,377,6,9,57
5805,-108,42,90,377,4,9,56
5805,-108,31,90,377,4,10,57
5805,-108,43,90,377,5,10,56
5805,-108,50,90,377,4,10,58
5805,-108,37,90,377,5,9,57
5805,-108,48,90,377,6,10,57
5805,-108,57,90,377,4,10,57
5805,-108,43,90,377,5,10,57
5805,-108,49,90,377,5,9,57
5805,-108,42,90,377,4,10,57
5805,-108,39,90,377,5,9,57
5805,-108,53,90,377,6,9,57
5805,-108,30,90,377,5,10,56
5805,-108,37,90,377,4,11,56
5805,-108,49,90,377,5,9,57
5805,-108,57,90,377,3,9,57
5805,-108,59,90,377,4,10,57
5805,-108,43,90,377,6,9,57
5805,-108,41,90,377,4,9,57
5805,-108,44,90,377,4,10,57
5805,-108,46,90,377,4,10,56
5805,-108,47,90,377,4,10,58
5805,-108,48,90,377,6,9,57
5805,-108,54,90,377,3,8,57
5805,-108,37,90,377,5,11,57
5805,-108,44,90,377,5,9,57
5805,-108,50,90,377,5,10,58
5805,-108,56,90,377,5,10,57
5805,-108,60,90,377,5,9,57
5805,-108,51,90,377,3,11,58
5805,-108,55,90,377,3,8,57
5805,-108,56,90,377,5,10,58
5805,-108,54,90,377,5,9,57
5805,-108,36,90,377,5,9,58
5805,-108,45,90,377,5,10,57
5805,-108,48,90,377,5,10,57
5805,-108,50,90,377,5,9,57
5805,-108,52,90,377,4,11,58
5805,-108,49,90,377,4,10,57
5805,-108,40,90,377,4,9,57
5805,-108,53,90,377,5,9,57
5805,-108,50,90,377,4,10,57
5805,-108,43,90,377,5,10,58
5805,-108,60,90,377,5,11,57
5805,-108,37,90,377,5,9,57
5805,-108,44,90,377,4,11,57
5805,-108,37,89,377,5,9,55
5805,-108,56,90,377,5,11,58
5805,-108,43,90,377,5,9,57
5805,-108,48,90,377,6,10,57
5805,-108,38,90,377,4,10,57
5805,-108,53,90,377,5,9,58
5805,-108,47,90,377,3,9,58
5805,-108,59,90,377,4,9,57
5805,-108,45,90,377,5,9,58
5805,-108,42,90,377,4,9,57
5805,-108,55,90,377,5,9,58
5805,-108,43,90,377,4,11,58
5805,-108,60,90,377,5,11,57
5805,-108,44,90,377,4,9,57
5805,-108,59,90,377,4,8,56
5805,-108,44,90,377,5,10,57
5805,-108,55,90,377,4,10,57
5805,-108,37,90,377,4,10,57
5805,-108,49,90,377,5,11,58
5805,-108,42,90,377,5,8,55
5805,-108,42,90,377,4,9,57
5805,-108,49,90,377,3,10,57
5805,-108,35,89,377,5,11,57
5805,-108,34,90,377,5,9,57
5805,-108,37,90,377,6,10,56
5805,-108,38,90,377,5,9,57
5805,-108,45,90,377,4,9,57
5805,-108,51,90,377,5,12,57
5805,-108,66,90,377,5,9,58
5805,-108,34,90,377,5,8,56
5805,-108,54,90,377,4,9,57
5805,-108,28,90,377,5,7,55
5805,-108,61,90,377,4,9,56
5805,-108,48,90,377,7,9,57
5805,-108,38,89,377,6,8,56
5805,-108,47,90,377,5,8,57
5805,-108,48,90,377,4,10,58
5805,-108,53,90,377,3,7,56
5805,-108,42,90,377,4,9,57
5805,-108,51,90,377,5,9,57
5805,-108,54,90,377,4,9,57
5805,-108,53,90,377,4,10,57
5805,-108,36,90,377,4,11,57
5805,-108,63,90,377,4,9,58
5805,-108,58,90,377,4,8,56
5805,-108,54,90,377,5,11,57
5805,-108,43,90,377,4,10,58
5805,-108,47,90,377,5,7,57
5805,-108,42,90,377,5,10,57
5805,-108,43,90,377,4,9,57
5805,-108,48,90,377,4,10,57
5805,-108,56,90,377,4,9,57
5805,-108,48,90,377,4,9,58
5805,-108,41,90,377,5,11,58
5805,-108,38,90,377,5,8,57
5805,-108,36,90,377,4,9,56
5805,-108,36,90,377,6,8,56
5805,-108,53,90,377,6,11,58
5805,-108,35,90,377,5,8,57
5805,-108,45,90,377,5,9,57
5805,-108,43,90,377,5,10,57
5805,-108,41,90,377,5,10,58
5805,-108,43,90,377,5,9,57
5805,-108,41,90,377,5,8,56
5805,-108,34,90,377,7,9,57
5805,-108,52,90,377,4,9,57
5805,-108,32,90,377,4,10,57
5805,-108,58,90,377,6,9,57
5805,-108,44,90,377,5,11,57
5805,-108,66,90,377,5,11,58
5805,-108,55,90,377,4,11,57
5805,-108,50,90,377,5,10,57
5805,-108,46,90,377,5,9,56
5805,-108,51,90,377,5,10,57
5805,-108,37,90,377,5,10,58
5805,-108,34,90,377,7,9,57
5805,-108,53,90,377,4,10,57
5805,-108,49,90,377,6,10,58
5805,-108,54,90,377,5,11,57
5805,-108,57,90,377,2,11,56
5805,-108,37,90,377,5,10,57
5805,-108,29,90,377,5,7,54
5805,-108,43,90,377,4,8,56
5805,-108,68,90,377,5,9,57
5805,-108,36,90,377,4,9,57
5805,-108,55,90,377,4,9,57
5805,-108,33,90,377,4,10,57
5805,-108,49,90,377,7,7,56
5805,-108,50,90,377,5,10,57
5805,-108,58,90,377,5,9,58
5805,-108,51,90,377,5,9,57
5805,-108,54,90,377,5,8,57
5805,-108,54,90,377,5,9,57
5805,-108,62,90,377,3,10,57
5805,-108,41,90,377,4,9,57
5805,-108,54,90,377,5,10,57
5805,-108,33,90,377,5,12,57
5805,-108,49,90,377,5,9,57
5805,-108,43,90,377,5,10,58
5805,-108,50,90,377,4,10,57
5805,-108,60,90,377,4,12,58
5805,-108,40,90,377,4,10,57
5805,-108,53,90,377,4,9,57
5805,-108,50,90,377,4,10,57
5805,-108,58,90,377,5,10,56
5805,-108,45,90,377,3,10,57
5805,-108,47,90,377,6,8,56
5805,-108,52,90,377,4,9,57
5805,-108,32,90,377,3,9,57
5805,-108,28,90,377,5,10,58
5805,-108,50,90,377,5,10,58
5805,-108,52,90,377,4,8,56
5805,-108,40,90,377,6,10,56
5805,-108,42,90,377,5,9,57
5805,-108,44,90,377,5,10,57
5805,-108,48,90,377,5,9,57
5805,-108,38,90,377,5,9,57
5805,-108,46,90,377,4,10,57
5805,-108,71,90,377,5,10,58
5805,-108,43,90,377,4,9,57
5805,-108,39,90,377,4,9,57
5805,-108,41,90,377,3,9,57
5805,-108,37,90,377,4,10,57
5805,-108,51,90,377,5,11,57
5805,-108,68,90,377,5,9,58
5805,-108,54,90,377,6,10,56
5805,-108,55,90,377,4,9,57
5805,-108,50,90,377,5,10,57
5805,-108,53,90,377,4,11,57
5805,-108,42,90,377,6,11,58
5805,-108,42,90,377,6,9,57
5805,-108,56,90,377,4,10,58
5805,-108,39,90,377,4,8,56
5805,-108,51,90,377,3,8,57
5805,-108,49,90,377,4,11,57
5805,-108,34,90,377,6,9,57
5805,-108,42,90,377,4,8,57
5805,-108,41,90,377,5,9,56
5805,-108,56,90,377,5,9,56
5805,-108,47,90,377,5,9,57
5805,-108,39,89,377,6,8,55
5805,-108,48,90,377,4,9,57
5805,-108,43,90,377,5,11,58
5805,-108,41,90,377,4,12,57
5805,-108,47,90,377,4,10,57
5805,-108,47,90,377,5,9,57
5805,-108,49,90,377,6,9,56
5805,-108,35,90,377,7,8,57
5805,-108,33,90,377,6,9,57
5805,-108,39,90,377,5,9,57
5805,-108,43,90,377,5,11,58
5805,-108,43,90,377,6,9,57
5805,-108,48,90,377,4,8,57
5805,-108,50,90,377,3,10,57
5805,-108,59,90,377,6,7,56
5805,-108,63,90,377,5,9,57
5805,-108,54,90,377,5,8,56
5805,-108,41,90,377,6,10,58
5805,-108,31,90,377,6,10,57
5805,-108,36,90,377,5,11,57
5805,-108,39,90,377,5,11,58
5805,-108,52,90,377,4,11,58
5805,-108,42,90,377,3,11,58
5805,-108,36,90,377,3,9,57
5805,-108,34,90,377,6,7,56
5805,-108,41,90,377,6,10,57
5805,-108,30,90,377,4,11,57
5805,-108,43,90,377,5,10,57
5805,-108,55,90,377,5,10,57
5805,-108,48,90,377,5,9,57
5805,-108,43,90,377,5,9,56
5805,-108,46,89,378,6,9,56
5805,-108,55,90,377,5,10,57
5805,-108,77,90,377,6,11,58
5805,-108,47,90,377,5,10,58
5805,-108,35,90,377,3,8,56
5805,-108,37,90,377,4,10,57
5805,-108,49,90,377,6,9,57
5805,-108,41,90,377,6,9,56
5805,-108,35,90,377,5,9,57
5805,-108,43,90,377,6,10,57
5805,-108,57,90,377,5,9,56
5805,-108,61,90,377,5,9,57
5805,-108,35,90,377,4,10,58
5805,-108,40,90,377,3,8,57
5805,-108,52,90,377,6,10,57
5805,-108,46,90,377,6,10,58
5805,-108,44,90,377,5,10,57
5805,-108,41,90,377,6,9,57
5805,-108,49,90,377,4,8,57
5805,-108,32,90,377,5,9,55
5805,-108,36,90,377,6,10,57
5805,-108,52,90,377,5,11,57
5805,-108,50,90,377,4,9,57
5805,-108,46,90,377,5,10,57
5805,-108,47,90,377,5,8,56
5805,-108,36,90,377,5,11,58
5805,-108,60,90,377,4,10,58
5805,-108,50,90,377,4,10,57
5805,-108,62,90,377,3,9,57
5805,-108,57,90,377,4,10,58
5805,-108,37,90,377,6,12,58
5805,-108,47,90,377,4,11,57
5805,-108,51,90,377,4,9,57
5805,-108,55,90,377,5,6,56
5805,-108,51,90,377,4,10,57
5805,-108,38,90,377,6,9,57
5805,-108,40,89,377,5,10,57
5805,-108,45,90,377,4,8,57
5805,-108,30,90,377,5,9,57
5805,-108,39,90,377,5,9,57
5805,-108,40,90,377,4,11,57
5805,-108,52,90,377,6,10,58
5805,-108,30,90,377,4,11,57
5805,-108,33,90,377,5,6,55
5805,-108,46,90,377,5,10,58
5805,-108,56,90,377,4,10,57
5805,-108,51,90,377,4,10,57
5805,-108,39,90,377,4,10,58
5805,-108,47,90,377,4,9,56
5805,-108,63,90,377,5,11,57
5805,-108,43,90,377,4,9,56
5805,-108,33,90,377,4,9,57
5805,-108,37,90,377,4,9,57
5805,-108,56,90,377,4,10,57
5805,-108,55,90,377,4,9,57
5805,-108,51,90,377,4,9,57
5805,-108,34,90,377,6,10,57
5805,-108,35,90,377,4,9,58
5805,-108,49,90,377,4,8,57
5805,-108,67,90,377,6,7,57
5805,-108,36,90,377,5,9,57
5805,-108,53,90,377,4,10,58
5805,-108,31,90,377,5,8,56
5805,-108,27,90,377,4,10,57
5805,-108,36,90,377,5,8,57
5805,-108,38,90,377,6,9,57
5805,-108,41,90,377,5,9,57
5805,-108,50,90,377,5,11,57
5805,-108,40,89,377,6,7,56
5805,-108,55,90,377,4,10,57
5805,-108,50,90,377,4,11,58
5805,-108,51,90,377,4,9,58
5805,-108,38,90,377,4,9,57
5805,-108,30,90,377,5,9,57
5805,-108,55,90,377,4,11,57
5805,-108,56,90,377,5,10,57
5805,-108,53,90,377,5,9,56
5805,-108,47,90,377,3,9,57
5805,-108,40,90,377,6,10,57
5805,-108,47,90,377,4,10,57
5805,-108,28,90,377,3,9,57
5805,-108,32,90,377,4,9,56
5805,-108,51,90,377,5,10,58
5805,-108,37,90,377,4,10,58
5805,-108,44,90,377,6,10,57
5805,-108,51,90,377,3,7,56
5805,-108,31,90,377,5,10,57
5805,-108,30,90,377,5,9,56
5805,-108,31,90,377,3,9,57
5805,-108,44,90,377,6,10,57
5805,-108,37,90,377,4,9,57
5805,-108,47,90,377,5,9,57
5805,-108,36,90,377,5,8,57
5805,-108,49,90,377,4,10,56
5805,-108,38,90,377,5,12,58
5805,-108,26,90,377,4,7,55
5805,-108,34,90,377,5,11,57
5805,-108,44,90,377,6,9,57
5805,-108,39,90,377,5,10,57
5805,-108,47,90,377,5,9,57
5805,-108,38,90,377,3,9,57
5805,-108,33,90,377,4,10,57
5805,-108,37,90,377,3,10,57
5805,-108,36,90,377,5,10,57
5805,-108,61,90,377,5,9,57
5805,-108,52,90,377,5,11,58
5805,-108,41,90,377,5,9,57
5805,-108,45,90,377,4,9,57
5805,-108,47,90,377,5,10,57
5805,-108,41,90,377,4,11,57
5805,-108,41,90,377,4,9,56
5805,-108,39,90,377,4,11,57
5805,-108,47,90,377,6,9,57
5805,-108,38,90,377,5,10,57
5805,-108,58,90,377,6,8,57
5805,-108,45,90,377,5,10,57
5805,-108,52,90,377,4,8,57
5805,-108,33,90,377,5,9,57
5805,-108,29,90,377,5,9,56
5805,-108,29,90,377,5,9,56
5805,-108,29,90,377,4,10,57
5805,-108,40,90,377,4,9,58
5805,-108,37,90,377,4,8,57
5805,-108,40,90,377,4,11,58
5805,-108,44,90,377,6,12,58
5805,-108,32,90,377,3,12,57
5805,-108,49,90,377,4,11,57
5805,-108,37,90,377,4,11,58
5805,-108,57,90,377,4,10,58
5805,-108,52,90,377,5,9,56
5805,-108,48,90,377,4,9,57
5805,-108,42,90,377,4,9,57
5805,-108,46,90,377,4,11,58
5805,-108,50,90,377,5,9,56
5805,-108,46,90,377,4,9,57
5805,-108,49,90,377,5,9,57
5805,-108,41,90,377,5,8,57
5805,-108,39,90,377,4,10,57
5805,-108,55,90,377,5,8,57
5805,-108,39,89,377,5,9,56
5805,-108,46,90,377,5,9,57
5805,-108,41,90,377,5,10,57
5805,-108,38,90,377,6,11,58
5805,-108,37,90,377,4,10,58
5805,-108,47,90,377,6,8,56
5805,-108,50,90,377,6,10,58
5805,-108,52,90,377,3,9,56
5805,-108,49,90,377,5,9,57
5805,-108,39,90,377,6,8,57
5805,-108,46,90,377,4,9,58
5805,-108,42,90,377,5,9,57
5805,-108,31,90,377,4,10,57
5805,-108,55,90,377,4,9,57
5805,-108,34,90,377,5,10,58
5805,-108,40,90,377,5,8,57
5805,-108,41,90,377,5,9,57
5805,-108,33,90,377,4,9,56
5805,-108,44,90,377,5,8,57
5805,-108,28,90,377,3,9,57
5805,-108,61,90,377,4,10,58
5805,-108,40,90,377,5,10,58
5805,-108,52,90,377,5,8,57
5805,-108,47,90,377,4,8,57
5805,-108,50,90,377,6,10,57
5805,-108,45,89,377,6,8,56
5805,-108,47,90,377,5,9,57
5805,-108,42,90,377,4,9,57
5805,-108,44,90,377,3,9,57
5805,-108,44,90,377,3,9,57
5805,-108,47,90,377,3,9,56
5805,-108,45,90,377,5,9,57
5805,-108,38,90,377,6,9,56
5805,-108,32,90,377,5,10,57
5805,-108,31,90,377,5,7,57
5805,-108,74,90,377,9,13,62
5805,-108,38,87,379,7,9,55
5805,-108,45,87,379,4,8,54
5805,-108,42,87,379,6,9,54
5805,-108,54,87,379,4,10,55
5805,-108,36,87,379,4,7,54
5805,-108,37,87,379,5,8,55
5805,-108,49,87,379,4,11,56
5805,-108,55,87,379,4,9,54
5805,-108,47,87,379,4,11,56
5805,-108,54,87,379,4,10,54
5805,-108,50,87,379,4,9,56
5805,-108,41,87,379,5,7,54
5805,-108,35,87,379,6,7,54
5805,-108,40,87,379,4,9,55
5805,-108,57,87,379,4,10,55
5805,-108,42,87,379,5,8,55
5805,-108,71,87,379,4,9,55
5805,-108,39,87,379,5,8,54
5805,-108,30,87,379,4,11,55
5805,-108,42,87,379,4,9,54
5805,-108,55,87,379,4,9,55
5805,-108,60,87,379,5,10,56
5805,-108,39,87,379,4,8,55
5805,-108,48,87,379,4,9,54
5805,-108,44,87,379,4,9,55
5805,-108,43,87,379,5,9,55
5805,-108,48,87,379,5,7,54
5805,-108,46,87,379,6,10,55
5805,-108,55,87,379,6,10,56
5805,-108,27,87,379,4,11,56
5805,-108,48,87,379,4,8,55
5805,-108,42,87,379,4,10,54
5805,-108,48,87,379,6,9,55
5805,-108,26,87,379,4,10,56
5805,-108,46,87,379,4,8,55
5805,-108,53,87,379,5,9,56
5805,-108,52,87,379,5,11,56
5805,-108,45,87,379,2,11,55
5805,-108,49,87,379,4,9,54
5805,-108,52,87,379,5,10,56
5805,-108,59,87,379,4,9,56
5805,-108,54,87,379,5,7,55
5805,-108,51,87,379,5,9,55
5805,-108,52,87,379,4,10,56
5805,-108,36,87,379,5,9,54
5805,-108,51,87,379,5,8,55
5805,-108,55,87,379,4,9,55
5805,-108,43,87,379,4,9,54
5805,-108,43,87,379,4,7,54
5805,-108,38,87,379,5,9,55
5805,-108,39,87,379,6,9,54
5805,-108,36,87,379,5,10,54
5805,-108,44,87,379,4,8,55
5805,-108,59,87,379,4,9,56
5805,-108,69,87,379,5,9,56
5805,-108,45,87,379,3,8,54
5805,-108,38,87,379,5,9,55
5805,-108,47,87,379,5,11,56
5805,-108,51,87,379,5,10,54
5805,-108,50,87,379,6,9,56
5805,-108,50,87,379,4,11,55
5805,-108,46,87,379,4,10,55
5805,-108,47,87,379,3,9,55
5805,-108,39,87,379,5,10,54
5805,-108,38,87,379,5,9,55
5805,-108,49,87,379,5,9,55
5805,-108,40,87,379,5,10,55
5805,-108,44,87,379,4,9,55
5805,-108,51,87,379,4,9,56
5805,-108,47,87,379,5,10,56
5805,-108,61,87,379,5,9,55
5805,-108,47,87,379,3,9,55
5805,-108,45,87,379,5,9,55
5805,-108,64,87,379,5,9,55
5805,-108,49,87,379,4,10,54
5805,-108,30,87,379,3,9,54
5805,-108,57,87,379,4,9,55
5805,-108,43,87,379,4,9,55
5805,-108,44,87,379,5,9,55
5805,-108,48,87,379,3,8,54
5805,-108,55,87,379,5,9,55
5805,-108,58,87,379,4,10,56
5805,-108,54,87,379,2,9,56
5805,-108,54,87,379,5,8,55
5805,-108,41,87,379,4,8,54
5805,-108,45,87,379,6,10,55
5805,-108,53,87,379,5,8,55
5805,-108,47,87,379,5,10,55
5805,-108,36,87,379,4,9,56
5805,-108,41,87,379,5,9,55
5805,-108,49,87,379,4,10,56
5805,-108,52,87,379,4,10,55
5805,-108,39,87,379,5,10,55
5805,-108,56,87,379,5,10,56
5805,-108,54,87,379,3,9,54
5805,-108,65,87,379,5,8,54
5805,-108,39,87,379,4,10,55
5805,-108,55,87,379,5,8,54
5805,-108,44,87,379,4,11,56
5805,-108,37,87,379,4,9,55
5805,-108,47,87,379,5,11,56
5805,-108,44,87,379,4,10,54
5805,-108,63,87,379,3,7,54
5805,-108,57,87,379,5,8,55
5805,-108,51,87,379,4,8,55
5805,-108,41,87,379,3,7,53
5805,-108,47,87,379,5,9,55
5805,-108,31,87,379,4,9,54
5805,-108,37,87,379,5,7,54
5805,-108,39,87,379,5,11,56
5805,-108,44,87,379,4,9,55
5805,-108,41,87,379,5,9,55
5805,-108,47,87,379,5,10,55
5805,-108,60,87,379,4,8,55
5805,-108,38,87,379,5,9,55
5805,-108,43,87,379,5,9,54
5805,-108,57,87,379,4,9,56
5805,-108,63,87,379,3,11,56
5805,-108,44,87,379,5,9,55
5805,-108,44,87,379,5,8,55
5805,-108,43,87,379,5,9,55
5805,-108,50,87,379,5,9,55
5805,-108,41,87,379,4,8,54
5805,-108,49,87,379,4,9,55
5805,-108,49,87,379,5,9,56
5805,-108,54,87,379,4,12,56
5805,-108,40,87,379,5,10,55
5805,-108,45,87,379,6,8,55
5805,-108,63,87,379,5,10,54
5805,-108,54,87,379,4,8,54
5805,-108,44,87,379,4,9,55
5805,-108,50,87,379,4,10,55
5805,-108,47,87,379,4,10,55
5805,-108,56,87,379,6,8,55
5805,-108,45,87,379,4,9,55
5805,-108,49,87,379,5,10,56
5805,-108,48,87,379,5,9,55
5805,-108,62,87,379,3,9,54
5805,-108,46,87,379,5,10,55
5805,-108,46,87,379,5,11,56
5805,-108,69,87,379,5,10,56
5805,-108,50,87,379,4,10,55
5805,-108,49,87,379,4,9,55
5805,-108,58,87,379,3,9,55
5805,-108,57,87,379,5,8,55
5805,-108,52,87,379,4,10,55
5805,-108,56,87,379,3,10,56
5805,-108,54,87,379,4,10,55
5805,-108,52,87,379,6,11,56
5805,-108,56,87,379,4,9,55
5805,-108,38,87,379,5,10,55
5805,-108,47,87,379,4,10,55
5805,-108,48,87,379,4,9,55
5805,-108,46,87,379,4,9,54
5805,-108,41,87,379,4,9,55
5805,-108,42,87,379,5,10,56
5805,-108,28,87,379,5,9,54
5805,-108,52,87,379,6,9,55
5805,-108,65,87,379,5,10,55
5805,-108,47,87,379,4,10,56
5805,-108,50,87,379,5,9,54
5805,-108,46,87,379,5,10,55
5805,-108,32,87,379,4,8,56
5805,-108,35,87,379,4,9,55
5805,-108,48,87,379,6,10,54
5805,-108,43,87,379,4,10,55
5805,-108,50,87,379,4,10,55
5805,-108,47,87,379,5,11,55
5805,-108,54,87,379,5,10,55
5805,-108,48,87,379,5,8,55
5805,-108,32,87,379,6,8,54
5805,-108,35,87,379,5,10,56
5805,-108,50,87,379,6,10,55
5805,-108,48,87,379,4,10,55
5805,-108,44,87,379,5,11,55
5805,-108,58,87,379,4,9,56
5805,-108,34,87,379,4,9,55
5805,-108,43,87,379,4,8,55
5805,-108,37,87,379,5,8,55
5805,-108,33,87,379,4,10,55
5805,-108,46,87,379,4,9,54
5805,-108,50,87,379,3,9,56
5805,-108,48,87,379,5,9,55
5805,-108,45,87,379,4,9,55
5805,-108,49,87,379,4,8,54
5805,-108,46,87,379,3,9,54
5805,-108,57,87,379,4,10,55
5805,-108,50,87,379,4,11,56
5805,-108,38,87,379,5,10,56
5805,-108,49,87,379,5,10,56
5805,-108,58,87,379,6,10,55
5805,-108,52,87,379,3,9,55
5805,-108,35,87,379,4,9,54
5805,-108,58,87,379,4,10,54
5805,-108,38,87,379,4,10,56
5805,-108,62,87,379,4,10,56
5805,-108,58,87,379,4,8,54
5805,-108,45,87,379,3,9,55
5805,-108,35,87,379,5,10,56
5805,-108,45,87,379,4,10,55
5805,-108,42,87,379,4,9,54
5805,-108,38,87,379,5,9,55
5805,-108,53,87,379,4,9,56
5805,-108,50,87,379,5,9,54
5805,-108,61,87,379,6,9,55
5805,-108,49,87,379,4,9,56
5805,-108,70,87,379,5,10,56
5805,-108,42,87,379,4,9,55
5805,-108,53,87,379,5,8,55
5805,-108,51,87,379,5,9,55
5805,-108,43,87,379,3,10,55
5805,-108,64,87,379,5,9,55
5805,-108,53,87,379,3,10,56
5805,-108,41,87,379,5,10,56
5805,-108,51,87,379,5,11,55
5805,-108,51,87,379,5,9,56
5805,-108,43,87,379,6,9,55
5805,-108,46,87,379,5,9,56
5805,-108,39,87,379,4,9,55
5805,-108,53,87,379,5,9,55
5805,-108,52,87,379,4,9,55
5805,-108,37,87,379,4,9,54
5805,-108,53,87,379,4,7,55
5805,-108,62,87,379,5,11,56
5805,-108,32,87,379,4,10,55
5805,-108,39,87,379,6,9,54
5805,-108,37,87,379,4,9,55
5805,-108,42,87,379,3,9,54
5805,-108,54,87,379,5,9,54
5805,-108,54,87,379,4,10,56
5805,-108,45,87,379,4,11,55
5805,-108,46,87,379,3,9,55
5805,-108,48,87,379,5,11,55
5805,-108,46,87,379,4,10,56
5805,-108,68,87,379,5,10,55
5805,-108,58,87,379,5,11,55
5805,-108,41,87,379,5,9,56
5805,-108,50,87,379,4,8,55
5805,-108,36,87,379,4,9,54
5805,-108,58,87,379,5,9,54
5805,-108,50,87,379,4,9,55
5805,-108,50,87,379,4,9,54
5805,-108,50,87,379,5,8,55
5805,-108,49,87,379,3,9,55
5805,-108,52,87,379,5,10,55
5805,-108,29,87,379,4,8,54
5805,-108,55,87,379,4,11,56
5805,-108,42,87,379,5,9,55
5805,-108,45,87,379,6,9,55
5805,-108,47,87,379,5,9,54
5805,-108,47,87,379,4,9,55
5805,-108,53,87,379,4,9,54
5805,-108,60,87,379,4,9,55
5805,-108,50,87,379,4,12,56
5805,-108,57,87,379,4,10,55
5805,-108,48,87,379,5,8,54
5805,-108,54,87,379,6,9,55
5805,-108,43,87,379,5,10,55
5805,-108,37,87,379,5,10,55
5805,-108,45,87,379,4,10,55
5805,-108,57,87,379,4,9,55
5805,-108,42,87,379,4,8,54
5805,-108,48,87,379,5,10,55
5805,-108,41,87,379,5,10,56
5805,-108,44,87,379,4,10,55
5805,-108,45,87,379,3,10,55
5805,-108,37,87,379,5,12,55
5805,-108,49,87,379,4,10,55
5805,-108,48,87,379,4,8,55
5805,-108,64,87,379,4,9,55
5805,-108,64,87,379,5,10,56
5805,-108,54,87,379,5,9,55
5805,-108,44,87,379,4,9,55
5805,-108,61,87,379,5,8,55
5805,-108,49,87,379,5,9,55
5805,-108,49,87,379,5,7,54
5805,-108,56,87,379,5,10,55
5805,-108,45,87,379,4,9,55
5805,-108,47,87,379,4,10,55
5805,-108,45,87,379,5,10,54
5805,-108,50,87,379,6,9,54
5805,-108,47,87,379,4,11,56
5805,-108,42,87,379,4,11,55
5805,-108,40,87,379,4,11,55
5805,-108,52,87,379,6,9,55
5805,-108,59,87,379,4,10,56
5805,-108,45,87,379,5,9,55
5805,-108,56,87,379,5,7,54
5805,-108,52,87,379,5,9,55
5805,-108,55,87,379,5,9,55
5805,-108,64,87,379,4,11,55
5805,-108,58,87,379,4,10,56
5805,-108,51,87,379,5,10,55
5805,-108,56,87,379,4,9,55
5805,-108,57,87,379,4,10,55
5805,-108,47,87,379,4,10,55
5805,-108,48,87,379,4,9,55
5805,-108,36,87,379,4,11,56
5805,-108,59,87,379,5,9,56
5805,-108,50,87,379,5,9,55
5805,-108,63,87,379,5,12,56
5805,-108,46,87,379,4,10,55
5805,-108,51,87,379,5,8,55
5805,-108,45,87,379,4,9,55
5805,-108,52,87,379,4,9,55
5805,-108,54,87,379,6,9,54
5805,-108,55,87,379,4,9,55
5805,-108,53,87,379,4,9,55
5805,-108,47,87,379,5,10,55
5805,-108,50,87,379,5,10,55
5805,-108,61,87,379,4,10,56
5805,-108,37,87,379,4,9,55
5805,-108,50,87,379,5,9,55
5805,-108,40,87,379,4,9,55
5805,-108,52,87,379,5,9,55
5805,-108,24,87,379,4,9,55
5805,-108,45,87,379,5,9,54
5805,-108,51,87,379,4,11,55
5805,-108,48,87,379,3,10,55
5805,-108,43,87,379,5,8,54
5805,-108,56,87,379,5,10,55
5805,-108,45,87,379,2,10,56
5805,-108,36,87,379,5,11,55
5805,-108,45,87,379,4,9,55
5805,-108,40,87,379,3,9,55
5805,-108,38,87,379,4,10,55
5805,-108,33,87,379,4,9,56
5805,-108,40,87,379,5,8,55
5805,-108,54,87,379,4,9,55
5805,-108,34,87,379,4,10,56
5805,-108,30,87,379,5,10,54
5805,-108,50,87,379,5,9,55
5805,-108,45,87,379,3,9,54
5805,-108,52,87,379,6,9,54
5805,-108,51,87,379,4,10,55
5805,-108,48,87,379,5,9,54
5805,-108,48,87,379,5,10,55
5805,-108,52,87,379,5,9,55
5805,-108,54,87,379,4,8,55
5805,-108,56,87,379,4,12,55
5805,-108,53,87,379,6,10,55
5805,-108,52,87,379,4,10,55
5805,-108,39,87,379,4,10,55
5805,-108,48,87,379,4,10,55
5805,-108,45,87,379,5,10,55
5805,-108,55,87,379,5,8,54
5805,-108,36,87,379,4,8,54
5805,-108,51,87,379,5,8,55
5805,-108,41,87,379,5,12,56
5805,-108,53,87,379,6,8,55
5805,-108,54,87,379,5,9,55
5805,-108,54,87,379,5,8,54
5805,-108,65,87,379,5,7,54
5805,-108,67,87,379,5,10,56
5805,-108,50,87,379,4,9,55
5805,-108,47,87,379,5,8,54
5805,-108,45,87,379,4,10,55
5805,-108,53,87,379,4,10,54
5805,-108,50,87,379,4,10,55
5805,-108,54,87,379,4,9,55
5805,-108,34,87,379,4,8,54
5805,-108,51,87,379,2,11,56
5805,-108,49,87,379,4,11,55
5805,-108,30,87,379,5,7,54
5805,-108,35,87,379,5,9,55
5805,-108,48,87,379,4,10,55
5805,-108,44,87,379,4,10,56
5805,-108,39,87,379,5,8,55
5805,-108,34,87,379,5,10,55
5805,-108,42,87,379,3,9,55
5805,-108,38,87,379,3,8,54
5805,-108,51,87,379,3,8,54
5805,-108,32,87,379,5,9,56
5805,-108,45,87,379,5,10,55
5805,-108,54,87,379,5,11,55
5805,-108,44,87,379,5,9,55
5805,-108,45,87,379,4,10,56
5805,-108,46,87,379,5,10,55
5805,-108,46,87,379,5,8,54
5805,-108,39,87,379,5,8,55
5805,-108,60,87,379,5,9,55
5805,-108,39,87,379,5,7,55
5805,-108,60,87,379,4,9,54
5805,-108,48,87,379,4,8,55
5805,-108,46,87,379,5,9,54
5805,-108,46,87,379,4,9,55
5805,-108,47,87,379,4,9,56
5805,-108,37,87,379,5,8,55
5805,-108,42,87,379,4,10,54
5805,-108,53,87,379,5,11,57
5805,-108,64,87,379,5,9,56
5805,-108,47,87,379,3,10,55
5805,-108,58,87,379,4,9,55
5805,-108,62,87,379,4,9,55
5805,-108,47,87,379,5,11,56
5805,-108,54,87,379,4,9,55
5805,-108,37,87,379,5,11,55
5805,-108,39,87,379,4,11,56
5805,-108,50,87,379,4,9,55
5805,-108,49,87,379,5,9,56
5805,-108,56,87,379,4,8,55
5805,-108,57,87,379,6,11,56
5805,-108,49,87,379,4,10,55
5805,-108,54,87,379,5,11,56
5805,-108,46,87,379,3,9,55
5805,-108,50,87,379,6,8,54
5805,-108,45,87,379,5,7,54
5805,-108,49,87,379,4,8,54
5805,-108,57,87,379,5,8,55
5805,-108,52,87,379,3,11,55
5805,-108,47,87,379,6,8,56
5805,-108,40,87,379,5,10,56
5805,-108,42,87,379,3,9,54
5805,-108,48,87,379,4,7,54
5805,-108,41,87,379,3,10,55
5805,-108,41,87,379,5,11,55
5805,-108,38,87,379,5,10,55
5805,-108,42,87,379,6,8,55
5805,-108,39,87,379,4,9,55
5805,-108,41,87,379,4,10,55
5805,-108,37,87,379,5,9,55
5805,-108,55,87,379,5,12,56
5805,-108,43,87,379,4,9,56
5805,-108,45,87,379,4,9,55
5805,-108,54,87,379,4,9,54
5805,-108,65,87,379,4,10,55
5805,-108,40,87,379,4,8,55
5805,-108,49,87,379,4,9,55
5805,-108,55,87,379,6,9,55
5805,-108,50,87,379,4,12,56
5805,-108,52,87,379,4,10,56
5805,-108,58,87,379,5,10,56
5805,-108,46,87,379,3,8,55
5805,-108,50,87,379,5,8,55
5805,-108,49,87,379,4,9,55
5805,-108,34,87,379,4,10,55
5805,-108,34,87,379,4,9,55
5805,-108,57,87,379,5,7,55
5805,-108,38,87,379,4,9,55
5805,-108,46,87,379,4,10,56
5805,-108,38,87,379,3,9,54
5805,-108,64,87,379,4,9,55
5805,-108,49,87,379,4,9,55
5805,-108,49,87,379,5,11,55
5805,-108,49,87,379,5,9,54
5805,-108,29,87,379,5,10,55
5805,-108,39,87,379,5,10,55
5805,-108,43,87,379,6,9,55
5805,-108,49,87,379,4,9,56
5805,-108,44,87,379,4,9,54
5805,-108,36,87,379,4,9,55
5805,-108,54,87,379,5,10,56
5805,-108,59,87,379,4,8,54
5805,-108,52,87,379,5,9,55
5805,-108,53,87,379,5,8,55
5805,-108,47,87,379,6,8,54
5805,-108,54,87,379,5,10,56
5805,-108,48,87,379,4,10,55
5805,-108,52,87,379,5,9,55
5805,-108,43,87,379,3,11,55
5805,-108,54,87,379,4,9,56
5805,-108,41,87,379,5,10,56
5805,-108,43,87,379,4,10,55
5805,-108,43,87,379,3,10,55
5805,-108,39,87,379,5,11,55
5805,-108,65,87,379,5,12,56
5805,-108,36,87,379,4,8,54
5805,-108,45,87,379,6,9,55
5805,-108,38,87,379,4,10,55
5805,-108,52,87,379,4,9,55
5805,-108,49,87,379,4,9,56
5805,-108,51,87,379,4,9,54
5805,-108,44,87,379,4,8,54
5805,-108,48,87,379,5,10,55
5805,-108,44,87,379,5,9,55
5805,-108,43,87,379,5,8,60
5805,-108,37,68,399,33,18,58
5805,-108,48,90,377,6,10,57
5805,-108,31,90,377,5,11,58
5805,-108,40,90,377,4,9,56
5805,-108,54,90,377,4,10,58
5805,-108,48,90,377,5,9,57
5805,-108,44,90,377,5,9,57
5805,-108,53,90,377,5,10,57
5805,-108,49,90,377,4,10,57
5805,-108,44,90,377,5,9,58
5805,-108,51,90,377,5,10,57
5805,-108,52,90,377,4,9,57
5805,-108,34,90,377,5,10,57
5805,-108,51,90,377,4,9,58
5805,-108,40,90,377,3,9,57
5805,-108,53,90,377,4,11,57
5805,-108,52,90,377,5,9,57
5805,-108,54,90,377,5,9,56
5805,-108,50,90,377,5,9,58
5805,-108,32,90,377,3,9,57
5805,-108,48,90,377,4,9,56
5805,-108,44,90,377,4,10,57
5805,-108,46,90,377,5,9,57
5805,-108,32,90,377,3,9,56
5805,-108,31,90,377,5,9,57
5805,-108,52,90,377,4,9,57
5805,-108,39,90,377,6,10,57
5805,-108,66,90,377,4,9,57
5805,-108,30,90,377,5,10,56
5805,-108,63,90,377,6,9,58
5805,-108,38,90,377,4,10,57
5805,-108,56,90,377,4,10,57
5805,-108,50,90,377,4,10,56
5805,-108,45,90,377,6,10,57
5805,-108,43,90,377,5,9,57
5805,-108,49,90,377,4,10,57
5805,-108,48,90,377,4,8,57
5805,-108,37,90,377,5,8,56
5805,-108,52,90,377,5,9,56
5805,-108,58,90,377,4,10,57
5805,-108,45,90,377,4,9,57
5805,-108,52,90,377,4,9,57
5805,-108,59,90,377,4,9,57
5805,-108,37,90,377,5,9,57
5805,-108,51,90,377,6,9,57
5805,-108,58,90,377,3,9,57
5805,-108,67,90,377,4,10,57
5805,-108,34,90,377,4,9,56
5805,-108,37,79,388,10,57,47
5805,-108,33,89,377,5,10,56
5805,-108,50,90,377,4,10,58
5805,-108,53,90,377,5,9,58
5805,-108,52,90,377,3,10,58
5805,-108,50,90,377,3,11,57
5805,-108,48,90,377,4,9,57
5805,-108,46,90,377,5,7,57
5805,-108,53,90,377,5,8,56
5805,-108,64,90,377,5,10,58
5805,-108,62,90,377,3,11,57
5805,-108,50,90,377,4,9,57
5805,-108,62,90,377,4,11,58
5805,-108,36,90,377,6,9,57
5805,-108,37,90,377,4,7,57
5805,-108,51,90,377,4,11,57
5805,-108,51,90,377,4,8,57
5805,-108,27,90,377,6,9,55
5805,-108,42,90,377,3,8,57
5805,-108,63,90,377,4,11,58
5805,-108,61,90,377,5,11,57
5805,-108,41,90,377,4,9,57
5805,-108,54,90,377,5,11,57
5805,-108,54,90,377,5,9,57
5805,-108,64,90,377,4,10,57
5805,-108,61,90,377,4,8,56
5805,-108,57,90,377,5,11,57
5805,-108,32,90,377,4,10,58
5805,-108,50,90,377,3,9,58
5805,-108,43,90,377,5,10,57
5805,-108,41,90,377,4,9,57
5805,-108,40,90,377,6,9,58
5805,-108,41,90,377,4,10,56
5805,-108,47,90,377,5,10,57
5805,-108,49,90,377,4,7,56
5805,-108,72,90,377,5,9,57
5805,-108,50,90,377,4,10,57
5805,-108,48,90,377,5,10,57
5805,-108,41,90,377,6,11,57
5805,-108,41,90,377,3,10,58
5805,-108,62,90,377,5,9,57
5805,-108,67,90,377,4,11,57
5805,-108,51,90,377,4,10,58
5805,-108,56,89,377,6,9,56
5805,-108,64,90,377,3,10,57
5805,-108,61,90,377,4,10,58
5805,-108,59,90,377,4,9,57
5805,-108,54,90,377,5,10,57
5805,-108,55,90,377,4,10,57
5805,-108,38,90,377,4,11,57
5805,-108,48,90,377,4,9,58
5805,-108,50,90,377,5,8,57
5805,-108,59,90,377,5,9,56
5805,-108,52,90,377,6,9,58
5805,-108,46,90,377,5,10,57
5805,-108,61,90,377,5,9,58
5805,-108,59,90,377,4,8,57
5805,-108,49,90,377,5,8,56
5805,-108,31,90,377,5,8,57
5805,-108,48,90,377,2,10,57
5805,-108,42,90,377,5,7,56
5805,-108,45,90,377,4,11,57
5805,-108,41,90,377,4,10,57
5805,-108,53,90,377,5,9,58
5805,-108,49,90,377,5,10,57
5805,-108,55,90,377,4,8,57
5805,-108,50,90,377,5,9,57
5805,-108,46,90,377,4,9,57
5805,-108,61,90,377,4,12,57
5805,-108,44,90,377,4,9,57
5805,-108,58,90,377,6,9,58
5805,-108,62,90,377,5,11,58
5805,-108,49,90,377,4,6,56
5805,-108,50,90,377,4,8,57
5805,-108,61,90,377,5,9,57
5805,-108,46,90,377,3,9,57
5805,-108,55,90,377,4,9,57
5805,-108,53,90,377,5,9,57
5805,-108,42,90,377,4,10,57
5805,-108,28,90,377,4,9,57
5805,-108,50,90,377,5,11,58
5805,-108,44,90,377,4,7,56
5805,-108,49,90,377,4,12,57
5805,-108,42,90,377,5,8,56
5805,-108,35,90,377,5,11,57
5805,-108,47,90,377,3,8,56
5805,-108,67,90,377,3,8,57
5805,-108,44,90,377,5,9,57
5805,-108,55,90,377,5,9,57
5805,-108,32,90,377,5,7,56
5805,-108,41,90,377,5,10,56
5805,-108,54,90,377,5,9,57
5805,-108,62,90,377,5,10,57
5805,-108,58,89,378,6,9,57
5805,-108,56,90,377,4,11,57
5805,-108,50,90,377,4,9,57
5805,-108,64,90,377,5,10,57
5805,-108,41,90,377,5,11,58
5805,-108,59,90,377,4,10,57
5805,-108,47,90,377,4,10,58
5805,-108,53,90,377,3,10,57
5805,-108,51,90,377,4,11,57
5805,-108,64,90,377,4,9,56
5805,-108,53,90,377,5,9,57
5805,-108,44,90,377,5,11,57
5805,-108,64,90,377,6,11,58
5805,-108,55,90,377,5,9,57
5805,-108,54,90,377,5,11,57
5805,-108,46,89,377,6,9,56
5805,-108,40,90,377,5,11,57
5805,-108,46,90,377,4,12,58
5805,-108,43,90,377,4,9,57
5805,-108,55,90,377,5,9,57
5805,-108,33,90,377,6,10,57
5805,-108,42,90,377,4,8,57
5805,-108,58,90,377,4,10,56
5805,-108,70,90,377,5,10,57
5805,-108,42,90,377,4,12,58
5805,-108,61,90,377,5,8,56
5805,-108,31,90,377,4,8,56
5805,-108,53,90,377,4,10,58
5805,-108,32,90,377,5,8,57
5805,-108,47,90,377,5,10,57
5805,-108,39,90,377,4,12,57
5805,-108,51,90,377,4,9,57
5805,-108,56,90,377,4,11,57
5805,-108,55,90,377,5,8,57
5805,-108,37,90,377,5,8,56
5805,-108,38,90,377,5,10,57
5805,-108,62,90,377,5,9,57
5805,-108,52,90,377,4,10,57
5805,-108,43,90,377,4,7,56
5805,-108,58,90,377,5,9,57
5805,-108,62,90,377,4,9,57
5805,-108,52,90,377,4,10,57
5805,-108,48,90,377,5,8,56
5805,-108,54,90,377,5,9,57
5805,-108,46,90,377,4,9,57
5805,-108,51,90,377,4,9,58
5805,-108,57,90,377,6,10,57
5805,-108,37,90,377,5,9,57
5805,-108,31,90,377,3,10,57
5805,-108,45,90,377,5,11,57
5805,-108,56,90,377,4,9,56
5805,-108,43,90,377,4,11,58
5805,-108,51,90,377,5,11,58
5805,-108,59,90,377,5,8,57
5805,-108,58,90,377,5,10,57
5805,-108,52,90,377,4,10,57
5805,-108,42,90,377,4,10,57
5805,-108,68,90,377,4,10,58
5805,-108,51,90,377,4,10,57
5805,-108,44,90,377,4,9,57
5805,-108,50,90,377,5,10,57
5805,-108,45,90,377,6,11,57
5805,-108,42,90,377,5,9,57
5805,-108,43,90,377,5,10,57
5805,-108,39,90,377,3,9,57
5805,-108,42,90,377,4,11,56
5805,-108,49,90,377,4,10,58
5805,-108,48,90,377,3,9,57
5805,-108,48,90,377,4,11,57
5805,-108,43,90,377,3,10,57
5805,-108,53,90,377,5,10,57
5805,-108,50,89,378,5,9,56
5805,-108,64,90,377,4,11,57
5805,-108,36,90,377,4,6,56
5805,-108,45,90,377,4,9,58
5805,-108,31,90,377,6,10,57
5805,-108,42,90,377,4,11,57
5805,-108,40,90,377,4,13,58
5805,-108,53,90,377,5,10,58
5805,-108,53,90,377,4,10,57
5805,-108,38,90,377,5,10,56
5805,-108,56,90,377,5,9,57
5805,-108,48,90,377,5,9,57
5805,-108,42,90,377,4,12,58
5805,-108,60,90,377,5,11,58
5805,-108,69,90,377,5,11,58
5805,-108,61,90,377,6,9,57
5805,-108,36,90,377,6,9,56
5805,-108,57,90,377,4,10,57
5805,-108,36,90,377,4,8,57
5805,-108,69,90,377,4,11,57
5805,-108,37,90,377,4,10,57
5805,-108,60,90,377,4,10,57
5805,-108,46,90,377,4,9,57
5805,-108,43,90,377,5,8,57
5805,-108,49,90,377,5,9,57
5805,-108,42,90,377,4,9,57
5805,-108,45,90,377,4,11,57
5805,-108,40,90,377,5,9,57
5805,-108,47,90,377,4,9,57
5805,-108,58,90,377,5,9,57
5805,-108,34,90,377,4,9,57
5805,-108,44,90,377,3,8,56
5805,-108,35,90,377,4,10,56
5805,-108,58,90,377,3,7,56
5805,-108,41,90,377,4,10,57
5805,-108,53,90,377,5,9,57
5805,-108,48,90,377,4,11,58
5805,-108,41,90,377,4,11,57
5805,-108,50,90,377,5,9,57
5805,-108,48,90,377,4,10,57
5805,-108,48,90,377,4,11,57
5805,-108,56,90,377,4,10,57
5805,-108,44,90,377,5,10,57
5805,-108,39,90,377,3,10,57
5805,-108,37,90,377,4,9,57
5805,-108,54,90,377,4,8,57
5805,-108,37,90,377,4,9,57
5805,-108,35,90,377,5,11,57
5805,-108,52,90,377,3,9,57
5805,-108,37,90,377,5,9,57
5805,-108,65,90,377,4,10,57
5805,-108,51,90,377,4,11,58
5805,-108,55,90,377,5,9,57
5805,-108,38,90,377,5,10,58
5805,-108,58,90,377,5,8,57
5805,-108,39,90,377,5,8,57
5805,-108,41,90,377,4,10,57
5805,-108,59,90,377,5,9,56
5805,-108,41,90,377,3,8,57
5805,-108,47,90,377,6,10,57
5805,-108,45,90,377,3,8,57
5805,-108,44,90,377,4,8,57
5805,-108,40,90,377,5,8,57
5805,-108,37,89,377,5,11,57
5805,-108,44,90,377,5,9,57
5805,-108,41,90,377,4,9,57
5805,-108,38,90,377,5,9,57
5805,-108,41,90,377,3,8,56
5805,-108,46,90,377,4,10,57
5805,-108,31,89,377,5,8,55
5805,-108,38,90,377,5,10,58
5805,-108,42,90,377,5,8,56
5805,-108,46,90,377,4,10,57
5805,-108,55,90,377,2,8,57
5805,-108,43,90,377,6,8,56
5805,-108,57,89,377,5,9,55
5805,-108,39,90,377,4,9,56
5805,-108,69,90,377,6,10,58
5805,-108,59,90,377,4,9,58
5805,-108,45,90,377,4,11,57
5805,-108,44,90,377,4,9,57
5805,-108,42,90,377,6,9,57
5805,-108,35,90,377,5,9,57
5805,-108,43,90,377,5,9,56
5805,-108,44,90,377,4,11,58
5805,-108,51,90,377,5,9,57
5805,-108,48,90,377,5,9,57
5805,-108,42,90,377,4,9,56
5805,-108,32,90,377,4,6,56
5805,-108,58,90,377,5,8,56
5805,-108,41,90,377,5,9,57
5805,-108,58,90,377,4,10,58
5805,-108,50,90,377,5,8,56
5805,-108,62,90,377,5,9,57
5805,-108,42,90,377,5,10,57
5805,-108,60,90,377,5,9,58
5805,-108,47,90,377,5,9,57
5805,-108,29,89,377,5,10,56
5805,-108,46,90,377,4,9,57
5805,-108,65,90,377,5,9,57
5805,-108,55,90,377,5,8,57
5805,-108,47,90,377,4,8,56
5805,-108,52,90,377,5,7,56
5805,-108,39,90,377,4,9,57
5805,-108,51,90,377,4,10,57
5805,-108,38,90,377,3,10,57
5805,-108,43,90,377,4,9,57
5805,-108,54,90,377,4,9,57
5805,-108,57,90,377,5,9,57
5805,-108,55,90,377,5,11,58
5805,-108,57,90,377,5,10,57
5805,-108,46,90,377,4,9,57
5805,-108,58,90,377,5,10,58
5805,-108,48,90,377,5,10,57
5805,-108,66,90,377,5,10,59
5805,-108,39,90,377,4,12,58
5805,-108,27,90,377,5,9,57
5805,-108,49,90,377,4,10,57
5805,-108,36,90,377,4,9,57
5805,-108,35,90,377,5,7,55
5805,-108,48,90,377,4,11,57
5805,-108,36,89,377,5,9,56
5805,-108,25,90,377,5,9,56
5805,-108,43,90,377,4,10,57
5805,-108,44,90,377,3,11,58
5805,-108,54,90,377,5,9,57
5805,-108,59,90,377,5,8,57
5805,-108,56,90,377,5,10,57
5805,-108,51,90,377,4,9,57
5805,-108,46,90,377,4,10,57
5805,-108,50,90,377,4,8,56
5805,-108,45,90,377,5,10,57
5805,-108,40,90,377,4,11,57
5805,-108,51,90,377,5,9,57
5805,-108,43,90,377,4,10,57
5805,-108,37,90,377,3,10,57
5805,-108,48,90,377,4,8,57
5805,-108,44,90,377,4,10,57
5805,-108,33,90,377,5,9,56
5805,-108,49,90,377,5,9,56
5805,-108,60,90,377,4,8,57
5805,-108,38,90,377,5,9,57
5805,-108,52,90,377,4,12,58
5805,-108,52,90,377,4,9,57
5805,-108,52,90,377,4,9,58
5805,-108,44,90,377,5,10,58
5805,-108,57,90,377,5,10,57
5805,-108,37,90,377,4,10,57
5805,-108,49,90,377,4,7,57
5805,-108,40,90,377,4,9,57
5805,-108,44,90,377,5,8,57
5805,-108,28,90,377,3,10,57
5805,-108,52,90,377,4,9,56
5805,-108,48,90,377,5,10,57
5805,-108,49,90,377,5,10,57
5805,-108,40,90,377,5,9,57
5805,-108,38,90,377,4,8,56
5805,-108,50,90,377,5,11,58
5805,-108,40,90,377,4,8,56
5805,-108,34,90,377,6,11,57
5805,-108,64,90,377,5,9,58
5805,-108,37,90,377,4,9,57
5805,-108,32,90,377,5,9,57
5805,-108,55,90,377,5,8,57
5805,-108,30,90,377,4,9,57
5805,-108,32,90,377,5,8,57
5805,-108,50,90,377,4,10,57
5805,-108,44,90,377,4,11,57
5805,-108,42,90,377,3,8,57
5805,-108,44,90,377,5,9,56
5805,-108,69,90,377,5,9,57
5805,-108,41,90,377,6,11,57
5805,-108,36,90,377,4,8,57
5805,-108,44,90,377,5,10,56
5805,-108,69,90,377,4,10,58
5805,-108,44,90,377,5,11,58
5805,-108,52,90,377,4,9,56
5805,-108,44,90,377,5,10,56
5805,-108,35,90,377,3,11,57
5805,-108,52,90,377,4,11,58
5805,-108,54,90,377,4,10,57
5805,-108,57,90,377,4,9,57
5805,-108,55,90,377,5,10,57
5805,-108,39,90,377,5,11,58
5805,-108,48,90,377,4,9,57
5805,-108,36,90,377,4,8,56
5805,-108,46,90,377,4,9,57
5805,-108,34,90,377,4,10,57
5805,-108,41,90,377,5,10,57
5805,-108,36,90,377,4,11,57
5805,-108,49,90,377,5,11,57
5805,-108,49,90,377,5,10,57
5805,-108,42,90,377,6,11,58
5805,-108,36,90,377,4,9,57
5805,-108,57,90,377,4,9,57
5805,-108,39,90,377,4,10,57
5805,-108,42,90,377,5,9,57
5805,-108,49,90,377,5,9,57
5805,-108,51,90,377,4,11,57
5805,-108,38,90,377,5,9,57
5805,-108,54,90,377,5,9,57
5805,-108,61,90,377,4,9,57
5805,-108,44,90,377,4,8,56
5805,-108,41,90,377,4,10,57
5805,-108,52,90,377,5,11,58
5805,-108,34,90,377,4,8,57
5805,-108,45,90,377,3,10,57
5805,-108,62,90,377,4,8,57
5805,-108,39,90,377,4,9,57
5805,-108,44,90,377,5,10,56
5805,-108,48,90,377,3,9,57
5805,-108,59,90,377,4,10,57
5805,-108,57,90,377,4,8,57
5805,-108,62,90,377,5,11,58
5805,-108,44,90,377,5,11,57
5805,-108,43,90,377,2,9,57
5805,-108,50,90,377,5,10,57
5805,-108,27,90,377,4,10,57
5805,-108,38,90,377,5,10,57
5805,-108,41,90,377,4,9,56
5805,-108,40,90,377,5,11,57
5805,-108,38,90,377,3,10,57
5805,-108,33,90,377,5,8,56
5805,-108,37,89,377,4,10,56
5805,-108,43,90,377,3,9,57
5805,-108,55,90,377,4,10,58
5805,-108,55,90,377,5,10,57
5805,-108,39,90,377,6,9,57
5805,-108,27,90,377,4,9,57
5805,-108,48,90,377,5,8,57
5805,-108,39,90,377,6,9,57
5805,-108,48,90,377,4,7,56
5805,-108,37,90,377,4,10,56
5805,-108,55,90,377,4,9,57
5805,-108,36,90,377,5,12,58
5805,-108,54,90,377,4,10,58
5805,-108,51,90,377,3,9,56
5805,-108,34,90,377,3,7,56
5805,-108,33,90,377,5,10,57
5805,-108,45,90,377,4,9,57
5805,-108,47,90,377,4,10,57
5805,-108,43,90,377,5,9,57
5805,-108,26,90,377,5,9,56
5805,-108,35,90,377,4,9,56
5805,-108,30,90,377,3,8,56
5805,-108,39,90,377,4,9,57
5805,-108,62,90,377,4,11,57
5805,-108,39,90,377,5,10,57
5805,-108,43,90,377,4,11,57
5805,-108,38,90,377,4,9,58
5805,-108,49,90,377,6,9,57
5805,-108,28,90,377,4,9,56
5805,-108,32,90,377,4,11,58
5805,-108,30,90,377,4,10,57
5805,-108,34,90,377,4,13,59
5805,-108,28,90,377,4,8,56
5805,-108,29,90,377,4,8,57
5805,-108,68,90,377,4,6,56
5805,-108,33,90,377,5,11,58
5805,-108,36,90,377,4,9,57
5805,-108,34,90,377,4,7,56
5805,-108,41,90,377,5,10,57
5805,-108,29,90,377,5,9,57
5805,-108,31,90,377,3,8,56
5805,-108,42,90,377,4,10,57
5805,-108,40,90,377,5,9,57
5805,-108,27,90,377,5,9,57
5805,-108,28,90,377,4,9,57
5805,-108,54,90,377,4,8,56
5805,-108,36,90,377,5,9,57
5805,-108,36,90,377,5,9,57
5805,-108,41,90,377,4,7,55
5805,-108,47,90,377,5,9,57
5805,-108,32,90,377,6,11,58
5805,-108,35,90,377,5,10,57
5805,-108,46,90,377,4,9,57
5805,-108,31,90,377,4,10,57
5805,-108,37,90,377,5,10,57
5805,-108,37,90,377,6,11,57
5805,-108,39,90,377,4,9,57
5805,-108,31,90,377,5,10,57
5805,-108,35,90,377,4,9,56
5805,-108,33,90,377,4,10,58
5805,-108,43,90,377,4,10,57
5805,-108,42,90,377,6,11,57
5805,-108,34,90,377,4,9,56
5805,-108,31,89,378,4,11,57
5805,-108,37,89,377,5,9,55
5805,-108,47,90,377,5,10,58
5805,-108,45,90,377,3,10,57
5805,-108,41,90,377,5,9,57
5805,-108,36,90,377,4,9,57
5805,-108,54,90,377,5,10,57
5805,-108,35,90,377,3,10,58
5805,-108,33,90,377,5,10,57
5805,-108,29,89,378,6,6,55
5805,-108,27,90,377,5,11,57
5805,-108,35,90,377,4,10,56
5805,-108,38,90,377,3,9,57
5805,-108,25,90,377,5,8,56
5805,-108,33,90,377,4,9,57
5805,-108,54,90,377,4,9,58
5805,-108,42,90,377,5,10,57
5805,-108,41,90,377,5,11,57
5805,-108,40,90,377,5,8,56
5805,-108,49,90,377,5,9,57
5805,-108,36,90,377,4,9,57
5805,-108,33,90,377,5,11,57
5805,-108,34,90,377,4,9,57
5805,-108,38,90,377,4,10,57
5805,-108,38,90,377,4,9,57
5805,-108,27,90,377,4,9,57
5805,-108,38,90,377,4,10,57
5805,-108,49,90,377,5,11,57
5805,-108,40,90,377,4,9,57
5805,-108,47,90,377,5,8,56
5805,-108,46,90,377,5,9,57
5805,-108,43,90,377,5,10,57
5805,-108,39,90,377,5,9,57
5805,-108,42,90,377,5,11,57
5805,-108,40,90,377,4,10,58
5805,-108,52,90,377,5,10,57
5805,-108,43,90,377,5,10,57
5805,-108,33,90,377,6,12,58
5805,-108,39,90,377,4,11,57
5805,-108,49,90,377,4,8,57
5805,-108,30,90,377,4,11,58
5805,-108,40,90,377,5,10,57
5805,-108,30,90,377,6,9,57
5805,-108,28,90,377,5,8,56
5805,-108,54,90,377,4,11,57
5805,-108,51,90,377,5,8,56
5805,-108,37,90,377,5,11,58
5805,-108,39,90,377,4,10,58
5805,-108,48,90,377,3,9,56
5805,-108,37,90,377,3,9,57
5805,-108,40,90,377,5,9,57
5805,-108,37,90,377,5,8,56
5805,-108,49,90,377,4,9,57
5805,-108,46,90,377,3,7,55
5805,-108,39,90,377,5,11,57
5805,-108,36,90,377,4,10,57
5805,-108,39,90,377,4,11,58
5805,-108,49,90,377,6,10,58
5805,-108,39,90,377,5,9,56
5805,-108,52,90,377,5,9,57
5805,-108,37,90,377,5,10,57
5805,-108,37,90,377,5,10,57
5805,-108,59,90,377,4,8,56
5805,-108,44,90,377,5,9,57
5805,-108,38,90,377,5,9,57
5805,-108,29,90,377,6,8,55
5805,-108,50,90,377,4,10,57
5805,-108,37,90,377,5,12,58
5805,-108,55,90,377,4,11,57
5805,-108,33,90,377,4,8,58
5805,-108,35,90,377,5,8,57
5805,-108,53,90,377,4,9,57
5805,-108,47,89,377,5,10,57
5805,-108,45,90,377,6,11,57
5805,-108,29,90,377,4,9,57
5805,-108,38,90,377,4,10,56
5805,-108,44,90,377,5,8,57
5805,-108,45,90,377,5,9,57
5805,-108,41,90,377,5,8,56
5805,-108,59,90,377,4,10,58
5805,-108,40,90,377,5,10,57
5805,-108,27,90,377,4,8,56
5805,-108,27,90,377,5,11,57
5805,-108,43,90,377,4,9,57
5805,-108,47,90,377,4,8,57
5805,-108,33,90,377,4,9,57
5805,-108,32,90,377,4,9,58
5805,-108,53,90,377,5,8,57
5805,-108,35,90,377,3,8,56
5805,-108,28,89,377,5,9,57
5805,-108,36,90,377,5,11,57
5805,-108,61,90,377,4,10,58
5805,-108,47,90,377,5,9,57
5805,-108,63,90,377,5,9,57
5805,-108,42,90,377,4,10,57
5805,-108,44,90,377,5,8,57
5805,-108,45,90,377,5,8,56
5805,-108,36,90,377,5,9,57
5805,-108,29,89,377,5,9,56
5805,-108,57,90,377,5,9,58
5805,-108,53,90,377,4,11,58
5805,-108,55,90,377,4,8,56
5805,-108,45,90,377,5,9,57
5805,-108,37,90,377,5,11,57
5805,-108,43,90,377,4,9,57
5805,-108,37,90,377,4,8,57
5805,-108,33,90,377,4,8,56
5805,-108,49,90,377,6,10,56
5805,-108,43,90,377,4,8,56
5805,-108,39,90,377,5,9,57
5805,-108,45,90,377,5,10,57
5805,-108,36,90,377,4,12,57
5805,-108,59,90,377,5,9,57
5805,-108,31,90,377,3,9,56
5805,-108,31,90,377,4,9,57
5805,-108,58,90,377,4,10,57
5805,-108,36,90,377,3,10,58
5805,-108,53,90,377,6,9,58
5805,-108,45,90,377,4,9,57
5805,-108,54,90,377,4,10,57
5805,-108,28,90,377,4,9,57
5805,-108,34,90,377,5,10,56
5805,-108,50,90,377,5,10,57
5805,-108,45,90,377,3,11,57
5805,-108,27,90,377,5,10,56
5805,-108,44,90,377,5,9,56
5805,-108,38,90,377,6,11,57
5805,-108,49,89,377,4,9,56
5805,-108,36,90,377,4,10,57
5805,-108,41,90,377,5,9,57
5805,-108,52,90,377,5,10,56
5805,-108,37,90,377,4,9,57
5805,-108,46,90,377,5,7,57
5805,-108,30,89,377,4,8,56
5805,-108,34,90,377,4,9,57
5805,-108,31,90,377,3,8,57
5805,-108,33,90,377,4,10,56
5805,-108,32,90,377,4,10,57
5805,-108,45,90,377,4,11,58
5805,-108,40,90,377,6,10,57
5805,-108,49,90,377,5,7,56
5805,-108,39,90,377,4,9,57
5805,-108,32,90,377,5,9,57
5805,-108,49,90,377,4,10,58
5805,-108,54,90,377,5,9,57
5805,-108,38,90,377,5,11,57
5805,-108,46,90,377,4,8,57
5805,-108,34,90,377,5,9,57
5805,-108,35,90,377,4,10,56
5805,-108,48,90,377,4,12,57
5805,-108,52,90,377,4,11,58
5805,-108,40,90,377,5,10,57
5805,-108,47,90,377,5,11,57
5805,-108,33,90,377,4,9,56
5805,-108,56,90,377,3,11,57
5805,-108,54,90,377,6,11,57
5805,-108,43,90,377,5,9,57
5805,-108,41,90,377,6,8,56
5805,-108,48,90,377,4,9,57
5805,-108,56,90,377,4,9,57
5805,-108,48,90,377,6,10,57
5805,-108,35,90,377,4,9,57
5805,-108,34,90,377,4,10,57
5805,-108,48,90,377,3,10,57
5805,-108,36,90,377,5,10,56
5805,-108,54,90,377,5,8,57
5805,-108,38,90,377,5,9,57
5805,-108,40,90,377,4,11,57
5805,-108,31,90,377,5,9,57
5805,-108,44,90,377,5,7,56
5805,-108,40,90,377,4,9,57
5805,-108,57,90,377,4,9,57
5805,-108,54,90,377,4,8,57
5805,-108,42,90,377,5,11,57
5805,-108,38,90,377,5,9,57
5805,-108,38,90,377,5,9,57
5805,-108,44,90,377,6,9,57
5805,-108,43,90,377,5,10,56
5805,-108,42,90,377,4,9,57
5805,-108,35,90,377,5,9,57
5805,-108,43,90,377,5,7,56
5805,-108,50,90,377,4,9,57
5805,-108,49,90,377,6,9,57
5805,-108,40,90,377,5,10,57
5805,-108,33,90,377,4,11,57
5805,-108,50,90,377,3,10,57
5805,-108,45,90,377,4,10,57
5805,-108,50,90,377,4,10,57
5805,-108,35,90,377,5,9,57
5805,-108,42,90,377,4,9,57
5805,-108,40,90,377,4,9,57
5805,-108,52,90,377,3,10,57
5805,-108,45,90,377,5,9,56
5805,-108,43,90,377,5,9,57
5805,-108,36,90,377,3,9,57
5805,-108,52,90,377,5,8,56
5805,-108,34,90,377,5,11,57
5805,-108,47,90,377,4,9,57
5805,-108,42,90,377,4,9,57
5805,-108,31,90,377,4,8,55
5805,-108,48,90,377,4,9,56
5805,-108,36,90,377,5,10,57
5805,-108,38,90,377,5,9,57
5805,-108,40,90,377,5,10,58
5805,-108,53,90,377,5,9,57
5805,-108,57,90,377,4,9,57
5805,-108,28,90,377,6,10,56
5805,-108,36,90,377,5,8,57
5805,-108,34,90,377,6,10,57
5805,-108,56,90,377,3,9,57
5805,-108,44,90,377,4,9,57
5805,-108,43,90,377,5,11,58
5805,-108,40,90,377,5,10,57
5805,-108,35,90,377,5,10,57
5805,-108,41,90,377,5,11,57
5805,-108,42,90,377,5,8,57
5805,-108,50,90,377,5,10,57
5805,-108,33,90,377,4,11,58
5805,-108,50,90,377,4,9,58
5805,-108,52,90,377,4,10,57
5805,-108,37,90,377,6,8,57
5805,-108,40,90,377,5,11,57
5805,-108,49,90,377,4,10,57
5805,-108,32,90,377,4,9,57
5805,-108,39,90,377,5,10,58
5805,-108,46,90,377,4,9,56
5805,-108,47,90,377,6,10,57
5805,-108,47,90,377,4,9,57
5805,-108,57,90,377,3,9,56
5805,-108,30,90,377,3,10,57
5805,-108,52,90,377,4,10,58
5805,-108,37,90,377,4,10,57
5805,-108,61,90,377,4,9,57
5805,-108,49,90,377,4,9,57
5805,-108,52,90,377,4,10,57
5805,-108,29,90,377,5,11,58
5805,-108,49,90,377,5,8,57
5805,-108,39,90,377,4,11,57
5805,-108,42,90,377,5,9,56
5805,-108,47,90,377,4,10,57
5805,-108,27,90,377,4,10,56
5805,-108,28,89,377,5,8,56
5805,-108,36,90,377,3,10,57
5805,-108,50,90,377,5,11,57
5805,-108,43,90,377,5,10,57
5805,-108,44,90,377,5,9,57
5805,-108,40,90,377,5,11,57
5805,-108,58,90,377,3,10,57
5805,-108,39,90,377,5,9,56
5805,-108,29,90,377,5,8,56
5805,-108,47,90,377,6,11,57
5805,-108,38,90,377,5,11,57
5805,-108,33,90,377,5,9,57
5805,-108,33,90,377,5,11,58
5805,-108,33,90,377,5,10,57
5805,-108,41,90,377,6,11,57
5805,-108,32,90,377,5,9,57
5805,-108,37,90,377,4,9,57
5805,-108,32,90,377,3,10,57
5805,-108,33,90,377,4,9,56
5805,-108,44,89,378,6,10,56
5805,-108,38,90,377,4,9,56
5805,-108,47,90,377,4,9,57
5805,-108,50,90,377,4,10,57
5805,-108,31,90,377,5,10,58
5805,-108,35,90,377,6,9,57
5805,-108,61,90,377,5,8,56
5805,-108,38,90,377,5,10,57
5805,-108,42,90,377,4,10,57
5805,-108,53,90,377,4,10,57
5805,-108,51,90,377,4,11,58
5805,-108,34,90,377,5,10,57
5805,-108,39,90,377,5,8,57
5805,-108,37,90,377,3,10,58
5805,-108,55,90,377,5,10,58
5805,-108,49,90,377,4,10,56
5805,-108,35,90,377,4,9,57
5805,-108,42,90,377,5,12,57
5805,-108,46,90,377,3,11,57
5805,-108,29,90,377,4,9,57
5805,-108,46,90,377,5,10,57
5805,-108,36,90,377,5,9,57
5805,-108,49,90,377,4,9,57
5805,-108,32,90,377,6,9,57
5805,-108,57,90,377,4,11,58
5805,-108,46,90,377,5,8,56
5805,-108,32,90,377,5,9,56
5805,-108,47,90,377,5,11,58
5805,-108,46,90,377,5,9,57
5805,-108,32,90,377,4,10,57
5805,-108,48,90,377,4,11,57
5805,-108,44,90,377,5,11,57
5805,-108,56,90,377,5,9,57
5805,-108,35,90,377,4,10,57
5805,-108,58,90,377,4,9,57
5805,-108,39,90,377,5,9,57
5805,-108,43,90,377,3,10,57
5805,-108,51,90,377,5,10,58
5805,-108,32,90,377,5,9,57
5805,-108,54,90,377,3,9,57
5805,-108,49,90,377,5,9,57
5805,-108,36,90,377,4,10,57
5805,-108,32,90,377,4,10,57
5805,-108,36,90,377,6,9,56
5805,-108,33,90,377,4,11,58
5805,-108,45,89,377,6,8,56
5805,-108,49,90,377,4,8,56
5805,-108,31,90,377,4,8,57
5805,-108,45,90,377,6,11,57
5805,-108,39,90,377,3,10,57
5805,-108,28,90,377,5,10,56
5805,-108,39,90,377,5,8,56
5805,-108,56,90,377,4,9,58
5805,-108,44,90,377,5,10,57
5805,-108,37,90,377,5,9,57
5805,-108,45,90,377,5,10,58
5805,-108,36,89,377,6,10,56
5805,-108,32,90,377,4,8,56
5805,-108,37,90,377,4,10,58
5805,-108,55,90,377,4,8,56
5805,-108,48,90,377,4,8,57
5805,-108,45,90,377,4,11,57
5805,-108,41,90,377,4,10,57
5805,-108,46,90,377,5,8,57
5805,-108,35,90,377,4,10,57
5805,-108,42,90,377,4,10,58
5805,-108,31,90,377,5,10,57
5805,-108,39,90,377,4,10,57
5805,-108,42,90,377,5,9,57
5805,-108,49,90,377,5,9,57
5805,-108,47,90,377,5,9,57
5805,-108,39,90,377,4,9,56
5805,-108,32,90,377,4,10,58
5805,-108,33,90,377,5,9,57
5805,-108,36,90,377,6,9,57
5805,-108,36,90,377,4,9,57
5805,-108,46,90,377,3,11,58
5805,-108,35,89,377,5,10,56
5805,-108,47,90,377,4,7,57
5805,-108,37,90,377,6,11,57
5805,-108,34,90,377,3,8,56
5805,-108,33,90,377,4,10,57
5805,-108,58,90,377,5,10,57
5805,-108,45,90,377,4,10,57
5805,-108,29,90,377,3,9,57
5805,-108,39,90,377,4,12,57
5805,-108,46,90,377,4,10,56
5805,-108,39,90,377,6,11,58
5805,-108,56,90,377,4,8,57
5805,-108,51,90,377,5,10,56
5805,-108,50,90,377,4,10,57
5805,-108,35,90,377,5,9,56
5805,-108,48,90,377,6,11,57
5805,-108,38,90,377,4,8,58
5805,-108,32,90,377,4,8,56
5805,-108,31,90,377,5,9,57
5805,-108,37,90,377,6,10,58
5805,-108,44,90,377,3,10,57
5805,-108,36,90,377,5,10,57
5805,-108,47,90,377,6,10,57
5805,-108,33,90,377,5,9,56
5805,-108,44,90,377,5,10,57
5805,-108,31,90,377,4,11,57
5805,-108,44,90,377,5,10,57
5805,-108,41,90,377,6,9,57
5805,-108,41,90,377,5,8,56
5805,-108,36,90,377,5,10,57
5805,-108,28,90,377,4,9,57
5805,-108,57,90,377,5,10,57
5805,-108,67,90,377,4,10,57
5805,-108,53,90,377,5,10,57
5805,-108,32,90,377,5,10,57
5805,-108,60,90,377,4,9,57
5805,-108,41,90,377,4,9,58
5805,-108,44,90,377,6,8,56
5805,-108,43,90,377,5,11,58
5805,-108,51,90,377,5,10,57
5805,-108,61,90,377,3,10,58
5805,-108,37,90,377,5,9,57
5805,-108,53,90,377,5,9,57
5805,-108,29,90,377,4,9,57
5805,-108,31,88,378,5,10,55
5805,-108,37,90,377,5,10,57
5805,-108,42,90,377,6,9,57
5805,-108,28,90,377,4,10,57
5805,-108,29,90,377,5,10,58
5805,-108,37,90,377,4,11,58
5805,-108,31,90,377,5,10,57
5805,-108,42,90,377,6,10,57
5805,-108,42,90,377,3,10,56
5805,-108,47,90,377,5,10,57
5805,-108,37,90,377,5,9,57
5805,-108,37,90,377,5,9,57
5805,-108,60,90,377,6,9,57
5805,-108,43,89,377,4,10,56
5805,-108,49,90,377,3,11,58
5805,-108,38,90,377,4,8,56
5805,-108,48,90,377,4,8,56
5805,-108,33,90,377,5,9,57
5805,-108,43,90,377,4,9,56
5805,-108,43,90,377,6,10,58
5805,-108,42,90,377,5,10,56
5805,-108,38,90,377,5,10,56
5805,-108,29,90,377,4,10,57
5805,-108,27,90,377,5,10,57
5805,-108,51,90,377,4,11,58
5805,-108,52,90,377,6,10,58
5805,-108,53,90,377,4,9,57
5805,-108,40,90,377,4,10,57
5805,-108,26,90,377,4,10,57
5805,-108,41,90,377,5,11,57
5805,-108,45,90,377,5,8,57
5805,-108,35,90,377,4,9,57
5805,-108,42,90,377,4,11,57
5805,-108,52,90,377,5,9,57
5805,-108,49,90,377,5,10,57
5805,-108,37,90,377,5,10,57
5805,-108,35,90,377,4,9,57
5805,-108,47,90,377,5,9,57
5805,-108,38,90,377,4,9,57
5805,-108,35,90,377,4,8,56
5805,-108,30,90,377,5,11,57
5805,-108,45,90,377,5,9,56
5805,-108,38,90,377,4,11,57
5805,-108,46,90,377,3,10,57
5805,-108,24,90,377,4,10,57
5805,-108,55,90,377,5,9,57
5805,-108,37,90,377,4,11,57
5805,-108,43,90,377,4,9,57
5805,-108,30,90,377,5,9,57
5805,-108,43,90,377,4,9,57
5805,-108,45,90,377,5,10,56
5805,-108,45,90,377,4,10,58
5805,-108,50,90,377,5,9,57
5805,-108,38,89,377,6,10,57
5805,-108,30,90,377,4,9,57
5805,-108,30,90,377,4,10,57
5805,-108,34,90,377,3,10,57
5805,-108,31,90,377,4,9,57
5805,-108,39,90,377,6,9,57
5805,-108,53,90,377,4,10,56
5805,-108,43,90,377,6,9,56
5805,-108,39,90,377,5,10,58
5805,-108,48,90,377,6,10,58
5805,-108,37,90,377,3,9,57
5805,-108,62,90,377,6,9,58
5805,-108,41,90,377,5,10,57
5805,-108,39,90,377,4,8,56
5805,-108,55,90,377,3,10,58
5805,-108,34,90,377,5,10,56
5805,-108,38,90,377,5,8,56
5805,-108,47,90,377,5,8,57
5805,-108,42,90,377,4,8,57
5805,-108,35,90,377,5,9,57
5805,-108,34,90,377,4,10,57
5805,-108,33,90,377,5,8,57
5805,-108,51,90,377,5,9,57
5805,-108,65,90,377,5,9,57
5805,-108,30,90,377,5,9,57
5805,-108,51,90,377,5,10,57
5805,-108,42,90,377,5,10,57
5805,-108,38,90,377,4,10,57
5805,-108,47,90,377,6,8,55
5805,-108,49,90,377,5,10,57
5805,-108,42,90,377,5,11,58
5805,-108,52,90,377,3,9,57
5805,-108,40,90,377,4,9,56
5805,-108,34,90,377,3,10,58
5805,-108,43,90,377,4,11,57
5805,-108,49,90,377,4,8,57
5805,-108,47,90,377,6,10,57
5805,-108,55,90,377,4,10,58
5805,-108,40,90,377,5,10,57
5805,-108,41,90,377,3,10,57
5805,-108,51,90,377,4,12,58
5805,-108,56,90,377,5,9,57
5805,-108,51,90,377,5,9,57
5805,-108,37,90,377,5,10,57
5805,-108,43,90,377,3,10,57
5805,-108,41,90,377,4,11,58
5805,-108,36,90,377,6,9,57
5805,-108,42,89,377,6,10,56
5805,-108,49,90,377,4,10,57
5805,-108,47,90,377,5,10,57
5805,-108,44,90,377,4,8,55
5805,-108,29,90,377,4,9,57
5805,-108,38,90,377,5,9,56
5805,-108,33,90,377,5,8,57
5805,-108,50,90,377,4,8,56
5805,-108,38,90,377,5,9,56
5805,-108,34,90,377,4,11,58
5805,-108,49,90,377,5,12,57
5805,-108,48,90,377,4,9,57
5805,-108,35,90,377,4,10,57
5805,-108,54,90,377,5,10,57
5805,-108,51,90,377,4,11,58
5805,-108,33,90,377,5,11,58
5805,-108,48,90,377,4,10,57
5805,-108,49,90,377,4,10,57
5805,-108,43,90,377,4,9,57
5805,-108,29,90,377,5,10,57
5805,-108,49,90,377,3,9,57
5805,-108,53,90,377,5,10,57
5805,-108,26,90,377,4,10,57
5805,-108,39,90,377,4,10,57
5805,-108,36,90,377,4,11,57
5805,-108,43,90,377,5,9,56
5805,-108,40,89,378,4,10,56
5805,-108,29,90,377,5,8,56
5805,-108,29,90,377,3,8,56
5805,-108,40,90,377,4,10,58
5805,-108,36,90,377,5,9,57
5805,-108,45,90,377,5,8,57
5805,-108,36,90,377,5,9,57
5805,-108,49,90,377,3,11,57
5805,-108,63,90,377,5,9,57
5805,-108,32,90,377,5,9,57
5805,-108,31,90,377,4,9,57
5805,-108,55,90,377,4,8,57
5805,-108,46,89,378,5,9,56
5805,-108,46,90,377,5,12,57
5805,-108,35,90,377,6,10,57
5805,-108,52,90,377,4,11,57
5805,-108,39,90,377,4,10,57
5805,-108,37,90,377,5,9,56
5805,-108,39,90,377,5,8,56
5805,-108,41,90,377,4,11,58
5805,-108,34,90,377,4,10,57
5805,-108,61,90,377,6,9,57
5805,-108,48,90,377,6,10,57
5805,-108,32,90,377,3,8,57
5805,-108,41,90,377,4,9,57
5805,-108,47,90,377,6,11,57
5805,-108,43,90,377,5,10,57
5805,-108,47,89,377,6,8,55
5805,-108,34,90,377,4,10,58
5805,-108,41,90,377,5,9,57
5805,-108,40,90,377,5,9,58
5805,-108,31,90,377,4,9,57
5805,-108,33,90,377,6,12,58
5805,-108,57,90,377,5,10,57
5805,-108,37,90,377,4,9,56
5805,-108,40,90,377,5,11,57
5805,-108,45,90,377,4,10,57
5805,-108,47,90,377,5,9,57
5805,-108,51,90,377,5,10,57
5805,-108,54,90,377,4,11,57
5805,-108,35,90,377,4,9,57
5805,-108,54,90,377,6,8,56
5805,-108,34,90,377,4,10,58
5805,-108,50,90,377,5,11,58
5805,-108,52,90,377,5,10,56
5805,-108,36,90,377,6,9,57
5805,-108,43,90,377,4,11,57
5805,-108,45,90,377,5,9,57
5805,-108,41,90,377,5,9,57
5805,-108,35,90,377,4,10,57
5805,-108,43,90,377,6,11,57
5805,-108,32,90,377,4,12,58
5805,-108,29,90,377,4,7,55
5805,-108,39,90,377,5,8,57
5805,-108,56,90,377,5,10,57
5805,-108,38,90,377,5,9,57
5805,-108,45,90,377,4,10,57
5805,-108,31,90,377,4,10,57
5805,-108,30,90,377,3,9,57
5805,-108,53,90,377,5,10,57
5805,-108,44,90,377,4,9,57
5805,-108,27,90,377,4,10,57
5805,-108,38,90,377,4,11,58
5805,-108,27,90,377,5,9,56
5805,-108,45,90,377,4,10,57
5805,-108,41,90,377,5,11,57
5805,-108,41,90,377,4,11,57
5805,-108,32,90,377,4,10,57
5805,-108,42,90,377,5,11,57
5805,-108,43,90,377,5,9,56
5805,-108,41,90,377,5,8,57
5805,-108,42,89,377,5,10,57
5805,-108,41,90,377,5,10,57
5805,-108,41,90,377,5,11,57
5805,-108,41,90,377,5,9,57
5805,-108,46,90,377,5,12,58
5805,-108,46,90,377,4,10,57
5805,-108,38,90,377,6,8,57
5805,-108,37,90,377,5,10,57
5805,-108,43,90,377,4,10,57
5805,-108,41,90,377,4,11,58
5805,-108,28,90,377,4,9,56
5805,-108,43,90,377,3,9,57
5805,-108,34,90,377,3,11,58
5805,-108,37,90,377,4,9,57
5805,-108,48,90,377,5,10,57
5805,-108,50,90,377,5,10,57
5805,-108,39,90,377,4,11,57
5805,-108,30,89,377,5,9,56
5805,-108,37,90,377,3,11,57
5805,-108,31,90,377,5,10,58
5805,-108,41,90,377,3,10,57
5805,-108,34,90,377,5,9,57
5805,-108,36,90,377,4,10,57
5805,-108,45,90,377,5,9,57
5805,-108,43,90,377,5,9,58
5805,-108,42,89,377,6,11,56
5805,-108,60,90,377,3,9,57
5805,-108,56,90,377,4,10,58
5805,-108,42,90,377,5,10,57
5805,-108,32,90,377,4,10,57
5805,-108,33,90,377,5,9,56
5805,-108,38,90,377,5,9,57
5805,-108,33,90,377,4,9,57
5805,-108,29,90,377,5,10,57
5805,-108,43,90,377,6,9,57
5805,-108,33,90,377,3,8,56
5805,-108,36,90,377,4,10,57
5805,-108,28,90,377,5,9,56
5805,-108,38,90,377,4,9,57
5805,-108,57,90,377,5,9,57
5805,-108,55,90,377,4,9,57
5805,-108,38,90,377,5,10,58
5805,-108,46,90,377,4,10,57
5805,-108,46,90,377,4,10,57
5805,-108,47,90,377,2,10,57
5805,-108,33,90,377,5,10,57
5805,-108,52,90,377,5,8,57
5805,-108,38,90,377,5,9,57
5805,-108,36,90,377,4,9,57
5805,-108,41,90,377,5,10,57
5805,-108,42,90,377,4,10,57
5805,-108,36,90,377,5,9,57
5805,-108,36,90,377,4,10,58
5805,-108,30,90,377,4,9,56
5805,-108,58,90,377,5,11,57
5805,-108,31,90,377,5,10,57
5805,-108,42,90,377,4,10,57
5805,-108,37,90,377,5,8,57
5805,-108,28,90,377,5,9,56
5805,-108,29,90,377,3,10,57
5805,-108,55,90,377,5,8,57
5805,-108,36,90,377,4,10,57
5805,-108,28,90,377,5,11,57
5805,-108,34,90,377,5,9,57
5805,-108,40,90,377,4,10,56
5805,-108,59,90,377,5,9,57
5805,-108,45,90,377,5,9,57
5805,-108,44,90,377,5,9,56
5805,-108,32,90,377,6,10,58
5805,-108,40,90,377,6,9,57
5805,-108,56,90,377,5,11,58
5805,-108,39,90,377,4,10,57
5805,-108,46,90,377,3,10,57
5805,-108,37,90,377,4,10,57
5805,-108,54,90,377,5,10,58
5805,-108,37,90,377,5,10,57
5805,-108,46,90,377,3,11,57
5805,-108,49,90,377,5,9,57
5805,-108,48,90,377,4,8,57
5805,-108,36,90,377,3,11,56
5805,-108,41,90,377,4,6,55
5805,-108,55,90,377,4,10,57
5805,-108,46,90,377,5,10,57
5805,-108,53,90,377,4,11,57
5805,-108,45,90,377,5,9,57
5805,-108,31,90,377,5,10,57
5805,-108,40,90,377,4,11,58
5805,-108,40,90,377,6,9,57
5805,-108,41,90,377,5,8,56
5805,-108,29,90,377,5,11,57
5805,-108,37,90,377,4,10,57
5805,-108,41,90,377,5,11,57
5805,-108,39,90,377,5,11,57
5805,-108,54,90,377,6,10,57
5805,-108,43,90,377,4,9,57
5805,-108,35,90,377,5,10,57
5805,-108,51,90,377,5,9,58
5805,-108,41,90,377,6,9,57
5805,-108,35,90,377,6,9,56
5805,-108,49,90,377,4,9,57
5805,-108,39,90,377,5,11,57
5805,-108,41,89,378,6,11,57
5805,-108,33,90,377,5,9,58
5805,-108,45,90,377,3,9,56
5805,-108,42,90,377,4,11,57
5805,-108,25,90,377,5,10,56
5805,-108,36,90,377,5,11,57
5805,-108,46,90,377,4,9,56
5805,-108,42,90,377,5,12,58
5805,-108,53,90,377,4,8,56
5805,-108,61,90,377,5,9,56
5805,-108,37,90,377,4,13,58
5805,-108,38,90,377,5,9,56
5805,-108,50,90,377,5,11,58
5805,-108,40,90,377,3,10,57
5805,-108,30,89,377,5,9,54
5805,-108,36,90,377,5,9,57
5805,-108,35,90,377,3,9,57
5805,-108,50,90,377,5,10,57
5805,-108,36,90,377,4,8,56
5805,-108,33,90,377,5,9,56
5805,-108,35,90,377,5,10,57
5805,-108,48,90,377,5,10,58
5805,-108,40,90,377,4,9,57
5805,-108,37,90,377,5,9,57
5805,-108,24,90,377,5,9,57
5805,-108,52,90,377,4,9,57
5805,-108,37,90,377,4,9,57
5805,-108,44,90,377,3,11,57
5805,-108,55,90,377,5,10,58
5805,-108,34,90,377,3,9,57
5805,-108,27,90,377,4,9,56
5805,-108,40,90,377,5,10,56
5805,-108,62,90,377,5,10,58
5805,-108,43,90,377,4,11,57
5805,-108,39,90,377,4,10,57
5805,-108,44,90,377,6,10,58
5805,-108,30,90,377,5,10,56
5805,-108,46,90,377,3,9,57
5805,-108,46,90,377,4,11,57
5805,-108,49,90,377,3,9,57
5805,-108,36,90,377,6,9,57
5805,-108,45,90,377,5,11,57
5805,-108,38,90,377,4,10,57
5805,-108,49,90,377,5,9,58
5805,-108,40,90,377,6,10,57
5805,-108,47,90,377,5,10,57
5805,-108,34,90,377,3,9,57
5805,-108,52,90,377,5,10,58
5805,-108,44,90,377,3,9,56
5805,-108,59,90,377,5,9,57
5805,-108,37,90,377,5,10,57
5805,-108,41,90,377,5,8,57
5805,-108,34,90,377,4,8,56
5805,-108,35,90,377,5,10,57
5805,-108,51,90,377,5,12,58
5805,-108,35,90,377,4,10,57
5805,-108,37,90,377,4,10,57
5805,-108,45,90,377,5,9,58
5805,-108,46,90,377,6,9,56
5805,-108,47,90,377,4,8,56
5805,-108,58,90,377,5,10,57
5805,-108,33,90,377,5,8,57
5805,-108,43,90,377,5,12,57
5805,-108,42,90,377,5,11,56
5805,-108,46,90,377,5,9,57
5805,-108,34,90,377,3,11,58
5805,-108,30,89,377,6,8,55
5805,-108,55,90,377,6,9,57
5805,-108,53,90,377,5,9,57
5805,-108,44,90,377,5,10,58
5805,-108,55,90,377,4,9,57
5805,-108,33,90,377,5,10,57
5805,-108,23,90,377,5,8,56
5805,-108,26,90,377,4,9,56
5805,-108,31,90,377,4,9,57
5805,-108,32,90,377,5,11,57
5805,-108,29,90,377,6,10,57
5805,-108,43,90,377,3,7,57
5805,-108,35,90,377,4,10,57
5805,-108,32,90,377,4,8,56
5805,-108,51,90,377,4,11,57
5805,-108,47,90,377,5,10,57
5805,-108,43,90,377,4,7,55
5805,-108,37,90,377,5,9,56
5805,-108,49,90,377,4,7,56
5805,-108,45,90,377,4,9,57
5805,-108,48,90,377,4,10,57
5805,-108,50,90,377,6,10,57
5805,-108,59,90,377,3,8,56
5805,-108,32,90,377,5,11,58
5805,-108,53,90,377,5,9,58
5805,-108,46,90,377,4,10,57
5805,-108,30,90,377,5,10,57
5805,-108,50,90,377,3,10,57
5805,-108,33,90,377,4,10,57
5805,-108,44,90,377,6,9,57
5805,-108,38,90,377,6,8,57
5805,-108,45,90,377,5,9,57
5805,-108,30,90,377,5,11,57
5805,-108,50,90,377,6,10,57
5805,-108,39,90,377,5,10,57
5805,-108,37,90,377,5,9,57
5805,-108,36,90,377,6,9,57
5805,-108,33,90,377,3,9,57
5805,-108,44,90,377,4,7,57
5805,-108,39,90,377,5,9,56
5805,-108,43,90,377,4,10,57
5805,-108,41,90,377,4,11,58
5805,-108,36,90,377,5,9,56
5805,-108,59,90,377,6,10,56
5805,-108,35,90,377,6,9,57
5805,-108,49,90,377,4,11,57
5805,-108,31,90,377,5,10,57
5805,-108,48,90,377,3,7,55
5805,-108,34,90,377,4,10,57
5805,-108,25,89,377,6,9,56
5805,-108,54,90,377,5,9,56
5805,-108,30,90,377,5,10,57
5805,-108,51,90,377,6,10,58
5805,-108,36,90,377,5,9,56
5805,-108,49,90,377,5,8,57
5805,-108,39,90,377,4,11,57
5805,-108,33,90,377,5,11,57
5805,-108,41,90,377,5,11,58
5805,-108,44,90,377,4,9,56
5805,-108,50,90,377,4,8,56
5805,-108,31,90,377,5,9,57
5805,-108,37,90,377,5,9,57
5805,-108,34,90,377,4,10,57
5805,-108,30,90,377,4,10,57
5805,-108,40,90,377,3,9,57
5805,-108,30,90,377,5,11,57
5805,-108,37,90,377,6,9,57
5805,-108,29,90,377,5,8,56
5805,-108,35,90,377,6,9,57
5805,-108,43,90,377,6,8,57
5805,-108,41,90,377,4,10,57
5805,-108,48,90,377,4,9,56
5805,-108,60,90,377,4,9,57
5805,-108,27,90,377,4,8,55
5805,-108,62,90,377,4,11,58
5805,-108,28,90,377,4,9,57
5805,-108,58,90,377,4,10,57
5805,-108,40,90,377,4,10,58
5805,-108,35,90,377,4,9,57
5805,-108,36,90,377,4,9,57
5805,-108,41,90,377,4,11,58
5805,-108,44,90,377,5,11,58
5805,-108,43,90,377,5,11,58
5805,-108,33,90,377,4,10,57
5805,-108,38,90,377,4,11,57
5805,-108,29,90,377,4,8,57
5805,-108,28,90,377,4,10,57
5805,-108,43,90,377,3,9,57
5805,-108,37,90,377,3,11,57
5805,-108,31,90,377,4,9,57
5805,-108,43,90,377,5,8,57
5805,-108,44,90,377,6,9,58
5805,-108,43,90,377,4,9,57
5805,-108,29,90,377,5,9,57
5805,-108,58,90,377,5,11,57
5805,-108,32,90,377,4,9,56
5805,-108,52,90,377,4,9,57
5805,-108,35,90,377,5,8,56
5805,-108,34,90,377,4,9,56
5805,-108,45,90,377,5,9,57
5805,-108,31,90,377,4,10,57
5805,-108,35,90,377,4,8,57
5805,-108,27,90,377,4,9,57
5805,-108,36,90,377,4,10,57
5805,-108,46,90,377,4,9,57
5805,-108,38,90,377,6,11,57
5805,-108,41,90,377,4,10,57
5805,-108,34,90,377,5,8,56
5805,-108,36,90,377,4,10,58
5805,-108,49,90,377,4,10,57
5805,-108,50,90,377,4,10,58
5805,-108,34,90,377,5,9,57
5805,-108,34,90,377,5,10,56
5805,-108,41,90,377,6,10,57
5805,-108,50,90,377,4,9,57
5805,-108,32,90,377,5,9,57
5805,-108,39,90,377,5,8,56
5805,-108,30,90,377,4,10,57
5805,-108,60,90,377,5,8,57
5805,-108,37,90,377,5,9,57
5805,-108,52,90,377,5,10,58
5805,-108,52,90,377,4,11,58
5805,-108,39,90,377,5,8,57
5805,-108,39,90,377,4,11,57
5805,-108,39,90,377,3,9,57
5805,-108,36,90,377,5,8,58
5805,-108,39,90,377,3,10,57
5805,-108,43,90,377,4,10,57
5805,-108,35,90,377,4,10,57
5805,-108,58,90,377,5,10,57
5805,-108,36,90,377,5,8,57
5805,-108,35,90,377,4,11,58
5805,-108,39,90,377,5,9,57
5805,-108,44,90,377,6,10,57
5805,-108,39,90,377,5,10,58
5805,-108,44,90,377,5,10,58
5805,-108,52,90,377,6,10,58
5805,-108,56,90,377,4,9,57
5805,-108,49,90,377,5,8,57
5805,-108,42,90,377,5,10,57
5805,-108,47,90,377,4,9,57
5805,-108,41,90,377,5,9,57
5805,-108,40,90,377,4,10,57
5805,-108,39,90,377,4,9,57
5805,-108,43,90,377,4,10,57
5805,-108,26,90,377,4,11,57
5805,-108,54,90,377,5,11,57
5805,-108,34,90,377,5,10,57
5805,-108,39,90,377,4,11,57
5805,-108,42,90,377,3,11,58
5805,-108,55,90,377,5,9,57
5805,-108,27,90,377,5,9,56
5805,-108,32,90,377,6,10,57
5805,-108,45,90,377,4,8,56
5805,-108,33,90,377,5,9,57
5805,-108,38,90,377,4,8,56
5805,-108,40,90,377,5,12,58
5805,-108,40,90,377,4,8,57
5805,-108,31,90,377,4,9,57
5805,-108,36,90,377,4,9,57
5805,-108,54,90,377,4,9,58
5805,-108,40,90,377,5,11,57
5805,-108,32,90,377,3,10,57
5805,-108,42,90,377,4,11,57
5805,-108,35,90,377,4,9,57
5805,-108,32,90,377,4,9,56
5805,-108,31,90,377,4,8,56
5805,-108,42,90,377,5,11,57
5805,-108,29,90,377,5,10,57
5805,-108,25,90,377,5,7,56
5805,-108,29,90,377,4,9,56
5805,-108,34,90,377,5,12,58
5805,-108,27,90,377,5,8,55
5805,-108,39,90,377,4,7,56
5805,-108,39,90,377,4,11,57
5805,-108,38,90,377,4,9,57
5805,-108,44,90,377,5,9,57
5805,-108,46,90,377,5,11,57
5805,-108,53,90,377,5,9,57
5805,-108,47,90,377,6,11,57
5805,-108,34,89,377,5,8,56
5805,-108,33,90,377,4,10,56
5805,-108,51,90,377,4,11,57
5805,-108,50,90,377,4,8,57
5805,-108,35,90,377,4,12,58
5805,-108,27,90,377,4,10,56
5805,-108,40,90,377,4,9,58
5805,-108,36,90,377,5,9,57
5805,-108,42,90,377,5,9,57
5805,-108,25,90,377,4,10,56
5805,-108,38,90,377,5,11,57
5805,-108,31,90,377,5,8,57
5805,-108,34,90,377,4,11,57
5805,-108,40,89,377,6,9,57
5805,-108,46,90,377,4,8,56
5805,-108,49,90,377,4,7,57
5805,-108,27,90,377,4,11,58
5805,-108,32,90,377,4,10,57
5805,-108,37,90,377,4,10,58
5805,-108,29,90,377,6,9,57
5805,-108,40,90,377,5,9,57
5805,-108,44,90,377,4,9,57
5805,-108,42,90,377,4,8,57
5805,-108,43,90,377,4,10,57
5805,-108,37,90,377,4,10,58
5805,-108,52,90,377,6,10,57
5805,-108,26,90,377,4,10,57
5805,-108,42,90,377,3,11,57
5805,-108,35,90,377,4,9,57
5805,-108,45,90,377,4,9,56
5805,-108,30,90,377,5,10,56
5805,-108,34,90,377,6,10,56
5805,-108,32,90,377,5,8,56
5805,-108,22,90,377,5,8,56
5805,-108,38,90,377,6,8,56
5805,-108,31,90,377,5,10,57
5805,-108,37,90,377,4,11,58
5805,-108,30,90,377,5,9,57
5805,-108,40,90,377,4,9,56
5805,-108,49,90,377,4,8,57
5805,-108,32,90,377,5,11,58
5805,-108,49,90,377,5,9,57
5805,-108,41,90,377,5,9,57
5805,-108,33,90,377,3,8,56
5805,-108,35,90,377,5,9,57
5805,-108,41,90,377,5,8,57
5805,-108,36,90,377,4,8,57
5805,-108,49,90,377,5,11,57
5805,-108,44,90,377,5,9,57
5805,-108,38,90,377,4,11,57
5805,-108,55,90,377,4,10,57
5805,-108,35,90,377,3,9,56
5805,-108,41,90,377,4,10,57
5805,-108,40,90,377,5,9,57
5805,-108,32,90,377,5,10,57
5805,-108,47,90,377,5,10,57
5805,-108,36,90,377,3,10,57
5805,-108,58,90,377,6,9,57
5805,-108,30,90,377,6,10,57
5805,-108,51,90,377,4,10,57
5805,-108,44,90,377,5,9,57
5805,-108,26,90,377,6,13,57
5805,-108,30,90,377,4,10,56
5805,-108,52,90,377,5,8,56
5805,-108,34,89,378,6,9,56
5805,-108,43,90,377,4,10,57
5805,-108,47,90,377,4,10,58
5805,-108,37,90,377,4,9,57
5805,-108,41,90,377,5,11,58
5805,-108,39,90,377,4,9,57
5805,-108,47,90,377,5,10,57
5805,-108,32,90,377,5,10,57
5805,-108,47,90,377,5,9,57
5805,-108,36,90,377,5,10,58
5805,-108,50,90,377,5,9,57
5805,-108,43,90,377,4,9,57
5805,-108,35,90,377,5,9,57
5805,-108,34,90,377,3,7,56
5805,-108,32,90,377,4,9,57
5805,-108,42,90,377,5,10,57
5805,-108,57,90,377,3,10,57
5805,-108,44,90,377,4,10,57
5805,-108,44,90,377,4,9,57
5805,-108,45,90,377,5,9,57
5805,-108,38,90,377,3,9,56
5805,-108,39,90,377,4,10,57
5805,-108,35,90,377,6,10,57
5805,-108,29,90,377,5,10,57
5805,-108,27,90,377,3,10,57
5805,-108,44,90,377,4,8,56
5805,-108,35,90,377,4,11,57
5805,-108,36,90,377,5,9,57
5805,-108,54,90,377,3,10,56
5805,-108,36,90,377,5,9,57
5805,-108,49,90,377,5,8,57
5805,-108,41,90,377,6,10,57
5805,-108,34,90,377,3,10,57
5805,-108,37,90,377,4,9,56
5805,-108,45,90,377,6,8,56
5805,-108,54,90,377,5,9,58
5805,-108,35,89,378,5,9,56
5805,-108,53,90,377,4,9,57
5805,-108,36,90,377,5,10,58
5805,-108,32,89,377,5,10,56
5805,-108,31,90,377,4,8,56
5805,-108,36,90,377,5,9,56
5805,-108,47,90,377,4,12,57
5805,-108,35,89,377,6,10,57
5805,-108,30,90,377,5,10,57
5805,-108,46,90,377,5,12,58
5805,-108,37,90,377,6,10,57
5805,-108,39,90,377,4,10,57
5805,-108,37,90,377,4,12,57
5805,-108,41,90,377,4,12,58
5805,-108,52,90,377,5,10,57
5805,-108,33,90,377,5,10,57
5805,-108,29,90,377,4,11,57
5805,-108,52,90,377,5,8,56
5805,-108,40,90,377,4,9,58
5805,-108,55,90,377,4,9,57
5805,-108,31,90,377,5,10,57
5805,-108,55,90,377,5,9,57
5805,-108,31,90,377,5,9,57
5805,-108,34,90,377,5,9,56
5805,-108,41,90,377,5,8,57
5805,-108,36,90,377,5,10,57
5805,-108,38,90,377,3,9,57
5805,-108,47,90,377,5,9,56
5805,-108,38,90,377,6,11,57
5805,-108,33,90,377,5,10,57
5805,-108,31,90,377,4,8,57
5805,-108,36,90,377,4,8,56
5805,-108,46,90,377,4,9,56
5805,-108,38,90,377,4,9,57
5805,-108,38,90,377,6,10,57
5805,-108,47,90,377,4,10,58
5805,-108,52,90,377,5,11,58
5805,-108,37,90,377,4,9,57
5805,-108,34,90,377,5,10,57
5805,-108,37,90,377,5,10,58
5805,-108,34,90,377,4,10,57
5805,-108,46,90,377,4,10,58
5805,-108,34,90,377,5,11,57
5805,-108,35,90,377,4,8,57
5805,-108,38,90,377,4,10,58
5805,-108,36,90,377,5,8,56
5805,-108,37,90,377,5,9,58
5805,-108,34,90,377,4,9,57
5805,-108,44,90,377,4,10,57
5805,-108,43,90,377,5,10,57
5805,-108,37,90,377,5,9,57
5805,-108,44,90,377,4,11,58
5805,-108,43,90,377,5,9,58
5805,-108,35,90,377,4,9,58
5805,-108,41,90,377,5,11,58
5805,-108,42,90,377,4,11,57
5805,-108,33,90,377,5,11,56
5805,-108,38,90,377,4,9,56
5805,-108,34,90,377,5,8,56
5805,-108,42,90,377,4,8,57
5805,-108,45,90,377,4,9,57
5805,-108,44,90,377,5,10,57
5805,-108,20,90,377,6,7,55
5805,-108,58,90,377,4,11,58
5805,-108,37,90,377,5,10,57
5805,-108,35,90,377,4,9,57
5805,-108,33,90,377,5,11,57
5805,-108,33,90,377,5,10,57
5805,-108,34,90,377,4,8,57
5805,-108,29,90,377,5,11,58
5805,-108,26,90,377,5,10,57
5805,-108,46,90,377,4,8,57
5805,-108,50,90,377,5,8,57
5805,-108,42,90,377,5,9,58
5805,-108,41,90,377,5,9,57
5805,-108,36,90,377,3,7,56
5805,-108,36,90,377,6,10,58
5805,-108,31,89,377,5,9,56
5805,-108,53,90,377,4,8,56
5805,-108,35,90,377,4,9,56
5805,-108,39,90,377,5,9,57
5805,-108,31,90,377,4,10,57
5805,-108,37,90,377,5,9,57
5805,-108,44,90,377,5,10,57
5805,-108,48,90,377,4,10,58
5805,-108,42,90,377,6,10,56
5805,-108,34,90,377,4,9,57
5805,-108,47,90,377,3,9,57
5805,-108,37,90,377,5,9,56
5805,-108,54,90,377,3,9,57
5805,-108,31,90,377,5,9,57
5805,-108,50,90,377,4,8,56
5805,-108,50,90,377,6,8,56
5805,-108,46,90,377,5,9,56
5805,-108,51,90,377,4,10,57
5805,-108,38,90,377,4,10,58
5805,-108,34,90,377,5,9,57
5805,-108,59,90,377,5,9,57
5805,-108,32,90,377,5,9,57
5805,-108,47,90,377,4,8,56
5805,-108,38,90,377,5,10,57
5805,-108,44,90,377,4,9,57
5805,-108,43,90,377,4,7,56
5805,-108,35,90,377,3,10,57
5805,-108,58,90,377,5,9,56
5805,-108,36,90,377,4,8,56
5805,-108,30,90,377,4,9,57
5805,-108,45,90,377,5,10,57
5805,-108,37,90,377,5,10,57
5805,-108,31,90,377,4,10,57
5805,-108,35,90,377,5,9,57
5805,-108,40,90,377,4,9,57
5805,-108,49,90,377,5,8,57
5805,-108,44,90,377,6,10,56
5805,-108,42,90,377,3,10,57
5805,-108,42,90,377,4,10,58
5805,-108,36,90,377,4,10,57
5805,-108,38,90,377,6,8,56
5805,-108,31,90,377,4,10,58
5805,-108,31,90,377,5,11,57
5805,-108,34,90,377,5,8,57
5805,-108,40,90,377,3,11,57
5805,-108,59,90,377,4,9,57
5805,-108,29,90,377,4,10,57
5805,-108,28,90,377,4,8,57
5805,-108,35,90,377,5,9,56
5805,-108,45,90,377,4,9,56
5805,-108,32,90,377,4,8,57
5805,-108,44,90,377,5,8,56
5805,-108,34,90,377,2,9,57
5805,-108,42,90,377,5,10,57
5805,-108,31,90,377,5,9,57
5805,-108,39,90,377,5,9,57
5805,-108,39,90,377,5,9,57
5805,-108,47,90,377,4,9,58
5805,-108,39,90,377,5,9,57
5805,-108,47,90,377,4,9,57
5805,-108,45,90,377,3,8,56
5805,-108,44,90,377,4,10,57
5805,-108,38,90,377,3,9,57
5805,-108,37,90,377,4,9,56
5805,-108,36,90,377,4,9,57
5805,-108,42,90,377,5,8,56
5805,-108,54,90,377,5,9,57
5805,-108,40,90,377,3,10,58
5805,-108,41,90,377,6,9,57
5805,-108,33,90,377,5,10,58
5805,-108,59,90,377,4,9,57
5805,-108,50,90,377,5,10,57
5805,-108,49,90,377,5,10,57
5805,-108,43,90,377,5,10,58
5805,-108,28,89,377,5,10,57
5805,-108,40,90,377,4,9,57
5805,-108,25,90,377,4,9,57
5805,-108,59,90,377,5,10,58
5805,-108,38,90,377,3,10,57
5805,-108,33,90,377,4,9,56
5805,-108,34,90,377,5,10,57
5805,-108,41,90,377,5,10,58
5805,-108,46,90,377,4,11,57
5805,-108,46,90,377,5,9,57
5805,-108,41,90,377,5,8,57
5805,-108,31,90,377,4,12,57
5805,-108,33,90,377,5,10,57
5805,-108,32,90,377,4,12,57
5805,-108,46,90,377,4,9,56
5805,-108,36,90,377,5,8,56
5805,-108,41,90,377,3,9,56
5805,-108,46,90,377,7,11,57
5805,-108,43,90,377,4,10,57
5805,-108,41,88,378,5,10,55
5805,-108,35,90,377,5,9,57
5805,-108,40,90,377,4,10,57
5805,-108,28,90,377,4,8,56
5805,-108,62,90,377,3,11,57
5805,-108,53,90,377,4,11,57
5805,-108,43,90,377,5,9,57
5805,-108,47,90,377,5,10,57
5805,-108,45,90,377,4,10,58
5805,-108,30,90,377,4,8,57
5805,-108,37,90,377,4,8,57
5805,-108,50,90,377,5,10,57
5805,-108,65,90,377,4,9,57
5805,-108,23,88,378,6,9,54
5805,-108,47,90,377,3,11,57
5805,-108,53,90,377,5,9,57
5805,-108,55,90,377,4,9,57
5805,-108,36,90,377,5,8,56
5805,-108,50,90,377,6,11,57
5805,-108,36,90,377,5,9,56
5805,-108,37,90,377,3,8,58
5805,-108,29,90,377,5,10,57
5805,-108,43,90,377,4,11,57
5805,-108,53,90,377,4,10,58
5805,-108,47,90,377,4,10,57
5805,-108,58,90,377,4,9,57
5805,-108,40,90,377,6,9,57
5805,-108,47,90,377,4,10,57
5805,-108,32,90,377,4,9,57
5805,-108,45,90,377,4,9,57
5805,-108,33,90,377,4,11,58
5805,-108,58,90,377,4,11,57
5805,-108,35,90,377,4,10,57
5805,-108,34,90,377,4,11,57
5805,-108,45,90,377,4,8,57
5805,-108,29,90,377,5,11,58
5805,-108,28,89,377,5,7,55
5805,-108,30,90,377,3,8,56
5805,-108,35,90,377,4,11,57
5805,-108,46,90,377,6,10,57
5805,-108,34,90,377,4,9,57
5805,-108,49,90,377,4,9,57
5805,-108,60,90,377,5,10,57
5805,-108,31,90,377,4,8,56
5805,-108,46,90,377,3,8,56
5805,-108,43,90,377,4,9,57
5805,-108,64,90,377,5,10,57
5805,-108,43,89,378,5,9,56
5805,-108,57,90,377,4,10,56
5805,-108,47,90,377,4,10,57
5805,-108,39,90,377,4,11,58
5805,-108,39,90,377,5,10,57
5805,-108,51,90,377,3,12,57
5805,-108,28,90,377,4,9,57
5805,-108,28,90,377,4,9,57
5805,-108,52,90,377,5,10,57
5805,-108,44,89,377,6,10,56
5805,-108,37,90,377,6,8,56
5805,-108,50,90,377,5,9,58
5805,-108,33,90,377,3,11,57
5805,-108,53,90,377,3,10,57
5805,-108,48,90,377,5,9,57
5805,-108,62,90,377,5,9,57
5805,-108,43,90,377,4,10,57
5805,-108,29,89,377,6,9,56
5805,-108,52,90,377,5,11,57
5805,-108,36,90,377,4,10,57
5805,-108,57,90,377,5,9,57
5805,-108,33,90,377,4,8,57
5805,-108,47,90,377,4,10,57
5805,-108,55,90,377,5,9,56
5805,-108,35,90,377,4,9,57
5805,-108,39,90,377,5,11,57
5805,-108,61,90,377,5,9,57
5805,-108,39,90,377,4,9,57
5805,-108,46,90,377,5,9,56
5805,-108,43,90,377,3,11,57
5805,-108,57,90,377,4,9,57
5805,-108,46,90,377,5,10,58
5805,-108,33,90,377,5,8,56
5805,-108,24,90,377,5,9,56
5805,-108,26,90,377,2,12,57
5805,-108,39,90,377,6,10,58
5805,-108,42,90,377,4,10,57
5805,-108,43,90,377,4,8,56
5805,-108,42,90,377,5,7,56
5805,-108,34,90,377,5,9,57
5805,-108,34,90,377,5,9,57
5805,-108,39,90,377,5,9,57
5805,-108,43,90,377,6,8,57
5805,-108,60,90,377,5,11,58
5805,-108,37,90,377,4,10,57
5805,-108,32,90,377,5,10,57
5805,-108,30,90,377,5,9,57
5805,-108,29,90,377,4,10,57
5805,-108,59,90,377,5,7,56
5805,-108,45,90,377,3,10,57
5805,-108,44,90,377,5,10,58
5805,-108,27,90,377,5,9,56
5805,-108,39,90,377,5,12,58
5805,-108,49,90,377,5,10,57
5805,-108,41,90,377,4,11,56
5805,-108,37,90,377,4,10,57
5805,-108,31,90,377,5,10,57
5805,-108,54,90,377,4,10,58
5805,-108,34,90,377,4,9,57
5805,-108,52,90,377,3,10,57
5805,-108,38,90,377,5,9,56
5805,-108,32,90,377,6,9,56
5805,-108,37,90,377,5,9,57
5805,-108,28,90,377,4,10,57
5805,-108,32,90,377,5,11,58
5805,-108,44,90,377,5,11,57
5805,-108,33,90,377,4,8,57
5805,-108,40,90,377,4,10,58
5805,-108,28,90,377,5,10,57
5805,-108,34,90,377,4,8,57
5805,-108,32,90,377,6,9,56
5805,-108,35,90,377,5,10,56
5805,-108,39,90,377,5,8,57
5805,-108,55,90,377,4,10,57
5805,-108,49,90,377,4,9,57
5805,-108,34,90,377,4,10,58
5805,-108,36,90,377,4,9,57
5805,-108,42,90,377,4,10,58
5805,-108,57,90,377,4,9,57
5805,-108,35,90,377,4,10,58
5805,-108,40,90,377,4,10,56
5805,-108,39,90,377,4,9,56
5805,-108,41,90,377,4,9,57
5805,-108,47,90,377,4,8,56
5805,-108,39,90,377,4,9,57
5805,-108,46,90,377,5,11,57
5805,-108,35,90,377,5,10,57
5805,-108,37,90,377,4,9,57
5805,-108,40,90,377,3,8,57
5805,-108,38,90,377,4,9,57
5805,-108,35,90,377,3,8,57
5805,-108,31,89,377,6,11,56
5805,-108,42,90,377,4,10,57
5805,-108,56,90,377,4,9,57
5805,-108,45,90,377,4,10,58
5805,-108,55,90,377,4,10,58
5805,-108,47,90,377,5,9,57
5805,-108,39,90,377,6,10,57
5805,-108,44,90,377,4,9,57
5805,-108,43,90,377,6,8,56
5805,-108,26,90,377,4,8,56
5805,-108,44,90,377,5,9,57
5805,-108,34,90,377,5,11,57
5805,-108,27,90,377,4,9,55
5805,-108,34,90,377,4,8,56
5805,-108,58,90,377,6,8,56
5805,-108,42,90,377,5,10,57
5805,-108,33,90,377,5,10,57
5805,-108,60,90,377,3,8,58
5805,-108,38,90,377,4,8,57
5805,-108,41,90,377,4,9,57
5805,-108,47,90,377,4,10,57
5805,-108,52,90,377,5,8,57
5805,-108,45,90,377,5,9,58
5805,-108,34,90,377,5,9,56
5805,-108,31,90,377,3,9,57
5805,-108,34,90,377,5,11,57
5805,-108,40,90,377,4,11,57
5805,-108,56,90,377,5,9,58
5805,-108,45,90,377,4,11,58
5805,-108,37,90,377,5,10,57
5805,-108,45,90,377,4,9,56
5805,-108,48,90,377,6,10,57
5805,-108,30,90,377,5,8,56
5805,-108,35,90,377,5,10,57
5805,-108,57,90,377,3,9,57
5805,-108,59,90,377,4,9,57
5805,-108,41,90,377,4,9,57
5805,-108,43,90,377,4,10,57
5805,-108,40,90,377,3,9,57
5805,-108,52,90,377,4,9,57
5805,-108,47,90,377,4,7,56
5805,-108,50,90,377,4,10,57
5805,-108,44,90,377,4,10,58
5805,-108,39,89,377,5,10,56
5805,-108,33,90,377,5,11,57
5805,-108,43,90,377,6,10,58
5805,-108,42,90,377,4,10,57
5805,-108,56,90,377,5,10,58
5805,-108,52,90,377,5,9,57
5805,-108,51,90,377,5,9,57
5805,-108,31,90,377,5,11,57
5805,-108,63,90,377,3,9,57
5805,-108,36,90,377,3,10,58
5805,-108,43,90,377,5,9,57
5805,-108,40,89,377,5,7,55
5805,-108,52,90,377,4,10,57
5805,-108,34,90,377,4,10,57
5805,-108,55,90,377,5,10,58
5805,-108,29,90,377,5,8,56
5805,-108,38,90,377,4,10,57
5805,-108,35,90,377,4,8,56
5805,-108,49,90,377,5,10,57
5805,-108,48,90,377,5,9,57
5805,-108,31,90,377,4,10,57
5805,-108,42,90,377,6,9,57
5805,-108,47,90,377,4,9,58
5805,-108,44,90,377,4,9,57
5805,-108,44,90,377,4,10,57
5805,-108,48,90,377,6,8,57
5805,-108,63,90,377,5,9,58
5805,-108,32,90,377,5,9,56
5805,-108,39,90,377,4,11,58
5805,-108,27,90,377,6,9,57
5805,-108,33,90,377,6,8,56
5805,-108,50,90,377,3,8,56
5805,-108,36,90,377,4,8,57
5805,-108,59,90,377,5,10,58
5805,-108,41,90,377,4,10,57
5805,-108,29,90,377,6,10,57
5805,-108,44,90,377,4,10,58
5805,-108,56,90,377,4,10,57
5805,-108,36,90,377,4,8,56
5805,-108,35,90,377,5,11,57
5805,-108,50,90,377,5,10,58
5805,-108,56,90,377,4,8,56
5805,-108,34,90,377,5,11,57
5805,-108,51,90,377,5,9,57
5805,-108,40,90,377,4,11,57
5805,-108,34,90,377,4,9,58
5805,-108,49,89,378,6,10,57
5805,-108,38,90,377,5,10,57
5805,-108,44,90,377,4,10,57
5805,-108,49,90,377,5,8,56
5805,-108,43,90,377,5,10,57
5805,-108,32,90,377,6,9,57
5805,-108,29,90,377,4,11,57
5805,-108,51,90,377,4,9,58
5805,-108,41,90,377,3,9,57
5805,-108,38,90,377,5,11,57
5805,-108,40,89,377,5,8,56
5805,-108,47,90,377,5,9,56
5805,-108,52,90,377,5,10,57
5805,-108,37,90,377,4,10,57
5805,-108,26,90,377,4,8,56
5805,-108,54,90,377,4,10,56
5805,-108,43,90,377,4,9,57
5805,-108,54,90,377,4,10,58
5805,-108,37,90,377,4,9,57
5805,-108,54,90,377,4,10,58
5805,-108,46,90,377,4,9,57
5805,-108,60,90,377,4,10,57
5805,-108,26,90,377,3,9,57
5805,-108,44,90,377,4,10,57
5805,-108,29,90,377,4,9,57
5805,-108,45,90,377,3,10,57
5805,-108,39,90,377,5,9,57
5805,-108,56,90,377,3,11,58
5805,-108,39,90,377,4,10,58
5805,-108,62,90,377,5,9,57
5805,-108,42,90,377,4,11,58
5805,-108,44,90,377,4,11,57
5805,-108,29,90,377,3,8,57
5805,-108,35,90,377,5,9,57
5805,-108,26,90,377,3,9,56
5805,-108,47,90,377,4,6,55
5805,-108,41,90,377,5,8,56
5805,-108,57,90,377,5,11,58
5805,-108,50,90,377,5,11,58
5805,-108,42,90,377,4,8,56
5805,-108,45,90,377,4,9,57
5805,-108,27,90,377,5,9,57
5805,-108,43,90,377,3,8,56
5805,-108,43,90,377,5,8,57
5805,-108,28,90,377,5,9,57
5805,-108,41,90,377,3,9,57
5805,-108,45,90,377,5,9,57
5805,-108,28,89,377,6,9,55
5805,-108,42,90,377,6,10,57
5805,-108,38,90,377,5,10,57
5805,-108,40,90,377,4,10,57
5805,-108,42,90,377,5,9,57
5805,-108,31,90,377,5,8,56
5805,-108,59,90,377,5,11,57
5805,-108,44,90,377,4,10,57
5805,-108,40,90,377,4,10,58
5805,-108,55,90,377,4,9,57
5805,-108,61,90,377,5,10,57
5805,-108,28,90,377,5,9,56
5805,-108,39,90,377,6,9,57
5805,-108,45,90,377,3,9,57
5805,-108,41,90,377,5,9,57
5805,-108,42,90,377,5,10,57
5805,-108,42,90,377,4,9,57
5805,-108,45,90,377,4,10,57
5805,-108,33,90,377,4,11,58
5805,-108,31,90,377,4,8,56
5805,-108,46,90,377,4,9,57
5805,-108,34,90,377,5,11,57
5805,-108,34,90,377,3,12,58
5805,-108,41,90,377,3,10,57
5805,-108,41,90,377,4,8,56
5805,-108,41,90,377,4,10,58
5805,-108,41,90,377,3,9,56
5805,-108,42,90,377,3,11,57
5805,-108,43,90,377,5,12,57
5805,-108,38,90,377,6,10,57
5805,-108,52,90,377,5,9,57
5805,-108,32,90,377,4,9,56
5805,-108,48,90,377,5,10,56
5805,-108,31,90,377,4,10,57
5805,-108,36,90,377,3,11,57
5805,-108,50,90,377,6,11,57
5805,-108,59,90,377,5,11,58
5805,-108,29,90,377,4,9,57
5805,-108,40,90,377,4,10,57
5805,-108,44,90,377,4,8,57
5805,-108,49,90,377,4,9,57
5805,-108,56,90,377,5,9,57
5805,-108,50,90,377,4,10,56
5805,-108,50,90,377,4,10,57
5805,-108,40,90,377,4,10,57
5805,-108,35,90,377,4,9,57
5805,-108,42,90,377,4,10,57
5805,-108,46,90,377,5,11,57
5805,-108,31,90,377,5,10,58
5805,-108,47,90,377,5,10,57
5805,-108,38,90,377,4,10,57
5805,-108,37,90,377,5,9,57
5805,-108,45,90,377,4,11,57
5805,-108,58,90,377,5,9,58
5805,-108,38,90,377,3,10,57
5805,-108,58,90,377,7,10,56
5805,-108,53,90,377,5,10,57
5805,-108,35,90,377,5,9,57
5805,-108,37,90,377,5,8,57
5805,-108,42,90,377,4,9,57
5805,-108,47,90,377,4,10,57
5805,-108,33,90,377,4,9,57
5805,-108,50,90,377,4,10,58
5805,-108,32,90,377,5,9,57
5805,-108,45,90,377,4,6,55
5805,-108,39,90,377,5,10,57
5805,-108,47,90,377,3,10,57
5805,-108,36,90,377,4,9,57
5805,-108,32,90,377,5,9,57
5805,-108,27,90,377,4,9,56
5805,-108,38,90,377,4,10,58
5805,-108,44,90,377,5,9,56
5805,-108,41,90,377,6,8,56
5805,-108,42,90,377,4,10,58
5805,-108,29,90,377,5,8,57
5805,-108,26,90,377,4,10,56
5805,-108,47,90,377,3,8,55
5805,-108,39,90,377,5,9,57
5805,-108,53,90,377,4,10,58
5805,-108,57,90,377,5,10,57
5805,-108,45,90,377,4,10,57
5805,-108,63,90,377,5,10,58
5805,-108,34,90,377,3,10,57
5805,-108,38,90,377,4,10,57
5805,-108,33,90,377,5,10,57
5805,-108,36,90,377,4,10,57
5805,-108,34,90,377,4,10,58
5805,-108,41,90,377,5,10,58
5805,-108,40,90,377,4,9,57
5805,-108,45,90,377,5,11,57
5805,-108,42,90,377,4,9,57
5805,-108,43,90,377,4,10,56
5805,-108,34,90,377,4,10,57
5805,-108,45,90,377,3,8,57
5805,-108,46,90,377,5,10,57
5805,-108,42,90,377,3,11,58
5805,-108,40,90,377,5,9,57
5805,-108,35,90,377,4,9,57
5805,-108,39,90,377,4,11,58
5805,-108,37,90,377,4,8,56
5805,-108,49,90,377,4,9,57
5805,-108,43,90,377,4,10,58
5805,-108,47,90,377,4,11,57
5805,-108,46,90,377,5,10,57
5805,-108,44,90,377,5,10,57
5805,-108,43,90,377,5,11,57
5805,-108,39,90,377,6,9,56
5805,-108,31,90,377,4,9,57
5805,-108,43,90,377,4,10,57
5805,-108,31,90,377,4,9,57
5805,-108,43,90,377,6,11,57
5805,-108,38,90,377,3,9,57
5805,-108,31,90,377,3,9,56
5805,-108,35,90,377,5,11,57
5805,-108,26,90,377,5,8,55
5805,-108,30,90,377,5,9,57
5805,-108,51,90,377,4,11,57
5805,-108,27,90,377,3,8,55
5805,-108,35,90,377,5,11,57
5805,-108,37,90,377,4,10,58
5805,-108,52,90,377,3,11,57
5805,-108,53,90,377,5,11,57
5805,-108,30,90,377,5,10,56
5805,-108,38,90,377,4,10,56
5805,-108,26,90,377,4,11,57
5805,-108,42,90,377,5,9,57
5805,-108,50,90,377,5,11,57
5805,-108,36,90,377,5,10,57
5805,-108,36,90,377,4,11,57
5805,-108,45,90,377,4,9,57
5805,-108,39,90,377,4,9,57
5805,-108,32,90,377,5,9,57
5805,-108,41,90,377,6,10,57
5805,-108,56,90,377,3,9,57
5805,-108,52,90,377,4,10,57
5805,-108,55,90,377,4,10,57
5805,-108,35,90,377,4,9,56
5805,-108,38,90,377,4,10,57
5805,-108,40,90,377,4,9,57
5805,-108,48,90,377,4,10,57
5805,-108,26,90,377,5,8,56
5805,-108,42,90,377,5,9,57
5805,-108,49,90,377,5,10,57
5805,-108,40,90,377,5,10,58
5805,-108,35,90,377,5,10,56
5805,-108,30,90,377,4,8,56
5805,-108,43,90,377,6,11,57
5805,-108,35,90,377,5,10,57
5805,-108,34,90,377,5,11,58
5805,-108,28,90,377,5,9,56
5805,-108,34,90,377,5,10,56
5805,-108,33,90,377,4,9,57
5805,-108,46,90,377,5,10,58
5805,-108,46,90,377,4,9,57
5805,-108,52,90,377,6,11,58
5805,-108,28,90,377,4,10,57
5805,-108,39,90,377,5,10,57
5805,-108,40,90,377,4,8,57
5805,-108,50,90,377,5,10,57
5805,-108,33,90,377,6,10,58
5805,-108,59,90,377,4,8,57
5805,-108,55,90,377,3,8,57
5805,-108,34,89,378,6,10,57
5805,-108,33,90,377,4,10,57
5805,-108,39,90,377,4,9,57
5805,-108,35,90,377,5,9,57
5805,-108,37,90,377,5,11,57
5805,-108,50,90,377,5,10,58
5805,-108,60,90,377,3,10,58
5805,-108,44,90,377,4,9,57
5805,-108,45,90,377,5,8,56
5805,-108,22,90,377,3,8,55
5805,-108,51,90,377,5,11,58
5805,-108,44,90,377,3,10,56
5805,-108,53,90,377,5,8,56
5805,-108,34,90,377,4,10,57
5805,-108,40,90,377,4,9,57
5805,-108,32,90,377,4,10,56
5805,-108,32,90,377,4,9,57
5805,-108,56,90,377,4,10,58
5805,-108,35,90,377,6,10,57
5805,-108,46,90,377,4,9,56
5805,-108,55,90,377,5,7,56
5805,-108,54,90,377,4,9,57
5805,-108,40,90,377,5,8,57
5805,-108,47,90,377,6,9,57
5805,-108,37,90,377,5,10,56
5805,-108,30,90,377,5,9,57
5805,-108,44,90,377,5,9,56
5805,-108,45,90,377,4,8,57
5805,-108,44,90,377,3,8,57
5805,-108,43,90,377,5,10,58
5805,-108,42,90,377,4,9,57
5805,-108,42,90,377,4,9,57
5805,-108,36,90,377,4,7,56
5805,-108,42,89,377,5,9,56
5805,-108,51,90,377,5,9,58
5805,-108,43,90,377,5,10,57
5805,-108,52,90,377,6,9,57
5805,-108,33,90,377,3,10,57
5805,-108,48,90,377,5,10,56
5805,-108,34,90,377,5,11,58
5805,-108,54,90,377,4,10,58
5805,-108,55,90,377,4,8,57
5805,-108,33,90,377,5,9,57
5805,-108,47,90,377,4,10,58
5805,-108,47,90,377,4,9,57
5805,-108,40,90,377,5,12,58
5805,-108,40,90,377,5,10,57
5805,-108,35,90,377,5,9,57
5805,-108,32,90,377,4,7,57
5805,-108,46,90,377,4,9,57
5805,-108,52,90,377,5,9,57
5805,-108,32,90,377,5,11,58
5805,-108,44,90,377,4,9,57
5805,-108,31,90,377,5,10,57
5805,-108,35,90,377,3,9,56
5805,-108,25,90,377,5,11,57
5805,-108,34,90,377,4,9,57
5805,-108,33,90,377,6,9,57
5805,-108,49,90,377,5,10,57
5805,-108,30,90,377,3,9,57
5805,-108,43,90,377,5,10,57
5805,-108,45,90,377,5,10,57
5805,-108,32,90,377,6,9,57
5805,-108,23,89,377,5,8,56
5805,-108,38,90,377,5,8,57
5805,-108,32,90,377,7,9,57
5805,-108,31,90,377,5,8,56
5805,-108,28,90,377,5,9,57
5805,-108,63,90,377,5,8,55
5805,-108,27,90,377,3,9,57
5805,-108,31,90,377,3,9,57
5805,-108,46,90,377,5,10,57
5805,-108,51,90,377,5,7,56
5805,-108,31,90,377,4,9,57
5805,-108,35,90,377,4,9,57
5805,-108,58,90,377,5,8,57
5805,-108,51,90,377,4,11,57
5805,-108,36,90,377,5,11,58
5805,-108,28,90,377,5,10,57
5805,-108,34,90,377,4,10,58
5805,-108,51,90,377,5,11,58
5805,-108,49,90,377,3,9,57
5805,-108,38,90,377,4,10,58
5805,-108,32,90,377,4,10,57
5805,-108,27,90,377,4,8,57
5805,-108,46,90,377,6,8,57
5805,-108,43,90,377,4,7,55
5805,-108,37,90,377,3,11,57
5805,-108,46,90,377,4,10,57
5805,-108,32,90,377,5,9,57
5805,-108,35,90,377,5,10,56
5805,-108,35,90,377,5,9,57
5805,-108,42,90,377,6,12,58
5805,-108,48,90,377,5,11,58
5805,-108,40,90,377,5,8,57
5805,-108,33,90,377,4,10,57
5805,-108,51,90,377,4,10,58
5805,-108,30,90,377,4,8,57
5805,-108,31,90,377,5,10,58
5805,-108,48,90,377,5,9,57
5805,-108,40,90,377,4,10,57
5805,-108,38,90,377,4,10,58
5805,-108,46,90,377,3,9,57
5805,-108,44,90,377,4,7,57
5805,-108,34,90,377,4,7,56
5805,-108,45,89,378,6,8,56
5805,-108,41,90,377,5,10,57
5805,-108,53,90,377,4,10,57
5805,-108,48,90,377,6,9,57
5805,-108,43,90,377,5,9,57
5805,-108,50,90,377,4,10,57
5805,-108,40,90,377,3,8,57
5805,-108,61,90,377,5,10,58
5805,-108,30,90,377,3,10,57
5805,-108,31,90,377,5,10,57
5805,-108,48,90,377,4,10,58
5805,-108,40,90,377,4,9,56
5805,-108,33,90,377,6,8,57
5805,-108,32,90,377,4,8,57
5805,-108,40,90,377,4,9,57
5805,-108,52,89,377,5,10,56
5805,-108,34,90,377,4,8,57
5805,-108,46,90,377,6,10,56
5805,-108,49,90,377,5,10,58
5805,-108,43,90,377,5,10,57
5805,-108,50,90,377,4,11,57
5805,-108,53,90,377,2,10,58
5805,-108,41,90,377,5,8,57
5805,-108,27,90,377,5,9,57
5805,-108,37,90,377,4,9,57
5805,-108,46,90,377,5,10,57
5805,-108,46,90,377,4,9,57
5805,-108,30,90,377,5,9,57
5805,-108,32,90,377,4,9,56
5805,-108,45,90,377,5,11,58
5805,-108,39,90,377,5,9,57
5805,-108,41,90,377,5,9,57
5805,-108,49,90,377,5,9,58
5805,-108,60,90,377,4,9,56
5805,-108,42,90,377,5,10,58
5805,-108,29,90,377,3,8,56
5805,-108,47,90,377,4,10,57
5805,-108,31,90,377,5,9,57
5805,-108,38,90,377,4,10,57
5805,-108,37,90,377,6,10,57
5805,-108,51,90,377,4,10,57
5805,-108,44,90,377,5,8,56
5805,-108,34,89,377,7,11,56
5805,-108,36,90,377,4,10,57
5805,-108,46,90,377,4,9,57
5805,-108,46,90,377,4,10,58
5805,-108,37,90,377,3,10,57
5805,-108,46,90,377,4,10,57
5805,-108,58,90,377,5,9,57
5805,-108,41,90,377,6,9,56
5805,-108,56,90,377,4,11,57
5805,-108,45,90,377,4,11,58
5805,-108,47,90,377,4,8,57
5805,-108,37,90,377,4,9,56
5805,-108,33,90,377,5,8,57
5805,-108,48,90,377,4,10,57
5805,-108,28,89,377,5,10,57
5805,-108,31,90,377,4,11,57
5805,-108,38,90,377,5,9,57
5805,-108,42,90,377,5,10,57
5805,-108,36,90,377,5,10,58
5805,-108,35,90,377,5,9,57
5805,-108,32,90,377,4,9,57
5805,-108,40,90,377,4,9,57
5805,-108,49,90,377,5,10,58
5805,-108,32,90,377,5,10,57
5805,-108,48,90,377,4,8,57
5805,-108,47,90,377,4,9,57
5805,-108,57,90,377,5,8,57
5805,-108,27,90,377,4,9,57
5805,-108,43,90,377,5,9,56
5805,-108,33,90,377,4,8,56
5805,-108,59,90,377,4,9,57
5805,-108,46,90,377,5,9,58
5805,-108,30,90,377,6,10,57
5805,-108,48,90,377,5,9,57
5805,-108,52,90,377,5,11,58
5805,-108,30,90,377,3,9,56
5805,-108,36,90,377,5,10,57
5805,-108,36,90,377,5,10,57
5805,-108,24,90,377,3,9,57
5805,-108,57,90,377,3,11,57
5805,-108,38,90,377,4,10,57
5805,-108,44,90,377,4,10,57
5805,-108,66,90,377,4,8,57
5805,-108,29,90,377,5,9,57
5805,-108,36,90,377,6,10,57
5805,-108,43,90,377,4,10,57
5805,-108,29,90,377,5,8,57
5805,-108,46,90,377,4,9,57
5805,-108,39,90,377,5,10,57
5805,-108,51,90,377,2,8,57
5805,-108,36,90,377,4,10,57
5805,-108,36,90,377,5,10,58
5805,-108,50,90,377,6,8,56
5805,-108,47,90,377,4,9,57
5805,-108,44,90,377,6,8,57
5805,-108,30,90,377,4,9,56
5805,-108,33,90,377,5,10,57
5805,-108,36,90,377,5,10,57
5805,-108,55,90,377,4,10,58
5805,-108,45,90,377,6,11,57
5805,-108,38,90,377,5,9,57
5805,-108,50,90,377,4,9,57
5805,-108,39,90,377,5,10,57
5805,-108,39,90,377,5,9,57
5805,-108,40,90,377,4,8,56
5805,-108,39,90,377,4,9,57
5805,-108,35,90,377,4,9,56
5805,-108,39,90,377,5,9,56
5805,-108,48,90,377,4,8,57
5805,-108,30,90,377,5,9,57
5805,-108,41,90,377,4,10,57
5805,-108,49,90,377,5,10,58
5805,-108,38,90,377,6,9,56
5805,-108,28,90,377,4,9,57
5805,-108,44,90,377,4,9,57
5805,-108,42,90,377,4,9,57
5805,-108,39,90,377,4,11,57
5805,-108,48,90,377,4,8,56
5805,-108,31,90,377,4,9,57
5805,-108,51,90,377,6,8,56
5805,-108,36,90,377,4,11,58
5805,-108,49,90,377,4,8,57
5805,-108,36,90,377,4,11,57
5805,-108,33,90,377,5,8,56
5805,-108,33,90,377,5,9,57
5805,-108,38,90,377,4,9,57
5805,-108,42,90,377,4,8,57
5805,-108,39,90,377,4,11,58
5805,-108,34,90,377,4,10,57
5805,-108,40,90,377,5,9,57
5805,-108,50,90,377,5,8,56
5805,-108,43,90,377,4,11,57
5805,-108,40,90,377,4,10,57
5805,-108,51,90,377,3,10,57
5805,-108,37,90,377,5,8,56
5805,-108,53,90,377,5,9,57
5805,-108,55,90,377,5,9,57
5805,-108,43,90,377,5,8,56
5805,-108,39,90,377,5,10,57
5805,-108,27,90,377,4,11,57
5805,-108,30,90,377,5,10,57
5805,-108,33,90,377,4,9,57
5805,-108,49,90,377,5,8,57
5805,-108,45,90,377,5,9,56
5805,-108,36,90,377,5,10,57
5805,-108,31,90,377,3,9,57
5805,-108,36,90,377,5,9,57
5805,-108,47,90,377,5,10,57
5805,-108,27,90,377,4,8,56
5805,-108,36,90,377,4,9,57
5805,-108,30,90,377,6,10,57
5805,-108,29,90,377,6,10,57
5805,-108,29,90,377,5,9,57
5805,-108,34,90,377,5,9,57
5805,-108,39,90,377,5,10,57
5805,-108,49,90,377,5,9,57
5805,-108,31,90,377,4,9,56
5805,-108,52,90,377,5,8,57
5805,-108,38,90,377,6,8,57
5805,-108,41,90,377,4,9,57
5805,-108,35,90,377,3,8,57
5805,-108,40,90,377,5,10,56
5805,-108,62,90,377,5,10,58
5805,-108,34,90,377,3,9,57
5805,-108,48,90,377,5,11,58
5805,-108,43,90,377,5,8,57
5805,-108,54,90,377,4,9,57
5805,-108,53,90,377,4,10,56
5805,-108,41,90,377,5,11,57
5805,-108,40,90,377,3,8,56
5805,-108,39,90,377,3,9,57
5805,-108,26,90,377,5,11,57
5805,-108,65,90,377,4,9,57
5805,-108,40,90,377,5,10,58
5805,-108,40,90,377,3,9,57
5805,-108,34,90,377,4,9,57
5805,-108,27,90,377,4,11,57
5805,-108,41,90,377,5,9,55
5805,-108,32,90,377,5,10,57
5805,-108,44,90,377,3,10,58
5805,-108,41,90,377,5,10,57
5805,-108,48,90,377,3,11,57
5805,-108,43,89,377,7,8,56
5805,-108,30,90,377,3,9,56
5805,-108,40,90,377,3,11,57
5805,-108,42,90,377,5,8,56
5805,-108,29,90,377,4,12,58
5805,-108,52,90,377,5,9,56
5805,-108,36,90,377,4,9,57
5805,-108,49,90,377,5,10,57
5805,-108,53,89,378,6,8,56
5805,-108,34,90,377,6,9,56
5805,-108,31,90,377,4,8,57
5805,-108,28,90,377,3,9,56
5805,-108,42,90,377,5,9,57
5805,-108,33,90,377,4,8,57
5805,-108,28,90,377,5,8,56
5805,-108,42,90,377,5,9,57
5805,-108,45,90,377,5,8,57
5805,-108,37,90,377,4,9,57
5805,-108,40,90,377,4,10,57
5805,-108,30,90,377,4,7,55
5805,-108,34,90,377,5,11,58
5805,-108,36,90,377,4,10,57
5805,-108,42,90,377,4,9,57
5805,-108,33,90,377,5,9,57
5805,-108,48,90,377,5,9,57
5805,-108,27,90,377,5,8,55
5805,-108,34,90,377,5,10,58
5805,-108,40,90,377,4,8,56
5805,-108,43,90,377,3,10,57
5805,-108,41,90,377,3,9,57
5805,-108,48,90,377,6,9,57
5805,-108,43,90,377,4,10,57
5805,-108,49,90,377,5,11,58
5805,-108,40,90,377,4,10,58
5805,-108,28,90,377,4,7,56
5805,-108,43,90,377,5,11,57
5805,-108,54,90,377,5,8,57
5805,-108,38,90,377,5,9,57
5805,-108,36,90,377,4,7,56
5805,-108,31,90,377,5,9,57
5805,-108,35,90,377,5,8,56
5805,-108,42,90,377,5,9,55
5805,-108,44,90,377,4,10,57
5805,-108,39,90,377,5,10,57
5805,-108,36,90,377,6,10,57
5805,-108,41,90,377,4,9,57
5805,-108,55,90,377,4,9,57
5805,-108,37,90,377,5,10,57
5805,-108,48,90,377,3,9,57
5805,-108,37,90,377,4,8,56
5805,-108,48,90,377,4,10,57
5805,-108,48,90,377,4,11,58
5805,-108,35,90,377,6,9,56
5805,-108,29,89,377,4,10,56
5805,-108,51,90,377,4,10,57
5805,-108,42,90,377,4,9,57
5805,-108,34,90,377,4,9,57
5805,-108,39,90,377,3,10,58
5805,-108,40,90,377,4,9,58
5805,-108,46,90,377,4,9,57
5805,-108,44,90,377,3,10,57
5805,-108,32,90,377,5,9,57
5805,-108,40,90,377,5,10,58
5805,-108,34,90,377,4,9,57
5805,-108,32,90,377,6,10,57
5805,-108,59,90,377,5,10,57
5805,-108,27,89,377,4,8,55
5805,-108,50,90,377,5,11,57
5805,-108,38,90,377,4,8,56
5805,-108,47,90,377,5,10,57
5805,-108,33,90,377,4,9,57
5805,-108,45,90,377,4,10,57
5805,-108,31,90,377,5,6,56
5805,-108,39,90,377,5,11,58
5805,-108,35,90,377,4,10,57
5805,-108,38,90,377,4,11,56
5805,-108,50,90,377,6,11,57
5805,-108,35,90,377,5,10,57
5805,-108,42,90,377,5,8,57
5805,-108,30,90,377,5,11,58
5805,-108,45,90,377,3,10,57
5805,-108,42,90,377,5,10,57
5805,-108,38,90,377,5,8,57
5805,-108,30,90,377,4,10,58
5805,-108,49,90,377,5,10,57
5805,-108,31,90,377,5,9,56
5805,-108,41,90,377,4,10,56
5805,-108,59,90,377,5,10,57
5805,-108,39,90,377,5,11,58
5805,-108,31,90,377,5,9,56
5805,-108,52,89,377,5,8,56
5805,-108,27,90,377,4,9,57
5805,-108,54,90,377,5,9,58
5805,-108,43,90,377,4,11,57
5805,-108,38,90,377,5,10,58
5805,-108,64,90,377,5,9,57
5805,-108,27,90,377,5,10,56
5805,-108,50,90,377,4,10,57
5805,-108,34,90,377,5,10,58
5805,-108,52,90,377,6,10,57
5805,-108,36,90,377,5,9,56
5805,-108,44,90,377,4,8,57
5805,-108,34,90,377,4,10,57
5805,-108,47,90,377,5,9,57
5805,-108,36,90,377,5,8,57
5805,-108,31,90,377,5,9,56
5805,-108,47,90,377,4,11,58
5805,-108,48,90,377,4,8,56
5805,-108,30,90,377,5,10,57
5805,-108,40,90,377,5,8,57
5805,-108,50,90,377,6,8,57
5805,-108,34,90,377,4,9,57
5805,-108,46,90,377,4,10,57
5805,-108,51,90,377,4,9,57
5805,-108,30,90,377,6,9,57
5805,-108,34,90,377,6,9,57
5805,-108,40,90,377,6,9,57
5805,-108,64,90,377,4,10,58
5805,-108,36,90,377,4,10,57
5805,-108,46,90,377,5,9,56
5805,-108,45,90,377,3,8,56
5805,-108,34,90,377,4,11,57
5805,-108,60,90,377,4,10,57
5805,-108,40,90,377,4,11,57
5805,-108,39,90,377,4,10,58
5805,-108,33,90,377,4,11,57
5805,-108,28,90,377,5,9,57
5805,-108,35,90,377,5,10,57
5805,-108,35,90,377,4,10,57
5805,-108,48,90,377,4,9,57
5805,-108,46,90,377,5,9,57
5805,-108,32,90,377,4,9,57
5805,-108,33,90,377,4,12,58
5805,-108,34,90,377,3,9,57
5805,-108,33,90,377,4,8,56
5805,-108,38,90,377,4,11,57
5805,-108,33,90,377,4,9,57
5805,-108,27,90,377,4,9,56
5805,-108,33,90,377,5,10,57
5805,-108,40,90,377,3,10,57
5805,-108,48,90,377,4,9,57
5805,-108,34,90,377,5,9,57
5805,-108,47,90,377,4,10,57
5805,-108,36,90,377,5,10,57
5805,-108,37,90,377,5,9,57
5805,-108,30,90,377,6,9,57
5805,-108,34,90,377,6,10,57
5805,-108,26,90,377,5,8,56
5805,-108,34,90,377,5,9,57
5805,-108,52,90,377,5,10,57
5805,-108,51,90,377,5,11,57
5805,-108,52,90,377,5,10,58
5805,-108,45,90,377,5,10,58
5805,-108,49,90,377,5,9,57
5805,-108,34,90,377,5,9,56
5805,-108,51,90,377,5,8,57
5200,-105,74,87,377,8,9,59
5200,-105,73,86,377,6,9,58
5200,-105,62,87,376,6,8,58
5200,-105,67,85,378,7,9,57
5200,-105,59,87,377,5,8,58
5200,-105,61,86,377,6,8,57
5200,-105,64,88,376,5,9,59
5200,-105,49,86,377,5,8,57
5200,-105,56,88,376,4,8,59
5200,-105,54,87,377,5,7,57
5200,-105,72,83,381,5,0,55
5200,-105,73,89,374,6,10,59
5200,-105,55,88,375,5,10,59
5200,-105,67,89,375,3,8,60
5200,-105,54,88,376,6,11,60
5200,-105,61,89,374,3,8,59
5200,-105,66,87,376,5,9,58
5200,-105,57,87,377,5,9,59
5200,-105,56,88,376,5,9,59
5200,-105,52,87,376,5,10,59
5200,-105,46,86,377,4,8,57
5200,-105,49,87,376,5,9,59
5200,-105,59,88,376,4,8,59
5200,-105,33,86,378,6,11,57
5200,-105,51,88,376,6,8,59
5200,-105,44,87,376,4,8,57
5200,-105,58,88,376,5,8,59
5200,-105,61,89,375,4,8,60
5200,-105,50,88,376,6,7,58
5200,-105,47,86,378,5,7,57
5200,-105,36,86,377,6,8,57
5200,-105,40,87,377,7,8,57
5200,-105,37,87,377,4,10,58
5200,-105,56,87,377,5,9,59
5200,-105,37,86,378,5,7,57
5200,-105,45,87,377,4,7,58
5200,-105,45,87,377,4,7,58
5200,-105,46,87,377,6,7,58
5200,-105,46,87,377,4,7,59
5200,-105,36,87,377,6,6,57
5200,-105,55,86,377,5,8,57
5200,-105,50,86,378,7,7,57
5200,-105,48,87,377,4,5,57
5200,-105,35,87,377,5,7,58
5200,-105,40,87,377,5,9,58
5200,-105,46,71,392,6,9,44
5200,-105,53,75,388,5,10,48
5200,-105,61,87,377,4,11,59
5200,-105,42,87,377,5,11,59
5200,-105,42,87,377,5,9,58
5200,-105,48,87,377,4,10,58
5200,-105,75,87,377,5,8,58
5200,-105,34,87,377,5,9,57
5200,-105,32,86,377,5,9,57
5200,-105,44,87,377,5,8,57
5200,-105,48,85,378,6,10,56
5200,-105,38,87,377,4,9,58
5200,-105,37,87,377,4,11,59
5200,-105,31,85,378,6,8,55
5200,-105,59,87,377,5,10,59
5200,-105,58,87,377,3,8,59
5200,-105,47,86,377,5,10,58
5200,-105,44,87,377,5,10,58
5200,-105,32,87,377,6,7,58
5200,-105,54,87,377,4,9,58
5200,-105,61,87,377,4,9,59
5200,-105,49,87,377,4,9,59
5200,-105,59,87,377,4,9,57
5200,-105,49,85,379,6,8,56
5200,-105,44,87,377,5,9,59
5200,-105,56,86,377,5,10,57
5200,-105,63,87,377,6,10,59
5200,-105,58,86,377,5,9,57
5200,-105,57,86,377,6,8,57
5200,-105,76,87,377,4,8,58
5200,-105,77,87,377,3,10,58
5200,-105,72,87,377,3,6,58
5200,-105,56,86,377,5,8,57
5200,-105,45,87,377,4,9,59
5200,-105,66,87,377,5,8,59
5200,-105,75,87,377,4,9,58
5200,-105,81,87,377,5,10,58
5200,-105,42,87,377,5,10,58
5200,-105,90,86,378,5,9,57
5200,-105,92,87,377,5,9,59
5200,-105,56,87,377,4,9,59
5200,-105,63,87,377,5,9,58
5200,-105,33,85,378,6,7,56
5200,-105,49,86,377,5,8,57
5200,-105,80,87,377,5,8,59
5200,-105,51,87,377,5,10,58
5200,-105,57,85,378,5,8,56
5200,-105,65,87,377,3,11,58
5200,-105,76,87,377,5,9,58
5200,-105,60,85,379,7,9,55
5200,-105,52,87,377,6,10,58
5200,-105,82,87,377,4,11,59
5200,-105,55,86,377,5,8,57
5200,-105,65,86,377,5,10,57
5200,-105,76,87,377,5,10,59
5200,-105,77,87,377,5,8,58
5200,-105,63,87,377,4,7,57
5200,-105,72,87,377,5,10,58
5200,-105,68,87,377,5,11,58
5200,-105,67,87,377,5,9,58
5200,-105,63,87,377,6,9,59
5200,-105,65,87,377,5,9,58
5200,-105,83,87,377,5,9,59
5200,-105,73,87,377,4,8,58
5200,-105,76,87,377,5,9,58
5200,-105,84,88,376,5,12,61
5200,-105,105,88,376,6,0,59
5200,-105,47,86,378,6,9,57
5200,-105,52,86,377,5,9,57
5200,-105,72,87,377,6,8,58
5200,-105,63,87,377,5,8,58
5200,-105,60,87,377,5,10,59
5200,-105,63,87,377,5,8,58
5200,-105,59,87,376,5,10,59
5200,-105,73,87,377,4,9,58
5200,-105,64,88,375,5,8,59
5200,-105,63,89,374,3,10,61
5200,-105,80,90,374,5,9,60
5200,-105,68,87,377,5,9,58
5200,-105,64,88,376,4,10,60
5200,-105,55,89,374,5,9,60
5200,-105,56,87,376,4,9,59
5200,-105,69,88,376,4,9,59
5200,-105,51,88,375,5,9,59
5200,-105,63,87,377,5,9,58
5200,-105,68,87,376,4,10,59
5200,-105,44,88,375,5,8,58
5200,-105,68,86,377,5,8,57
5200,-105,90,88,375,3,10,60
5200,-105,71,90,374,4,8,61
5200,-105,50,86,377,6,9,58
5200,-105,94,90,374,3,10,61
5200,-105,52,87,377,5,8,57
5200,-105,76,90,374,3,10,62
5200,-105,59,87,376,4,9,58
5200,-105,68,87,376,5,10,59
5200,-105,60,88,376,4,10,59
5200,-105,37,86,377,6,9,57
5200,-105,65,89,375,5,10,60
5200,-105,44,88,376,4,8,59
5200,-105,37,87,377,5,8,58
5200,-105,44,86,378,6,8,56
5200,-105,44,89,374,4,9,60
5200,-105,69,89,374,5,11,60
5200,-105,45,87,377,5,10,59
5200,-105,45,86,377,6,8,57
5200,-105,51,89,375,3,8,60
5200,-105,39,85,378,6,9,57
5200,-105,35,87,377,4,9,58
5200,-105,33,88,376,5,8,58
5200,-105,39,87,376,6,8,58
5200,-105,48,86,377,7,9,57
5200,-105,34,87,376,6,8,57
5200,-105,49,75,389,4,11,48
5200,-105,44,75,389,5,9,47
5200,-105,46,75,389,5,8,47
5200,-105,46,75,389,5,9,48
5200,-105,47,75,389,5,10,48
5200,-105,44,75,389,5,10,47
5200,-105,44,75,389,4,10,47
5200,-105,50,75,389,5,8,47
5200,-105,52,75,389,6,12,47
5200,-105,49,82,381,20,11,61
5200,-105,61,87,377,13,11,59
5200,-105,46,87,377,4,8,58
5200,-105,38,88,376,5,9,58
5200,-105,27,86,378,5,8,57
5200,-105,50,86,377,6,11,58
5200,-105,32,87,377,5,8,57
5200,-105,36,87,376,3,8,57
5200,-105,43,87,377,5,9,58
5200,-105,36,87,377,4,10,59
5200,-105,36,88,376,4,7,58
5200,-105,65,88,375,4,6,58
5200,-105,54,87,376,4,9,58
5200,-105,41,87,376,6,6,57
5200,-105,42,87,377,6,10,59
5200,-105,35,86,377,5,10,57
5200,-105,62,87,377,5,7,58
5200,-105,50,87,376,5,7,57
5200,-105,53,88,376,5,7,59
5200,-105,51,87,377,5,8,59
5200,-105,50,75,389,4,9,48
5200,-105,50,75,389,4,11,48
5200,-105,56,75,389,6,10,48
5200,-105,50,75,389,6,10,47
5200,-105,49,75,389,4,9,48
5200,-105,49,75,389,6,10,48
5200,-105,55,75,389,5,10,48
5200,-105,53,75,389,6,10,48
5200,-105,59,75,389,4,11,48
5200,-105,49,75,389,5,7,47
5200,-105,50,75,389,5,12,46
5200,-105,47,75,389,4,10,48
5200,-105,50,75,389,4,9,48
5200,-105,59,75,389,5,8,48
5200,-105,51,75,389,4,9,47
5200,-105,51,75,389,6,12,48
5200,-105,52,75,389,5,9,48
5200,-105,58,75,389,6,9,48
5200,-105,61,75,389,5,10,48
5200,-105,58,75,389,4,11,49
5200,-105,65,75,389,6,9,49
5200,-105,52,75,389,4,10,48
5200,-105,57,75,389,5,12,48
5200,-105,58,75,389,5,10,49
5200,-105,57,75,389,4,7,48
5200,-105,48,75,389,5,10,47
5200,-105,52,75,389,5,10,48
5200,-105,53,75,389,6,10,48
5200,-105,56,86,378,6,10,59
5200,-105,66,87,377,4,7,58
5200,-105,68,81,383,20,11,58
5200,-105,38,80,383,17,10,57
5200,-105,72,84,380,4,10,56
5200,-105,62,84,379,9,8,57
5200,-105,65,84,379,9,12,61
5200,-105,62,86,377,5,9,57
5200,-105,58,87,377,5,9,58
5200,-105,78,88,375,4,9,59
5200,-105,40,80,384,19,10,57
5200,-105,64,87,376,11,7,59
5200,-105,66,88,375,5,10,60
5200,-105,68,86,378,5,9,58
5200,-105,43,85,378,5,8,56
5200,-105,55,87,376,4,9,58
5200,-105,51,81,383,7,63,53
5200,-105,62,87,377,6,8,58
5200,-105,66,85,378,5,9,57
5200,-105,72,87,377,5,8,59
5200,-105,37,85,378,5,10,57
5200,-105,61,88,375,4,9,59
5200,-105,40,85,378,5,8,56
5200,-105,41,88,376,5,8,58
5200,-105,48,86,377,5,9,57
5200,-105,59,88,376,5,8,59
5200,-105,75,88,376,4,11,60
5200,-105,53,88,376,4,9,59
5200,-105,63,89,375,4,11,61
5200,-105,32,87,377,6,10,58
5200,-105,56,88,376,6,10,59
5200,-105,47,87,377,5,10,58
5200,-105,33,87,376,5,9,58
5200,-105,54,88,376,4,8,60
5200,-105,54,87,376,5,8,58
5200,-105,60,90,374,4,10,62
5200,-105,54,87,376,4,10,58
5200,-105,50,88,375,4,9,59
5200,-105,44,87,377,5,10,59
5200,-105,32,86,377,5,8,56
5200,-105,69,88,376,4,10,60
5200,-105,58,88,375,5,9,59
5200,-105,42,87,377,5,9,58
5200,-105,50,87,377,5,7,57
5200,-105,56,87,377,6,10,58
5200,-105,50,87,377,4,9,58
5200,-105,43,85,379,5,9,57
5200,-105,36,87,377,6,9,58
5200,-105,65,87,377,5,9,59
5200,-105,45,86,378,5,10,58
5200,-105,50,90,374,4,10,61
5200,-105,40,88,375,4,9,60
5200,-105,43,89,374,4,10,61
5200,-105,45,80,384,22,12,58
5200,-105,35,82,382,6,62,53
5200,-105,64,87,377,5,9,58
5200,-105,60,87,377,4,9,59
5200,-105,52,87,377,4,8,58
5200,-105,44,87,377,4,11,59
5200,-105,45,87,377,5,9,58
5200,-105,49,86,377,4,9,57
5200,-105,60,87,377,6,11,59
5200,-105,50,87,377,6,9,58
5200,-105,43,86,377,4,8,57
5200,-105,35,87,377,3,10,59
5200,-105,55,86,377,5,9,57
5200,-105,43,87,377,4,9,58
5200,-105,53,86,377,5,10,57
5200,-105,37,87,377,4,10,58
5200,-105,49,87,377,6,7,56
5200,-105,58,87,377,5,9,58
5200,-105,64,87,377,5,9,58
5200,-105,62,87,377,6,12,59
5200,-105,51,87,377,5,11,59
5200,-105,52,87,377,5,8,58
5200,-105,70,87,377,4,9,58
5200,-105,92,87,377,4,10,59
5200,-105,41,87,377,5,8,58
5200,-105,66,87,377,4,11,59
5200,-105,75,86,378,6,9,58
5200,-105,43,87,377,4,9,58
5200,-105,70,87,377,5,10,59
5200,-105,46,87,377,6,8,58
5200,-105,52,87,377,5,8,58
5200,-105,59,86,377,4,10,58
5200,-105,57,87,377,4,8,57
5200,-105,87,87,377,4,9,58
5200,-105,65,86,378,6,10,57
5200,-105,83,87,377,5,8,58
5200,-105,54,87,377,5,9,58
5200,-105,84,87,377,4,8,58
5200,-105,51,85,379,7,9,57
5200,-105,56,87,376,5,7,58
5200,-105,65,88,376,4,8,59
5200,-105,58,86,377,5,9,58
5200,-105,79,89,375,4,11,61
5200,-105,62,86,377,5,8,57
5200,-105,44,79,384,8,61,50
5200,-105,68,82,381,6,63,53
5200,-105,51,81,383,6,62,52
5200,-105,53,81,383,6,63,53
5200,-105,59,89,375,6,10,61
5200,-105,79,87,377,6,9,59
5200,-105,57,88,376,4,8,58
5200,-105,54,86,378,6,9,58
5200,-105,63,87,376,4,8,58
5200,-105,66,88,376,6,9,59
5200,-105,74,88,375,4,9,59
5200,-105,75,89,374,5,11,61
5200,-105,86,88,376,4,8,59
5200,-105,61,88,376,4,10,60
5200,-105,54,87,377,6,10,58
5200,-105,106,89,375,4,9,60
5200,-105,87,88,375,5,10,60
5200,-105,72,88,375,3,10,59
5200,-105,61,88,376,5,8,59
5200,-105,69,88,375,5,9,60
5200,-105,83,89,374,4,8,60
5200,-105,94,90,374,3,9,61
5200,-105,64,88,376,5,8,59
5200,-105,65,87,377,5,7,58
5200,-105,46,87,377,5,9,58
5200,-105,61,86,377,5,9,57
5200,-105,63,88,375,5,9,59
5200,-105,53,85,378,10,10,57
5200,-105,93,88,376,4,9,60
5200,-105,47,88,376,3,11,59
5200,-105,36,87,376,5,7,57
5200,-105,58,86,377,5,9,57
5200,-105,54,86,377,5,6,57
5200,-105,56,87,377,8,7,58
5200,-105,51,89,375,4,8,60
5200,-105,47,88,375,4,9,59
5200,-105,51,87,376,4,10,57
5200,-105,33,86,377,6,9,58
5200,-105,49,87,376,4,11,59
5200,-105,56,88,376,5,11,59
5200,-105,61,89,375,4,9,60
5200,-105,65,88,376,4,8,58
5200,-105,67,86,377,5,8,57
5200,-105,63,88,376,4,9,59
5200,-105,41,87,376,4,7,57
5200,-105,47,89,374,3,7,60
5200,-105,53,87,376,5,7,58
5200,-105,63,87,376,6,9,58
5200,-105,56,88,375,4,10,59
5200,-105,39,87,376,5,9,58
5200,-105,53,87,377,5,9,59
5200,-105,49,89,374,5,8,59
5200,-105,47,88,376,5,8,59
5200,-105,46,86,377,5,9,57
5200,-105,65,87,377,5,10,58
5200,-105,38,87,376,4,7,58
5200,-105,53,88,376,4,8,58
5200,-105,50,87,376,5,9,58
5200,-105,34,86,377,5,8,57
5200,-105,45,88,376,4,8,59
5200,-105,42,87,377,4,10,58
5200,-105,73,88,376,5,8,58
5200,-105,44,88,375,4,9,59
5200,-105,49,87,377,5,10,59
5200,-105,40,85,378,5,9,56
5200,-105,41,86,377,6,8,56
5200,-105,34,87,377,5,10,58
5200,-105,52,85,379,7,1,56
5200,-105,37,87,377,6,10,57
5200,-105,45,88,375,4,10,59
5200,-105,34,86,377,5,9,57
5200,-105,40,88,376,6,9,59
5200,-105,46,86,378,5,10,57
5200,-105,37,88,375,4,7,58
5200,-105,64,89,375,4,8,59
5200,-105,42,86,377,5,9,57
5200,-105,40,89,375,4,9,60
5200,-105,30,87,377,4,10,58
5200,-105,41,88,376,5,10,59
5200,-105,32,86,377,5,8,57
5200,-105,40,87,377,5,8,58
5200,-105,51,88,376,6,9,59
5200,-105,49,89,375,5,8,60
5200,-105,30,87,377,6,9,58
5200,-105,36,87,376,6,10,59
5200,-105,54,89,375,3,9,60
5200,-105,32,87,376,3,9,58
5200,-105,57,90,374,3,10,61
5200,-105,33,86,377,4,8,57
5200,-105,35,85,378,5,10,57
5200,-105,76,90,374,4,11,61
5200,-105,76,90,374,4,8,60
5200,-105,61,87,376,4,11,59
5200,-105,50,87,376,5,7,58
5200,-105,90,89,375,5,8,60
5200,-105,41,86,378,6,10,57
5200,-105,32,87,377,4,10,58
5200,-105,43,88,375,4,10,59
5200,-105,41,87,376,5,10,58
5200,-105,42,87,376,5,9,58
5200,-105,55,87,376,4,9,58
5200,-105,48,88,375,5,10,59
5200,-105,47,87,376,5,8,57
5200,-105,49,88,376,6,8,59
5200,-105,71,88,375,3,8,59
5200,-105,66,88,375,5,8,59
5200,-105,54,89,375,4,8,60
5200,-105,38,87,377,6,8,57
5200,-105,71,87,376,5,9,58
5200,-105,41,88,376,5,10,59
5200,-105,53,88,376,4,11,60
5200,-105,61,88,375,4,9,58
5200,-105,71,90,374,3,10,62
5200,-105,41,85,378,6,8,56
5200,-105,54,88,375,4,9,60
5200,-105,54,88,376,4,9,59
5200,-105,68,88,376,5,8,59
5200,-105,63,87,376,4,8,59
5200,-105,53,87,377,6,8,59
5200,-105,57,86,377,4,9,57
5200,-105,60,88,376,4,9,59
5200,-105,52,86,377,5,10,58
5200,-105,60,89,374,4,9,59
5200,-105,85,89,375,5,7,59
5200,-105,52,87,376,6,9,58
5200,-105,52,86,378,4,9,58
5200,-105,77,89,375,3,7,59
5200,-105,57,87,376,4,8,59
5200,-105,73,88,376,4,8,58
5200,-105,105,89,375,4,11,61
5200,-105,52,85,379,6,8,55
5200,-105,78,88,376,4,9,59
5200,-105,58,86,378,8,9,58
5200,-105,55,87,376,9,8,58
5200,-105,60,88,376,4,8,58
5200,-105,106,89,374,4,9,60
5200,-105,66,89,374,3,8,60
5200,-105,62,87,377,4,9,59
5200,-105,63,86,377,5,8,58
5200,-105,83,88,376,3,8,59
5200,-105,75,89,375,5,8,60
5200,-105,76,88,375,4,9,60
5200,-105,65,87,376,5,9,58
5200,-105,64,87,377,7,9,58
5200,-105,88,89,375,4,9,60
5200,-105,58,87,377,5,8,58
5200,-105,76,87,377,5,9,59
5200,-105,66,88,376,4,7,59
5200,-105,89,90,374,3,11,62
5200,-105,59,86,377,6,8,57
5200,-105,108,89,375,5,6,60
5200,-105,55,86,378,5,9,57
5200,-105,60,87,376,4,9,59
5200,-105,51,86,377,5,9,57
5200,-105,67,88,375,5,11,60
5200,-105,60,89,375,5,7,59
5200,-105,49,87,377,5,10,59
5200,-105,56,88,375,4,10,60
5200,-105,69,88,375,6,10,59
5200,-105,43,86,377,6,9,57
5200,-105,45,87,376,5,9,58
5200,-105,69,89,375,4,9,61
5200,-105,60,89,375,4,11,60
5200,-105,52,87,377,4,8,58
5200,-105,58,87,377,4,9,59
5200,-105,54,88,375,5,9,59
5200,-105,55,88,376,5,9,59
5200,-105,77,89,375,3,7,60
5200,-105,61,88,375,4,7,59
5200,-105,35,86,378,5,7,57
5200,-105,42,87,377,7,8,59
5200,-105,36,85,378,7,7,56
5200,-105,61,89,374,5,8,60
5200,-105,61,87,377,5,6,58
5200,-105,42,86,377,5,7,58
5200,-105,43,87,376,5,6,58
5200,-105,48,86,377,6,9,57
5200,-105,45,88,375,5,8,58
5200,-105,48,87,376,6,9,58
5200,-105,48,86,378,8,10,58
5200,-105,41,86,377,6,8,57
5200,-105,40,87,377,7,8,59
5200,-105,44,85,379,7,7,55
5200,-105,49,88,375,4,10,59
5200,-105,40,88,375,4,7,59
5200,-105,40,87,376,5,9,57
5200,-105,32,82,382,18,9,58
5200,-105,57,81,382,4,9,53
5200,-105,48,87,376,4,9,58
5200,-105,53,87,376,2,9,58
5200,-105,36,87,376,3,11,58
5200,-105,34,86,377,5,9,57
5200,-105,29,86,378,5,10,57
5200,-105,35,87,377,6,10,58
5200,-105,31,86,378,5,9,58
5200,-105,35,87,377,5,6,57
5200,-105,38,86,378,5,9,58
5200,-105,36,87,377,4,9,59
5200,-105,41,88,375,3,10,59
5200,-105,73,89,374,5,9,60
5200,-105,38,87,376,6,9,58
5200,-105,42,89,375,4,9,60
5200,-105,36,88,375,5,7,58
5200,-105,43,88,376,3,8,59
5200,-105,45,87,377,4,10,59
5200,-105,30,86,378,5,9,57
5200,-105,50,87,376,4,9,57
5200,-105,68,88,376,6,10,60
5200,-105,40,87,377,5,10,58
5200,-105,50,88,375,5,7,58
5200,-105,63,88,376,4,7,59
5200,-105,41,87,377,4,11,59
5200,-105,44,87,377,6,9,58
5200,-105,41,85,378,5,7,55
5200,-105,42,87,376,5,10,59
5200,-105,66,90,374,6,12,62
5200,-105,53,88,375,4,10,59
5200,-105,76,90,374,4,9,62
5200,-105,45,87,377,5,11,59
5200,-105,54,86,377,5,9,57
5200,-105,49,88,376,4,12,60
5200,-105,52,87,377,4,8,58
5200,-105,48,87,376,5,9,57
5200,-105,64,88,376,5,9,59
5200,-105,35,86,377,5,9,58
5200,-105,28,86,378,6,9,57
5200,-105,54,86,377,5,6,57
5200,-105,39,88,376,5,9,58
5200,-105,59,87,377,4,9,58
5200,-105,58,87,377,6,9,59
5200,-105,58,87,376,6,7,58
5200,-105,62,86,377,5,11,58
5200,-105,62,83,380,5,0,55
5200,-105,59,83,381,5,0,54
5200,-105,61,84,379,5,0,56
5200,-105,66,82,381,5,1,55
5200,-105,52,83,381,5,0,53
5200,-105,71,84,379,5,0,56
5200,-105,69,83,380,6,0,55
5200,-105,51,84,380,5,63,55
5200,-105,63,84,379,5,63,55
5200,-105,70,83,380,5,0,54
5200,-105,62,84,379,5,63,55
5200,-105,82,84,379,6,0,56
5200,-105,89,84,379,6,0,56
5200,-105,57,82,382,6,63,53
5200,-105,75,84,380,6,0,55
5200,-105,67,84,379,5,62,56
5200,-105,50,81,382,6,0,53
5200,-105,64,84,379,4,9,57
5200,-105,63,86,377,5,8,57
5200,-105,79,87,376,6,9,58
5200,-105,42,85,378,6,9,56
5200,-105,57,87,377,7,6,58
5200,-105,80,89,375,4,8,62
5200,-105,70,87,377,6,7,58
5200,-105,53,84,380,6,7,56
5200,-105,55,88,376,5,10,59
5200,-105,57,87,377,4,10,59
5200,-105,49,83,381,4,62,54
5200,-105,58,82,381,6,63,54
5200,-105,84,86,377,4,63,58
5200,-105,62,84,379,6,63,54
5200,-105,100,86,378,4,62,57
5200,-105,52,82,381,5,63,54
5200,-105,47,83,381,5,63,55
5200,-105,45,82,382,7,0,54
5200,-105,41,82,381,6,63,53
5200,-105,62,84,380,7,0,57
5200,-105,38,82,381,6,63,53
5200,-105,50,84,380,5,0,56
5200,-105,54,84,380,5,62,55
5200,-105,43,81,382,6,0,54
5200,-105,64,85,378,4,62,56
5200,-105,53,83,381,7,63,55
5200,-105,77,85,378,5,63,57
5200,-105,75,88,376,5,10,60
5200,-105,56,88,376,4,10,59
5200,-105,47,87,377,5,8,58
5200,-105,51,85,379,6,8,57
5200,-105,62,87,376,5,8,58
5200,-105,65,88,375,5,9,59
5200,-105,53,82,382,6,63,53
5200,-105,57,83,381,6,0,55
5200,-105,42,79,384,6,63,51
5200,-105,51,81,383,7,62,52
5200,-105,64,81,383,5,10,53
5200,-105,53,81,383,5,11,53
5200,-105,61,81,383,4,8,53
5200,-105,56,81,383,5,10,53
5200,-105,51,81,383,4,10,53
5200,-105,56,81,383,4,11,53
5200,-105,45,81,383,4,11,52
5200,-105,31,86,377,5,9,57
5200,-105,46,79,385,22,11,58
5200,-105,33,85,378,11,8,57
5200,-105,42,86,378,14,8,58
5200,-105,54,87,376,11,11,60
5200,-105,44,79,384,23,10,58
5200,-105,30,86,378,10,9,57
5200,-105,65,90,374,11,11,63
5200,-105,43,87,376,6,2,58
5200,-105,47,87,376,4,10,58
5200,-105,52,90,374,5,10,62
5200,-105,50,89,375,5,9,60
5200,-105,38,88,375,4,8,58
5200,-105,32,87,377,5,10,58
5200,-105,50,88,376,5,8,58
5200,-105,51,86,377,6,5,56
5200,-105,56,90,374,4,9,60
5200,-105,45,89,375,4,10,60
5200,-105,51,87,377,4,10,58
5200,-105,60,89,375,5,11,61
5200,-105,54,87,377,5,11,59
5200,-105,48,88,375,5,10,60
5200,-105,28,86,377,5,9,57
5200,-105,32,86,378,4,10,58
5200,-105,48,88,376,4,9,59
5200,-105,44,89,374,3,9,59
5200,-105,71,88,376,5,9,60
5200,-105,57,88,376,5,9,59
5200,-105,39,88,376,4,10,59
5200,-105,32,86,377,6,9,57
5200,-105,57,89,375,4,9,60
5200,-105,30,86,377,5,9,57
5200,-105,37,87,376,5,10,58
5200,-105,54,86,377,4,9,58
5200,-105,53,87,376,5,9,59
5200,-105,37,89,375,3,10,60
5805,-108,51,90,377,5,10,57
5805,-108,48,90,377,4,10,58
5805,-108,48,90,377,5,8,57
5805,-108,52,90,377,3,10,58
5805,-108,43,90,377,5,9,57
5805,-108,56,90,377,4,10,57
5805,-108,41,90,377,4,9,57
5805,-108,57,90,377,4,9,57
5805,-108,37,90,377,3,8,56
5805,-108,45,90,377,4,11,57
5805,-108,32,90,377,5,8,56
5805,-108,45,90,377,3,10,57
5805,-108,32,90,377,3,10,57
5805,-108,30,90,377,2,9,57
5805,-108,41,90,377,3,9,57
5805,-108,41,90,377,4,12,58
5805,-108,41,90,377,3,10,58
5805,-108,30,90,377,5,10,57
5805,-108,57,90,377,5,11,57
5805,-108,47,90,377,5,10,58
5805,-108,29,90,377,4,10,57
5805,-108,31,90,377,3,9,57
5805,-108,49,90,377,4,9,57
5805,-108,27,90,377,4,10,57
5805,-108,38,90,377,4,11,58
5805,-108,42,90,377,3,9,57
5805,-108,58,90,377,3,12,57
5805,-108,40,90,377,3,9,58
5805,-108,32,90,377,5,9,57
5805,-108,45,90,377,4,9,57
5805,-108,48,90,377,5,9,57
5805,-108,46,90,377,4,9,56
5805,-108,40,90,377,4,11,57
5805,-108,49,90,377,4,10,57
5805,-108,46,90,377,4,7,56
5805,-108,26,90,377,2,8,56
5805,-108,39,90,377,4,9,57
5805,-108,46,90,377,4,8,57
5805,-108,38,90,377,4,9,56
5805,-108,28,89,377,6,7,55
5805,-108,30,90,377,3,9,57
5805,-108,32,90,377,4,10,56
5805,-108,54,90,377,4,9,57
5805,-108,36,90,377,5,8,57
5805,-108,42,90,377,5,10,56
5805,-108,29,90,377,4,8,56
5805,-108,34,90,377,4,10,56
5805,-108,49,90,377,3,11,57
5805,-108,40,90,377,4,11,57
5805,-108,63,90,377,4,9,58
5805,-108,50,90,377,5,9,57
5805,-108,30,90,377,4,9,56
5805,-108,33,90,377,3,10,57
5805,-108,53,90,377,3,10,57
5805,-108,36,90,377,4,10,57
5805,-108,56,90,377,4,10,57
5805,-108,32,90,377,4,10,56
5805,-108,25,90,377,5,10,57
5805,-108,47,90,377,4,10,57
5805,-108,37,90,377,4,9,56
5805,-108,58,90,377,3,10,58
5805,-108,42,90,377,4,9,57
5805,-108,41,90,377,4,10,57
5805,-108,40,90,377,4,8,57
5805,-108,39,90,377,3,8,56
5805,-108,39,90,377,5,10,57
5805,-108,45,90,377,3,9,57
5805,-108,32,90,377,5,8,57
5805,-108,33,90,377,4,9,57
5805,-108,33,90,377,4,10,57
5805,-108,42,90,377,4,10,57
5805,-108,26,90,377,4,7,55
5805,-108,32,90,377,3,10,57
5805,-108,48,90,377,5,9,56
5805,-108,39,90,377,6,9,56
5805,-108,43,90,377,5,11,57
5805,-108,56,90,377,3,8,57
5805,-108,36,90,377,4,10,57
5805,-108,39,90,377,5,9,57
5805,-108,40,90,377,3,11,57
5805,-108,39,90,377,3,9,57
5805,-108,28,90,377,4,10,57
5805,-108,38,90,377,4,11,57
5805,-108,31,90,377,4,9,57
5805,-108,34,90,377,3,10,57
5805,-108,31,90,377,4,10,57
5805,-108,45,90,377,3,9,57
5805,-108,37,90,377,4,9,57
5805,-108,38,90,377,3,9,58
5805,-108,28,90,377,4,10,57
5805,-108,39,90,377,3,11,58
5805,-108,31,90,377,4,9,56
5805,-108,29,90,377,4,9,56
5805,-108,37,90,377,4,9,57
5805,-108,39,90,377,4,8,57
5805,-108,58,90,377,4,10,57
5805,-108,40,90,377,5,10,58
5805,-108,39,90,377,5,10,58
5805,-108,51,90,377,4,8,57
5805,-108,38,90,377,4,10,57
5805,-108,30,90,377,5,10,57
5805,-108,34,90,377,5,9,57
5805,-108,39,90,377,4,8,56
5805,-108,33,90,377,5,10,57
5805,-108,35,90,377,4,9,56
5805,-108,43,90,377,2,7,56
5805,-108,37,90,377,3,10,57
5805,-108,39,90,377,5,10,57
5805,-108,43,90,377,4,9,57
5805,-108,37,90,377,4,10,57
5805,-108,36,90,377,3,9,56
5805,-108,45,90,377,4,12,57
5805,-108,50,90,377,5,7,57
5805,-108,34,90,377,5,11,57
5805,-108,33,90,377,3,11,58
5805,-108,42,90,377,3,9,57
5805,-108,36,90,377,3,10,56
5805,-108,45,90,377,4,11,57
5805,-108,35,90,377,3,9,56
5805,-108,26,90,377,5,9,56
5805,-108,45,90,377,4,9,56
5805,-108,61,90,377,5,10,57
5805,-108,48,90,377,5,10,57
5805,-108,30,90,377,4,9,56
5805,-108,47,90,377,4,9,57
5805,-108,34,90,377,5,10,57
5805,-108,43,90,377,2,9,57
5805,-108,44,90,377,3,10,57
5805,-108,41,90,377,4,9,57
5805,-108,50,90,377,2,10,57
5805,-108,54,90,377,4,9,57
5805,-108,48,90,377,5,12,57
5805,-108,45,90,377,4,9,57
5805,-108,34,90,377,4,11,57
5805,-108,60,90,377,4,9,57
5805,-108,53,90,377,5,10,58
5805,-108,38,90,377,3,9,57
5805,-108,44,90,377,3,10,57
5805,-108,38,90,377,4,12,57
5805,-108,51,90,377,4,10,57
5805,-108,58,90,377,4,10,57
5805,-108,33,90,377,3,10,57
5805,-108,29,89,377,6,9,56
5805,-108,36,90,377,3,8,57
5805,-108,40,90,377,3,10,56
5805,-108,31,90,377,3,13,58
5805,-108,34,90,377,4,12,57
5805,-108,45,90,377,4,10,58
5805,-108,39,90,377,4,8,57
5805,-108,41,90,377,5,11,57
5805,-108,52,89,377,5,11,57
5805,-108,31,90,377,4,9,57
5805,-108,40,90,377,4,9,56
5805,-108,50,90,377,3,10,57
5805,-108,41,90,377,5,9,57
5805,-108,38,90,377,4,10,57
5805,-108,55,90,377,4,9,57
5805,-108,43,90,377,3,10,57
5805,-108,39,90,377,3,11,57
5805,-108,34,90,377,3,8,56
5805,-108,41,90,377,4,10,58
5805,-108,47,90,377,3,11,57
5805,-108,30,90,377,4,10,57
5805,-108,30,90,377,4,9,57
5805,-108,32,90,377,4,9,57
5805,-108,32,90,377,3,9,57
5805,-108,43,90,377,3,9,57
5805,-108,44,90,377,3,9,57
5805,-108,38,90,377,5,11,57
5805,-108,33,90,377,4,9,57
5805,-108,31,89,377,5,8,55
5805,-108,35,90,377,3,10,57
5805,-108,26,90,377,3,9,57
5805,-108,40,90,377,4,10,57
5805,-108,50,90,377,4,9,57
5805,-108,45,90,377,4,9,57
5805,-108,48,90,377,4,9,57
5805,-108,32,90,377,4,10,56
5805,-108,35,90,377,4,8,56
5805,-108,35,90,377,5,11,57
5805,-108,42,90,377,4,10,57
5805,-108,42,90,377,3,9,57
5805,-108,39,90,377,5,8,57
5805,-108,36,90,377,4,9,57
5805,-108,37,90,377,4,8,56
5805,-108,47,90,377,4,9,57
5805,-108,38,90,377,5,11,57
5805,-108,35,90,377,4,10,57
5805,-108,36,90,377,3,9,58
5805,-108,30,90,377,4,9,57
5805,-108,50,90,377,4,11,57
5805,-108,24,90,377,5,9,56
5805,-108,37,90,377,4,11,57
5805,-108,33,90,377,4,9,57
5805,-108,43,90,377,4,9,57
5805,-108,39,90,377,4,9,57
5805,-108,46,90,377,5,10,58
5805,-108,49,90,377,4,9,56
5805,-108,39,90,377,4,10,57
5805,-108,32,90,377,5,9,56
5805,-108,33,90,377,4,9,58
5805,-108,52,90,377,3,11,58
5805,-108,56,90,377,4,8,57
5805,-108,37,90,377,4,9,56
5805,-108,43,90,377,4,10,58
5805,-108,49,90,377,3,11,57
5805,-108,29,90,377,5,10,56
5805,-108,38,90,377,4,12,58
5805,-108,31,90,377,4,10,57
5805,-108,47,90,377,4,8,57
5805,-108,45,90,377,3,10,58
5805,-108,37,90,377,4,10,57
5805,-108,36,90,377,3,9,57
5805,-108,39,90,377,4,9,56
5805,-108,35,90,377,5,10,57
5805,-108,41,90,377,4,9,57
5805,-108,35,90,377,4,9,57
5805,-108,51,90,377,4,10,57
5805,-108,52,90,377,5,11,57
5805,-108,31,90,377,5,8,57
5805,-108,40,90,377,4,11,57
5805,-108,29,90,377,4,9,57
5805,-108,34,90,377,5,9,56
5805,-108,40,90,377,5,9,57
5805,-108,42,90,377,5,9,57
5805,-108,44,90,377,4,8,57
5805,-108,55,90,377,4,11,58
5805,-108,46,90,377,4,10,57
5805,-108,50,90,377,3,9,57
5805,-108,44,90,377,3,10,57
5805,-108,31,90,377,4,11,57
5805,-108,41,90,377,4,9,57
5805,-108,37,90,377,3,10,57
5805,-108,50,90,377,3,8,57
5805,-108,39,90,377,4,9,57
5805,-108,45,90,377,4,9,57
5805,-108,30,90,377,2,10,57
5805,-108,50,90,377,4,10,58
5805,-108,40,90,377,3,8,56
5805,-108,46,90,377,3,9,57
5805,-108,48,90,377,4,11,57
5805,-108,60,90,377,5,11,58
5805,-108,33,90,377,5,9,57
5805,-108,50,90,377,4,9,57
5805,-108,41,90,377,5,10,57
5805,-108,49,90,377,3,9,57
5805,-108,50,90,377,4,9,57
5805,-108,29,90,377,4,8,56
5805,-108,50,90,377,4,9,58
5805,-108,40,90,377,2,9,57
5805,-108,36,90,377,3,9,57
5805,-108,45,90,377,4,7,56
5805,-108,37,90,377,4,10,58
5805,-108,34,90,377,4,10,56
5805,-108,36,90,377,5,10,57
5805,-108,49,90,377,4,11,57
5805,-108,40,90,377,4,10,57
5805,-108,54,90,377,3,9,57
5805,-108,47,90,377,4,10,57
5805,-108,46,90,377,4,7,56
5805,-108,47,90,377,3,10,57
5805,-108,30,90,377,4,10,58
5805,-108,39,90,377,3,10,56
5805,-108,34,90,377,6,9,57
5805,-108,44,90,377,4,10,57
5805,-108,40,90,377,3,8,57
5805,-108,46,90,377,5,9,57
5805,-108,37,90,377,5,8,56
5805,-108,40,90,377,4,10,57
5805,-108,27,90,377,4,9,57
5805,-108,43,90,377,4,10,57
5805,-108,31,90,377,5,11,57
5805,-108,50,90,377,4,10,56
5805,-108,29,90,377,4,10,57
5805,-108,35,90,377,2,8,57
5805,-108,43,90,377,5,9,56
5805,-108,37,90,377,2,9,56
5805,-108,31,90,377,4,9,57
5805,-108,30,90,377,5,10,57
5805,-108,25,90,377,5,9,56
5805,-108,49,90,377,4,10,58
5805,-108,29,89,377,5,10,56
5805,-108,26,90,377,3,9,56
5805,-108,26,90,377,4,12,58
5805,-108,50,90,377,3,10,56
5805,-108,31,90,377,5,10,57
5805,-108,47,90,377,4,11,58
5805,-108,34,90,377,4,10,57
5805,-108,42,90,377,5,11,57
5805,-108,46,90,377,3,7,56
5805,-108,31,90,377,4,10,57
5805,-108,43,90,377,5,10,58
5805,-108,52,90,377,3,9,57
5805,-108,34,90,377,4,10,57
5805,-108,48,90,377,4,10,56
5805,-108,53,90,377,4,11,57
5805,-108,24,90,377,4,11,57
5805,-108,31,90,377,3,8,57
5805,-108,50,90,377,4,9,58
5805,-108,49,90,377,4,9,57
5805,-108,50,90,377,5,10,57
5805,-108,50,90,377,4,9,57
5805,-108,44,90,377,3,8,57
5805,-108,27,90,377,4,10,57
5805,-108,40,90,377,5,10,57
5805,-108,32,90,377,4,10,57
5805,-108,29,90,377,3,10,57
5805,-108,41,90,377,3,10,57
5805,-108,37,90,377,2,11,58
5805,-108,34,90,377,5,10,57
5805,-108,50,90,377,4,8,56
5805,-108,30,90,377,4,7,56
5805,-108,47,90,377,4,10,57
5805,-108,27,90,377,4,10,56
5805,-108,36,90,377,4,10,56
5805,-108,48,90,377,2,10,57
5805,-108,27,89,378,5,8,56
5805,-108,44,89,377,4,11,57
5805,-108,40,90,377,3,11,57
5805,-108,35,90,377,3,10,57
5805,-108,38,90,377,4,11,57
5805,-108,27,90,377,5,10,57
5805,-108,40,90,377,5,11,57
5805,-108,47,90,377,3,10,57
5805,-108,40,90,377,4,9,57
5805,-108,29,90,377,5,9,57
5805,-108,46,90,377,5,11,58
5805,-108,34,90,377,4,11,57
5805,-108,38,90,377,3,10,57
5805,-108,39,90,377,4,8,55
5805,-108,41,90,377,4,11,57
5805,-108,39,90,377,4,11,58
5805,-108,55,90,377,3,9,57
5805,-108,44,90,377,4,9,57
5805,-108,41,90,377,4,8,57
5805,-108,34,90,377,4,11,57
5805,-108,36,90,377,4,9,57
5805,-108,34,90,377,4,9,57
5805,-108,38,90,377,3,10,57
5805,-108,37,90,377,4,10,57
5805,-108,31,90,377,4,9,57
5805,-108,49,90,377,5,9,57
5805,-108,39,90,377,6,9,57
5805,-108,32,90,377,4,10,57
5805,-108,36,90,377,3,10,57
5805,-108,31,90,377,4,11,58
5805,-108,35,90,377,4,11,57
5805,-108,29,90,377,5,9,56
5805,-108,42,90,377,4,9,57
5805,-108,30,90,377,4,11,57
5805,-108,45,90,377,4,10,57
5805,-108,45,90,377,3,10,57
5805,-108,55,90,377,4,10,58
5805,-108,36,90,377,5,10,57
5805,-108,38,90,377,4,11,57
5805,-108,48,90,377,5,9,57
5805,-108,34,90,377,3,10,57
5805,-108,38,90,377,4,11,57
5805,-108,42,90,377,5,9,57
5805,-108,35,90,377,3,8,57
5805,-108,41,90,377,5,11,57
5805,-108,33,90,377,3,9,56
5805,-108,36,90,377,3,10,57
5805,-108,36,90,377,4,9,57
5805,-108,56,90,377,4,10,57
5805,-108,54,90,377,4,11,57
5805,-108,44,90,377,5,11,57
5805,-108,54,90,377,4,10,58
5805,-108,57,90,377,5,11,58
5805,-108,35,90,377,4,9,57
5805,-108,33,90,377,3,9,57
5805,-108,28,90,377,5,9,57
5805,-108,40,90,377,4,9,57
5805,-108,55,90,377,4,11,57
5805,-108,43,90,377,5,8,57
5805,-108,50,90,377,4,10,58
5805,-108,52,90,377,3,10,58
5805,-108,36,90,377,4,7,57
5805,-108,41,90,377,4,10,57
5805,-108,42,90,377,4,9,56
5805,-108,28,90,377,6,9,56
5805,-108,56,90,377,3,10,57
5805,-108,38,90,377,4,9,57
5805,-108,45,90,377,6,10,57
5805,-108,55,90,377,4,10,58
5805,-108,64,90,377,3,9,57
5805,-108,39,90,377,3,10,57
5805,-108,39,90,377,5,8,56
5805,-108,42,90,377,3,11,57
5805,-108,38,90,377,4,10,57
5805,-108,40,90,377,4,12,58
5805,-108,32,89,377,5,9,56
5805,-108,49,90,377,2,9,57
5805,-108,29,89,378,4,10,56
5805,-108,57,90,377,4,9,58
5805,-108,32,90,377,3,9,57
5805,-108,27,90,377,5,11,57
5805,-108,51,90,377,5,10,57
5805,-108,50,90,377,5,8,57
5805,-108,43,90,377,4,9,57
5805,-108,36,90,377,5,7,55
5805,-108,36,90,377,3,10,56
5805,-108,33,90,377,5,8,56
5805,-108,31,90,377,3,10,57
5805,-108,57,90,377,5,9,57
5805,-108,33,90,377,4,10,57
5805,-108,34,90,377,5,10,57
5805,-108,39,90,377,3,10,57
5805,-108,46,90,377,5,10,58
5805,-108,31,90,377,5,8,56
5805,-108,46,90,377,4,9,57
5805,-108,38,90,377,5,8,56
5805,-108,24,90,377,5,9,56
5805,-108,40,90,377,4,9,57
5805,-108,31,90,377,3,10,57
5805,-108,29,90,377,5,10,56
5805,-108,46,90,377,3,10,58
5805,-108,38,90,377,5,7,57
5805,-108,42,90,377,3,9,57
5805,-108,28,90,377,4,8,56
5805,-108,28,90,377,4,9,57
5805,-108,37,90,377,5,10,57
5805,-108,47,90,377,4,8,56
5805,-108,26,90,377,4,9,56
5805,-108,29,90,377,3,10,57
5805,-108,39,90,377,4,10,57
5805,-108,42,90,377,6,9,57
5805,-108,46,90,377,4,10,57
5805,-108,62,90,377,4,11,57
5805,-108,31,90,377,4,10,57
5805,-108,41,90,377,3,7,56
5805,-108,37,90,377,4,11,57
5805,-108,28,90,377,3,9,56
5805,-108,52,90,377,4,9,58
5805,-108,44,90,377,3,11,58
5805,-108,39,90,377,3,10,57
5805,-108,30,90,377,4,10,57
5805,-108,36,90,377,4,9,57
5805,-108,41,90,377,3,11,57
5805,-108,39,90,377,3,9,56
5805,-108,40,90,377,3,11,57
5805,-108,56,90,377,4,11,57
5805,-108,44,90,377,5,9,57
5805,-108,30,90,377,3,11,58
5805,-108,43,90,377,3,7,56
5805,-108,47,90,377,4,10,57
5805,-108,39,90,377,4,9,56
5805,-108,64,90,377,3,11,57
5805,-108,44,90,377,4,11,57
5805,-108,42,90,377,5,9,57
5805,-108,31,90,377,5,9,56
5805,-108,40,90,377,4,9,57
5805,-108,37,90,377,4,10,57
5805,-108,27,90,377,3,9,57
5805,-108,30,90,377,5,8,56
5805,-108,35,90,377,3,9,57
5805,-108,44,90,377,4,8,57
5805,-108,47,90,377,3,10,57
5805,-108,35,90,377,5,8,57
5805,-108,34,90,377,4,10,57
5805,-108,37,90,377,5,10,57
5805,-108,29,90,377,5,8,57
5805,-108,43,90,377,5,9,57
5805,-108,29,90,377,4,9,57
5805,-108,43,90,377,4,9,56
5805,-108,36,90,377,4,9,57
5805,-108,49,90,377,4,10,57
5805,-108,49,90,377,3,10,57
5805,-108,43,90,377,4,12,58
5805,-108,36,90,377,4,10,56
5805,-108,30,90,377,5,9,57
5805,-108,38,90,377,4,10,57
5805,-108,31,89,377,5,9,55
5805,-108,38,90,377,3,8,57
5805,-108,47,90,377,4,10,57
5805,-108,48,90,377,6,9,57
5805,-108,43,90,377,4,9,56
5805,-108,41,90,377,5,9,57
5805,-108,29,90,377,4,11,57
5805,-108,44,90,377,4,9,57
5805,-108,28,90,377,4,8,56
5805,-108,29,90,377,5,9,57
5805,-108,24,90,377,5,10,56
5805,-108,38,90,377,4,10,56
5805,-108,32,90,377,5,9,57
5805,-108,38,90,377,4,8,56
5805,-108,28,90,377,4,10,57
5805,-108,39,90,377,4,9,56
5805,-108,52,90,377,5,10,57
5805,-108,49,90,377,4,9,56
5805,-108,33,90,377,4,9,57
5805,-108,33,90,377,4,10,57
5805,-108,44,90,377,3,11,57
5805,-108,33,90,377,4,10,57
5805,-108,37,90,377,4,9,57
5805,-108,55,90,377,3,9,57
5805,-108,32,90,377,3,7,56
5805,-108,34,90,377,5,10,57
5805,-108,43,90,377,4,9,57
5805,-108,53,90,377,4,9,58
5805,-108,36,90,377,5,9,56
5805,-108,36,90,377,4,10,58
5805,-108,40,90,377,4,9,57
5805,-108,39,90,377,5,9,57
5805,-108,39,90,377,5,9,57
5805,-108,28,90,377,3,8,56
5805,-108,52,90,377,3,10,57
5805,-108,33,90,377,3,10,57
5805,-108,32,90,377,5,10,57
5805,-108,42,90,377,4,11,58
5805,-108,32,90,377,5,10,57
5805,-108,39,90,377,4,8,56
5805,-108,37,90,377,4,9,56
5805,-108,47,90,377,4,9,57
5805,-108,41,90,377,2,10,57
5805,-108,44,90,377,4,11,58
5805,-108,31,90,377,5,9,56
5805,-108,44,90,377,4,9,57
5805,-108,27,90,377,5,10,57
5805,-108,31,90,377,4,10,57
5805,-108,52,90,377,4,9,57
5805,-108,40,90,377,5,8,56
5805,-108,42,90,377,4,10,57
5805,-108,58,90,377,3,8,58
5805,-108,33,90,377,5,9,57
5805,-108,37,90,377,3,9,57
5805,-108,35,90,377,5,9,57
5805,-108,41,90,377,5,9,57
5805,-108,34,90,377,3,11,57
5805,-108,34,90,377,3,10,57
5805,-108,38,90,377,3,11,57
5805,-108,42,90,377,4,10,57
5805,-108,36,90,377,4,8,56
5805,-108,39,90,377,3,10,58
5805,-108,47,90,377,5,9,57
5805,-108,29,90,377,5,10,57
5805,-108,41,90,377,4,9,57
5805,-108,44,90,377,5,9,57
5805,-108,30,90,377,4,9,57
5805,-108,34,90,377,4,8,57
5805,-108,32,90,377,4,10,57
5805,-108,42,89,377,4,9,56
5805,-108,51,90,377,3,9,57
5805,-108,49,90,377,4,9,57
5805,-108,31,90,377,4,10,57
5805,-108,46,90,377,3,9,57
5805,-108,34,90,377,5,8,56
5805,-108,54,90,377,4,10,58
5805,-108,51,90,377,4,9,57
5805,-108,52,90,377,4,9,56
5805,-108,37,90,377,4,9,57
5805,-108,45,90,377,4,9,57
5805,-108,37,90,377,4,11,57
5805,-108,41,90,377,4,11,57
5805,-108,60,90,377,5,9,58
5805,-108,32,90,377,4,10,57
5805,-108,29,90,377,5,9,56
5805,-108,46,90,377,4,9,57
5805,-108,32,90,377,5,9,56
5805,-108,36,90,377,4,10,57
5805,-108,31,90,377,5,9,56
5805,-108,46,90,377,3,9,57
5805,-108,36,90,377,6,11,57
5805,-108,32,90,377,5,10,55
5805,-108,32,90,377,4,11,57
5805,-108,44,90,377,3,9,58
5805,-108,41,90,377,3,10,56
5805,-108,42,90,377,4,10,57
5805,-108,26,90,377,5,10,57
5805,-108,67,90,377,5,10,58
5805,-108,50,90,377,3,10,57
5805,-108,48,90,377,4,9,57
5805,-108,34,90,377,5,8,57
5805,-108,38,90,377,3,9,58
5805,-108,40,90,377,3,9,57
5805,-108,53,90,377,5,9,57
5805,-108,39,90,377,3,11,58
5805,-108,51,90,377,3,11,58
5805,-108,40,90,377,5,8,57
5805,-108,39,90,377,4,10,57
5805,-108,39,90,377,4,10,56
5805,-108,38,90,377,4,10,58
5805,-108,46,90,377,2,9,57
5805,-108,44,90,377,4,10,57
5805,-108,32,90,377,3,11,57
5805,-108,56,90,377,4,9,57
5805,-108,45,90,377,4,10,58
5805,-108,53,90,377,4,8,57
5805,-108,42,90,377,4,9,57
5805,-108,42,90,377,4,9,57
5805,-108,53,89,378,5,9,55
5805,-108,53,90,377,2,9,57
5805,-108,38,90,377,3,10,58
5805,-108,50,90,377,6,10,57
5805,-108,44,90,377,5,11,57
5805,-108,41,90,377,4,9,57
5805,-108,49,90,377,5,10,57
5805,-108,31,89,377,5,9,55
5805,-108,35,90,377,4,9,57
5805,-108,48,90,377,3,9,57
5805,-108,62,90,377,4,9,57
5805,-108,40,90,377,4,10,58
5805,-108,43,90,377,3,9,57
5805,-108,43,90,377,3,10,57
5805,-108,57,90,377,4,9,57
5805,-108,39,90,377,5,6,57
5805,-108,31,90,377,4,9,57
5805,-108,54,90,377,5,9,57
5805,-108,45,90,377,3,9,57
5805,-108,40,90,377,4,9,57
5805,-108,40,90,377,5,9,57
5805,-108,51,90,377,5,11,58
5805,-108,59,90,377,4,8,58
5805,-108,38,90,377,6,8,57
5805,-108,34,90,377,4,9,57
5805,-108,42,90,377,4,10,57
5805,-108,42,89,377,5,10,56
5805,-108,34,90,377,5,9,56
5805,-108,39,90,377,4,8,57
5805,-108,52,90,377,4,10,57
5805,-108,45,90,377,4,8,57
5805,-108,32,90,377,4,9,57
5805,-108,37,90,377,3,10,57
5805,-108,50,90,377,4,10,57
5805,-108,55,90,377,5,8,57
5805,-108,44,90,377,4,10,57
5805,-108,35,90,377,4,10,57
5805,-108,41,90,377,4,9,56
5805,-108,38,90,377,4,10,57
5805,-108,38,90,377,4,10,57
5805,-108,42,90,377,4,9,56
5805,-108,36,90,377,4,9,57
5805,-108,35,90,377,4,9,56
5805,-108,39,90,377,4,9,57
5805,-108,31,90,377,4,9,58
5805,-108,62,90,377,3,9,57
5805,-108,47,90,377,4,9,58
5805,-108,32,90,377,4,10,58
5805,-108,30,90,377,4,9,55
5805,-108,35,90,377,3,10,57
5805,-108,36,90,377,4,11,57
5805,-108,37,90,377,4,10,57
5805,-108,41,90,377,3,9,56
5805,-108,36,90,377,4,9,57
5805,-108,32,90,377,4,9,57
5805,-108,32,90,377,4,11,57
5805,-108,36,90,377,5,10,58
5805,-108,43,90,377,4,9,57
5805,-108,37,90,377,5,11,57
5805,-108,33,90,377,5,10,57
5805,-108,35,90,377,5,7,56
5805,-108,37,89,377,5,9,56
5805,-108,54,90,377,3,8,58
5805,-108,41,90,377,4,8,57
5805,-108,37,90,377,5,4,56
5805,-108,35,90,377,3,10,57
5805,-108,34,90,377,3,9,57
5805,-108,39,90,377,5,10,57
5805,-108,33,90,377,4,9,56
5805,-108,36,90,377,3,8,56
5805,-108,53,90,377,5,9,58
5805,-108,54,90,377,5,9,57
5805,-108,33,90,377,4,11,57
5805,-108,33,90,377,4,10,57
5805,-108,45,90,377,4,10,57
5805,-108,41,90,377,4,9,57
5805,-108,40,90,377,3,9,57
5805,-108,31,90,377,4,11,57
5805,-108,44,90,377,4,11,57
5805,-108,45,90,377,4,11,57
5805,-108,39,90,377,3,9,57
5805,-108,36,90,377,5,10,57
5805,-108,31,90,377,4,9,57
5805,-108,37,90,377,5,10,57
5805,-108,57,90,377,5,10,57
5805,-108,36,90,377,2,8,57
5805,-108,48,90,377,4,11,56
5805,-108,31,90,377,4,10,57
5805,-108,32,90,377,4,10,57
5805,-108,54,90,377,3,11,57
5805,-108,54,90,377,5,8,56
5805,-108,34,90,377,4,9,57
5805,-108,47,90,377,4,10,57
5805,-108,41,90,377,4,10,57
5805,-108,44,90,377,4,11,58
5805,-108,45,90,377,4,10,58
5805,-108,49,90,377,4,8,57
5805,-108,25,90,377,3,9,56
5805,-108,63,90,377,4,9,57
5805,-108,48,90,377,4,9,57
5805,-108,38,90,377,4,8,58
5805,-108,41,90,377,5,8,57
5805,-108,48,90,377,4,9,57
5805,-108,39,90,377,5,8,56
5805,-108,55,90,377,5,10,57
5805,-108,35,90,377,3,8,56
5805,-108,38,90,377,4,9,56
5805,-108,47,90,377,5,7,57
5805,-108,33,90,377,4,8,56
5805,-108,43,90,377,5,8,57
5805,-108,66,90,377,4,10,58
5805,-108,31,90,377,4,10,57
5805,-108,37,90,377,3,10,57
5805,-108,44,90,377,4,9,57
5805,-108,39,90,377,5,8,57
5805,-108,34,90,377,4,10,57
5805,-108,32,90,377,3,11,57
5805,-108,53,90,377,3,9,57
5805,-108,50,90,377,5,11,57
5805,-108,48,90,377,4,11,58
5805,-108,57,90,377,5,8,56
5805,-108,35,90,377,4,10,57
5805,-108,40,90,377,4,9,56
5805,-108,39,90,377,5,8,57
5805,-108,27,90,377,4,11,57
5805,-108,33,90,377,4,9,57
5805,-108,41,90,377,3,7,56
5805,-108,51,90,377,3,9,58
5805,-108,44,90,377,3,9,57
5805,-108,31,90,377,4,10,56
5805,-108,63,90,377,5,10,57
5805,-108,43,90,377,4,10,57
5805,-108,34,90,377,3,9,57
5805,-108,58,90,377,3,10,57
5805,-108,46,90,377,3,9,57
5805,-108,52,90,377,3,9,58
5805,-108,49,90,377,5,9,56
5805,-108,35,90,377,4,10,56
5805,-108,37,90,377,4,10,57
5805,-108,59,90,377,5,11,58
5805,-108,40,90,377,4,8,57
5805,-108,43,90,377,4,10,57
5805,-108,39,90,377,3,11,58
5805,-108,28,90,377,3,10,56
5805,-108,59,90,377,4,10,58
5805,-108,36,90,377,3,10,57
5805,-108,36,90,377,4,9,56
5805,-108,44,89,377,5,10,56
5805,-108,44,90,377,4,8,56
5805,-108,48,90,377,4,8,56
5805,-108,56,90,377,4,11,57
5805,-108,41,89,377,3,10,56
5805,-108,28,90,377,3,8,56
5805,-108,26,90,377,4,10,56
5805,-108,35,90,377,5,12,57
5805,-108,54,90,377,5,11,58
5805,-108,34,90,377,3,11,57
5805,-108,44,90,377,3,9,57
5805,-108,47,90,377,4,8,56
5805,-108,30,90,377,5,8,56
5805,-108,40,90,377,4,8,56
5805,-108,39,90,377,4,10,57
5805,-108,35,90,377,5,9,57
5805,-108,34,90,377,4,9,57
5805,-108,31,90,377,4,9,56
5805,-108,33,90,377,3,10,58
5805,-108,67,90,377,4,10,57
5805,-108,45,90,377,5,8,57
5805,-108,48,90,377,4,9,57
5805,-108,39,90,377,4,12,58
5805,-108,37,90,377,5,8,57
5805,-108,47,90,377,5,10,57
5805,-108,30,90,377,5,10,58
5805,-108,29,90,377,5,9,57
5805,-108,32,90,377,3,9,57
5805,-108,33,90,377,4,9,57
5805,-108,54,90,377,4,8,57
5805,-108,38,90,377,3,11,57
5805,-108,50,90,377,4,10,57
5805,-108,34,90,377,3,10,57
5805,-108,30,90,377,3,8,57
5805,-108,42,90,377,4,8,57
5805,-108,42,90,377,5,10,57
5805,-108,26,90,377,5,10,57
5805,-108,46,90,377,4,10,57
5805,-108,30,90,377,4,8,57
5805,-108,40,90,377,4,10,57
5805,-108,40,90,377,4,9,57
5805,-108,31,90,377,6,9,57
5805,-108,41,90,377,4,9,57
5805,-108,43,90,377,4,7,56
5805,-108,37,90,377,4,10,57
5805,-108,49,90,377,5,11,58
5805,-108,27,90,377,5,10,57
5805,-108,38,90,377,4,7,55
5805,-108,43,90,377,4,9,57
5805,-108,43,90,377,4,9,57
5805,-108,37,90,377,4,10,57
5805,-108,41,90,377,4,9,57
5805,-108,37,90,377,4,9,56
5805,-108,38,90,377,4,10,57
5805,-108,45,90,377,4,10,57
5805,-108,43,90,377,5,10,57
5805,-108,61,90,377,4,8,57
5805,-108,47,90,377,4,10,57
5805,-108,35,90,377,4,9,56
5805,-108,30,90,377,3,9,57
5805,-108,34,90,377,3,9,58
5805,-108,57,90,377,3,8,56
5805,-108,47,90,377,3,9,57
5805,-108,31,90,377,5,11,57
5805,-108,47,90,377,4,9,57
5805,-108,33,90,377,3,11,58
5805,-108,42,90,377,4,8,57
5805,-108,44,90,377,3,9,56
5805,-108,28,90,377,3,10,56
5805,-108,37,90,377,4,9,56
5805,-108,34,90,377,4,10,57
5805,-108,56,90,377,4,10,57
5805,-108,45,90,377,4,11,57
5805,-108,28,90,377,4,10,57
5805,-108,43,90,377,4,9,57
5805,-108,33,89,377,5,9,55
5805,-108,44,90,377,3,10,58
5805,-108,41,90,377,4,10,56
5805,-108,36,90,377,3,10,57
5805,-108,33,90,377,4,9,57
5805,-108,39,90,377,4,9,57
5805,-108,52,90,377,3,8,56
5805,-108,40,90,377,4,11,57
5805,-108,44,90,377,4,10,57
5805,-108,44,90,377,1,9,57
5805,-108,35,90,377,3,12,57
5805,-108,46,90,377,3,11,57
5805,-108,34,90,377,5,10,57
5805,-108,35,90,377,4,9,57
5805,-108,51,90,377,4,9,57
5805,-108,37,90,377,4,10,57
5805,-108,46,90,377,4,11,58
5805,-108,31,90,377,3,9,56
5805,-108,40,90,377,4,9,57
5805,-108,39,90,377,5,9,57
5805,-108,52,90,377,5,10,57
5805,-108,42,90,377,3,8,57
5805,-108,53,90,377,4,9,57
5805,-108,38,90,377,4,8,57
5805,-108,54,90,377,5,8,56
5805,-108,30,90,377,3,8,57
5805,-108,39,90,377,3,9,57
5805,-108,40,90,377,4,10,58
5805,-108,50,90,377,5,10,58
5805,-108,35,90,377,4,9,57
5805,-108,33,90,377,5,9,57
5805,-108,36,90,377,5,10,57
5805,-108,53,90,377,4,10,58
5805,-108,33,90,377,4,7,56
5805,-108,34,90,377,4,9,57
5805,-108,43,90,377,4,12,57
5805,-108,51,90,377,5,11,57
5805,-108,45,90,377,4,11,58
5805,-108,56,90,377,4,10,58
5805,-108,42,90,377,4,10,58
5805,-108,51,90,377,4,9,57
5805,-108,43,90,377,4,10,58
5805,-108,53,90,377,6,10,58
5805,-108,36,90,377,3,10,57
5805,-108,35,90,377,4,9,57
5805,-108,38,90,377,4,8,56
5805,-108,42,90,377,5,9,57
5805,-108,39,90,377,5,9,57
5805,-108,33,90,377,5,9,57
5805,-108,41,90,377,4,10,57
5805,-108,29,90,377,4,9,57
5805,-108,53,90,377,5,11,57
5805,-108,40,90,377,2,10,58
5805,-108,63,90,377,2,9,57
5805,-108,30,90,377,4,10,57
5805,-108,36,90,377,6,9,57
5805,-108,41,90,377,4,10,57
5805,-108,39,90,377,5,8,57
5805,-108,73,90,377,4,9,57
5805,-108,36,90,377,4,10,56
5805,-108,36,90,377,3,8,55
5805,-108,46,90,377,4,10,58
5805,-108,38,90,377,4,10,58
5805,-108,28,90,377,4,11,57
5805,-108,36,90,377,3,10,58
5805,-108,33,90,377,4,8,56
5805,-108,28,90,377,5,7,55
5805,-108,35,90,377,5,9,57
5805,-108,44,90,377,4,8,56
5805,-108,36,90,377,4,10,58
5805,-108,29,90,377,4,9,56
5805,-108,59,90,377,4,9,57
5805,-108,35,90,377,4,9,56
5805,-108,30,90,377,4,11,57
5805,-108,37,90,377,5,10,57
5805,-108,35,90,377,5,10,57
5805,-108,32,90,377,4,9,57
5805,-108,45,90,377,4,11,57
5805,-108,43,90,377,4,9,57
5805,-108,41,90,377,3,11,57
5805,-108,43,90,377,3,10,58
5805,-108,45,90,377,5,9,56
5805,-108,31,90,377,4,10,58
5805,-108,31,90,377,4,9,57
5805,-108,65,90,377,4,9,58
5805,-108,47,90,377,4,9,57
5805,-108,41,90,377,4,9,57
5805,-108,26,90,377,3,8,56
5805,-108,37,90,377,5,9,57
5805,-108,26,90,377,3,11,57
5805,-108,55,90,377,5,10,58
5805,-108,39,90,377,4,8,56
5805,-108,41,90,377,3,10,57
5805,-108,40,90,377,4,9,57
5805,-108,49,90,377,4,8,57
5805,-108,51,90,377,5,9,56
5805,-108,45,90,377,4,11,57
5805,-108,33,90,377,3,9,56
5805,-108,37,90,377,3,9,57
5805,-108,32,90,377,4,10,57
5805,-108,36,90,377,5,10,57
5805,-108,48,90,377,4,9,56
5805,-108,25,90,377,3,9,56
5805,-108,43,90,377,4,9,57
5805,-108,45,90,377,4,9,57
5805,-108,29,90,377,3,11,57
5805,-108,46,90,377,5,9,57
5805,-108,38,90,377,4,7,56
5805,-108,27,90,377,4,10,56
5805,-108,27,90,377,4,9,56
5805,-108,32,90,377,5,10,57
5805,-108,46,90,377,5,10,57
5805,-108,38,90,377,4,10,57
5805,-108,45,90,377,4,8,56
5805,-108,33,90,377,3,11,57
5805,-108,35,90,377,5,10,58
5805,-108,45,90,377,4,10,57
5805,-108,48,90,377,5,11,57
5805,-108,54,90,377,4,9,56
5805,-108,38,90,377,3,8,56
5805,-108,51,90,377,3,9,57
5805,-108,37,90,377,3,11,57
5805,-108,36,90,377,6,9,57
5805,-108,56,90,377,4,10,57
5805,-108,41,90,377,3,10,58
5805,-108,48,90,377,4,11,57
5805,-108,40,90,377,3,8,57
5805,-108,28,90,377,5,9,57
5805,-108,30,90,377,4,8,57
5805,-108,40,90,377,5,7,56
5805,-108,57,90,377,4,10,57
5805,-108,39,90,377,4,9,57
5805,-108,32,90,377,4,8,57
5805,-108,43,90,377,5,9,57
5805,-108,52,90,377,5,10,57
5805,-108,38,90,377,3,10,57
5805,-108,34,90,377,4,9,56
5805,-108,30,90,377,5,9,56
5805,-108,36,90,377,4,11,57
5805,-108,40,90,377,4,8,57
5805,-108,56,90,377,4,8,57
5805,-108,45,90,377,3,10,58
5805,-108,47,90,377,5,10,57
5805,-108,47,90,377,3,10,57
5805,-108,36,90,377,3,9,56
5805,-108,29,90,377,4,11,57
5805,-108,34,90,377,4,10,58
5805,-108,44,90,377,5,11,57
5805,-108,49,90,377,4,10,57
5805,-108,40,89,377,4,8,56
5805,-108,39,90,377,3,10,57
5805,-108,28,90,377,4,10,57
5805,-108,34,90,377,5,9,57
5805,-108,45,90,377,3,9,56
5805,-108,33,90,377,5,8,56
5805,-108,29,90,377,3,9,57
5805,-108,61,90,377,4,9,57
5805,-108,42,90,377,4,10,57
5805,-108,37,90,377,3,8,56
5805,-108,33,90,377,5,9,57
5805,-108,43,90,377,4,10,57
5805,-108,49,90,377,4,11,57
5805,-108,43,90,377,4,9,57
5805,-108,28,90,377,4,7,56
5805,-108,42,90,377,4,9,57
5805,-108,29,90,377,4,10,57
5805,-108,44,90,377,4,10,57
5805,-108,35,90,377,4,9,57
5805,-108,36,90,377,3,8,57
5805,-108,51,90,377,4,8,57
5805,-108,46,90,377,4,11,57
5805,-108,38,90,377,4,9,56
5805,-108,31,90,377,4,9,57
5805,-108,37,90,377,4,9,56
5805,-108,28,90,377,4,10,57
5805,-108,34,90,377,3,9,57
5805,-108,35,90,377,5,11,57
5805,-108,34,90,377,3,7,56
5805,-108,30,90,377,5,9,57
5805,-108,58,90,377,3,10,57
5805,-108,41,90,377,4,11,57
5805,-108,22,90,377,3,8,56
5805,-108,35,90,377,3,10,57
5805,-108,48,90,377,4,8,57
5805,-108,28,90,377,5,10,57
5805,-108,48,90,377,3,11,57
5805,-108,39,90,377,4,8,56
5805,-108,35,90,377,5,7,57
5805,-108,42,90,377,4,11,57
5805,-108,45,90,377,3,8,57
5805,-108,41,90,377,3,10,57
5805,-108,43,90,377,5,12,57
5805,-108,36,90,377,5,9,57
5805,-108,33,90,377,5,9,57
5805,-108,58,90,377,4,8,57
5805,-108,48,90,377,3,10,58
5805,-108,36,90,377,4,9,57
5805,-108,34,90,377,4,11,58
5805,-108,46,90,377,4,10,57
5805,-108,55,90,377,3,10,58
5805,-108,40,90,377,3,9,57
5805,-108,58,90,377,4,10,57
5805,-108,32,90,377,5,10,57
5805,-108,47,90,377,3,9,57
5805,-108,36,90,377,4,10,57
5805,-108,47,90,377,4,9,57
5805,-108,37,90,377,4,10,57
5805,-108,49,90,377,2,9,56
5805,-108,40,90,377,4,7,56
5805,-108,35,90,377,5,8,58
5805,-108,48,90,377,4,9,57
5805,-108,57,90,377,5,9,57
5805,-108,34,90,377,3,10,58
5805,-108,40,90,377,4,10,57
5805,-108,42,89,377,5,9,55
5805,-108,47,90,377,4,9,57
5805,-108,43,90,377,4,8,57
5805,-108,50,90,377,4,11,57
5805,-108,43,90,377,5,10,58
5805,-108,40,90,377,4,11,58
5805,-108,30,90,377,4,9,57
5805,-108,31,90,377,4,10,58
5805,-108,36,90,377,3,11,57
5805,-108,40,90,377,3,9,58
5805,-108,48,90,377,3,9,57
5805,-108,41,90,377,4,9,56
5805,-108,34,90,377,4,8,57
5805,-108,33,90,377,4,8,57
5805,-108,37,90,377,3,9,56
5805,-108,39,89,377,5,11,57
5805,-108,52,90,377,4,8,57
5805,-108,42,90,377,3,9,56
5805,-108,29,90,377,4,9,57
5805,-108,26,90,377,2,10,57
5805,-108,32,90,377,4,10,57
5805,-108,45,90,377,5,8,56
5805,-108,30,90,377,3,10,56
5805,-108,25,90,377,4,8,56
5805,-108,43,90,377,4,7,56
5805,-108,29,90,377,4,9,56
5805,-108,30,90,377,5,11,57
5805,-108,49,90,377,4,9,57
5805,-108,38,90,377,3,10,58
5805,-108,36,90,377,3,10,57
5805,-108,31,90,377,4,9,57
5805,-108,35,90,377,5,10,58
5805,-108,35,90,377,3,8,56
5805,-108,49,90,377,4,8,56
5805,-108,41,90,377,3,7,57
5805,-108,44,90,377,4,8,57
5805,-108,62,90,377,3,9,57
5805,-108,41,90,377,4,9,58
5805,-108,52,90,377,5,9,57
5805,-108,31,90,377,4,9,57
5805,-108,44,90,377,3,9,57
5805,-108,66,90,377,4,10,58
5805,-108,46,90,377,3,9,57
5805,-108,30,90,377,4,9,57
5805,-108,33,90,377,3,8,56
5805,-108,40,90,377,5,8,57
5805,-108,43,90,377,3,9,56
5805,-108,40,90,377,5,9,57
5805,-108,46,90,377,3,8,57
5805,-108,29,90,377,3,8,56
5805,-108,49,90,377,3,11,57
5805,-108,29,90,377,3,10,57
5805,-108,34,90,377,4,9,57
5805,-108,54,90,377,4,9,56
5805,-108,36,90,377,5,8,55
5805,-108,38,90,377,4,9,57
5805,-108,44,90,377,3,9,57
5805,-108,39,90,377,4,9,57
5805,-108,31,90,377,4,10,57
5805,-108,47,89,377,5,9,56
5805,-108,41,90,377,4,7,55
5805,-108,34,90,377,3,9,57
5805,-108,39,90,377,4,9,56
5805,-108,43,90,377,3,8,56
5805,-108,42,90,377,6,8,55
5805,-108,30,90,377,3,8,56
5805,-108,49,90,377,4,9,57
5805,-108,29,90,377,3,9,57
5805,-108,36,90,377,4,9,56
5805,-108,38,90,377,4,9,57
5805,-108,47,90,377,3,8,56
5805,-108,31,90,377,5,9,57
5805,-108,40,90,377,4,12,58
5805,-108,38,90,377,5,9,57
5805,-108,35,90,377,5,9,57
5805,-108,38,90,377,4,10,58
5805,-108,54,90,377,4,10,58
5805,-108,35,90,377,4,10,56
5805,-108,59,90,377,4,6,57
5805,-108,45,90,377,3,8,57
5805,-108,52,90,377,4,9,57
5805,-108,31,90,377,4,10,57
5805,-108,44,90,377,4,9,57
5805,-108,38,90,377,4,9,56
5805,-108,51,90,377,3,10,57
5805,-108,31,90,377,5,11,58
5805,-108,30,90,377,5,9,57
5805,-108,32,90,377,3,8,57
5805,-108,29,90,377,4,10,57
5805,-108,41,90,377,4,10,57
5805,-108,43,90,377,3,8,57
5805,-108,34,90,377,4,10,57
5805,-108,36,90,377,2,11,57
5805,-108,35,90,377,4,11,57
5805,-108,37,90,377,5,10,58
5805,-108,25,90,377,4,11,57
5805,-108,39,90,377,3,10,57
5805,-108,39,90,377,5,9,57
5805,-108,37,90,377,3,11,58
5805,-108,50,90,377,4,10,57
5805,-108,42,90,377,5,9,57
5805,-108,30,90,377,5,9,57
5805,-108,49,90,377,4,9,57
5805,-108,42,90,377,4,10,57
5805,-108,38,90,377,4,10,57
5805,-108,33,90,377,3,9,57
5805,-108,31,90,377,4,11,58
5805,-108,32,90,377,3,8,55
5805,-108,34,90,377,2,9,57
5805,-108,32,90,377,4,10,57
5805,-108,37,90,377,4,9,57
5805,-108,30,90,377,3,11,56
5805,-108,30,90,377,2,8,56
5805,-108,60,90,377,4,9,58
5805,-108,41,90,377,4,9,57
5805,-108,44,90,377,4,11,57
5805,-108,32,90,377,4,9,57
5805,-108,34,90,377,3,9,57
5805,-108,30,90,377,4,9,57
5805,-108,34,90,377,4,10,56
5805,-108,55,90,377,5,10,57
5805,-108,66,90,377,3,9,57
5805,-108,31,90,377,3,8,57
5805,-108,44,90,377,3,8,56
5805,-108,41,90,377,4,11,57
5805,-108,39,90,377,4,9,57
5805,-108,33,90,377,4,8,57
5805,-108,38,90,377,3,9,57
5805,-108,44,90,377,4,10,57
5805,-108,47,90,377,4,10,57
5805,-108,61,90,377,4,10,57
5805,-108,39,90,377,3,10,58
5805,-108,45,90,377,4,10,57
5805,-108,65,90,377,4,9,56
5805,-108,46,90,377,4,8,57
5805,-108,48,90,377,4,8,56
5805,-108,34,90,377,4,9,57
5805,-108,31,90,377,3,9,57
5805,-108,53,90,377,5,9,57
5805,-108,50,90,377,3,10,57
5805,-108,35,90,377,4,10,57
5805,-108,44,90,377,5,10,57
5805,-108,31,90,377,3,11,57
5805,-108,40,90,377,2,10,57
5805,-108,45,90,377,3,11,58
5805,-108,39,90,377,4,10,57
5805,-108,28,90,377,3,9,56
5805,-108,34,90,377,3,9,56
5805,-108,33,90,377,4,11,57
5805,-108,32,90,377,5,11,57
5805,-108,53,90,377,5,8,57
5805,-108,27,90,377,4,8,57
5805,-108,43,90,377,4,9,57
5805,-108,40,90,377,4,10,57
5805,-108,51,90,377,4,9,57
5805,-108,26,90,377,4,9,56
5805,-108,28,90,377,4,8,57
5805,-108,51,90,377,4,9,58
5805,-108,51,90,377,5,10,57
5805,-108,38,90,377,4,11,57
5805,-108,31,90,377,4,9,57
5805,-108,44,90,377,5,10,57
5805,-108,51,90,377,4,10,56
5805,-108,37,90,377,5,8,57
5805,-108,34,90,377,5,9,57
5805,-108,41,90,377,3,9,56
5805,-108,42,90,377,4,9,58
5805,-108,32,90,377,3,9,57
5805,-108,42,90,377,4,8,57
5805,-108,33,90,377,3,11,58
5805,-108,57,90,377,4,8,57
5805,-108,42,90,377,4,11,58
5805,-108,41,90,377,5,10,57
5805,-108,48,90,377,4,9,56
5805,-108,28,90,377,3,10,57
5805,-108,48,90,377,5,8,56
5805,-108,48,90,377,4,10,58
5805,-108,36,90,377,4,8,56
5805,-108,31,90,377,4,9,57
5805,-108,45,90,377,4,9,57
5805,-108,44,90,377,4,9,57
5805,-108,39,90,377,4,8,56
5805,-108,36,90,377,4,10,57
5805,-108,40,90,377,4,9,56
5805,-108,34,90,377,4,10,57
5805,-108,26,90,377,4,10,56
5805,-108,51,90,377,4,9,56
5805,-108,39,90,377,3,11,57
5805,-108,55,90,377,3,10,57
5805,-108,33,90,377,3,9,57
5805,-108,36,90,377,4,10,57
5805,-108,24,89,377,6,9,56
5805,-108,41,90,377,3,9,58
5805,-108,47,90,377,4,9,57
5805,-108,29,90,377,4,9,57
5805,-108,41,90,377,3,10,57
5805,-108,32,90,377,4,9,57
5805,-108,38,90,377,4,9,56
5805,-108,44,90,377,4,9,56
5805,-108,38,90,377,4,10,58
5805,-108,35,90,377,3,8,56
5805,-108,43,90,377,4,8,57
5805,-108,32,90,377,4,10,57
5805,-108,42,90,377,5,9,57
5805,-108,39,90,377,4,10,57
5805,-108,36,90,377,5,9,57
5805,-108,37,90,377,4,10,58
5805,-108,52,90,377,4,9,56
5805,-108,39,90,377,3,10,57
5805,-108,43,90,377,4,10,57
5805,-108,35,90,377,4,7,56
5805,-108,39,90,377,5,9,57
5805,-108,26,90,377,5,7,56
5805,-108,33,89,377,5,9,56
5805,-108,33,90,377,3,9,57
5805,-108,37,90,377,4,10,56
5805,-108,44,90,377,4,9,57
5805,-108,53,90,377,3,10,58
5805,-108,24,90,377,5,8,55
5805,-108,47,90,377,4,8,57
5805,-108,39,90,377,3,8,57
5805,-108,45,89,377,5,10,56
5805,-108,42,90,377,4,9,57
5805,-108,31,90,377,5,9,56
5805,-108,32,90,377,4,10,56
5805,-108,46,90,377,3,9,57
5805,-108,35,90,377,4,9,56
5805,-108,38,90,377,5,10,57
5805,-108,35,89,377,5,8,55
5805,-108,44,90,377,5,9,57
5805,-108,46,90,377,4,11,57
5805,-108,34,90,377,2,9,57
5805,-108,32,90,377,4,10,56
5805,-108,51,90,377,4,9,57
5805,-108,35,90,377,5,10,56
5805,-108,50,90,377,4,11,58
5805,-108,32,90,377,5,10,56
5805,-108,35,90,377,4,9,57
5805,-108,25,90,377,5,8,56
5805,-108,51,90,377,5,9,58
5805,-108,33,90,377,4,9,57
5805,-108,53,90,377,5,10,58
5805,-108,49,90,377,3,9,57
5805,-108,46,90,377,6,9,58
5805,-108,36,90,377,3,8,57
5805,-108,34,90,377,4,9,57
5805,-108,45,90,377,4,10,57
5805,-108,42,90,377,4,11,57
5805,-108,30,90,377,4,8,56
5805,-108,39,90,377,5,10,57
5805,-108,30,90,377,4,9,57
5805,-108,64,90,377,5,10,57
5805,-108,39,90,377,5,7,55
5805,-108,31,90,377,3,9,57
5805,-108,39,90,377,4,10,57
5805,-108,49,90,377,3,10,57
5805,-108,31,90,377,4,8,57
5805,-108,54,90,377,5,7,57
5805,-108,41,90,377,3,6,56
5805,-108,36,90,377,4,10,57
5805,-108,35,90,377,3,9,57
5805,-108,35,90,377,3,9,57
5805,-108,30,90,377,4,10,57
5805,-108,43,90,377,4,9,57
5805,-108,28,90,377,4,8,56
5805,-108,36,90,377,4,10,57
5805,-108,47,90,377,3,8,57
5805,-108,30,90,377,4,9,57
5805,-108,28,90,377,4,10,57
5805,-108,42,90,377,5,10,56
5805,-108,30,90,377,3,10,57
5805,-108,38,90,377,4,10,58
5805,-108,37,90,377,5,8,56
5805,-108,31,90,377,4,10,57
5805,-108,41,90,377,3,10,56
5805,-108,30,90,377,4,11,57
5805,-108,44,90,377,4,10,57
5805,-108,37,90,377,4,10,58
5805,-108,47,90,377,3,9,57
5805,-108,44,90,377,5,9,57
5805,-108,35,90,377,5,9,57
5805,-108,32,90,377,5,8,57
5805,-108,37,90,377,4,10,57
5805,-108,41,90,377,3,10,57
5805,-108,41,90,377,4,9,56
5805,-108,44,90,377,4,8,57
5805,-108,49,90,377,4,9,58
5805,-108,34,90,377,3,8,57
5805,-108,37,90,377,5,10,58
5805,-108,42,90,377,3,9,57
5805,-108,33,90,377,4,7,57
5805,-108,51,90,377,3,9,57
5805,-108,43,90,377,4,12,58
5805,-108,32,89,377,5,9,55
5805,-108,55,90,377,3,10,57
5805,-108,58,90,377,4,8,58
5805,-108,42,90,377,4,10,57
5805,-108,40,90,377,5,11,58
5805,-108,31,90,377,4,9,57
5805,-108,55,90,377,5,8,57
5805,-108,36,90,377,4,9,57
5805,-108,33,90,377,3,9,57
5805,-108,42,90,377,3,8,56
5805,-108,30,89,377,4,9,55
5805,-108,34,90,377,2,9,57
5805,-108,33,90,377,5,9,57
5805,-108,32,90,377,4,12,58
5805,-108,39,90,377,4,10,57
5805,-108,32,90,377,4,9,56
5805,-108,44,90,377,4,11,58
5805,-108,42,90,377,4,10,58
5805,-108,39,89,377,4,9,56
5805,-108,39,90,377,4,10,57
5805,-108,37,90,377,5,11,57
5805,-108,52,90,377,5,9,57
5805,-108,26,89,377,4,9,55
5805,-108,41,90,377,3,11,58
5805,-108,33,90,377,4,10,57
5805,-108,53,90,377,3,11,58
5805,-108,52,90,377,5,8,57
5805,-108,59,90,377,4,10,57
5805,-108,34,90,377,4,8,56
5805,-108,39,90,377,4,8,56
5805,-108,39,90,377,5,9,57
5805,-108,33,90,377,4,9,57
5805,-108,36,90,377,3,9,57
5805,-108,46,90,377,4,11,57
5805,-108,40,89,377,5,9,55
5805,-108,41,90,377,5,11,57
5805,-108,39,90,377,3,10,57
5805,-108,35,90,377,4,12,58
5805,-108,37,90,377,4,11,57
5805,-108,35,90,377,4,9,57
5805,-108,36,90,377,4,9,57
5805,-108,36,90,377,5,10,57
5805,-108,39,90,377,4,10,57
5805,-108,31,90,377,3,7,57
5805,-108,61,90,377,5,7,56
5805,-108,39,90,377,3,9,57
5805,-108,26,90,377,4,8,56
5805,-108,43,90,377,3,9,57
5805,-108,29,90,377,3,10,57
5805,-108,31,90,377,5,11,57
5805,-108,57,90,377,5,9,57
5805,-108,55,90,377,3,8,57
5805,-108,27,90,377,4,10,57
5805,-108,33,90,377,4,9,57
5805,-108,43,90,377,5,11,57
5805,-108,32,90,377,4,8,57
5805,-108,34,90,377,3,10,57
5805,-108,49,90,377,5,11,57
5805,-108,31,90,377,3,10,57
5805,-108,30,90,377,3,8,56
5805,-108,50,90,377,3,9,57
5805,-108,40,90,377,5,10,57
5805,-108,41,90,377,5,11,57
5805,-108,34,90,377,4,10,56
5805,-108,40,90,377,4,9,57
5805,-108,51,90,377,4,7,55
5805,-108,32,90,377,4,8,57
5805,-108,36,90,377,4,10,56
5805,-108,44,90,377,3,11,58
5805,-108,31,90,377,5,8,57
5805,-108,25,90,377,6,8,57
5805,-108,48,90,377,3,10,56
5805,-108,37,90,377,3,9,57
5805,-108,37,90,377,4,10,57
5805,-108,30,90,377,5,9,58
5805,-108,39,90,377,5,10,56
5805,-108,42,90,377,4,10,57
5805,-108,34,90,377,4,11,57
5805,-108,34,90,377,4,10,58
5805,-108,36,90,377,4,10,58
5805,-108,41,90,377,4,8,56
5805,-108,30,90,377,3,8,57
5805,-108,31,90,377,4,10,57
5805,-108,42,90,377,4,9,57
5805,-108,47,90,377,3,8,57
5805,-108,32,90,377,5,8,57
5805,-108,33,90,377,5,10,57
5805,-108,40,90,377,4,10,57
5805,-108,39,90,377,3,8,57
5805,-108,35,90,377,5,9,58
5805,-108,28,90,377,5,10,57
5805,-108,34,90,377,4,10,57
5805,-108,36,90,377,4,10,58
5805,-108,29,90,377,4,9,57
5805,-108,34,90,377,4,9,57
5805,-108,32,90,377,4,10,58
5805,-108,37,90,377,4,11,58
5805,-108,29,90,377,4,9,57
5805,-108,33,90,377,4,9,56
5805,-108,35,90,377,4,9,57
5805,-108,32,90,377,4,10,57
5805,-108,37,90,377,4,11,58
5805,-108,37,90,377,3,10,57
5805,-108,26,90,377,4,8,57
5805,-108,31,90,377,4,8,56
5805,-108,41,90,377,3,10,57
5805,-108,34,90,377,5,9,57
5805,-108,29,90,377,4,10,56
5805,-108,32,90,377,3,8,58
5805,-108,40,90,377,3,9,57
5805,-108,33,90,377,4,8,56
5805,-108,42,89,377,5,9,56
5805,-108,31,90,377,3,7,56
5805,-108,40,90,377,5,10,57
5805,-108,36,90,377,4,9,56
5805,-108,40,90,377,5,9,57
5805,-108,33,90,377,3,9,57
5805,-108,31,90,377,3,9,56
5805,-108,31,90,377,5,9,56
5805,-108,40,90,377,4,9,57
5805,-108,40,90,377,5,10,57
5805,-108,42,90,377,4,9,57
5805,-108,46,90,377,4,8,57
5805,-108,31,90,377,4,7,55
5805,-108,42,90,377,3,9,57
5805,-108,42,90,377,5,9,57
5805,-108,44,90,377,5,9,57
5805,-108,49,90,377,5,9,57
5805,-108,31,90,377,5,10,57
5805,-108,33,90,377,4,10,57
5805,-108,44,90,377,4,10,57
5805,-108,30,90,377,4,10,57
5805,-108,40,90,377,3,8,56
5805,-108,30,90,377,4,8,56
5805,-108,57,90,377,4,10,57
5805,-108,31,90,377,5,9,56
5805,-108,42,90,377,5,10,58
5805,-108,28,90,377,4,9,56
5805,-108,29,90,377,3,10,56
5805,-108,37,90,377,4,7,56
5805,-108,39,90,377,4,10,56
5805,-108,37,90,377,4,8,56
5805,-108,47,90,377,3,11,58
5805,-108,34,90,377,3,8,56
5805,-108,47,90,377,4,9,57
5805,-108,33,90,377,3,10,57
5805,-108,35,90,377,4,9,57
5805,-108,34,90,377,5,10,57
5805,-108,35,90,377,5,11,58
5805,-108,29,90,377,4,9,57
5805,-108,26,90,377,4,8,56
5805,-108,34,90,377,4,8,57
5805,-108,45,90,377,5,9,57
5805,-108,41,90,377,4,10,57
5805,-108,59,90,377,3,9,56
5805,-108,47,90,377,5,10,56
5805,-108,35,90,377,4,10,58
5805,-108,51,90,377,4,10,57
5805,-108,35,90,377,4,10,58
5805,-108,30,90,377,4,9,57
5805,-108,32,90,377,4,9,57
5805,-108,41,90,377,4,10,58
5805,-108,40,90,377,5,8,56
5805,-108,34,90,377,4,11,57
5805,-108,46,90,377,4,8,57
5805,-108,40,90,377,4,10,57
5805,-108,50,90,377,4,11,58
5805,-108,25,90,377,4,10,56
5805,-108,49,90,377,3,9,58
5805,-108,40,90,377,5,9,57
5805,-108,33,90,377,4,9,56
5805,-108,37,90,377,4,9,57
5805,-108,39,90,377,4,9,56
5805,-108,35,90,377,4,8,56
5805,-108,45,90,377,4,9,57
5805,-108,35,90,377,2,10,57
5805,-108,40,90,377,5,10,58
5805,-108,46,90,377,3,10,57
5805,-108,31,90,377,4,12,57
5805,-108,45,90,377,4,9,56
5805,-108,36,90,377,5,10,57
5805,-108,31,90,377,4,10,57
5805,-108,47,90,377,4,8,56
5805,-108,40,90,377,4,8,56
5805,-108,37,90,377,4,9,57
5805,-108,49,90,377,4,7,56
5805,-108,43,90,377,5,10,57
5805,-108,40,90,377,4,9,56
5805,-108,40,90,377,4,11,57
5805,-108,50,90,377,4,9,57
5805,-108,48,90,377,2,8,57
5805,-108,39,90,377,5,11,57
5805,-108,33,90,377,5,11,58
5805,-108,40,90,377,5,9,57
5805,-108,31,90,377,4,10,57
5805,-108,48,90,377,4,8,56
5805,-108,42,89,377,5,9,56
5805,-108,57,90,377,3,8,56
5805,-108,37,90,377,3,11,58
5805,-108,43,90,377,5,9,58
5805,-108,39,90,377,4,9,57
5805,-108,32,90,377,4,10,58
5805,-108,48,90,377,3,9,57
5805,-108,49,90,377,4,10,58
5805,-108,48,90,377,4,11,58
5805,-108,40,90,377,3,10,57
5805,-108,28,90,377,6,8,56
5805,-108,58,90,377,4,10,57
5805,-108,44,90,377,4,9,57
5805,-108,38,90,377,4,11,57
5805,-108,60,90,377,4,11,57
5805,-108,24,90,377,3,10,56
5805,-108,46,90,377,5,9,57
5805,-108,30,90,377,4,11,57
5805,-108,29,90,377,4,9,57
5805,-108,33,90,377,5,10,57
5805,-108,45,90,377,4,8,57
5805,-108,39,90,377,5,9,57
5805,-108,42,90,377,4,9,57
5805,-108,35,90,377,4,9,57
5805,-108,46,90,377,4,8,57
5805,-108,33,90,377,4,10,57
5805,-108,34,90,377,3,7,56
5805,-108,29,90,377,3,8,57
5805,-108,41,90,377,5,9,57
5805,-108,37,90,377,4,9,56
5805,-108,30,90,377,3,10,57
5805,-108,28,90,377,4,10,57
5805,-108,35,90,377,3,9,57
5805,-108,38,90,377,4,10,57
5805,-108,32,90,377,4,11,57
5805,-108,38,90,377,4,8,57
5805,-108,40,90,377,4,9,57
5805,-108,51,90,377,4,10,58
5805,-108,29,90,377,5,8,57
5805,-108,31,90,377,4,8,56
5805,-108,34,90,377,4,9,57
5805,-108,37,90,377,3,10,57
5805,-108,44,90,377,4,9,57
5805,-108,35,90,377,5,10,57
5805,-108,47,90,377,4,10,58
5805,-108,26,90,377,5,9,56
5805,-108,48,90,377,5,10,57
5805,-108,34,90,377,4,9,57
5805,-108,42,90,377,3,10,57
5805,-108,37,90,377,4,9,57
5805,-108,34,90,377,4,8,56
5805,-108,43,90,377,4,9,56
5805,-108,43,90,377,3,10,57
5805,-108,38,90,377,3,12,57
5805,-108,43,90,377,3,10,58
5805,-108,26,90,377,4,10,57
5805,-108,48,90,377,4,11,58
5805,-108,39,90,377,4,11,57
5805,-108,38,90,377,5,9,57
5805,-108,44,90,377,5,9,57
5805,-108,44,90,377,4,8,56
5805,-108,36,90,377,4,10,57
5805,-108,37,90,377,4,7,57
5805,-108,52,90,377,4,9,57
5805,-108,36,90,377,5,10,57
5805,-108,31,90,377,4,8,57
5805,-108,39,90,377,4,9,57
5805,-108,46,90,377,5,9,57
5805,-108,43,90,377,3,9,57
5805,-108,29,90,377,3,9,56
5805,-108,34,90,377,4,9,57
5805,-108,47,90,377,3,10,57
5805,-108,32,90,377,4,10,57
5805,-108,29,90,377,4,9,57
5805,-108,40,90,377,3,9,57
5805,-108,51,90,377,3,8,57
5805,-108,41,90,377,4,9,57
5805,-108,48,90,377,5,9,57
5805,-108,43,90,377,4,9,57
5805,-108,32,90,377,5,9,57
5805,-108,47,90,377,4,7,56
5805,-108,41,90,377,3,12,58
5805,-108,26,90,377,4,9,57
5805,-108,39,90,377,5,9,57
5805,-108,37,90,377,4,10,58
5805,-108,29,90,377,3,10,56
5805,-108,30,90,377,4,9,57
5805,-108,35,90,377,4,9,56
5805,-108,42,90,377,5,10,58
5805,-108,41,90,377,4,11,58
5805,-108,37,90,377,5,8,56
5805,-108,53,90,377,4,9,56
5805,-108,41,90,377,4,9,57
5805,-108,46,90,377,4,11,57
5805,-108,27,90,377,4,9,56
5805,-108,50,90,377,4,8,57
5805,-108,39,90,377,4,9,57
5805,-108,46,90,377,4,9,57
5805,-108,32,90,377,5,9,57
5805,-108,54,90,377,4,10,57
5805,-108,37,90,377,3,10,57
5805,-108,35,90,377,3,10,57
5805,-108,34,90,377,4,8,56
5805,-108,41,90,377,4,11,57
5805,-108,47,90,377,4,11,57
5805,-108,27,90,377,4,10,56
5805,-108,30,90,377,4,9,56
5805,-108,32,90,377,4,10,56
5805,-108,43,90,377,5,10,58
5805,-108,40,90,377,4,11,58
5805,-108,41,90,377,3,9,57
5805,-108,47,90,377,4,9,57
5805,-108,41,90,377,3,9,56
5805,-108,47,90,377,4,8,56
5805,-108,30,90,377,4,9,56
5805,-108,48,90,377,3,8,57
5805,-108,42,90,377,3,10,57
5805,-108,52,90,377,3,11,57
5805,-108,47,90,377,6,7,56
5805,-108,35,90,377,3,10,57
5805,-108,32,90,377,4,10,57
5805,-108,48,90,377,3,8,56
5805,-108,34,90,377,4,9,57
5805,-108,31,90,377,4,12,57
5805,-108,27,90,377,2,10,56
5805,-108,48,90,377,4,10,58
5805,-108,45,90,377,2,9,57
5805,-108,34,90,377,3,9,57
5805,-108,27,90,377,3,9,57
5805,-108,47,90,377,4,10,57
5805,-108,30,90,377,4,9,58
5805,-108,29,90,377,4,9,57
5805,-108,49,90,377,4,9,57
5805,-108,45,90,377,5,8,57
5805,-108,42,90,377,3,10,57
5805,-108,40,90,377,4,11,58
5805,-108,38,90,377,5,11,57
5805,-108,40,90,377,4,7,55
5805,-108,39,90,377,3,11,57
5805,-108,43,90,377,4,11,57
5805,-108,42,90,377,4,7,56
5805,-108,42,90,377,5,11,57
5805,-108,46,90,377,3,10,57
5805,-108,40,90,377,6,10,57
5805,-108,40,90,377,4,10,57
5805,-108,47,90,377,4,9,57
5805,-108,40,90,377,5,9,57
5805,-108,34,90,377,4,10,57
5805,-108,55,90,377,3,8,57
5805,-108,39,90,377,4,8,56
5805,-108,43,90,377,2,9,56
5805,-108,49,90,377,4,10,57
5805,-108,24,90,377,4,9,57
5805,-108,46,90,377,4,8,56
5805,-108,42,90,377,3,7,56
5805,-108,35,90,377,3,9,57
5805,-108,26,90,377,3,10,57
5805,-108,41,90,377,4,9,56
5805,-108,39,90,377,5,9,56
5805,-108,40,90,377,4,9,57
5805,-108,57,90,377,3,10,58
5805,-108,40,90,377,4,10,57
5805,-108,25,90,377,5,9,57
5805,-108,31,90,377,5,8,56
5805,-108,27,90,377,6,10,56
5805,-108,29,90,377,5,10,57
5805,-108,44,90,377,5,9,57
5805,-108,37,90,377,4,8,56
5805,-108,32,90,377,3,10,57
5805,-108,44,90,377,4,13,58
5805,-108,45,90,377,5,9,57
5805,-108,39,90,377,4,9,57
5805,-108,36,90,377,4,11,58
5805,-108,35,90,377,5,9,57
5805,-108,32,90,377,5,9,57
5805,-108,29,90,377,4,7,55
5805,-108,39,90,377,4,12,58
5805,-108,54,90,377,4,11,58
5805,-108,29,89,377,5,8,55
5805,-108,26,90,377,5,9,57
5805,-108,35,90,377,3,10,58
5805,-108,49,90,377,4,10,57
5805,-108,36,90,377,3,9,57
5805,-108,35,90,377,5,10,57
5805,-108,43,90,377,4,11,57
5805,-108,52,90,377,5,9,57
5805,-108,47,90,377,4,10,57
5805,-108,42,90,377,5,11,57
5805,-108,58,90,377,4,7,57
5805,-108,34,90,377,5,10,57
5805,-108,39,90,377,4,9,56
5805,-108,30,90,377,4,8,55
5805,-108,22,90,377,4,7,55
5805,-108,43,90,377,3,10,58
5805,-108,37,90,377,3,11,58
5805,-108,41,90,377,4,9,57
5805,-108,54,90,377,3,11,58
5805,-108,35,90,377,4,9,56
5805,-108,32,90,377,4,8,56
5805,-108,47,90,377,4,9,56
5805,-108,50,90,377,3,11,57
5805,-108,52,90,377,5,11,57
5805,-108,27,89,378,5,9,56
5805,-108,71,90,377,4,11,58
5805,-108,45,90,377,4,11,58
5805,-108,34,89,378,6,9,56
5805,-108,50,90,377,5,9,57
5805,-108,37,90,377,3,12,57
5805,-108,46,90,377,4,8,57
5805,-108,34,90,377,3,9,57
5805,-108,38,90,377,4,8,57
5805,-108,40,90,377,4,10,57
5805,-108,27,90,377,4,10,56
5805,-108,26,90,377,5,10,56
5805,-108,39,90,377,4,10,58
5805,-108,41,90,377,3,8,57
5805,-108,37,90,377,5,9,56
5805,-108,29,90,377,5,10,56
5805,-108,41,90,377,4,9,57
5805,-108,34,90,377,5,8,57
5805,-108,46,90,377,5,9,57
5805,-108,36,90,377,5,11,57
5805,-108,34,90,377,4,9,57
5805,-108,51,90,377,4,10,58
5805,-108,29,90,377,3,8,56
5805,-108,31,90,377,5,10,57
5805,-108,28,90,377,4,10,56
5805,-108,38,90,377,4,10,57
5805,-108,50,90,377,4,11,57
5805,-108,38,90,377,5,9,56
5805,-108,50,90,377,3,11,57
5805,-108,36,90,377,4,10,57
5805,-108,45,90,377,2,9,57
5805,-108,38,90,377,4,8,57
5805,-108,34,90,377,4,9,57
5805,-108,40,90,377,4,9,57
5805,-108,55,90,377,3,10,57
5805,-108,46,90,377,5,10,58
5805,-108,40,90,377,4,9,57
5805,-108,45,90,377,5,8,57
5805,-108,37,90,377,3,11,58
5805,-108,29,90,377,4,9,57
5805,-108,28,89,377,5,8,55
5805,-108,50,90,377,3,9,57
5805,-108,43,90,377,3,10,58
5805,-108,53,90,377,4,11,58
5805,-108,37,90,377,4,8,56
5805,-108,37,89,377,5,9,57
5805,-108,28,90,377,3,9,57
5805,-108,39,90,377,3,9,57
5805,-108,59,90,377,4,9,57
5805,-108,47,90,377,4,10,57
5805,-108,29,90,377,4,11,58
5805,-108,28,90,377,5,9,56
5805,-108,38,90,377,5,11,57
5805,-108,38,90,377,4,10,56
5805,-108,42,90,377,4,8,57
5805,-108,39,90,377,5,10,57
5805,-108,51,90,377,4,11,57
5805,-108,32,90,377,4,9,57
5805,-108,55,90,377,5,10,57
5805,-108,31,90,377,4,9,56
5805,-108,54,90,377,5,10,57
5805,-108,50,90,377,5,11,57
5805,-108,46,90,377,4,11,57
5805,-108,29,90,377,5,10,58
5805,-108,61,90,377,5,10,57
5805,-108,33,90,377,4,11,57
5805,-108,52,90,377,4,10,57
5805,-108,34,89,378,5,9,56
5805,-108,29,90,377,5,10,57
5805,-108,34,90,377,4,11,58
5805,-108,37,90,377,5,10,57
5805,-108,60,90,377,4,9,57
5805,-108,61,90,377,4,12,58
5805,-108,39,90,377,4,9,58
5805,-108,42,90,377,5,9,55
5805,-108,45,90,377,4,9,57
5805,-108,27,90,377,3,8,55
5805,-108,45,90,377,5,10,57
5805,-108,38,90,377,4,9,57
5805,-108,45,90,377,4,10,57
5805,-108,49,90,377,4,8,56
5805,-108,32,90,377,4,9,56
5805,-108,29,90,377,3,10,57
5805,-108,34,90,377,6,9,57
5805,-108,26,90,377,3,11,57
5805,-108,49,90,377,4,9,57
5805,-108,35,90,377,5,11,57
5805,-108,51,90,377,5,9,57
5805,-108,43,90,377,4,9,57
5805,-108,25,89,377,5,10,56
5805,-108,28,90,377,4,8,56
5805,-108,41,90,377,6,9,57
5805,-108,44,90,377,5,10,57
5805,-108,26,90,377,4,10,58
5805,-108,34,90,377,4,10,57
5805,-108,32,90,377,3,10,57
5805,-108,40,90,377,4,9,57
5805,-108,42,90,377,3,9,57
5805,-108,30,90,377,4,9,56
5805,-108,30,90,377,4,10,57
5805,-108,39,90,377,3,9,57
5805,-108,49,90,377,4,10,58
5805,-108,31,90,377,4,10,57
5805,-108,38,90,377,4,11,57
5805,-108,30,90,377,4,9,57
5805,-108,42,90,377,4,9,57
5805,-108,42,90,377,5,10,57
5805,-108,38,90,377,3,10,57
5805,-108,38,90,377,4,9,57
5805,-108,33,90,377,4,11,57
5805,-108,45,90,377,4,10,57
5805,-108,48,90,377,4,9,57
5805,-108,45,90,377,4,9,57
5805,-108,38,90,377,5,9,57
5805,-108,35,90,377,3,10,57
5805,-108,57,90,377,5,11,57
5805,-108,43,90,377,4,11,57
5805,-108,42,90,377,2,10,58
5805,-108,31,90,377,4,9,57
5805,-108,37,90,377,6,9,57
5805,-108,36,90,377,3,10,57
5805,-108,35,90,377,5,7,56
5805,-108,30,90,377,4,9,57
5805,-108,53,90,377,4,9,57
5805,-108,51,90,377,4,10,58
5805,-108,31,90,377,4,10,58
5805,-108,38,90,377,4,8,56
5805,-108,44,90,377,4,9,58
5805,-108,31,90,377,4,9,57
5805,-108,32,90,377,4,9,57
5805,-108,28,90,377,4,9,57
5805,-108,35,90,377,3,7,57
5805,-108,55,90,377,4,9,56
5805,-108,48,90,377,4,9,57
5805,-108,35,90,377,4,11,57
5805,-108,45,90,377,4,10,57
5805,-108,47,90,377,4,7,56
5805,-108,26,89,378,4,10,56
5805,-108,50,90,377,5,10,58
5805,-108,59,90,377,5,10,57
5805,-108,36,90,377,4,8,57
5805,-108,37,90,377,4,10,58
5805,-108,34,90,377,3,11,57
5805,-108,47,90,377,4,11,57
5805,-108,33,90,377,2,9,57
5805,-108,43,90,377,4,10,57
5805,-108,44,90,377,4,9,57
5805,-108,42,90,377,5,9,57
5805,-108,38,90,377,4,11,58
5805,-108,34,90,377,5,10,58
5805,-108,46,90,377,4,10,58
5805,-108,35,90,377,4,10,57
5805,-108,38,90,377,4,12,58
5805,-108,29,90,377,5,9,57
5805,-108,27,90,377,5,11,57
5805,-108,35,90,377,4,10,57
5805,-108,38,90,377,4,9,57
5805,-108,37,90,377,2,10,57
5805,-108,39,90,377,4,8,57
5805,-108,38,90,377,3,10,57
5805,-108,38,90,377,4,10,57
5805,-108,29,90,377,4,10,57
5805,-108,30,90,377,6,9,57
5805,-108,35,90,377,4,9,57
5805,-108,40,90,377,3,9,57
5805,-108,37,90,377,4,10,57
5805,-108,41,90,377,4,9,56
5805,-108,28,90,377,4,9,57
5805,-108,34,90,377,3,9,57
5805,-108,37,90,377,4,10,58
5805,-108,27,90,377,4,8,56
5805,-108,44,90,377,3,9,57
5805,-108,36,90,377,5,8,57
5805,-108,32,90,377,3,10,57
5805,-108,35,90,377,4,10,58
5805,-108,29,90,377,5,10,57
5805,-108,36,90,377,3,9,57
5805,-108,34,90,377,3,10,57
5805,-108,25,89,378,6,10,56
5805,-108,34,90,377,3,11,57
5805,-108,47,90,377,5,10,57
5805,-108,53,90,377,5,10,57
5805,-108,53,90,377,4,11,58
5805,-108,46,90,377,2,9,57
5805,-108,42,90,377,4,10,57
5805,-108,26,90,377,3,10,57
5805,-108,49,90,377,5,11,57
5805,-108,31,90,377,4,8,56
5805,-108,40,90,377,3,11,57
5805,-108,37,90,377,4,10,58
5805,-108,35,90,377,3,10,57
5805,-108,35,89,377,5,9,56
5805,-108,49,90,377,4,11,57
5805,-108,40,90,377,5,9,57
5805,-108,39,90,377,4,10,57
5805,-108,38,90,377,5,10,57
5805,-108,45,90,377,4,8,57
5805,-108,49,90,377,4,10,57
5805,-108,50,90,377,4,12,57
5805,-108,28,90,377,3,8,56
5805,-108,53,90,377,4,9,57
5805,-108,35,90,377,4,10,58
5805,-108,30,90,377,5,10,57
5805,-108,33,90,377,4,9,56
5805,-108,45,90,377,4,11,57
5805,-108,36,90,377,3,9,57
5805,-108,39,90,377,4,9,57
5805,-108,43,90,377,5,7,57
5805,-108,43,90,377,4,9,56
5805,-108,61,90,377,4,10,57
5805,-108,40,90,377,4,9,57
5805,-108,46,90,377,3,9,57
5805,-108,32,90,377,3,9,56
5805,-108,48,90,377,3,11,58
5805,-108,45,90,377,5,8,56
5805,-108,26,90,377,4,7,56
5805,-108,30,90,377,4,8,56
5805,-108,33,90,377,3,9,57
5805,-108,30,90,377,3,9,57
5805,-108,28,90,377,3,10,57
5805,-108,37,90,377,5,11,57
5805,-108,35,90,377,4,9,57
5805,-108,39,90,377,4,13,58
5805,-108,45,90,377,4,9,57
5805,-108,50,90,377,3,9,57
5805,-108,39,90,377,4,10,57
5805,-108,46,90,377,4,9,57
5805,-108,42,90,377,3,10,57
5805,-108,45,90,377,5,10,58
5805,-108,61,90,377,3,9,57
5805,-108,44,90,377,4,9,57
5805,-108,43,90,377,4,12,58
5805,-108,53,90,377,5,7,57
5805,-108,51,90,377,4,10,57
5805,-108,37,90,377,3,10,57
5805,-108,36,90,377,4,10,57
5805,-108,30,90,377,4,8,57
5805,-108,38,90,377,5,10,57
5805,-108,36,90,377,4,8,55
5805,-108,34,90,377,3,11,57
5805,-108,46,90,377,4,10,57
5805,-108,49,90,377,4,9,57
5805,-108,29,90,377,4,11,57
5805,-108,54,90,377,5,9,56
5805,-108,34,90,377,3,8,56
5805,-108,38,90,377,4,10,57
5805,-108,40,90,377,4,9,57
5805,-108,51,90,377,4,11,57
5805,-108,28,90,377,3,8,56
5805,-108,34,90,377,5,8,57
5805,-108,40,90,377,5,11,58
5805,-108,34,90,377,4,9,57
5805,-108,35,90,377,4,9,57
5805,-108,38,90,377,4,11,57
5805,-108,30,90,377,5,9,56
5805,-108,28,90,377,5,10,58
5805,-108,31,90,377,4,10,57
5805,-108,37,90,377,4,10,57
5805,-108,36,90,377,4,11,57
5805,-108,31,90,377,3,9,57
5805,-108,24,90,377,4,9,56
5805,-108,42,90,377,5,10,57
5805,-108,47,90,377,5,11,57
5805,-108,33,90,377,5,9,57
5805,-108,31,90,377,5,10,57
5805,-108,29,90,377,5,9,57
5805,-108,30,90,377,3,10,57
5805,-108,40,90,377,3,9,56
5805,-108,41,90,377,3,9,57
5805,-108,41,90,377,5,8,57
5805,-108,53,90,377,4,11,57
5805,-108,35,90,377,3,10,57
5805,-108,33,90,377,3,10,58
5805,-108,34,90,377,5,12,57
5805,-108,38,90,377,4,9,57
5805,-108,36,90,377,3,9,57
5805,-108,34,90,377,4,9,56
5805,-108,47,90,377,3,8,57
5805,-108,32,90,377,4,8,56
5805,-108,30,90,377,2,10,57
5805,-108,47,90,377,4,8,57
5805,-108,40,90,377,6,9,57
5805,-108,42,90,377,4,9,57
5805,-108,36,90,377,5,9,57
5805,-108,45,90,377,3,8,56
5805,-108,35,90,377,5,8,56
5805,-108,30,90,377,5,9,57
5805,-108,41,90,377,4,10,57
5805,-108,31,90,377,4,10,57
5805,-108,35,90,377,4,11,57
5805,-108,33,90,377,3,11,58
5805,-108,44,90,377,3,11,58
5805,-108,31,90,377,4,11,58
5805,-108,30,90,377,4,8,57
5805,-108,64,90,377,4,11,58
5805,-108,29,90,377,3,10,56
5805,-108,41,90,377,4,9,57
5805,-108,37,90,377,4,9,57
5805,-108,30,90,377,5,9,57
5805,-108,36,90,377,6,9,57
5805,-108,30,90,377,5,10,57
5805,-108,30,90,377,5,9,57
5805,-108,30,90,377,4,10,57
5805,-108,39,90,377,4,10,57
5805,-108,27,90,377,4,9,56
5805,-108,37,90,377,5,9,58
5805,-108,40,90,377,3,10,58
5805,-108,50,90,377,4,9,58
5805,-108,38,90,377,3,8,55
5805,-108,40,90,377,4,10,57
5805,-108,35,90,377,3,9,58
5805,-108,28,90,377,4,10,57
5805,-108,41,90,377,4,9,57
5805,-108,38,90,377,3,10,57
5805,-108,47,90,377,4,9,56
5805,-108,47,90,377,4,8,56
5805,-108,37,90,377,4,10,57
5805,-108,27,90,377,3,8,56
5805,-108,41,90,377,4,8,56
5805,-108,56,90,377,4,9,57
5805,-108,38,90,377,4,9,56
5805,-108,41,90,377,3,10,57
5805,-108,41,90,377,3,10,56
5805,-108,44,90,377,5,10,57
5805,-108,29,90,377,4,10,57
5805,-108,28,89,377,6,9,56
5805,-108,48,90,377,2,8,56
5805,-108,49,90,377,3,9,56
5805,-108,35,90,377,4,10,57
5805,-108,48,90,377,4,10,57
5805,-108,52,90,377,3,9,57
5805,-108,42,90,377,4,9,57
5805,-108,48,90,377,4,10,58
5805,-108,51,90,377,5,10,56
5805,-108,35,90,377,3,10,57
5805,-108,53,90,377,5,12,58
5805,-108,34,90,377,3,10,57
5805,-108,44,90,377,5,9,57
5805,-108,42,90,377,5,8,56
5805,-108,37,90,377,3,9,56
5805,-108,42,90,377,4,11,58
5805,-108,42,90,377,4,10,57
5805,-108,37,90,377,3,11,57
5805,-108,53,90,377,5,8,56
5805,-108,32,90,377,4,10,57
5805,-108,36,90,377,3,9,57
5805,-108,32,90,377,3,9,55
5805,-108,41,90,377,5,10,57
5805,-108,50,90,377,5,10,58
5805,-108,28,90,377,4,9,56
5805,-108,46,90,377,5,9,58
5805,-108,50,90,377,3,9,57
5805,-108,35,89,377,4,11,57
5805,-108,36,90,377,3,10,57
5805,-108,37,90,377,3,11,56
5805,-108,36,90,377,3,11,57
5805,-108,35,90,377,4,9,58
5805,-108,54,90,377,4,10,57
5805,-108,33,90,377,3,10,56
5805,-108,56,90,377,3,10,58
5805,-108,36,90,377,4,10,57
5805,-108,30,90,377,5,9,58
5805,-108,36,90,377,5,9,57
5805,-108,33,90,377,4,8,56
5805,-108,42,90,377,4,11,57
5805,-108,51,90,377,5,10,57
5805,-108,38,90,377,4,10,57
5805,-108,27,90,377,4,8,56
5805,-108,37,90,377,3,9,57
5805,-108,31,90,377,4,10,58
5805,-108,30,90,377,4,10,57
5805,-108,45,90,377,3,11,57
5805,-108,41,90,377,3,10,57
5805,-108,59,90,377,5,9,57
5805,-108,34,90,377,5,9,57
5805,-108,26,90,377,5,9,57
5805,-108,32,90,377,4,11,57
5805,-108,33,90,377,4,9,58
5805,-108,44,90,377,3,12,58
5805,-108,29,90,377,4,10,56
5805,-108,44,89,378,5,10,57
5805,-108,30,90,377,4,9,57
5805,-108,27,90,377,4,10,56
5805,-108,29,90,377,5,9,57
5805,-108,32,90,377,3,11,57
5805,-108,37,90,377,4,10,57
5805,-108,30,90,377,3,10,57
5805,-108,26,90,377,5,9,56
5805,-108,33,90,377,5,11,58
5805,-108,37,90,377,3,10,57
5805,-108,43,90,377,3,8,57
5805,-108,39,90,377,4,10,58
5805,-108,38,90,377,5,11,58
5805,-108,39,90,377,5,9,57
5805,-108,36,90,377,4,10,57
5805,-108,33,90,377,5,9,57
5805,-108,46,90,377,5,10,58
5805,-108,41,90,377,5,9,56
5805,-108,42,90,377,4,10,57
5805,-108,49,90,377,3,9,57
5805,-108,56,90,377,4,10,57
5805,-108,38,90,377,3,9,57
5805,-108,57,90,377,4,9,58
5805,-108,40,90,377,4,9,57
5805,-108,30,89,377,5,12,57
5805,-108,47,90,377,3,9,56
5805,-108,36,90,377,6,9,56
5805,-108,46,90,377,4,9,57
5805,-108,45,90,377,4,10,57
5805,-108,36,90,377,4,9,57
5805,-108,44,90,377,4,11,57
5805,-108,39,90,377,4,10,57
5805,-108,52,90,377,3,10,57
5805,-108,36,90,377,5,10,57
5805,-108,46,90,377,4,9,57
5805,-108,55,90,377,4,9,57
5805,-108,53,90,377,5,10,57
5805,-108,26,90,377,3,8,56
5805,-108,49,90,377,3,9,56
5805,-108,41,90,377,4,9,57
5805,-108,51,90,377,3,10,58
5805,-108,42,90,377,5,10,57
5805,-108,34,90,377,2,10,57
5805,-108,53,90,377,4,10,57
5805,-108,35,90,377,5,11,57
5805,-108,44,90,377,5,11,58
5805,-108,45,90,377,3,9,57
5805,-108,37,90,377,5,9,57
5805,-108,39,90,377,5,9,57
5805,-108,46,90,377,4,10,58
5805,-108,28,90,377,4,10,57
5805,-108,42,90,377,4,9,56
5805,-108,46,90,377,5,8,57
5805,-108,53,90,377,4,9,57
5805,-108,44,90,377,4,9,57
5805,-108,34,90,377,4,9,57
5805,-108,37,90,377,6,9,57
5805,-108,50,90,377,6,9,57
5805,-108,27,90,377,5,9,57
5805,-108,43,90,377,4,9,57
5805,-108,55,90,377,3,10,57
5805,-108,47,90,377,5,9,57
5805,-108,42,90,377,4,9,57
5805,-108,34,90,377,3,9,57
5805,-108,43,90,377,4,10,57
5805,-108,45,90,377,4,8,56
5805,-108,42,90,377,4,8,57
5805,-108,42,90,377,4,9,57
5805,-108,38,90,377,3,10,56
5805,-108,37,90,377,4,10,56
5805,-108,32,90,377,4,10,58
5805,-108,41,90,377,4,9,56
5805,-108,36,90,377,5,10,57
5805,-108,39,90,377,4,9,57
5805,-108,48,90,377,4,10,57
5805,-108,31,90,377,4,8,56
5805,-108,51,90,377,5,9,56
5805,-108,29,90,377,5,10,57
5805,-108,47,90,377,5,11,57
5805,-108,40,90,377,5,10,57
5805,-108,39,90,377,2,9,56
5805,-108,28,90,377,5,9,56
5805,-108,40,90,377,5,11,57
5805,-108,43,90,377,3,10,57
5805,-108,44,90,377,3,8,56
5805,-108,36,90,377,4,12,58
5805,-108,38,90,377,4,10,57
5805,-108,52,90,377,4,10,58
5805,-108,51,90,377,5,11,57
5805,-108,31,90,377,4,9,57
5805,-108,31,90,377,4,10,57
5805,-108,41,90,377,4,10,58
5805,-108,35,90,377,5,12,57
5805,-108,37,90,377,3,10,57
5805,-108,36,90,377,3,11,57
5805,-108,66,90,377,5,8,57
5805,-108,36,90,377,5,11,57
5805,-108,40,90,377,4,9,57
5805,-108,37,90,377,5,8,57
5805,-108,34,90,377,4,10,57
5805,-108,58,90,377,4,8,57
5805,-108,41,90,377,2,8,56
5805,-108,50,90,377,4,9,57
5805,-108,39,90,377,5,10,57
5805,-108,50,90,377,4,10,57
5805,-108,40,90,377,4,10,57
5805,-108,31,90,377,2,11,58
5805,-108,46,90,377,4,10,57
5805,-108,46,90,377,4,9,57
5805,-108,30,90,377,3,8,56
5805,-108,42,90,377,3,9,57
5805,-108,45,90,377,3,9,56
5805,-108,52,90,377,4,10,57
5805,-108,39,90,377,4,10,57
5805,-108,30,90,377,4,10,58
5805,-108,44,90,377,5,10,57
5805,-108,48,90,377,3,12,58
5805,-108,51,90,377,5,9,57
5805,-108,29,90,377,3,8,57
5805,-108,34,90,377,4,10,57
5805,-108,39,90,377,4,9,57
5805,-108,39,89,377,4,10,56
5805,-108,36,90,377,3,9,57
5805,-108,33,90,377,3,10,56
5805,-108,25,90,377,3,9,56
5805,-108,28,90,377,4,8,56
5805,-108,30,90,377,4,11,57
5805,-108,54,90,377,4,10,57
5805,-108,32,90,377,4,9,57
5805,-108,46,90,377,4,10,57
5805,-108,38,90,377,4,11,57
5805,-108,30,90,377,4,7,55
5805,-108,23,90,377,5,8,56
5805,-108,47,90,377,3,9,57
5805,-108,46,90,377,3,8,55
5805,-108,37,90,377,4,9,57
5805,-108,33,90,377,5,12,58
5805,-108,39,90,377,4,10,57
5805,-108,43,90,377,3,8,56
5805,-108,57,90,377,5,10,57
5805,-108,32,90,377,4,9,56
5805,-108,48,90,377,4,10,57
5805,-108,50,90,377,4,10,58
5805,-108,38,90,377,4,10,57
5805,-108,41,90,377,5,10,57
5805,-108,30,90,377,3,8,55
5805,-108,26,90,377,5,9,57
5805,-108,31,90,377,4,9,56
5805,-108,48,90,377,5,9,58
5805,-108,37,90,377,3,8,57
5805,-108,52,90,377,4,10,57
5805,-108,43,90,377,4,10,57
5805,-108,34,90,377,3,9,57
5805,-108,33,90,377,4,10,57
5805,-108,41,90,377,4,6,57
5805,-108,41,90,377,4,10,58
5805,-108,30,90,377,4,11,58
5805,-108,29,90,377,4,8,56
5805,-108,37,90,377,5,7,56
5805,-108,40,90,377,4,10,57
5805,-108,52,90,377,5,10,58
5805,-108,49,90,377,3,9,57
5805,-108,38,90,377,4,10,58
5805,-108,34,90,377,5,9,57
5805,-108,34,90,377,5,10,57
5805,-108,39,90,377,4,9,57
5805,-108,40,90,377,5,8,57
5805,-108,46,90,377,3,11,58
5805,-108,38,90,377,4,9,57
5805,-108,37,90,377,2,11,57
5805,-108,34,90,377,5,10,58
5805,-108,41,90,377,3,9,57
5805,-108,37,90,377,3,9,57
5805,-108,39,90,377,4,9,57
5805,-108,47,90,377,5,11,58
5805,-108,51,90,377,3,11,57
5805,-108,34,90,377,4,8,57
5805,-108,38,90,377,3,10,58
5805,-108,51,90,377,4,9,57
5805,-108,37,90,377,5,9,57
5805,-108,33,90,377,4,9,57
5805,-108,31,90,377,4,10,57
5805,-108,46,90,377,4,11,57
5805,-108,32,90,377,4,9,56
5805,-108,24,90,377,4,8,56
5805,-108,26,90,377,3,8,57
5805,-108,44,90,377,4,10,57
5805,-108,43,90,377,4,9,57
5805,-108,38,90,377,4,10,57
5805,-108,41,90,377,5,11,58
5805,-108,49,90,377,3,9,57
5805,-108,58,90,377,4,10,57
5805,-108,48,90,377,4,9,57
5805,-108,43,90,377,4,10,56
5805,-108,30,90,377,3,10,57
5805,-108,43,90,377,5,11,57
5805,-108,54,90,377,4,9,56
5805,-108,34,90,377,3,8,57
5805,-108,36,90,377,4,9,57
5805,-108,31,90,377,4,10,57
5805,-108,47,90,377,3,9,57
5805,-108,35,90,377,3,8,55
5805,-108,42,90,377,2,8,57
5805,-108,44,90,377,5,9,57
5805,-108,29,90,377,2,9,56
5805,-108,45,90,377,4,10,58
5805,-108,32,90,377,5,10,58
5805,-108,36,90,377,4,9,57
5805,-108,41,90,377,4,10,57
5805,-108,50,90,377,3,9,57
5805,-108,43,90,377,4,9,57
5805,-108,40,90,377,5,10,58
5805,-108,33,90,377,5,9,57
5805,-108,34,90,377,3,10,57
5805,-108,33,90,377,4,11,57
5805,-108,43,90,377,4,8,56
5805,-108,35,90,377,4,10,57
5805,-108,51,90,377,4,9,58
5805,-108,34,90,377,4,8,56
5805,-108,41,90,377,2,9,57
5805,-108,37,90,377,3,8,57
5805,-108,28,90,377,4,9,58
5805,-108,27,90,377,4,10,57
5805,-108,29,90,377,4,8,56
5805,-108,43,90,377,3,8,58
5805,-108,33,90,377,5,8,56
5805,-108,34,90,377,4,9,56
5805,-108,48,90,377,4,11,58
5805,-108,31,90,377,5,8,57
5805,-108,49,90,377,5,9,57
5805,-108,44,90,377,5,11,57
5805,-108,30,90,377,4,9,57
5805,-108,26,89,378,4,9,55
5805,-108,32,90,377,4,9,56
5805,-108,48,90,377,4,8,57
5805,-108,43,90,377,4,9,56
5805,-108,43,90,377,5,10,58
5805,-108,33,90,377,3,6,55
5805,-108,32,89,377,5,9,56
5805,-108,61,90,377,4,8,57
5805,-108,34,90,377,3,10,56
5805,-108,39,90,377,5,8,56
5805,-108,31,90,377,5,8,57
5805,-108,37,90,377,3,10,58
5805,-108,35,90,377,5,10,58
5805,-108,59,90,377,4,9,57
5805,-108,35,90,377,4,9,57
5805,-108,37,90,377,4,10,57
5805,-108,55,90,377,4,10,57
5805,-108,27,90,377,5,10,57
5805,-108,44,90,377,3,10,57
5805,-108,38,90,377,4,10,57
5805,-108,32,90,377,4,8,57
5805,-108,55,90,377,4,10,57
5805,-108,41,90,377,4,10,57
5805,-108,37,89,378,5,9,55
5805,-108,34,90,377,3,10,57
5805,-108,38,90,377,6,8,57
5805,-108,30,90,377,4,9,57
5805,-108,34,90,377,2,9,57
5805,-108,44,90,377,3,9,57
5805,-108,34,90,377,5,9,57
5805,-108,51,90,377,4,10,57
5805,-108,49,90,377,3,9,55
5805,-108,37,90,377,4,11,57
5805,-108,59,90,377,4,9,58
5805,-108,50,90,377,4,11,57
5805,-108,33,90,377,3,9,57
5805,-108,37,90,377,6,10,58
5805,-108,40,90,377,4,10,57
5805,-108,30,90,377,5,9,57
5805,-108,29,90,377,4,9,57
5805,-108,42,90,377,5,8,57
5805,-108,38,90,377,4,11,57
5805,-108,40,90,377,4,10,58
5805,-108,47,90,377,4,10,57
5805,-108,56,90,377,4,9,57
5805,-108,50,90,377,4,9,57
5805,-108,57,90,377,5,10,57
5805,-108,39,89,377,4,10,56
5805,-108,39,90,377,4,9,57
5805,-108,36,90,377,3,7,57
5805,-108,43,90,377,4,10,57
5805,-108,43,90,377,4,9,58
5805,-108,38,90,377,4,9,57
5805,-108,36,90,377,5,10,57
5805,-108,33,90,377,3,8,57
5805,-108,35,90,377,4,10,57
5805,-108,36,90,377,4,9,57
5805,-108,37,90,377,3,9,56
5805,-108,54,90,377,5,9,57
5805,-108,25,89,377,5,9,55
5805,-108,46,90,377,5,8,56
5805,-108,50,90,377,3,8,56
5805,-108,44,90,377,4,9,57
5805,-108,50,90,377,3,10,57
5805,-108,45,90,377,5,10,57
5805,-108,49,90,377,5,9,57
5805,-108,32,90,377,4,11,57
5805,-108,39,90,377,3,11,58
5805,-108,37,90,377,4,10,57
5805,-108,35,90,377,4,11,57
5805,-108,46,90,377,4,9,58
5805,-108,34,90,377,4,8,56
5805,-108,38,90,377,4,8,56
5805,-108,31,89,377,6,9,55
5805,-108,37,90,377,5,10,58
5805,-108,47,90,377,4,10,57
5805,-108,43,90,377,5,11,58
5805,-108,35,90,377,3,9,57
5805,-108,41,90,377,5,9,57
5805,-108,27,90,377,2,9,57
5805,-108,29,90,377,4,10,57
5805,-108,46,90,377,4,10,57
5805,-108,27,90,377,5,9,55
5805,-108,27,90,377,5,9,57
5805,-108,36,90,377,5,10,57
5805,-108,46,90,377,4,9,57
5805,-108,26,90,377,4,9,55
5805,-108,44,90,377,4,9,57
5805,-108,39,90,377,4,10,57
5805,-108,31,90,377,5,9,57
5805,-108,45,90,377,3,11,57
5805,-108,34,90,377,6,9,57
5805,-108,32,90,377,4,10,57
5805,-108,38,90,377,4,11,57
5805,-108,40,90,377,3,9,57
5805,-108,46,90,377,4,9,58
5805,-108,49,90,377,3,7,55
5805,-108,37,90,377,4,11,57
5805,-108,36,90,377,3,10,58
5805,-108,39,90,377,4,10,57
5805,-108,36,90,377,5,8,56
5805,-108,35,90,377,4,9,56
5805,-108,35,90,377,3,10,57
5805,-108,34,90,377,5,10,57
5805,-108,30,90,377,3,9,57
5805,-108,42,90,377,4,10,57
5805,-108,32,90,377,4,9,57
5805,-108,25,90,377,5,9,56
5805,-108,49,90,377,4,9,57
5805,-108,30,90,377,4,10,57
5805,-108,52,90,377,3,11,58
5805,-108,53,90,377,5,9,57
5805,-108,40,90,377,4,11,58
5805,-108,31,90,377,5,10,57
5805,-108,35,90,377,4,9,57
5805,-108,28,90,377,4,9,56
5805,-108,41,90,377,5,9,57
5805,-108,38,90,377,4,9,57
5805,-108,38,90,377,4,10,57
5805,-108,33,90,377,5,11,57
5805,-108,36,90,377,4,8,57
5805,-108,35,90,377,3,9,57
5805,-108,38,90,377,5,11,57
5805,-108,42,90,377,4,10,58
5805,-108,51,90,377,4,11,57
5805,-108,38,90,377,3,8,57
5805,-108,37,90,377,4,9,58
5805,-108,48,90,377,4,9,57
5805,-108,42,90,377,4,9,57
5805,-108,62,90,377,3,11,57
5805,-108,42,90,377,4,10,57
5805,-108,43,90,377,3,10,58
5805,-108,49,90,377,4,9,57
5805,-108,32,90,377,3,11,58
5805,-108,44,90,377,4,9,57
5805,-108,40,90,377,4,9,56
5805,-108,41,90,377,3,9,56
5805,-108,36,90,377,5,10,57
5805,-108,30,90,377,5,10,57
5805,-108,44,90,377,4,9,57
5805,-108,48,90,377,3,10,58
5805,-108,40,89,377,5,10,55
5805,-108,35,90,377,4,8,57
5805,-108,35,90,377,3,7,56
5805,-108,36,90,377,4,10,57
5805,-108,29,90,377,4,9,57
5805,-108,48,90,377,3,8,57
5805,-108,44,90,377,4,10,56
5805,-108,45,90,377,4,8,57
5805,-108,60,90,377,4,12,57
5805,-108,40,90,377,4,11,57
5805,-108,43,90,377,3,9,58
5805,-108,32,90,377,4,10,57
5805,-108,51,90,377,4,10,57
5805,-108,45,90,377,2,10,57
5805,-108,41,90,377,4,9,58
5805,-108,42,90,377,4,8,56
5805,-108,41,90,377,3,10,58
5805,-108,38,90,377,4,9,57
5805,-108,32,90,377,4,10,57
5805,-108,31,90,377,4,9,56
5805,-108,41,90,377,4,11,58
5805,-108,50,90,377,4,10,57
5805,-108,33,90,377,4,8,56
5805,-108,50,90,377,5,9,57
5805,-108,31,90,377,4,8,56
5805,-108,41,90,377,4,9,57
5805,-108,46,90,377,4,9,57
5805,-108,28,90,377,3,7,55
5805,-108,38,90,377,4,10,58
5805,-108,45,90,377,3,9,58
5805,-108,47,90,377,3,9,57
5805,-108,28,90,377,4,9,56
5805,-108,34,90,377,4,8,57
5805,-108,32,90,377,4,9,57
5805,-108,46,90,377,3,10,57
5805,-108,35,90,377,3,9,57
5805,-108,37,90,377,4,11,57
5805,-108,37,90,377,3,8,57
5805,-108,34,90,377,5,10,56
5805,-108,30,90,377,4,8,56
5805,-108,52,90,377,4,8,58
5805,-108,35,90,377,4,10,57
5805,-108,40,90,377,4,9,57
5805,-108,29,90,377,4,8,56
5805,-108,53,90,377,4,10,57
5805,-108,47,90,377,3,10,57
5805,-108,55,90,377,4,9,57
5805,-108,40,90,377,3,10,57
5805,-108,24,90,377,4,10,56
5805,-108,30,90,377,2,11,58
5805,-108,34,90,377,4,9,56
5805,-108,36,90,377,5,10,57
5805,-108,39,90,377,5,10,57
5805,-108,43,90,377,3,10,58
5805,-108,29,90,377,4,11,57
5805,-108,38,90,377,6,11,58
5805,-108,49,90,377,3,8,56
5805,-108,34,90,377,5,11,57
5805,-108,33,90,377,5,9,56
5805,-108,45,90,377,4,8,57
5805,-108,27,90,377,3,9,56
5805,-108,45,90,377,4,9,57
5805,-108,40,90,377,5,10,57
5805,-108,40,89,377,6,10,56
5805,-108,32,90,377,4,11,58
5805,-108,59,90,377,4,8,57
5805,-108,35,90,377,4,8,57
5805,-108,25,90,377,3,9,56
5805,-108,37,90,377,5,8,57
5805,-108,28,90,377,4,10,57
5805,-108,50,90,377,3,9,56
5805,-108,39,90,377,4,10,57
5805,-108,31,90,377,5,7,55
5805,-108,44,90,377,3,11,57
5805,-108,28,90,377,3,11,57
5805,-108,34,90,377,5,10,57
5805,-108,40,90,377,4,9,57
5805,-108,40,90,377,3,9,58
5805,-108,29,90,377,4,9,56
5805,-108,42,90,377,3,7,56
5805,-108,28,90,377,4,8,56
5805,-108,43,90,377,4,8,57
5805,-108,38,90,377,5,9,57
5805,-108,39,90,377,4,11,58
5805,-108,29,90,377,6,11,57
5805,-108,31,90,377,3,8,56
5805,-108,42,90,377,3,8,56
5805,-108,30,90,377,3,10,57
5805,-108,26,89,377,5,10,56
5805,-108,32,90,377,5,9,57
5805,-108,24,90,377,5,9,56
5805,-108,40,90,377,5,10,57
5805,-108,24,90,377,4,10,57
5805,-108,43,90,377,5,8,56
5805,-108,41,90,377,4,10,57
5805,-108,27,90,377,5,9,57
5805,-108,37,90,377,5,9,57
5805,-108,37,89,377,4,11,56
5805,-108,52,90,377,4,9,57
5805,-108,31,90,377,5,10,57
5805,-108,40,90,377,4,8,57
5805,-108,49,90,377,2,10,57
5805,-108,38,90,377,3,11,58
5805,-108,47,90,377,3,9,57
5805,-108,28,90,377,3,8,56
5805,-108,38,90,377,3,9,56
5805,-108,44,90,377,3,9,56
5805,-108,43,90,377,3,9,57
5805,-108,47,90,377,3,10,57
5805,-108,58,90,377,3,10,57
5805,-108,62,90,377,4,9,57
5805,-108,47,90,377,4,10,57
5805,-108,54,90,377,4,11,57
5805,-108,31,90,377,4,11,58
5805,-108,36,90,377,5,9,57
5805,-108,44,90,377,4,9,56
5805,-108,55,90,377,3,11,58
5805,-108,47,90,377,5,11,58
5805,-108,40,90,377,3,11,57
5805,-108,34,90,377,4,11,57
5805,-108,34,90,377,4,9,57
5805,-108,44,90,377,5,10,57
5805,-108,39,90,377,4,11,57
5805,-108,28,90,377,5,10,57
5805,-108,41,90,377,3,10,57
5805,-108,47,90,377,5,10,57
5805,-108,42,90,377,5,10,57
5805,-108,33,90,377,5,9,57
5805,-108,45,90,377,4,10,58
5805,-108,42,90,377,4,8,56
5805,-108,53,90,377,5,8,57
5805,-108,41,90,377,5,9,57
5805,-108,47,90,377,4,8,57
5805,-108,38,90,377,4,11,57
5805,-108,32,90,377,4,11,57
5805,-108,33,90,377,4,10,57
5805,-108,31,90,377,4,10,57
5805,-108,35,90,377,3,10,57
5805,-108,47,90,377,4,10,57
5805,-108,33,90,377,5,9,56
5805,-108,31,90,377,4,10,57
5805,-108,37,89,377,5,9,55
5805,-108,47,90,377,4,10,58
5805,-108,54,90,377,4,9,56
5805,-108,39,90,377,4,9,57
5805,-108,46,90,377,4,9,57
5805,-108,58,90,377,4,10,58
5805,-108,28,89,377,5,10,57
5805,-108,31,90,377,5,8,57
5805,-108,29,90,377,4,9,57
5805,-108,33,90,377,4,10,57
5805,-108,45,90,377,5,9,57
5805,-108,41,90,377,4,10,57
5805,-108,35,90,377,4,9,57
5805,-108,31,90,377,4,8,55
5805,-108,47,90,377,4,9,57
5805,-108,62,90,377,5,9,57
5805,-108,31,90,377,4,10,57
5805,-108,36,90,377,3,9,57
5805,-108,36,90,377,2,8,57
5805,-108,30,90,377,4,10,57
5805,-108,45,90,377,3,9,56
5805,-108,31,90,377,4,10,57
5805,-108,34,90,377,5,8,56
5805,-108,46,90,377,4,10,58
5805,-108,38,90,377,3,11,57
5805,-108,40,90,377,5,10,58
5805,-108,44,90,377,4,11,57
5805,-108,49,90,377,5,8,57
5805,-108,37,90,377,3,9,57
5805,-108,33,90,377,5,8,56
5805,-108,32,89,377,5,10,56
5805,-108,54,90,377,4,11,58
5805,-108,31,90,377,4,8,56
5805,-108,43,90,377,4,8,57
5805,-108,34,90,377,3,9,57
5805,-108,48,90,377,4,10,57
5805,-108,38,89,378,5,9,54
5805,-108,63,90,377,5,7,57
5805,-108,55,90,377,4,10,58
5805,-108,35,90,377,5,9,56
5805,-108,47,90,377,4,10,57
5805,-108,50,90,377,5,8,57
5805,-108,60,90,377,4,9,57
5805,-108,39,90,377,3,9,57
5805,-108,44,90,377,4,9,57
5805,-108,38,90,377,3,10,57
5805,-108,31,90,377,5,8,56
5805,-108,41,90,377,5,10,57
5805,-108,33,90,377,3,9,57
5805,-108,53,90,377,4,10,58
5805,-108,58,90,377,4,10,57
5805,-108,45,90,377,3,10,58
5805,-108,33,90,377,4,10,57
5805,-108,44,90,377,4,11,57
5805,-108,37,90,377,4,10,58
5805,-108,69,90,377,4,10,58
5805,-108,41,90,377,4,8,56
5805,-108,50,90,377,6,9,57
5805,-108,43,90,377,4,9,57
5805,-108,44,90,377,5,12,57
5805,-108,41,90,377,4,10,57
5805,-108,52,90,377,4,11,58
5805,-108,27,90,377,4,8,56
5805,-108,34,90,377,4,8,56
5805,-108,42,90,377,4,11,57
5805,-108,48,90,377,5,10,57
5805,-108,51,90,377,4,9,56
5805,-108,62,90,377,3,10,57
5805,-108,40,90,377,3,10,58
5805,-108,26,90,377,4,11,57
5805,-108,42,90,377,4,9,58
5805,-108,44,90,377,3,9,57
5805,-108,42,90,377,3,9,57
5805,-108,29,90,377,5,10,57
5805,-108,32,90,377,4,8,56
5805,-108,43,90,377,5,9,56
5805,-108,36,90,377,4,11,57
5805,-108,50,90,377,5,11,58
5805,-108,39,90,377,3,12,57
5805,-108,38,90,377,4,10,58
5805,-108,45,90,377,2,8,57
5805,-108,54,90,377,5,10,57
5805,-108,47,90,377,4,9,57
5805,-108,50,90,377,3,9,57
5805,-108,42,90,377,4,10,57
5805,-108,47,90,377,5,10,57
5805,-108,43,90,377,4,10,57
5805,-108,26,90,377,5,9,57
5805,-108,46,90,377,3,7,57
5805,-108,54,90,377,4,9,57
5805,-108,34,90,377,5,10,58
5805,-108,41,90,377,4,9,57
5805,-108,70,90,377,5,10,57
5805,-108,36,90,377,5,8,56
5805,-108,51,90,377,5,7,57
5805,-108,43,90,377,4,9,56
5805,-108,38,90,377,3,10,57
5805,-108,48,90,377,4,8,57
5805,-108,51,90,377,3,7,56
5805,-108,39,90,377,4,10,57
5805,-108,40,90,377,4,10,57
5805,-108,34,90,377,3,10,58
5805,-108,36,90,377,5,10,57
5805,-108,48,90,377,4,10,57
5805,-108,39,90,377,4,9,57
5805,-108,32,90,377,4,10,57
5805,-108,33,90,377,4,10,57
5805,-108,37,90,377,4,10,57
5805,-108,43,90,377,5,10,57
5805,-108,43,90,377,5,9,57
5805,-108,37,90,377,4,9,57
5805,-108,32,90,377,4,8,57
5805,-108,50,90,377,5,10,58
5805,-108,40,90,377,4,11,57
5805,-108,49,90,377,3,7,56
5805,-108,28,90,377,3,12,58
5805,-108,47,90,377,4,12,58
5805,-108,38,90,377,4,11,58
5805,-108,37,90,377,4,10,57
5805,-108,42,90,377,4,9,57
5805,-108,54,90,377,4,9,57
5805,-108,43,90,377,4,9,57
5805,-108,40,90,377,3,11,57
5805,-108,32,90,377,4,9,57
5805,-108,49,90,377,4,9,57
5805,-108,27,90,377,4,10,57
5805,-108,33,90,377,4,10,57
5805,-108,41,90,377,3,7,56
5805,-108,53,90,377,4,10,57
5805,-108,46,90,377,3,10,57
5805,-108,33,90,377,4,10,57
5805,-108,36,90,377,5,10,57
5805,-108,27,90,377,4,9,57
5805,-108,43,90,377,4,9,57
5805,-108,39,90,377,5,9,56
5805,-108,55,90,377,4,9,57
5805,-108,53,90,377,5,10,57
5805,-108,39,90,377,4,9,56
5805,-108,29,90,377,4,10,57
5805,-108,34,90,377,3,10,57
5805,-108,31,90,377,4,8,57
5805,-108,42,90,377,6,9,57
5805,-108,45,90,377,4,9,57
5805,-108,40,90,377,3,8,56
5805,-108,34,90,377,5,10,58
5805,-108,29,90,377,4,8,57
5805,-108,40,90,377,5,9,57
5805,-108,47,90,377,4,9,57
5805,-108,36,90,377,4,11,58
5805,-108,46,90,377,4,10,57
5805,-108,44,90,377,3,9,56
5805,-108,33,90,377,5,9,57
5805,-108,45,90,377,3,10,57
5805,-108,57,90,377,4,9,58
5805,-108,40,90,377,5,9,57
5805,-108,53,90,377,3,9,57
5805,-108,57,90,377,4,8,56
5805,-108,46,90,377,5,9,57
5805,-108,33,90,377,5,9,57
5805,-108,36,90,377,4,10,57
5805,-108,40,90,377,3,11,57
5805,-108,39,90,377,4,9,57
5805,-108,31,90,377,5,11,57
5805,-108,61,90,377,4,10,57
5805,-108,27,90,377,4,9,57
5805,-108,37,90,377,5,10,57
5805,-108,35,90,377,6,8,56
5805,-108,40,90,377,3,10,57
5805,-108,58,90,377,5,9,57
5805,-108,36,90,377,4,9,57
5805,-108,59,90,377,4,10,58
5805,-108,42,90,377,4,10,57
5805,-108,46,90,377,4,12,58
5805,-108,45,90,377,3,10,57
5805,-108,37,89,377,5,10,56
5805,-108,29,90,377,4,10,57
5805,-108,44,90,377,5,8,56
5805,-108,51,90,377,4,8,56
5805,-108,43,90,377,3,9,57
5805,-108,51,90,377,4,10,58
5805,-108,40,90,377,5,11,57
5805,-108,40,90,377,3,8,57
5805,-108,36,90,377,4,9,56
5805,-108,37,90,377,3,11,57
5805,-108,48,90,377,4,10,58
5805,-108,50,90,377,5,9,57
5805,-108,42,90,377,3,9,56
5805,-108,50,90,377,5,10,57
5805,-108,32,90,377,4,9,57
5805,-108,53,90,377,4,9,57
5805,-108,53,90,377,2,10,58
5805,-108,50,90,377,3,11,57
5805,-108,44,90,377,4,10,58
5805,-108,30,90,377,4,9,57
5805,-108,62,90,377,4,8,56
5805,-108,31,90,377,4,9,57
5805,-108,55,90,377,4,10,57
5805,-108,43,90,377,5,11,57
5805,-108,50,90,377,4,9,57
5805,-108,37,90,377,3,9,57
5805,-108,56,90,377,3,9,57
5805,-108,44,90,377,5,8,57
5805,-108,56,90,377,4,11,58
5805,-108,32,90,377,4,12,58
5805,-108,41,90,377,4,9,58
5805,-108,51,90,377,4,10,57
5805,-108,42,90,377,4,10,57
5805,-108,55,90,377,3,10,58
5805,-108,38,90,377,4,8,57
5805,-108,25,90,377,4,7,55
5805,-108,46,90,377,3,10,57
5805,-108,38,90,377,2,9,56
5805,-108,32,90,377,4,11,57
5805,-108,51,90,377,4,7,56
5805,-108,35,90,377,4,9,57
5805,-108,36,90,377,4,9,57
5805,-108,40,90,377,4,9,57
5805,-108,48,90,377,5,10,57
5805,-108,37,90,377,3,11,57
5805,-108,30,90,377,4,10,56
5805,-108,29,90,377,5,7,56
5805,-108,42,90,377,4,8,56
5805,-108,39,90,377,4,9,57
5805,-108,39,90,377,4,9,56
5805,-108,28,90,377,4,9,56
5805,-108,46,90,377,4,11,57
5805,-108,46,90,377,5,9,57
5805,-108,46,90,377,3,10,57
5805,-108,52,90,377,3,10,58
5805,-108,47,90,377,5,9,57
5805,-108,43,90,377,3,10,57
5805,-108,49,90,377,4,10,57
5805,-108,60,90,377,5,11,58
5805,-108,56,90,377,4,9,57
5805,-108,37,90,377,3,9,57
5805,-108,42,90,377,5,9,57
5805,-108,48,90,377,3,7,56
5805,-108,44,90,377,3,9,57
5805,-108,46,90,377,4,10,57
5805,-108,46,90,377,3,10,57
5805,-108,48,90,377,3,11,57
5805,-108,53,90,377,4,11,58
5805,-108,35,90,377,5,10,57
5805,-108,26,90,377,6,12,57
5805,-108,33,90,377,4,9,57
5805,-108,35,90,377,5,8,56
5805,-108,42,90,377,3,10,57
5805,-108,42,90,377,4,9,57
5805,-108,27,90,377,4,10,57
5805,-108,41,90,377,5,10,57
5805,-108,28,90,377,5,11,56
5805,-108,32,90,377,5,8,56
5805,-108,45,90,377,2,9,57
5805,-108,48,90,377,3,9,57
5805,-108,28,90,377,5,8,56
5805,-108,42,90,377,4,8,56
5805,-108,39,90,377,4,10,57
5805,-108,56,90,377,3,9,57
5805,-108,49,90,377,4,9,56
5805,-108,37,90,377,4,8,56
5805,-108,33,90,377,3,7,56
5805,-108,29,90,377,5,10,57
5805,-108,33,90,377,3,10,58
5805,-108,36,90,377,4,8,57
5805,-108,39,90,377,4,10,57
5805,-108,32,90,377,4,9,57
5805,-108,47,90,377,4,9,57
5805,-108,35,90,377,3,10,57
5805,-108,30,90,377,4,10,57
5805,-108,32,90,377,5,10,57
5805,-108,50,90,377,4,12,58
5805,-108,38,90,377,4,10,58
5805,-108,42,90,377,13,12,59
5805,-108,53,90,377,12,11,59
5805,-108,40,90,377,4,11,57
5805,-108,44,90,377,3,9,56
5805,-108,49,90,377,4,11,57
5805,-108,35,90,377,5,10,57
5805,-108,47,90,377,4,11,58
5805,-108,40,90,377,2,9,56
5805,-108,39,90,377,4,8,56
5805,-108,42,90,377,4,9,56
5805,-108,54,90,377,5,9,58
5805,-108,46,90,377,4,9,58
5805,-108,44,90,377,4,10,56
5805,-108,48,90,377,4,11,57
5805,-108,56,90,377,4,10,57
5805,-108,39,90,377,3,10,57
5805,-108,33,90,377,3,9,57
5805,-108,47,90,377,4,11,58
5805,-108,58,90,377,5,10,58
5805,-108,45,90,377,5,9,57
5805,-108,33,90,377,4,9,56
5805,-108,37,90,377,4,9,56
5805,-108,31,90,377,4,10,57
5805,-108,39,90,377,4,8,56
5805,-108,45,90,377,5,10,57
5805,-108,47,90,377,4,11,58
5805,-108,43,89,377,5,9,55
5805,-108,29,90,377,2,8,56
5805,-108,41,90,377,6,10,57
5805,-108,46,90,377,5,9,57
5805,-108,45,90,377,4,9,57
5805,-108,35,90,377,4,10,57
5805,-108,50,90,377,5,9,57
5805,-108,49,90,377,4,10,58
5805,-108,34,90,377,4,9,56
5805,-108,35,90,377,5,11,57
5805,-108,30,90,377,5,9,56
5805,-108,57,90,377,5,10,57
5805,-108,31,90,377,4,9,57
5805,-108,42,90,377,4,9,57
5805,-108,45,90,377,4,10,58
5805,-108,44,90,377,2,9,57
5805,-108,43,90,377,4,8,56
5805,-108,39,90,377,3,8,56
5805,-108,42,90,377,3,10,57
5805,-108,45,90,377,4,8,56
5805,-108,37,90,377,4,10,57
5805,-108,60,90,377,3,10,58
5805,-108,37,90,377,4,11,58
5805,-108,42,90,377,5,9,56
5805,-108,30,90,377,3,7,57
5805,-108,44,90,377,4,9,57
5805,-108,46,90,377,3,9,57
5805,-108,37,90,377,3,9,57
5805,-108,47,90,377,3,9,57
5805,-108,31,90,377,4,9,57
5805,-108,39,90,377,5,9,57
5805,-108,38,90,377,5,9,57
5805,-108,32,90,377,5,10,57
5805,-108,38,90,377,3,11,58
5805,-108,31,90,377,5,9,57
5805,-108,36,90,377,4,8,56
5805,-108,41,90,377,4,10,56
5805,-108,31,90,377,5,11,57
5805,-108,31,90,377,3,10,56
5805,-108,44,90,377,5,10,57
5805,-108,37,90,377,4,11,58
5805,-108,34,90,377,4,8,56
5805,-108,40,90,377,4,10,57
5805,-108,34,90,377,5,9,57
5805,-108,36,90,377,4,8,56
5805,-108,43,90,377,4,9,57
5805,-108,52,90,377,5,9,57
5805,-108,42,90,377,5,11,57
5805,-108,42,89,378,5,10,56
5805,-108,47,90,377,4,9,57
5805,-108,38,90,377,4,10,57
5805,-108,35,90,377,5,11,57
5805,-108,39,90,377,4,9,56
5805,-108,49,90,377,5,9,57
5805,-108,31,90,377,3,11,57
5805,-108,28,90,377,4,9,58
5805,-108,44,90,377,4,9,56
5805,-108,33,90,377,5,9,56
5805,-108,38,90,377,3,11,58
5805,-108,43,90,377,3,11,57
5805,-108,42,90,377,4,10,57
5805,-108,42,90,377,4,10,56
5805,-108,45,90,377,4,9,57
5805,-108,46,90,377,4,10,57
5805,-108,45,90,377,4,10,57
5805,-108,47,90,377,4,10,57
5805,-108,62,90,377,4,10,57
5805,-108,47,90,377,4,9,56
5805,-108,49,90,377,4,10,57
5805,-108,50,90,377,5,10,57
5805,-108,57,90,377,4,11,58
5805,-108,34,90,377,5,10,57
5805,-108,41,90,377,4,9,57
5805,-108,35,90,377,3,10,57
5805,-108,43,90,377,5,10,57
5805,-108,42,90,377,4,8,56
5805,-108,35,90,377,3,10,57
5805,-108,39,90,377,4,10,58
5805,-108,33,90,377,4,10,57
5805,-108,46,90,377,4,10,58
5805,-108,48,90,377,4,10,57
5805,-108,38,90,377,5,11,57
5805,-108,43,90,377,4,10,56
5805,-108,41,90,377,5,10,57
5805,-108,35,90,377,3,10,57
5805,-108,39,90,377,5,9,57
5805,-108,49,90,377,4,8,57
5805,-108,32,90,377,5,10,58
5805,-108,42,90,377,4,11,57
5805,-108,53,90,377,5,8,56
5805,-108,38,90,377,2,10,57
5805,-108,59,90,377,2,10,57
5805,-108,43,90,377,4,10,57
5805,-108,44,90,377,4,8,57
5805,-108,47,90,377,4,9,57
5805,-108,38,90,377,3,10,57
5805,-108,43,90,377,5,10,58
5805,-108,41,90,377,5,10,56
5805,-108,50,90,377,3,10,58
5805,-108,46,90,377,4,9,57
5805,-108,35,90,377,4,10,57
5805,-108,49,90,377,4,10,57
5805,-108,38,90,377,5,10,57
5805,-108,42,90,377,6,10,57
5805,-108,57,90,377,4,11,57
5805,-108,50,90,377,5,10,57
5805,-108,42,90,377,4,9,57
5805,-108,54,90,377,4,11,58
5805,-108,41,90,377,4,9,57
5805,-108,35,90,377,5,10,57
5805,-108,37,90,377,5,9,57
5805,-108,46,90,377,5,9,57
5805,-108,40,90,377,4,8,57
5805,-108,42,90,377,4,9,57
5805,-108,48,90,377,4,9,57
5805,-108,29,90,377,5,9,57
5805,-108,53,90,377,4,9,57
5805,-108,33,90,377,4,10,57
5805,-108,48,90,377,3,8,57
5805,-108,47,90,377,5,11,58
5805,-108,33,90,377,4,9,57
5805,-108,44,90,377,3,8,56
5805,-108,33,90,377,3,10,57
5805,-108,50,90,377,4,11,57
5805,-108,37,90,377,3,10,57
5805,-108,37,90,377,3,8,56
5805,-108,40,90,377,3,9,57
5805,-108,56,90,377,4,8,56
5805,-108,35,90,377,4,9,57
5805,-108,38,90,377,4,10,57
5805,-108,51,90,377,5,10,57
5805,-108,38,90,377,4,11,57
5805,-108,51,90,377,3,10,56
5805,-108,33,90,377,4,8,56
5805,-108,32,90,377,5,10,56
5805,-108,29,90,377,4,9,57
5805,-108,44,90,377,5,9,57
5805,-108,32,90,377,5,10,57
5805,-108,53,90,377,4,12,58
5805,-108,32,90,377,4,8,56
5805,-108,30,90,377,3,12,57
5805,-108,27,90,377,1,10,57
5805,-108,39,90,377,5,10,56
5805,-108,32,90,377,5,11,58
5805,-108,47,90,377,4,7,57
5805,-108,25,90,377,4,10,57
5805,-108,36,90,377,5,10,57
5805,-108,52,90,377,3,8,56
5805,-108,32,90,377,3,9,57
5805,-108,47,90,377,3,9,57
5805,-108,42,90,377,4,10,58
5805,-108,52,90,377,5,11,58
5805,-108,72,90,377,3,9,57
5805,-108,57,90,377,3,10,57
5805,-108,29,90,377,4,9,57
5805,-108,43,90,377,4,10,58
5805,-108,60,90,377,3,10,57
5805,-108,35,90,377,5,11,57
5805,-108,42,90,377,3,10,57
5805,-108,33,90,377,4,10,57
5805,-108,41,90,377,5,12,58
5805,-108,50,90,377,4,9,57
5805,-108,32,90,377,6,7,55
5805,-108,40,90,377,3,10,58
5805,-108,35,90,377,5,9,57
5805,-108,40,90,377,4,10,57
5805,-108,27,90,377,5,7,55
5805,-108,47,90,377,4,8,57
5805,-108,38,90,377,4,10,57
5805,-108,45,90,377,3,8,57
5805,-108,27,90,377,5,10,57
5805,-108,39,90,377,3,9,57
5805,-108,50,90,377,4,10,57
5805,-108,29,90,377,4,9,57
5805,-108,33,90,377,5,11,58
5805,-108,54,90,377,4,10,57
5805,-108,54,90,377,4,9,57
5805,-108,39,90,377,5,8,56
5805,-108,46,90,377,3,10,57
5805,-108,43,90,377,5,8,57
5805,-108,31,90,377,4,11,57
5805,-108,43,90,377,4,11,57
5805,-108,31,90,377,6,9,57
5805,-108,34,90,377,4,9,56
5805,-108,36,90,377,3,11,58
5805,-108,55,90,377,5,11,57
5805,-108,36,90,377,4,8,55
5805,-108,25,90,377,4,10,56
5805,-108,36,90,377,3,11,57
5805,-108,58,90,377,3,9,57
5805,-108,46,90,377,4,9,57
5805,-108,33,90,377,4,9,57
5805,-108,28,90,377,4,10,57
5805,-108,27,90,377,5,7,56
5805,-108,30,90,377,5,12,57
5805,-108,45,90,377,4,10,58
5805,-108,52,90,377,3,10,57
5805,-108,48,90,377,4,10,57
5805,-108,30,90,377,4,11,57
5805,-108,30,90,377,4,9,56
5805,-108,46,90,377,4,10,57
5805,-108,47,90,377,4,9,57
5805,-108,49,90,377,4,11,57
5805,-108,43,90,377,4,10,57
5805,-108,43,90,377,3,11,57
5805,-108,43,90,377,3,9,57
5805,-108,26,90,377,4,9,57
5805,-108,52,90,377,4,8,57
5805,-108,39,90,377,3,8,56
5805,-108,49,90,377,4,9,56
5805,-108,42,90,377,3,11,57
5805,-108,42,90,377,4,8,56
5805,-108,63,90,377,4,12,57
5805,-108,33,90,377,3,11,57
5805,-108,45,90,377,3,10,57
5805,-108,41,90,377,4,7,57
5805,-108,40,90,377,4,9,55
5805,-108,38,90,377,5,9,57
5805,-108,55,90,377,6,10,57
5805,-108,42,90,377,5,10,57
5805,-108,30,90,377,6,8,56
5805,-108,35,90,377,4,8,57
5805,-108,48,90,377,4,10,57
5805,-108,50,90,377,5,9,57
5805,-108,34,90,377,4,10,57
5805,-108,66,90,377,4,10,58
5805,-108,36,90,377,4,9,56
5805,-108,41,90,377,4,10,57
5805,-108,31,90,377,6,9,57
5805,-108,35,90,377,4,9,57
5805,-108,42,90,377,5,9,57
5805,-108,33,90,377,2,10,57
5805,-108,43,90,377,3,10,57
5805,-108,29,90,377,3,10,58
5805,-108,41,90,377,2,10,57
5805,-108,37,90,377,3,8,57
5805,-108,38,90,377,4,9,57
5805,-108,46,90,377,4,11,58
5805,-108,34,90,377,4,9,57
5805,-108,43,90,377,5,7,56
5805,-108,35,90,377,5,9,58
5805,-108,37,90,377,4,10,57
5805,-108,29,90,377,3,9,57
5805,-108,48,90,377,3,9,57
5805,-108,45,90,377,5,8,57
5805,-108,35,90,377,4,9,57
5805,-108,30,90,377,4,9,57
5805,-108,34,90,377,4,9,57
5805,-108,35,90,377,5,10,57
5805,-108,36,90,377,5,10,57
5805,-108,32,90,377,4,8,56
5805,-108,38,90,377,4,8,57
5805,-108,42,90,377,3,10,57
5805,-108,47,90,377,4,10,57
5805,-108,44,90,377,5,9,57
5805,-108,29,90,377,4,11,57
5805,-108,27,90,377,5,10,56
5805,-108,36,90,377,5,11,57
5805,-108,34,90,377,5,8,56
5805,-108,35,90,377,4,9,57
5805,-108,28,90,377,4,11,57
5805,-108,47,90,377,4,10,56
5805,-108,36,90,377,5,9,57
5805,-108,48,90,377,4,9,56
5805,-108,41,90,377,5,8,56
5805,-108,34,90,377,4,10,57
5805,-108,31,90,377,4,10,58
5805,-108,33,90,377,3,8,56
5805,-108,55,90,377,4,10,58
5805,-108,45,90,377,2,9,57
5805,-108,40,90,377,3,10,57
5805,-108,31,90,377,3,10,57
5805,-108,54,90,377,4,10,58
5805,-108,34,90,377,4,9,57
5805,-108,33,90,377,4,9,57
5805,-108,32,90,377,4,10,56
5805,-108,25,90,377,3,8,56
5805,-108,37,90,377,4,10,57
5805,-108,47,90,377,4,8,56
5805,-108,38,90,377,2,8,57
5805,-108,34,90,377,5,7,55
5805,-108,45,90,377,5,9,57
5805,-108,50,90,377,3,9,57
5805,-108,49,90,377,4,11,57
5805,-108,30,90,377,4,9,56
5805,-108,37,90,377,5,9,56
5805,-108,53,90,377,5,10,58
5805,-108,39,90,377,5,9,57
5805,-108,29,90,377,4,8,57
5805,-108,48,90,377,5,9,57
5805,-108,50,90,377,4,8,57
5805,-108,38,90,377,4,10,57
5805,-108,42,90,377,5,10,58
5805,-108,55,90,377,4,7,57
5805,-108,48,90,377,4,10,56
5805,-108,38,90,377,5,9,56
5805,-108,40,90,377,5,10,57
5805,-108,25,90,377,4,8,56
5805,-108,34,90,377,4,10,58
5805,-108,35,90,377,4,11,58
5805,-108,46,90,377,5,9,57
5805,-108,37,90,377,4,9,57
5805,-108,84,89,378,8,14,62
5805,-108,44,85,382,14,14,59
5805,-108,35,90,377,4,10,57
5805,-108,36,90,377,4,10,57
5805,-108,35,90,377,4,10,57
5805,-108,43,90,377,3,9,57
5805,-108,42,90,377,5,10,57
5805,-108,49,90,377,5,9,56
5805,-108,36,90,377,3,7,56
5805,-108,41,90,377,5,9,57
5805,-108,36,90,377,5,10,57
5805,-108,45,90,377,4,10,57
5805,-108,40,90,377,4,9,56
5805,-108,25,90,377,4,9,57
5805,-108,51,90,377,4,10,58
5805,-108,45,90,377,4,10,57
5805,-108,37,90,377,4,12,57
5805,-108,37,90,377,4,8,56
5805,-108,33,90,377,4,8,56
5805,-108,29,90,377,4,11,58
5805,-108,49,90,377,3,9,57
5805,-108,36,90,377,4,10,57
5805,-108,32,90,377,5,11,57
5805,-108,33,90,377,4,9,57
5805,-108,40,90,377,3,10,57
5805,-108,41,89,377,5,10,56
5805,-108,42,90,377,3,10,58
5805,-108,41,90,377,3,10,58
5805,-108,34,90,377,5,8,56
5805,-108,57,90,377,4,7,55
5805,-108,38,90,377,3,9,58
5805,-108,29,90,377,4,9,57
5805,-108,46,90,377,3,10,57
5805,-108,38,90,377,4,10,57
5805,-108,63,90,377,5,11,57
5805,-108,24,89,377,5,10,56
5805,-108,51,90,377,5,9,57
5805,-108,36,90,377,4,7,56
5805,-108,51,90,377,4,9,57
5805,-108,41,90,377,4,10,57
5805,-108,48,90,377,4,10,57
5805,-108,58,90,377,4,10,57
5805,-108,42,90,377,4,10,58
5805,-108,28,90,377,4,10,57
5805,-108,42,90,377,3,8,56
5805,-108,33,90,377,4,9,56
5805,-108,65,90,377,5,10,57
5805,-108,32,90,377,2,10,57
5805,-108,54,90,377,4,10,56
5805,-108,38,87,380,6,9,55
5805,-108,29,87,380,5,11,55
5805,-108,27,87,380,5,10,54
5805,-108,32,87,380,6,10,56
5805,-108,46,87,380,3,9,55
5805,-108,48,87,380,6,8,54
5805,-108,38,87,380,5,9,55
5805,-108,35,87,380,4,9,55
5805,-108,59,87,380,6,10,56
5805,-108,35,87,380,5,8,54
5805,-108,44,87,380,5,10,55
5805,-108,42,87,380,4,9,54
5805,-108,40,87,380,5,10,54
5805,-108,44,87,380,4,10,55
5805,-108,42,87,380,5,9,55
5805,-108,53,87,380,5,9,55
5805,-108,37,87,380,5,10,55
5805,-108,30,87,380,5,9,55
5805,-108,47,87,380,6,9,55
5805,-108,33,87,380,4,11,56
5805,-108,49,87,380,3,8,56
5805,-108,40,87,380,4,9,54
5805,-108,51,87,380,6,9,55
5805,-108,42,87,380,6,9,55
5805,-108,39,87,380,5,10,56
5805,-108,39,87,380,6,10,55
5805,-108,38,87,380,4,12,56
5805,-108,46,87,380,4,9,55
5805,-108,32,87,380,5,10,55
5805,-108,35,87,380,4,10,56
5805,-108,31,87,380,4,10,54
5805,-108,37,87,380,5,10,55
5805,-108,41,87,380,5,10,56
5805,-108,43,87,380,4,9,54
5805,-108,29,87,380,4,10,54
5805,-108,34,87,380,4,9,55
5805,-108,44,87,380,4,8,54
5805,-108,30,87,380,4,9,55
5805,-108,22,87,380,3,9,55
5805,-108,43,87,380,5,6,55
5805,-108,37,87,380,4,8,54
5805,-108,40,87,380,4,9,54
5805,-108,28,87,380,4,11,54
5805,-108,48,87,380,4,8,55
5805,-108,50,87,380,4,9,55
5805,-108,30,87,380,3,8,54
5805,-108,44,87,380,4,9,55
5805,-108,44,87,380,4,9,55
5805,-108,38,87,380,4,11,56
5805,-108,38,87,380,5,9,54
5805,-108,37,87,380,4,9,54
5805,-108,42,87,380,3,9,54
5805,-108,38,87,380,6,9,54
5805,-108,38,87,380,4,10,56
5805,-108,45,87,380,3,10,55
5805,-108,51,87,380,4,10,56
5805,-108,34,87,380,7,8,54
5805,-108,39,87,380,5,9,55
5805,-108,38,87,380,3,8,54
5805,-108,35,87,380,3,8,54
5805,-108,51,87,380,5,9,56
5805,-108,40,87,380,4,10,55
5805,-108,30,87,380,4,11,55
5805,-108,34,87,380,5,9,54
5805,-108,35,87,380,5,9,54
5805,-108,48,87,380,4,11,56
5805,-108,46,87,380,4,9,55
5805,-108,33,87,380,4,10,55
5805,-108,50,87,380,5,8,55
5805,-108,27,87,380,6,9,55
5805,-108,28,87,380,4,10,56
5805,-108,41,87,380,3,10,55
5805,-108,31,87,380,3,9,55
5805,-108,34,87,380,4,9,55
5805,-108,46,87,380,4,8,55
5805,-108,32,87,380,5,11,55
5805,-108,57,87,380,3,8,55
5805,-108,47,87,380,5,8,55
5805,-108,41,87,380,3,8,55
5805,-108,44,87,380,5,7,55
5805,-108,34,87,380,4,8,54
5805,-108,50,87,380,4,10,56
5805,-108,49,87,380,6,9,54
5805,-108,50,87,380,5,8,54
5805,-108,30,87,380,4,10,54
5805,-108,48,87,380,4,9,55
5805,-108,49,87,380,5,10,55
5805,-108,42,87,380,5,9,55
5805,-108,44,87,380,5,10,55
5805,-108,49,87,380,6,8,55
5805,-108,59,87,380,4,9,54
5805,-108,38,87,380,5,9,55
5805,-108,55,87,380,4,9,55
5805,-108,40,87,380,5,10,56
5805,-108,38,87,380,4,8,55
5805,-108,46,87,380,5,9,55
5805,-108,39,87,380,4,9,55
5805,-108,34,87,380,4,8,55
5805,-108,33,87,380,5,8,55
5805,-108,40,87,380,5,10,55
5805,-108,49,87,380,4,9,55
5805,-108,43,87,380,5,10,56
5805,-108,37,87,380,4,10,55
5805,-108,39,87,380,5,8,55
5805,-108,41,87,380,6,9,56
5805,-108,38,87,380,4,8,54
5805,-108,43,87,380,5,10,55
5805,-108,53,87,380,6,9,55
5805,-108,37,87,380,5,8,53
5805,-108,35,87,380,4,8,55
5805,-108,51,87,380,3,8,53
5805,-108,52,87,380,4,8,54
5805,-108,50,87,380,3,11,55
5805,-108,49,87,380,4,9,55
5805,-108,43,87,380,4,9,55
5805,-108,38,87,380,5,9,55
5805,-108,49,87,380,5,10,55
5805,-108,46,87,380,6,10,55
5805,-108,46,87,380,4,10,55
5805,-108,36,87,380,6,11,56
5805,-108,41,87,380,5,10,56
5805,-108,42,87,380,5,9,55
5805,-108,26,87,380,5,9,54
5805,-108,46,87,380,5,10,56
5805,-108,45,87,380,5,8,55
5805,-108,64,87,380,5,10,55
5805,-108,38,87,380,4,10,56
5805,-108,28,87,380,5,11,56
5805,-108,52,87,380,5,9,54
5805,-108,48,87,380,5,10,55
5805,-108,65,87,380,6,7,55
5805,-108,36,87,380,5,10,55
5805,-108,31,87,380,4,9,55
5805,-108,51,87,380,4,10,55
5805,-108,43,87,380,4,10,54
5805,-108,37,87,380,6,9,55
5805,-108,43,87,380,4,8,55
5805,-108,39,87,380,4,9,54
5805,-108,47,87,380,4,9,55
5805,-108,54,87,380,5,9,55
5805,-108,53,87,380,5,10,55
5805,-108,43,87,380,4,10,55
5805,-108,39,87,380,5,10,55
5805,-108,52,87,380,3,9,55
5805,-108,34,87,380,5,10,55
5805,-108,37,87,380,5,8,54
5805,-108,59,87,380,3,10,56
5805,-108,28,87,380,5,10,55
5805,-108,23,87,380,4,11,55
5805,-108,42,87,380,4,10,55
5805,-108,42,87,380,5,9,55
5805,-108,27,87,380,5,9,54
5805,-108,37,87,380,4,11,55
5805,-108,41,87,380,3,9,55
5805,-108,40,87,380,4,9,55
5805,-108,45,87,380,6,12,55
5805,-108,35,87,380,5,11,54
5805,-108,45,87,380,5,11,55
5805,-108,29,87,380,5,9,55
5805,-108,43,87,380,5,10,55
5805,-108,41,87,380,5,10,55
5805,-108,52,87,380,5,10,55
5805,-108,49,87,380,5,9,55
5805,-108,38,87,380,5,9,55
5805,-108,52,87,380,4,9,55
5805,-108,49,87,380,6,8,55
5805,-108,58,87,380,4,9,54
5805,-108,33,87,380,7,10,55
5805,-108,45,87,380,5,9,56
5805,-108,47,87,380,4,11,55
5805,-108,31,87,380,4,9,55
5805,-108,45,87,380,5,8,54
5805,-108,44,87,380,4,11,55
5805,-108,33,87,380,4,8,55
5805,-108,44,87,380,3,9,54
5805,-108,35,87,380,6,8,54
5805,-108,38,87,380,5,9,55
5805,-108,33,87,380,5,9,54
5805,-108,37,87,380,5,12,56
5805,-108,54,87,380,5,8,55
5805,-108,30,87,380,4,9,55
5805,-108,59,87,380,5,8,55
5805,-108,35,87,380,5,9,55
5805,-108,27,87,380,6,10,54
5805,-108,42,87,380,5,9,54
5805,-108,35,87,380,6,8,56
5805,-108,37,87,380,6,9,54
5805,-108,32,87,380,4,8,55
5805,-108,50,87,380,5,9,56
5805,-108,36,87,380,4,10,55
5805,-108,47,87,380,4,11,55
5805,-108,46,87,380,5,10,56
5805,-108,40,87,380,5,10,55
5805,-108,44,87,380,5,7,55
5805,-108,41,87,380,4,9,54
5805,-108,46,87,380,6,9,56
5805,-108,41,87,380,5,11,56
5805,-108,49,87,380,5,10,56
5805,-108,53,87,380,4,9,54
5805,-108,40,87,380,4,10,55
5805,-108,48,87,380,6,9,55
5805,-108,29,87,380,5,8,54
5805,-108,37,87,380,5,11,55
5805,-108,35,87,380,4,10,55
5805,-108,39,87,380,4,9,55
5805,-108,28,87,380,4,9,55
5805,-108,42,87,380,5,8,54
5805,-108,28,87,380,5,7,54
5805,-108,34,87,380,5,8,55
5805,-108,36,87,380,6,9,54
5805,-108,34,87,380,6,9,54
5805,-108,42,87,380,6,9,55
5805,-108,50,87,380,6,9,55
5805,-108,42,87,380,3,8,53
5805,-108,50,87,380,5,11,55
5805,-108,40,87,380,4,9,55
5805,-108,42,87,380,4,10,55
5805,-108,44,87,380,3,9,55
5805,-108,47,87,380,4,9,54
5805,-108,36,87,380,5,9,55
5805,-108,52,87,380,5,9,56
5805,-108,51,87,380,4,9,56
5805,-108,26,87,380,4,8,54
5805,-108,45,87,380,4,10,56
5805,-108,49,87,380,4,11,56
5805,-108,37,87,380,4,10,55
5805,-108,38,87,380,5,9,55
5805,-108,25,87,380,5,9,55
5805,-108,45,87,380,5,8,54
5805,-108,41,87,380,6,12,55
5805,-108,46,87,380,5,9,56
5805,-108,46,87,380,4,10,56
5805,-108,26,87,380,5,9,54
5805,-108,42,87,380,5,10,55
5805,-108,42,87,380,5,8,55
5805,-108,32,87,380,5,10,55
5805,-108,42,87,380,3,9,55
5805,-108,46,87,380,4,11,56
5805,-108,41,87,380,4,10,55
5805,-108,43,87,380,5,11,56
5805,-108,37,87,380,4,9,55
5805,-108,41,87,380,3,10,56
5805,-108,42,87,380,6,10,55
5805,-108,39,87,380,4,9,54
5805,-108,43,87,380,5,8,55
5805,-108,47,87,380,2,10,55
5805,-108,33,87,380,5,9,55
5805,-108,38,87,380,6,8,55
5805,-108,44,87,380,5,9,55
5805,-108,54,87,380,4,9,56
5805,-108,30,87,380,5,9,55
5805,-108,44,87,380,6,12,57
5805,-108,45,87,380,3,10,56
5805,-108,38,87,380,5,8,54
5805,-108,23,87,380,4,8,54
5805,-108,45,87,380,5,10,55
5805,-108,43,87,380,4,8,55
5805,-108,40,87,380,6,7,54
5805,-108,35,87,380,4,9,55
5805,-108,31,87,380,4,9,54
5805,-108,52,87,380,4,10,55
5805,-108,41,87,380,3,9,54
5805,-108,38,87,380,4,9,55
5805,-108,40,87,380,4,9,55
5805,-108,43,87,380,5,11,55
5805,-108,39,87,380,5,10,54
5805,-108,41,87,380,4,8,55
5805,-108,34,87,380,5,10,55
5805,-108,47,87,380,5,9,55
5805,-108,37,87,380,4,11,55
5805,-108,46,87,380,5,7,54
5805,-108,36,87,380,3,9,55
5805,-108,39,87,380,5,10,55
5805,-108,33,87,380,4,10,55
5805,-108,46,87,380,5,9,54
5805,-108,41,87,380,5,9,54
5805,-108,23,87,380,5,9,54
5805,-108,49,87,380,6,10,55
5805,-108,43,87,380,4,11,57
5805,-108,34,87,380,4,9,55
5805,-108,36,87,380,5,9,55
5805,-108,40,87,380,6,8,55
5805,-108,39,87,380,4,9,54
5805,-108,34,87,380,4,8,54
5805,-108,24,87,380,4,9,54
5805,-108,28,87,380,5,9,54
5805,-108,49,87,380,6,9,55
5805,-108,53,87,380,5,10,55
5805,-108,36,87,380,4,9,55
5805,-108,35,87,380,4,8,55
5805,-108,30,87,380,5,8,54
5805,-108,57,87,380,4,7,54
5805,-108,34,87,380,3,10,55
5805,-108,49,87,380,4,10,53
5805,-108,40,87,380,5,10,55
5805,-108,46,87,380,5,8,55
5805,-108,39,87,380,3,9,54
5805,-108,36,87,380,5,9,55
5805,-108,31,87,380,6,8,55
5805,-108,27,87,380,5,9,55
5805,-108,44,87,380,5,9,54
5805,-108,31,87,380,6,8,54
5805,-108,40,87,380,5,10,55
5805,-108,35,87,380,3,9,56
5805,-108,34,87,380,4,9,55
5805,-108,35,87,380,4,8,54
5805,-108,40,87,380,5,10,55
5805,-108,33,87,380,4,9,54
5805,-108,34,87,380,5,7,53
5805,-108,41,87,380,5,9,55
5805,-108,36,87,380,5,9,54
5805,-108,41,87,380,4,8,54
5805,-108,32,87,380,6,10,55
5805,-108,38,87,380,6,10,56
5805,-108,53,87,380,4,10,55
5805,-108,44,87,380,5,9,55
5805,-108,38,87,380,5,9,54
5805,-108,46,87,380,5,8,55
5805,-108,40,87,380,5,11,56
5805,-108,32,87,380,5,11,55
5805,-108,48,87,380,5,10,55
5805,-108,36,87,380,5,4,55
5805,-108,55,87,380,5,2,54
5805,-108,44,87,380,5,9,55
5805,-108,33,87,380,5,8,54
5805,-108,32,87,380,5,9,55
5805,-108,52,87,380,5,9,54
5805,-108,43,87,380,5,9,54
5805,-108,35,87,380,3,10,54
5805,-108,45,87,380,4,9,55
5805,-108,43,87,380,4,10,55
5805,-108,47,87,380,5,8,54
5805,-108,46,87,380,4,9,55
5805,-108,43,87,380,4,10,56
5805,-108,45,87,380,5,11,54
5805,-108,35,87,380,4,9,55
5805,-108,43,87,380,5,9,56
5805,-108,33,87,380,4,10,55
5805,-108,40,87,380,4,9,55
5805,-108,40,87,380,3,9,55
5805,-108,31,87,380,5,10,55
5805,-108,38,87,380,5,9,55
5805,-108,43,87,380,5,8,54
5805,-108,31,87,380,4,9,54
5805,-108,48,87,380,4,8,55
5805,-108,53,87,380,4,9,55
5805,-108,39,87,380,5,9,55
5805,-108,35,87,380,4,10,56
5805,-108,54,87,380,5,8,55
5805,-108,36,87,380,5,10,55
5805,-108,44,87,380,3,7,54
5805,-108,48,87,380,4,12,56
5805,-108,46,87,380,4,9,55
5805,-108,43,87,380,5,10,55
5805,-108,44,87,380,5,8,55
5805,-108,51,87,380,4,9,56
5805,-108,44,87,380,4,10,55
5805,-108,41,87,380,6,8,55
5805,-108,41,87,380,4,10,54
5805,-108,55,87,380,3,13,56
5805,-108,48,87,380,4,9,55
5805,-108,33,87,380,6,9,55
5805,-108,47,87,380,4,9,54
5805,-108,48,87,380,4,10,55
5805,-108,47,87,380,4,10,55
5805,-108,47,87,380,5,9,55
5805,-108,40,87,380,3,10,55
5805,-108,53,87,380,3,10,56
5805,-108,41,87,380,6,9,56
5805,-108,33,87,380,5,10,55
5805,-108,44,87,380,5,4,54
5805,-108,38,87,380,5,8,54
5805,-108,36,87,380,5,10,55
5805,-108,41,87,380,5,11,54
5805,-108,63,87,380,5,9,55
5805,-108,41,87,380,4,8,54
5805,-108,37,87,380,6,9,55
5805,-108,47,87,380,5,9,55
5805,-108,30,87,380,4,10,55
5805,-108,26,87,380,5,10,55
5805,-108,39,87,380,4,10,55
5805,-108,36,87,380,5,10,54
5805,-108,53,87,380,5,9,55
5805,-108,31,87,380,5,10,56
5805,-108,44,87,380,4,8,54
5805,-108,55,87,380,5,10,56
5805,-108,49,87,380,5,9,56
5805,-108,48,87,380,4,10,55
5805,-108,28,87,380,3,9,54
5805,-108,48,87,380,5,10,55
5805,-108,37,87,380,4,9,55
5805,-108,31,87,380,4,9,55
5805,-108,50,87,380,5,8,54
5805,-108,38,87,380,5,8,55
5805,-108,37,87,380,3,8,55
5805,-108,42,87,380,4,10,55
5805,-108,45,87,380,4,9,55
5805,-108,35,87,380,3,10,54
5805,-108,24,87,380,5,8,54
5805,-108,57,87,380,6,9,55
5805,-108,45,87,380,3,9,54
5805,-108,30,87,380,6,8,54
5805,-108,44,87,380,5,10,56
5805,-108,40,87,380,4,10,54
5805,-108,54,87,380,4,10,55
5805,-108,35,87,380,5,8,54
5805,-108,51,87,380,4,9,55
5805,-108,28,87,380,4,8,53
5805,-108,43,87,380,5,9,55
5805,-108,40,87,380,5,9,55
5805,-108,40,87,380,5,8,54
5805,-108,40,87,380,4,9,55
5805,-108,39,87,380,6,10,54
5805,-108,25,87,380,5,9,54
5805,-108,49,87,380,3,8,54
5805,-108,44,87,380,5,10,55
5805,-108,46,87,380,6,9,55
5805,-108,38,87,380,5,9,56
5805,-108,39,87,380,5,10,56
5805,-108,49,87,380,4,9,55
5805,-108,28,87,380,5,9,55
5805,-108,43,87,380,5,10,56
5805,-108,30,87,380,4,10,56
5805,-108,43,87,380,4,9,55
5805,-108,41,87,380,5,10,55
5805,-108,36,87,380,5,11,56
5805,-108,46,87,380,5,9,55
5805,-108,36,87,380,5,10,55
5805,-108,28,87,380,5,9,54
5805,-108,50,87,380,4,8,55
5805,-108,45,87,380,5,12,55
5805,-108,38,87,380,4,10,55
5805,-108,40,87,380,5,8,55
5805,-108,48,87,380,5,8,55
5805,-108,42,87,380,4,10,56
5805,-108,47,87,380,4,8,55
5805,-108,39,87,380,5,8,55
5805,-108,48,87,380,3,10,55
5805,-108,45,87,380,4,9,55
5805,-108,31,87,380,4,8,55
5805,-108,57,87,380,4,10,55
5805,-108,41,87,380,4,11,55
5805,-108,36,87,380,5,8,55
5805,-108,46,87,380,5,10,54
5805,-108,43,87,380,5,10,55
5805,-108,50,87,380,5,9,55
5805,-108,44,87,380,4,9,56
5805,-108,37,87,380,4,9,55
5805,-108,36,87,380,5,8,55
5805,-108,42,87,380,5,9,54
5805,-108,46,87,380,3,9,55
5805,-108,45,87,380,5,10,56
5805,-108,27,87,380,4,9,55
5805,-108,52,87,380,5,10,56
5805,-108,39,87,380,5,7,54
5805,-108,46,87,380,3,9,55
5805,-108,52,87,380,4,11,56
5805,-108,35,87,380,4,9,55
5805,-108,33,87,380,5,9,56
5805,-108,34,87,380,6,10,55
5805,-108,48,87,380,4,8,55
5805,-108,44,87,380,4,9,55
5805,-108,37,87,380,5,9,55
5805,-108,35,87,380,5,10,55
5805,-108,27,87,380,6,8,53
5805,-108,44,87,380,4,10,56
5805,-108,32,87,380,4,9,54
5805,-108,35,87,380,5,11,55
5805,-108,50,87,380,5,9,55
5805,-108,42,87,380,5,9,55
5805,-108,45,87,380,5,9,54
5805,-108,33,87,380,5,9,55
5805,-108,31,87,380,4,8,54
5805,-108,34,87,380,5,9,54
5805,-108,43,87,380,3,10,55
5805,-108,38,87,380,6,8,54
5805,-108,33,87,380,5,7,54
5805,-108,43,87,380,5,9,54
5805,-108,39,87,380,5,8,54
5805,-108,37,87,380,5,9,56
5805,-108,41,87,380,4,10,55
5805,-108,45,87,380,4,9,55
5805,-108,62,87,380,4,8,55
5805,-108,48,87,380,5,9,55
5805,-108,50,87,379,4,9,55
5805,-108,40,87,379,5,9,55
5805,-108,35,87,379,5,9,55
5805,-108,46,87,379,3,10,55
5805,-108,35,87,379,4,10,55
5805,-108,47,87,379,4,9,54
5805,-108,49,87,379,4,8,54
5805,-108,36,87,379,4,8,53
5805,-108,28,87,379,3,10,55
5805,-108,54,87,379,5,9,54
5805,-108,55,87,379,5,9,55
5805,-108,46,87,379,3,10,55
5805,-108,43,87,379,4,9,55
5805,-108,52,87,379,4,9,55
5805,-108,38,87,379,3,10,55
5805,-108,40,87,379,5,7,53
5805,-108,41,87,379,4,9,55
5805,-108,37,87,379,4,11,56
5805,-108,33,87,379,5,10,55
5805,-108,42,87,379,5,8,54
5805,-108,48,87,379,4,9,55
5805,-108,27,87,379,2,10,55
5805,-108,41,87,379,5,7,55
5805,-108,43,87,379,4,9,55
5805,-108,45,87,379,5,8,55
5805,-108,45,87,379,4,10,56
5805,-108,43,87,379,4,9,54
5805,-108,43,87,379,5,9,55
5805,-108,66,87,379,4,8,55
5805,-108,34,87,379,4,9,54
5805,-108,37,87,379,5,9,54
5805,-108,40,87,379,5,10,55
5805,-108,36,87,379,5,7,54
5805,-108,54,87,379,6,10,56
5805,-108,38,87,379,5,8,55
5805,-108,41,87,379,2,11,55
5805,-108,48,87,379,3,10,55
5805,-108,38,87,379,4,9,54
5805,-108,42,87,379,3,10,55
5805,-108,51,87,379,4,10,56
5805,-108,52,87,379,5,10,55
5805,-108,46,87,379,5,9,55
5805,-108,34,87,379,5,9,54
5805,-108,28,87,379,5,8,54
5805,-108,41,87,379,4,9,55
5805,-108,35,87,379,3,10,55
5805,-108,38,87,379,4,11,54
5805,-108,31,87,379,3,11,55
5805,-108,35,87,379,4,8,55
5805,-108,42,87,379,5,9,55
5805,-108,54,87,379,4,9,55
5805,-108,50,87,379,5,8,54
5805,-108,34,87,379,5,9,54
5805,-108,21,87,379,4,8,54
5805,-108,37,87,379,4,9,55
5805,-108,53,87,379,4,10,56
5805,-108,34,87,379,4,8,53
5805,-108,29,87,379,4,11,55
5805,-108,35,87,379,3,8,55
5805,-108,41,87,379,4,10,55
5805,-108,42,87,379,4,10,56
5805,-108,53,87,379,5,11,55
5805,-108,41,87,379,5,8,54
5805,-108,51,87,379,4,11,56
5805,-108,50,87,379,4,9,55
5805,-108,34,87,379,2,9,54
5805,-108,46,87,379,5,10,55
5805,-108,40,87,379,5,10,54
5805,-108,45,87,379,4,9,54
5805,-108,43,87,379,4,10,55
5805,-108,39,87,379,3,8,54
5805,-108,37,87,379,5,11,55
5805,-108,41,87,379,4,10,55
5805,-108,42,87,379,4,12,56
5805,-108,36,87,379,3,9,54
5805,-108,44,87,379,4,9,54
5805,-108,36,87,379,5,8,55
5805,-108,40,87,379,4,8,54
5805,-108,47,87,379,4,10,55
5805,-108,49,87,379,3,8,54
5805,-108,25,87,379,4,9,54
5805,-108,33,87,379,4,9,55
5805,-108,30,87,379,4,10,55
5805,-108,49,87,379,4,9,56
5805,-108,36,87,379,3,8,54
5805,-108,46,87,379,4,11,56
5805,-108,40,87,379,4,10,55
5805,-108,40,87,379,5,9,55
5805,-108,37,87,379,5,9,55
5805,-108,45,87,379,5,9,55
5805,-108,54,87,379,5,9,54
5805,-108,47,87,379,5,9,55
5805,-108,34,87,379,3,10,55
5805,-108,53,87,379,4,11,56
5805,-108,43,87,379,5,9,55
5805,-108,30,90,377,5,11,57
5805,-108,37,90,377,4,9,56
5805,-108,47,90,377,4,10,57
5805,-108,36,90,377,4,8,56
5805,-108,34,90,377,3,11,59
5805,-108,44,90,377,4,10,57
5805,-108,32,90,377,3,10,56
5805,-108,51,90,377,4,9,56
5805,-108,50,90,377,2,8,56
5805,-108,48,90,377,4,9,57
5805,-108,44,90,377,3,9,57
5805,-108,46,90,377,4,9,57
5805,-108,41,90,377,5,9,57
5805,-108,58,90,377,4,10,57
5805,-108,30,90,377,4,9,56
5805,-108,34,90,377,4,8,57
5805,-108,36,90,377,4,9,57
5805,-108,31,90,377,3,9,58
5805,-108,39,90,377,4,8,55
5805,-108,34,89,377,5,7,54
5805,-108,47,90,377,4,9,57
5805,-108,38,90,377,4,9,57
5805,-108,32,90,377,5,9,57
5805,-108,35,90,377,5,9,57
5805,-108,32,90,377,5,9,57
5805,-108,45,90,377,5,11,58
5805,-108,30,90,377,5,12,58
5805,-108,33,90,377,4,9,57
5805,-108,45,90,377,3,10,57
5805,-108,43,90,377,4,9,57
5805,-108,46,90,377,3,10,58
5805,-108,33,90,377,5,9,57
5805,-108,37,90,377,4,9,57
5805,-108,40,90,377,4,10,57
5805,-108,64,90,377,5,8,57
5805,-108,44,90,377,4,10,58
5805,-108,38,90,377,3,10,57
5805,-108,54,90,377,3,10,58
5805,-108,36,90,377,4,10,58
5805,-108,33,90,377,4,9,57
5805,-108,46,90,377,4,9,58
5805,-108,31,89,377,4,9,55
5805,-108,29,90,377,4,10,57
5805,-108,52,90,377,3,10,58
5805,-108,53,90,377,4,10,58
5805,-108,40,90,377,3,9,57
5805,-108,27,90,377,4,10,56
5805,-108,39,90,377,5,10,58
5805,-108,61,90,377,4,9,57
5805,-108,34,90,377,4,9,57
5805,-108,32,90,377,4,9,57
5805,-108,30,90,377,4,10,56
5805,-108,43,90,377,4,11,57
5805,-108,49,90,377,3,9,57
5805,-108,38,90,377,5,9,57
5805,-108,54,90,377,5,11,57
5805,-108,30,90,377,4,9,56
5805,-108,30,90,377,4,6,55
5805,-108,54,90,377,4,9,57
5805,-108,33,90,377,5,9,56
5805,-108,35,90,377,3,9,57
5805,-108,35,90,377,4,8,57
5805,-108,35,90,377,4,9,57
5805,-108,27,90,377,4,11,57
5805,-108,39,90,377,5,10,57
5805,-108,38,90,377,3,10,58
5805,-108,33,90,377,4,11,58
5805,-108,35,90,377,3,9,56
5805,-108,43,90,377,4,9,58
5805,-108,34,90,377,5,10,57
5805,-108,33,90,377,3,9,56
5805,-108,32,90,377,4,8,56
5805,-108,30,90,377,5,10,58
5805,-108,51,90,377,4,10,57
5805,-108,27,90,377,4,10,57
5805,-108,31,90,377,3,11,57
5805,-108,46,90,377,4,10,57
5805,-108,33,90,377,5,10,57
5805,-108,37,89,378,5,11,57
5805,-108,32,90,377,4,11,57
5805,-108,37,90,377,4,10,57
5805,-108,50,90,377,4,8,57
5805,-108,40,90,377,3,9,57
5805,-108,32,90,377,4,9,57
5805,-108,35,90,377,4,8,57
5805,-108,31,90,377,4,8,55
5805,-108,30,90,377,6,9,56
5805,-108,40,90,377,3,9,57
5805,-108,49,90,377,4,10,57
5805,-108,35,90,377,6,8,57
5805,-108,35,90,377,4,9,57
5805,-108,28,90,377,4,9,57
5805,-108,26,90,377,4,6,55
5805,-108,32,90,377,4,9,57
5805,-108,29,90,377,3,9,58
5805,-108,39,90,377,5,9,57
5805,-108,51,90,377,4,10,57
5805,-108,31,90,377,3,9,56
5805,-108,52,90,377,5,10,56
5805,-108,37,90,377,4,9,57
5805,-108,37,90,377,3,8,57
5805,-108,31,90,377,3,10,56
5805,-108,53,90,377,3,8,56
5805,-108,35,90,377,5,10,57
5805,-108,47,90,377,4,10,57
5805,-108,37,90,377,5,8,56
5805,-108,33,90,377,4,8,57
5805,-108,52,90,377,6,10,57
5805,-108,33,90,377,3,7,55
5805,-108,38,90,377,3,9,56
5805,-108,34,90,377,4,10,57
5805,-108,36,90,377,4,10,57
5805,-108,38,90,377,4,10,57
5805,-108,32,90,377,5,9,57
5805,-108,32,90,377,4,8,56
5805,-108,36,90,377,5,10,58
5805,-108,50,90,377,4,11,58
5805,-108,45,90,377,4,9,57
5805,-108,35,90,377,4,10,56
5805,-108,44,90,377,5,9,57
5805,-108,36,90,377,4,9,57
5805,-108,37,90,377,4,10,57
5805,-108,37,90,377,5,9,57
5805,-108,47,90,377,4,9,57
5805,-108,43,90,377,4,12,58
5805,-108,58,90,377,4,7,56
5805,-108,36,90,377,5,11,57
5805,-108,41,90,377,4,9,56
5805,-108,37,90,377,3,10,57
5805,-108,43,90,377,4,9,57
5805,-108,32,90,377,5,9,57
5805,-108,44,90,377,3,12,57
5805,-108,27,90,377,4,8,56
5805,-108,38,90,377,4,8,56
5805,-108,45,90,377,4,8,56
5805,-108,46,90,377,4,9,56
5805,-108,47,90,377,5,10,57
5805,-108,33,90,377,5,8,56
5805,-108,34,90,377,4,9,57
5805,-108,43,90,377,4,10,57
5805,-108,35,90,377,3,7,56
5805,-108,48,90,377,3,9,57
5805,-108,33,90,377,4,9,57
5805,-108,34,90,377,3,10,58
5805,-108,40,89,377,6,9,56
5805,-108,48,90,377,4,10,57
5805,-108,36,90,377,4,9,56
5805,-108,27,90,377,4,9,57
5805,-108,35,90,377,3,10,57
5805,-108,28,90,377,4,8,56
5805,-108,45,90,377,4,9,56
5805,-108,70,90,377,3,11,57
5805,-108,43,90,377,5,9,57
5805,-108,30,90,377,4,10,57
5805,-108,55,90,377,3,8,57
5805,-108,37,90,377,4,9,57
5805,-108,27,90,377,5,8,56
5805,-108,26,90,377,4,10,57
5805,-108,38,90,377,4,8,56
5805,-108,35,90,377,4,10,57
5805,-108,42,90,377,5,9,57
5805,-108,30,90,377,5,10,57
5805,-108,38,90,377,3,8,56
5805,-108,39,90,377,2,10,57
5805,-108,29,90,377,3,10,57
5805,-108,56,90,377,4,10,56
5805,-108,36,90,377,4,9,56
5805,-108,36,90,377,4,9,57
5805,-108,42,90,377,4,11,57
5805,-108,40,90,377,4,8,56
5805,-108,57,90,377,3,9,57
5805,-108,35,90,377,4,12,58
5805,-108,31,90,377,5,9,57
5805,-108,42,90,377,3,10,57
5805,-108,42,90,377,3,10,58
5805,-108,31,90,377,5,10,57
5805,-108,38,90,377,3,9,56
5805,-108,39,90,377,3,9,57
5805,-108,38,90,377,5,10,58
5805,-108,37,90,377,4,9,56
5805,-108,41,90,377,4,10,57
5805,-108,55,90,377,4,10,57
5805,-108,33,90,377,4,10,57
5805,-108,30,90,377,5,9,57
5805,-108,40,90,377,4,9,57
5805,-108,53,90,377,3,10,58
5805,-108,36,90,377,3,13,58
5805,-108,35,90,377,5,9,56
5805,-108,31,90,377,4,9,56
5805,-108,47,90,377,4,8,55
5805,-108,51,90,377,3,9,57
5805,-108,38,90,377,3,11,58
5805,-108,38,90,377,2,9,56
5805,-108,32,90,377,4,9,57
5805,-108,37,90,377,5,8,57
5805,-108,31,90,377,3,9,56
5805,-108,40,90,377,3,9,57
5805,-108,37,90,377,3,8,57
5805,-108,38,90,377,4,10,57
5805,-108,46,90,377,5,10,58
5805,-108,36,90,377,5,10,57
5805,-108,33,89,377,6,9,56
5805,-108,47,90,377,3,10,57
5805,-108,50,90,377,5,9,57
5805,-108,42,90,377,3,12,57
5805,-108,43,90,377,4,10,57
5805,-108,53,90,377,4,9,57
5805,-108,42,90,377,5,10,57
5805,-108,36,90,377,3,10,58
5805,-108,29,90,377,4,10,57
5805,-108,31,90,377,4,10,57
5805,-108,35,90,377,4,8,55
5805,-108,31,90,377,4,8,57
5805,-108,45,90,377,4,9,57
5805,-108,28,88,378,5,9,55
5805,-108,29,90,377,3,11,57
5805,-108,37,90,377,4,9,57
5805,-108,36,90,377,5,10,57
5805,-108,52,90,377,5,9,57
5805,-108,29,90,377,4,9,57
5805,-108,33,90,377,3,11,58
5805,-108,36,90,377,4,9,57
5805,-108,45,90,377,4,9,57
5805,-108,36,90,377,4,9,57
5805,-108,35,90,377,5,10,57
5805,-108,28,90,377,5,9,57
5805,-108,38,90,377,4,11,57
5805,-108,41,90,377,3,10,57
5805,-108,36,90,377,4,10,56
5805,-108,40,90,377,4,8,57
5805,-108,38,90,377,4,9,56
5805,-108,39,90,377,3,9,56
5805,-108,41,90,377,4,9,57
5805,-108,44,90,377,4,9,57
5805,-108,47,90,377,3,11,57
5805,-108,30,90,377,4,10,57
5805,-108,43,90,377,4,8,56
5805,-108,53,90,377,3,10,57
5805,-108,26,90,377,4,8,56
5805,-108,26,90,377,4,9,57
5805,-108,37,90,377,3,10,58
5805,-108,36,90,377,3,12,58
5805,-108,48,90,377,4,10,56
5805,-108,33,90,377,3,9,57
5805,-108,41,90,377,4,8,56
5805,-108,32,90,377,4,8,55
5805,-108,63,90,377,5,9,57
5805,-108,26,90,377,5,7,56
5805,-108,28,90,377,5,10,57
5805,-108,33,90,377,4,9,57
5805,-108,31,90,377,3,11,57
5805,-108,38,90,377,5,10,58
5805,-108,39,90,377,3,10,58
5805,-108,34,90,377,4,10,57
5805,-108,43,90,377,4,9,57
5805,-108,35,90,377,5,8,56
5805,-108,32,90,377,4,10,57
5805,-108,33,90,377,4,10,57
5805,-108,30,90,377,4,10,58
5805,-108,27,90,377,5,10,57
5805,-108,31,90,377,3,10,58
5805,-108,34,90,377,6,10,57
5805,-108,39,90,377,4,11,58
5805,-108,32,90,377,5,10,57
5805,-108,34,90,377,4,9,56
5805,-108,42,90,377,3,10,57
5805,-108,41,90,377,3,10,56
5805,-108,36,90,377,4,10,58
5805,-108,31,90,377,5,10,57
5805,-108,26,90,377,3,10,57
5805,-108,36,90,377,4,11,56
5805,-108,50,90,377,4,10,58
5805,-108,37,90,377,5,10,56
5805,-108,50,90,377,4,10,57
5805,-108,30,90,377,5,10,57
5805,-108,37,90,377,3,9,57
5805,-108,44,90,377,4,8,56
5805,-108,35,90,377,5,8,57
5805,-108,45,90,377,4,10,58
5805,-108,29,90,377,4,11,57
5805,-108,47,90,377,4,9,56
5805,-108,38,90,377,5,8,56
5805,-108,38,90,377,5,10,57
5805,-108,33,90,377,4,12,57
5805,-108,48,90,377,4,9,57
5805,-108,30,90,377,5,12,57
5805,-108,43,90,377,3,10,57
5805,-108,27,90,377,4,10,57
5805,-108,36,90,377,5,9,56
5805,-108,33,90,377,4,9,57
5805,-108,35,90,377,5,10,56
5805,-108,37,90,377,5,9,57
5805,-108,51,90,377,3,10,57
5805,-108,48,90,377,4,8,57
5805,-108,35,90,377,6,10,57
5805,-108,37,90,377,4,8,57
5805,-108,38,90,377,5,11,56
5805,-108,41,90,377,3,10,57
5805,-108,53,90,377,4,11,58
5805,-108,32,89,377,4,8,56
5805,-108,42,90,377,2,9,57
5805,-108,37,90,377,4,8,56
5805,-108,38,90,377,4,10,57
5805,-108,28,90,377,5,9,56
5805,-108,30,90,377,4,9,57
5805,-108,44,90,377,5,8,57
5805,-108,27,90,377,4,10,57
5805,-108,43,90,377,4,11,58
5805,-108,40,90,377,5,9,57
5805,-108,30,90,377,3,10,57
5805,-108,34,90,377,3,9,57
5805,-108,58,90,377,5,11,58
5805,-108,31,90,377,4,10,57
5805,-108,31,90,377,5,11,57
5805,-108,33,90,377,5,12,58
5805,-108,32,90,377,3,9,57
5805,-108,45,90,377,4,11,57
5805,-108,34,90,377,4,9,56
5805,-108,27,90,377,3,7,55
5805,-108,51,90,377,5,9,57
5805,-108,49,90,377,5,11,57
5805,-108,49,90,377,4,9,57
5805,-108,30,90,377,5,8,57
5805,-108,47,90,377,4,9,57
5805,-108,45,90,377,4,10,57
5805,-108,28,90,377,5,9,57
5805,-108,43,90,377,5,8,57
5805,-108,39,90,377,4,11,57
5805,-108,36,90,377,3,10,57
5805,-108,48,90,377,5,9,57
5805,-108,38,90,377,4,9,57
5805,-108,38,90,377,5,9,56
5805,-108,41,90,377,3,10,57
5805,-108,37,90,377,5,9,57
5805,-108,49,90,377,2,11,58
5805,-108,32,90,377,4,11,57
5805,-108,32,90,377,4,8,56
5805,-108,50,90,377,3,9,57
5805,-108,49,90,377,3,8,56
5805,-108,52,90,377,4,12,58
5805,-108,39,89,378,4,9,56
5805,-108,36,90,377,5,8,56
5805,-108,43,90,377,5,9,57
5805,-108,28,90,377,4,10,57
5805,-108,33,90,377,4,10,57
5805,-108,44,90,377,5,9,56
5805,-108,55,90,377,4,11,57
5805,-108,38,90,377,4,10,57
5805,-108,31,90,377,4,10,57
5805,-108,36,90,377,4,7,56
5805,-108,49,90,377,4,9,57
5805,-108,26,90,377,5,10,57
5805,-108,35,90,377,4,10,57
5805,-108,38,90,377,5,10,57
5805,-108,27,90,377,4,9,56
5805,-108,30,90,377,4,11,57
5805,-108,31,90,377,4,9,57
5805,-108,30,90,377,3,9,56
5805,-108,31,90,377,4,7,56
5805,-108,48,90,377,4,8,57
5805,-108,37,90,377,4,10,57
5805,-108,34,90,377,4,8,57
5805,-108,43,90,377,4,9,57
5805,-108,41,90,377,3,10,58
5805,-108,40,90,377,3,9,56
5805,-108,39,90,377,4,8,56
5805,-108,28,90,377,4,10,58
5805,-108,30,90,377,4,10,57
5805,-108,46,90,377,5,8,56
5805,-108,29,90,377,4,9,56
5805,-108,33,90,377,4,7,57
5805,-108,42,90,377,4,9,58
5805,-108,40,90,377,3,9,57
5805,-108,31,90,377,3,10,57
5805,-108,37,90,377,4,9,56
5805,-108,40,90,377,4,9,57
5805,-108,50,90,377,5,10,57
5805,-108,49,90,377,3,10,57
5805,-108,43,90,377,5,7,56
5805,-108,39,90,377,3,10,57
5805,-108,30,90,377,4,9,57
5805,-108,46,90,377,4,10,57
5805,-108,53,90,377,4,10,56
5805,-108,29,90,377,1,10,57
5805,-108,30,90,377,5,11,57
5805,-108,38,90,377,4,11,58
5805,-108,32,90,377,4,9,57
5805,-108,31,90,377,2,9,56
5805,-108,30,90,377,5,10,56
5805,-108,35,90,377,5,9,56
5805,-108,38,90,377,2,7,56
5805,-108,46,90,377,4,11,58
5805,-108,38,90,377,4,8,57
5805,-108,40,90,377,4,9,57
5805,-108,54,90,377,4,10,58
5805,-108,26,90,377,4,9,56
5805,-108,32,90,377,4,8,56
5805,-108,38,90,377,5,9,57
5805,-108,45,90,377,3,11,57
5805,-108,40,90,377,3,10,57
5805,-108,34,90,377,4,12,58
5805,-108,30,90,377,4,10,57
5805,-108,44,90,377,5,10,57
5805,-108,27,90,377,4,11,56
5805,-108,41,90,377,4,10,58
5805,-108,45,90,377,6,9,56
5805,-108,41,90,377,3,11,57
5805,-108,48,90,377,5,10,58
5805,-108,39,90,377,5,9,57
5805,-108,42,90,377,5,10,57
5805,-108,30,90,377,4,10,57
5805,-108,39,90,377,5,11,58
5805,-108,27,90,377,4,9,57
5805,-108,48,90,377,4,7,56
5805,-108,50,90,377,4,10,58
5805,-108,30,90,377,5,10,57
5805,-108,38,90,377,3,9,57
5805,-108,32,90,377,5,9,57
5805,-108,27,90,377,3,9,56
5805,-108,33,90,377,2,10,57
5805,-108,36,90,377,5,10,58
5805,-108,28,90,377,3,8,56
5805,-108,29,90,377,4,10,57
5805,-108,38,90,377,4,9,57
5805,-108,27,90,377,5,11,58
5805,-108,51,90,377,4,8,57
5805,-108,45,90,377,4,8,56
5805,-108,45,90,377,4,8,57
5805,-108,43,90,377,5,11,57
5805,-108,34,90,377,4,8,57
5805,-108,53,89,377,5,9,56
5805,-108,37,90,377,5,9,57
5805,-108,38,90,377,3,10,57
5805,-108,32,90,377,4,10,57
5805,-108,33,90,377,5,9,56
5805,-108,41,90,377,4,7,55
5805,-108,29,90,377,4,8,56
5805,-108,54,90,377,5,11,57
5805,-108,53,90,377,4,10,57
5805,-108,59,90,377,5,10,57
5805,-108,55,90,377,5,7,55
5805,-108,33,90,377,4,9,56
5805,-108,46,90,377,4,9,57
5805,-108,47,90,377,5,10,57
5805,-108,37,89,377,5,10,55
5805,-108,35,90,377,4,10,57
5805,-108,55,90,377,6,10,58
5805,-108,46,90,377,3,10,57
5805,-108,29,90,377,5,11,57
5805,-108,33,90,377,4,9,56
5805,-108,32,90,377,3,9,58
5805,-108,32,90,377,4,7,56
5805,-108,42,90,377,5,10,57
5805,-108,45,90,377,5,8,55
5805,-108,36,89,377,5,10,56
5805,-108,35,90,377,4,8,57
5805,-108,42,90,377,4,8,56
5805,-108,36,90,377,4,8,56
5805,-108,39,90,377,2,11,58
5805,-108,37,90,377,4,10,56
5805,-108,38,90,377,4,8,56
5805,-108,34,90,377,4,7,56
5805,-108,36,90,377,4,9,57
5805,-108,43,90,377,4,10,57
5805,-108,31,90,377,5,9,57
5805,-108,38,90,377,4,11,57
5805,-108,46,90,377,5,10,57
5805,-108,39,90,377,2,10,57
5805,-108,52,90,377,4,10,58
5805,-108,46,90,377,3,11,57
5805,-108,35,89,378,5,9,55
5805,-108,55,90,377,3,8,57
5805,-108,39,90,377,4,9,57
5805,-108,38,90,377,3,10,57
5805,-108,46,90,377,4,10,57
5805,-108,38,90,377,3,8,56
5805,-108,47,90,377,4,10,58
5805,-108,36,90,377,3,10,57
5805,-108,46,90,377,4,10,57
5805,-108,30,90,377,3,11,57
5805,-108,41,90,377,4,9,57
5805,-108,33,90,377,5,11,57
5805,-108,27,90,377,4,9,57
5805,-108,33,90,377,4,10,57
5805,-108,35,90,377,3,10,56
5805,-108,30,90,377,5,8,56
5805,-108,39,90,377,5,9,57
5805,-108,35,90,377,3,9,57
5805,-108,47,90,377,4,7,57
5805,-108,35,90,377,4,8,57
5805,-108,40,90,377,4,9,57
5805,-108,36,90,377,4,10,57
5805,-108,39,90,377,5,10,56
5805,-108,43,90,377,3,10,58
5805,-108,41,90,377,5,9,56
5805,-108,33,90,377,3,10,57
5805,-108,44,90,377,4,7,57
5805,-108,42,90,377,4,11,57
5805,-108,30,90,377,5,11,57
5805,-108,34,90,377,4,9,57
5805,-108,46,90,377,5,9,57
5805,-108,29,90,377,4,9,56
5805,-108,34,90,377,4,9,58
5805,-108,32,90,377,4,9,57
5805,-108,36,90,377,4,11,57
5805,-108,34,90,377,4,10,57
5805,-108,49,90,377,4,10,57
5805,-108,32,90,377,4,11,57
5805,-108,31,90,377,3,8,56
5805,-108,32,90,377,4,10,58
5805,-108,35,90,377,4,9,57
5805,-108,46,90,377,3,10,57
5805,-108,50,90,377,5,10,58
5805,-108,41,90,377,4,9,57
5805,-108,27,90,377,5,10,57
5805,-108,30,90,377,4,9,57
5805,-108,40,90,377,5,9,56
5805,-108,33,90,377,5,10,57
5805,-108,37,89,377,6,9,56
5805,-108,39,90,377,5,9,57
5805,-108,29,90,377,5,9,57
5805,-108,39,90,377,4,9,56
5805,-108,38,90,377,3,8,56
5805,-108,48,90,377,4,9,57
5805,-108,32,90,377,3,9,55
5805,-108,34,90,377,4,9,56
5805,-108,41,90,377,4,9,57
5805,-108,38,90,377,4,9,57
5805,-108,39,90,377,3,10,58
5805,-108,45,90,377,4,9,57
5805,-108,44,90,377,5,8,56
5805,-108,39,90,377,4,10,56
5805,-108,44,90,377,4,11,57
5805,-108,50,90,377,5,10,58
5805,-108,44,90,377,5,9,57
5805,-108,49,90,377,6,10,57
5805,-108,43,90,377,5,8,57
5805,-108,43,90,377,5,11,57
5805,-108,38,90,377,5,10,57
5805,-108,36,90,377,4,7,57
5805,-108,29,90,377,4,10,57
5805,-108,34,90,377,3,9,57
5805,-108,42,90,377,4,11,57
5805,-108,35,90,377,4,11,57
5805,-108,34,90,377,4,9,57
5805,-108,56,90,377,5,11,58
5805,-108,47,90,377,3,8,57
5805,-108,54,90,377,3,9,57
5805,-108,33,90,377,2,9,57
5805,-108,36,90,377,4,10,57
5805,-108,35,90,377,4,6,56
5805,-108,52,90,377,4,11,58
5805,-108,37,90,377,4,8,57
5805,-108,44,90,377,2,9,56
5805,-108,37,90,377,4,9,57
5805,-108,46,90,377,3,10,57
5805,-108,31,90,377,3,9,57
5805,-108,43,90,377,6,10,57
5805,-108,46,90,377,5,9,56
5805,-108,33,90,377,3,8,57
5805,-108,64,90,377,4,9,57
5805,-108,42,90,377,5,7,56
5805,-108,36,90,377,4,10,57
5805,-108,38,90,377,4,10,57
5805,-108,54,90,377,4,9,57
5805,-108,48,90,377,3,11,58
5805,-108,46,90,377,5,8,57
5805,-108,33,90,377,5,8,56
5805,-108,62,90,377,4,8,56
5805,-108,37,90,377,4,8,57
5805,-108,38,90,377,4,11,57
5805,-108,42,90,377,5,9,57
5805,-108,42,90,377,3,9,57
5805,-108,41,90,377,4,9,56
5805,-108,34,90,377,3,8,56
5805,-108,33,90,377,3,8,57
5805,-108,31,90,377,5,9,57
5805,-108,31,90,377,4,11,57
5805,-108,46,90,377,3,9,56
5805,-108,37,90,377,4,8,57
5805,-108,38,90,377,4,12,58
5805,-108,34,90,377,5,9,57
5805,-108,35,90,377,3,8,57
5805,-108,41,90,377,4,8,56
5805,-108,41,90,377,5,11,57
5805,-108,43,90,377,4,9,57
5805,-108,35,90,377,4,11,57
5805,-108,35,90,377,4,12,57
5805,-108,46,90,377,5,8,57
5805,-108,41,90,377,3,9,56
5805,-108,44,90,377,5,9,57
5805,-108,36,90,377,4,11,57
5805,-108,36,90,377,4,8,56
5805,-108,31,90,377,4,11,58
5805,-108,49,90,377,4,9,57
5805,-108,27,90,377,4,10,57
5805,-108,50,90,377,4,11,58
5805,-108,30,90,377,3,9,57
5805,-108,46,90,377,4,10,57
5805,-108,46,90,377,4,8,57
5805,-108,47,90,377,4,9,57
5805,-108,35,90,377,4,9,57
5805,-108,47,90,377,4,9,57
5805,-108,49,90,377,4,10,57
5805,-108,48,90,377,3,11,57
5805,-108,32,90,377,5,10,57
5805,-108,40,90,377,4,10,57
5805,-108,55,90,377,4,10,57
5805,-108,39,90,377,4,10,58
5805,-108,35,90,377,4,11,57
5805,-108,33,90,377,4,8,56
5805,-108,36,90,377,4,9,56
5805,-108,51,90,377,5,8,57
5805,-108,45,90,377,5,10,58
5805,-108,28,90,377,5,8,57
5805,-108,38,90,377,5,10,57
5805,-108,53,90,377,4,9,56
5805,-108,49,90,377,4,10,57
5805,-108,42,90,377,5,9,57
5805,-108,31,90,377,4,10,57
5805,-108,49,90,377,3,9,57
5805,-108,43,90,377,6,9,57
5805,-108,35,90,377,3,8,56
5805,-108,55,90,377,3,9,57
5805,-108,33,90,377,3,8,56
5805,-108,39,90,377,4,10,57
5805,-108,29,90,377,4,8,57
5805,-108,24,90,377,5,9,55
5805,-108,31,89,377,5,10,55
5805,-108,26,90,377,5,10,57
5805,-108,32,90,377,5,10,56
5805,-108,35,90,377,4,9,56
5805,-108,33,90,377,3,8,57
5805,-108,42,90,377,5,8,56
5805,-108,41,90,377,5,9,57
5805,-108,52,90,377,3,9,57
5805,-108,28,90,377,4,8,56
5805,-108,32,90,377,5,10,57
5805,-108,51,90,377,4,8,56
5805,-108,51,90,377,4,8,56
5805,-108,57,90,377,4,9,57
5805,-108,30,90,377,3,9,57
5805,-108,39,90,377,6,7,55
5805,-108,46,90,377,5,10,57
5805,-108,50,90,377,4,11,56
5805,-108,38,90,377,3,9,57
5805,-108,30,90,377,4,8,56
5805,-108,38,90,377,5,9,57
5805,-108,32,90,377,4,11,57
5805,-108,45,90,377,4,9,56
5805,-108,40,90,377,3,11,57
5805,-108,43,90,377,4,8,56
5805,-108,50,90,377,5,9,57
5805,-108,50,90,377,4,11,57
5805,-108,38,90,377,4,9,57
5805,-108,38,90,377,4,10,57
5805,-108,45,90,377,5,11,57
5805,-108,48,90,377,4,9,57
5805,-108,36,90,377,5,11,58
5805,-108,39,90,377,4,8,56
5805,-108,30,90,377,5,10,57
5805,-108,24,88,378,5,9,54
5805,-108,43,90,377,4,9,56
5805,-108,62,90,377,4,10,57
5805,-108,34,90,377,4,10,57
5805,-108,43,90,377,3,10,57
5805,-108,35,90,377,4,11,57
5805,-108,43,90,377,3,10,57
5805,-108,56,90,377,4,11,58
5805,-108,44,90,377,4,9,57
5805,-108,38,90,377,5,9,56
5805,-108,43,90,377,5,10,57
5805,-108,53,90,377,4,9,57
5805,-108,43,90,377,4,10,58
5805,-108,40,90,377,3,9,56
5805,-108,49,90,377,5,10,56
5805,-108,57,90,377,3,9,56
5805,-108,37,89,377,5,11,57
5805,-108,28,90,377,4,11,57
5805,-108,38,90,377,3,10,58
5805,-108,58,90,377,4,10,57
5805,-108,44,90,377,5,10,58
5805,-108,55,90,377,4,9,57
5805,-108,44,90,377,3,9,57
5805,-108,32,90,377,5,10,56
5805,-108,37,90,377,3,9,57
5805,-108,55,90,377,4,10,57
5805,-108,40,90,377,3,10,57
5805,-108,44,90,377,2,9,57
5805,-108,33,90,377,3,9,57
5805,-108,44,90,377,4,9,57
5805,-108,26,90,377,4,11,57
5805,-108,55,90,377,4,10,57
5805,-108,41,90,377,4,10,57
5805,-108,40,90,377,5,10,58
5805,-108,27,90,377,3,10,57
5805,-108,36,90,377,4,9,57
5805,-108,29,90,377,4,10,56
5805,-108,41,90,377,4,8,56
5805,-108,48,90,377,3,10,57
5805,-108,39,90,377,4,10,57
5805,-108,50,90,377,5,10,57
5805,-108,32,90,377,5,8,57
5805,-108,61,90,377,5,9,57
5805,-108,31,89,377,4,9,56
5805,-108,28,90,377,3,10,57
5805,-108,51,90,377,4,10,58
5805,-108,46,90,377,3,9,57
5805,-108,39,90,377,3,11,57
5805,-108,26,90,377,3,10,57
5805,-108,38,90,377,3,10,57
5805,-108,41,90,377,2,8,57
5805,-108,33,90,377,3,9,56
5805,-108,42,90,377,5,8,56
5805,-108,27,89,377,5,9,55
5805,-108,49,90,377,4,8,57
5805,-108,35,90,377,4,8,57
5805,-108,46,90,377,4,9,57
5805,-108,46,90,377,4,10,57
5805,-108,47,90,377,5,8,57
5805,-108,45,90,377,2,10,56
5805,-108,31,90,377,4,9,57
5805,-108,51,90,377,5,10,57
5805,-108,48,90,377,3,9,57
5805,-108,52,90,377,4,9,57
5805,-108,30,90,377,2,10,57
5805,-108,31,90,377,5,9,57
5805,-108,47,90,377,4,9,57
5805,-108,46,90,377,4,9,57
5805,-108,32,90,377,4,8,57
5805,-108,47,90,377,4,9,56
5805,-108,57,90,377,4,9,58
5805,-108,49,90,377,4,9,57
5805,-108,61,90,377,4,8,57
5805,-108,56,90,377,4,9,57
5805,-108,39,90,377,4,12,58
5805,-108,40,90,377,5,9,57
5805,-108,37,90,377,4,10,57
5805,-108,33,90,377,2,11,57
5805,-108,29,90,377,4,9,57
5805,-108,36,90,377,4,10,57
5805,-108,35,90,377,4,9,56
5805,-108,37,90,377,3,9,57
5805,-108,29,90,377,4,8,56
5805,-108,59,90,377,3,9,57
5805,-108,41,90,377,4,8,56
5805,-108,45,90,377,4,8,55
5805,-108,57,90,377,4,9,58
5805,-108,46,90,377,4,10,57
5805,-108,51,90,377,4,6,56
5805,-108,24,90,377,4,8,55
5805,-108,40,90,377,4,8,56
5805,-108,29,89,377,4,8,56
5805,-108,35,90,377,3,9,57
5805,-108,53,90,377,3,9,57
5805,-108,35,90,377,4,10,57
5805,-108,33,90,377,3,9,56
5805,-108,42,90,377,3,9,57
5805,-108,33,90,377,4,11,57
5805,-108,47,90,377,4,10,57
5805,-108,40,90,377,4,9,56
5805,-108,30,90,377,3,9,56
5805,-108,40,90,377,4,10,57
5805,-108,50,90,377,5,9,57
5805,-108,27,89,377,4,8,55
5805,-108,60,90,377,4,8,57
5805,-108,32,90,377,3,10,57
5805,-108,41,90,377,5,9,56
5805,-108,48,90,377,4,9,57
5805,-108,42,90,377,5,9,57
5805,-108,57,90,377,4,8,56
5805,-108,41,90,377,3,10,57
5805,-108,52,90,377,3,10,56
5805,-108,46,90,377,4,7,56
5805,-108,41,90,377,4,8,56
5805,-108,41,90,377,5,9,57
5805,-108,35,90,377,4,10,57
5805,-108,29,90,377,4,10,57
5805,-108,30,90,377,4,9,57
5805,-108,51,90,377,3,10,57
5805,-108,43,90,377,6,10,56
5805,-108,34,90,377,4,9,56
5805,-108,58,90,377,5,10,57
5805,-108,46,90,377,4,10,58
5805,-108,41,90,377,4,9,57
5805,-108,41,90,377,4,10,57
5805,-108,47,90,377,5,8,57
5805,-108,54,90,377,4,11,58
5805,-108,64,90,377,4,11,58
5805,-108,44,90,377,5,9,57
5805,-108,33,90,377,4,8,58
5805,-108,29,90,377,5,10,56
5805,-108,38,90,377,4,9,57
5805,-108,37,90,377,3,8,56
5805,-108,32,90,377,4,8,57
5805,-108,33,90,377,4,10,58
5805,-108,28,90,377,4,9,56
5805,-108,39,90,377,4,10,57
5805,-108,49,90,377,4,9,57
5805,-108,36,90,377,4,11,57
5805,-108,55,90,377,4,10,57
5805,-108,41,90,377,3,9,57
5805,-108,41,90,377,3,8,57
5805,-108,37,90,377,4,11,56
5805,-108,31,90,377,2,10,58
5805,-108,31,90,377,3,9,56
5805,-108,33,90,377,4,9,57
5805,-108,53,90,377,3,9,57
5805,-108,48,90,377,4,8,56
5805,-108,26,90,377,4,10,57
5805,-108,42,90,377,3,10,57
5805,-108,54,90,377,5,10,58
5805,-108,41,90,377,4,9,57
5805,-108,32,90,377,4,9,56
5805,-108,39,90,377,5,9,56
5805,-108,43,89,377,5,9,55
5805,-108,43,90,377,4,11,57
5805,-108,41,89,377,5,10,57
5805,-108,35,90,377,4,8,56
5805,-108,50,90,377,5,9,57
5805,-108,44,90,377,4,10,57
5805,-108,32,90,377,4,9,57
5805,-108,29,90,377,4,9,57
5805,-108,49,90,377,5,8,56
5805,-108,37,90,377,4,9,56
5805,-108,29,90,377,4,8,56
5805,-108,34,90,377,5,8,56
5805,-108,49,90,377,4,12,58
5805,-108,34,90,377,4,9,56
5805,-108,43,90,377,4,8,56
5805,-108,31,90,377,4,8,56
5805,-108,44,90,377,4,9,57
5805,-108,56,90,377,4,10,56
5805,-108,32,90,377,5,10,57
5805,-108,29,90,377,4,10,57
5805,-108,37,90,377,5,12,58
5805,-108,44,90,377,5,10,57
5805,-108,52,90,377,4,10,57
5805,-108,45,90,377,4,9,56
5805,-108,47,90,377,4,9,57
5805,-108,50,90,377,5,9,57
5805,-108,30,90,377,5,11,57
5805,-108,43,90,377,4,9,56
5805,-108,30,90,377,3,9,57
5805,-108,51,90,377,5,10,58
5805,-108,41,90,377,5,10,58
5805,-108,44,90,377,5,9,56
5805,-108,47,90,377,3,9,57
5805,-108,40,90,377,3,11,57
5805,-108,34,90,377,5,8,56
5805,-108,39,90,377,4,11,57
5805,-108,47,90,377,5,8,57
5805,-108,30,90,377,5,9,57
5805,-108,45,90,377,3,10,58
5805,-108,37,90,377,3,8,56
5805,-108,34,90,377,5,9,56
5805,-108,28,89,377,5,10,57
5805,-108,38,90,377,4,10,58
5805,-108,50,90,377,4,8,56
5805,-108,47,90,377,4,10,57
5805,-108,31,90,377,4,9,57
5805,-108,42,90,377,6,8,57
5805,-108,39,90,377,5,9,56
5805,-108,47,90,377,4,8,57
5805,-108,38,90,377,4,8,57
5805,-108,35,90,377,4,9,57
5805,-108,49,90,377,3,10,57
5805,-108,41,90,377,5,12,58
5805,-108,53,90,377,5,8,57
5805,-108,53,90,377,4,10,56
5805,-108,44,90,377,3,9,57
5805,-108,37,90,377,4,10,57
5805,-108,45,90,377,3,10,57
5805,-108,40,90,377,4,9,57
5805,-108,55,90,377,4,9,57
5805,-108,39,90,377,4,9,57
5805,-108,33,90,377,5,9,57
5805,-108,35,90,377,4,8,56
5805,-108,46,89,378,5,10,56
5805,-108,42,90,377,4,9,57
5805,-108,40,90,377,4,10,57
5805,-108,40,90,377,5,11,58
5805,-108,37,90,377,4,11,57
5805,-108,47,90,377,4,12,58
5805,-108,32,90,377,4,10,56
5805,-108,41,90,377,4,10,58
5805,-108,34,90,377,5,10,56
5805,-108,45,90,377,3,8,57
5805,-108,46,90,377,4,11,58
5805,-108,29,89,378,5,8,56
5805,-108,55,90,377,5,9,57
5805,-108,39,90,377,5,9,57
5805,-108,28,90,377,5,11,57
5805,-108,52,90,377,5,9,56
5805,-108,45,90,377,5,12,58
5805,-108,54,90,377,5,9,57
5805,-108,43,90,377,4,8,55
5805,-108,39,90,377,3,9,57
5805,-108,44,90,377,4,10,56
5805,-108,37,90,377,6,9,57
5805,-108,33,90,377,4,8,57
5805,-108,45,90,377,4,8,57
5805,-108,34,90,377,3,11,56
5805,-108,47,90,377,4,10,57
5805,-108,40,90,377,4,9,57
5805,-108,29,90,377,6,9,56
5805,-108,33,90,377,4,9,57
5805,-108,30,90,377,5,10,57
5805,-108,52,90,377,4,10,57
5805,-108,30,90,377,4,8,56
5805,-108,35,90,377,5,10,57
5805,-108,36,90,377,4,10,57
5805,-108,34,90,377,4,11,57
5805,-108,50,90,377,2,8,57
5805,-108,36,90,377,4,10,58
5805,-108,35,90,377,4,10,58
5805,-108,80,90,377,4,13,63
5805,-108,60,90,377,5,11,57
5805,-108,40,90,377,4,11,57
5805,-108,23,90,377,4,9,55
5805,-108,61,90,377,5,10,57
5805,-108,48,90,377,4,10,58
5805,-108,54,90,377,4,10,57
5805,-108,47,90,377,5,8,57
5805,-108,49,90,377,4,9,57
5805,-108,61,90,377,4,10,57
5805,-108,30,90,377,4,9,57
5805,-108,45,90,377,4,10,57
5805,-108,52,90,377,4,12,58
5805,-108,29,90,377,5,8,56
5805,-108,40,90,377,5,9,57
5805,-108,36,90,377,2,10,57
5805,-108,46,90,377,4,8,57
5805,-108,34,90,377,4,10,57
5805,-108,28,90,377,3,8,57
5805,-108,45,90,377,3,10,58
5805,-108,49,90,377,3,11,57
5805,-108,45,90,377,3,10,57
5805,-108,35,90,377,4,10,57
5805,-108,55,90,377,5,9,56
5805,-108,28,90,377,3,7,55
5805,-108,44,90,377,4,9,56
5805,-108,62,90,377,4,7,56
5805,-108,33,90,377,4,11,57
5805,-108,39,90,377,5,9,58
5805,-108,44,90,377,4,8,57
5805,-108,48,90,377,3,8,56
5805,-108,45,90,377,3,9,57
5805,-108,35,90,377,3,9,57
5805,-108,33,90,377,3,9,57
5805,-108,32,90,377,5,9,57
5805,-108,43,90,377,4,9,57
5805,-108,45,90,377,4,9,57
5805,-108,37,90,377,3,9,57
5805,-108,37,90,377,4,8,55
5805,-108,39,90,377,4,10,57
5805,-108,46,90,377,4,10,58
5805,-108,38,90,377,4,9,56
5805,-108,40,90,377,4,9,57
5805,-108,54,90,377,3,11,57
5805,-108,31,90,377,4,9,56
5805,-108,36,90,377,4,8,57
5805,-108,33,90,377,4,9,57
5805,-108,36,90,377,4,10,57
5805,-108,32,90,377,4,10,57
5805,-108,44,90,377,5,10,58
5805,-108,38,90,377,5,9,56
5805,-108,40,90,377,3,8,56
5805,-108,28,90,377,5,9,57
5805,-108,50,90,377,4,12,57
5805,-108,76,90,377,4,9,57
5805,-108,32,90,377,5,11,58
5805,-108,28,90,377,4,10,57
5805,-108,61,90,377,3,9,56
5805,-108,42,90,377,5,10,57
5805,-108,34,90,377,5,10,57
5805,-108,38,90,377,5,11,58
5805,-108,35,90,377,5,10,57
5805,-108,24,90,377,3,9,56
5805,-108,59,90,377,4,9,57
5805,-108,48,90,377,4,10,57
5805,-108,35,90,377,5,11,57
5805,-108,38,90,377,3,9,56
5805,-108,27,90,377,5,10,55
5805,-108,40,90,377,4,9,56
5240,-105,37,87,376,5,7,58
5240,-105,41,89,375,3,9,60
5240,-105,36,88,376,5,10,59
5240,-105,60,87,377,6,9,58
5240,-105,37,87,376,5,9,58
5240,-105,65,90,374,3,9,61
5240,-105,51,88,376,4,11,59
5240,-105,50,88,376,4,7,59
5240,-105,49,87,376,4,8,58
5240,-105,32,87,377,6,8,58
5240,-105,52,87,377,4,9,59
5240,-105,49,87,377,5,8,57
5240,-105,57,84,380,5,12,56
5240,-105,57,84,380,6,10,57
5240,-105,52,84,380,6,10,56
5240,-105,59,84,380,5,8,55
5240,-105,51,84,380,5,10,56
5240,-105,60,84,380,5,10,56
5240,-105,58,84,380,4,9,54
5240,-105,64,84,380,5,9,56
5240,-105,51,84,380,6,10,55
5240,-105,39,84,380,5,8,55
5240,-105,61,84,380,5,8,54
5240,-105,58,84,380,4,8,56
5240,-105,69,84,380,4,10,56
5240,-105,70,84,380,4,9,56
5240,-105,56,84,380,6,9,55
5240,-105,58,84,380,5,9,56
5240,-105,65,84,380,5,10,55
5240,-105,63,84,380,6,10,56
5240,-105,62,84,380,5,9,56
5240,-105,53,84,380,5,11,56
5240,-105,73,84,380,5,10,55
5240,-105,51,84,380,4,9,55
5240,-105,60,84,380,4,9,56
5240,-105,63,84,380,6,11,55
5240,-105,63,87,377,6,9,58
5240,-105,68,88,376,6,9,58
5240,-105,45,87,376,4,10,58
5240,-105,64,89,375,5,9,60
5240,-105,52,86,377,5,8,57
5240,-105,87,90,374,4,8,61
5240,-105,64,89,374,3,9,60
5240,-105,48,87,376,5,10,58
5240,-105,66,89,374,4,9,59
5240,-105,89,90,374,5,9,61
5240,-105,70,88,376,6,10,59
5240,-105,55,90,374,4,8,61
5240,-105,60,87,376,6,9,58
5240,-105,56,87,376,5,9,58
5240,-105,46,86,377,5,9,57
5240,-105,77,89,375,6,9,60
5240,-105,52,85,378,6,9,57
5240,-105,62,88,376,5,12,60
5240,-105,48,86,377,5,8,57
5240,-105,69,87,376,5,7,56
5240,-105,66,89,375,3,9,60
5240,-105,59,88,376,4,8,59
5240,-105,66,90,374,3,8,60
5240,-105,46,86,378,7,9,56
5240,-105,73,84,379,4,8,55
5240,-105,68,84,379,5,8,55
5240,-105,65,84,379,6,10,56
5240,-105,57,84,379,6,10,56
5240,-105,52,84,379,4,10,55
5240,-105,66,84,379,5,9,54
5240,-105,68,84,379,5,10,56
5240,-105,56,84,379,5,9,56
5240,-105,51,84,379,4,9,56
5240,-105,53,84,379,6,9,56
5240,-105,63,84,379,5,10,56
5240,-105,67,84,379,5,9,55
5240,-105,65,84,379,3,9,55
5240,-105,57,84,379,4,8,55
5240,-105,65,84,379,6,9,55
5240,-105,64,84,379,3,10,56
5240,-105,68,84,379,5,8,55
5240,-105,63,84,379,4,8,55
5240,-105,63,84,379,6,9,57
5240,-105,60,84,379,5,7,54
5240,-105,71,84,379,6,8,56
5240,-105,56,84,379,5,8,56
5240,-105,63,84,379,4,9,55
5240,-105,51,84,379,3,7,54
5240,-105,43,84,379,5,9,56
5240,-105,64,84,379,6,9,55
5240,-105,59,84,379,5,10,56
5240,-105,57,84,379,4,7,55
5240,-105,53,84,379,5,9,56
5240,-105,62,79,385,20,15,58
5240,-105,71,81,382,6,10,53
5240,-105,55,81,382,5,9,53
5240,-105,58,81,382,5,10,53
5240,-105,61,81,382,4,10,53
5240,-105,47,81,382,6,9,53
5240,-105,51,81,382,5,9,52
5240,-105,51,81,382,5,10,53
5240,-105,53,81,382,4,13,53
5240,-105,48,81,382,4,9,53
5240,-105,55,81,382,4,9,53
5240,-105,43,81,382,5,11,53
5240,-105,34,81,382,6,10,52
5240,-105,59,81,382,4,8,53
5240,-105,51,81,382,4,8,52
5240,-105,57,79,384,7,61,49
5240,-105,71,84,379,4,9,56
5240,-105,58,84,379,5,9,55
5240,-105,58,84,379,6,9,55
5240,-105,51,84,379,5,10,55
5240,-105,48,84,379,5,8,55
5240,-105,57,84,379,4,10,56
5240,-105,43,84,379,6,9,54
5240,-105,60,84,379,5,8,56
5240,-105,47,84,379,5,8,55
5240,-105,50,84,379,5,8,54
5240,-105,57,84,379,4,8,55
5240,-105,47,84,379,5,11,56
5240,-105,40,84,379,5,8,54
5240,-105,45,84,379,5,10,56
5240,-105,48,84,379,5,9,56
5240,-105,53,84,379,5,8,56
5240,-105,57,84,379,6,8,56
5240,-105,52,84,379,3,10,56
5240,-105,57,84,379,3,9,56
5240,-105,45,84,379,5,12,57
5240,-105,51,84,379,4,10,56
5240,-105,66,84,379,5,10,56
5240,-105,50,84,379,5,11,56
5240,-105,62,84,379,5,8,55
5240,-105,50,84,379,4,10,55
5240,-105,55,84,379,4,10,56
5240,-105,68,84,379,5,10,56
5240,-105,61,84,379,5,7,55
5240,-105,43,84,379,4,11,55
5240,-105,49,84,379,4,8,56
5240,-105,60,84,379,4,10,57
5240,-105,58,84,379,5,8,55
5240,-105,59,84,379,5,9,55
5240,-105,55,84,379,5,9,56
5240,-105,52,84,379,4,9,56
5240,-105,70,84,379,5,9,55
5240,-105,57,84,379,6,9,55
5240,-105,59,84,379,4,10,56
5240,-105,55,84,379,6,10,56
5240,-105,48,84,379,5,9,56
5240,-105,56,84,379,4,10,55
5240,-105,56,84,379,5,11,56
5240,-105,64,84,379,5,8,55
5240,-105,62,84,379,5,9,55
5240,-105,54,84,379,4,7,55
5240,-105,70,84,379,9,1,55
5240,-105,70,84,379,4,9,55
5240,-105,50,84,379,4,9,56
5240,-105,64,84,379,5,11,56
5240,-105,58,84,379,5,10,56
5240,-105,71,84,379,4,6,56
5240,-105,59,84,379,7,9,55
5240,-105,47,84,379,4,10,55
5240,-105,58,84,379,5,12,57
5240,-105,66,84,379,4,10,56
5240,-105,55,84,379,6,9,55
5240,-105,57,84,379,6,10,57
5240,-105,60,84,379,4,10,55
5240,-105,66,84,379,5,9,54
5240,-105,85,84,379,5,9,56
5240,-105,81,84,379,5,9,55
5240,-105,56,84,379,4,8,56
5240,-105,54,84,379,4,10,56
5240,-105,66,84,379,4,11,57
5240,-105,78,84,379,5,10,56
5240,-105,70,84,379,4,9,56
5240,-105,66,84,379,5,9,55
5240,-105,71,84,379,5,10,55
5240,-105,73,84,379,5,11,57
5240,-105,68,84,379,6,9,55
5240,-105,82,84,379,5,10,56
5240,-105,63,84,379,5,10,56
5240,-105,58,84,379,5,10,56
5240,-105,60,84,379,4,10,56
5240,-105,60,84,379,5,11,56
5240,-105,66,84,379,5,11,55
5240,-105,62,84,379,4,9,55
5240,-105,37,85,378,6,8,55
5240,-105,94,89,374,5,9,59
5240,-105,65,88,376,5,7,58
5240,-105,61,88,376,5,10,60
5240,-105,59,87,376,5,9,58
5240,-105,58,89,375,5,10,60
5240,-105,43,86,377,4,8,57
5240,-105,37,87,376,4,8,58
5240,-105,52,87,377,6,9,57
5240,-105,63,88,375,4,9,59
5240,-105,92,89,375,5,11,60
5240,-105,77,88,375,5,10,60
5240,-105,57,88,376,4,8,59
5240,-105,75,88,376,6,7,59
5240,-105,59,87,377,5,11,59
5240,-105,45,86,378,6,8,57
5240,-105,60,89,375,4,9,60
5240,-105,56,88,376,6,10,59
5240,-105,43,88,375,5,11,60
5240,-105,51,89,374,4,6,59
5240,-105,45,88,376,6,10,59
5240,-105,41,88,375,5,9,59
5240,-105,67,89,375,4,8,59
5240,-105,27,87,376,5,8,57
5240,-105,52,89,375,5,9,60
5240,-105,63,88,376,4,8,59
5240,-105,60,88,375,4,9,59
5240,-105,65,88,376,3,10,59
5240,-105,53,87,377,6,7,58
5240,-105,34,89,375,5,10,59
5240,-105,46,89,374,4,8,60
5240,-105,29,86,377,5,8,56
5240,-105,41,87,377,5,9,57
5240,-105,50,88,376,6,9,60
5240,-105,53,89,375,4,8,59
5240,-105,43,87,377,5,11,58
5240,-105,43,89,374,4,10,60
5240,-105,38,86,377,4,10,58
5240,-105,56,88,375,4,9,59
5240,-105,64,88,375,4,9,59
5240,-105,54,90,374,4,9,61
5240,-105,38,88,376,4,11,59
5240,-105,39,88,375,5,9,59
5240,-105,46,88,376,5,10,59
5240,-105,35,86,377,6,8,57
5240,-105,38,87,376,5,7,57
5240,-105,35,86,377,5,9,57
5240,-105,46,87,376,5,10,58
5240,-105,40,88,376,5,10,59
5240,-105,55,88,376,4,10,59
5240,-105,34,87,376,5,7,56
5240,-105,38,87,376,4,10,58
5240,-105,48,88,376,4,9,59
5240,-105,43,86,377,5,9,57
5240,-105,40,89,375,4,10,60
5240,-105,40,89,375,4,10,60
5240,-105,42,86,377,6,9,57
5240,-105,32,87,376,4,7,57
5240,-105,54,88,375,4,10,59
5240,-105,41,89,375,5,7,59
5240,-105,51,87,377,5,11,59
5240,-105,33,86,377,6,7,57
5240,-105,68,88,376,4,11,59
5240,-105,52,88,376,6,7,59
5240,-105,34,86,377,4,9,57
5240,-105,45,86,377,6,6,57
5240,-105,48,88,376,4,8,59
5240,-105,50,88,375,4,9,59
5240,-105,65,90,374,4,11,62
5240,-105,53,87,376,6,9,58
5240,-105,47,88,375,4,8,59
5240,-105,52,89,375,4,10,60
5240,-105,35,87,377,6,8,57
5240,-105,47,88,375,4,9,59
5240,-105,58,88,375,5,9,59
5240,-105,50,88,375,5,11,59
5240,-105,56,88,376,4,9,58
5240,-105,29,85,378,6,7,55
5240,-105,53,88,376,5,8,59
5240,-105,48,87,376,6,8,57
5240,-105,66,89,375,3,9,59
5240,-105,40,86,377,5,10,57
5240,-105,43,88,375,6,10,59
5240,-105,62,88,375,5,7,58
5240,-105,43,88,376,6,8,58
5240,-105,35,86,378,6,9,58
5240,-105,58,88,375,4,8,59
5240,-105,61,87,377,5,9,58
5240,-105,56,88,375,5,8,58
5240,-105,63,88,376,5,8,59
5240,-105,26,86,377,7,9,56
5240,-105,80,89,375,5,10,61
5240,-105,57,87,376,4,9,57
5240,-105,51,87,376,3,10,58
5240,-105,72,87,376,4,12,59
5240,-105,66,89,375,4,9,60
5240,-105,62,89,374,5,8,60
5240,-105,69,88,376,5,9,59
5240,-105,56,88,375,5,10,59
5240,-105,70,88,376,5,8,59
5240,-105,67,87,376,4,9,57
5240,-105,78,87,377,6,9,58
5240,-105,75,88,375,5,10,59
5240,-105,60,88,375,6,8,58
5240,-105,82,88,376,5,10,60
5240,-105,53,87,376,5,5,58
5240,-105,59,87,376,6,10,57
5240,-105,62,87,377,4,9,58
5240,-105,74,87,377,5,7,58
5240,-105,51,86,377,5,8,57
5240,-105,36,86,377,5,8,57
5240,-105,78,87,376,5,8,58
5240,-105,52,89,375,5,9,60
5240,-105,80,88,376,4,9,59
5240,-105,101,90,374,4,9,61
5240,-105,67,87,376,5,9,58
5240,-105,96,88,376,5,8,59
5240,-105,60,86,378,5,8,57
5240,-105,65,85,378,6,7,55
5240,-105,42,85,379,6,8,56
5240,-105,38,86,378,5,9,57
5240,-105,73,87,377,6,7,58
5240,-105,59,87,376,5,7,58
5240,-105,43,87,376,5,8,58
5240,-105,59,88,376,5,6,59
5240,-105,56,87,376,6,7,57
5240,-105,56,81,383,5,9,53
5240,-105,64,81,383,5,9,53
5240,-105,66,81,383,6,8,53
5240,-105,69,81,383,4,11,54
5240,-105,65,81,383,6,7,53
5240,-105,61,81,383,5,9,53
5240,-105,58,81,383,6,1,53
5240,-105,64,81,383,8,2,53
5240,-105,64,81,383,4,9,53
5240,-105,70,84,380,5,10,56
5240,-105,61,84,380,5,9,55
5240,-105,58,84,380,6,10,56
5240,-105,66,84,380,6,7,55
5240,-105,67,84,380,6,10,56
5240,-105,62,87,377,6,11,60
5240,-105,49,86,377,7,6,57
5240,-105,57,87,377,6,8,57
5240,-105,58,87,377,5,8,59
5240,-105,68,87,377,7,9,59
5240,-105,44,87,377,5,9,58
5240,-105,44,87,377,6,8,59
5240,-105,30,85,378,6,7,55
5240,-105,37,85,378,5,2,55
5240,-105,41,88,376,5,8,59
5240,-105,36,87,377,4,10,58
5240,-105,47,87,376,5,8,58
5240,-105,47,88,376,5,8,59
5240,-105,54,84,380,5,3,56
5240,-105,59,88,376,4,9,60
5240,-105,36,85,378,6,2,56
5240,-105,48,90,374,3,9,61
5240,-105,56,88,375,4,9,59
5240,-105,39,88,376,5,8,59
5240,-105,51,87,376,5,7,57
5240,-105,28,86,377,6,9,57
5240,-105,35,88,376,5,11,60
5240,-105,43,86,378,6,3,57
5240,-105,48,87,377,6,10,58
5240,-105,56,87,377,4,9,58
5240,-105,51,87,377,3,9,58
5240,-105,49,87,377,5,9,58
5240,-105,63,87,377,5,8,58
5240,-105,37,86,377,6,10,57
5240,-105,43,86,378,6,10,58
5240,-105,40,87,376,7,9,59
5240,-105,137,88,376,4,12,66
5240,-105,38,86,377,6,11,58
5240,-105,25,86,377,6,9,57
5240,-105,42,88,375,5,10,59
5240,-105,62,89,375,5,10,60
5240,-105,50,90,374,4,8,61
5240,-105,36,88,376,5,9,58
5240,-105,41,87,376,6,8,57
5240,-105,68,89,375,5,10,60
5240,-105,32,86,378,5,10,57
5240,-105,39,87,376,5,9,58
5240,-105,38,88,376,4,8,59
5240,-105,50,88,375,6,10,59
5240,-105,42,87,377,5,7,58
5240,-105,53,77,387,23,12,58
5240,-105,43,84,380,5,10,56
5240,-105,38,88,375,4,8,58
5240,-105,42,86,377,6,9,57
5240,-105,56,86,377,5,8,56
5240,-105,37,87,377,6,8,58
5240,-105,38,87,376,6,7,57
5240,-105,30,86,378,5,7,56
5240,-105,73,88,375,5,6,58
5240,-105,40,89,375,5,10,60
5240,-105,47,87,376,4,8,57
5240,-105,49,87,376,6,9,58
5240,-105,70,88,376,5,8,59
5240,-105,39,88,375,4,11,60
5240,-105,53,87,376,3,8,57
5240,-105,53,88,375,5,9,59
5240,-105,56,88,375,5,9,59
5240,-105,49,88,376,4,8,58
5240,-105,53,89,375,5,7,59
5240,-105,52,86,377,5,9,57
5240,-105,66,87,376,5,9,57
5240,-105,73,89,375,3,9,60
5240,-105,66,84,379,11,0,55
5240,-105,56,78,386,7,10,51
5240,-105,50,78,386,5,8,50
5240,-105,56,78,386,5,10,50
5240,-105,58,78,386,6,10,51
5240,-105,55,78,386,5,9,51
5240,-105,56,78,386,5,10,50
5240,-105,55,78,386,5,9,50
5240,-105,61,78,386,5,10,51
5240,-105,57,78,386,5,10,51
5240,-105,55,78,386,6,8,51
5240,-105,61,78,386,5,11,51
5240,-105,58,78,386,5,12,51
5240,-105,61,78,386,5,10,51
5240,-105,60,78,386,5,8,49
5240,-105,62,78,386,4,9,50
5240,-105,67,78,386,6,11,51
5240,-105,62,78,386,5,10,51
5240,-105,62,78,386,5,9,51
5240,-105,61,78,386,5,10,51
5240,-105,64,78,386,6,10,51
5240,-105,59,78,386,5,8,50
5240,-105,62,78,386,4,10,50
5240,-105,64,78,386,4,9,51
5240,-105,60,78,386,6,10,51
5240,-105,66,78,386,6,10,51
5240,-105,57,78,386,5,10,51
5240,-105,59,78,386,7,7,50
5240,-105,63,78,386,5,8,50
5240,-105,61,78,386,5,10,51
5240,-105,62,78,386,6,8,51
5240,-105,62,78,386,5,10,50
5240,-105,60,78,386,5,10,50
5240,-105,72,78,386,6,10,51
5240,-105,57,78,386,5,11,52
5240,-105,59,78,386,4,9,51
5240,-105,57,78,386,5,11,51
5240,-105,61,78,386,6,9,51
5240,-105,65,78,386,5,8,51
5240,-105,64,78,386,5,8,50
5240,-105,67,78,386,4,9,51
5240,-105,56,78,386,5,8,50
5240,-105,52,87,376,6,10,58
5240,-105,52,89,374,5,9,60
5240,-105,67,88,375,3,8,58
5240,-105,80,88,376,5,8,59
5240,-105,56,85,378,6,10,56
5240,-105,76,89,374,4,7,59
5240,-105,61,89,375,4,8,59
5240,-105,54,87,377,5,10,58
5240,-105,54,85,379,7,10,57
5240,-105,48,87,377,6,9,58
5240,-105,50,86,377,7,14,60
5240,-105,67,87,376,5,0,58
5240,-105,45,88,376,4,8,59
5240,-105,48,89,375,4,9,60
5240,-105,32,87,377,5,9,57
5240,-105,52,88,376,4,9,59
5240,-105,61,88,375,5,8,58
5240,-105,53,90,374,4,8,60
5240,-105,37,86,377,5,7,56
5240,-105,38,88,375,6,9,59
5240,-105,36,88,376,4,10,59
5240,-105,50,87,376,5,9,58
5240,-105,51,87,376,5,8,58
5240,-105,45,87,376,4,10,59
5240,-105,58,90,374,4,10,61
5240,-105,52,87,376,4,8,57
5240,-105,31,86,377,5,11,57
5240,-105,50,90,374,4,8,60
5240,-105,63,90,374,5,10,62
5240,-105,36,88,375,5,8,58
5240,-105,35,88,376,3,10,58
5240,-105,47,88,376,5,7,58
5240,-105,51,87,376,4,10,59
5240,-105,37,87,377,6,10,58
5240,-105,45,88,375,5,10,59
5240,-105,36,87,376,5,6,58
5240,-105,26,86,377,5,9,58
5240,-105,34,88,376,6,9,59
5240,-105,41,87,376,5,8,59
5240,-105,54,88,376,3,10,60
5240,-105,41,88,376,6,9,59
5240,-105,45,87,377,4,9,59
5240,-105,33,88,376,4,9,58
5240,-105,39,87,376,5,10,58
5240,-105,47,88,375,5,10,58
5240,-105,62,86,378,5,8,57
5240,-105,40,87,377,6,10,58
5240,-105,46,86,377,6,8,57
5240,-105,46,89,375,6,9,60
5240,-105,42,75,388,23,17,56
5240,-105,52,84,380,7,9,56
5240,-105,49,84,379,5,7,55
5240,-105,56,84,379,6,7,55
5240,-105,42,87,376,4,8,58
5240,-105,33,86,378,6,8,57
5240,-105,56,87,376,4,10,59
5240,-105,41,87,376,4,9,58
5240,-105,31,85,378,7,9,55
5240,-105,48,88,375,4,9,58
5240,-105,67,88,375,4,10,61
5240,-105,50,88,376,5,9,59
5240,-105,102,86,378,5,63,57
5240,-105,44,87,376,5,9,58
5240,-105,64,87,377,4,10,59
5240,-105,44,85,378,5,6,55
5240,-105,63,88,376,4,7,59
5240,-105,46,88,375,4,8,59
5240,-105,51,88,376,5,9,59
5240,-105,50,86,377,3,8,58
5240,-105,72,88,375,4,10,59
5240,-105,80,89,375,5,11,60
5240,-105,52,87,376,5,8,57
5240,-105,59,88,376,5,9,59
5240,-105,44,87,376,5,7,57
5240,-105,62,87,377,5,6,57
5240,-105,71,89,374,6,11,61
5240,-105,71,88,376,4,10,59
5240,-105,45,87,377,5,8,57
5240,-105,47,88,376,5,9,59
5240,-105,54,87,376,4,9,58
5240,-105,68,88,376,5,11,60
5240,-105,54,88,376,4,8,59
5240,-105,69,88,375,5,9,59
5240,-105,72,87,377,5,11,59
5240,-105,40,87,376,4,9,58
5240,-105,59,87,376,7,7,57
5240,-105,61,88,375,4,7,59
5240,-105,66,90,374,3,10,61
5240,-105,65,87,376,4,9,58
5240,-105,47,87,376,6,10,59
5240,-105,101,90,374,4,9,62
5240,-105,54,88,375,4,9,59
5240,-105,73,88,376,4,11,60
5240,-105,51,86,378,4,10,58
5240,-105,38,85,378,6,9,56
5240,-105,47,86,378,7,10,58
5240,-105,66,88,376,4,9,59
5240,-105,72,88,376,5,10,59
5240,-105,62,87,376,5,10,58
5240,-105,92,87,377,6,8,58
5240,-105,61,87,377,7,7,58
5240,-105,70,87,377,8,10,58
5240,-105,68,86,377,7,10,58
5240,-105,48,86,378,5,8,57
5240,-105,66,87,377,5,7,58
5240,-105,36,86,377,5,8,57
5240,-105,60,87,376,5,9,58
5240,-105,74,88,376,5,10,60
5240,-105,58,86,378,5,8,57
5240,-105,90,89,375,4,10,60
5240,-105,45,85,378,5,9,56
5240,-105,75,87,376,4,10,58
5240,-105,74,88,376,6,10,60
5240,-105,49,86,378,6,9,57
5240,-105,54,89,374,3,10,60
5240,-105,54,87,376,5,8,58
5240,-105,52,87,376,5,9,58
5240,-105,62,87,376,6,11,59
5240,-105,51,88,375,6,11,60
5240,-105,41,86,377,4,8,56
5240,-105,52,88,376,5,10,59
5240,-105,47,89,375,4,8,60
5240,-105,47,85,379,7,10,57
5240,-105,36,88,376,6,10,59
5240,-105,35,86,377,6,8,57
5240,-105,44,85,378,6,9,56
5240,-105,37,84,380,5,11,56
5240,-105,65,84,380,5,10,56
5240,-105,55,84,380,3,9,55
5240,-105,59,84,380,4,9,55
5240,-105,54,84,380,4,9,55
5240,-105,66,84,380,6,10,56
5240,-105,61,84,380,6,10,55
5240,-105,59,84,380,6,10,55
5240,-105,55,84,380,5,9,55
5240,-105,55,84,380,4,8,55
5240,-105,58,84,380,4,8,55
5240,-105,56,84,380,5,7,55
5240,-105,57,84,380,4,11,56
5240,-105,55,84,380,7,11,56
5240,-105,60,84,380,5,10,55
5240,-105,45,84,380,5,10,56
5240,-105,42,84,380,6,9,55
5240,-105,54,84,380,3,10,56
5240,-105,43,84,380,4,8,54
5240,-105,54,84,380,4,10,55
5240,-105,48,84,380,3,9,55
5240,-105,63,84,380,4,10,56
5240,-105,57,84,380,5,9,55
5240,-105,48,84,380,5,10,56
5240,-105,58,84,380,6,10,56
5240,-105,47,84,380,5,10,56
5240,-105,60,84,380,5,9,55
5240,-105,53,84,380,5,8,55
5240,-105,47,84,380,5,2,55
5240,-105,55,84,380,6,4,56
5240,-105,46,84,380,5,10,56
5240,-105,40,84,380,5,9,55
5240,-105,53,84,380,5,10,55
5240,-105,56,84,380,5,2,56
5240,-105,34,84,379,5,8,54
5240,-105,58,84,379,5,8,55
5240,-105,61,87,377,5,9,58
5240,-105,46,87,377,4,7,58
5240,-105,54,87,377,5,8,58
5240,-105,56,87,377,6,9,58
5240,-105,68,87,377,6,10,58
5240,-105,49,87,377,4,11,59
5240,-105,55,87,377,5,8,59
5240,-105,56,86,377,5,8,57
5240,-105,52,87,377,5,8,58
5240,-105,41,87,377,5,9,58
5240,-105,47,86,378,6,2,57
5240,-105,34,87,377,3,8,57
5240,-105,41,86,377,5,9,57
5240,-105,54,87,377,4,10,58
5240,-105,43,86,377,5,10,57
5240,-105,56,87,377,5,9,58
5240,-105,56,87,377,4,7,58
5240,-105,60,87,377,4,11,59
5240,-105,44,86,378,5,8,57
5240,-105,47,87,377,5,11,58
5240,-105,67,87,377,5,11,59
5240,-105,56,87,377,5,9,58
5240,-105,41,89,375,5,9,60
5240,-105,75,90,374,5,9,61
5240,-105,47,86,377,5,9,57
5240,-105,81,89,375,5,8,60
5240,-105,46,87,377,6,8,57
5240,-105,39,88,375,4,7,58
5240,-105,41,86,378,6,8,57
5240,-105,64,88,375,4,8,59
5240,-105,70,88,375,5,7,58
5240,-105,36,86,377,6,9,57
5240,-105,48,80,384,20,13,58
5240,-105,52,75,389,5,10,48
5240,-105,61,75,389,5,11,49
5240,-105,58,75,389,6,10,48
5240,-105,54,75,389,5,7,47
5240,-105,57,75,389,4,11,48
5240,-105,58,75,389,5,9,48
5240,-105,54,75,389,6,4,48
5240,-105,58,75,389,9,2,48
5240,-105,56,71,392,4,8,45
5240,-105,63,78,386,4,9,51
5240,-105,64,78,386,5,11,51
5240,-105,58,78,386,6,10,51
5240,-105,58,78,386,6,9,51
5240,-105,60,87,377,7,10,58
5240,-105,63,84,379,6,5,56
5240,-105,51,78,386,7,7,50
5240,-105,60,78,386,7,10,51
5240,-105,56,78,386,6,11,51
5240,-105,57,78,386,6,9,51
5240,-105,46,78,386,6,11,51
5240,-105,61,78,386,6,9,50
5240,-105,54,78,386,7,10,50
5240,-105,57,78,386,7,9,51
5240,-105,48,78,386,4,9,50
5240,-105,48,87,377,6,9,59
5240,-105,81,84,380,5,11,57
5240,-105,70,84,379,8,9,56
5240,-105,77,84,379,8,10,56
5240,-105,81,84,379,8,9,56
5240,-105,74,84,379,7,9,56
5240,-105,66,84,379,8,8,56
5240,-105,54,84,379,8,10,56
5240,-105,54,84,379,7,9,55
5240,-105,69,84,379,5,9,55
5240,-105,71,84,379,8,10,55
5240,-105,62,84,379,5,10,56
5240,-105,66,84,379,4,10,55
5240,-105,62,78,385,6,10,51
5240,-105,54,78,385,4,9,51
5240,-105,56,78,385,5,10,51
5240,-105,64,78,385,5,9,51
5240,-105,64,78,385,5,13,52
5240,-105,52,78,385,5,11,51
5240,-105,59,78,385,6,10,50
5240,-105,59,78,385,5,13,51
5240,-105,59,78,385,3,10,51
5240,-105,54,78,385,6,7,50
5240,-105,64,84,379,5,9,56
5240,-105,53,84,379,4,9,56
5240,-105,56,84,379,5,8,55
5240,-105,74,84,379,5,9,55
5240,-105,50,84,379,6,10,56
5240,-105,52,84,379,4,8,55
5240,-105,61,84,379,5,10,55
5240,-105,45,84,379,6,9,56
5240,-105,64,84,379,6,9,55
5240,-105,51,87,377,5,10,58
5805,-108,35,87,380,5,8,54
5805,-108,35,87,380,5,9,55
5805,-108,28,87,380,5,9,55
5805,-108,46,87,380,5,7,54
5805,-108,45,87,380,5,9,55
5805,-108,32,87,380,5,11,55
5805,-108,29,87,380,6,9,55
5805,-108,36,87,380,5,9,56
5805,-108,42,87,380,6,9,55
5805,-108,40,87,380,6,10,55
5805,-108,57,87,380,6,10,54
5805,-108,41,87,380,5,9,54
5805,-108,42,87,380,5,11,55
5805,-108,41,87,380,6,9,54
5805,-108,46,87,380,6,10,56
5805,-108,42,87,380,5,10,55
5805,-108,33,87,380,5,9,55
5805,-108,46,87,380,5,9,55
5805,-108,39,87,380,5,11,55
5805,-108,39,87,380,4,7,54
5805,-108,45,87,380,5,8,55
5805,-108,40,87,380,6,9,55
5805,-108,48,87,380,6,10,55
5805,-108,40,87,380,5,9,55
5805,-108,35,87,380,5,8,55
5805,-108,44,87,380,5,9,55
5805,-108,51,87,380,7,9,56
5805,-108,31,87,380,6,8,55
5805,-108,41,87,380,5,9,54
5805,-108,46,87,380,6,8,55
5805,-108,47,87,380,6,9,56
5805,-108,49,87,380,6,12,55
5805,-108,48,87,380,5,9,55
5805,-108,34,87,380,6,11,55
5805,-108,42,87,380,6,9,55
5805,-108,47,87,380,6,9,55
5805,-108,43,87,380,4,9,55
5805,-108,52,87,380,5,11,56
5805,-108,35,87,380,7,8,54
5805,-108,37,87,380,4,9,55
5805,-108,51,87,380,5,9,55
5805,-108,43,87,380,6,10,55
5805,-108,42,87,380,5,8,55
5805,-108,53,87,380,6,9,55
5805,-108,40,87,380,5,9,55
5805,-108,45,87,380,6,10,55
5805,-108,46,87,380,4,9,54
5805,-108,47,87,380,4,10,55
5805,-108,42,87,380,5,9,55
5805,-108,41,87,380,4,8,54
5805,-108,32,87,380,5,10,54
5805,-108,56,87,380,6,10,54
5805,-108,41,87,380,5,9,55
5805,-108,37,87,380,5,9,54
5805,-108,33,87,380,5,8,55
5805,-108,54,87,380,6,9,54
5805,-108,31,87,380,6,9,55
5805,-108,40,87,380,6,9,55
5805,-108,45,87,380,5,8,55
5805,-108,51,87,380,7,8,54
5805,-108,40,87,380,6,11,56
5805,-108,29,87,380,5,9,55
5805,-108,54,87,380,5,10,56
5805,-108,40,87,380,4,9,55
5805,-108,37,87,380,5,9,55
5805,-108,44,87,380,6,9,56
5805,-108,39,87,380,4,8,55
5805,-108,40,87,380,6,9,54
5805,-108,41,87,380,5,9,54
5805,-108,33,87,380,4,8,54
5805,-108,44,87,380,6,8,55
5805,-108,38,87,380,5,10,56
5805,-108,42,87,380,6,10,55
5805,-108,35,87,380,5,9,54
5805,-108,48,87,380,4,10,55
5805,-108,44,87,380,6,9,55
5805,-108,34,87,380,5,9,54
5805,-108,37,87,380,6,8,54
5805,-108,43,87,380,5,9,54
5805,-108,34,87,380,6,9,55
5805,-108,34,87,380,6,7,54
5805,-108,40,87,380,6,8,55
5805,-108,44,87,380,5,9,54
5805,-108,35,87,380,8,9,55
5805,-108,63,87,380,4,11,56
5805,-108,36,87,380,5,11,55
5805,-108,33,87,380,6,9,56
5805,-108,36,87,380,5,9,54
5805,-108,33,87,380,5,9,54
5805,-108,45,87,380,6,10,55
5805,-108,35,87,380,6,9,55
5805,-108,44,87,380,5,9,55
5805,-108,49,87,380,6,10,55
5805,-108,34,87,380,6,9,55
5805,-108,36,87,380,6,9,55
5805,-108,38,87,380,7,6,54
5805,-108,29,87,380,5,9,55
5805,-108,37,87,380,5,8,54
5805,-108,47,87,380,5,10,55
5805,-108,48,87,380,5,10,55
5805,-108,36,87,380,4,12,56
5805,-108,38,87,380,6,9,55
5805,-108,36,87,380,5,9,55
5805,-108,41,87,380,5,10,56
5805,-108,45,87,380,4,9,55
5805,-108,36,87,380,7,9,55
5805,-108,40,87,380,5,10,55
5805,-108,45,87,380,5,11,56
5805,-108,31,87,380,5,10,55
5805,-108,43,87,380,5,11,56
5805,-108,48,87,380,5,9,55
5805,-108,38,87,380,5,10,54
5805,-108,52,87,380,4,9,55
5805,-108,45,87,380,7,8,54
5805,-108,35,87,380,6,11,54
5805,-108,36,87,380,5,8,55
5805,-108,37,87,380,6,10,54
5805,-108,37,87,380,5,9,54
5805,-108,40,87,380,5,10,55
5805,-108,35,87,380,5,9,53
5805,-108,37,87,380,5,10,55
5805,-108,39,87,380,5,10,55
5805,-108,30,87,380,7,10,55
5805,-108,42,87,380,5,8,55
5805,-108,52,87,380,6,10,56
5805,-108,39,87,380,6,10,55
5805,-108,35,87,380,4,10,55
5805,-108,33,87,380,5,8,54
5805,-108,38,87,380,5,10,55
5805,-108,52,87,380,6,10,55
5805,-108,39,87,380,6,10,56
5805,-108,47,87,380,6,9,55
5805,-108,35,87,380,5,10,55
5805,-108,40,87,380,5,9,56
5805,-108,38,87,380,6,9,55
5805,-108,38,87,380,7,9,55
5805,-108,36,87,380,5,10,56
5805,-108,39,87,380,6,9,54
5805,-108,40,87,380,6,11,55
5805,-108,42,87,380,4,10,55
5805,-108,46,87,380,5,10,56
5805,-108,42,87,380,5,11,55
5805,-108,45,87,380,4,10,55
5805,-108,54,87,380,6,11,55
5805,-108,31,87,380,5,8,54
5805,-108,44,87,380,6,10,56
5805,-108,37,87,380,6,9,55
5805,-108,46,87,380,4,9,55
5805,-108,50,87,380,6,10,55
5805,-108,31,87,380,6,9,54
5805,-108,27,87,380,6,9,54
5805,-108,50,87,380,5,10,55
5805,-108,40,87,380,5,8,55
5805,-108,39,87,380,5,9,55
5805,-108,41,87,380,6,10,56
5805,-108,37,87,380,5,11,56
5805,-108,48,87,380,5,7,54
5805,-108,34,87,380,6,9,55
5805,-108,39,87,380,6,11,56
5805,-108,42,87,380,5,11,56
5805,-108,50,87,380,6,11,55
5805,-108,29,87,380,6,8,54
5805,-108,43,87,380,5,9,54
5805,-108,41,87,380,6,10,54
5805,-108,57,87,380,6,9,55
5805,-108,49,87,380,6,8,54
5805,-108,33,87,380,6,9,55
5805,-108,41,87,380,5,10,55
5805,-108,46,87,380,5,9,55
5805,-108,26,87,380,6,9,54
5805,-108,33,87,380,4,11,56
5805,-108,40,87,380,5,9,55
5805,-108,44,87,380,5,9,55
5805,-108,51,87,380,6,9,55
5805,-108,39,87,380,3,10,55
5805,-108,40,87,380,5,9,54
5805,-108,42,87,380,7,10,54
5805,-108,54,87,380,5,10,55
5805,-108,39,87,380,7,9,55
5805,-108,41,87,380,4,9,55
5805,-108,40,87,380,5,8,55
5805,-108,48,87,380,6,9,54
5805,-108,28,87,380,5,8,54
5805,-108,55,87,380,5,8,55
5805,-108,37,87,380,6,12,56
5805,-108,39,87,380,6,8,55
5805,-108,51,87,380,5,9,56
5805,-108,43,87,380,6,9,55
5805,-108,63,87,380,6,8,54
5805,-108,42,87,380,4,9,55
5805,-108,34,87,380,4,10,55
5805,-108,38,87,380,5,9,55
5805,-108,54,87,380,6,11,56
5805,-108,44,87,380,5,10,56
5805,-108,47,87,380,4,11,56
5805,-108,29,87,380,6,9,55
5805,-108,42,87,380,5,8,54
5805,-108,38,87,380,7,9,55
5805,-108,39,87,380,6,11,55
5805,-108,45,87,380,5,10,55
5805,-108,55,87,380,6,10,55
5805,-108,44,87,380,5,8,55
5805,-108,46,87,380,5,11,56
5805,-108,40,87,380,5,9,55
5805,-108,41,87,380,6,8,55
5805,-108,42,87,380,5,10,55
5805,-108,44,87,380,5,9,54
5805,-108,70,87,380,5,9,55
5805,-108,32,87,380,5,9,55
5805,-108,38,87,380,5,9,55
5805,-108,42,87,380,5,8,54
5805,-108,34,87,380,6,10,55
5805,-108,51,87,380,6,9,55
5805,-108,58,87,380,4,9,55
5805,-108,33,87,380,6,11,54
5805,-108,52,87,380,6,8,54
5805,-108,42,87,380,5,9,55
5805,-108,48,87,380,5,8,56
5805,-108,35,87,380,6,8,55
5805,-108,48,87,380,5,10,55
5805,-108,34,87,380,4,8,55
5805,-108,49,87,380,6,11,55
5805,-108,50,87,380,5,9,55
5805,-108,37,87,380,5,10,55
5805,-108,48,87,380,7,10,55
5805,-108,48,87,380,5,9,55
5805,-108,32,87,380,5,9,55
5805,-108,29,87,380,5,8,54
5805,-108,33,87,380,5,9,55
5805,-108,36,87,380,7,10,55
5805,-108,40,87,380,5,10,55
5805,-108,41,87,380,6,10,55
5805,-108,50,87,380,5,9,55
5805,-108,32,87,380,5,10,55
5805,-108,29,87,380,5,9,54
5805,-108,51,87,380,5,11,56
5805,-108,39,87,380,6,9,55
5805,-108,51,87,380,6,9,55
5805,-108,29,87,380,7,9,55
5805,-108,47,87,380,5,10,55
5805,-108,34,87,380,6,9,54
5805,-108,34,87,380,6,10,56
5805,-108,36,87,380,5,9,56
5805,-108,28,87,380,5,10,55
5805,-108,58,87,380,5,10,55
5805,-108,52,87,380,6,9,55
5805,-108,41,87,380,5,11,55
5805,-108,34,87,380,4,10,55
5805,-108,36,87,380,6,9,56
5805,-108,40,87,380,5,10,56
5805,-108,48,87,380,5,8,54
5805,-108,37,87,380,4,11,56
5805,-108,38,87,380,4,10,55
5805,-108,49,87,380,5,8,54
5805,-108,43,87,380,4,9,54
5805,-108,50,87,380,5,11,56
5805,-108,45,87,380,6,9,55
5805,-108,51,87,380,6,8,55
5805,-108,40,87,380,6,11,55
5805,-108,41,87,380,5,9,54
5805,-108,41,87,380,6,10,55
5805,-108,37,87,380,6,8,54
5805,-108,40,87,380,4,9,55
5805,-108,40,87,380,6,9,55
5805,-108,46,87,380,6,9,54
5805,-108,53,87,380,5,10,56
5805,-108,30,87,380,6,8,54
5805,-108,40,87,380,5,9,55
5805,-108,36,87,380,5,10,55
5805,-108,37,87,380,7,9,54
5805,-108,41,87,380,6,9,54
5805,-108,43,87,380,6,8,55
5805,-108,32,87,380,6,9,55
5805,-108,36,87,380,5,9,55
5805,-108,48,87,380,5,9,55
5805,-108,35,87,380,6,8,54
5805,-108,43,87,380,5,10,56
5805,-108,45,87,380,6,10,56
5805,-108,42,87,380,5,10,55
5805,-108,42,87,380,5,9,54
5805,-108,50,87,380,5,11,56
5805,-108,51,87,380,6,9,56
5805,-108,45,87,380,5,8,54
5805,-108,36,87,380,4,9,55
5805,-108,45,87,380,6,8,54
5805,-108,34,87,380,5,11,55
5805,-108,32,87,380,5,10,56
5805,-108,41,87,380,6,10,55
5805,-108,37,87,380,6,9,54
5805,-108,26,87,380,5,10,55
5805,-108,37,87,380,6,10,55
5805,-108,39,87,380,5,10,55
5805,-108,47,87,380,5,9,55
5805,-108,45,87,380,5,8,54
5805,-108,45,87,380,6,10,55
5805,-108,36,87,380,5,7,54
5805,-108,35,87,380,6,9,55
5805,-108,51,87,380,5,10,55
5805,-108,43,87,380,5,11,56
5805,-108,49,87,380,5,10,56
5805,-108,47,87,380,5,10,55
5805,-108,63,87,380,5,9,55
5805,-108,46,87,380,5,8,54
5805,-108,40,87,380,5,10,56
5805,-108,37,87,380,5,10,56
5805,-108,50,87,380,5,8,55
5805,-108,43,87,380,6,9,54
5805,-108,29,87,380,5,8,54
5805,-108,39,87,380,6,8,54
5805,-108,31,87,380,6,9,54
5805,-108,37,87,380,5,10,54
5805,-108,34,87,380,4,11,55
5805,-108,49,87,380,5,8,54
5805,-108,28,87,380,6,10,54
5805,-108,41,87,380,6,10,56
5805,-108,36,87,380,6,9,55
5805,-108,45,87,380,6,9,55
5805,-108,30,87,380,5,9,54
5805,-108,47,87,380,5,9,55
5805,-108,30,87,380,4,10,55
5805,-108,36,87,380,6,8,55
5805,-108,36,87,380,6,9,55
5805,-108,53,87,380,5,10,56
5805,-108,37,87,380,5,11,56
5805,-108,56,87,380,6,8,55
5805,-108,45,87,380,5,10,55
5805,-108,34,87,380,6,7,55
5805,-108,47,87,380,5,9,54
5805,-108,48,87,380,5,10,55
5805,-108,40,87,380,6,10,55
5805,-108,40,87,380,4,9,55
5805,-108,38,87,380,4,9,55
5805,-108,32,87,380,5,9,56
5805,-108,40,87,380,6,9,54
5805,-108,54,87,380,5,9,55
5805,-108,31,87,380,7,10,55
5805,-108,44,87,380,6,9,55
5805,-108,35,87,380,5,10,55
5805,-108,45,87,380,4,9,55
5805,-108,39,87,380,6,9,55
5805,-108,34,87,380,6,9,54
5805,-108,58,87,380,5,10,56
5805,-108,26,87,380,5,9,55
5805,-108,47,87,380,5,9,55
5805,-108,40,87,380,5,9,55
5805,-108,41,87,380,5,8,55
5805,-108,44,87,380,5,8,54
5805,-108,37,87,380,7,9,55
5805,-108,60,87,380,4,10,57
5805,-108,47,87,380,6,9,55
5805,-108,39,87,380,6,11,56
5805,-108,30,87,380,7,12,56
5805,-108,36,87,380,4,9,54
5805,-108,47,87,380,6,8,54
5805,-108,45,87,380,5,9,54
5805,-108,50,87,380,6,11,56
5805,-108,49,87,380,6,10,55
5805,-108,50,87,380,4,7,55
5805,-108,43,87,380,5,9,55
5805,-108,35,87,380,5,12,56
5805,-108,41,87,380,6,9,55
5805,-108,39,87,380,5,8,54
5805,-108,45,87,380,5,9,55
5805,-108,48,87,380,5,8,54
5805,-108,58,87,380,5,8,55
5805,-108,60,87,380,7,10,55
5805,-108,36,87,380,6,8,55
5805,-108,39,87,380,6,10,55
5805,-108,33,87,380,5,8,54
5805,-108,32,87,380,5,9,55
5805,-108,53,87,380,5,9,55
5805,-108,47,87,380,5,10,55
5805,-108,43,87,380,6,11,56
5805,-108,45,87,380,6,10,55
5805,-108,31,87,380,6,9,54
5805,-108,43,87,380,6,9,55
5805,-108,46,87,380,6,8,54
5805,-108,41,87,380,6,9,55
5805,-108,35,87,380,5,9,54
5805,-108,46,87,380,6,10,55
5805,-108,39,87,380,6,10,55
5805,-108,36,87,380,5,9,55
5805,-108,67,87,380,6,10,55
5805,-108,48,87,380,5,9,55
5805,-108,44,87,380,6,9,55
5805,-108,35,87,380,5,10,55
5805,-108,57,87,380,5,9,56
5805,-108,51,87,380,4,8,55
5805,-108,39,87,380,4,10,56
5805,-108,49,87,380,7,9,55
5805,-108,44,87,380,6,10,55
5805,-108,49,87,380,5,11,56
5805,-108,43,87,380,5,10,54
5805,-108,37,87,380,5,10,55
5805,-108,50,87,380,5,10,56
5805,-108,45,87,380,5,8,54
5805,-108,49,87,380,6,10,55
5805,-108,50,87,380,5,8,55
5805,-108,46,87,380,6,10,56
5805,-108,33,87,380,5,9,55
5805,-108,42,87,380,7,7,54
5805,-108,38,87,380,4,11,55
5805,-108,39,87,380,5,9,55
5805,-108,37,87,380,6,9,54
5805,-108,61,87,380,4,8,55
5805,-108,40,87,380,6,8,55
5805,-108,47,87,380,5,10,56
5805,-108,32,87,380,3,12,56
5805,-108,40,87,380,6,9,55
5805,-108,34,87,380,5,10,55
5805,-108,35,87,380,6,9,54
5805,-108,37,87,380,5,8,54
5805,-108,43,87,380,5,8,54
5805,-108,39,87,380,6,10,56
5805,-108,46,87,380,4,10,55
5805,-108,33,87,380,5,9,55
5805,-108,36,87,380,4,9,56
5805,-108,30,87,380,5,10,55
5805,-108,28,87,380,5,9,54
5805,-108,44,87,380,4,8,54
5805,-108,32,87,380,5,11,55
5805,-108,30,87,380,6,8,55
5805,-108,45,87,380,6,9,55
5805,-108,49,87,380,4,9,55
5805,-108,39,87,380,5,9,54
5805,-108,38,87,380,6,10,55
5805,-108,39,87,380,6,8,55
5805,-108,35,87,380,4,7,54
5805,-108,46,87,380,5,8,54
5805,-108,43,87,380,5,10,55
5805,-108,46,87,380,5,10,55
5805,-108,38,87,380,3,11,56
5805,-108,39,87,380,5,10,55
5805,-108,40,87,380,5,10,55
5805,-108,47,87,380,6,10,56
5805,-108,41,87,380,5,10,56
5805,-108,36,87,380,6,10,55
5805,-108,49,87,380,6,9,56
5805,-108,31,87,380,6,9,54
5805,-108,40,87,380,6,10,55
5805,-108,32,87,380,6,11,55
5805,-108,39,87,380,6,9,54
5805,-108,47,87,380,6,8,56
5805,-108,46,87,380,6,9,55
5805,-108,45,87,380,5,10,54
5805,-108,39,87,380,5,10,55
5805,-108,46,87,380,7,9,55
5805,-108,42,87,380,6,11,56
5805,-108,41,87,380,7,8,54
5805,-108,36,87,380,5,10,55
5805,-108,37,87,380,6,9,55
5805,-108,50,87,380,5,11,54
5805,-108,38,87,380,5,10,55
5805,-108,39,87,380,4,9,55
5805,-108,33,87,380,5,8,55
5805,-108,44,87,380,7,10,55
5805,-108,45,87,380,5,7,54
5805,-108,34,87,380,4,10,55
5805,-108,53,87,380,6,10,55
5805,-108,52,87,380,4,10,55
5805,-108,37,87,380,6,9,55
5805,-108,35,87,380,6,8,54
5805,-108,55,87,380,6,10,55
5805,-108,34,87,380,6,9,55
5805,-108,38,87,380,7,9,56
5805,-108,48,87,380,6,9,55
5805,-108,34,87,380,5,9,55
5805,-108,30,87,380,5,9,56
5805,-108,39,87,380,5,8,55
5805,-108,35,87,380,6,10,55
5805,-108,48,87,380,6,10,55
5805,-108,55,87,380,5,9,54
5805,-108,39,87,380,6,10,55
5805,-108,41,87,380,4,11,56
5805,-108,56,87,380,6,9,55
5805,-108,43,87,380,5,9,55
5805,-108,33,87,380,5,8,54
5805,-108,38,87,380,5,9,55
5805,-108,36,87,380,7,9,55
5805,-108,33,87,380,6,9,54
5805,-108,50,87,380,6,9,55
5805,-108,49,87,380,5,9,55
5805,-108,43,87,380,5,10,56
5805,-108,41,87,380,5,10,55
5805,-108,37,87,380,5,9,54
5805,-108,57,87,380,6,9,55
5805,-108,43,87,380,6,9,55
5805,-108,44,87,380,5,11,56
5805,-108,28,87,380,6,9,54
5805,-108,41,87,380,5,9,55
5805,-108,48,87,380,4,10,55
5805,-108,39,87,380,5,9,55
5805,-108,47,87,380,6,9,54
5805,-108,30,87,380,5,9,54
5805,-108,56,87,380,5,10,55
5805,-108,40,87,380,6,10,55
5805,-108,28,87,380,3,11,55
5805,-108,37,87,380,5,10,55
5805,-108,21,87,380,7,8,54
5805,-108,37,87,380,6,7,53
5805,-108,36,87,380,3,10,54
5805,-108,29,87,380,4,9,54
5805,-108,35,87,380,5,10,55
5805,-108,39,87,380,5,11,56
5805,-108,40,87,380,5,8,54
5805,-108,48,87,380,5,9,55
5805,-108,48,87,380,4,11,56
5805,-108,47,87,380,4,7,54
5805,-108,37,87,380,6,10,55
5805,-108,40,87,380,7,8,54
5805,-108,42,87,380,5,10,54
5805,-108,36,87,380,5,8,55
5805,-108,44,87,380,5,9,55
5805,-108,31,87,380,6,9,54
5805,-108,53,87,380,6,9,55
5805,-108,44,87,380,6,10,55
5805,-108,34,87,380,5,9,54
5805,-108,44,87,380,5,8,55
5805,-108,52,87,380,5,10,55
5805,-108,31,87,380,5,9,54
5805,-108,43,87,380,5,9,55
5805,-108,42,87,380,6,8,54
5805,-108,36,87,380,6,10,55
5805,-108,40,87,380,5,10,56
5805,-108,47,87,380,6,10,56
5805,-108,35,87,380,6,10,56
5805,-108,41,87,380,5,9,54
5805,-108,36,87,380,7,10,55
5805,-108,30,87,380,5,10,55
5805,-108,38,87,380,6,9,55
5805,-108,34,87,380,6,10,55
5805,-108,34,87,380,6,10,55
5805,-108,51,87,380,6,8,55
5805,-108,46,87,380,5,10,56
5805,-108,55,87,380,6,9,55
5805,-108,42,87,380,6,10,56
5805,-108,53,87,380,5,9,55
5805,-108,61,87,380,6,10,56
5805,-108,55,87,380,5,9,56
5805,-108,48,87,380,6,9,54
5805,-108,51,87,380,6,7,54
5805,-108,54,87,380,4,10,56
5805,-108,49,87,380,5,10,55
5805,-108,39,87,380,5,10,56
5805,-108,33,87,380,5,9,54
5805,-108,43,87,380,5,10,55
5805,-108,31,87,380,5,10,55
5805,-108,28,87,380,5,9,55
5805,-108,50,87,380,5,11,55
5805,-108,64,87,380,5,9,54
5805,-108,47,87,380,4,9,55
5805,-108,36,87,380,5,10,55
5805,-108,49,87,380,5,9,55
5805,-108,39,87,380,5,10,56
5805,-108,45,87,380,6,10,55
5805,-108,42,87,380,5,8,54
5805,-108,38,87,380,6,10,55
5805,-108,47,87,380,7,10,56
5805,-108,44,87,380,6,9,55
5805,-108,49,87,380,6,9,56
5805,-108,46,87,380,6,7,54
5805,-108,45,87,380,6,9,55
5805,-108,37,87,380,5,10,55
5805,-108,45,87,380,5,9,55
5805,-108,35,87,380,4,10,55
5805,-108,47,87,380,5,9,55
5805,-108,48,87,380,5,9,55
5805,-108,40,87,380,5,9,55
5805,-108,36,87,380,5,10,55
5805,-108,51,87,380,5,8,54
5805,-108,33,87,380,5,9,55
5805,-108,57,87,380,6,11,56
5805,-108,56,87,380,8,8,55
5805,-108,45,87,380,4,9,55
5805,-108,49,87,380,5,10,54
5805,-108,42,87,380,5,9,54
5805,-108,35,87,380,6,9,55
5805,-108,51,87,380,5,9,54
5805,-108,43,87,380,5,10,56
5805,-108,33,87,380,4,10,55
5805,-108,47,87,380,5,9,54
5805,-108,37,87,380,5,8,54
5805,-108,46,87,380,5,9,55
5805,-108,43,87,380,5,10,56
5805,-108,40,87,380,5,9,56
5805,-108,42,87,380,5,9,55
5805,-108,40,87,380,5,10,56
5805,-108,34,87,380,6,9,56
5805,-108,43,87,380,6,9,55
5805,-108,44,87,380,4,9,55
5805,-108,51,87,380,6,10,55
5805,-108,35,87,380,5,9,55
5805,-108,48,87,380,6,9,54
5805,-108,42,87,380,5,8,54
5805,-108,26,87,380,5,10,55
5805,-108,55,87,380,5,7,54
5805,-108,38,87,380,4,8,55
5805,-108,44,87,380,4,13,57
5805,-108,25,87,380,5,9,54
5805,-108,39,87,380,4,10,55
5805,-108,38,87,380,4,10,55
5805,-108,48,87,380,5,9,55
5805,-108,47,87,380,5,9,55
5805,-108,38,87,380,6,8,55
5805,-108,34,87,380,4,7,54
5805,-108,53,87,380,6,7,55
5805,-108,52,87,380,5,9,54
5805,-108,50,87,380,6,10,55
5805,-108,43,87,380,6,9,55
5805,-108,36,87,380,5,8,54
5805,-108,25,87,380,5,10,53
5805,-108,34,87,380,7,10,55
5805,-108,43,87,380,5,9,54
5805,-108,52,87,380,6,9,55
5805,-108,48,87,380,5,9,55
5805,-108,39,87,380,6,8,55
5805,-108,35,87,380,5,10,55
5805,-108,48,87,380,4,8,55
5805,-108,36,87,380,6,9,53
5805,-108,53,87,380,6,9,56
5805,-108,40,87,380,5,9,54
5805,-108,21,87,380,5,8,53
5805,-108,40,87,380,5,9,54
5805,-108,35,87,380,6,10,55
5805,-108,39,87,380,5,10,55
5805,-108,47,87,380,6,9,55
5805,-108,36,87,380,6,11,54
5805,-108,44,87,380,5,9,55
5805,-108,54,87,380,4,10,56
5805,-108,38,87,380,5,10,54
5805,-108,48,87,380,4,7,54
5805,-108,25,87,380,6,9,54
5805,-108,32,87,380,5,9,55
5805,-108,40,87,380,4,9,55
5805,-108,48,87,380,6,12,55
5805,-108,56,87,380,4,11,56
5805,-108,45,87,380,5,8,56
5805,-108,36,87,380,4,9,55
5805,-108,30,87,380,4,10,55
5805,-108,45,87,380,6,11,55
5805,-108,40,87,380,4,9,54
5805,-108,57,87,380,5,9,54
5805,-108,40,87,380,5,9,55
5805,-108,29,87,380,5,10,55
5805,-108,33,87,380,6,9,54
5805,-108,38,87,380,6,10,55
5805,-108,28,87,380,6,8,55
5805,-108,40,87,380,6,9,55
5805,-108,41,87,380,5,9,56
5805,-108,40,87,380,5,10,55
5805,-108,32,87,380,6,9,55
5805,-108,33,87,380,3,11,55
5805,-108,56,87,380,6,10,55
5805,-108,41,87,380,6,7,54
5805,-108,45,87,380,6,9,55
5805,-108,36,87,380,6,9,54
5805,-108,39,87,380,5,9,54
5805,-108,44,87,380,5,11,55
5805,-108,45,87,380,6,10,56
5805,-108,29,87,380,7,9,55
5805,-108,39,87,380,6,9,55
5805,-108,41,87,380,5,10,55
5805,-108,40,87,380,5,10,56
5805,-108,38,87,380,5,10,56
5805,-108,38,87,380,7,11,55
5805,-108,38,87,380,4,10,55
5805,-108,32,87,380,5,10,55
5805,-108,44,87,380,6,9,55
5805,-108,33,87,380,5,9,55
5805,-108,28,87,380,6,10,55
5805,-108,26,87,380,5,9,55
5805,-108,31,87,380,5,9,55
5805,-108,40,87,380,6,10,56
5805,-108,41,87,380,5,8,54
5805,-108,30,87,380,5,8,54
5805,-108,44,87,380,5,9,54
5805,-108,43,87,380,5,8,56
5805,-108,41,87,380,6,10,55
5805,-108,28,87,380,7,10,55
5805,-108,26,87,380,6,10,55
5805,-108,42,87,380,5,9,55
5805,-108,42,87,380,5,10,55
5805,-108,27,87,380,4,8,55
5805,-108,36,87,380,6,10,55
5805,-108,41,87,380,4,8,56
5805,-108,49,87,380,5,8,54
5805,-108,60,87,380,6,9,54
5805,-108,50,87,380,5,9,55
5805,-108,41,87,380,6,10,56
5805,-108,43,87,380,5,12,56
5805,-108,46,87,380,6,10,55
5805,-108,37,87,380,6,9,55
5805,-108,38,87,380,6,11,55
5805,-108,29,87,380,6,7,54
5805,-108,36,87,380,6,11,55
5805,-108,39,87,380,6,9,54
5805,-108,34,87,380,5,8,55
5805,-108,31,87,380,5,10,55
5805,-108,47,87,380,6,9,55
5805,-108,26,87,380,5,8,53
5805,-108,44,87,380,6,9,54
5805,-108,43,87,380,6,9,55
5805,-108,37,87,380,5,8,54
5805,-108,26,87,380,6,10,54
5805,-108,38,87,380,7,8,54
5805,-108,45,87,380,4,10,55
5805,-108,35,87,380,6,8,54
5805,-108,47,87,380,7,8,55
5805,-108,38,87,380,5,9,55
5805,-108,39,87,380,5,9,55
5805,-108,35,87,380,5,10,54
5805,-108,49,87,380,5,10,56
5805,-108,34,87,380,5,10,55
5805,-108,45,87,380,5,9,55
5805,-108,36,87,380,6,11,55
5805,-108,36,87,380,5,10,55
5805,-108,33,87,380,6,9,54
5805,-108,46,87,380,5,9,55
5805,-108,42,87,380,5,10,56
5805,-108,37,87,380,4,10,55
5805,-108,34,87,380,6,9,56
5805,-108,26,87,380,5,9,55
5805,-108,50,87,380,5,9,55
5805,-108,42,87,380,4,8,55
5805,-108,44,87,380,7,9,54
5805,-108,41,87,380,5,8,56
5805,-108,42,87,380,5,9,54
5805,-108,38,87,380,5,8,55
5805,-108,34,87,380,5,10,54
5805,-108,44,87,380,6,10,56
5805,-108,44,87,380,4,9,55
5805,-108,33,87,380,6,10,55
5805,-108,38,87,380,5,10,55
5805,-108,42,87,380,5,10,55
5805,-108,44,87,380,5,11,56
5805,-108,45,87,380,5,9,55
5805,-108,39,87,380,5,10,55
5805,-108,30,87,380,6,8,53
5805,-108,48,87,380,6,9,54
5805,-108,37,87,380,4,9,54
5805,-108,56,87,380,4,11,55
5805,-108,39,87,380,5,8,54
5805,-108,27,87,380,4,10,55
5805,-108,41,87,380,6,9,54
5805,-108,44,87,380,6,10,55
5805,-108,50,87,380,7,9,55
5805,-108,43,87,380,5,10,54
5805,-108,47,87,380,5,8,54
5805,-108,53,87,380,6,10,55
5805,-108,39,87,380,4,9,56
5805,-108,41,87,380,6,10,55
5805,-108,50,87,380,4,10,55
5805,-108,31,87,380,5,10,56
5805,-108,42,87,380,6,8,54
5805,-108,47,87,380,6,9,55
5805,-108,28,87,380,6,10,56
5805,-108,46,87,380,5,12,55
5805,-108,50,87,380,5,9,55
5805,-108,45,87,380,5,10,55
5805,-108,34,87,380,4,9,55
5805,-108,39,87,380,5,7,54
5805,-108,41,87,380,6,9,54
5805,-108,55,87,380,6,8,54
5805,-108,38,87,380,5,10,56
5805,-108,40,87,380,4,11,56
5805,-108,50,87,380,4,9,55
5805,-108,38,87,380,5,8,54
5805,-108,45,87,380,4,9,55
5805,-108,33,87,380,4,9,55
5805,-108,54,87,380,5,13,56
5805,-108,32,87,380,5,9,54
5805,-108,40,87,380,4,10,55
5805,-108,42,87,380,5,8,55
5805,-108,44,87,380,4,8,54
5805,-108,49,87,380,6,11,55
5805,-108,42,87,380,6,9,55
5805,-108,50,87,380,6,8,54
5805,-108,46,87,380,5,9,55
5805,-108,37,87,380,6,10,55
5805,-108,38,87,380,5,9,55
5805,-108,44,87,380,4,9,55
5805,-108,43,87,380,6,8,55
5805,-108,57,87,380,3,8,54
5805,-108,44,87,380,4,10,56
5805,-108,47,87,380,6,8,54
5805,-108,39,87,380,6,8,54
5805,-108,44,87,380,4,9,55
5805,-108,47,87,380,5,8,54
5805,-108,52,87,380,5,9,55
5805,-108,36,87,380,5,8,54
5805,-108,53,87,380,6,9,55
5805,-108,55,87,380,5,9,55
5805,-108,44,87,380,5,9,54
5805,-108,58,87,380,6,9,54
5805,-108,46,87,380,4,10,55
5805,-108,43,87,380,4,10,55
5805,-108,54,87,380,6,9,55
5805,-108,42,87,380,5,10,55
5805,-108,44,87,380,6,7,55
5805,-108,55,87,380,7,10,55
5805,-108,44,87,380,6,8,54
5805,-108,55,87,380,6,10,56
5805,-108,56,87,380,6,10,55
5805,-108,35,87,380,5,10,55
5805,-108,47,87,380,6,10,55
5805,-108,49,87,380,7,9,55
5805,-108,43,87,380,5,10,56
5805,-108,45,87,380,5,8,54
5805,-108,59,87,380,5,9,56
5805,-108,35,87,380,6,10,55
5805,-108,30,87,380,5,8,54
5805,-108,32,87,380,6,8,54
5805,-108,51,87,380,6,10,56
5805,-108,22,87,380,6,9,54
5805,-108,31,87,380,6,10,55
5805,-108,52,87,380,4,9,55
5805,-108,46,87,380,6,13,56
5805,-108,45,87,380,5,8,54
5805,-108,33,87,380,6,10,55
5805,-108,48,87,380,5,10,55
5805,-108,35,87,380,6,11,56
5805,-108,41,87,380,5,10,55
5805,-108,39,87,380,7,9,55
5805,-108,38,87,380,5,9,56
5805,-108,40,87,380,4,10,55
5805,-108,48,87,380,5,9,55
5805,-108,41,87,380,5,10,56
5805,-108,51,87,380,5,9,55
5805,-108,41,87,380,6,10,56
5805,-108,31,87,380,5,10,56
5805,-108,37,87,380,5,8,54
5805,-108,33,87,380,6,8,54
5805,-108,30,87,380,5,8,55
5805,-108,41,87,380,6,11,55
5805,-108,40,87,380,5,7,55
5805,-108,42,87,380,5,10,55
5805,-108,41,87,380,6,9,54
5805,-108,52,87,380,6,10,55
5805,-108,55,87,380,4,10,55
5805,-108,51,87,380,6,10,56
5805,-108,43,87,380,6,10,55
5805,-108,50,87,380,6,9,55
5805,-108,45,87,380,5,9,55
5805,-108,43,87,380,5,9,54
5805,-108,30,87,380,4,10,55
5805,-108,34,87,380,5,10,55
5805,-108,28,87,380,6,8,53
5805,-108,21,87,380,5,10,54
5805,-108,52,87,380,6,9,55
5805,-108,44,87,380,5,9,55
5805,-108,44,87,380,6,9,55
5805,-108,35,87,380,4,10,55
5805,-108,43,87,380,5,9,55
5805,-108,36,87,380,5,8,54
5805,-108,40,87,380,6,11,55
5805,-108,45,87,380,5,9,54
5805,-108,31,87,380,5,9,55
5805,-108,43,87,380,6,9,55
5805,-108,39,87,380,5,10,56
5805,-108,43,87,380,7,10,55
5805,-108,39,87,380,5,10,55
5805,-108,39,87,380,5,10,55
5805,-108,41,87,380,5,8,55
5805,-108,46,87,380,6,11,57
5805,-108,41,87,380,6,7,54
5805,-108,39,87,380,6,9,56
5805,-108,41,87,380,5,8,54
5805,-108,46,87,380,7,10,55
5805,-108,51,87,380,6,9,55
5805,-108,42,87,380,5,10,54
5805,-108,47,87,380,5,8,55
5805,-108,46,87,380,5,9,55
5805,-108,37,87,380,6,9,55
5805,-108,45,87,380,4,9,55
5805,-108,49,87,380,4,11,57
5805,-108,41,87,380,7,9,55
5805,-108,40,87,380,7,9,54
5805,-108,48,87,380,6,6,54
5805,-108,34,87,380,6,10,55
5805,-108,43,87,380,5,9,55
5805,-108,41,87,380,6,7,54
5805,-108,39,87,380,6,9,55
5805,-108,28,87,380,5,10,54
5805,-108,41,87,380,5,12,55
5805,-108,36,87,380,6,9,55
5805,-108,40,87,380,4,8,54
5805,-108,42,87,380,5,10,55
5805,-108,32,87,380,6,8,53
5805,-108,35,87,380,5,7,54
5805,-108,31,87,380,6,9,54
5805,-108,31,87,380,6,11,56
5805,-108,36,87,380,5,10,56
5805,-108,46,87,380,6,9,55
5805,-108,44,87,380,5,9,55
5805,-108,38,87,380,5,10,55
5805,-108,43,87,380,5,9,55
5805,-108,64,87,380,6,8,56
5805,-108,35,87,380,5,9,55
5805,-108,37,87,380,7,10,56
5805,-108,48,87,380,6,10,55
5805,-108,51,87,380,5,10,55
5805,-108,47,87,380,5,10,55
5805,-108,38,87,380,4,9,55
5805,-108,57,87,380,6,9,54
5805,-108,45,87,380,5,11,56
5805,-108,30,87,380,5,8,55
5805,-108,38,87,380,4,8,55
5805,-108,49,87,380,4,9,55
5805,-108,46,87,380,5,9,55
5805,-108,40,87,380,5,9,54
5805,-108,32,87,380,6,10,54
5805,-108,43,87,380,6,9,55
5805,-108,40,87,380,6,9,55
5805,-108,44,87,380,7,9,55
5805,-108,44,87,380,5,10,56
5805,-108,45,87,380,5,8,55
5805,-108,37,87,380,5,9,55
5805,-108,41,87,380,6,10,55
5805,-108,37,87,380,4,9,55
5805,-108,27,87,380,5,9,55
5805,-108,44,87,380,5,8,55
5805,-108,35,87,380,6,7,55
5805,-108,50,87,380,5,9,55
5805,-108,34,87,380,4,9,54
5805,-108,33,87,380,5,9,54
5805,-108,59,87,380,5,10,55
5805,-108,46,87,380,6,9,55
5805,-108,41,87,380,6,9,54
5805,-108,44,87,380,6,8,55
5805,-108,40,87,380,5,9,55
5805,-108,40,87,380,5,10,55
5805,-108,35,87,380,4,11,55
5805,-108,32,87,380,5,10,55
5805,-108,37,87,380,5,9,55
5805,-108,49,87,380,5,9,55
5805,-108,54,87,380,6,8,55
5805,-108,37,87,380,4,8,54
5805,-108,35,87,380,5,11,55
5805,-108,29,87,380,5,10,55
5805,-108,37,87,380,6,10,56
5805,-108,37,87,380,5,9,55
5805,-108,32,87,380,6,9,55
5805,-108,34,87,380,5,10,55
5805,-108,43,87,380,6,8,55
5805,-108,48,87,380,5,9,55
5805,-108,50,87,380,7,9,56
5805,-108,43,87,380,6,12,56
5805,-108,30,87,380,5,9,54
5805,-108,32,87,380,6,12,55
5805,-108,44,87,380,6,9,55
5805,-108,38,87,380,6,8,55
5805,-108,41,87,380,6,9,55
5805,-108,46,87,380,6,9,55
5805,-108,38,87,380,5,10,56
5805,-108,46,87,380,6,11,56
5805,-108,38,87,380,5,9,55
5805,-108,38,87,380,5,9,56
5805,-108,25,87,380,5,10,55
5805,-108,30,87,380,5,9,55
5805,-108,42,87,380,6,9,55
5805,-108,36,87,380,5,8,55
5805,-108,40,87,380,4,10,55
5805,-108,50,87,380,6,10,55
5805,-108,48,87,380,4,9,54
5805,-108,57,87,380,6,8,54
5805,-108,45,87,380,4,10,55
5805,-108,45,87,380,6,9,55
5805,-108,28,87,380,7,9,54
5805,-108,34,87,380,6,7,53
5805,-108,37,87,380,5,11,55
5805,-108,45,87,380,6,9,54
5805,-108,46,87,380,4,9,55
5805,-108,35,87,380,5,10,55
5805,-108,33,87,380,6,9,55
5805,-108,38,87,380,5,9,54
5805,-108,40,87,380,5,10,56
5805,-108,52,87,380,6,10,54
5805,-108,41,87,380,5,8,54
5805,-108,38,87,380,6,10,55
5805,-108,49,87,380,5,9,55
5805,-108,49,87,380,6,8,54
5805,-108,40,87,380,5,9,54
5805,-108,31,87,380,6,8,54
5805,-108,41,87,380,4,9,56
5805,-108,36,87,380,4,11,55
5805,-108,46,87,380,6,10,55
5805,-108,35,87,380,7,8,54
5805,-108,58,87,380,7,9,54
5805,-108,38,87,380,7,9,54
5805,-108,32,87,380,4,11,56
5805,-108,34,87,380,6,10,55
5805,-108,23,87,380,6,11,55
5805,-108,48,87,380,4,10,56
5805,-108,34,87,380,6,10,55
5805,-108,31,87,380,6,8,55
5805,-108,37,87,380,5,10,54
5805,-108,33,87,380,4,10,54
5805,-108,49,87,380,6,9,55
5805,-108,47,87,380,4,9,55
5805,-108,47,87,380,5,8,55
5805,-108,31,87,380,5,9,55
5805,-108,48,87,380,6,9,55
5805,-108,37,87,380,4,9,55
5805,-108,30,87,380,4,8,54
5805,-108,39,87,380,6,8,55
5805,-108,45,87,380,5,9,55
5805,-108,55,87,380,6,11,55
5805,-108,36,87,380,6,8,54
5805,-108,29,87,380,5,10,54
5805,-108,40,87,380,5,8,55
5805,-108,38,87,380,5,10,55
5805,-108,36,87,380,4,8,54
5805,-108,50,87,380,6,11,56
5805,-108,49,87,380,4,9,55
5805,-108,33,87,380,6,10,56
5805,-108,43,87,380,7,10,55
5805,-108,50,87,380,5,11,55
5805,-108,43,87,380,3,11,56
5805,-108,45,87,380,6,9,55
5805,-108,39,87,380,7,10,55
5805,-108,20,87,380,5,8,54
5805,-108,25,87,380,5,7,54
5805,-108,47,87,380,6,10,55
5805,-108,42,87,380,4,9,54
5805,-108,47,87,380,4,10,55
5805,-108,32,87,380,5,11,55
5805,-108,49,87,380,5,9,55
5805,-108,39,87,380,6,9,55
5805,-108,43,87,380,6,8,54
5805,-108,42,87,380,5,9,55
5805,-108,34,87,380,6,10,56
5805,-108,43,87,380,6,8,54
5805,-108,41,87,380,6,8,54
5805,-108,49,87,380,5,11,56
5805,-108,40,87,380,5,10,55
5805,-108,37,87,380,4,8,54
5805,-108,37,87,380,6,9,55
5805,-108,45,87,380,6,10,54
5805,-108,39,87,380,5,10,55
5805,-108,44,87,380,6,9,55
5805,-108,43,87,380,4,10,55
5805,-108,41,87,380,4,7,55
5805,-108,31,87,380,6,10,55
5805,-108,45,87,380,5,9,55
5805,-108,48,87,380,4,10,55
5805,-108,30,87,380,5,10,55
5805,-108,33,87,380,6,9,55
5805,-108,40,87,380,6,8,55
5805,-108,30,87,380,3,10,55
5805,-108,49,87,380,6,9,54
5805,-108,33,87,380,7,9,55
5805,-108,45,87,380,4,9,54
5805,-108,38,87,380,5,10,55
5805,-108,39,87,380,5,11,55
5805,-108,47,87,380,5,11,56
5805,-108,48,87,380,4,8,55
5805,-108,42,87,380,6,9,55
5805,-108,45,87,380,6,9,55
5805,-108,32,87,380,5,10,55
5805,-108,40,87,380,5,8,55
5805,-108,35,87,380,4,9,54
5805,-108,43,87,380,4,10,56
5805,-108,51,87,380,4,9,55
5805,-108,37,87,380,6,9,55
5805,-108,39,87,380,5,9,56
5805,-108,46,87,380,5,9,55
5805,-108,42,87,380,5,10,55
5805,-108,51,87,380,5,9,56
5805,-108,43,87,380,6,9,56
5805,-108,57,87,380,5,10,55
5805,-108,39,87,380,5,9,55
5805,-108,46,87,380,6,10,56
5805,-108,46,87,380,5,9,55
5805,-108,46,87,380,5,9,55
5805,-108,38,87,380,6,8,55
5805,-108,46,87,380,5,10,55
5805,-108,40,87,380,5,11,56
5805,-108,43,87,380,5,8,54
5805,-108,41,87,380,4,10,55
5805,-108,54,87,380,5,9,54
5805,-108,51,87,380,5,9,55
5805,-108,42,87,380,5,11,55
5805,-108,46,87,380,5,8,54
5805,-108,47,87,380,5,11,56
5805,-108,59,87,380,5,9,55
5805,-108,49,87,380,7,9,55
5805,-108,63,87,380,5,9,54
5805,-108,26,87,380,4,10,55
5805,-108,47,87,380,5,8,54
5805,-108,50,87,380,6,8,55
5805,-108,46,87,380,6,8,55
5805,-108,58,87,380,6,10,55
5805,-108,46,87,380,5,10,55
5805,-108,36,87,380,6,8,54
5805,-108,50,87,380,5,8,54
5805,-108,43,87,380,5,9,54
5805,-108,54,87,380,6,10,55
5805,-108,51,87,380,5,12,56
5805,-108,45,87,380,4,9,55
5805,-108,44,87,380,6,10,55
5805,-108,32,87,380,5,9,55
5805,-108,48,87,380,5,10,54
5805,-108,44,87,380,4,10,55
5805,-108,39,87,380,6,9,55
5805,-108,53,87,380,4,10,56
5805,-108,50,87,380,5,12,55
5805,-108,50,87,380,6,9,55
5805,-108,61,87,380,5,9,55
5805,-108,58,87,380,6,11,56
5805,-108,27,87,380,6,9,55
5805,-108,37,87,380,6,8,55
5805,-108,47,87,380,5,9,56
5805,-108,37,87,380,5,9,55
5805,-108,58,87,380,5,8,54
5805,-108,43,87,380,6,10,55
5805,-108,40,87,380,3,10,56
5805,-108,49,87,380,5,9,55
5805,-108,38,87,380,6,9,55
5805,-108,53,87,380,5,10,55
5805,-108,50,87,380,5,10,55
5805,-108,32,87,380,6,10,55
5805,-108,49,87,380,5,10,55
5805,-108,50,87,380,5,9,55
5805,-108,34,87,380,6,12,56
5805,-108,47,87,380,4,9,55
5805,-108,50,87,380,6,9,55
5805,-108,61,87,380,6,11,55
5805,-108,48,87,380,5,9,55
5805,-108,62,87,380,5,9,56
5805,-108,36,87,380,5,8,54
5805,-108,44,87,380,5,9,55
5805,-108,35,87,380,4,10,55
5805,-108,46,87,380,6,10,55
5805,-108,45,87,380,4,10,54
5805,-108,53,87,380,5,9,54
5805,-108,54,87,380,5,9,55
5805,-108,44,87,380,7,10,56
5805,-108,44,87,380,5,9,55
5805,-108,42,87,380,6,10,55
5805,-108,41,87,380,6,8,54
5805,-108,36,87,380,5,9,55
5805,-108,41,87,380,5,12,55
5805,-108,54,87,380,5,12,56
5805,-108,56,87,380,6,10,54
5805,-108,41,87,380,6,10,54
5805,-108,36,87,380,5,10,55
5805,-108,49,87,380,5,9,55
5805,-108,31,87,380,6,9,55
5805,-108,33,87,380,5,10,55
5805,-108,39,87,380,5,9,55
5805,-108,46,87,380,6,11,55
5805,-108,42,87,380,4,10,56
5805,-108,50,87,380,6,10,55
5805,-108,47,87,380,5,7,55
5805,-108,44,87,380,5,9,56
5805,-108,58,87,380,6,9,55
5805,-108,31,87,380,6,9,55
5805,-108,36,87,380,5,9,55
5805,-108,39,87,380,5,11,56
5805,-108,59,87,380,5,9,55
5805,-108,31,87,380,4,9,55
5805,-108,46,87,380,6,9,55
5805,-108,67,87,380,6,8,55
5805,-108,31,87,380,6,10,56
5805,-108,46,87,380,7,9,55
5805,-108,38,87,380,5,9,55
5805,-108,34,87,380,5,8,54
5805,-108,38,87,380,5,9,54
5805,-108,46,87,380,6,9,55
5805,-108,44,87,380,6,8,55
5805,-108,48,87,380,5,9,55
5805,-108,34,87,380,6,10,55
5805,-108,48,87,380,3,8,55
5805,-108,37,87,380,5,11,55
5805,-108,37,87,380,5,10,55
5805,-108,35,87,380,6,7,54
5805,-108,38,87,380,5,9,55
5805,-108,40,87,380,6,10,55
5805,-108,50,87,380,5,10,54
5805,-108,40,87,380,5,10,55
5805,-108,40,87,380,6,10,56
5805,-108,44,87,380,5,11,56
5805,-108,53,87,380,7,10,55
5805,-108,45,87,380,6,10,55
5805,-108,54,87,380,6,10,55
5805,-108,41,87,380,6,8,54
5805,-108,51,87,380,6,12,56
5805,-108,48,87,380,5,10,56
5805,-108,54,87,380,6,11,55
5805,-108,36,87,380,5,9,55
5805,-108,40,87,380,5,8,54
5805,-108,59,87,380,5,11,55
5805,-108,48,87,380,6,8,56
5805,-108,48,87,380,6,9,55
5805,-108,41,87,380,6,7,54
5805,-108,39,87,380,5,10,55
5805,-108,51,87,380,5,9,55
5805,-108,43,87,380,6,10,55
5805,-108,53,87,380,4,10,56
5805,-108,42,87,380,6,9,56
5805,-108,63,87,380,6,8,55
5805,-108,57,87,380,6,8,55
5805,-108,40,87,380,5,10,56
5805,-108,40,87,380,5,10,55
5805,-108,45,87,380,4,9,55
5805,-108,40,87,380,7,10,55
5805,-108,56,87,380,5,9,55
5805,-108,44,87,380,6,9,56
5805,-108,37,87,380,6,9,54
5805,-108,43,87,380,4,10,55
5805,-108,38,87,380,6,9,56
5805,-108,53,87,380,6,9,54
5805,-108,44,87,380,5,9,54
5805,-108,63,87,380,5,11,56
5805,-108,42,87,380,5,8,55
5805,-108,44,87,380,5,9,55
5805,-108,37,87,380,5,8,55
5805,-108,43,87,380,5,9,56
5805,-108,40,87,380,6,8,55
5805,-108,32,87,380,5,7,54
5805,-108,59,87,380,4,9,54
5805,-108,43,87,380,6,8,54
5805,-108,59,87,380,4,10,55
5805,-108,31,87,380,6,10,55
5805,-108,44,87,380,7,9,54
5805,-108,40,87,380,6,10,55
5805,-108,45,87,380,4,11,57
5805,-108,51,87,380,4,8,55
5805,-108,46,87,380,6,9,55
5805,-108,45,87,380,7,10,54
5805,-108,32,87,380,5,9,55
5805,-108,57,87,380,5,11,56
5805,-108,49,87,380,6,10,55
5805,-108,42,87,380,6,9,55
5805,-108,54,87,380,5,11,55
5805,-108,31,87,380,6,8,55
5805,-108,49,87,380,7,10,56
5805,-108,50,87,380,6,8,54
5805,-108,36,87,380,5,9,55
5805,-108,43,87,380,5,10,55
5805,-108,40,87,380,5,9,56
5805,-108,33,87,380,4,9,55
5805,-108,39,87,380,7,10,55
5805,-108,44,87,380,4,9,55
5805,-108,47,87,380,4,7,54
5805,-108,37,87,380,6,9,55
5805,-108,43,87,380,5,9,54
5805,-108,44,87,380,6,10,56
5805,-108,47,87,380,6,10,55
5805,-108,48,87,380,5,9,55
5805,-108,35,87,380,7,9,54
5805,-108,47,87,380,4,10,55
5805,-108,42,87,380,6,9,54
5805,-108,40,87,380,6,9,55
5805,-108,42,87,380,5,12,55
5805,-108,49,87,380,6,8,54
5805,-108,43,87,380,6,10,56
5805,-108,34,87,380,5,10,55
5805,-108,41,87,380,5,9,54
5805,-108,35,87,380,6,9,55
5805,-108,40,87,380,5,10,55
5805,-108,61,87,380,6,8,54
5805,-108,46,87,380,5,9,55
5805,-108,40,87,380,6,7,55
5805,-108,46,87,380,5,8,54
5805,-108,50,87,380,7,9,54
5805,-108,39,87,380,6,10,55
5805,-108,39,87,380,5,7,54
5805,-108,56,87,380,6,10,56
5805,-108,39,87,380,6,8,55
5805,-108,38,87,380,5,9,56
5805,-108,40,87,380,6,10,55
5805,-108,50,87,380,5,10,56
5805,-108,44,87,380,4,10,55
5805,-108,46,87,380,5,8,55
5805,-108,33,87,380,5,9,54
5805,-108,30,87,380,6,7,54
5805,-108,50,87,380,5,9,55
5805,-108,37,87,380,5,10,55
5805,-108,59,87,380,5,9,55
5805,-108,40,87,380,6,11,55
5805,-108,37,87,380,6,9,54
5805,-108,40,87,380,5,9,55
5805,-108,38,87,380,6,9,56
5805,-108,54,87,380,6,8,55
5805,-108,42,87,380,6,10,56
5805,-108,40,87,380,6,9,55
5805,-108,47,87,380,5,10,55
5805,-108,49,87,380,5,10,55
5805,-108,38,87,380,5,9,55
5805,-108,58,87,380,6,12,56
5805,-108,40,87,380,5,7,54
5805,-108,51,87,380,5,9,55
5805,-108,56,87,380,5,9,56
5805,-108,52,87,380,4,9,55
5805,-108,41,87,380,5,8,55
5805,-108,42,87,380,4,9,55
5805,-108,60,87,380,5,9,54
5805,-108,50,87,380,5,9,55
5805,-108,45,87,380,5,10,55
5805,-108,52,87,380,3,9,55
5805,-108,42,87,380,5,11,56
5805,-108,47,87,380,5,8,54
5805,-108,48,87,380,6,10,55
5805,-108,44,87,380,6,9,54
5805,-108,41,87,380,5,11,56
5805,-108,56,87,380,4,9,56
5805,-108,38,87,380,4,9,55
5805,-108,51,87,380,7,9,55
5805,-108,44,87,380,5,10,55
5805,-108,31,87,380,5,9,56
5805,-108,43,87,380,6,8,54
5805,-108,55,87,380,6,7,54
5805,-108,55,87,380,5,9,56
5805,-108,38,87,380,4,7,54
5805,-108,53,87,380,5,10,55
5805,-108,52,87,380,5,7,55
5805,-108,58,87,380,5,9,55
5805,-108,36,87,380,5,9,54
5805,-108,53,87,380,5,11,57
5805,-108,30,87,380,5,10,54
5805,-108,44,87,380,6,8,55
5805,-108,38,87,380,6,8,54
5805,-108,36,87,380,6,7,54
5805,-108,55,87,380,4,8,55
5805,-108,50,87,380,5,9,54
5805,-108,26,87,380,6,10,55
5805,-108,35,87,380,5,8,54
5805,-108,29,87,380,4,9,54
5805,-108,41,87,380,5,7,54
5805,-108,40,87,380,5,9,55
5805,-108,46,87,380,6,9,55
5805,-108,37,87,380,7,8,54
5805,-108,34,87,380,6,9,54
5805,-108,59,87,380,5,10,56
5805,-108,32,87,380,6,9,54
5805,-108,55,87,380,5,9,54
5805,-108,43,87,380,5,10,56
5805,-108,40,87,380,5,11,56
5805,-108,45,87,380,5,9,55
5805,-108,35,87,380,5,8,54
5805,-108,35,87,380,6,8,55
5805,-108,49,87,380,4,8,54
5805,-108,34,87,380,5,9,55
5805,-108,44,87,380,4,12,56
5805,-108,45,87,380,6,11,56
5805,-108,49,87,380,6,10,55
5805,-108,41,87,380,6,10,55
5805,-108,54,87,380,6,9,55
5805,-108,44,87,380,6,8,55
5805,-108,47,87,380,5,10,55
5805,-108,42,87,380,5,8,55
5805,-108,40,87,380,5,12,56
5805,-108,52,87,380,6,7,54
5805,-108,42,87,380,6,9,55
5805,-108,56,87,380,6,11,56
5805,-108,49,87,380,6,10,56
5805,-108,35,87,380,5,9,55
5805,-108,41,87,380,6,8,55
5805,-108,44,87,380,4,10,55
5805,-108,53,87,380,5,11,56
5805,-108,49,87,380,6,11,56
5805,-108,61,87,380,5,7,56
5805,-108,43,87,380,5,10,55
5805,-108,44,87,380,6,10,55
5805,-108,45,87,380,6,8,54
5805,-108,49,87,380,5,8,54
5805,-108,55,87,380,5,10,55
5805,-108,42,87,380,6,10,56
5805,-108,39,87,380,5,8,54
5805,-108,44,87,380,5,10,55
5805,-108,51,87,380,4,8,54
5805,-108,37,87,380,6,8,54
5805,-108,37,87,380,6,9,54
5805,-108,42,87,380,5,9,55
5805,-108,45,87,380,6,9,55
5805,-108,48,87,380,5,9,55
5805,-108,39,87,380,4,9,55
5805,-108,43,87,380,6,9,54
5805,-108,29,87,380,5,10,55
5805,-108,41,87,380,6,9,55
5805,-108,55,87,380,6,10,54
5805,-108,39,87,380,4,10,55
5805,-108,59,87,380,6,9,54
5805,-108,44,87,380,5,6,54
5805,-108,51,87,380,6,9,55
5805,-108,53,87,380,5,11,55
5805,-108,47,87,380,4,11,56
5805,-108,36,87,380,6,10,55
5805,-108,42,87,380,7,8,54
5805,-108,41,87,380,5,9,55
5805,-108,43,87,380,5,11,55
5805,-108,50,87,380,7,9,54
5805,-108,43,87,380,6,10,56
5805,-108,33,87,380,7,9,54
5805,-108,37,87,380,5,7,54
5805,-108,48,87,380,5,7,55
5805,-108,46,87,380,5,11,55
5805,-108,41,87,380,5,10,55
5805,-108,54,87,380,4,11,55
5805,-108,40,87,380,5,9,54
5805,-108,45,87,380,5,6,54
5805,-108,40,87,380,6,9,56
5805,-108,38,87,380,6,9,55
5805,-108,55,87,380,6,9,55
5805,-108,58,87,380,5,10,55
5805,-108,32,87,380,5,9,55
5805,-108,34,87,380,6,10,55
5805,-108,36,87,380,6,9,55
5805,-108,51,87,380,5,10,55
5805,-108,44,87,380,5,10,55
5805,-108,45,87,380,6,8,55
5805,-108,33,87,380,5,9,54
5805,-108,46,87,380,5,8,54
5805,-108,42,87,380,6,8,54
5805,-108,47,87,380,4,10,55
5805,-108,37,87,380,4,9,55
5805,-108,44,87,380,5,9,55
5805,-108,52,87,380,6,9,55
5805,-108,47,87,380,5,10,55
5805,-108,45,87,380,6,9,55
5805,-108,45,87,380,6,8,54
5805,-108,39,87,380,6,10,54
5805,-108,53,87,380,5,8,55
5805,-108,46,87,380,5,10,56
5805,-108,48,87,380,7,10,55
5805,-108,51,87,380,5,7,54
5805,-108,29,87,380,5,9,55
5805,-108,54,87,380,5,9,55
5805,-108,50,87,380,5,9,54
5805,-108,38,87,380,5,10,56
5805,-108,48,87,380,4,8,54
5805,-108,46,87,380,5,9,54
5805,-108,56,87,380,6,9,56
5805,-108,45,87,380,5,10,55
5805,-108,55,87,380,6,9,54
5805,-108,44,87,380,5,9,55
5805,-108,52,87,380,7,8,55
5805,-108,50,87,380,6,11,55
5805,-108,40,87,380,6,10,56
5805,-108,46,87,380,5,11,55
5805,-108,50,87,380,6,8,55
5805,-108,43,87,380,4,8,54
5805,-108,41,87,380,6,9,55
5805,-108,47,87,380,4,11,56
5805,-108,51,87,380,6,9,55
5805,-108,49,87,380,6,9,55
5805,-108,43,87,380,5,10,55
5805,-108,52,87,380,6,9,55
5805,-108,44,87,380,4,10,55
5805,-108,32,87,380,6,7,55
5805,-108,42,87,380,6,10,55
5805,-108,52,87,380,5,9,55
5805,-108,35,87,380,5,9,55
5805,-108,34,87,380,5,9,54
5805,-108,57,90,377,5,10,57
5805,-108,39,90,377,5,10,57
5805,-108,57,90,377,6,10,58
5805,-108,51,90,377,4,10,58
5805,-108,53,90,377,3,9,57
5805,-108,50,90,377,4,9,58
5805,-108,42,90,377,5,10,57
5805,-108,49,90,377,4,10,57
5805,-108,49,90,377,6,10,58
5805,-108,50,90,377,5,9,57
5805,-108,52,90,377,5,10,57
5805,-108,44,90,377,4,10,57
5805,-108,39,90,377,5,11,57
5805,-108,46,90,377,4,10,57
5805,-108,37,90,377,5,10,57
5805,-108,41,90,377,4,9,57
5805,-108,43,90,377,4,10,57
5805,-108,39,90,377,3,10,58
5805,-108,30,90,377,5,9,56
5805,-108,44,90,377,4,11,58
5805,-108,41,90,377,3,10,58
5805,-108,53,90,377,5,10,58
5805,-108,52,90,377,6,9,57
5805,-108,50,90,377,4,8,57
5805,-108,46,90,377,3,10,58
5805,-108,57,90,377,4,9,57
5805,-108,39,90,377,5,10,57
5805,-108,47,90,377,5,9,56
5805,-108,31,90,377,5,9,56
5805,-108,38,90,377,3,10,57
5805,-108,53,90,377,6,9,57
5805,-108,45,90,377,5,10,57
5805,-108,56,90,377,5,10,57
5805,-108,37,90,377,4,10,57
5805,-108,34,90,377,4,8,56
5805,-108,45,90,377,4,10,58
5805,-108,45,90,377,4,8,56
5805,-108,38,90,377,4,10,57
5805,-108,37,90,377,4,9,57
5805,-108,34,90,377,7,10,57
5805,-108,44,90,377,4,10,57
5805,-108,36,90,377,5,10,56
5805,-108,52,90,377,5,9,57
5805,-108,47,90,377,5,10,57
5805,-108,50,90,377,6,10,58
5805,-108,32,90,377,4,11,58
5805,-108,52,90,377,5,10,57
5805,-108,63,78,388,11,57,46
5805,-108,57,79,387,10,57,47
5805,-108,60,87,379,5,9,56
5805,-108,31,87,379,4,10,55
5805,-108,60,87,379,5,10,55
5805,-108,51,87,379,5,9,55
5805,-108,49,87,379,4,9,54
5805,-108,53,87,379,5,7,54
5805,-108,56,87,379,5,10,55
5805,-108,43,87,379,5,8,55
5805,-108,40,87,379,5,10,56
5805,-108,39,87,379,4,10,54
5805,-108,37,87,379,5,8,55
5805,-108,37,87,379,4,8,55
5805,-108,37,87,379,5,10,56
5805,-108,38,87,379,4,10,55
5805,-108,50,87,379,5,10,55
5805,-108,39,87,379,6,8,54
5805,-108,45,87,379,4,8,54
5805,-108,51,87,379,5,10,54
5805,-108,42,87,379,5,9,54
5805,-108,46,87,379,6,9,55
5805,-108,39,87,379,4,9,54
5805,-108,59,87,379,4,10,56
5805,-108,52,87,379,5,9,55
5805,-108,36,87,379,5,10,56
5805,-108,36,87,379,4,8,55
5805,-108,49,87,379,4,9,55
5805,-108,37,87,379,6,8,55
5805,-108,40,87,379,5,10,55
5805,-108,44,87,379,4,9,56
5805,-108,61,87,379,5,11,56
5805,-108,30,87,379,5,11,55
5805,-108,49,87,379,5,8,55
5805,-108,57,87,379,5,9,56
5805,-108,38,87,379,4,10,55
5805,-108,27,87,379,6,9,54
5805,-108,41,87,379,4,10,55
5805,-108,49,87,379,5,8,54
5805,-108,46,87,379,5,10,55
5805,-108,50,87,379,5,9,55
5805,-108,54,87,379,6,10,54
5805,-108,63,87,379,4,9,55
5805,-108,43,87,379,5,8,54
5805,-108,59,87,379,6,8,55
5805,-108,48,87,379,6,9,55
5805,-108,51,87,379,7,9,55
5805,-108,51,87,379,6,10,56
5805,-108,32,87,379,6,9,54
5805,-108,40,87,379,5,8,54
5805,-108,36,87,379,5,9,55
5805,-108,56,87,379,4,10,56
5805,-108,64,87,379,5,10,56
5805,-108,42,87,379,5,7,54
5805,-108,47,87,379,6,10,55
5805,-108,57,87,379,5,10,56
5805,-108,37,87,379,4,9,55
5805,-108,57,87,379,5,7,54
5805,-108,48,87,379,5,9,54
5805,-108,43,87,379,5,9,55
5805,-108,52,87,379,5,8,55
5805,-108,38,87,379,4,9,55
5805,-108,42,87,379,4,8,55
5805,-108,48,87,379,5,9,54
5805,-108,35,87,379,5,9,54
5805,-108,43,87,379,4,9,54
5805,-108,57,87,379,4,9,54
5805,-108,41,87,379,4,10,56
5805,-108,40,87,379,4,9,54
5805,-108,46,87,379,3,10,56
5805,-108,55,87,379,6,10,55
5805,-108,51,87,379,6,8,54
5805,-108,44,87,379,5,9,54
5805,-108,62,87,379,6,10,55
5805,-108,47,87,379,5,8,54
5805,-108,51,87,379,4,9,55
5805,-108,53,87,379,4,8,54
5805,-108,62,87,379,6,10,56
5805,-108,50,87,379,6,8,54
5805,-108,41,87,379,4,10,56
5805,-108,48,87,379,6,9,55
5805,-108,36,87,379,4,8,55
5805,-108,46,87,379,6,10,55
5805,-108,37,87,379,4,10,54
5805,-108,32,87,379,5,10,56
5805,-108,43,87,379,4,10,56
5805,-108,53,87,379,6,9,54
5805,-108,37,87,379,3,8,54
5805,-108,44,87,379,4,9,55
5805,-108,53,87,379,4,8,56
5805,-108,45,87,379,6,9,55
5805,-108,51,87,379,4,10,55
5805,-108,39,87,379,5,9,54
5805,-108,45,87,379,5,8,54
5805,-108,47,87,379,6,9,55
5805,-108,36,87,379,4,11,55
5805,-108,44,87,379,3,9,55
5805,-108,34,87,379,6,9,55
5805,-108,49,87,379,4,8,54
5805,-108,43,87,379,4,9,55
5805,-108,36,87,379,6,10,55
5805,-108,35,87,379,5,11,54
5805,-108,45,87,379,4,7,54
5805,-108,50,87,379,5,10,56
5805,-108,50,87,379,4,9,54
5805,-108,69,87,379,3,7,54
5805,-108,58,87,379,6,10,56
5805,-108,43,87,379,7,8,54
5805,-108,39,87,379,5,10,56
5805,-108,42,87,379,5,10,55
5805,-108,49,87,379,4,11,55
5805,-108,52,87,379,4,10,55
5805,-108,39,87,379,4,9,55
5805,-108,40,87,379,6,10,55
5805,-108,47,87,379,5,6,55
5805,-108,55,87,379,3,8,55
5805,-108,39,87,379,3,8,55
5805,-108,51,87,379,6,10,55
5805,-108,43,87,379,5,9,55
5805,-108,53,87,379,5,9,56
5805,-108,44,87,379,5,9,54
5805,-108,50,87,379,4,10,56
5805,-108,66,87,379,6,9,54
5805,-108,41,87,379,5,11,56
5805,-108,47,87,379,5,9,56
5805,-108,37,87,379,5,9,55
5805,-108,46,87,379,5,9,55
5805,-108,42,87,379,5,9,55
5805,-108,45,87,379,4,9,55
5805,-108,36,87,379,4,10,55
5805,-108,41,87,379,5,9,55
5805,-108,53,87,379,6,9,55
5805,-108,43,87,379,5,8,55
5805,-108,47,87,379,4,8,55
5805,-108,49,87,379,5,7,54
5805,-108,59,87,379,4,8,55
5805,-108,37,87,379,4,9,55
5805,-108,51,87,379,6,9,54
5805,-108,49,87,379,4,10,54
5805,-108,50,87,379,5,10,55
5805,-108,56,87,379,7,9,55
5805,-108,56,87,379,4,8,54
5805,-108,49,87,379,5,8,53
5805,-108,47,87,379,6,12,56
5805,-108,39,87,379,4,9,55
5805,-108,72,87,379,5,12,56
5805,-108,45,87,379,6,10,55
5805,-108,53,87,379,5,9,54
5805,-108,41,87,379,5,8,55
5805,-108,45,87,379,4,9,55
5805,-108,41,87,379,6,10,55
5805,-108,43,87,379,4,9,54
5805,-108,51,87,379,6,9,55
5805,-108,44,87,379,5,10,55
5805,-108,53,87,379,5,9,55
5805,-108,31,87,379,4,10,55
5805,-108,34,87,379,5,9,55
5805,-108,41,87,379,4,10,56
5805,-108,37,87,379,5,10,55
5805,-108,43,87,379,3,10,56
5805,-108,63,87,379,3,8,55
5805,-108,37,87,379,4,7,54
5805,-108,37,87,379,4,9,54
5805,-108,59,87,379,4,10,56
5805,-108,53,87,379,5,10,56
5805,-108,41,87,379,7,8,54
5805,-108,42,87,379,4,9,55
5805,-108,53,87,379,5,7,54
5805,-108,42,87,379,5,12,55
5805,-108,35,87,379,4,10,55
5805,-108,43,87,379,5,7,55
5805,-108,48,87,379,7,10,55
5805,-108,32,87,379,5,9,54
5805,-108,41,87,379,5,8,53
5805,-108,44,87,379,5,10,55
5805,-108,59,87,379,5,9,56
5805,-108,41,87,379,5,10,55
5805,-108,34,87,379,3,9,54
5805,-108,45,87,379,4,10,55
5805,-108,48,87,379,4,9,56
5805,-108,35,87,379,6,10,55
5805,-108,67,87,379,5,10,55
5805,-108,65,87,379,5,9,55
5805,-108,43,87,379,4,9,55
5805,-108,44,87,379,6,8,54
5805,-108,57,87,379,3,7,54
5805,-108,48,87,379,6,10,54
5805,-108,37,87,379,5,8,55
5805,-108,49,87,379,5,9,55
5805,-108,41,87,379,5,11,56
5805,-108,51,87,379,4,9,55
5805,-108,45,87,379,4,8,55
5805,-108,47,87,379,5,9,56
5805,-108,30,87,379,6,9,54
5805,-108,35,87,379,5,7,54
5805,-108,43,87,379,3,10,56
5805,-108,45,87,379,5,11,55
5805,-108,52,87,379,6,9,55
5805,-108,34,87,379,5,8,53
5805,-108,52,87,379,3,10,55
5805,-108,50,87,379,4,9,56
5805,-108,47,87,379,4,9,55
5805,-108,39,87,379,5,9,55
5805,-108,38,87,379,5,9,56
5805,-108,45,87,379,5,9,55
5805,-108,48,87,379,6,9,54
5805,-108,38,87,379,5,11,55
5805,-108,48,87,379,5,9,55
5805,-108,39,87,379,4,9,55
5805,-108,34,87,379,5,9,55
5805,-108,40,87,379,4,11,56
5805,-108,47,87,379,5,11,55
5805,-108,47,87,379,4,9,54
5805,-108,50,87,379,4,8,54
5805,-108,36,87,379,4,9,55
5805,-108,40,87,379,5,8,54
5805,-108,43,87,379,4,8,54
5805,-108,41,87,379,4,9,54
5805,-108,36,87,379,5,11,55
5805,-108,40,87,379,5,9,54
5805,-108,41,87,379,6,10,55
5805,-108,46,87,379,5,8,55
5805,-108,42,87,379,5,9,55
5805,-108,36,87,379,5,9,54
5805,-108,58,87,379,6,10,56
5805,-108,49,87,379,5,10,55
5805,-108,48,87,379,4,9,55
5805,-108,54,87,379,5,11,57
5805,-108,55,87,379,5,8,54
5805,-108,35,87,379,5,11,56
5805,-108,33,87,379,4,9,55
5805,-108,40,87,379,5,12,56
5805,-108,49,87,379,6,11,56
5805,-108,48,87,379,5,10,55
5805,-108,45,87,379,4,9,55
5805,-108,56,87,379,3,11,56
5805,-108,58,87,379,5,10,56
5805,-108,50,87,379,5,8,54
5805,-108,44,87,379,4,10,55
5805,-108,52,87,379,5,9,57
5805,-108,45,87,379,4,8,54
5805,-108,39,87,379,5,7,54
5805,-108,47,87,379,5,7,55
5805,-108,45,87,379,4,8,55
5805,-108,44,87,379,6,8,54
5805,-108,34,87,379,4,10,55
5805,-108,54,87,379,4,9,55
5805,-108,53,87,379,4,9,55
5805,-108,52,87,379,6,9,56
5805,-108,61,87,379,6,10,55
5805,-108,39,87,379,3,10,54
5805,-108,41,87,379,5,11,56
5805,-108,44,87,379,4,9,55
5805,-108,44,87,379,5,8,55
5805,-108,51,87,379,4,8,54
5805,-108,45,87,379,4,10,55
5805,-108,31,87,379,5,9,54
5805,-108,68,87,379,5,9,56
5805,-108,60,87,379,5,8,55
5805,-108,53,87,379,5,9,54
5805,-108,42,87,379,5,9,54
5805,-108,33,87,379,6,10,55
5805,-108,38,87,379,4,8,54
5805,-108,44,87,379,6,10,55
5805,-108,49,87,379,4,9,55
5805,-108,43,87,379,5,9,55
5805,-108,51,87,379,5,9,55
5805,-108,40,87,379,6,9,55
5805,-108,41,87,379,6,10,55
5805,-108,46,87,379,5,11,55
5805,-108,42,87,379,5,10,56
5805,-108,42,87,379,5,9,56
5805,-108,50,87,379,5,11,56
5805,-108,41,87,379,6,7,54
5805,-108,30,87,379,5,9,55
5805,-108,32,87,379,5,10,56
5805,-108,36,87,379,3,9,54
5805,-108,59,87,379,5,9,55
5805,-108,46,87,379,3,9,55
5805,-108,51,87,379,5,10,56
5805,-108,44,87,379,3,8,54
5805,-108,30,87,379,5,8,55
5805,-108,43,87,379,6,10,55
5805,-108,46,87,379,4,9,55
5805,-108,45,87,379,5,10,56
5805,-108,34,87,379,4,8,54
5805,-108,47,87,379,4,9,55
5805,-108,60,87,379,4,10,55
5805,-108,54,87,379,5,9,55
5805,-108,41,87,379,6,8,54
5805,-108,34,87,379,5,8,55
5805,-108,52,87,379,6,8,55
5805,-108,50,87,379,5,8,55
5805,-108,49,87,379,5,9,56
5805,-108,35,87,379,5,10,54
5805,-108,57,87,379,6,10,55
5805,-108,41,87,379,5,10,55
5805,-108,42,87,379,4,10,55
5805,-108,37,87,379,4,9,54
5805,-108,43,87,379,6,9,55
5805,-108,39,87,379,5,9,55
5805,-108,52,87,379,6,10,56
5805,-108,61,87,379,5,11,57
5805,-108,46,87,379,6,9,54
5805,-108,34,87,379,5,8,54
5805,-108,41,87,379,4,11,56
5805,-108,38,87,379,5,8,55
5805,-108,54,87,379,5,11,56
5805,-108,32,87,379,5,9,55
5805,-108,47,87,379,3,8,54
5805,-108,44,87,379,6,8,55
5805,-108,52,87,379,5,9,55
5805,-108,38,87,379,5,11,55
5805,-108,36,87,379,5,9,55
5805,-108,52,87,379,5,10,55
5805,-108,43,87,379,5,9,55
5805,-108,54,87,379,4,12,55
5805,-108,38,87,379,5,10,54
5805,-108,55,87,379,5,8,55
5805,-108,62,87,379,5,10,55
5805,-108,36,87,379,5,9,55
5805,-108,39,87,379,5,8,54
5805,-108,53,87,379,4,10,55
5805,-108,50,87,379,4,9,55
5805,-108,48,87,379,5,8,54
5805,-108,55,87,379,4,8,55
5805,-108,56,87,379,5,8,55
5805,-108,47,87,379,6,10,55
5805,-108,50,87,379,6,8,55
5805,-108,53,87,379,4,9,55
5805,-108,56,87,379,3,10,55
5805,-108,43,87,379,5,10,55
5805,-108,49,87,379,6,9,54
5805,-108,51,87,379,5,9,55
5805,-108,34,87,379,4,11,55
5805,-108,42,87,379,5,9,55
5805,-108,29,87,379,5,8,55
5805,-108,51,87,379,4,9,55
5805,-108,42,87,379,4,10,54
5805,-108,26,87,379,5,9,55
5805,-108,26,87,379,6,9,54
5805,-108,43,87,379,6,9,55
5805,-108,39,87,379,5,10,55
5805,-108,45,87,379,5,11,56
5805,-108,28,87,379,7,10,56
5805,-108,41,87,379,5,9,54
5805,-108,43,87,379,5,9,55
5805,-108,43,87,379,5,9,55
5805,-108,51,87,379,5,8,55
5805,-108,48,87,379,4,7,54
5805,-108,44,87,379,4,9,55
5805,-108,40,87,379,7,10,55
5805,-108,51,87,379,5,10,56
5805,-108,38,87,379,6,10,55
5805,-108,34,87,379,4,8,54
5805,-108,41,87,379,5,11,55
5805,-108,42,87,379,5,9,54
5805,-108,51,87,379,6,11,57
5805,-108,34,87,379,4,9,55
5805,-108,47,87,379,5,10,56
5805,-108,39,87,379,5,9,54
5805,-108,39,87,379,4,9,55
5805,-108,38,87,379,6,9,55
5805,-108,53,87,379,4,7,55
5805,-108,50,87,379,4,9,55
5805,-108,35,87,379,5,9,55
5805,-108,52,87,379,5,8,54
5805,-108,47,87,379,4,10,55
5805,-108,48,87,379,5,9,56
5805,-108,41,87,379,5,8,55
5805,-108,38,87,379,5,9,55
5805,-108,37,87,379,5,9,54
5805,-108,45,87,379,6,10,55
5805,-108,44,87,379,6,8,53
5805,-108,43,87,379,4,9,55
5805,-108,41,87,379,5,9,55
5805,-108,46,87,379,5,10,55
5805,-108,37,87,379,3,12,55
5805,-108,30,87,379,4,8,55
5805,-108,44,87,379,5,9,55
5805,-108,45,87,379,3,9,55
5805,-108,46,87,379,5,9,55
5805,-108,41,87,379,6,9,55
5805,-108,41,87,379,5,10,55
5805,-108,28,87,379,5,10,54
5805,-108,46,87,379,4,8,55
5805,-108,30,87,379,5,8,54
5805,-108,52,87,379,6,9,55
5805,-108,52,87,379,4,11,55
5805,-108,38,87,379,5,8,54
5805,-108,48,87,379,4,9,55
5805,-108,51,87,379,4,9,55
5805,-108,44,87,379,5,7,54
5805,-108,37,87,379,5,8,55
5805,-108,31,87,379,5,10,55
5805,-108,36,87,379,5,9,55
5805,-108,43,87,379,4,11,55
5805,-108,45,87,379,5,10,56
5805,-108,44,87,379,3,8,54
5805,-108,47,87,379,5,11,55
5805,-108,45,87,379,5,9,54
5805,-108,49,87,379,5,9,55
5805,-108,40,87,379,6,10,55
5805,-108,44,87,379,7,10,55
5805,-108,42,87,379,5,10,54
5805,-108,39,87,379,4,8,55
5805,-108,39,87,379,4,9,54
5805,-108,35,87,379,4,10,54
5805,-108,44,87,379,5,9,55
5805,-108,38,87,379,4,10,55
5805,-108,46,87,379,5,11,56
5805,-108,43,87,379,6,8,54
5805,-108,39,87,379,5,10,55
5805,-108,49,87,379,4,8,55
5805,-108,42,87,379,4,11,56
5805,-108,44,87,379,5,10,56
5805,-108,24,87,379,5,10,55
5805,-108,22,87,379,3,10,55
5805,-108,41,87,379,5,10,56
5805,-108,38,87,379,6,9,55
5805,-108,38,87,379,3,9,54
5805,-108,41,87,379,6,8,55
5805,-108,42,87,379,4,8,54
5805,-108,28,87,379,5,10,56
5805,-108,54,87,379,4,10,55
5805,-108,44,87,379,5,9,55
5805,-108,46,87,379,6,9,54
5805,-108,36,87,379,6,10,55
5805,-108,51,87,379,6,8,55
5805,-108,43,87,379,5,7,54
5805,-108,53,87,379,6,10,55
5805,-108,25,87,379,4,9,54
5805,-108,48,87,379,3,9,55
5805,-108,49,87,379,5,10,55
5805,-108,39,87,379,5,10,55
5805,-108,30,87,379,6,10,54
5805,-108,46,87,379,4,9,55
5805,-108,38,87,379,5,9,55
5805,-108,42,87,379,3,9,54
5805,-108,45,87,379,5,8,55
5805,-108,53,87,379,5,7,54
5805,-108,27,87,379,5,11,55
5805,-108,45,87,379,5,10,55
5805,-108,54,87,379,3,8,54
5805,-108,29,87,379,5,10,54
5805,-108,40,87,379,4,9,55
5805,-108,47,87,379,7,10,56
5805,-108,49,87,379,6,8,54
5805,-108,36,87,379,6,10,55
5805,-108,45,87,379,4,9,55
5805,-108,41,87,379,6,10,55
5805,-108,53,87,379,5,9,55
5805,-108,50,87,379,5,10,54
5805,-108,41,87,379,3,11,56
5805,-108,45,87,379,5,9,55
5805,-108,47,87,379,4,8,54
5805,-108,49,87,379,6,10,55
5805,-108,49,87,379,4,9,55
5805,-108,51,87,379,4,10,54
5805,-108,37,87,379,5,10,55
5805,-108,51,87,379,5,8,55
5805,-108,30,87,379,4,10,55
5805,-108,44,87,379,5,8,55
5805,-108,34,87,379,5,10,55
5805,-108,42,87,379,5,8,54
5805,-108,33,87,379,4,10,55
5805,-108,30,87,379,5,8,55
5805,-108,56,87,379,5,10,56
5805,-108,58,87,379,5,10,55
5805,-108,37,87,379,5,10,55
5805,-108,47,87,379,5,9,55
5805,-108,40,87,379,5,9,55
5805,-108,27,87,379,5,11,55
5805,-108,58,87,379,5,8,55
5805,-108,40,87,379,5,8,54
5805,-108,55,87,379,4,10,55
5805,-108,46,87,379,4,10,56
5805,-108,52,87,379,5,10,56
5805,-108,46,87,379,5,7,55
5805,-108,43,87,379,5,8,55
5805,-108,53,87,379,5,8,55
5805,-108,50,87,379,3,10,56
5805,-108,54,87,379,4,9,56
5805,-108,45,87,379,4,8,54
5805,-108,35,87,379,4,9,55
5805,-108,50,87,379,6,8,55
5805,-108,40,87,379,5,11,55
5805,-108,50,87,379,4,10,55
5805,-108,48,87,379,4,9,56
5805,-108,54,87,379,6,9,54
5805,-108,34,87,379,5,9,54
5805,-108,35,87,379,4,9,55
5805,-108,54,87,379,5,9,55
5805,-108,58,87,379,5,9,55
5805,-108,43,87,379,5,9,55
5805,-108,47,87,379,3,10,56
5805,-108,48,87,379,5,9,55
5805,-108,46,87,379,6,10,55
5805,-108,39,87,379,4,9,55
5805,-108,43,87,379,5,9,55
5805,-108,43,87,379,4,10,55
5805,-108,43,87,379,4,7,55
5805,-108,49,87,379,5,10,56
5805,-108,50,87,379,4,9,55
5805,-108,52,87,379,4,9,56
5805,-108,51,87,379,4,11,57
5805,-108,52,87,379,5,9,53
5805,-108,44,87,379,6,13,55
5805,-108,37,87,379,4,11,55
5805,-108,44,87,379,5,10,56
5805,-108,58,87,379,5,7,54
5805,-108,41,87,379,4,9,55
5805,-108,29,87,379,4,8,54
5805,-108,32,87,379,4,11,55
5805,-108,47,87,379,5,10,55
5805,-108,53,87,379,5,9,54
5805,-108,46,87,379,5,9,55
5805,-108,60,87,379,5,8,55
5805,-108,45,87,379,6,10,55
5805,-108,53,87,379,4,9,56
5805,-108,46,87,379,6,7,54
5805,-108,54,87,379,5,9,55
5805,-108,39,87,379,4,10,55
5805,-108,50,87,379,6,8,54
5805,-108,60,87,379,5,10,55
5805,-108,42,87,379,5,9,55
5805,-108,45,87,379,6,11,55
5805,-108,37,87,379,4,9,56
5805,-108,46,87,379,4,10,55
5805,-108,48,87,379,6,8,55
5805,-108,41,87,379,6,9,56
5805,-108,47,87,379,4,8,55
5805,-108,44,87,379,5,10,56
5805,-108,52,87,379,6,8,54
5805,-108,51,87,379,6,7,55
5805,-108,46,87,379,5,10,55
5805,-108,48,87,379,5,9,54
5805,-108,36,87,379,4,8,55
5805,-108,30,87,379,6,9,54
5805,-108,51,87,379,4,9,55
5805,-108,30,87,379,4,10,55
5805,-108,42,87,379,5,10,56
5805,-108,40,87,379,5,8,54
5805,-108,57,87,379,5,10,55
5805,-108,48,87,379,5,9,54
5805,-108,46,87,379,7,10,55
5805,-108,58,87,379,5,9,54
5805,-108,43,87,379,6,10,55
5805,-108,52,87,379,5,10,55
5805,-108,61,87,379,4,10,56
5805,-108,27,87,379,5,9,54
5805,-108,47,87,379,4,7,54
5805,-108,49,87,379,5,7,54
5805,-108,38,87,379,5,9,55
5805,-108,45,87,379,5,10,56
5805,-108,37,87,379,5,10,54
5805,-108,61,87,379,5,9,56
5805,-108,56,87,379,6,11,54
5805,-108,45,87,379,6,10,55
5805,-108,38,87,379,3,9,54
5805,-108,40,87,379,5,10,55
5805,-108,49,87,379,4,9,55
5805,-108,51,87,379,5,9,54
5805,-108,38,87,379,6,10,55
5805,-108,42,87,379,4,9,55
5805,-108,36,87,379,5,9,54
5805,-108,40,87,379,5,9,55
5805,-108,46,87,379,6,10,55
5805,-108,54,87,379,4,9,54
5805,-108,29,87,379,5,10,55
5805,-108,37,87,379,6,9,55
5805,-108,37,87,379,5,12,57
5805,-108,45,87,379,6,10,55
5805,-108,50,87,379,4,10,55
5805,-108,45,87,379,5,9,55
5805,-108,37,87,379,6,9,54
5805,-108,50,87,379,5,8,54
5805,-108,34,87,379,5,9,54
5805,-108,44,87,379,5,8,55
5805,-108,45,87,379,5,8,54
5805,-108,47,87,379,4,9,55
5805,-108,44,87,379,5,9,55
5805,-108,38,87,379,5,8,54
5805,-108,40,87,379,4,9,54
5805,-108,35,87,379,5,10,56
5805,-108,43,87,379,5,11,56
5805,-108,46,87,379,5,7,54
5805,-108,57,87,379,6,9,55
5805,-108,45,87,379,4,11,56
5805,-108,57,87,379,5,11,56
5805,-108,47,87,379,5,9,55
5805,-108,44,87,379,4,10,56
5805,-108,51,87,379,5,8,55
5805,-108,30,87,379,7,7,54
5805,-108,47,87,379,4,9,55
5805,-108,37,87,379,5,9,55
5805,-108,62,87,379,6,9,55
5805,-108,43,87,379,4,9,55
5805,-108,37,87,379,5,9,54
5805,-108,47,87,379,4,11,56
5805,-108,37,87,379,4,8,55
5805,-108,44,87,379,5,10,55
5805,-108,61,87,379,6,10,56
5805,-108,50,87,379,5,11,55
5805,-108,43,87,379,4,9,54
5805,-108,47,87,379,5,9,55
5805,-108,40,87,379,5,9,54
5805,-108,40,87,379,4,9,54
5805,-108,37,87,379,5,9,55
5805,-108,43,87,379,6,9,55
5805,-108,38,87,379,5,10,56
5805,-108,43,87,379,4,9,55
5805,-108,58,87,379,5,8,55
5805,-108,48,87,379,7,12,55
5805,-108,51,87,379,4,9,56
5805,-108,52,87,379,5,10,55
5805,-108,36,87,379,3,10,55
5805,-108,41,87,379,4,9,55
5805,-108,59,87,379,5,9,55
5805,-108,53,87,379,5,10,55
5805,-108,56,87,379,5,10,55
5805,-108,34,87,379,6,8,55
5805,-108,49,87,379,6,10,56
5805,-108,44,87,379,5,9,54
5805,-108,31,87,379,5,10,55
5805,-108,40,87,379,5,9,55
5805,-108,39,87,379,4,9,54
5805,-108,42,87,379,5,11,55
5805,-108,56,87,379,5,8,55
5805,-108,40,87,379,5,10,55
5805,-108,43,87,379,5,9,54
5805,-108,44,87,379,4,8,55
5805,-108,39,87,379,5,9,54
5805,-108,58,87,379,6,8,54
5805,-108,32,87,379,5,10,55
5805,-108,38,87,379,5,9,55
5805,-108,33,87,379,4,10,55
5805,-108,34,87,379,6,8,54
5805,-108,47,87,379,5,10,55
5805,-108,62,87,379,5,11,56
5805,-108,48,87,379,5,9,55
5805,-108,45,87,379,4,9,54
5805,-108,46,87,379,5,10,57
5805,-108,53,87,379,6,7,55
5805,-108,41,87,379,6,8,54
5805,-108,33,87,379,5,8,55
5805,-108,39,87,379,6,10,56
5805,-108,48,87,379,5,10,55
5805,-108,53,87,379,5,9,55
5805,-108,47,87,379,5,8,55
5805,-108,58,87,379,4,9,55
5805,-108,36,87,379,5,8,55
5805,-108,45,87,379,5,9,55
5805,-108,27,87,379,5,8,53
5805,-108,50,87,379,5,8,55
5805,-108,43,87,379,5,8,55
5805,-108,40,87,379,5,7,54
5805,-108,35,87,379,4,10,54
5805,-108,43,87,379,5,10,54
5805,-108,45,87,379,5,10,55
5805,-108,48,87,379,5,10,56
5805,-108,45,87,379,4,11,55
5805,-108,48,87,379,4,9,55
5805,-108,43,87,379,5,8,54
5805,-108,41,87,379,4,8,55
5805,-108,42,87,379,4,8,55
5805,-108,42,87,379,6,7,54
5805,-108,38,87,379,5,10,55
5805,-108,46,87,379,5,11,55
5805,-108,60,87,379,5,9,56
5805,-108,42,87,379,4,10,55
5805,-108,46,87,379,5,9,55
5805,-108,38,87,379,4,9,54
5805,-108,45,87,379,4,8,54
5805,-108,27,87,379,5,8,55
5805,-108,39,87,379,4,10,56
5805,-108,43,87,379,6,9,55
5805,-108,44,87,379,6,8,55
5805,-108,43,87,379,5,11,56
5805,-108,54,87,379,4,8,55
5805,-108,39,87,379,6,10,56
5805,-108,63,87,379,3,9,55
5805,-108,44,87,379,5,8,55
5805,-108,52,87,379,4,9,55
5805,-108,46,87,379,7,9,55
5805,-108,37,87,379,5,10,55
5805,-108,46,87,379,5,9,55
5805,-108,56,87,379,5,8,55
5805,-108,52,87,379,4,8,55
5805,-108,36,87,379,5,9,55
5805,-108,39,87,379,5,10,55
5805,-108,54,87,379,6,10,55
5805,-108,43,87,379,5,11,55
5805,-108,35,87,379,4,9,54
5805,-108,52,87,379,5,8,55
5805,-108,51,87,379,4,9,56
5805,-108,39,87,379,5,10,55
5805,-108,49,87,379,5,9,54
5805,-108,41,87,379,5,9,55
5805,-108,34,87,379,5,9,55
5805,-108,47,87,379,4,9,55
5805,-108,43,87,379,4,10,56
5805,-108,39,87,379,4,10,55
5805,-108,49,87,379,6,9,55
5805,-108,43,87,379,4,10,55
5805,-108,46,87,379,4,11,55
5805,-108,32,87,379,6,9,54
5805,-108,49,87,379,5,9,55
5805,-108,49,87,379,5,8,54
5805,-108,44,87,379,4,10,56
5805,-108,51,87,379,5,10,55
5805,-108,51,87,379,5,9,55
5805,-108,31,87,379,6,10,55
5805,-108,43,87,379,4,9,55
5805,-108,53,87,379,6,9,55
5805,-108,58,87,379,4,9,55
5805,-108,33,87,379,6,8,54
5805,-108,37,87,379,6,10,55
5805,-108,45,87,379,4,9,55
5805,-108,38,87,379,6,11,55
5805,-108,49,87,379,5,6,54
5805,-108,43,87,379,3,10,54
5805,-108,38,87,379,4,10,56
5805,-108,44,87,379,3,10,55
5805,-108,24,87,379,4,9,55
5805,-108,34,87,379,4,8,55
5805,-108,41,87,379,5,9,54
5805,-108,33,87,379,4,9,54
5805,-108,41,87,379,5,8,54
5805,-108,49,87,379,5,10,55
5805,-108,51,87,379,5,9,55
5805,-108,40,87,379,5,10,56
5805,-108,48,87,379,5,10,55
5805,-108,44,87,379,5,13,56
5805,-108,46,87,379,4,9,54
5805,-108,42,87,379,3,10,55
5805,-108,35,87,379,6,9,54
5805,-108,27,87,379,4,9,54
5805,-108,35,87,379,5,10,55
5805,-108,39,87,379,4,9,54
5805,-108,53,87,379,3,8,55
5805,-108,45,87,379,6,10,55
5805,-108,51,87,379,5,11,56
5805,-108,66,87,379,4,8,54
5805,-108,43,87,379,5,11,55
5805,-108,38,87,379,4,11,55
5805,-108,41,87,379,6,9,54
5805,-108,32,87,379,6,10,54
5805,-108,46,87,379,5,9,55
5805,-108,39,87,379,4,10,56
5805,-108,36,87,379,7,10,55
5805,-108,49,87,379,5,8,54
5805,-108,54,87,379,4,9,55
5805,-108,45,87,379,5,11,56
5805,-108,42,87,379,5,8,54
5805,-108,49,87,379,5,8,55
5805,-108,58,87,379,6,9,55
5805,-108,35,87,379,5,9,55
5805,-108,32,87,379,5,8,55
5805,-108,44,87,379,4,9,54
5805,-108,44,87,379,4,8,54
5805,-108,44,87,379,4,9,55
5805,-108,45,87,379,5,10,55
5805,-108,50,87,379,6,8,55
5805,-108,32,87,379,4,8,53
5805,-108,39,87,379,4,8,54
5805,-108,48,87,379,5,11,55
5805,-108,57,87,379,4,10,55
5805,-108,52,87,379,4,9,54
5805,-108,52,87,379,4,10,56
5805,-108,43,87,379,4,9,55
5805,-108,35,87,379,6,10,54
5805,-108,38,87,379,5,9,54
5805,-108,50,87,379,5,8,54
5805,-108,44,87,379,4,10,56
5805,-108,41,87,379,5,9,55
5805,-108,49,87,379,6,9,55
5805,-108,52,87,379,5,9,55
5805,-108,50,87,379,5,8,55
5805,-108,49,87,379,5,9,55
5805,-108,46,87,379,6,10,56
5805,-108,38,87,379,4,9,54
5805,-108,62,87,379,4,9,55
5805,-108,49,87,379,6,9,55
5805,-108,60,87,379,5,9,56
5805,-108,30,87,379,5,9,55
5805,-108,37,87,379,4,9,55
5805,-108,43,87,379,6,12,56
5805,-108,37,87,379,5,10,55
5805,-108,34,87,379,5,9,54
5805,-108,46,87,379,5,11,55
5805,-108,50,87,379,5,9,55
5805,-108,62,87,379,5,9,55
5805,-108,58,87,379,6,10,56
5805,-108,47,87,379,6,8,54
5805,-108,32,87,379,4,8,55
5805,-108,53,87,379,4,10,55
5805,-108,51,87,379,4,11,56
5805,-108,48,87,379,5,11,56
5805,-108,51,87,379,4,9,55
5805,-108,49,87,379,6,8,54
5805,-108,42,87,379,6,9,54
5805,-108,37,87,379,5,9,55
5805,-108,43,87,379,5,10,55
5805,-108,63,87,379,4,10,56
5805,-108,42,87,379,6,9,55
5805,-108,48,87,379,6,9,55
5805,-108,39,87,379,4,7,55
5805,-108,40,87,379,5,9,55
5805,-108,35,87,379,3,9,54
5805,-108,42,87,379,4,9,56
5805,-108,48,87,379,6,8,55
5805,-108,47,87,379,6,9,54
5805,-108,48,87,379,5,8,55
5805,-108,38,87,379,5,11,55
5805,-108,36,87,379,5,10,55
5805,-108,39,87,379,4,8,55
5805,-108,43,87,379,5,9,54
5805,-108,45,87,379,4,8,54
5805,-108,44,87,379,6,9,54
5805,-108,41,87,379,4,9,54
5805,-108,33,87,379,4,9,55
5805,-108,27,87,379,5,9,54
5805,-108,37,87,379,4,9,54
5805,-108,42,87,379,4,9,55
5805,-108,44,87,379,5,9,54
5805,-108,46,87,379,5,10,55
5805,-108,45,87,379,5,9,55
5805,-108,51,87,379,3,8,55
5805,-108,44,87,379,5,9,54
5805,-108,40,87,379,5,9,55
5805,-108,43,87,379,4,10,54
5805,-108,50,87,379,6,11,55
5805,-108,44,87,379,6,9,55
5805,-108,36,87,379,4,9,56
5805,-108,32,87,379,6,8,54
5805,-108,53,87,379,4,8,55
5805,-108,46,87,379,4,8,55
5805,-108,35,87,379,5,9,55
5805,-108,58,87,379,5,8,55
5805,-108,42,87,379,5,10,56
5805,-108,28,87,379,6,9,55
5805,-108,39,87,379,5,8,54
5805,-108,43,87,379,4,8,54
5805,-108,50,87,379,4,11,55
5805,-108,52,87,379,6,9,54
5805,-108,55,87,379,4,8,54
5805,-108,54,87,379,5,9,54
5805,-108,46,87,379,4,10,56
5805,-108,37,87,379,4,8,55
5805,-108,57,87,379,5,6,54
5805,-108,34,87,379,4,11,55
5805,-108,39,87,379,4,9,55
5805,-108,40,87,379,5,10,54
5805,-108,54,87,379,5,10,55
5805,-108,67,87,379,4,9,55
5805,-108,33,87,379,5,8,55
5805,-108,41,87,379,4,10,56
5805,-108,47,87,379,5,8,55
5805,-108,36,87,379,4,9,54
5805,-108,43,87,379,5,7,55
5805,-108,34,87,379,5,9,55
5805,-108,44,87,379,3,13,57
5805,-108,66,87,379,6,9,55
5805,-108,38,87,379,5,8,54
5805,-108,34,87,379,6,9,55
5805,-108,32,87,379,5,10,55
5805,-108,45,87,379,5,9,56
5805,-108,57,87,379,7,10,55
5805,-108,48,87,379,4,11,56
5805,-108,42,87,379,5,8,55
5805,-108,32,87,379,4,10,54
5805,-108,39,87,379,5,9,54
5805,-108,43,87,379,6,10,56
5805,-108,56,87,379,5,9,56
5805,-108,44,87,379,5,9,55
5805,-108,52,87,379,6,8,55
5805,-108,25,87,379,6,9,55
5805,-108,38,87,379,6,7,54
5805,-108,31,87,379,5,7,53
5805,-108,38,87,379,5,11,56
5805,-108,45,87,379,5,8,55
5805,-108,50,87,379,5,10,56
5805,-108,47,87,379,5,11,56
5805,-108,54,87,379,6,9,55
5805,-108,51,87,379,4,9,56
5805,-108,60,87,379,5,9,55
5805,-108,42,87,379,6,10,55
5805,-108,54,87,379,5,8,55
5805,-108,50,87,379,6,9,55
5805,-108,44,87,379,4,10,55
5805,-108,44,87,379,4,9,54
5805,-108,51,87,379,4,9,56
5805,-108,35,87,379,3,10,55
5805,-108,47,87,379,5,11,55
5805,-108,50,87,379,4,9,55
5805,-108,38,87,379,4,8,55
5805,-108,39,87,379,5,9,54
5805,-108,61,87,379,5,10,55
5805,-108,44,87,379,5,10,55
5805,-108,48,87,379,4,9,55
5805,-108,52,87,379,4,10,55
5805,-108,55,87,379,6,10,56
5805,-108,38,87,379,6,8,55
5805,-108,40,87,379,4,9,54
5805,-108,48,87,379,3,7,54
5805,-108,39,87,379,4,10,56
5805,-108,42,87,379,5,8,54
5805,-108,48,87,379,5,9,55
5805,-108,55,87,379,5,9,55
5805,-108,44,87,379,5,10,55
5805,-108,40,87,379,4,9,54
5805,-108,51,87,379,5,10,56
5805,-108,50,87,379,6,9,55
5805,-108,42,87,379,4,10,54
5805,-108,55,87,379,5,10,56
5805,-108,27,87,379,4,9,55
5805,-108,42,87,379,4,10,55
5805,-108,53,87,379,4,9,54
5805,-108,34,87,379,6,10,55
5805,-108,38,87,379,5,10,55
5805,-108,53,87,379,4,10,56
5805,-108,49,87,379,6,11,56
5805,-108,45,87,379,5,9,56
5805,-108,51,87,379,6,10,55
5805,-108,35,87,379,6,10,55
5805,-108,32,87,379,5,9,55
5805,-108,47,87,379,5,9,54
5805,-108,41,87,379,5,10,55
5805,-108,41,87,379,6,10,55
5805,-108,44,87,379,6,9,55
5805,-108,44,87,379,5,10,55
5805,-108,49,87,379,6,9,55
5805,-108,41,87,379,5,11,56
5805,-108,47,87,379,4,9,55
5805,-108,47,87,379,4,11,56
5805,-108,47,87,379,5,11,56
5805,-108,44,87,379,7,11,55
5805,-108,58,87,379,4,10,56
5805,-108,39,87,379,4,10,56
5805,-108,38,87,379,5,9,56
5805,-108,31,87,379,5,11,55
5805,-108,43,87,379,6,10,55
5805,-108,43,87,379,6,8,54
5805,-108,61,87,379,6,10,55
5805,-108,37,87,379,5,8,54
5805,-108,51,87,379,5,10,55
5805,-108,47,87,379,4,7,55
5805,-108,49,87,379,4,9,54
5805,-108,30,87,379,5,7,54
5805,-108,53,87,379,4,10,56
5805,-108,43,87,379,4,9,55
5805,-108,40,87,379,6,12,56
5805,-108,46,87,379,4,9,55
5805,-108,37,87,379,5,10,55
5805,-108,46,87,379,4,7,54
5805,-108,43,87,379,6,7,54
5805,-108,37,87,379,5,9,55
5805,-108,56,87,379,6,9,55
5805,-108,38,87,379,5,9,55
5805,-108,33,87,379,4,10,54
5805,-108,31,87,379,6,8,54
5805,-108,47,87,379,4,10,57
5805,-108,50,87,379,5,10,55
5805,-108,40,87,379,5,9,55
5805,-108,49,87,379,6,9,54
5805,-108,44,87,379,4,8,55
5805,-108,49,87,379,4,9,54
5805,-108,37,87,379,6,8,54
5805,-108,42,87,379,4,10,55
5805,-108,47,87,379,4,11,56
5805,-108,41,87,379,6,7,54
5805,-108,42,87,379,4,9,55
5805,-108,55,87,379,5,10,56
5805,-108,45,87,379,5,9,55
5805,-108,54,87,379,4,9,56
5805,-108,60,87,379,4,8,55
5805,-108,36,87,379,4,11,55
5805,-108,41,87,379,5,11,56
5805,-108,42,87,379,6,10,55
5805,-108,32,87,379,5,10,55
5805,-108,44,87,379,6,8,54
5805,-108,46,87,379,3,8,55
5805,-108,49,87,379,5,9,55
5805,-108,44,87,379,6,8,54
5805,-108,30,87,379,5,10,55
5805,-108,36,87,379,4,10,56
5805,-108,48,87,379,4,8,54
5805,-108,38,87,379,5,10,56
5805,-108,35,87,379,5,9,55
5805,-108,49,87,379,6,10,56
5805,-108,47,87,379,6,9,55
5805,-108,51,87,379,6,9,55
5805,-108,55,87,379,5,9,55
5805,-108,42,87,379,6,11,55
5805,-108,33,87,379,4,10,54
5805,-108,52,87,379,5,9,55
5805,-108,44,87,379,5,10,55
5805,-108,52,87,379,5,8,55
5805,-108,58,87,379,4,10,57
5805,-108,35,87,379,5,8,54
5805,-108,36,87,379,4,8,55
5805,-108,32,87,379,5,9,55
5805,-108,45,87,379,4,9,55
5805,-108,48,87,379,6,8,55
5805,-108,54,87,379,5,10,55
5805,-108,41,87,379,5,8,54
5805,-108,45,87,379,5,8,54
5805,-108,52,87,379,5,8,54
5805,-108,52,87,379,6,9,54
5805,-108,48,87,379,5,9,55
5805,-108,42,87,379,4,10,54
5805,-108,50,87,379,5,10,56
5805,-108,35,87,379,5,10,54
5805,-108,31,87,379,4,9,55
5805,-108,35,87,379,4,9,55
5805,-108,31,87,379,6,9,56
5805,-108,45,87,379,6,9,55
5805,-108,47,87,379,3,9,54
5805,-108,63,87,379,3,9,56
5805,-108,48,87,379,4,10,55
5805,-108,38,87,379,4,10,54
5805,-108,44,87,379,4,8,54
5805,-108,32,87,379,4,8,54
5805,-108,44,87,379,5,11,56
5805,-108,37,87,379,5,9,54
5805,-108,39,87,379,4,9,55
5805,-108,34,87,379,5,10,55
5805,-108,41,87,379,4,9,55
5805,-108,55,87,379,4,10,55
5805,-108,40,87,379,5,9,55
5805,-108,40,87,379,4,10,55
5805,-108,42,87,379,7,9,55
5805,-108,49,87,379,5,10,56
5805,-108,64,87,379,5,9,55
5805,-108,52,87,379,5,11,56
5805,-108,42,87,379,5,9,55
5805,-108,44,87,379,4,11,55
5805,-108,66,87,379,5,9,55
5805,-108,40,87,379,5,11,56
5805,-108,49,87,379,5,10,56
5805,-108,44,87,379,5,8,55
5805,-108,52,87,379,5,9,54
5805,-108,55,87,379,4,9,55
5805,-108,47,87,379,4,8,54
5805,-108,50,87,379,5,10,56
5805,-108,51,87,379,4,8,55
5805,-108,41,87,379,5,7,54
5805,-108,56,87,379,4,9,56
5805,-108,48,87,379,6,11,55
5805,-108,38,87,379,6,9,55
5805,-108,37,87,379,5,9,55
5805,-108,49,87,379,5,9,55
5805,-108,34,87,379,3,10,55
5805,-108,44,87,379,5,11,55
5805,-108,40,87,379,4,8,54
5805,-108,42,87,379,6,8,55
5805,-108,58,87,379,6,9,55
5805,-108,59,87,379,4,10,55
5805,-108,45,87,379,5,11,55
5805,-108,47,87,379,4,9,55
5805,-108,42,87,379,5,8,55
5805,-108,39,87,379,5,6,54
5805,-108,40,87,379,4,10,55
5805,-108,39,87,379,5,13,56
5805,-108,47,87,379,3,9,54
5805,-108,46,87,379,5,11,55
5805,-108,28,87,379,4,9,55
5805,-108,46,87,379,5,9,54
5805,-108,50,87,379,5,10,55
5805,-108,50,87,379,4,10,55
5805,-108,52,87,379,5,11,56
5805,-108,30,87,379,5,9,54
5805,-108,43,87,379,5,11,56
5805,-108,35,87,379,5,10,55
5805,-108,43,87,379,5,10,55
5805,-108,51,87,379,5,7,54
5805,-108,40,87,379,6,8,55
5805,-108,46,87,379,5,9,56
5805,-108,59,87,379,6,10,55
5805,-108,59,87,379,4,9,55
5805,-108,49,87,379,7,8,55
5805,-108,57,87,379,4,10,56
5805,-108,59,87,379,6,9,54
5805,-108,41,87,379,5,9,55
5805,-108,49,87,379,5,11,55
5805,-108,43,87,379,5,9,55
5805,-108,53,87,379,4,9,55
5805,-108,55,87,379,4,8,55
5805,-108,44,87,379,5,8,55
5805,-108,44,87,379,5,10,56
5805,-108,60,87,379,5,10,56
5805,-108,53,87,379,5,9,55
5805,-108,55,87,379,5,13,56
5805,-108,40,87,379,5,8,55
5805,-108,46,87,379,5,9,55
5805,-108,61,87,379,3,9,55
5805,-108,53,87,379,6,10,56
5805,-108,31,87,379,4,11,54
5805,-108,61,87,379,5,9,54
5805,-108,35,87,379,4,10,55
5805,-108,52,87,379,4,9,55
5805,-108,60,87,379,5,10,54
5805,-108,42,87,379,5,10,55
5805,-108,57,87,379,5,9,56
5805,-108,49,87,379,5,11,55
5805,-108,37,87,379,5,11,54
5805,-108,44,87,379,5,8,54
5805,-108,54,87,379,4,9,55
5805,-108,34,87,379,5,10,55
5805,-108,51,87,379,5,9,55
5805,-108,40,87,379,5,10,55
5805,-108,41,87,379,3,10,56
5805,-108,38,87,379,4,9,55
5805,-108,54,87,379,6,9,55
5805,-108,61,87,379,5,9,56
5805,-108,53,87,379,4,10,56
5805,-108,40,87,379,3,10,55
5805,-108,48,87,379,6,9,55
5805,-108,52,87,379,6,9,55
5805,-108,27,87,379,5,9,55
5805,-108,39,87,379,6,8,55
5805,-108,52,87,379,4,10,55
5805,-108,38,87,379,5,8,54
5805,-108,40,87,379,4,10,54
5805,-108,43,87,379,6,9,55
5805,-108,34,87,379,4,8,54
5805,-108,38,87,379,6,9,54
5805,-108,59,87,379,5,10,56
5805,-108,47,87,379,4,9,55
5805,-108,39,87,379,5,9,55
5805,-108,40,87,379,6,10,56
5805,-108,52,87,379,4,9,55
5805,-108,37,87,379,4,11,56
5805,-108,36,87,379,5,9,55
5805,-108,49,87,379,5,10,55
5805,-108,43,87,379,5,9,55
5805,-108,52,87,379,6,9,56
5805,-108,55,87,379,4,11,55
5805,-108,38,87,379,4,9,55
5805,-108,39,87,379,4,8,54
5805,-108,39,87,379,4,7,53
5805,-108,48,87,379,6,9,55
5805,-108,41,87,379,4,11,55
5805,-108,55,87,379,4,10,55
5805,-108,42,87,379,5,9,56
5805,-108,35,87,379,4,9,55
5805,-108,36,87,379,6,8,54
5805,-108,33,87,379,6,9,55
5805,-108,54,87,379,5,9,55
5805,-108,45,87,379,5,9,54
5805,-108,40,87,379,6,8,55
5805,-108,35,87,379,4,9,54
5805,-108,38,87,379,6,9,55
5805,-108,46,87,379,5,10,55
5805,-108,38,87,379,5,9,55
5805,-108,46,87,379,5,8,54
5805,-108,46,87,379,5,7,55
5805,-108,44,87,379,5,11,56
5805,-108,52,87,379,5,11,56
5805,-108,36,87,379,5,11,56
5805,-108,30,87,379,5,6,53
5805,-108,41,87,379,5,8,54
5805,-108,41,87,379,5,9,55
5805,-108,43,87,379,5,9,54
5805,-108,45,87,379,5,10,55
5805,-108,47,87,379,4,11,55
5805,-108,37,87,379,4,7,53
5805,-108,33,87,379,6,10,54
5805,-108,23,87,379,5,9,55
5805,-108,46,87,379,5,10,55
5805,-108,45,87,379,4,8,55
5805,-108,52,87,379,5,11,56
5805,-108,29,87,379,5,12,55
5805,-108,42,87,379,4,9,54
5805,-108,36,87,379,5,9,54
5805,-108,34,87,379,6,9,55
5805,-108,37,87,379,6,8,54
5805,-108,42,87,379,5,12,55
5805,-108,43,87,379,5,8,54
5805,-108,55,87,379,4,10,55
5805,-108,39,87,379,4,9,55
5805,-108,50,87,379,5,8,54
5805,-108,31,87,379,5,10,55
5805,-108,42,87,379,4,8,55
5805,-108,35,87,379,6,9,55
5805,-108,42,87,379,5,8,54
5805,-108,52,87,379,5,8,55
5805,-108,41,87,379,4,10,55
5805,-108,37,87,379,5,11,55
5805,-108,41,87,379,5,10,55
5805,-108,28,87,379,5,10,55
5805,-108,40,87,379,5,9,54
5805,-108,41,87,379,5,11,56
5805,-108,46,87,379,5,8,54
5805,-108,45,87,379,5,9,55
5805,-108,52,87,379,4,8,55
5805,-108,61,87,379,4,8,55
5805,-108,46,87,379,5,9,55
5805,-108,46,87,379,4,8,55
5805,-108,26,87,379,5,10,56
5805,-108,45,87,379,6,9,55
5805,-108,47,87,379,5,7,55
5805,-108,37,87,379,4,9,54
5805,-108,40,87,379,4,10,55
5805,-108,47,87,379,4,10,55
5805,-108,24,87,379,4,10,55
5805,-108,47,87,379,6,10,55
5805,-108,38,87,379,5,8,54
5805,-108,41,87,379,5,8,55
5805,-108,50,87,379,5,11,56
5805,-108,46,87,379,4,8,55
5805,-108,54,87,379,5,10,56
5805,-108,45,87,379,6,9,55
5805,-108,54,87,379,4,9,55
5805,-108,40,87,379,4,8,54
5805,-108,42,87,379,6,10,56
5805,-108,37,87,379,3,10,55
5805,-108,62,87,379,6,8,55
5805,-108,35,87,379,4,10,56
5805,-108,43,87,379,6,9,55
5805,-108,36,87,379,4,8,54
5805,-108,29,87,379,4,11,55
5805,-108,34,87,379,6,8,55
5805,-108,44,87,379,5,9,54
5805,-108,44,87,379,5,9,55
5805,-108,44,87,379,2,10,56
5805,-108,57,87,379,4,9,55
5805,-108,29,87,379,6,9,55
5805,-108,45,87,379,4,9,55
5805,-108,31,87,379,5,8,54
5805,-108,63,87,379,4,9,55
5805,-108,44,87,379,5,8,55
5805,-108,37,87,379,5,9,54
5805,-108,42,87,379,5,11,56
5805,-108,52,87,379,5,12,57
5805,-108,37,87,379,4,10,54
5805,-108,55,87,379,4,10,55
5805,-108,42,87,379,4,10,56
5805,-108,47,87,379,4,9,55
5805,-108,35,87,379,5,9,54
5805,-108,33,87,379,6,9,55
5805,-108,33,87,379,5,9,55
5805,-108,46,87,379,5,9,55
5805,-108,38,87,379,5,10,55
5805,-108,49,87,379,6,11,56
5805,-108,47,87,379,5,9,54
5805,-108,26,87,379,5,10,55
5805,-108,37,87,379,5,11,55
5805,-108,31,87,379,7,10,55
5805,-108,37,87,379,4,9,55
5805,-108,43,87,379,5,9,54
5805,-108,37,87,379,5,10,55
5805,-108,47,87,379,6,10,55
5805,-108,46,87,379,6,9,56
5805,-108,43,87,379,4,10,56
5805,-108,44,87,379,4,9,55
5805,-108,36,87,379,5,9,55
5805,-108,39,87,379,5,9,54
5805,-108,36,87,379,5,9,54
5805,-108,47,87,379,5,9,55
5805,-108,35,87,379,5,8,54
5805,-108,36,87,379,4,9,55
5805,-108,34,87,379,6,9,55
5805,-108,45,87,379,5,10,55
5805,-108,52,87,379,5,9,56
5805,-108,43,87,379,5,8,55
5805,-108,33,87,379,6,9,54
5805,-108,35,87,379,6,10,54
5805,-108,29,87,379,4,8,55
5805,-108,39,87,379,6,11,55
5805,-108,40,87,379,4,8,54
5805,-108,41,87,379,5,12,56
5805,-108,48,87,379,6,10,56
5805,-108,36,87,379,6,7,53
5805,-108,40,87,379,5,8,54
5805,-108,48,87,379,5,10,55
5805,-108,47,87,379,4,8,54
5805,-108,45,87,379,4,10,55
5805,-108,37,87,379,4,8,54
5805,-108,48,87,379,4,9,55
5805,-108,57,87,379,5,8,55
5805,-108,57,87,379,3,10,55
5805,-108,48,87,379,4,8,55
5805,-108,44,87,379,4,9,55
5805,-108,51,87,379,4,9,55
5805,-108,50,87,379,5,8,55
5805,-108,52,87,379,5,10,56
5805,-108,48,87,379,4,9,55
5805,-108,37,87,379,5,9,55
5805,-108,59,87,379,4,6,54
5805,-108,46,87,379,5,9,54
5805,-108,58,87,379,5,9,56
5805,-108,50,87,379,6,10,55
5805,-108,45,87,379,5,10,56
5805,-108,48,87,379,5,9,55
5805,-108,45,87,379,5,9,55
5805,-108,47,87,379,3,12,56
5805,-108,53,87,379,5,11,55
5805,-108,44,87,379,4,11,56
5805,-108,36,87,379,5,12,55
5805,-108,48,87,379,5,9,55
5805,-108,42,87,379,5,10,55
5805,-108,43,87,379,3,11,56
5805,-108,41,87,379,5,11,56
5805,-108,49,87,379,4,9,55
5805,-108,45,87,379,4,9,55
5805,-108,51,87,379,5,9,55
5805,-108,52,87,379,5,8,55
5805,-108,59,87,379,5,9,55
5805,-108,57,87,379,5,9,56
5805,-108,39,87,379,5,8,54
5805,-108,50,87,379,6,8,55
5805,-108,42,87,379,5,9,55
5805,-108,51,87,379,5,8,54
5805,-108,51,87,379,5,8,54
5805,-108,46,87,379,5,8,54
5805,-108,54,87,379,6,10,56
5805,-108,42,87,379,4,10,55
5805,-108,49,87,379,4,10,56
5805,-108,51,87,379,5,12,56
5805,-108,23,87,379,6,8,54
5805,-108,36,87,379,5,10,54
5805,-108,44,87,379,6,9,55
5805,-108,46,87,379,5,10,55
5805,-108,38,87,379,6,9,54
5805,-108,50,87,379,5,11,54
5805,-108,42,87,379,6,9,55
5805,-108,49,87,379,5,11,56
5805,-108,44,87,379,3,9,55
5805,-108,52,87,379,6,10,55
5805,-108,31,87,379,5,8,54
5805,-108,44,87,379,5,9,55
5805,-108,52,87,379,5,10,55
5805,-108,53,87,379,5,9,55
5805,-108,41,87,379,4,10,54
5805,-108,35,87,379,5,9,56
5805,-108,48,87,379,5,10,54
5805,-108,46,87,379,5,8,54
5805,-108,50,87,379,6,7,55
5805,-108,37,87,379,5,10,56
5805,-108,49,87,379,5,8,55
5805,-108,53,87,379,4,9,55
5805,-108,44,87,379,6,9,54
5805,-108,50,87,379,5,9,55
5805,-108,44,87,379,5,9,55
5805,-108,49,87,379,3,8,54
5805,-108,46,87,379,4,10,55
5805,-108,41,87,379,4,9,55
5805,-108,45,87,379,4,9,54
5805,-108,40,87,379,5,10,54
5805,-108,57,87,379,4,9,55
5805,-108,44,87,379,5,9,55
5805,-108,39,87,379,5,8,54
5805,-108,25,87,379,5,8,54
5805,-108,32,87,379,4,8,55
5805,-108,45,87,379,5,9,55
5805,-108,42,87,379,5,9,55
5805,-108,46,87,379,5,9,55
5805,-108,31,87,379,4,10,54
5805,-108,33,87,379,5,11,56
5805,-108,50,87,379,4,10,55
5805,-108,37,87,379,5,10,55
5805,-108,42,87,379,4,8,54
5805,-108,38,87,379,5,12,55
5805,-108,46,87,379,6,8,54
5805,-108,41,87,379,4,11,56
5805,-108,40,87,379,4,10,55
5805,-108,37,87,379,5,9,55
5805,-108,43,87,379,4,9,55
5805,-108,45,87,379,5,11,56
5805,-108,33,87,379,4,9,55
5805,-108,38,87,379,6,8,55
5805,-108,45,87,379,4,7,54
5805,-108,41,87,379,4,9,54
5805,-108,37,87,379,4,8,54
5805,-108,43,87,379,5,9,55
5805,-108,40,87,379,4,8,55
5805,-108,56,87,379,6,10,55
5805,-108,52,87,379,4,9,55
5805,-108,41,87,379,5,11,56
5805,-108,39,87,379,7,8,54
5805,-108,34,87,379,5,9,54
5805,-108,52,87,379,5,10,56
5805,-108,53,87,379,5,9,54
5805,-108,46,87,379,5,9,55
5805,-108,33,87,379,6,8,55
5805,-108,34,87,379,6,9,55
5805,-108,35,87,379,4,11,55
5805,-108,30,87,379,6,9,54
5805,-108,40,87,379,5,9,54
5805,-108,43,87,379,4,9,54
5805,-108,42,87,379,5,12,56
5805,-108,44,87,379,4,8,54
5805,-108,37,87,379,6,9,55
5805,-108,55,87,379,5,9,55
5805,-108,55,87,379,6,10,54
5805,-108,48,87,379,4,9,55
5805,-108,43,87,379,5,11,55
5805,-108,31,87,379,5,7,54
5805,-108,60,87,379,5,9,55
5805,-108,51,87,379,5,10,55
5805,-108,44,87,379,5,10,55
5805,-108,32,87,379,5,9,55
5805,-108,45,87,379,6,10,56
5805,-108,50,87,379,4,9,55
5805,-108,33,87,379,4,9,55
5805,-108,48,87,379,5,10,55
5805,-108,52,87,379,5,10,55
5805,-108,55,87,379,4,9,54
5805,-108,27,87,379,5,8,55
5805,-108,53,87,379,3,9,55
5805,-108,45,87,379,4,10,55
5805,-108,37,87,379,5,9,55
5805,-108,52,87,379,5,8,55
5805,-108,39,87,379,5,10,55
5805,-108,45,87,379,5,8,55
5805,-108,34,87,379,5,12,54
5805,-108,54,87,379,5,7,54
5805,-108,34,87,379,5,10,54
5805,-108,44,87,379,4,10,56
5805,-108,46,87,379,5,7,54
5805,-108,42,87,379,5,10,56
5805,-108,42,87,379,5,8,54
5805,-108,52,87,379,6,10,55
5805,-108,48,87,379,4,9,55
5805,-108,42,87,379,5,9,55
5805,-108,51,87,379,5,7,54
5805,-108,37,87,379,5,10,55
5805,-108,44,87,379,5,10,55
5805,-108,44,87,379,5,7,54
5805,-108,53,87,379,5,11,56
5805,-108,37,87,379,5,11,55
5805,-108,33,87,379,5,12,56
5805,-108,32,87,379,4,9,55
5805,-108,42,87,379,4,10,56
5805,-108,37,87,379,4,9,55
5805,-108,49,87,379,5,9,55
5805,-108,28,87,379,5,9,55
5805,-108,52,87,379,6,9,55
5805,-108,29,87,379,5,11,55
5805,-108,40,87,379,6,10,55
5805,-108,50,87,379,7,11,55
5805,-108,42,87,379,4,10,55
5805,-108,49,87,379,4,9,54
5805,-108,43,87,379,6,9,55
5805,-108,42,87,379,4,10,55
5805,-108,47,87,379,5,9,56
5805,-108,53,87,379,6,10,56
5805,-108,49,87,379,5,10,56
5805,-108,52,87,379,5,9,54
5805,-108,49,87,379,6,10,55
5805,-108,41,87,379,3,6,54
5805,-108,43,87,379,6,9,55
5805,-108,60,87,379,6,8,56
5805,-108,34,87,379,4,8,55
5805,-108,54,87,379,6,9,55
5805,-108,37,87,379,4,8,54
5805,-108,33,87,379,5,11,55
5805,-108,34,87,379,5,11,56
5805,-108,50,87,379,7,9,56
5805,-108,40,87,379,5,8,55
5805,-108,57,87,379,4,11,55
5805,-108,47,87,379,5,12,56
5805,-108,39,87,379,4,9,54
5805,-108,35,87,379,5,9,54
5805,-108,40,87,379,5,10,55
5805,-108,41,87,379,5,8,54
5805,-108,32,87,379,6,9,56
5805,-108,51,87,379,6,8,55
5805,-108,53,87,379,4,9,54
5805,-108,44,87,379,5,9,55
5805,-108,46,87,379,5,9,54
5805,-108,49,87,379,4,10,56
5805,-108,36,87,379,4,8,54
5805,-108,46,87,379,4,10,55
5805,-108,52,87,379,4,9,55
5805,-108,34,87,379,4,10,55
5805,-108,46,87,379,5,8,54
5805,-108,26,87,379,6,9,54
5805,-108,41,87,379,7,8,54
5805,-108,26,87,379,5,8,54
5805,-108,45,87,379,5,11,56
5805,-108,49,87,379,6,9,54
5805,-108,49,87,379,4,9,55
5805,-108,38,87,379,5,9,56
5805,-108,45,87,379,6,9,56
5805,-108,43,87,379,6,9,55
5805,-108,47,87,379,4,10,55
5805,-108,38,87,379,5,10,55
5805,-108,48,87,379,4,9,55
5805,-108,31,87,379,4,9,55
5805,-108,41,87,379,5,7,53
5805,-108,41,87,379,6,11,56
5805,-108,47,87,379,5,11,56
5805,-108,48,87,379,7,9,55
5805,-108,51,87,379,5,10,56
5805,-108,45,87,379,6,8,54
5805,-108,32,87,379,4,9,54
5805,-108,51,87,379,5,9,55
5805,-108,40,87,379,4,10,55
5805,-108,39,87,379,5,12,56
5805,-108,40,87,379,5,9,55
5805,-108,45,87,379,6,10,55
5805,-108,33,87,379,5,10,55
5805,-108,40,87,379,4,10,56
5805,-108,45,87,379,4,9,55
5805,-108,51,87,379,5,9,54
5805,-108,24,87,379,3,9,55
5805,-108,46,87,379,4,9,55
5805,-108,43,87,379,5,10,55
5805,-108,40,87,379,5,8,55
5805,-108,44,87,379,5,11,56
5805,-108,34,87,379,5,8,54
5805,-108,33,87,379,3,10,55
5805,-108,36,87,379,5,10,55
5805,-108,45,87,379,5,10,55
5805,-108,41,87,379,5,8,54
5805,-108,55,87,379,5,9,56
5805,-108,49,87,379,4,9,54
5805,-108,45,87,379,4,9,55
5805,-108,54,87,379,5,10,56
5805,-108,53,87,379,4,9,55
5805,-108,48,87,379,5,10,55
5805,-108,55,87,379,4,11,56
5805,-108,40,87,379,5,10,55
5805,-108,58,87,379,4,10,55
5805,-108,44,87,379,5,9,54
5805,-108,50,87,379,4,9,55
5805,-108,47,87,379,3,9,54
5805,-108,44,87,379,4,10,56
5805,-108,37,87,379,4,7,54
5805,-108,34,87,379,5,10,55
5805,-108,44,87,379,5,6,54
5805,-108,47,87,379,6,9,55
5805,-108,51,87,379,5,9,55
5805,-108,49,87,379,5,8,55
5805,-108,36,87,379,4,10,55
5805,-108,48,87,379,4,9,55
5805,-108,43,87,379,5,9,54
5805,-108,52,87,379,5,9,56
5805,-108,41,87,379,6,9,55
5805,-108,45,87,379,5,10,54
5805,-108,30,87,379,3,9,54
5805,-108,40,87,379,5,9,55
5805,-108,48,87,379,5,9,54
5805,-108,56,87,379,5,8,54
5805,-108,38,87,379,5,9,55
5805,-108,58,87,379,5,9,55
5805,-108,55,87,379,6,11,56
5805,-108,53,87,379,4,10,55
5805,-108,43,87,379,5,9,55
5805,-108,39,87,379,5,10,55
5805,-108,37,87,379,4,10,56
5805,-108,38,87,379,4,11,56
5805,-108,54,87,379,6,9,54
5805,-108,55,87,379,6,7,55
5805,-108,43,87,379,4,10,55
5805,-108,38,87,379,4,9,54
5805,-108,54,87,379,5,10,56
5805,-108,47,87,379,6,8,54
5805,-108,35,87,379,4,10,56
5805,-108,51,87,379,4,9,55
5805,-108,55,87,379,4,9,55
5805,-108,44,87,379,4,9,55
5805,-108,46,87,379,5,11,56
5805,-108,42,87,379,4,9,55
5805,-108,53,87,379,5,9,56
5805,-108,37,87,379,4,8,55
5805,-108,61,87,379,5,9,55
5805,-108,61,87,379,6,11,55
5805,-108,45,87,379,6,9,55
5805,-108,66,87,379,5,8,55
5805,-108,66,87,379,5,10,55
5805,-108,39,87,379,3,10,55
5805,-108,44,87,379,5,9,55
5805,-108,50,87,379,5,11,57
5805,-108,58,87,379,5,9,55
5805,-108,48,87,379,3,11,56
5805,-108,42,87,379,4,10,54
5805,-108,53,87,379,5,9,55
5805,-108,45,87,379,5,8,54
5805,-108,44,87,379,6,8,55
5805,-108,40,87,379,5,9,55
5805,-108,54,87,379,6,9,55
5805,-108,37,87,379,4,10,56
5805,-108,26,87,379,4,10,55
5805,-108,57,87,379,4,10,56
5805,-108,56,87,379,5,9,56
5805,-108,35,87,379,6,10,55
5805,-108,48,87,379,3,9,55
5805,-108,44,87,379,5,10,54
5805,-108,53,87,379,4,9,55
5805,-108,49,87,379,5,9,54
5805,-108,51,87,379,4,9,55
5805,-108,59,87,379,5,9,55
5805,-108,51,87,379,5,9,54
5805,-108,40,87,379,5,8,54
5805,-108,37,87,379,5,10,56
5805,-108,44,87,379,5,10,55
5805,-108,41,87,379,6,10,55
5805,-108,50,87,379,5,10,56
5805,-108,46,87,379,5,9,54
5805,-108,54,87,379,3,9,55
5805,-108,50,87,379,5,10,55
5805,-108,53,87,379,5,8,55
5805,-108,50,87,379,5,10,55
5805,-108,44,87,379,5,10,55
5805,-108,45,87,379,6,8,55
5805,-108,77,87,379,5,10,56
5805,-108,47,87,379,5,10,56
5805,-108,46,87,379,5,8,54
5805,-108,44,87,379,5,11,55
5805,-108,39,87,379,4,9,54
5805,-108,53,87,379,3,9,55
5805,-108,47,87,379,5,8,54
5805,-108,52,87,379,4,8,54
5805,-108,50,87,379,5,8,54
5805,-108,54,87,379,3,12,56
5805,-108,43,87,379,5,8,54
5805,-108,47,87,379,3,9,55
5805,-108,47,87,379,5,9,55
5805,-108,52,87,379,4,11,56
5805,-108,35,87,379,5,10,54
5805,-108,35,87,379,4,8,55
5805,-108,43,87,379,5,8,54
5805,-108,46,87,379,5,12,56
5805,-108,37,87,379,5,10,56
5805,-108,29,87,379,5,11,55
5805,-108,41,87,379,5,9,55
5805,-108,54,87,379,4,11,55
5805,-108,53,87,379,6,9,55
5805,-108,41,87,379,5,8,54
5805,-108,45,87,379,5,9,54
5805,-108,45,87,379,4,10,56
5805,-108,37,87,379,5,10,55
5805,-108,47,87,379,6,10,56
5805,-108,51,87,379,5,9,56
5805,-108,38,87,379,5,11,55
5805,-108,39,87,379,6,9,56
5805,-108,35,87,379,4,9,54
5805,-108,42,87,379,5,12,56
5805,-108,49,87,379,5,7,54
5805,-108,54,87,379,4,10,56
5805,-108,41,87,379,5,10,55
5805,-108,27,87,379,4,8,54
5805,-108,38,87,379,6,10,55
5805,-108,45,87,379,6,10,55
5805,-108,49,87,379,5,11,55
5805,-108,48,87,379,5,7,55
5805,-108,43,87,379,5,11,56
5805,-108,51,87,379,4,11,56
5805,-108,47,87,379,5,10,55
5805,-108,29,87,379,5,9,55
5805,-108,36,87,379,5,9,56
5805,-108,51,87,379,5,9,54
5805,-108,49,87,379,4,10,55
5805,-108,45,87,379,5,10,56
5805,-108,34,87,379,4,9,55
5805,-108,38,87,379,4,8,55
5805,-108,42,87,379,4,9,55
5805,-108,37,87,379,6,11,56
5805,-108,41,87,379,5,10,56
5805,-108,47,87,379,5,10,56
5805,-108,55,87,379,4,10,56
5805,-108,38,87,379,4,10,55
5805,-108,38,87,379,4,9,54
5805,-108,34,87,379,5,8,54
5805,-108,56,87,379,5,9,54
5805,-108,39,87,379,5,9,55
5805,-108,37,87,379,4,10,55
5805,-108,40,87,379,5,9,54
5805,-108,46,87,379,5,10,56
5805,-108,43,87,379,5,8,55
5805,-108,43,87,379,4,10,56
5805,-108,37,87,379,6,8,54
5805,-108,44,87,379,5,9,55
5805,-108,39,87,379,6,10,54
5805,-108,65,87,379,5,9,54
5805,-108,36,87,379,5,9,54
5805,-108,32,87,379,4,9,55
5805,-108,61,87,379,6,8,55
5805,-108,54,87,379,5,8,55
5805,-108,43,87,379,4,9,55
5805,-108,46,87,379,6,9,55
5805,-108,37,87,379,6,8,54
5805,-108,51,87,379,4,9,56
5805,-108,34,87,379,5,9,55
5805,-108,57,87,379,5,11,55
5805,-108,42,87,379,6,11,55
5805,-108,45,87,379,5,9,55
5805,-108,41,87,379,5,9,54
5805,-108,36,87,379,5,10,55
5805,-108,52,87,379,4,7,55
5805,-108,42,87,379,6,8,54
5805,-108,44,87,379,5,10,55
5805,-108,32,87,379,4,10,54
5805,-108,50,87,379,5,9,55
5805,-108,49,87,379,5,9,55
5805,-108,45,87,379,4,11,56
5805,-108,52,87,379,4,10,56
5805,-108,37,87,379,4,10,55
5805,-108,47,87,379,4,10,56
5805,-108,41,87,379,4,10,55
5805,-108,50,87,379,4,10,56
5805,-108,49,87,379,6,9,55
5805,-108,48,87,379,4,10,55
5805,-108,54,87,379,4,10,56
5805,-108,53,87,379,5,10,55
5805,-108,35,87,379,4,10,55
5805,-108,45,87,379,5,10,55
5805,-108,46,87,379,5,7,54
5805,-108,53,87,379,5,8,55
5805,-108,47,87,379,6,11,55
5805,-108,41,87,379,4,8,55
5805,-108,41,87,379,5,8,54
5805,-108,28,87,379,6,10,55
5805,-108,35,87,379,5,8,54
5805,-108,45,87,379,4,10,55
5805,-108,58,87,379,4,9,55
5805,-108,50,87,379,6,9,55
5805,-108,40,87,379,5,9,55
5805,-108,51,87,379,4,10,56
5805,-108,22,87,379,5,9,54
5805,-108,45,87,379,5,11,56
5805,-108,60,87,379,2,10,55
5805,-108,44,87,379,4,11,56
5805,-108,49,87,379,4,9,55
5805,-108,33,87,379,5,9,55
5805,-108,43,87,379,5,9,54
5805,-108,50,87,379,5,10,56
5805,-108,58,87,379,6,9,54
5805,-108,47,87,379,7,11,55
5805,-108,34,87,379,4,9,55
5805,-108,30,87,379,5,9,55
5805,-108,37,87,379,5,9,54
5805,-108,41,87,379,4,8,54
5805,-108,56,87,379,5,10,53
5805,-108,49,87,379,4,8,54
5805,-108,48,87,379,5,11,56
5805,-108,41,87,379,5,9,55
5805,-108,42,87,379,4,8,54
5805,-108,38,87,379,6,10,55
5805,-108,40,87,379,5,10,55
5805,-108,48,87,379,5,11,55
5805,-108,49,87,379,5,9,56
5805,-108,50,87,379,6,10,55
5805,-108,50,87,379,4,9,55
5805,-108,52,87,379,5,7,54
5805,-108,50,87,379,7,9,55
5805,-108,35,87,379,6,8,54
5805,-108,49,87,379,5,10,55
5805,-108,32,87,379,5,9,55
5805,-108,57,87,379,4,9,55
5805,-108,45,87,379,5,9,54
5805,-108,50,87,379,5,10,55
5805,-108,27,87,379,6,8,55
5805,-108,53,87,379,4,9,55
5805,-108,59,87,379,5,9,55
5805,-108,45,87,379,5,9,55
5805,-108,49,87,379,5,9,55
5805,-108,41,87,379,6,9,55
5805,-108,40,87,379,5,9,55
5805,-108,36,87,379,5,8,54
5805,-108,50,87,379,5,9,55
5805,-108,46,87,379,5,9,55
5805,-108,59,87,379,6,9,55
5805,-108,37,87,379,4,9,55
5805,-108,56,87,379,2,9,55
5805,-108,40,87,379,3,9,55
5805,-108,55,87,379,5,10,55
5805,-108,39,87,379,5,8,54
5805,-108,34,87,379,5,8,54
5805,-108,44,87,379,4,9,55
5805,-108,52,87,379,4,9,55
5805,-108,54,87,379,6,8,56
5805,-108,67,87,379,5,10,56
5805,-108,52,87,379,5,10,55
5805,-108,48,87,379,5,8,54
5805,-108,48,87,379,5,8,54
5805,-108,36,87,379,4,10,54
5805,-108,50,87,379,5,10,55
5805,-108,39,87,379,6,7,54
5805,-108,47,87,379,5,10,55
5805,-108,48,87,379,5,8,54
5805,-108,48,87,379,4,9,55
5805,-108,27,87,379,5,9,54
5805,-108,34,87,379,5,7,54
5805,-108,25,87,379,5,10,55
5805,-108,40,87,379,6,7,54
5805,-108,58,87,379,4,8,54
5805,-108,40,87,379,5,10,55
5805,-108,62,87,379,5,10,56
5805,-108,61,87,379,4,10,56
5805,-108,40,87,379,5,9,54
5805,-108,42,87,379,5,9,54
5805,-108,39,87,379,5,8,54
5805,-108,55,87,379,5,8,55
5805,-108,48,87,379,6,10,56
5805,-108,59,87,379,5,9,55
5805,-108,45,87,379,4,9,55
5805,-108,56,87,379,6,9,55
5805,-108,50,87,379,5,9,55
5805,-108,40,87,379,5,10,55
5805,-108,51,87,379,4,9,56
5805,-108,40,87,379,5,10,55
5805,-108,51,87,379,4,9,55
5805,-108,51,87,379,5,10,55
5805,-108,49,87,379,6,8,54
5805,-108,45,87,379,6,10,55
5805,-108,50,87,379,4,10,54
5805,-108,47,87,379,6,8,55
5805,-108,44,87,379,5,8,55
5805,-108,47,87,379,4,10,56
5805,-108,47,87,379,4,10,55
5805,-108,53,87,379,5,9,54
5805,-108,44,87,379,5,8,54
5805,-108,49,87,379,3,9,55
5805,-108,35,87,379,4,10,55
5805,-108,36,87,379,4,9,54
5805,-108,53,87,379,5,10,56
5805,-108,43,87,379,4,10,55
5805,-108,37,87,379,4,10,55
5805,-108,48,87,379,4,10,55
5805,-108,57,87,379,6,9,55
5805,-108,42,87,379,5,7,55
5805,-108,54,87,379,6,9,54
5805,-108,32,87,379,5,9,55
5805,-108,39,87,379,4,11,55
5805,-108,43,87,379,5,9,56
5805,-108,44,87,379,4,8,53
5805,-108,52,87,379,4,10,56
5805,-108,47,87,379,4,10,55
5805,-108,51,87,379,4,11,56
5805,-108,52,87,379,5,10,55
5805,-108,55,87,379,4,11,56
5805,-108,49,87,379,4,9,55
5805,-108,44,87,379,5,10,56
5805,-108,38,87,379,4,9,54
5805,-108,42,87,379,4,10,55
5805,-108,37,87,379,5,9,55
5805,-108,62,87,379,5,10,55
5805,-108,32,87,379,5,8,55
5805,-108,49,87,379,4,9,55
5805,-108,36,87,379,4,9,55
5805,-108,44,87,379,5,10,55
5805,-108,41,87,379,5,10,55
5805,-108,31,87,379,5,9,54
5805,-108,48,87,379,4,9,56
5805,-108,57,87,379,5,8,55
5805,-108,53,87,379,5,9,55
5805,-108,55,87,379,4,8,56
5805,-108,46,87,379,5,10,56
5805,-108,47,87,379,5,10,56
5805,-108,41,87,379,5,10,56
5805,-108,38,87,379,4,9,55
5805,-108,42,87,379,5,10,55
5805,-108,47,87,379,4,10,56
5805,-108,49,87,379,5,7,55
5805,-108,39,87,379,5,9,55
5805,-108,49,87,379,5,11,55
5805,-108,44,87,379,4,8,54
5805,-108,36,87,379,5,11,55
5805,-108,42,87,379,5,9,55
5805,-108,36,87,379,5,8,55
5805,-108,55,87,379,6,9,55
5805,-108,34,87,379,5,9,54
5805,-108,44,87,379,5,9,56
5805,-108,36,87,379,5,12,56
5805,-108,57,87,379,5,8,54
5805,-108,31,87,379,6,9,55
5805,-108,50,87,379,4,8,54
5805,-108,49,87,379,5,11,55
5805,-108,40,87,379,5,10,55
5805,-108,45,87,379,6,9,55
5805,-108,40,87,379,5,9,55
5805,-108,44,87,379,5,9,54
5805,-108,47,87,379,6,10,54
5805,-108,51,87,379,4,10,56
5805,-108,33,87,379,4,9,55
5805,-108,38,87,379,5,7,55
5805,-108,29,87,379,5,9,54
5805,-108,56,87,379,6,10,56
5805,-108,36,87,379,5,9,55
5805,-108,50,87,379,5,10,54
5805,-108,51,87,379,4,9,55
5805,-108,36,87,379,6,9,55
5805,-108,28,87,379,4,9,54
5805,-108,52,87,379,4,9,55
5805,-108,31,87,379,5,10,56
5805,-108,27,87,379,5,11,55
5805,-108,34,87,379,5,10,56
5805,-108,39,87,379,6,10,55
5805,-108,49,87,379,6,8,55
5805,-108,30,87,379,5,10,55
5805,-108,34,87,379,6,10,55
5805,-108,30,87,379,5,9,54
5805,-108,35,87,379,5,9,55
5805,-108,42,87,379,5,9,55
5805,-108,24,87,379,5,9,54
5805,-108,28,87,379,5,10,54
5805,-108,38,87,379,5,10,54
5805,-108,36,87,379,3,8,55
5805,-108,37,87,379,3,10,55
5805,-108,36,87,379,5,9,55
5805,-108,39,87,379,5,10,55
5805,-108,47,87,379,5,9,55
5805,-108,61,87,379,6,11,56
5805,-108,53,87,379,5,10,56
5805,-108,53,87,379,6,10,55
5805,-108,54,87,379,5,10,55
5805,-108,43,87,379,5,8,55
5805,-108,67,87,379,5,12,56
5805,-108,45,87,379,5,10,55
5805,-108,53,87,379,5,8,54
5805,-108,49,87,379,4,10,55
5805,-108,38,87,379,6,9,55
5805,-108,63,87,379,5,10,56
5805,-108,32,87,379,5,8,55
5805,-108,41,87,379,4,10,56
5805,-108,50,87,379,4,9,55
5805,-108,52,87,379,7,10,55
5805,-108,53,87,379,3,10,56
5805,-108,57,87,379,5,8,55
5805,-108,51,87,379,5,9,56
5805,-108,35,87,379,5,10,56
5805,-108,36,87,379,6,10,54
5805,-108,37,87,379,5,9,55
5805,-108,37,87,379,4,8,55
5805,-108,62,87,379,4,11,57
5805,-108,60,87,379,5,9,55
5805,-108,63,87,379,5,8,55
5805,-108,34,87,379,4,11,55
5805,-108,50,87,379,4,9,55
5805,-108,39,87,379,6,11,55
5805,-108,39,87,379,3,8,54
5805,-108,44,87,379,6,9,55
5805,-108,39,87,379,4,8,54
5805,-108,53,87,379,5,11,55
5805,-108,41,87,379,4,7,54
5805,-108,48,87,379,4,9,54
5805,-108,41,87,379,5,9,55
5805,-108,36,87,379,5,9,55
5805,-108,48,87,379,6,10,56
5805,-108,51,87,379,3,9,55
5805,-108,49,87,379,3,9,55
5805,-108,48,87,379,4,11,56
5805,-108,40,87,379,4,9,55
5805,-108,41,87,379,5,7,54
5805,-108,54,87,379,5,11,56
5805,-108,41,87,379,5,9,55
5805,-108,37,87,379,5,10,56
5805,-108,52,87,379,6,9,55
5805,-108,47,87,379,4,8,55
5805,-108,69,87,379,4,10,56
5805,-108,53,87,379,5,9,55
5805,-108,43,87,379,4,8,55
5805,-108,50,87,379,5,9,55
5805,-108,63,87,379,5,9,55
5805,-108,46,87,379,5,10,55
5805,-108,48,87,379,5,11,56
5805,-108,38,87,379,5,10,55
5805,-108,53,87,379,6,8,55
5805,-108,49,87,379,4,9,55
5805,-108,38,87,379,5,10,55
5805,-108,57,87,379,5,8,55
5805,-108,58,87,379,5,10,56
5805,-108,54,87,379,5,9,55
5805,-108,50,87,379,4,10,55
5805,-108,49,87,379,5,9,56
5805,-108,52,87,379,6,9,54
5805,-108,49,87,379,4,12,56
5805,-108,54,87,379,6,9,55
5805,-108,47,87,379,6,9,55
5805,-108,53,87,379,5,9,55
5805,-108,35,87,379,5,10,55
5805,-108,44,87,379,5,10,55
5805,-108,46,87,379,4,11,55
5805,-108,47,87,379,5,9,55
5805,-108,46,87,379,5,9,55
5805,-108,39,87,379,5,10,55
5805,-108,46,87,379,6,8,55
5805,-108,54,87,379,5,10,55
5805,-108,33,87,379,6,10,54
5805,-108,63,87,379,4,10,55
5805,-108,39,87,379,4,11,56
5805,-108,33,87,379,4,9,55
5805,-108,54,87,379,5,8,55
5805,-108,45,87,379,5,10,55
5805,-108,34,87,379,5,10,55
5805,-108,48,87,379,5,10,55
5805,-108,43,87,379,5,9,55
5805,-108,38,87,379,5,9,54
5805,-108,40,87,379,5,9,55
5805,-108,50,87,379,4,9,54
5805,-108,36,87,379,4,8,54
5805,-108,57,87,379,5,9,55
5805,-108,47,87,379,4,8,54
5805,-108,58,87,379,4,9,55
5805,-108,32,87,379,5,8,55
5805,-108,52,87,379,5,9,55
5805,-108,53,87,379,5,10,55
5805,-108,36,87,379,6,11,55
5805,-108,47,87,379,5,9,55
5805,-108,41,87,379,4,9,54
5805,-108,43,87,379,5,9,55
5805,-108,49,87,379,6,11,55
5805,-108,31,87,379,5,9,54
5805,-108,44,87,379,6,9,55
5805,-108,42,87,379,5,9,54
5805,-108,57,87,379,5,10,54
5805,-108,49,87,379,5,10,55
5805,-108,34,87,379,5,8,54
5805,-108,47,87,379,6,8,54
5805,-108,34,87,379,4,8,54
5805,-108,47,87,379,4,10,55
5805,-108,33,87,379,5,9,55
5805,-108,50,87,379,5,9,56
5805,-108,51,87,379,5,8,54
5805,-108,37,87,379,5,10,55
5805,-108,43,87,379,4,10,56
5805,-108,32,87,379,5,8,54
5805,-108,37,87,379,5,8,54
5805,-108,52,87,379,5,8,55
5805,-108,47,87,379,6,9,55
5805,-108,56,87,379,5,12,56
5805,-108,53,87,379,5,11,55
5805,-108,43,87,379,4,10,56
5805,-108,34,87,379,5,11,55
5805,-108,32,87,379,5,10,55
5805,-108,46,87,379,5,10,55
5805,-108,41,87,379,5,9,55
5805,-108,47,87,379,5,8,55
5805,-108,56,87,379,5,10,55
5805,-108,29,87,379,5,11,55
5805,-108,47,87,379,4,9,55
5805,-108,34,87,379,5,10,55
5805,-108,35,87,379,5,8,55
5805,-108,38,87,379,5,10,55
5805,-108,46,87,379,3,10,55
5805,-108,42,87,379,4,9,55
5805,-108,55,87,379,4,10,55
5805,-108,42,87,379,5,12,56
5805,-108,34,87,379,5,11,56
5805,-108,54,87,379,5,8,55
5805,-108,46,87,379,5,10,54
5805,-108,49,87,379,4,10,55
5805,-108,41,87,379,5,10,54
5805,-108,29,87,379,7,10,55
5805,-108,39,87,379,4,11,56
5805,-108,54,87,379,5,11,55
5805,-108,50,87,379,5,10,55
5805,-108,53,87,379,5,11,55
5805,-108,47,87,379,4,9,55
5805,-108,48,87,379,5,9,56
5805,-108,35,87,379,4,10,56
5805,-108,32,87,379,5,11,54
5805,-108,57,87,379,4,9,55
5805,-108,55,87,379,4,11,56
5805,-108,34,87,379,3,10,54
5805,-108,46,87,379,5,9,55
5805,-108,50,87,379,5,8,55
5805,-108,29,87,379,5,11,54
5805,-108,45,87,379,5,11,56
5805,-108,42,87,379,6,9,55
5805,-108,29,87,379,4,11,56
5805,-108,43,87,379,6,10,56
5805,-108,37,87,379,5,9,55
5805,-108,47,87,379,5,9,55
5805,-108,33,87,379,5,10,54
5805,-108,39,87,379,5,8,54
5805,-108,37,87,379,6,9,54
5805,-108,48,87,379,5,8,55
5805,-108,37,87,379,5,8,54
5805,-108,37,87,379,7,10,55
5805,-108,48,87,379,4,10,55
5805,-108,52,87,379,5,9,55
5805,-108,45,87,379,4,11,56
5805,-108,26,87,379,3,10,55
5805,-108,55,87,379,4,9,55
5805,-108,38,87,379,7,10,55
5805,-108,52,87,379,4,10,56
5805,-108,41,87,379,5,8,55
5805,-108,40,87,379,6,10,55
5805,-108,50,87,379,5,7,54
5805,-108,45,87,379,5,11,56
5805,-108,42,87,379,4,8,55
5805,-108,45,87,379,6,8,54
5805,-108,41,87,379,5,10,56
5805,-108,41,87,379,5,8,54
5805,-108,42,87,379,6,9,55
5805,-108,44,87,379,5,9,54
5805,-108,33,87,379,4,9,55
5805,-108,45,87,379,6,9,55
5805,-108,40,87,379,4,10,55
5805,-108,35,87,379,5,8,55
5805,-108,44,87,379,5,10,56
5805,-108,54,87,379,4,10,55
5805,-108,45,87,379,4,9,55
5805,-108,53,87,379,4,8,54
5805,-108,58,87,379,5,11,56
5805,-108,46,87,379,5,7,54
5805,-108,39,87,379,4,9,55
5805,-108,38,87,379,3,10,55
5805,-108,45,87,379,6,9,55
5805,-108,42,87,379,5,10,55
5805,-108,33,87,379,5,9,54
5805,-108,46,87,379,5,10,55
5805,-108,30,87,379,5,10,55
5805,-108,41,87,379,5,8,54
5805,-108,55,87,379,4,10,55
5805,-108,40,87,379,5,10,55
5805,-108,37,87,379,3,9,55
5805,-108,39,87,379,5,11,56
5805,-108,37,87,379,4,9,56
5805,-108,43,87,379,6,10,55
5805,-108,58,87,379,4,10,55
5805,-108,46,87,379,6,10,55
5805,-108,43,87,379,4,9,55
5805,-108,45,87,379,5,10,55
5805,-108,39,87,379,4,9,55
5805,-108,40,87,379,6,9,55
5805,-108,49,87,379,5,10,54
5805,-108,45,87,379,5,11,55
5805,-108,30,87,379,6,7,55
5805,-108,50,87,379,4,8,55
5805,-108,35,87,379,4,8,54
5805,-108,52,87,379,6,12,56
5805,-108,45,87,379,4,10,56
5805,-108,36,87,379,4,9,55
5805,-108,40,87,379,6,10,55
5805,-108,41,87,379,5,12,55
5805,-108,36,87,379,5,9,54
5805,-108,33,87,379,5,10,55
5805,-108,42,87,379,5,8,54
5805,-108,51,87,379,6,10,55
5805,-108,52,87,379,6,8,54
5805,-108,57,87,379,4,10,55
5805,-108,30,87,379,6,10,55
5805,-108,34,87,379,6,8,54
5805,-108,46,87,379,5,8,55
5805,-108,33,87,379,5,7,54
5805,-108,57,87,379,5,8,54
5805,-108,58,87,379,5,7,55
5805,-108,28,87,379,4,9,55
5805,-108,30,87,379,6,10,55
5805,-108,38,87,379,4,9,55
5805,-108,39,87,379,5,10,55
5805,-108,32,87,379,4,9,54
5805,-108,48,87,379,5,10,55
5805,-108,50,87,379,4,8,54
5805,-108,51,87,379,4,8,55
5805,-108,38,87,379,5,9,55
5805,-108,36,87,379,5,9,56
5805,-108,43,87,379,5,10,55
5805,-108,34,87,379,5,8,55
5805,-108,47,87,379,3,9,54
5805,-108,59,87,379,4,11,55
5805,-108,46,87,379,4,10,55
5805,-108,30,87,379,5,11,56
5805,-108,48,87,379,3,8,56
5805,-108,39,87,379,5,10,55
5805,-108,45,87,379,5,9,55
5805,-108,39,87,379,5,9,55
5805,-108,52,87,379,5,8,54
5805,-108,36,87,379,5,11,55
5805,-108,55,87,379,5,10,55
5805,-108,44,87,379,5,8,54
5805,-108,48,87,379,5,9,55
5805,-108,34,87,379,6,9,55
5805,-108,41,87,379,4,11,56
5805,-108,43,87,379,5,11,55
5805,-108,43,87,379,5,9,55
5805,-108,40,87,379,5,10,56
5805,-108,48,87,379,5,11,56
5805,-108,45,87,379,4,10,56
5805,-108,48,87,379,5,10,55
5805,-108,39,87,379,6,11,55
5805,-108,46,87,379,5,9,55
5805,-108,39,87,379,4,11,55
5805,-108,40,87,379,5,9,55
5805,-108,41,87,379,5,10,55
5805,-108,40,87,379,5,10,54
5805,-108,43,87,379,5,9,55
5805,-108,35,87,379,5,7,54
5805,-108,47,87,379,4,8,55
5805,-108,51,87,379,5,10,56
5805,-108,42,87,379,5,10,54
5805,-108,68,87,379,4,10,56
5805,-108,34,87,379,4,9,55
5805,-108,40,87,379,6,9,56
5805,-108,49,87,379,4,9,55
5805,-108,46,87,379,6,9,54
5805,-108,35,87,379,5,12,56
5805,-108,51,87,379,4,9,56
5805,-108,57,87,379,6,10,55
5805,-108,58,87,379,5,11,56
5805,-108,24,87,379,5,9,55
5805,-108,46,87,379,6,8,54
5805,-108,43,87,379,3,9,56
5805,-108,45,87,379,5,10,55
5805,-108,42,87,379,5,7,54
5805,-108,47,87,379,5,9,54
5805,-108,37,87,379,4,10,56
5805,-108,49,87,379,5,10,56
5805,-108,32,87,379,4,10,55
5805,-108,50,87,379,5,8,54
5805,-108,41,87,379,5,9,54
5805,-108,55,87,379,5,11,56
5805,-108,58,87,379,4,9,55
5805,-108,53,87,379,4,11,56
5805,-108,50,87,379,5,9,55
5805,-108,37,87,379,5,8,54
5805,-108,46,87,379,5,10,56
5805,-108,33,87,379,6,10,55
5805,-108,48,87,379,5,8,54
5805,-108,49,87,379,5,9,56
5805,-108,46,87,379,6,9,55
5805,-108,35,87,379,5,9,55
5805,-108,38,87,379,5,10,55
5805,-108,38,87,379,5,9,55
5805,-108,26,87,379,5,10,56
5805,-108,47,87,379,6,9,55
5805,-108,43,87,379,5,8,54
5805,-108,46,87,379,4,8,55
5805,-108,41,87,379,5,9,54
5805,-108,55,87,379,5,9,56
5805,-108,42,87,379,5,9,54
5805,-108,48,87,379,4,11,56
5805,-108,44,87,379,6,9,56
5805,-108,39,87,379,6,10,56
5805,-108,44,87,379,5,10,55
5805,-108,37,87,379,5,8,55
5805,-108,47,87,379,5,7,54
5805,-108,47,87,379,5,9,54
5805,-108,52,87,379,5,9,55
5805,-108,42,87,379,5,7,54
5805,-108,49,87,379,6,10,55
5805,-108,47,87,379,5,10,55
5805,-108,55,87,379,4,10,55
5805,-108,35,87,379,5,9,54
5805,-108,32,87,379,6,8,54
5805,-108,40,87,379,4,11,56
5805,-108,39,87,379,6,7,53
5805,-108,51,87,379,5,10,56
5805,-108,55,87,379,3,10,55
5805,-108,39,87,379,6,9,55
5805,-108,52,87,379,5,11,55
5805,-108,33,87,379,5,8,54
5805,-108,42,87,379,5,9,54
5805,-108,40,87,379,4,10,55
5805,-108,49,87,379,4,11,54
5805,-108,37,87,379,6,6,54
5805,-108,38,87,379,4,8,54
5805,-108,55,87,379,6,10,56
5805,-108,54,87,379,4,8,54
5805,-108,54,87,379,6,9,54
5805,-108,43,87,379,6,11,55
5805,-108,40,87,379,5,8,55
5805,-108,50,87,379,6,8,54
5805,-108,47,87,379,5,9,55
5805,-108,41,87,379,4,9,55
5805,-108,44,87,379,4,8,54
5805,-108,37,87,379,5,8,55
5805,-108,48,87,379,3,10,55
5805,-108,41,87,379,6,10,55
5805,-108,35,87,379,5,10,54
5805,-108,30,87,379,4,9,55
5805,-108,40,87,379,3,11,55
5805,-108,32,87,379,5,9,55
5805,-108,54,87,379,5,9,55
5805,-108,44,87,379,6,7,54
5805,-108,43,87,379,4,9,55
5805,-108,45,87,379,4,11,56
5805,-108,45,87,379,5,10,55
5805,-108,44,87,379,5,8,54
5805,-108,53,87,379,6,11,56
5805,-108,38,87,379,5,9,55
5805,-108,37,87,379,6,9,55
5805,-108,40,87,379,4,9,54
5805,-108,43,87,379,5,8,55
5805,-108,42,87,379,4,9,55
5805,-108,32,87,379,4,11,55
5805,-108,37,87,379,6,10,55
5805,-108,45,87,379,5,10,55
5805,-108,34,87,379,4,11,56
5805,-108,30,87,379,5,9,54
5805,-108,53,87,379,4,8,55
5805,-108,51,87,379,5,10,56
5805,-108,44,87,379,4,9,55
5805,-108,48,87,379,4,8,55
5805,-108,41,87,379,4,8,54
5805,-108,43,87,379,4,9,54
5805,-108,38,87,379,4,12,56
5805,-108,45,87,379,3,8,54
5805,-108,41,87,379,5,7,54
5805,-108,51,87,379,6,10,55
5805,-108,59,87,379,6,8,55
5805,-108,48,87,379,5,10,56
5805,-108,44,87,379,5,9,55
5805,-108,46,87,379,4,8,55
5805,-108,44,87,379,3,9,55
5805,-108,45,87,379,6,8,55
5805,-108,46,87,379,6,10,55
5805,-108,26,87,379,5,9,56
5805,-108,43,87,379,5,9,55
5805,-108,50,87,379,4,11,55
5805,-108,42,87,379,5,9,55
5805,-108,31,87,379,4,8,54
5805,-108,76,87,379,5,10,57
5805,-108,47,87,379,5,7,55
5805,-108,43,87,379,5,7,54
5805,-108,36,87,379,4,8,55
5805,-108,51,87,379,4,9,55
5805,-108,53,87,379,5,11,55
5805,-108,30,87,379,4,9,55
5805,-108,57,87,379,6,9,54
5805,-108,46,87,379,5,7,54
5805,-108,43,87,379,5,10,56
5805,-108,33,87,379,5,9,55
5805,-108,42,87,379,6,8,55
5805,-108,54,87,379,6,9,54
5805,-108,36,87,379,6,11,55
5805,-108,36,87,379,5,8,54
5805,-108,51,87,379,5,8,54
5805,-108,50,87,379,4,9,55
5805,-108,49,87,379,4,10,56
5805,-108,53,87,379,4,10,55
5805,-108,45,87,379,4,7,55
5805,-108,29,87,379,4,9,55
5805,-108,29,87,379,6,12,55
5805,-108,49,87,379,5,8,54
5805,-108,38,87,379,5,9,54
5805,-108,39,87,379,5,9,55
5805,-108,42,87,379,5,11,56
5805,-108,58,87,379,5,8,55
5805,-108,46,87,379,5,9,55
5805,-108,56,87,379,5,8,55
5805,-108,49,87,379,5,9,55
5805,-108,35,87,379,6,9,56
5805,-108,58,87,379,4,10,56
5805,-108,41,87,379,5,9,55
5805,-108,51,87,379,4,9,55
5805,-108,47,87,379,4,9,55
5805,-108,37,87,379,5,10,55
5805,-108,53,87,379,4,10,55
5805,-108,39,87,379,5,8,54
5805,-108,49,87,379,5,9,55
5805,-108,53,87,379,6,9,54
5805,-108,44,87,379,4,10,55
5805,-108,44,87,379,2,9,56
5805,-108,41,87,379,4,9,55
5805,-108,47,87,379,6,9,54
5805,-108,60,87,379,4,10,55
5805,-108,52,87,379,6,9,55
5805,-108,35,87,379,4,9,54
5805,-108,51,87,379,6,10,55
5805,-108,48,87,379,4,9,56
5805,-108,41,87,379,5,9,54
5805,-108,49,87,379,6,9,54
5805,-108,40,87,379,5,8,54
5805,-108,44,87,379,5,9,54
5805,-108,38,87,379,5,10,55
5805,-108,51,87,379,4,10,56
5805,-108,25,87,379,6,8,54
5805,-108,34,87,379,5,9,55
5805,-108,48,87,379,4,9,54
5805,-108,45,87,379,4,11,56
5805,-108,40,87,379,5,9,55
5805,-108,54,87,379,4,9,56
5805,-108,42,87,379,6,11,55
5805,-108,46,87,379,6,10,55
5805,-108,37,87,379,4,10,55
5805,-108,44,87,379,4,10,56
5805,-108,55,87,379,5,10,55
5805,-108,38,87,379,5,11,55
5805,-108,48,87,379,5,8,55
5805,-108,39,87,379,5,9,55
5805,-108,43,87,379,5,9,56
5805,-108,39,87,379,6,10,55
5805,-108,39,87,379,6,10,55
5805,-108,45,87,379,5,10,56
5805,-108,38,87,379,5,11,55
5805,-108,57,87,379,5,9,56
5805,-108,50,87,379,4,10,55
5805,-108,54,87,379,5,9,55
5805,-108,45,87,379,4,11,54
5805,-108,33,87,379,4,11,55
5805,-108,42,87,379,4,9,55
5805,-108,43,87,379,5,8,55
5805,-108,40,87,379,5,8,55
5805,-108,40,87,379,4,9,54
5805,-108,27,87,379,4,10,55
5805,-108,50,87,379,5,8,54
5805,-108,58,87,379,4,9,55
5805,-108,44,87,379,4,10,55
5805,-108,33,87,379,7,9,55
5805,-108,47,87,379,4,9,55
5805,-108,38,87,379,6,10,56
5805,-108,45,87,379,5,9,54
5805,-108,48,87,379,4,9,56
5805,-108,45,87,379,4,10,56
5805,-108,47,87,379,5,10,54
5805,-108,57,87,379,5,10,55
5805,-108,46,87,379,5,9,55
5805,-108,46,87,379,4,9,55
5805,-108,28,87,379,5,9,55
5805,-108,46,87,379,5,11,55
5805,-108,61,87,379,6,7,55
5805,-108,52,87,379,4,8,54
5805,-108,53,87,379,5,10,55
5805,-108,34,87,379,5,8,55
5805,-108,51,87,379,4,10,56
5805,-108,48,87,379,5,10,56
5805,-108,38,87,379,5,8,54
5805,-108,39,87,379,5,9,55
5805,-108,43,87,379,3,10,55
5805,-108,37,87,379,4,7,54
5805,-108,47,87,379,5,8,55
5805,-108,47,87,379,4,10,55
5805,-108,51,87,379,4,9,55
5805,-108,40,87,379,3,9,55
5805,-108,57,87,379,5,10,56
5805,-108,43,87,379,5,11,55
5805,-108,45,87,379,4,9,54
5805,-108,45,87,379,5,9,54
5805,-108,36,87,379,7,11,55
5805,-108,35,87,379,5,9,54
5805,-108,41,87,379,5,10,55
5805,-108,34,87,379,4,10,54
5805,-108,32,87,379,6,10,55
5805,-108,46,87,379,4,8,54
5805,-108,59,87,379,4,7,54
5805,-108,47,87,379,5,10,55
5805,-108,36,87,379,5,11,56
5805,-108,34,87,379,5,11,54
5805,-108,43,87,379,5,12,55
5805,-108,42,87,379,5,8,55
5805,-108,52,87,379,6,10,56
5805,-108,47,87,379,6,10,54
5805,-108,37,87,379,5,7,54
5805,-108,46,87,379,5,9,55
5805,-108,43,87,379,5,11,55
5805,-108,41,87,379,6,10,55
5805,-108,43,87,379,5,9,54
5805,-108,30,87,379,6,9,53
5805,-108,38,87,379,4,11,55
5805,-108,29,87,379,6,9,54
5805,-108,52,87,379,4,8,54
5805,-108,49,87,379,5,10,55
5805,-108,50,87,379,5,11,55
5805,-108,42,87,379,5,10,54
5805,-108,50,87,379,3,9,56
5805,-108,51,87,379,5,9,54
5805,-108,57,87,379,4,7,55
5805,-108,38,87,379,7,9,56
5805,-108,29,87,379,5,9,54
5805,-108,48,87,379,6,9,55
5805,-108,41,87,379,4,9,55
5805,-108,45,87,379,6,11,56
5805,-108,47,87,379,5,9,55
5805,-108,38,87,379,4,7,54
5805,-108,28,87,379,5,7,54
5805,-108,60,87,379,5,10,56
5805,-108,39,87,379,4,9,55
5805,-108,26,87,379,5,8,55
5805,-108,48,87,379,5,10,55
5805,-108,39,87,379,6,9,55
5805,-108,41,87,379,5,8,55
5805,-108,34,87,379,5,9,54
5805,-108,37,87,379,4,11,55
5805,-108,44,87,379,4,9,55
5805,-108,30,87,379,5,8,54
5805,-108,59,87,379,5,8,54
5805,-108,46,87,379,7,9,55
5805,-108,47,87,379,5,9,55
5805,-108,52,87,379,5,10,55
5805,-108,40,87,379,4,10,56
5805,-108,47,87,379,6,10,55
5805,-108,54,87,379,6,9,56
5805,-108,35,87,379,4,10,55
5805,-108,43,87,379,6,10,55
5805,-108,61,87,379,5,9,56
5805,-108,30,87,379,6,9,54
5805,-108,51,87,379,5,9,55
5805,-108,48,87,379,5,9,55
5805,-108,42,87,379,4,10,55
5805,-108,50,87,379,5,10,56
5805,-108,52,87,379,4,9,54
5805,-108,40,87,379,3,9,56
5805,-108,36,87,379,5,9,55
5805,-108,51,87,379,4,9,56
5805,-108,38,87,379,5,8,54
5805,-108,42,87,379,5,9,56
5805,-108,60,87,379,5,10,56
5805,-108,47,87,379,6,10,56
5805,-108,35,87,379,6,9,54
5805,-108,40,87,379,5,9,54
5805,-108,39,87,379,5,9,55
5805,-108,60,87,379,5,9,55
5805,-108,44,87,379,4,9,56
5805,-108,55,87,379,5,10,55
5805,-108,46,87,379,6,9,55
5805,-108,56,87,379,5,10,56
5805,-108,47,87,379,5,9,55
5805,-108,39,87,379,4,9,56
5805,-108,47,87,379,4,10,55
5805,-108,57,87,379,4,10,56
5805,-108,51,87,379,5,8,55
5805,-108,49,87,379,4,8,55
5805,-108,42,87,379,4,8,55
5805,-108,45,87,379,4,9,55
5805,-108,26,87,379,5,9,55
5805,-108,38,87,379,5,7,54
5805,-108,42,87,379,5,10,55
5805,-108,56,87,379,6,9,55
5805,-108,40,87,379,5,10,56
5805,-108,35,87,379,5,11,56
5805,-108,47,87,379,5,9,54
5805,-108,45,87,379,5,9,55
5805,-108,47,87,379,6,10,55
5805,-108,41,87,379,4,9,54
5805,-108,48,87,379,6,8,55
5805,-108,47,87,379,5,10,56
5805,-108,37,87,379,5,9,55
5805,-108,50,87,379,6,9,54
5805,-108,43,87,379,4,8,54
5805,-108,39,87,379,5,10,56
5805,-108,31,87,379,5,9,55
5805,-108,47,87,379,5,10,55
5805,-108,39,87,379,5,9,54
5805,-108,41,87,379,6,10,54
5805,-108,37,87,379,4,8,55
5805,-108,38,87,379,5,9,55
5805,-108,26,87,379,4,10,55
5805,-108,33,87,379,4,8,54
5805,-108,64,87,379,5,9,55
5805,-108,27,87,379,4,10,55
5805,-108,52,87,379,4,10,55
5805,-108,43,87,379,4,8,54
5805,-108,38,87,379,6,10,55
5805,-108,63,87,379,5,8,55
5805,-108,33,87,379,5,9,55
5805,-108,42,87,379,5,8,55
5805,-108,31,87,379,7,10,55
5805,-108,62,87,379,5,10,55
5805,-108,52,87,379,5,8,54
5805,-108,56,87,379,5,9,55
5805,-108,42,87,379,4,9,55
5805,-108,42,87,379,4,10,56
5805,-108,43,87,379,5,8,54
5805,-108,40,87,379,5,9,54
5805,-108,41,87,379,5,10,55
5805,-108,67,87,379,5,9,55
5805,-108,37,87,379,6,8,54
5805,-108,36,87,379,5,9,55
5805,-108,36,87,379,5,7,54
5805,-108,42,87,379,4,10,55
5805,-108,49,87,379,4,10,55
5805,-108,50,87,379,5,9,56
5805,-108,45,87,379,6,11,55
5805,-108,41,87,379,4,9,55
5805,-108,49,87,379,7,10,56
5805,-108,37,87,379,4,8,54
5805,-108,47,87,379,6,7,54
5805,-108,41,87,379,4,9,55
5805,-108,49,87,379,5,10,55
5805,-108,43,87,379,5,10,55
5805,-108,46,87,379,5,12,56
5805,-108,44,87,379,5,10,56
5805,-108,43,87,379,5,10,56
5805,-108,29,87,379,5,10,56
5805,-108,33,87,379,5,8,53
5805,-108,58,87,379,5,13,56
5805,-108,63,87,379,4,10,56
5805,-108,49,87,379,4,11,55
5805,-108,38,87,379,4,8,55
5805,-108,36,87,379,5,9,55
5805,-108,56,87,379,5,11,57
5805,-108,35,87,379,3,9,54
5805,-108,49,87,379,4,11,55
5805,-108,51,87,379,4,10,56
5805,-108,44,87,379,6,9,55
5805,-108,37,87,379,4,10,55
5805,-108,38,87,379,4,9,55
5805,-108,48,87,379,7,8,54
5805,-108,38,87,379,6,9,56
5805,-108,35,87,379,5,9,55
5805,-108,68,87,379,5,10,55
5805,-108,35,87,379,5,11,55
5805,-108,46,87,379,7,9,56
5805,-108,61,87,379,4,9,56
5805,-108,49,87,379,5,10,55
5805,-108,52,87,379,6,10,55
5805,-108,45,87,379,5,10,55
5805,-108,45,87,379,6,11,56
5805,-108,44,87,379,4,7,54
5805,-108,40,87,379,6,9,55
5805,-108,43,87,379,6,10,55
5805,-108,55,87,379,5,9,54
5805,-108,35,87,379,4,9,54
5805,-108,55,87,379,5,8,55
5805,-108,40,87,379,4,9,55
5805,-108,49,87,379,4,9,55
5805,-108,50,87,379,5,8,55
5805,-108,49,87,379,5,8,54
5805,-108,47,87,379,6,9,54
5805,-108,47,87,379,6,10,56
5805,-108,45,87,379,5,10,55
5805,-108,54,87,379,5,9,55
5805,-108,43,87,379,6,8,55
5805,-108,60,87,379,4,7,54
5805,-108,44,87,379,5,9,55
5805,-108,31,87,379,5,9,54
5805,-108,34,87,379,3,9,54
5805,-108,23,87,379,4,8,54
5805,-108,39,87,379,5,9,55
5805,-108,34,87,379,5,9,54
5805,-108,53,87,379,5,8,55
5805,-108,43,87,379,5,10,55
5805,-108,41,87,379,6,9,55
5805,-108,43,87,379,4,10,54
5805,-108,63,87,379,5,9,55
5805,-108,32,87,379,5,9,54
5805,-108,53,87,379,4,9,55
5805,-108,49,87,379,7,10,55
5805,-108,36,87,379,5,9,55
5805,-108,47,87,379,4,8,54
5805,-108,44,87,379,4,10,55
5805,-108,52,87,379,6,10,55
5805,-108,39,87,379,5,10,56
5805,-108,41,87,379,5,11,55
5805,-108,34,87,379,5,11,55
5805,-108,44,87,379,4,8,55
5805,-108,36,87,379,4,10,56
5805,-108,43,87,379,5,8,54
5805,-108,62,87,379,4,10,55
5805,-108,38,87,379,3,9,56
5805,-108,56,87,379,6,8,54
5805,-108,38,87,379,5,10,54
5805,-108,44,87,379,5,11,56
5805,-108,33,87,379,5,9,55
5805,-108,40,87,379,5,10,55
5805,-108,42,87,379,4,8,54
5805,-108,44,87,379,5,9,56
5805,-108,40,87,379,5,10,55
5805,-108,50,87,379,5,8,55
5805,-108,59,87,379,5,9,55
5805,-108,39,87,379,6,9,55
5805,-108,25,87,379,4,10,55
5805,-108,61,87,379,4,9,56
5805,-108,40,87,379,4,9,56
5805,-108,37,87,379,6,9,54
5805,-108,44,87,379,5,9,55
5805,-108,45,87,379,5,10,55
5805,-108,39,87,379,5,9,55
5805,-108,36,87,379,4,10,54
5805,-108,43,87,379,5,9,54
5805,-108,60,87,379,5,9,55
5805,-108,42,87,379,5,9,55
5805,-108,49,87,379,5,9,56
5805,-108,30,87,379,3,8,54
5805,-108,50,87,379,4,9,55
5805,-108,39,87,379,6,10,55
5805,-108,31,87,379,5,10,55
5805,-108,45,87,379,5,10,55
5805,-108,39,87,379,5,8,53
5805,-108,49,87,379,6,10,55
5805,-108,48,87,379,4,10,55
5805,-108,47,87,379,5,9,55
5805,-108,39,87,379,4,9,54
5805,-108,52,87,379,4,9,55
5805,-108,28,87,379,6,8,55
5805,-108,30,87,379,4,9,54
5805,-108,48,87,379,5,8,56
5805,-108,36,87,379,6,8,54
5805,-108,46,87,379,4,9,56
5805,-108,50,87,379,5,8,55
5805,-108,37,87,379,5,8,54
5805,-108,48,87,379,4,10,55
5805,-108,48,87,379,4,8,54
5805,-108,32,87,379,4,9,55
5805,-108,50,87,379,5,10,56
5805,-108,38,87,379,6,9,55
5805,-108,29,87,379,5,10,56
5805,-108,42,87,379,5,9,55
5805,-108,48,87,379,5,11,56
5805,-108,41,87,379,5,9,55
5805,-108,42,87,379,6,9,55
5805,-108,47,87,379,5,12,55
5805,-108,39,87,379,4,10,55
5805,-108,48,87,379,6,9,55
5805,-108,36,87,379,5,8,55
5805,-108,44,87,379,5,10,56
5805,-108,41,87,379,6,10,56
5805,-108,39,87,379,7,11,56
5805,-108,46,87,379,4,9,55
5805,-108,42,87,379,4,11,56
5805,-108,40,87,379,5,10,55
5805,-108,44,87,379,5,8,54
5805,-108,42,87,379,4,12,55
5805,-108,32,87,379,4,10,55
5805,-108,37,87,379,4,9,55
5805,-108,41,87,379,5,9,54
5805,-108,42,87,379,5,9,56
5805,-108,43,87,379,5,10,56
5805,-108,37,87,379,6,9,55
5805,-108,50,87,379,5,9,55
5805,-108,30,87,379,5,9,55
5805,-108,42,87,379,3,10,55
5805,-108,41,87,379,3,7,55
5805,-108,41,87,379,4,7,54
5805,-108,26,87,379,7,9,55
5805,-108,49,87,379,4,11,55
5805,-108,43,87,379,3,8,55
5805,-108,54,87,379,4,9,55
5805,-108,38,87,379,4,12,56
5805,-108,43,87,379,5,9,54
5805,-108,43,87,379,4,10,56
5805,-108,47,87,379,4,10,55
5805,-108,39,87,379,5,9,54
5805,-108,61,87,379,4,9,55
5805,-108,56,87,379,4,10,55
5805,-108,34,87,379,5,8,54
5805,-108,40,87,379,5,9,55
5805,-108,32,87,379,5,10,55
5805,-108,39,87,379,5,11,55
5805,-108,45,87,379,7,9,55
5805,-108,52,87,379,6,9,55
5805,-108,42,87,379,5,9,55
5805,-108,51,87,379,5,9,55
5805,-108,50,87,379,5,9,56
5805,-108,40,87,379,6,8,54
5805,-108,40,87,379,5,8,55
5805,-108,34,87,379,4,8,55
5805,-108,58,87,379,5,11,55
5805,-108,50,87,379,4,11,55
5805,-108,41,87,379,5,9,55
5805,-108,29,87,379,5,9,54
5805,-108,44,87,379,5,9,54
5805,-108,43,87,379,5,9,55
5805,-108,50,87,379,6,7,53
5805,-108,34,87,379,5,7,54
5805,-108,45,87,379,5,11,56
5805,-108,35,87,379,5,10,55
5805,-108,37,87,379,5,10,55
5805,-108,43,87,379,4,10,55
5805,-108,51,87,379,5,10,55
5805,-108,41,87,379,5,8,55
5805,-108,40,87,379,4,10,56
5805,-108,56,87,379,4,10,56
5805,-108,49,87,379,5,8,55
5805,-108,45,87,379,5,9,56
5805,-108,51,87,379,6,11,55
5805,-108,44,87,379,5,8,55
5805,-108,29,87,379,5,8,54
5805,-108,37,87,379,4,7,55
5805,-108,32,87,379,5,9,54
5805,-108,43,87,379,4,10,55
5805,-108,42,87,379,6,10,56
5805,-108,46,87,379,3,10,56
5805,-108,32,87,379,3,9,55
5805,-108,33,87,379,5,9,54
5805,-108,38,87,379,6,10,55
5805,-108,37,87,379,6,8,54
5805,-108,51,87,379,4,7,54
5805,-108,51,87,379,5,9,55
5805,-108,46,87,379,5,10,55
5805,-108,24,87,379,6,9,55
5805,-108,32,87,379,4,8,54
5805,-108,46,87,379,6,10,55
5805,-108,38,87,379,5,11,55
5805,-108,39,87,379,6,9,55
5805,-108,56,87,379,5,9,55
5805,-108,43,87,379,4,9,56
5805,-108,47,87,379,6,9,55
5805,-108,41,87,379,4,8,55
5805,-108,40,87,379,5,8,54
5805,-108,31,87,379,5,9,55
5805,-108,41,87,379,4,9,55
5805,-108,40,87,379,5,11,55
5805,-108,39,87,379,4,8,54
5805,-108,30,87,379,6,7,54
5805,-108,40,87,379,5,10,55
5805,-108,43,87,379,4,8,55
5805,-108,39,87,379,5,9,54
5805,-108,41,87,379,5,11,55
5805,-108,47,87,379,5,9,55
5805,-108,37,87,379,4,11,56
5805,-108,48,87,379,5,11,55
5805,-108,54,87,379,3,9,55
5805,-108,37,87,379,5,10,55
5805,-108,35,87,379,5,9,55
5805,-108,51,87,379,5,11,55
5805,-108,30,87,379,4,10,55
5805,-108,42,87,379,5,9,54
5805,-108,40,87,379,5,10,56
5805,-108,36,87,379,5,9,54
5805,-108,34,87,379,6,8,54
5805,-108,44,87,379,5,9,55
5805,-108,38,87,379,5,10,56
5805,-108,38,87,379,6,8,54
5805,-108,30,87,379,5,9,55
5805,-108,44,87,379,5,10,56
5805,-108,33,87,379,4,6,53
5805,-108,35,87,379,4,8,55
5805,-108,40,87,379,4,7,54
5805,-108,45,87,379,5,10,55
5805,-108,43,87,379,5,9,55
5805,-108,46,87,379,4,9,55
5805,-108,41,87,379,5,9,55
5805,-108,41,87,379,4,10,55
5805,-108,49,87,379,5,9,55
5805,-108,36,87,379,4,9,55
5805,-108,38,87,379,4,10,56
5805,-108,46,87,379,5,10,55
5805,-108,52,87,379,5,10,56
5805,-108,41,87,379,5,10,55
5805,-108,46,87,379,4,12,56
5805,-108,52,87,379,6,9,56
5805,-108,48,87,379,5,9,55
5805,-108,48,87,379,5,9,54
5805,-108,49,87,379,5,9,55
5805,-108,35,87,379,4,7,53
5805,-108,45,87,379,5,10,56
5805,-108,57,87,379,4,10,56
5805,-108,35,87,379,5,8,54
5805,-108,36,87,379,5,9,54
5805,-108,42,87,379,4,10,55
5805,-108,59,87,379,5,7,54
5805,-108,41,87,379,5,9,55
5805,-108,56,87,379,5,10,55
5805,-108,48,87,379,5,9,54
5805,-108,48,87,379,5,9,55
5805,-108,54,87,379,5,8,55
5805,-108,40,87,379,5,9,55
5805,-108,74,87,379,5,8,54
5805,-108,30,87,379,6,10,55
5805,-108,33,87,379,5,9,55
5805,-108,48,87,379,4,9,55
5805,-108,45,87,379,5,8,54
5805,-108,43,87,379,5,11,55
5805,-108,56,87,379,5,10,56
5805,-108,43,87,379,4,7,54
5805,-108,53,87,379,5,9,55
5805,-108,47,87,379,6,9,55
5805,-108,47,87,379,5,9,55
5805,-108,35,87,379,4,10,55
5805,-108,44,87,379,5,10,55
5805,-108,41,87,379,5,8,55
5805,-108,48,87,379,5,8,55
5805,-108,41,87,379,5,9,55
5805,-108,48,87,379,3,9,55
5805,-108,42,87,379,5,8,54
5805,-108,36,87,379,5,11,56
5805,-108,49,87,379,5,10,55
5805,-108,39,87,379,6,10,54
5805,-108,40,87,379,3,11,55
5805,-108,60,87,379,6,10,56
5805,-108,37,87,379,4,9,55
5805,-108,45,87,379,5,8,55
5805,-108,53,87,379,5,9,55
5805,-108,42,87,379,4,9,55
5805,-108,55,87,379,6,10,56
5805,-108,33,87,379,4,10,56
5805,-108,35,87,379,4,9,54
5805,-108,41,87,379,4,8,55
5805,-108,44,87,379,6,10,55
5805,-108,30,87,379,4,9,54
5805,-108,63,87,379,6,8,55
5805,-108,50,87,379,4,9,55
5805,-108,52,87,379,5,8,55
5805,-108,42,87,379,5,11,55
5805,-108,43,87,379,4,9,55
5805,-108,46,87,379,5,10,56
5805,-108,39,87,379,5,9,55
5805,-108,44,87,379,4,12,55
5805,-108,35,87,379,5,7,54
5805,-108,44,87,379,5,11,55
5805,-108,51,87,379,4,9,54
5805,-108,55,87,379,3,9,54
5805,-108,49,87,379,4,8,55
5805,-108,55,87,379,6,10,56
5805,-108,47,87,379,5,8,54
5805,-108,37,87,379,5,11,54
5805,-108,58,87,379,4,7,55
5805,-108,49,87,379,5,11,56
5805,-108,42,87,379,5,10,55
5805,-108,40,87,379,5,9,55
5805,-108,42,87,379,6,8,54
5805,-108,41,87,379,6,10,56
5805,-108,46,87,379,5,8,55
5805,-108,42,87,379,4,11,55
5805,-108,38,87,379,5,10,55
5805,-108,42,87,379,5,10,55
5805,-108,60,87,379,5,10,56
5805,-108,35,87,379,5,9,55
5805,-108,48,87,379,5,8,54
5805,-108,57,87,379,4,10,56
5805,-108,46,87,379,4,11,56
5805,-108,46,87,379,5,7,54
5805,-108,42,87,379,5,9,56
5805,-108,44,87,379,6,10,55
5805,-108,56,87,379,6,11,56
5805,-108,56,87,379,5,10,56
5805,-108,53,87,379,7,9,55
5805,-108,46,87,379,5,9,55
5805,-108,50,87,379,5,9,54
5805,-108,44,87,379,6,8,54
5805,-108,51,87,379,5,12,57
5805,-108,26,87,379,5,8,55
5805,-108,54,87,379,4,9,55
5805,-108,48,87,379,5,11,56
5805,-108,39,87,379,4,9,55
5805,-108,34,87,379,4,10,55
5805,-108,35,87,379,5,11,56
5805,-108,49,87,379,6,9,55
5805,-108,47,87,379,4,10,55
5805,-108,55,87,379,5,10,55
5805,-108,43,87,379,4,10,54
5805,-108,67,87,379,3,10,55
5805,-108,42,87,379,6,11,56
5805,-108,49,87,379,5,8,54
5805,-108,33,87,379,5,9,55
5805,-108,46,87,379,4,9,56
5805,-108,49,87,379,5,8,54
5805,-108,53,87,379,5,11,57
5805,-108,52,87,379,5,10,55
5805,-108,36,87,379,5,7,54
5805,-108,38,87,379,5,9,55
5805,-108,54,87,379,4,10,56
5805,-108,43,87,379,4,10,55
5805,-108,37,87,379,4,9,54
5805,-108,46,87,379,5,9,56
5805,-108,49,87,379,5,8,54
5805,-108,47,87,379,5,9,54
5805,-108,33,87,379,6,10,55
5805,-108,50,87,379,5,9,55
5805,-108,41,87,379,6,9,55
5805,-108,37,87,379,5,9,55
5805,-108,34,87,379,5,10,54
5805,-108,50,87,379,6,8,54
5805,-108,52,87,379,4,10,55
5805,-108,37,87,379,6,10,56
5805,-108,51,87,379,4,8,55
5805,-108,39,87,379,5,10,55
5805,-108,34,87,379,4,9,55
5805,-108,40,87,379,6,10,56
5805,-108,40,87,379,5,8,55
5805,-108,52,87,379,4,10,56
5805,-108,43,87,379,6,9,54
5805,-108,43,87,379,5,9,55
5805,-108,48,87,379,4,9,56
5805,-108,46,87,379,4,9,55
5805,-108,57,87,379,5,9,55
5805,-108,59,87,379,5,9,55
5805,-108,43,87,379,4,8,54
5805,-108,36,87,379,5,10,56
5805,-108,38,87,379,4,8,55
5805,-108,49,87,379,5,10,55
5805,-108,55,87,379,5,9,55
5805,-108,49,87,379,3,10,56
5805,-108,35,87,379,4,9,55
5805,-108,38,87,379,4,7,54
5805,-108,36,87,379,6,9,55
5805,-108,60,87,379,5,11,56
5805,-108,53,87,379,5,10,55
5805,-108,29,87,379,5,9,53
5805,-108,40,87,379,5,9,54
5805,-108,42,87,379,5,9,55
5805,-108,58,87,379,5,9,55
5805,-108,39,87,379,5,9,55
5805,-108,56,87,379,4,9,55
5805,-108,45,87,379,4,10,55
5805,-108,45,87,379,5,9,54
5805,-108,43,87,379,4,10,55
5805,-108,38,87,379,5,9,54
5805,-108,28,87,379,3,7,54
5805,-108,47,87,379,5,9,55
5805,-108,43,87,379,5,9,55
5805,-108,49,87,379,3,10,56
5805,-108,65,87,379,5,11,55
5805,-108,38,87,379,4,8,54
5805,-108,44,87,379,5,10,56
5805,-108,49,87,379,6,9,55
5805,-108,40,87,379,5,8,53
5805,-108,42,87,379,5,9,55
5805,-108,49,87,379,5,10,56
5805,-108,49,87,379,3,8,54
5805,-108,55,87,379,4,8,54
5805,-108,36,87,379,4,9,54
5805,-108,49,87,379,4,7,55
5805,-108,34,87,379,4,9,55
5805,-108,38,87,379,6,8,55
5805,-108,56,87,379,4,11,55
5805,-108,44,87,379,5,9,55
5805,-108,52,87,379,5,10,55
5805,-108,47,87,379,4,8,54
5805,-108,47,87,379,6,9,54
5805,-108,48,87,379,5,11,56
5805,-108,46,87,379,5,11,55
5805,-108,35,87,379,5,9,54
5805,-108,38,87,379,4,10,55
5805,-108,40,87,379,6,11,56
5805,-108,61,87,379,4,10,55
5805,-108,58,87,379,4,9,55
5805,-108,52,87,379,5,9,55
5805,-108,59,87,379,5,8,55
5805,-108,40,87,379,6,11,56
5805,-108,41,87,379,4,11,56
5805,-108,45,87,379,5,11,56
5805,-108,46,87,379,4,10,55
5805,-108,47,87,379,5,11,55
5805,-108,41,87,379,5,10,54
5805,-108,52,87,379,5,8,55
5805,-108,40,87,379,5,9,54
5805,-108,46,87,379,6,11,56
5805,-108,39,87,379,5,10,55
5805,-108,49,87,379,5,10,56
5805,-108,46,87,379,5,10,55
5805,-108,34,87,379,5,8,54
5805,-108,41,87,379,6,9,55
5805,-108,42,87,379,6,9,54
5805,-108,56,87,379,5,9,54
5805,-108,40,87,379,5,10,55
5805,-108,39,87,379,6,10,55
5805,-108,47,87,379,6,9,55
5805,-108,42,87,379,4,9,54
5805,-108,45,87,379,4,8,55
5805,-108,34,87,379,6,7,54
5805,-108,53,87,379,4,10,55
5805,-108,53,87,379,5,12,56
5805,-108,45,87,379,3,9,55
5805,-108,38,87,379,5,10,55
5805,-108,44,87,379,5,10,56
5805,-108,49,87,379,4,10,56
5805,-108,42,87,379,4,8,55
5805,-108,43,87,379,5,10,55
5805,-108,27,87,379,5,9,55
5805,-108,39,87,379,5,11,56
5805,-108,45,87,379,5,10,55
5805,-108,55,87,379,5,8,55
5805,-108,41,87,379,4,10,55
5805,-108,28,87,379,4,10,55
5805,-108,49,87,379,5,9,54
5805,-108,50,87,379,6,7,54
5805,-108,44,87,379,5,10,56
5805,-108,41,87,379,4,9,54
5805,-108,47,87,379,4,10,55
5805,-108,42,87,379,5,10,56
5805,-108,63,87,379,5,9,55
5805,-108,39,87,379,5,9,55
5805,-108,42,87,379,5,8,54
5805,-108,53,87,379,4,9,55
5805,-108,51,87,379,5,10,55
5805,-108,37,87,379,5,10,55
5805,-108,56,87,379,4,9,57
5805,-108,42,87,379,3,8,54
5805,-108,40,87,379,4,9,55
5805,-108,49,87,379,6,9,55
5805,-108,34,87,379,4,9,54
5805,-108,47,87,379,5,11,55
5805,-108,46,87,379,5,10,55
5805,-108,56,87,379,5,9,55
5805,-108,32,87,379,4,9,55
5805,-108,50,87,379,5,11,56
5805,-108,42,87,379,6,11,55
5805,-108,43,87,379,5,10,55
5805,-108,24,87,379,5,8,54
5805,-108,47,87,379,5,8,55
5805,-108,31,87,379,4,9,54
5805,-108,50,87,379,6,10,55
5805,-108,61,87,379,6,11,57
5805,-108,37,87,379,5,10,56
5805,-108,45,87,379,5,9,55
5805,-108,31,87,379,4,11,54
5805,-108,43,87,379,5,9,56
5805,-108,36,87,379,3,9,55
5805,-108,54,87,379,5,8,54
5805,-108,49,87,379,5,9,55
5805,-108,33,87,379,6,11,56
5805,-108,60,87,379,5,8,55
5805,-108,38,87,379,5,11,55
5805,-108,39,87,379,5,10,55
5805,-108,46,87,379,5,9,55
5805,-108,43,87,379,5,8,54
5805,-108,28,87,379,5,9,54
5805,-108,42,87,379,5,10,55
5805,-108,45,87,379,4,10,55
5805,-108,40,87,379,5,10,55
5805,-108,31,87,379,4,9,54
5805,-108,41,87,379,4,10,55
5805,-108,38,87,379,6,10,55
5805,-108,36,87,379,4,9,54
5805,-108,48,87,379,5,10,56
5805,-108,50,87,379,5,9,54
5805,-108,40,87,379,6,9,56
5805,-108,44,87,379,4,9,56
5805,-108,46,87,379,6,9,55
5805,-108,47,87,379,5,11,55
5805,-108,42,87,379,6,9,54
5805,-108,44,87,379,5,10,55
5805,-108,50,87,379,6,11,56
5805,-108,44,87,379,5,10,55
5805,-108,50,87,379,3,11,56
5805,-108,33,87,379,5,9,54
5805,-108,36,87,379,4,9,54
5805,-108,28,87,379,4,11,55
5805,-108,43,87,379,5,8,55
5805,-108,37,87,379,5,9,56
5805,-108,47,87,379,6,9,54
5805,-108,49,87,379,4,8,54
5805,-108,35,87,379,4,9,55
5805,-108,37,87,379,4,10,54
5805,-108,39,87,379,5,8,54
5805,-108,37,87,379,4,12,56
5805,-108,56,87,379,6,8,55
5805,-108,68,87,379,5,11,55
5805,-108,53,87,379,5,9,55
5805,-108,38,87,379,6,8,55
5805,-108,47,87,379,4,10,56
5805,-108,37,87,379,5,9,55
5805,-108,33,87,379,5,8,54
5805,-108,47,87,379,5,8,54
5805,-108,45,87,379,5,10,55
5805,-108,45,87,379,4,10,56
5805,-108,43,87,379,5,9,55
5805,-108,51,87,379,5,9,56
5805,-108,39,87,379,5,8,54
5805,-108,42,87,379,4,9,55
5805,-108,36,87,379,6,7,55
5805,-108,48,87,379,5,9,55
5805,-108,49,87,379,5,9,56
5805,-108,53,87,379,4,9,56
5805,-108,28,87,379,6,10,55
5805,-108,40,87,379,5,10,55
5805,-108,42,87,379,4,10,55
5805,-108,53,87,379,4,10,56
5805,-108,38,87,379,6,9,55
5805,-108,55,87,379,5,8,55
5805,-108,52,87,379,5,9,55
5805,-108,46,87,379,4,9,55
5805,-108,55,87,379,5,10,56
5805,-108,52,87,379,5,10,55
5805,-108,42,87,379,5,9,55
5805,-108,31,87,379,5,8,55
5805,-108,36,87,379,6,10,55
5805,-108,45,87,379,5,10,55
5805,-108,47,87,379,5,9,55
5805,-108,52,87,379,4,8,54
5805,-108,62,87,379,5,11,56
5805,-108,43,87,379,4,11,56
5805,-108,47,87,379,6,10,55
5805,-108,59,87,379,5,9,56
5805,-108,50,87,379,5,9,55
5805,-108,49,87,379,5,9,54
5805,-108,41,87,379,6,11,57
5805,-108,47,87,379,7,11,55
5805,-108,46,87,379,4,11,55
5805,-108,35,87,379,5,9,55
5805,-108,52,87,379,3,9,55
5805,-108,39,87,379,4,9,55
5805,-108,44,87,379,5,10,55
5805,-108,40,87,379,5,9,55
5805,-108,46,87,379,5,11,55
5805,-108,61,87,379,5,8,55
5805,-108,43,87,379,5,9,54
5805,-108,41,87,379,4,9,54
5805,-108,56,87,379,5,9,55
5805,-108,43,87,379,5,9,55
5805,-108,47,87,379,4,9,55
5805,-108,43,87,379,5,10,56
5805,-108,34,87,379,4,12,55
5805,-108,37,87,379,4,9,55
5805,-108,44,87,379,5,9,55
5805,-108,33,87,379,4,9,55
5805,-108,34,87,379,6,10,56
5805,-108,50,87,379,5,9,55
5805,-108,49,87,379,4,8,55
5805,-108,29,87,379,6,10,56
5805,-108,40,87,379,4,10,56
5805,-108,45,87,379,5,11,56
5805,-108,48,87,379,5,10,55
5805,-108,58,87,379,4,10,56
5805,-108,35,87,379,4,8,55
5805,-108,39,87,379,6,8,54
5805,-108,49,87,379,4,9,54
5805,-108,39,87,379,6,9,55
5805,-108,55,87,379,5,9,55
5805,-108,54,87,379,6,8,54
5805,-108,38,87,379,4,9,54
5805,-108,43,87,379,5,9,54
5805,-108,29,87,379,5,11,55
5805,-108,36,87,379,5,9,56
5805,-108,44,87,379,5,10,54
5805,-108,39,87,379,5,8,55
5805,-108,49,87,379,5,10,55
5805,-108,51,87,379,4,9,55
5805,-108,33,87,379,5,9,54
5805,-108,39,87,379,5,10,55
5805,-108,48,87,379,6,8,55
5805,-108,50,87,379,6,9,54
5805,-108,40,87,379,5,10,55
5805,-108,52,87,379,6,10,56
5805,-108,45,87,379,4,9,54
5805,-108,46,87,379,6,9,54
5805,-108,45,87,379,4,10,55
5805,-108,41,87,379,4,10,55
5805,-108,45,87,379,5,10,54
5805,-108,45,87,379,5,10,55
5805,-108,37,87,379,4,8,54
5805,-108,46,87,379,5,8,55
5805,-108,41,87,379,4,9,54
5805,-108,40,87,379,4,11,56
5805,-108,40,87,379,5,8,54
5805,-108,39,87,379,5,8,54
5805,-108,38,87,379,5,9,54
5805,-108,41,87,379,4,9,55
5805,-108,48,87,379,4,10,55
5805,-108,50,87,379,4,8,55
5805,-108,42,87,379,5,10,54
5805,-108,44,87,379,5,10,56
5805,-108,34,87,379,4,8,54
5805,-108,39,87,379,4,8,55
5805,-108,49,87,379,5,9,55
5805,-108,39,87,379,5,8,54
5805,-108,47,87,379,4,9,55
5805,-108,46,87,379,3,9,56
5805,-108,42,87,379,4,8,55
5805,-108,52,87,379,5,11,56
5805,-108,37,87,379,5,9,54
5805,-108,40,87,379,4,9,55
5805,-108,47,87,379,6,9,55
5805,-108,37,87,379,5,8,55
5805,-108,49,87,379,4,10,56
5805,-108,36,87,379,5,10,54
5805,-108,45,87,379,6,10,56
5805,-108,34,87,379,5,10,55
5805,-108,54,87,379,5,11,55
5805,-108,39,87,379,5,9,55
5805,-108,47,87,379,5,10,56
5805,-108,38,87,379,5,9,54
5805,-108,45,87,379,5,12,56
5805,-108,48,87,379,5,9,55
5805,-108,45,87,379,5,8,55
5805,-108,36,87,379,5,8,55
5805,-108,30,87,379,4,8,53
5805,-108,37,87,379,5,8,55
5805,-108,39,87,379,5,8,54
5805,-108,52,87,379,6,11,56
5805,-108,40,87,379,4,8,54
5805,-108,50,87,379,4,9,55
5805,-108,42,87,379,4,10,54
5805,-108,61,87,379,3,9,55
5805,-108,49,87,379,5,10,55
5805,-108,49,87,379,5,8,54
5805,-108,51,87,379,5,11,57
5805,-108,49,87,379,4,11,56
5805,-108,57,87,379,5,9,55
5805,-108,49,87,379,5,11,55
5805,-108,40,87,379,5,10,54
5805,-108,32,87,379,5,8,55
5805,-108,51,87,379,5,10,55
5805,-108,42,87,379,5,10,54
5805,-108,32,87,379,4,9,54
5805,-108,45,87,379,6,9,55
5805,-108,42,87,379,4,9,55
5805,-108,29,87,379,6,10,55
5805,-108,54,87,379,6,11,55
5805,-108,41,87,379,5,9,55
5805,-108,37,87,379,5,9,55
5805,-108,41,87,379,4,10,55
5805,-108,48,87,379,6,9,56
5805,-108,53,87,379,4,9,56
5805,-108,36,87,379,5,8,55
5805,-108,50,87,379,5,10,55
5805,-108,42,87,379,6,9,55
5805,-108,52,87,379,5,10,56
5805,-108,46,87,379,4,9,54
5805,-108,46,87,379,4,10,55
5805,-108,49,87,379,5,9,55
5805,-108,44,87,379,6,7,54
5805,-108,60,87,379,4,9,54
5805,-108,50,87,379,5,10,55
5805,-108,48,87,379,5,10,55
5805,-108,43,87,379,5,10,55
5805,-108,42,87,379,5,10,55
5805,-108,36,87,379,5,9,55
5805,-108,42,87,379,5,11,56
5805,-108,43,87,379,3,9,55
5805,-108,47,87,379,4,10,55
5805,-108,51,87,379,5,9,55
5805,-108,36,87,379,4,8,55
5805,-108,53,87,379,6,9,55
5805,-108,41,87,379,4,8,54
5805,-108,40,87,379,4,8,54
5805,-108,54,87,379,4,8,55
5805,-108,53,87,379,6,9,55
5805,-108,49,87,379,6,7,55
5805,-108,71,87,379,5,10,56
5805,-108,37,87,379,5,9,55
5805,-108,40,87,379,6,10,54
5805,-108,43,87,379,4,10,55
5805,-108,32,87,379,4,8,55
5805,-108,39,87,379,5,11,55
5805,-108,40,87,379,4,8,54
5805,-108,39,87,379,5,10,55
5805,-108,42,87,379,5,8,54
5805,-108,52,87,379,5,9,56
5805,-108,56,87,379,4,9,55
5805,-108,55,87,379,5,8,55
5805,-108,49,87,379,5,10,55
5805,-108,35,87,379,6,10,55
5805,-108,56,87,379,5,11,56
5805,-108,32,87,379,5,9,55
5805,-108,62,87,379,5,9,55
5805,-108,43,87,379,5,11,56
5805,-108,40,87,379,7,8,55
5805,-108,41,87,379,4,8,54
5805,-108,41,87,379,6,10,56
5805,-108,30,87,379,4,9,55
5805,-108,34,87,379,5,9,55
5805,-108,60,87,379,6,9,55
5805,-108,53,87,379,4,9,54
5805,-108,43,87,379,5,9,55
5745,-107,38,87,378,5,8,56
5745,-107,41,87,378,6,9,57
5745,-107,42,87,378,5,10,57
5745,-107,56,87,378,4,10,56
5745,-107,40,87,378,7,11,57
5745,-107,47,87,378,6,8,57
5745,-107,30,87,378,6,9,56
5745,-107,49,87,378,5,10,56
5745,-107,41,87,378,5,7,55
5745,-107,58,87,378,4,10,57
5745,-107,45,87,378,4,10,57
5745,-107,34,87,378,4,8,56
5745,-107,60,87,378,5,11,57
5745,-107,58,87,378,6,9,56
5745,-107,45,87,378,5,12,57
5745,-107,34,87,378,5,11,57
5745,-107,47,87,378,6,10,57
5745,-107,50,87,378,4,8,57
5745,-107,51,87,378,5,10,57
5745,-107,58,87,378,7,10,57
5745,-107,51,87,378,5,10,57
5745,-107,47,87,378,5,9,57
5745,-107,45,87,378,5,10,56
5745,-107,55,87,378,5,8,56
5745,-107,60,87,378,5,10,57
5745,-107,51,87,378,5,10,56
5745,-107,26,87,378,6,8,55
5745,-107,45,87,378,4,9,56
5745,-107,49,87,378,4,8,55
5745,-107,72,87,378,5,8,57
5745,-107,56,87,378,5,9,57
5745,-107,49,87,378,5,10,57
5745,-107,43,87,378,5,10,57
5745,-107,64,87,378,6,8,56
5745,-107,49,87,378,6,8,57
5745,-107,35,87,378,5,9,56
5745,-107,31,87,378,5,8,56
5745,-107,39,87,378,6,10,57
5745,-107,42,87,378,6,9,56
5745,-107,63,87,378,4,8,57
5745,-107,64,87,378,5,9,57
5745,-107,71,87,378,6,9,57
5745,-107,65,87,378,5,10,57
5745,-107,47,87,378,6,9,56
5745,-107,45,87,378,5,9,56
5745,-107,40,87,378,6,11,57
5745,-107,37,87,378,6,10,57
5745,-107,42,87,378,4,11,56
5745,-107,62,87,378,5,7,55
5745,-107,49,87,378,4,8,56
5745,-107,51,87,378,5,8,55
5745,-107,41,87,378,7,8,57
5745,-107,65,87,378,5,10,57
5745,-107,51,87,378,5,9,57
5745,-107,51,87,378,6,11,59
5745,-107,54,87,378,4,8,56
5745,-107,52,87,378,4,10,57
5745,-107,57,87,378,7,9,57
5745,-107,65,87,378,5,8,56
5745,-107,39,87,378,5,9,57
5745,-107,48,87,378,5,9,56
5745,-107,52,87,378,6,11,57
5745,-107,48,87,378,5,8,56
5745,-107,60,87,378,7,9,57
5745,-107,45,87,378,4,8,57
5745,-107,47,87,378,5,9,57
5745,-107,37,87,378,5,9,56
5745,-107,58,87,378,5,10,56
5745,-107,53,87,378,5,9,57
5745,-107,54,87,378,5,9,57
5745,-107,54,87,378,5,10,57
5745,-107,60,87,378,6,10,57
5745,-107,57,87,378,6,10,57
5745,-107,45,87,378,5,8,56
5745,-107,36,87,378,7,10,57
5745,-107,47,87,378,6,9,57
5745,-107,30,87,378,5,10,57
5745,-107,43,87,378,4,10,57
5745,-107,52,87,378,6,8,56
5745,-107,44,87,378,4,10,57
5745,-107,50,87,378,5,8,55
5745,-107,59,87,378,5,9,57
5745,-107,66,87,378,5,11,57
5745,-107,37,87,378,5,10,56
5745,-107,34,87,378,6,8,55
5745,-107,45,87,378,5,10,56
5745,-107,36,87,378,5,9,56
5745,-107,56,87,378,5,10,57
5745,-107,55,87,378,4,9,56
5745,-107,38,87,378,5,10,56
5745,-107,35,87,378,4,8,56
5745,-107,35,87,378,6,9,56
5745,-107,47,87,378,6,10,57
5745,-107,37,87,378,5,9,57
5745,-107,39,87,378,4,11,57
5745,-107,55,87,378,7,12,57
5745,-107,34,87,378,4,10,57
5745,-107,41,87,378,6,11,58
5745,-107,41,87,378,5,7,56
5745,-107,40,87,378,6,10,57
5745,-107,43,87,378,4,9,57
5745,-107,50,87,378,5,8,56
5745,-107,68,87,378,6,9,57
5745,-107,58,87,378,5,9,56
5745,-107,40,87,378,5,8,56
5745,-107,68,87,378,4,9,56
5745,-107,46,87,378,6,8,56
5745,-107,42,87,378,7,7,55
5745,-107,40,87,378,3,8,56
5745,-107,56,87,378,6,9,57
5745,-107,44,87,378,5,11,57
5745,-107,39,87,378,5,9,56
5745,-107,44,87,378,5,13,58
5745,-107,45,87,378,5,8,57
5745,-107,62,87,378,5,10,57
5745,-107,45,87,378,6,12,58
5745,-107,58,87,378,6,10,57
5745,-107,33,87,378,5,10,55
5745,-107,42,87,378,5,10,57
5745,-107,46,87,378,6,9,56
5745,-107,44,87,378,5,8,55
5745,-107,34,87,378,6,9,56
5745,-107,41,87,378,5,10,57
5745,-107,44,87,378,5,10,56
5745,-107,58,87,378,6,9,56
5745,-107,59,87,378,4,9,56
5745,-107,48,87,378,5,10,57
5745,-107,35,87,378,6,10,56
5745,-107,37,87,378,5,10,57
5745,-107,43,87,378,5,8,57
5745,-107,35,87,378,5,11,57
5745,-107,30,87,379,5,9,56
5745,-107,40,90,376,6,10,58
5745,-107,43,90,376,5,10,59
5745,-107,38,90,376,5,7,58
5745,-107,42,90,376,5,9,59
5745,-107,26,88,377,5,8,56
5745,-107,46,89,376,5,9,57
5745,-107,33,90,376,3,8,58
5745,-107,56,90,376,4,9,58
5745,-107,63,90,376,4,11,59
5745,-107,61,90,376,3,10,58
5745,-107,37,90,376,6,9,59
5745,-107,47,90,376,4,11,59
5745,-107,43,90,376,5,11,59
5745,-107,52,89,377,5,9,58
5745,-107,47,90,376,4,10,59
5745,-107,44,90,376,4,9,58
5745,-107,32,88,377,5,9,56
5745,-107,44,90,376,4,11,59
5745,-107,76,90,376,4,10,59
5745,-107,44,90,376,5,9,58
5745,-107,29,89,376,5,9,56
5745,-107,47,90,376,5,10,59
5745,-107,52,90,376,5,10,59
5745,-107,41,90,376,4,9,58
5745,-107,55,90,376,5,11,59
5745,-107,34,90,376,5,10,58
5745,-107,55,89,376,5,10,58
5745,-107,58,90,376,7,9,59
5745,-107,45,88,377,7,9,56
5745,-107,43,90,376,2,9,58
5745,-107,38,90,376,4,9,58
5745,-107,71,90,376,3,9,58
5745,-107,43,90,376,4,8,58
5745,-107,43,90,376,4,10,58
5745,-107,53,90,376,4,11,59
5745,-107,44,90,376,4,8,58
5745,-107,45,90,376,6,7,57
5745,-107,54,90,376,3,11,58
5745,-107,44,89,376,5,11,58
5745,-107,43,90,376,5,10,59
5745,-107,43,90,376,5,10,59
5745,-107,45,90,376,4,8,58
5745,-107,37,90,376,4,11,59
5745,-107,34,90,376,5,10,58
5745,-107,48,90,376,5,10,59
5745,-107,36,88,378,6,7,56
5745,-107,47,90,376,4,10,58
5745,-107,35,89,377,5,9,57
5745,-107,34,89,376,5,8,58
5745,-107,45,90,376,5,9,58
5745,-107,60,90,376,4,9,58
5745,-107,42,89,377,5,10,58
5745,-107,29,89,376,6,9,57
5745,-107,42,90,376,4,10,58
5745,-107,52,90,376,3,10,58
5745,-107,38,89,377,6,9,57
5745,-107,58,90,376,3,12,59
5745,-107,43,89,377,5,7,57
5745,-107,65,90,376,5,10,59
5745,-107,44,89,377,4,10,58
5745,-107,65,90,376,5,8,59
5745,-107,70,90,376,5,9,58
5745,-107,34,89,377,4,11,58
5745,-107,63,90,376,5,8,57
5745,-107,30,90,376,5,9,59
5745,-107,39,90,376,4,7,58
5745,-107,40,90,376,5,9,58
5745,-107,42,90,376,4,10,58
5745,-107,41,88,377,6,7,55
5745,-107,40,90,376,5,9,57
5745,-107,39,89,376,5,8,57
5745,-107,49,89,377,4,9,57
5745,-107,47,88,377,6,8,57
5745,-107,49,89,377,6,10,57
5745,-107,39,89,376,5,9,58
5745,-107,42,89,377,5,9,57
5745,-107,40,89,376,4,8,57
5745,-107,54,90,376,5,11,59
5745,-107,43,89,376,3,10,57
5745,-107,62,90,376,4,9,58
5745,-107,37,88,378,4,8,56
5745,-107,36,90,376,5,11,58
5745,-107,49,90,376,5,11,59
5745,-107,44,90,376,6,9,59
5745,-107,59,90,376,5,9,58
5745,-107,47,90,376,4,9,59
5745,-107,42,89,377,5,9,57
5745,-107,32,89,377,6,9,58
5745,-107,44,90,376,4,8,58
5745,-107,62,90,376,4,9,58
5745,-107,49,90,376,5,9,58
5745,-107,49,89,376,3,8,57
5745,-107,43,90,376,4,10,59
5745,-107,43,90,376,4,7,57
5745,-107,44,90,376,4,10,58
5745,-107,44,90,376,5,10,58
5745,-107,56,90,376,4,10,58
5745,-107,42,90,376,5,9,59
5745,-107,57,90,376,4,10,59
5745,-107,36,90,376,3,7,58
5745,-107,36,90,376,4,9,59
5745,-107,39,89,377,5,9,57
5745,-107,61,90,376,5,10,58
5745,-107,48,88,377,5,7,56
5745,-107,35,88,377,4,9,56
5745,-107,73,90,376,4,8,58
5745,-107,54,90,376,6,9,59
5745,-107,39,90,376,4,8,58
5745,-107,42,90,376,3,9,58
5745,-107,34,89,377,5,10,58
5745,-107,45,90,376,4,9,59
5745,-107,53,90,376,4,8,59
5745,-107,38,90,376,4,10,59
5745,-107,60,89,377,6,9,58
5745,-107,37,90,376,5,8,58
5745,-107,35,90,376,5,11,59
5745,-107,33,90,376,4,7,57
5745,-107,53,89,376,5,8,57
5745,-107,64,90,376,4,9,59
5745,-107,40,90,376,4,10,59
5745,-107,42,90,376,4,9,59
5745,-107,41,89,376,5,9,57
5745,-107,52,90,376,6,9,58
5745,-107,48,90,376,5,10,58
5745,-107,37,90,376,5,10,58
5745,-107,71,90,376,5,9,58
5745,-107,40,88,378,6,9,56
5745,-107,52,90,376,3,9,59
5745,-107,49,90,376,4,10,59
5745,-107,56,90,376,4,10,57
5745,-107,44,89,376,5,9,58
5745,-107,39,90,376,4,8,58
5745,-107,38,90,376,4,8,58
5745,-107,46,89,376,4,12,59
5745,-107,62,90,376,4,7,58
5745,-107,27,89,376,5,10,57
5745,-107,52,90,376,4,10,59
5745,-107,43,90,376,4,9,58
5745,-107,54,90,376,5,10,58
5745,-107,49,90,376,5,9,59
5745,-107,49,90,376,3,9,58
5745,-107,52,90,376,5,10,59
5745,-107,47,89,377,5,9,58
5745,-107,59,89,376,5,10,58
5745,-107,59,90,376,5,9,58
5745,-107,35,90,376,5,10,58
5745,-107,48,90,376,3,10,58
5745,-107,40,89,377,5,11,58
5745,-107,30,90,376,6,9,57
5745,-107,56,90,376,5,9,58
5745,-107,52,89,377,6,9,58
5745,-107,32,90,376,4,9,58
5745,-107,53,90,376,4,9,58
5745,-107,40,90,376,4,9,58
5745,-107,65,90,376,5,8,57
5745,-107,45,90,376,4,9,59
5745,-107,48,90,376,6,10,59
5745,-107,49,89,376,4,9,58
5745,-107,43,90,376,4,11,58
5745,-107,69,90,376,5,7,58
5745,-107,53,90,376,4,10,59
5745,-107,36,90,376,5,11,59
5745,-107,60,90,376,6,10,59
5745,-107,75,90,376,3,11,58
5745,-107,52,90,376,4,11,59
5745,-107,44,90,376,4,10,58
5745,-107,57,89,376,5,8,57
5745,-107,41,90,376,4,8,58
5745,-107,37,89,377,6,9,57
5745,-107,41,90,376,4,10,59
5745,-107,62,90,376,2,8,58
5745,-107,52,90,376,4,9,58
5745,-107,29,90,376,3,9,58
5745,-107,52,90,376,4,8,58
5745,-107,45,90,376,4,11,59
5745,-107,38,90,376,5,8,58
5745,-107,34,90,376,5,9,57
5745,-107,35,89,376,5,10,58
5745,-107,53,90,376,4,9,58
5745,-107,41,90,376,4,9,58
5745,-107,34,89,376,5,10,57
5745,-107,46,90,376,3,10,58
5745,-107,39,90,376,4,11,59
5745,-107,52,90,376,5,7,58
5745,-107,61,90,376,4,10,59
5745,-107,36,90,376,4,9,58
5745,-107,42,90,376,5,9,58
5745,-107,39,90,376,5,9,58
5745,-107,50,89,377,5,10,58
5745,-107,35,90,376,3,9,58
5745,-107,48,90,376,5,10,58
5745,-107,30,89,377,4,10,58
5745,-107,63,90,376,5,8,59
5745,-107,48,90,376,4,9,58
5745,-107,35,89,377,5,9,57
5745,-107,39,90,376,4,11,59
5745,-107,38,90,376,5,8,58
5745,-107,34,90,376,4,10,58
5745,-107,53,90,376,3,9,58
5745,-107,53,90,376,6,8,59
5745,-107,49,88,377,6,11,57
5745,-107,47,90,376,4,10,60
5745,-107,61,90,376,5,9,58
5745,-107,64,90,376,5,9,58
5745,-107,40,89,376,6,8,58
5745,-107,36,89,376,3,9,58
5745,-107,42,90,376,4,9,58
5745,-107,29,89,376,6,12,58
5745,-107,50,88,378,7,9,58
5745,-107,56,90,376,4,8,58
5745,-107,36,90,376,4,9,58
5745,-107,39,89,376,5,9,58
5745,-107,63,87,378,6,8,57
5745,-107,45,87,378,5,8,56
5745,-107,38,87,378,5,6,54
5745,-107,45,87,378,3,8,56
5745,-107,47,87,378,6,10,57
5745,-107,40,87,378,4,10,57
5745,-107,45,87,378,5,8,55
5745,-107,42,87,378,6,11,57
5745,-107,58,87,378,5,10,57
5745,-107,71,87,378,4,8,56
5745,-107,43,87,378,6,9,57
5745,-107,67,87,378,5,11,57
5745,-107,31,87,378,5,10,56
5745,-107,63,87,378,5,12,58
5745,-107,57,87,378,6,9,56
5745,-107,51,87,378,7,11,56
5745,-107,60,87,378,6,10,57
5745,-107,49,87,378,5,9,57
5745,-107,43,87,378,6,10,58
5745,-107,55,87,378,5,9,57
5745,-107,53,87,378,5,9,56
5745,-107,54,87,378,5,11,57
5745,-107,60,87,378,5,10,57
5745,-107,37,87,378,5,7,55
5745,-107,52,87,378,6,8,57
5745,-107,40,87,378,6,8,56
5745,-107,49,87,378,6,9,57
5745,-107,50,87,378,6,8,57
5745,-107,46,87,378,5,9,56
5745,-107,49,87,378,5,10,56
5745,-107,46,87,378,6,9,56
5745,-107,43,87,378,7,10,57
5745,-107,35,87,378,4,9,55
5745,-107,55,87,378,6,9,56
5745,-107,45,87,378,5,8,56
5745,-107,41,87,378,4,10,57
5745,-107,61,87,378,5,10,57
5745,-107,61,87,378,5,9,56
5745,-107,51,87,378,4,11,57
5745,-107,43,87,378,6,7,56
5745,-107,52,87,378,6,9,56
5745,-107,48,87,378,5,6,56
5745,-107,56,87,378,4,10,57
5745,-107,50,87,378,5,10,57
5745,-107,45,87,378,4,10,57
5745,-107,44,87,378,7,9,57
5745,-107,63,87,378,5,9,57
5745,-107,52,87,378,5,9,57
5745,-107,43,87,378,7,13,58
5745,-107,44,87,378,6,10,56
5745,-107,68,87,378,6,13,58
5745,-107,60,87,378,7,11,58
5745,-107,44,87,378,5,9,57
5745,-107,67,87,378,5,11,57
5745,-107,61,87,378,6,11,57
5745,-107,45,87,378,5,8,56
5745,-107,51,87,378,5,9,57
5745,-107,50,87,378,6,10,57
5745,-107,53,87,378,5,9,57
5745,-107,50,87,378,4,8,56
5745,-107,49,87,378,5,9,56
5745,-107,46,87,378,6,9,57
5745,-107,65,87,378,5,9,56
5745,-107,44,87,378,6,10,57
5745,-107,50,87,378,5,8,56
5745,-107,48,87,378,5,8,55
5745,-107,50,87,378,5,9,56
5745,-107,47,87,378,6,9,57
5745,-107,43,87,378,5,10,56
5745,-107,45,87,378,5,9,56
5745,-107,58,87,378,5,9,56
5745,-107,57,87,378,6,11,57
5745,-107,28,87,378,5,10,57
5745,-107,42,87,378,6,9,56
5745,-107,31,87,378,6,11,57
5745,-107,55,87,378,6,9,56
5745,-107,59,87,378,5,10,56
5745,-107,26,87,378,7,9,56
5745,-107,46,87,378,4,10,57
5745,-107,63,87,378,5,10,57
5745,-107,35,87,378,4,10,57
5745,-107,52,87,378,5,9,56
5745,-107,51,87,378,5,9,57
5745,-107,61,87,378,5,10,57
5745,-107,54,87,378,5,8,56
5745,-107,41,87,378,4,8,55
5745,-107,49,87,378,6,11,57
5745,-107,57,87,378,5,11,57
5745,-107,58,87,378,5,9,57
5745,-107,47,87,378,4,10,57
5745,-107,39,87,378,5,10,57
5745,-107,49,87,378,6,8,57
5745,-107,49,87,378,6,9,57
5745,-107,49,87,378,5,9,57
5745,-107,64,87,378,7,8,56
5745,-107,54,87,378,5,10,57
5745,-107,50,87,378,5,10,57
5745,-107,51,87,378,4,7,56
5745,-107,34,87,378,6,10,57
5745,-107,56,87,378,6,9,57
5745,-107,39,87,378,5,10,55
5745,-107,52,87,378,5,10,56
5745,-107,46,87,378,4,10,57
5745,-107,50,87,378,4,9,57
5745,-107,41,87,378,5,9,56
5745,-107,42,87,378,5,10,57
5745,-107,69,87,378,6,10,57
5745,-107,52,87,378,5,11,57
5745,-107,58,87,378,5,12,57
5745,-107,58,87,378,5,9,56
5745,-107,50,87,378,5,8,56
5745,-107,41,87,378,6,8,56
5745,-107,55,87,378,4,10,57
5745,-107,47,87,378,4,8,57
5745,-107,35,87,378,6,10,56
5745,-107,59,87,378,7,10,57
5745,-107,27,87,378,5,10,57
5745,-107,53,87,378,6,9,56
5745,-107,32,87,378,6,8,56
5745,-107,49,87,378,5,10,57
5745,-107,39,87,378,6,10,57
5745,-107,44,87,378,6,8,56
5745,-107,51,87,378,7,10,57
5745,-107,57,87,378,5,10,57
5745,-107,59,87,378,5,12,57
5745,-107,55,87,378,4,10,57
5745,-107,37,87,378,7,9,56
5745,-107,48,87,378,4,9,56
5745,-107,57,87,378,5,9,57
5745,-107,45,87,378,6,8,56
5745,-107,57,87,378,5,10,57
5745,-107,39,87,378,6,7,55
5745,-107,44,87,378,5,8,56
5745,-107,37,87,378,5,11,57
5745,-107,59,87,378,5,9,56
5745,-107,49,87,378,6,8,56
5745,-107,69,87,378,5,11,57
5745,-107,54,87,378,7,10,56
5745,-107,34,87,378,7,10,56
5745,-107,76,87,378,5,9,56
5745,-107,39,87,378,5,9,56
5745,-107,58,87,378,5,9,57
5745,-107,37,89,376,5,10,57
5745,-107,41,90,376,5,8,58
5745,-107,34,90,376,6,9,58
5745,-107,65,90,376,3,10,59
5745,-107,43,89,377,7,9,58
5745,-107,39,90,376,4,9,57
5745,-107,38,90,376,4,9,59
5745,-107,38,89,377,5,11,58
5745,-107,85,90,376,4,9,59
5745,-107,51,90,376,3,11,59
5745,-107,58,90,376,4,8,58
5745,-107,34,90,376,5,8,57
5745,-107,52,90,376,5,9,57
5745,-107,38,90,376,5,9,58
5745,-107,48,90,376,4,11,59
5745,-107,59,90,376,5,9,58
5745,-107,45,90,376,5,8,59
5745,-107,62,90,376,5,9,58
5745,-107,59,89,376,3,10,57
5745,-107,51,90,376,4,11,59
5745,-107,52,90,376,4,9,58
5745,-107,57,90,376,4,9,59
5745,-107,62,89,376,5,9,57
5745,-107,40,90,376,3,9,58
5745,-107,52,89,376,5,9,57
5745,-107,40,90,376,5,9,58
5745,-107,39,90,376,4,10,59
5745,-107,48,90,376,3,10,59
5745,-107,51,89,376,6,9,57
5745,-107,41,89,376,5,9,57
5745,-107,38,90,376,4,11,59
5745,-107,54,90,376,5,10,58
5745,-107,37,88,378,5,9,56
5745,-107,35,90,376,4,10,59
5745,-107,53,90,376,6,9,58
5745,-107,43,90,376,5,7,58
5745,-107,43,89,377,5,10,59
5745,-107,56,90,376,5,9,57
5745,-107,62,90,376,4,9,58
5745,-107,43,90,376,5,10,59
5745,-107,44,89,377,6,12,58
5745,-107,61,90,376,2,10,58
5745,-107,53,90,376,5,8,58
5745,-107,42,90,376,4,10,58
5745,-107,41,90,376,4,10,58
5745,-107,44,89,377,5,10,58
5745,-107,54,90,376,4,10,59
5745,-107,53,89,376,5,10,57
5745,-107,36,90,376,6,9,58
5745,-107,35,90,376,4,8,58
5745,-107,57,89,376,4,9,57
5745,-107,45,90,376,5,10,59
5745,-107,45,89,377,5,8,57
5745,-107,39,90,376,4,9,58
5745,-107,46,90,376,5,11,59
5745,-107,51,89,376,5,10,57
5745,-107,34,90,376,4,9,58
5745,-107,43,87,378,6,9,56
5745,-107,49,90,376,4,10,59
5745,-107,53,90,376,4,9,58
5745,-107,43,90,376,6,10,58
5745,-107,41,90,376,4,9,59
5745,-107,34,89,377,5,10,57
5745,-107,32,87,378,6,8,55
5745,-107,31,90,376,3,9,58
5745,-107,33,89,376,6,7,56
5745,-107,35,90,376,4,12,59
5745,-107,44,90,376,5,8,59
5745,-107,54,90,376,5,8,58
5745,-107,38,88,377,4,11,57
5745,-107,49,89,376,4,9,58
5745,-107,37,88,377,5,11,56
5745,-107,39,90,376,5,11,59
5745,-107,62,90,376,3,8,57
5745,-107,45,89,377,5,10,58
5745,-107,70,90,376,3,10,59
5745,-107,36,90,376,5,8,58
5745,-107,51,90,376,4,10,59
5745,-107,52,90,376,4,9,58
5745,-107,59,90,376,5,9,58
5745,-107,44,90,376,4,9,58
5745,-107,44,89,376,5,8,56
5745,-107,58,90,376,5,11,59
5745,-107,63,90,376,4,11,59
5745,-107,52,89,377,5,12,59
5745,-107,37,89,376,5,9,57
5745,-107,49,89,376,5,9,57
5745,-107,47,90,376,4,9,59
5745,-107,54,90,376,5,8,59
5745,-107,47,89,377,5,10,57
5745,-107,42,90,376,3,10,59
5745,-107,55,89,376,5,8,57
5745,-107,36,90,376,4,10,59
5745,-107,65,90,376,5,9,58
5745,-107,62,90,376,4,8,57
5745,-107,49,90,376,5,10,59
5745,-107,31,90,376,5,8,58
5745,-107,45,89,376,5,8,56
5745,-107,48,90,376,5,8,57
5745,-107,50,90,376,5,8,59
5745,-107,44,90,376,4,11,59
5745,-107,43,90,376,5,9,58
5745,-107,40,90,376,3,8,58
5745,-107,53,90,376,5,8,57
5745,-107,33,90,376,5,10,59
5745,-107,40,90,376,4,9,58
5745,-107,56,90,376,4,7,58
5745,-107,44,89,376,6,10,57
5745,-107,43,90,376,4,10,59
5745,-107,55,89,376,6,10,58
5745,-107,39,90,376,4,10,58
5745,-107,39,90,376,3,8,57
5745,-107,33,88,377,5,10,57
5745,-107,46,90,376,4,6,58
5745,-107,42,90,376,5,10,58
5745,-107,39,90,376,5,10,59
5745,-107,50,90,376,5,10,59
5745,-107,31,89,377,4,9,58
5745,-107,54,89,376,5,10,57
5745,-107,57,90,376,4,9,58
5745,-107,55,90,376,4,8,58
5745,-107,31,89,376,5,10,58
5745,-107,44,90,376,4,8,58
5745,-107,48,90,376,4,10,58
5745,-107,49,90,376,4,10,58
5745,-107,40,89,376,7,8,58
5745,-107,36,89,376,6,9,57
5745,-107,47,90,376,4,8,58
5745,-107,42,89,376,5,9,58
5745,-107,43,89,376,5,10,57
5745,-107,39,90,376,4,9,59
5745,-107,49,90,376,5,11,59
5745,-107,53,90,376,3,9,58
5745,-107,51,90,376,4,10,58
5745,-107,36,89,376,5,9,57
5745,-107,58,90,376,5,8,59
5745,-107,45,90,376,4,9,57
5745,-107,43,90,376,5,9,58
5745,-107,55,90,376,4,9,59
5745,-107,51,90,376,5,7,58
5745,-107,46,89,376,4,7,57
5745,-107,36,90,376,5,7,58
5745,-107,48,90,376,4,9,58
5745,-107,61,90,376,5,9,58
5745,-107,37,90,376,4,9,58
5745,-107,52,90,376,4,9,58
5745,-107,35,89,376,5,8,57
5745,-107,53,90,376,5,9,59
5745,-107,47,89,376,5,10,58
5745,-107,51,90,376,4,9,58
5745,-107,39,90,376,5,7,58
5745,-107,46,90,376,4,12,59
5745,-107,38,89,376,4,7,57
5745,-107,46,90,376,4,9,58
5745,-107,46,89,376,4,9,57
5745,-107,40,90,376,5,8,58
5745,-107,47,89,376,5,10,58
5745,-107,35,90,376,5,11,58
5745,-107,55,89,376,4,9,57
5745,-107,64,90,376,5,11,59
5745,-107,52,90,376,5,7,58
5745,-107,42,89,376,5,10,57
5745,-107,69,90,376,5,9,59
5745,-107,58,90,376,3,8,59
5745,-107,63,90,376,3,11,59
5745,-107,42,88,377,6,10,57
5745,-107,43,90,376,4,9,59
5745,-107,47,89,376,4,11,57
5745,-107,48,90,376,6,10,59
5745,-107,48,90,376,4,10,58
5745,-107,38,90,376,6,11,59
5745,-107,34,90,376,4,9,59
5745,-107,55,90,376,3,10,58
5745,-107,58,90,376,5,11,59
5745,-107,60,90,376,5,9,58
5745,-107,69,90,376,5,9,59
5745,-107,47,89,376,5,10,58
5745,-107,40,90,376,4,6,58
5745,-107,46,90,376,4,9,58
5745,-107,34,89,376,5,10,57
5745,-107,58,90,376,3,9,58
5745,-107,35,90,376,3,10,58
5745,-107,42,88,377,5,11,57
5745,-107,24,88,377,6,11,57
5745,-107,39,89,376,5,11,58
5745,-107,46,90,376,5,10,59
5745,-107,37,89,377,4,8,56
5745,-107,64,90,376,5,10,57
5745,-107,31,88,377,6,9,56
5745,-107,71,90,376,5,11,60
5745,-107,67,90,376,4,9,59
5745,-107,32,88,377,6,9,56
5745,-107,68,90,376,3,10,58
5745,-107,43,90,376,5,9,59
5745,-107,31,90,376,6,9,59
5745,-107,52,90,376,4,9,58
5745,-107,41,90,376,4,10,59
5745,-107,49,90,376,5,9,58
5745,-107,41,90,376,4,10,58
5745,-107,29,90,376,4,8,57
5745,-107,40,90,376,6,10,59
5745,-107,45,90,376,5,8,58
5745,-107,43,88,377,6,9,57
5745,-107,62,90,376,3,8,59
5745,-107,39,89,376,4,10,58
5745,-107,39,90,376,4,7,59
5745,-107,49,88,378,6,9,55
5805,-108,41,90,377,4,8,56
5805,-108,41,90,377,4,10,57
5805,-108,40,90,377,4,9,57
5805,-108,54,90,377,3,11,58
5805,-108,43,90,377,4,10,57
5805,-108,51,90,377,3,11,58
5805,-108,40,90,377,4,9,57
5805,-108,30,89,377,4,9,56
5805,-108,40,90,377,3,9,56
5805,-108,59,90,377,4,8,56
5805,-108,42,90,377,3,10,57
5805,-108,46,90,377,4,9,56
5805,-108,35,90,377,3,10,57
5805,-108,49,90,377,4,8,56
5805,-108,53,90,377,2,10,58
5805,-108,48,90,377,4,8,57
5805,-108,50,90,377,3,11,57
5805,-108,46,90,377,4,9,57
5805,-108,49,90,377,4,10,57
5805,-108,47,90,377,2,9,56
5805,-108,36,90,377,3,9,57
5805,-108,52,89,378,5,9,56
5805,-108,48,90,377,3,9,57
5805,-108,47,90,377,3,11,57
5805,-108,48,90,377,3,10,58
5805,-108,62,90,377,4,10,57
5805,-108,45,90,377,4,8,56
5805,-108,57,90,377,4,11,57
5805,-108,39,90,377,3,9,57
5805,-108,44,90,377,5,9,56
5805,-108,49,90,377,4,10,58
5805,-108,58,90,377,4,10,57
5805,-108,40,90,377,3,9,57
5805,-108,49,90,377,4,9,57
5805,-108,55,90,377,3,10,57
5805,-108,38,90,377,3,9,57
5805,-108,60,90,377,4,10,57
5805,-108,45,90,377,4,11,57
5805,-108,47,90,377,4,9,57
5805,-108,55,90,377,2,10,58
5805,-108,43,90,377,4,9,57
5805,-108,43,90,377,4,8,56
5805,-108,44,90,377,4,10,57
5805,-108,49,90,377,3,9,57
5805,-108,51,90,377,3,11,58
5805,-108,54,90,377,3,10,58
5805,-108,55,90,377,3,9,57
5805,-108,43,90,377,5,8,57
5805,-108,50,89,377,4,10,56
5805,-108,45,90,377,3,11,57
5805,-108,55,90,377,3,10,58
5805,-108,41,90,377,4,10,58
5805,-108,61,90,377,3,10,57
5805,-108,58,90,377,4,8,57
5805,-108,41,90,377,3,11,58
5805,-108,52,90,377,4,11,57
5805,-108,41,88,379,5,8,55
5805,-108,40,90,377,4,9,57
5805,-108,40,90,377,3,10,57
5805,-108,50,90,377,3,10,57
5805,-108,52,90,377,4,9,58
5805,-108,57,90,377,4,8,58
5805,-108,54,90,377,4,9,57
5805,-108,40,90,377,4,9,57
5805,-108,46,90,377,3,9,57
5805,-108,49,90,377,3,10,57
5805,-108,42,90,377,4,10,56
5805,-108,51,90,377,4,12,58
5805,-108,45,90,377,4,9,57
5805,-108,43,90,377,3,10,57
5805,-108,38,90,377,3,9,57
5805,-108,52,90,377,4,10,58
5805,-108,29,90,377,3,9,57
5805,-108,41,90,377,4,12,57
5805,-108,60,90,377,4,10,57
5805,-108,41,90,377,3,7,55
5805,-108,48,90,377,5,9,56
5805,-108,60,90,377,3,8,57
5805,-108,51,90,377,4,9,57
5805,-108,57,90,377,4,10,57
5805,-108,56,90,377,4,9,56
5805,-108,66,90,377,4,11,58
5805,-108,47,90,377,4,10,57
5805,-108,36,90,377,3,9,56
5805,-108,40,90,377,3,9,57
5805,-108,57,90,377,3,9,57
5805,-108,62,90,377,4,10,58
5805,-108,38,90,377,3,10,57
5805,-108,53,90,377,3,10,58
5805,-108,45,90,377,4,10,56
5805,-108,49,90,377,4,10,57
5805,-108,58,90,377,3,10,57
5805,-108,35,90,377,5,9,57
5805,-108,53,90,377,3,10,57
5805,-108,52,90,377,3,11,57
5805,-108,73,90,377,3,9,57
5805,-108,44,90,377,3,9,57
5805,-108,53,90,377,4,11,57
5805,-108,58,90,377,4,10,58
5805,-108,52,89,378,6,10,56
5805,-108,43,90,377,4,9,57
5805,-108,51,90,377,4,10,57
5805,-108,34,90,377,4,10,57
5805,-108,45,90,377,3,11,58
5805,-108,39,90,377,4,9,57
5805,-108,53,90,377,4,10,57
5805,-108,48,90,377,4,10,57
5805,-108,46,90,377,3,10,57
5805,-108,44,90,377,4,11,57
5805,-108,37,90,377,2,9,56
5805,-108,60,90,377,4,11,57
5805,-108,42,90,377,3,10,56
5805,-108,49,90,377,4,9,57
5805,-108,42,90,377,4,10,57
5805,-108,37,90,377,3,9,57
5805,-108,58,90,377,4,8,57
5805,-108,75,90,377,4,10,58
5805,-108,50,90,377,4,9,57
5805,-108,41,90,377,4,10,57
5805,-108,68,90,377,3,9,57
5805,-108,59,90,377,4,10,57
5805,-108,38,90,377,3,11,57
5805,-108,44,90,377,4,9,57
5805,-108,45,90,377,3,11,57
5805,-108,42,90,377,5,10,57
5805,-108,51,90,377,4,9,57
5805,-108,48,90,377,2,9,57
5805,-108,55,90,377,4,9,56
5805,-108,48,90,377,4,10,58
5805,-108,57,90,377,4,11,57
5805,-108,51,90,377,4,12,58
5805,-108,46,90,377,4,9,57
5805,-108,39,90,377,4,9,56
5805,-108,53,90,377,2,8,57
5805,-108,53,90,377,4,7,56
5805,-108,35,90,377,4,8,57
5805,-108,56,90,377,3,11,58
5805,-108,40,90,377,2,10,57
5805,-108,51,90,377,4,9,57
5805,-108,46,90,377,4,9,57
5805,-108,50,90,377,3,9,56
5805,-108,42,90,377,3,11,57
5805,-108,50,90,377,4,10,57
5805,-108,60,90,377,3,10,57
5805,-108,56,90,377,3,9,57
5805,-108,33,90,377,4,9,56
5805,-108,73,90,377,3,10,57
5805,-108,39,90,377,5,8,56
5805,-108,32,90,377,3,10,57
5805,-108,59,90,377,3,10,57
5805,-108,33,90,377,3,10,57
5805,-108,50,90,377,3,10,57
5805,-108,53,90,377,4,11,57
5805,-108,60,90,377,3,8,56
5805,-108,45,90,377,3,10,57
5805,-108,37,90,377,3,8,56
5805,-108,55,90,377,3,12,58
5805,-108,57,90,377,4,9,57
5805,-108,59,90,377,4,10,58
5805,-108,48,90,377,4,11,57
5805,-108,30,90,377,3,8,56
5805,-108,62,90,377,4,9,58
5805,-108,51,90,377,4,11,57
5805,-108,68,90,377,3,10,57
5805,-108,44,90,377,4,10,58
5805,-108,44,90,377,4,11,57
5805,-108,55,90,377,2,10,57
5805,-108,56,90,377,4,8,57
5805,-108,52,90,377,5,9,57
5805,-108,70,90,377,4,10,58
5805,-108,48,90,377,4,8,57
5805,-108,50,90,377,2,11,57
5805,-108,60,90,377,4,9,57
5805,-108,48,90,377,4,9,57
5805,-108,49,90,377,4,8,57
5805,-108,45,90,377,3,9,57
5805,-108,43,90,377,4,9,57
5805,-108,62,90,377,4,10,57
5805,-108,53,90,377,4,7,57
5805,-108,41,90,377,3,9,57
5805,-108,62,90,377,4,10,57
5805,-108,34,90,377,5,6,56
5805,-108,45,90,377,3,9,58
5805,-108,52,90,377,3,8,57
5805,-108,42,90,377,2,10,57
5805,-108,61,90,377,4,7,55
5805,-108,43,90,377,3,11,57
5805,-108,45,90,377,4,10,57
5805,-108,39,90,377,3,10,58
5805,-108,37,90,377,2,9,56
5805,-108,48,90,377,3,8,57
5805,-108,48,90,377,3,9,57
5805,-108,48,90,377,3,9,57
5805,-108,50,90,377,5,10,57
5805,-108,49,89,377,4,9,55
5805,-108,47,90,377,2,11,57
5805,-108,50,90,377,4,9,57
5805,-108,42,90,377,2,10,58
5805,-108,57,90,377,2,8,57
5805,-108,54,90,377,4,10,58
5805,-108,58,90,377,2,9,57
5805,-108,57,89,377,5,9,55
5805,-108,40,90,377,5,8,57
5805,-108,65,90,377,5,9,57
5805,-108,31,89,377,6,11,56
5805,-108,49,90,377,4,10,58
5805,-108,42,90,377,4,8,57
5805,-108,72,90,377,5,9,58
5805,-108,39,90,377,4,11,58
5805,-108,48,90,377,4,10,57
5805,-108,43,90,377,3,8,57
5805,-108,46,90,377,4,8,56
5805,-108,58,90,377,4,11,57
5805,-108,39,90,377,4,9,57
5805,-108,53,90,377,4,8,57
5805,-108,52,90,377,4,8,56
5805,-108,70,90,377,2,9,57
5805,-108,49,90,377,4,9,57
5805,-108,51,90,377,3,10,57
5805,-108,49,90,377,4,10,57
5805,-108,58,90,377,3,11,57
5805,-108,59,90,377,5,12,58
5805,-108,49,90,377,4,9,57
5805,-108,62,90,377,4,10,58
5805,-108,58,90,377,3,8,57
5805,-108,54,90,377,3,8,57
5805,-108,41,89,377,4,8,56
5805,-108,62,90,377,4,10,58
5805,-108,30,90,377,2,8,56
5805,-108,57,90,377,5,12,58
5805,-108,53,90,377,4,9,57
5805,-108,61,90,377,2,10,57
5805,-108,59,90,377,4,9,57
5805,-108,59,90,377,3,9,56
5805,-108,53,90,377,4,8,57
5805,-108,30,90,377,4,10,58
5805,-108,46,90,377,3,10,57
5805,-108,35,90,377,3,10,57
5805,-108,48,90,377,3,10,57
5805,-108,44,90,377,5,9,57
5805,-108,41,90,377,3,9,57
5805,-108,56,90,377,4,9,56
5805,-108,55,90,377,3,10,57
5805,-108,49,90,377,5,8,56
5805,-108,57,90,377,3,10,57
5805,-108,70,90,377,4,9,58
5805,-108,58,90,377,5,11,58
5805,-108,58,90,377,3,8,56
5805,-108,57,90,377,4,9,57
5805,-108,54,90,377,4,11,58
5805,-108,44,90,377,4,11,57
5805,-108,42,90,377,3,11,58
5805,-108,34,90,377,4,10,57
5805,-108,37,90,377,3,9,56
5805,-108,58,90,377,4,8,56
5805,-108,59,90,377,4,8,57
5805,-108,65,90,377,3,10,58
5805,-108,36,90,377,2,11,57
5805,-108,38,90,377,3,9,57
5805,-108,55,90,377,4,10,57
5805,-108,63,90,377,4,9,58
5805,-108,55,90,377,5,11,58
5805,-108,44,90,377,4,11,57
5805,-108,45,89,377,3,10,56
5805,-108,32,90,377,4,10,57
5805,-108,52,90,377,3,9,57
5805,-108,62,90,377,5,9,57
5805,-108,59,90,377,4,7,56
5805,-108,30,90,377,4,10,57
5805,-108,36,90,377,2,9,57
5805,-108,40,90,377,4,9,56
5805,-108,46,90,377,2,10,57
5805,-108,47,90,377,3,10,57
5805,-108,35,90,377,3,9,57
5805,-108,54,90,377,4,8,55
5805,-108,48,90,377,4,11,57
5805,-108,42,90,377,5,11,58
5805,-108,44,90,377,3,10,57
5805,-108,49,90,377,3,9,57
5805,-108,47,90,377,3,10,57
5805,-108,44,90,377,3,9,57
5805,-108,29,90,377,3,10,57
5805,-108,54,90,377,4,10,57
5805,-108,44,90,377,4,10,57
5805,-108,47,90,377,5,11,57
5805,-108,62,90,377,4,9,57
5805,-108,49,90,377,3,9,57
5805,-108,63,90,377,5,9,58
5805,-108,46,90,377,3,10,57
5805,-108,48,90,377,4,11,58
5805,-108,40,90,377,3,10,57
5805,-108,36,90,377,3,9,56
5805,-108,54,90,377,4,8,56
5805,-108,49,90,377,4,8,57
5805,-108,55,90,377,3,10,58
5805,-108,50,90,377,4,7,56
5805,-108,34,90,377,4,11,57
5805,-108,59,90,377,4,12,58
5805,-108,39,90,377,4,10,56
5805,-108,59,90,377,3,9,57
5805,-108,52,90,377,4,8,57
5805,-108,63,90,377,4,9,57
5805,-108,48,90,377,4,10,57
5805,-108,51,90,377,3,8,56
5805,-108,56,90,377,4,11,58
5805,-108,51,90,377,3,10,57
5805,-108,73,90,377,4,9,57
5805,-108,58,90,377,3,8,57
5805,-108,46,90,377,2,11,58
5805,-108,43,90,377,5,9,56
5805,-108,57,90,377,4,8,57
5805,-108,41,90,377,6,9,57
5805,-108,29,90,377,2,9,56
5805,-108,40,90,377,5,10,58
5805,-108,63,90,377,4,10,57
5805,-108,50,90,377,5,9,57
5805,-108,55,90,377,4,9,57
5805,-108,54,90,377,2,8,57
5805,-108,50,90,377,4,10,57
5805,-108,39,90,377,5,11,57
5805,-108,63,90,377,3,9,57
5805,-108,59,90,377,4,9,58
5805,-108,51,90,377,3,7,57
5805,-108,31,90,377,3,10,57
5805,-108,42,90,377,4,9,57
5805,-108,43,90,377,3,10,58
5805,-108,52,90,377,2,9,57
5805,-108,30,90,377,3,8,56
5805,-108,34,89,377,5,7,55
5805,-108,75,90,377,2,11,58
5805,-108,32,90,377,4,10,57
5805,-108,36,90,377,4,10,57
5805,-108,55,90,377,3,9,57
5805,-108,31,90,377,4,10,57
5805,-108,40,90,377,3,12,58
5805,-108,29,90,377,2,9,57
5805,-108,34,90,377,5,8,57
5805,-108,39,90,377,3,9,57
5805,-108,50,90,377,3,10,58
5805,-108,43,90,377,5,9,57
5805,-108,41,90,377,4,9,56
5805,-108,58,90,377,3,9,57
5805,-108,30,90,377,2,8,56
5805,-108,37,90,377,3,10,57
5805,-108,34,90,377,2,10,57
5805,-108,49,90,377,5,9,57
5805,-108,40,90,377,4,8,57
5805,-108,62,90,377,3,10,57
5805,-108,42,90,377,2,10,57
5805,-108,64,90,377,4,8,57
5805,-108,45,90,377,4,10,57
5805,-108,43,90,377,3,10,57
5805,-108,39,90,377,2,9,57
5805,-108,47,90,377,4,10,57
5805,-108,43,90,377,3,10,57
5805,-108,48,90,377,5,9,57
5805,-108,34,90,377,4,9,56
5805,-108,57,90,377,3,9,57
5805,-108,52,90,377,3,11,58
5805,-108,33,90,377,4,9,57
5805,-108,51,90,377,4,9,57
5805,-108,44,90,377,3,8,56
5805,-108,74,90,377,4,9,57
5805,-108,36,90,377,2,9,56
5805,-108,53,90,377,2,9,57
5805,-108,53,90,377,3,9,57
5805,-108,55,90,377,3,9,57
5805,-108,43,90,377,4,10,57
5805,-108,49,90,377,3,11,58
5805,-108,54,90,377,3,8,57
5805,-108,55,90,377,4,9,57
5805,-108,38,90,377,3,10,57
5805,-108,54,90,377,4,10,57
5805,-108,59,90,377,3,9,57
5805,-108,39,90,377,4,8,57
5805,-108,45,90,377,4,9,57
5805,-108,52,90,377,4,10,57
5805,-108,43,90,377,3,9,57
5805,-108,52,90,377,4,9,57
5805,-108,48,90,377,4,9,57
5805,-108,39,90,377,3,9,57
5805,-108,49,90,377,3,9,57
5805,-108,52,90,377,3,10,57
5805,-108,44,90,377,4,9,57
5805,-108,37,90,377,4,10,57
5805,-108,45,90,377,4,10,57
5805,-108,57,90,377,3,9,57
5805,-108,54,90,377,4,9,57
5805,-108,41,90,377,4,9,57
5805,-108,69,90,377,4,9,57
5805,-108,46,90,377,2,10,57
5805,-108,26,90,377,3,9,57
5805,-108,31,90,377,3,9,56
5805,-108,44,90,377,3,10,56
5805,-108,60,90,377,4,10,57
5805,-108,48,90,377,5,10,57
5805,-108,51,90,377,4,8,56
5805,-108,51,90,377,4,8,57
5805,-108,55,90,377,2,11,58
5805,-108,32,90,377,3,9,56
5805,-108,48,90,377,2,10,58
5805,-108,52,90,377,4,11,57
5805,-108,58,90,377,3,9,56
5805,-108,35,90,377,2,7,55
5805,-108,41,90,377,3,9,57
5805,-108,33,90,377,5,10,57
5805,-108,47,90,377,4,10,57
5805,-108,37,90,377,5,10,57
5805,-108,40,90,377,4,9,57
5805,-108,60,90,377,2,12,57
5805,-108,32,89,378,5,10,56
5805,-108,46,90,377,4,10,57
5805,-108,60,90,377,4,9,57
5805,-108,62,90,377,4,10,56
5805,-108,42,90,377,4,7,56
5805,-108,35,90,377,2,8,56
5805,-108,36,90,377,3,8,58
5805,-108,63,90,377,3,8,57
5805,-108,44,90,377,4,10,57
5805,-108,53,90,377,5,9,57
5805,-108,34,90,377,2,10,57
5805,-108,54,90,377,2,8,57
5805,-108,52,90,377,4,9,58
5805,-108,32,90,377,3,11,57
5805,-108,69,90,377,4,10,59
5805,-108,45,90,377,1,11,57
5805,-108,59,90,377,3,10,58
5805,-108,46,90,377,5,10,57
5805,-108,46,90,377,3,10,58
5805,-108,50,90,377,3,10,56
5805,-108,32,90,377,4,10,56
5805,-108,51,90,377,4,9,58
5805,-108,41,90,377,4,9,57
5805,-108,53,90,377,4,10,57
5805,-108,48,90,377,4,9,57
5805,-108,38,90,377,3,8,55
5805,-108,63,90,377,3,8,56
5805,-108,36,90,377,3,10,57
5805,-108,50,90,377,4,10,58
5805,-108,49,89,378,5,10,56
5805,-108,40,90,377,3,10,56
5805,-108,66,90,377,4,11,58
5805,-108,48,90,377,4,9,57
5805,-108,37,90,377,4,10,58
5805,-108,43,90,377,3,8,56
5805,-108,47,90,377,4,11,58
5805,-108,36,90,377,4,9,57
5805,-108,41,90,377,4,11,58
5805,-108,40,90,377,4,8,56
5805,-108,64,90,377,3,8,56
5805,-108,33,90,377,4,10,57
5805,-108,51,90,377,3,10,58
5805,-108,28,90,377,4,10,58
5805,-108,61,90,377,4,10,57
5805,-108,53,90,377,3,12,58
5805,-108,49,90,377,4,10,56
5805,-108,42,90,377,4,9,57
5805,-108,42,90,377,5,10,57
5805,-108,39,90,377,5,8,57
5805,-108,35,90,377,4,10,56
5805,-108,39,90,377,5,9,56
5805,-108,31,90,377,2,8,57
5805,-108,56,90,377,5,9,56
5805,-108,65,90,377,4,8,56
5805,-108,48,90,377,3,10,57
5805,-108,36,90,377,4,9,57
5805,-108,51,90,377,3,9,57
5805,-108,30,90,377,4,10,57
5805,-108,47,90,377,4,11,58
5805,-108,49,90,377,4,10,57
5805,-108,56,90,377,4,9,57
5805,-108,43,90,377,4,10,57
5805,-108,59,90,377,5,8,56
5805,-108,57,90,377,4,10,57
5805,-108,51,90,377,3,9,57
5805,-108,51,90,377,3,10,57
5805,-108,45,90,377,3,8,56
5805,-108,65,90,377,5,9,58
5805,-108,47,90,377,3,11,57
5805,-108,55,90,377,4,9,58
5805,-108,57,90,377,4,10,58
5805,-108,55,90,377,4,10,58
5805,-108,52,90,377,3,9,57
5805,-108,42,90,377,4,9,57
5805,-108,52,90,377,3,8,57
5805,-108,53,90,377,3,9,57
5805,-108,52,90,377,3,7,56
5805,-108,61,90,377,3,10,57
5805,-108,47,90,377,3,9,57
5805,-108,30,90,377,4,10,57
5805,-108,51,90,377,3,9,57
5805,-108,61,90,377,4,9,56
5805,-108,54,90,377,3,8,57
5805,-108,60,90,377,5,8,57
5805,-108,29,90,377,3,9,56
5805,-108,58,90,377,4,9,57
5805,-108,44,90,377,3,7,57
5805,-108,48,90,377,4,11,58
5805,-108,28,90,377,3,11,57
5805,-108,41,90,377,3,9,56
5805,-108,52,90,377,4,10,57
5805,-108,50,90,377,4,9,57
5805,-108,33,90,377,2,9,56
5805,-108,52,90,377,4,9,57
5805,-108,59,90,377,5,12,58
5805,-108,45,90,377,4,9,57
5805,-108,53,90,377,3,10,58
5805,-108,48,90,377,4,9,57
5805,-108,49,90,377,4,9,57
5805,-108,41,90,377,3,10,57
5805,-108,44,90,377,4,9,57
5805,-108,67,90,377,3,9,58
5805,-108,32,90,377,5,11,58
5805,-108,55,90,377,3,10,58
5805,-108,61,90,377,4,10,57
5805,-108,50,90,377,4,8,57
5805,-108,58,90,377,3,8,56
5805,-108,49,90,377,3,8,57
5805,-108,33,90,377,3,9,56
5805,-108,46,90,377,3,11,57
5805,-108,43,90,377,4,9,57
5805,-108,50,90,377,4,9,57
5805,-108,39,90,377,5,11,58
5805,-108,58,90,377,4,9,58
5805,-108,51,90,377,4,10,57
5805,-108,65,90,377,4,10,57
5805,-108,54,90,377,4,9,57
5805,-108,62,90,377,4,9,58
5805,-108,47,90,377,2,9,57
5805,-108,30,90,377,3,9,57
5805,-108,50,90,377,4,10,57
5805,-108,56,90,377,4,10,57
5805,-108,55,90,377,3,9,57
5805,-108,37,90,377,4,10,57
5805,-108,53,90,377,4,9,57
5805,-108,46,90,377,3,9,57
5805,-108,50,90,377,5,12,58
5805,-108,56,90,377,3,10,58
5805,-108,34,90,377,4,10,57
5805,-108,46,90,377,3,10,58
5805,-108,35,90,377,3,10,56
5805,-108,60,90,377,4,10,57
5805,-108,61,90,377,4,12,58
5805,-108,51,90,377,4,9,57
5805,-108,49,90,377,4,9,57
5805,-108,58,90,377,4,10,57
5805,-108,46,90,377,4,8,56
5805,-108,43,89,377,3,9,56
5805,-108,42,90,377,4,10,57
5805,-108,43,90,377,3,9,56
5805,-108,75,90,377,3,11,58
5805,-108,58,90,377,3,10,57
5805,-108,56,90,377,3,10,57
5805,-108,35,90,377,3,10,57
5805,-108,34,90,377,3,11,57
5805,-108,57,90,377,3,8,57
5805,-108,30,90,377,4,8,56
5805,-108,30,90,377,4,10,57
5805,-108,34,90,377,4,9,57
5805,-108,37,90,377,4,9,57
5805,-108,40,90,377,4,8,56
5805,-108,38,90,377,4,8,57
5805,-108,46,90,377,3,8,56
5805,-108,45,90,377,3,10,57
5805,-108,28,90,377,3,8,56
5805,-108,50,90,377,3,8,57
5805,-108,40,90,377,4,9,56
5805,-108,36,90,377,5,10,57
5805,-108,52,90,377,3,9,57
5805,-108,49,90,377,4,10,57
5805,-108,30,90,377,4,10,57
5805,-108,35,90,377,4,10,57
5805,-108,38,90,377,4,9,57
5805,-108,29,90,377,4,8,56
5805,-108,33,90,377,4,10,57
5805,-108,37,90,377,3,10,57
5805,-108,54,90,377,5,10,57
5805,-108,41,90,377,1,10,58
5805,-108,41,90,377,4,10,58
5805,-108,47,90,377,4,8,57
5805,-108,32,90,377,2,9,57
5805,-108,34,90,377,4,10,57
5805,-108,49,90,377,4,9,57
5805,-108,46,90,377,3,11,57
5805,-108,46,90,377,4,10,57
5805,-108,56,90,377,3,9,57
5805,-108,50,90,377,3,10,57
5805,-108,51,90,377,5,8,57
5805,-108,33,90,377,4,9,57
5805,-108,54,90,377,3,9,56
5805,-108,38,90,377,4,11,57
5805,-108,46,90,377,4,12,57
5805,-108,60,90,377,4,9,58
5805,-108,26,90,377,4,8,55
5805,-108,44,90,377,4,9,57
5805,-108,29,90,377,4,10,57
5805,-108,47,90,377,3,11,58
5805,-108,45,90,377,3,8,56
5805,-108,31,90,377,4,10,57
5805,-108,27,90,377,3,11,57
5805,-108,44,90,377,3,11,58
5805,-108,37,90,377,3,10,57
5805,-108,40,90,377,3,8,57
5805,-108,50,90,377,3,9,57
5805,-108,36,90,377,3,9,57
5805,-108,50,90,377,4,12,57
5805,-108,52,90,377,4,11,58
5805,-108,38,90,377,5,9,57
5805,-108,36,90,377,4,10,56
5805,-108,44,90,377,3,8,56
5805,-108,39,90,377,4,9,57
5805,-108,48,90,377,5,7,57
5805,-108,48,90,377,3,9,57
5805,-108,41,90,377,4,10,57
5805,-108,39,90,377,5,9,56
5805,-108,24,89,377,6,8,55
5805,-108,51,90,377,4,10,58
5805,-108,46,90,377,5,10,57
5805,-108,30,90,377,5,10,57
5805,-108,49,90,377,3,9,57
5805,-108,40,90,377,6,9,57
5805,-108,43,90,377,4,8,56
5805,-108,41,90,377,3,10,58
5805,-108,27,90,377,5,8,57
5805,-108,54,90,377,3,11,57
5805,-108,49,90,377,3,9,56
5805,-108,35,90,377,3,9,57
5805,-108,43,90,377,2,10,57
5805,-108,33,90,377,4,10,56
5805,-108,42,90,377,4,11,57
5805,-108,43,90,377,5,11,58
5805,-108,35,90,377,2,9,57
5805,-108,29,90,377,3,9,56
5805,-108,29,90,377,2,10,57
5805,-108,43,90,377,4,8,57
5805,-108,28,90,377,4,12,58
5805,-108,36,90,377,3,10,57
5805,-108,41,90,377,3,9,57
5805,-108,27,90,377,5,9,56
5805,-108,43,90,377,4,9,57
5805,-108,42,90,377,3,8,56
5805,-108,45,90,377,3,9,57
5805,-108,58,90,377,4,10,58
5805,-108,50,89,378,4,9,56
5805,-108,47,90,377,3,9,57
5805,-108,53,90,377,4,9,58
5805,-108,31,90,377,4,10,57
5805,-108,33,89,377,5,9,57
5805,-108,31,90,377,4,9,57
5805,-108,50,90,377,3,9,58
5805,-108,40,90,377,3,9,56
5805,-108,27,90,377,4,8,56
5805,-108,34,90,377,3,9,56
5805,-108,45,90,377,4,10,57
5805,-108,36,90,377,4,8,56
5805,-108,41,90,377,4,10,57
5805,-108,33,90,377,4,9,56
5805,-108,45,90,377,4,10,57
5805,-108,44,90,377,3,10,58
5805,-108,43,90,377,3,9,58
5805,-108,52,90,377,3,7,57
5805,-108,34,90,377,4,9,57
5805,-108,42,90,377,5,9,57
5805,-108,42,90,377,3,7,56
5805,-108,48,90,377,4,9,57
5805,-108,59,89,377,4,9,56
5805,-108,38,90,377,3,9,57
5805,-108,40,90,377,4,9,57
5805,-108,44,90,377,4,9,56
5805,-108,40,90,377,4,11,57
5805,-108,41,90,377,3,9,57
5805,-108,47,90,377,5,9,57
5805,-108,40,89,377,4,8,55
5805,-108,48,90,377,3,11,58
5805,-108,37,90,377,4,8,55
5805,-108,34,90,377,3,10,56
5805,-108,51,90,377,3,8,57
5805,-108,51,90,377,4,10,57
5805,-108,52,90,377,4,9,58
5805,-108,38,90,377,3,9,56
5805,-108,59,90,377,4,10,57
5805,-108,45,90,377,5,10,57
5805,-108,76,90,377,3,10,57
5805,-108,36,90,377,4,9,57
5805,-108,38,90,377,4,10,57
5805,-108,54,90,377,3,10,57
5805,-108,27,89,378,5,10,55
5805,-108,42,90,377,3,9,57
5805,-108,64,90,377,4,8,57
5805,-108,39,90,377,4,10,57
5805,-108,44,90,377,3,10,58
5805,-108,38,90,377,3,8,56
5805,-108,44,90,377,4,10,58
5805,-108,48,90,377,5,11,58
5805,-108,51,90,377,3,10,57
5805,-108,44,90,377,6,10,57
5805,-108,50,90,377,3,11,58
5805,-108,30,90,377,4,10,57
5805,-108,37,90,377,5,8,57
5805,-108,49,90,377,2,11,58
5805,-108,45,90,377,3,10,57
5805,-108,33,90,377,3,10,57
5805,-108,31,90,377,4,10,57
5805,-108,47,90,377,3,9,56
5805,-108,39,90,377,4,8,57
5805,-108,48,90,377,4,10,57
5805,-108,48,90,377,3,11,57
5805,-108,49,90,377,3,9,57
5805,-108,39,90,377,4,10,57
5805,-108,33,90,377,3,7,56
5805,-108,26,90,377,4,8,56
5805,-108,40,90,377,4,8,57
5805,-108,47,90,377,5,9,57
5805,-108,47,90,377,4,9,57
5805,-108,38,90,377,3,10,58
5805,-108,41,90,377,3,9,57
5805,-108,45,90,377,3,9,57
5805,-108,29,90,377,4,8,56
5805,-108,43,90,377,4,11,58
5805,-108,49,90,377,3,9,57
5805,-108,35,90,377,4,8,56
5805,-108,43,90,377,4,9,56
5805,-108,28,90,377,4,9,56
5805,-108,52,90,377,3,10,57
5805,-108,51,90,377,3,7,56
5805,-108,51,90,377,4,10,57
5805,-108,39,90,377,3,11,58
5805,-108,47,89,377,5,8,56
5805,-108,40,90,377,3,9,57
5805,-108,48,90,377,3,9,57
5805,-108,26,90,377,3,10,56
5805,-108,48,90,377,2,8,57
5805,-108,33,90,377,3,9,57
5805,-108,34,90,377,4,7,56
5805,-108,47,90,377,3,9,57
5805,-108,48,90,377,4,8,57
5805,-108,52,90,377,2,11,57
5805,-108,53,90,377,4,10,57
5805,-108,36,90,377,4,9,57
5805,-108,43,90,377,3,9,56
5805,-108,36,90,377,4,9,56
5805,-108,51,90,377,4,8,56
5805,-108,37,90,377,3,10,57
5805,-108,33,90,377,4,10,57
5805,-108,60,90,377,3,9,57
5805,-108,47,90,377,3,9,56
5805,-108,38,90,377,3,9,56
5805,-108,33,90,377,4,9,57
5805,-108,41,90,377,3,10,57
5805,-108,50,90,377,3,10,57
5805,-108,39,90,377,3,9,57
5805,-108,47,90,377,4,11,57
5805,-108,47,90,377,3,10,58
5805,-108,48,90,377,3,8,56
5805,-108,45,90,377,4,9,56
5805,-108,28,90,377,4,9,57
5805,-108,34,90,377,3,9,57
5805,-108,31,90,377,4,7,56
5805,-108,47,90,377,3,9,57
5805,-108,54,90,377,3,10,57
5805,-108,45,90,377,3,8,57
5805,-108,46,90,377,4,8,56
5805,-108,48,90,377,4,11,57
5805,-108,28,90,377,3,10,57
5805,-108,53,90,377,4,9,57
5805,-108,35,90,377,3,9,57
5805,-108,70,90,377,3,9,57
5805,-108,35,90,377,4,9,57
5805,-108,32,90,377,3,10,57
5805,-108,24,90,377,4,8,56
5805,-108,38,90,377,4,10,57
5805,-108,43,90,377,3,9,57
5805,-108,48,90,377,4,11,57
5805,-108,46,90,377,5,8,57
5805,-108,46,90,377,3,11,58
5805,-108,40,90,377,4,10,57
5805,-108,41,90,377,4,10,58
5805,-108,43,90,377,3,9,57
5805,-108,35,90,377,4,10,57
5805,-108,33,90,377,4,9,57
5805,-108,40,90,377,3,10,57
5805,-108,48,90,377,5,9,58
5805,-108,38,90,377,4,12,58
5805,-108,36,90,377,3,9,56
5805,-108,35,90,377,3,8,57
5805,-108,38,90,377,2,8,56
5805,-108,41,90,377,3,8,57
5805,-108,52,90,377,3,10,58
5805,-108,45,90,377,3,11,57
5805,-108,43,90,377,4,9,57
5805,-108,48,90,377,3,8,57
5805,-108,52,90,377,4,11,57
5805,-108,58,90,377,5,8,57
5805,-108,32,90,377,2,10,57
5805,-108,47,90,377,3,10,58
5805,-108,32,90,377,5,11,57
5805,-108,43,90,377,3,9,57
5805,-108,40,90,377,4,10,56
5805,-108,35,90,377,4,7,57
5805,-108,34,90,377,4,9,57
5805,-108,37,90,377,5,11,57
5805,-108,48,90,377,3,11,58
5805,-108,31,90,377,3,12,57
5805,-108,64,90,377,5,9,57
5805,-108,57,90,377,4,10,56
5805,-108,42,90,377,4,9,57
5805,-108,34,90,377,5,10,58
5805,-108,36,90,377,4,10,57
5805,-108,48,90,377,3,9,57
5805,-108,32,90,377,4,9,56
5805,-108,49,90,377,3,10,57
5805,-108,43,90,377,3,10,57
5805,-108,36,90,377,2,8,56
5805,-108,41,90,377,4,10,57
5805,-108,43,89,377,4,11,56
5805,-108,40,90,377,4,10,57
5805,-108,49,90,377,4,10,58
5805,-108,41,90,377,4,9,57
5805,-108,50,90,377,4,11,57
5805,-108,25,89,377,4,9,56
5805,-108,36,90,377,4,8,55
5805,-108,42,90,377,2,10,58
5805,-108,35,90,377,3,10,57
5805,-108,42,90,377,4,9,57
5805,-108,41,90,377,5,8,57
5805,-108,46,90,377,4,9,57
5805,-108,51,90,377,2,9,57
5805,-108,28,90,377,4,8,57
5805,-108,30,90,377,5,8,55
5805,-108,46,90,377,4,9,57
5805,-108,50,90,377,3,10,57
5805,-108,38,90,377,3,9,57
5805,-108,43,90,377,3,10,57
5805,-108,38,90,377,4,10,57
5805,-108,38,90,377,4,9,57
5805,-108,47,90,377,3,9,57
5805,-108,57,90,377,4,8,57
5805,-108,42,90,377,4,8,56
5805,-108,47,90,377,2,8,55
5805,-108,64,90,377,3,10,58
5805,-108,35,90,377,3,10,57
5805,-108,39,90,377,4,9,57
5805,-108,39,90,377,2,9,57
5805,-108,50,90,377,4,9,57
5805,-108,41,90,377,4,8,58
5805,-108,47,90,377,4,10,58
5805,-108,57,90,377,3,11,58
5805,-108,47,90,377,4,11,57
5805,-108,35,90,377,4,10,57
5805,-108,46,90,377,4,9,56
5805,-108,29,90,377,4,8,55
5805,-108,45,90,377,4,10,57
5805,-108,55,90,377,3,8,56
5805,-108,49,90,377,5,10,58
5805,-108,30,90,377,3,9,56
5805,-108,50,90,377,5,11,58
5805,-108,43,90,377,4,9,57
5805,-108,42,90,377,4,9,58
5805,-108,40,90,377,4,9,57
5805,-108,46,90,377,4,11,57
5805,-108,46,90,377,5,9,57
5805,-108,48,90,377,5,8,56
5805,-108,31,90,377,3,9,57
5805,-108,49,90,377,3,9,57
5805,-108,53,90,377,4,11,58
5805,-108,49,90,377,3,8,56
5805,-108,40,90,377,3,10,58
5805,-108,31,90,377,3,10,57
5805,-108,27,90,377,4,9,57
5805,-108,50,90,377,5,10,57
5805,-108,50,90,377,4,10,57
5805,-108,31,90,377,3,7,56
5805,-108,51,90,377,3,10,57
5805,-108,46,90,377,3,10,58
5805,-108,49,90,377,3,10,57
5805,-108,61,90,377,3,11,57
5805,-108,56,90,377,3,10,57
5805,-108,50,90,377,4,9,57
5805,-108,44,90,377,3,9,57
5805,-108,34,90,377,4,8,56
5805,-108,31,90,377,4,10,56
5805,-108,35,90,377,5,10,57
5805,-108,39,90,377,5,10,57
5805,-108,30,90,377,4,11,58
5805,-108,54,90,377,5,9,58
5805,-108,37,90,377,3,10,56
5805,-108,54,90,377,4,11,57
5805,-108,32,90,377,4,12,57
5805,-108,35,90,377,4,10,58
5805,-108,44,90,377,4,9,57
5805,-108,45,90,377,2,9,57
5805,-108,42,90,377,3,10,57
5805,-108,36,90,377,4,8,57
5805,-108,41,90,377,3,9,56
5805,-108,32,90,377,4,10,57
5805,-108,40,90,377,4,7,55
5805,-108,52,90,377,2,9,57
5805,-108,53,90,377,3,11,57
5805,-108,43,90,377,4,8,56
5805,-108,49,90,377,3,8,57
5805,-108,63,90,377,3,10,57
5805,-108,37,90,377,4,9,57
5805,-108,42,90,377,3,9,56
5805,-108,50,90,377,4,9,57
5805,-108,37,90,377,3,9,56
5805,-108,32,90,377,5,9,57
5805,-108,39,90,377,4,10,57
5805,-108,33,90,377,5,9,57
5805,-108,36,90,377,5,10,58
5805,-108,54,90,377,5,8,57
5805,-108,26,90,377,2,9,57
5805,-108,51,90,377,3,11,57
5805,-108,56,90,377,4,9,58
5805,-108,53,90,377,2,9,57
5805,-108,35,90,377,3,8,57
5805,-108,52,90,377,4,10,57
5805,-108,43,90,377,3,11,58
5805,-108,66,90,377,4,10,58
5805,-108,49,90,377,5,8,56
5805,-108,46,90,377,2,11,58
5805,-108,36,90,377,4,9,57
5805,-108,37,90,377,4,9,57
5805,-108,54,90,377,5,10,57
5805,-108,48,90,377,3,11,57
5805,-108,42,90,377,2,10,58
5805,-108,56,90,377,5,10,57
5805,-108,35,90,377,4,9,56
5805,-108,42,90,377,3,8,56
5805,-108,33,90,377,3,9,57
5805,-108,30,90,377,2,10,57
5805,-108,41,90,377,3,10,57
5805,-108,35,90,377,4,9,57
5805,-108,43,90,377,2,9,57
5805,-108,45,90,377,4,8,57
5805,-108,43,90,377,3,7,56
5805,-108,40,90,377,3,8,57
5805,-108,35,90,377,3,9,56
5805,-108,34,90,377,3,8,56
5805,-108,38,90,377,5,9,56
5805,-108,34,90,377,4,10,58
5805,-108,68,90,377,4,9,57
5805,-108,44,90,377,5,10,58
5805,-108,41,90,377,2,10,57
5805,-108,35,90,377,4,7,56
5805,-108,36,90,377,4,9,57
5805,-108,41,90,377,4,10,57
5805,-108,44,90,377,3,10,57
5805,-108,50,90,377,5,9,57
5805,-108,50,90,377,5,13,58
5805,-108,40,90,377,4,10,57
5805,-108,37,90,377,3,9,57
5805,-108,40,90,377,4,10,57
5805,-108,48,90,377,4,9,57
5805,-108,36,90,377,2,10,56
5805,-108,37,90,377,4,11,57
5805,-108,31,90,377,5,10,57
5805,-108,43,90,377,4,9,57
5805,-108,54,90,377,4,8,56
5805,-108,44,90,377,4,11,57
5805,-108,42,90,377,4,12,58
5805,-108,35,88,378,6,8,54
5805,-108,46,90,377,3,10,57
5805,-108,38,90,377,3,7,56
5805,-108,52,90,377,3,8,57
5805,-108,47,90,377,2,10,57
5805,-108,42,90,377,4,11,57
5805,-108,53,90,377,3,9,57
5805,-108,42,90,377,4,9,57
5805,-108,42,90,377,4,10,58
5805,-108,34,90,377,5,10,56
5805,-108,51,90,377,3,10,57
5805,-108,27,90,377,4,8,56
5805,-108,33,90,377,3,9,57
5805,-108,47,90,377,3,9,57
5805,-108,42,90,377,3,7,55
5805,-108,49,90,377,4,9,56
5805,-108,57,90,377,3,11,58
5805,-108,55,90,377,4,10,58
5805,-108,55,90,377,3,7,57
5805,-108,39,90,377,2,10,57
5805,-108,31,90,377,6,11,58
5805,-108,38,90,377,5,8,56
5805,-108,48,90,377,3,10,58
5805,-108,35,90,377,3,8,57
5805,-108,42,90,377,3,10,57
5805,-108,34,90,377,4,9,57
5805,-108,41,90,377,2,11,58
5805,-108,44,90,377,4,9,58
5805,-108,33,90,377,4,9,56
5805,-108,36,90,377,4,7,56
5805,-108,37,89,377,3,6,54
5805,-108,47,90,377,4,7,56
5805,-108,28,90,377,5,9,56
5805,-108,41,90,377,3,9,56
5805,-108,33,90,377,3,12,57
5805,-108,33,90,377,5,9,57
5805,-108,56,90,377,4,10,57
5805,-108,36,90,377,4,10,57
5805,-108,37,90,377,3,11,57
5805,-108,46,90,377,4,12,57
5805,-108,31,89,377,3,9,56
5805,-108,51,90,377,3,11,58
5805,-108,38,90,377,4,12,57
5805,-108,34,90,377,3,9,57
5805,-108,31,90,377,3,10,57
5805,-108,32,90,377,3,9,56
5805,-108,45,90,377,4,9,57
5805,-108,40,90,377,3,10,57
5805,-108,41,90,377,3,9,57
5805,-108,48,90,377,4,10,57
5805,-108,33,90,377,4,9,57
5805,-108,43,90,377,4,11,58
5805,-108,46,90,377,3,7,56
5805,-108,45,90,377,3,11,57
5805,-108,37,90,377,5,9,57
5805,-108,55,90,377,4,8,56
5805,-108,46,90,377,4,10,57
5805,-108,46,90,377,5,8,56
5805,-108,38,90,377,4,7,56
5805,-108,50,90,377,3,8,57
5805,-108,43,90,377,3,8,56
5805,-108,45,90,377,4,10,57
5805,-108,47,90,377,4,10,57
5805,-108,48,90,377,5,9,57
5805,-108,45,90,377,4,10,57
5805,-108,58,90,377,4,10,58
5805,-108,48,90,377,4,9,57
5805,-108,41,90,377,4,9,57
5805,-108,44,90,377,2,9,57
5805,-108,52,90,377,4,10,57
5805,-108,49,90,377,4,10,58
5805,-108,35,90,377,4,9,56
5805,-108,42,90,377,4,10,57
5805,-108,59,90,377,3,10,57
5805,-108,51,90,377,3,10,57
5805,-108,43,90,377,4,10,57
5805,-108,45,90,377,4,9,57
5805,-108,47,90,377,5,9,56
5805,-108,48,90,377,4,10,57
5805,-108,43,90,377,5,8,57
5805,-108,37,90,377,3,8,56
5805,-108,51,90,377,4,9,57
5805,-108,45,90,377,4,8,57
5805,-108,48,90,377,5,10,57
5805,-108,34,90,377,4,10,58
5805,-108,52,90,377,3,8,56
5805,-108,41,90,377,3,8,56
5805,-108,52,90,377,4,10,58
5805,-108,45,90,377,4,8,57
5805,-108,43,90,377,3,9,57
5805,-108,32,90,377,5,11,58
5805,-108,50,90,377,4,9,57
5805,-108,41,90,377,2,7,57
5805,-108,50,90,377,5,10,56
5805,-108,50,90,377,4,9,57
5805,-108,58,90,377,3,7,56
5805,-108,40,90,377,3,8,56
5805,-108,58,90,377,5,10,57
5805,-108,44,90,377,3,9,57
5805,-108,48,90,377,3,10,57
5805,-108,40,90,377,4,10,57
5805,-108,41,90,377,3,10,57
5805,-108,46,90,377,4,10,57
5805,-108,59,90,377,3,9,58
5805,-108,48,90,377,4,9,57
5805,-108,46,90,377,4,10,57
5805,-108,52,90,377,3,9,57
5805,-108,38,90,377,4,9,56
5805,-108,34,90,377,3,10,57
5805,-108,44,90,377,3,11,57
5805,-108,30,90,377,3,10,57
5805,-108,48,90,377,3,8,57
5805,-108,33,90,377,2,11,57
5805,-108,41,90,377,4,10,57
5805,-108,37,90,377,4,10,57
5805,-108,34,90,377,5,11,57
5805,-108,33,90,377,3,9,55
5805,-108,42,90,377,4,9,57
5805,-108,57,90,377,5,9,57
5805,-108,33,90,377,2,9,57
5805,-108,31,90,377,4,10,57
5805,-108,45,90,377,4,10,57
5805,-108,39,90,377,5,11,57
5805,-108,47,90,377,3,9,57
5805,-108,40,90,377,5,10,57
5805,-108,36,90,377,3,11,57
5805,-108,60,90,377,3,11,57
5805,-108,41,90,377,4,8,56
5805,-108,30,90,377,5,9,57
5805,-108,58,90,377,4,11,57
5805,-108,31,89,377,4,9,55
5805,-108,52,90,377,3,10,57
5805,-108,51,90,377,3,9,57
5805,-108,40,90,377,4,8,56
5805,-108,25,90,377,4,8,55
5805,-108,64,90,377,4,9,57
5805,-108,43,90,377,5,8,56
5805,-108,54,90,377,2,9,57
5805,-108,34,90,377,3,11,57
5805,-108,50,90,377,4,10,57
5805,-108,38,90,377,3,8,57
5805,-108,34,90,377,4,9,57
5805,-108,35,90,377,4,10,57
5805,-108,41,90,377,3,9,57
5805,-108,48,90,377,4,11,58
5805,-108,54,90,377,4,10,58
5805,-108,42,90,377,4,12,58
5805,-108,39,90,377,5,9,57
5805,-108,38,90,377,3,9,57
5805,-108,34,90,377,5,8,56
5805,-108,63,90,377,3,10,57
5805,-108,54,90,377,4,9,57
5805,-108,40,90,377,4,10,57
5805,-108,44,90,377,4,10,58
5805,-108,42,90,377,4,9,56
5805,-108,29,90,377,3,8,56
5805,-108,51,90,377,3,9,57
5805,-108,54,90,377,3,9,58
5805,-108,37,90,377,4,13,58
5805,-108,37,90,377,3,10,57
5805,-108,27,90,377,4,7,56
5805,-108,48,90,377,4,11,57
5805,-108,30,90,377,4,9,57
5805,-108,29,90,377,4,9,57
5805,-108,37,90,377,4,10,58
5805,-108,30,90,377,4,10,57
5805,-108,49,90,377,3,8,57
5805,-108,26,88,378,6,9,55
5805,-108,34,90,377,3,10,58
5805,-108,35,90,377,4,11,57
5805,-108,44,90,377,4,10,57
5805,-108,42,90,377,4,9,57
5805,-108,30,90,377,3,8,57
5805,-108,53,90,377,4,10,57
5805,-108,49,90,377,5,10,58
5805,-108,36,90,377,3,9,57
5805,-108,31,90,377,5,9,57
5805,-108,31,90,377,4,9,56
5805,-108,45,90,377,4,9,57
5805,-108,44,90,377,2,11,57
5805,-108,38,90,377,4,8,56
5805,-108,53,90,377,4,10,56
5805,-108,49,90,377,3,8,56
5805,-108,37,90,377,4,10,57
5805,-108,36,90,377,4,9,56
5805,-108,43,90,377,3,11,57
5805,-108,38,90,377,4,9,57
5805,-108,46,90,377,3,10,57
5805,-108,54,90,377,4,10,57
5805,-108,50,90,377,4,8,56
5805,-108,44,90,377,4,9,57
5805,-108,51,90,377,2,7,56
5805,-108,35,89,377,6,8,55
5805,-108,39,90,377,4,10,57
5805,-108,40,90,377,5,10,57
5805,-108,36,90,377,2,10,57
5805,-108,41,90,377,5,9,56
5805,-108,36,90,377,5,10,56
5805,-108,50,90,377,4,9,57
5805,-108,39,90,377,3,10,56
5805,-108,53,90,377,4,9,57
5805,-108,42,90,377,4,10,57
5805,-108,56,90,377,3,8,57
5805,-108,34,90,377,4,10,57
5805,-108,42,90,377,3,10,57
5805,-108,39,90,377,4,11,58
5805,-108,40,90,377,4,8,57
5805,-108,50,90,377,4,10,57
5805,-108,47,90,377,4,9,57
5805,-108,37,90,377,4,11,57
5805,-108,47,90,377,5,9,57
5805,-108,46,90,377,4,9,56
5805,-108,30,90,377,5,11,57
5805,-108,36,90,377,5,10,57
5805,-108,32,90,377,4,9,56
5805,-108,52,90,377,5,9,57
5805,-108,43,90,377,2,9,57
5805,-108,45,90,377,4,7,55
5805,-108,44,90,377,4,10,57
5805,-108,52,90,377,4,10,57
5805,-108,45,90,377,3,9,56
5805,-108,47,90,377,4,8,56
5805,-108,34,90,377,4,10,57
5805,-108,54,90,377,4,10,57
5805,-108,36,90,377,5,8,55
5805,-108,48,90,377,3,10,56
5805,-108,43,90,377,3,8,57
5805,-108,38,90,377,4,10,56
5805,-108,33,90,377,4,10,57
5805,-108,32,90,377,4,10,57
5805,-108,31,90,377,4,7,56
5805,-108,28,90,377,3,9,56
5805,-108,46,90,377,5,10,57
5805,-108,28,90,377,4,9,57
5805,-108,37,90,377,4,8,56
5805,-108,34,90,377,5,9,57
5805,-108,40,90,377,3,12,57
5805,-108,36,90,377,3,8,57
5805,-108,30,90,377,3,10,57
5805,-108,30,90,377,3,9,56
5805,-108,46,90,377,3,11,57
5805,-108,41,90,377,4,9,57
5805,-108,50,90,377,3,10,57
5805,-108,34,90,377,4,8,57
5805,-108,38,90,377,4,10,58
5805,-108,29,90,377,5,11,58
5805,-108,37,90,377,3,9,57
5805,-108,27,90,377,5,9,56
5805,-108,30,90,377,5,9,57
5805,-108,41,90,377,5,9,57
5805,-108,38,90,377,3,9,57
5805,-108,33,90,377,2,10,58
5805,-108,44,90,377,4,8,57
5805,-108,32,90,377,3,8,55
5805,-108,39,90,377,4,10,57
5805,-108,42,90,377,3,11,58
5805,-108,46,90,377,4,10,57
5805,-108,53,90,377,2,9,57
5805,-108,32,90,377,3,11,57
5805,-108,36,90,377,5,11,57
5805,-108,39,90,377,5,10,58
5805,-108,53,90,377,3,10,57
5805,-108,48,90,377,3,11,57
5805,-108,69,90,377,5,7,56
5805,-108,44,90,377,3,9,57
5805,-108,33,90,377,4,10,57
5805,-108,58,90,377,4,10,57
5805,-108,33,90,377,4,11,57
5805,-108,40,90,377,3,8,57
5805,-108,42,90,377,3,9,57
5805,-108,50,90,377,3,10,58
5805,-108,43,90,377,5,9,56
5805,-108,44,90,377,6,11,57
5805,-108,49,90,377,5,9,57
5805,-108,46,90,377,4,10,57
5805,-108,46,90,377,4,10,57
5805,-108,41,90,377,4,9,56
5805,-108,52,90,377,4,10,57
5805,-108,49,90,377,3,9,57
5805,-108,53,90,377,3,11,57
5805,-108,41,90,377,4,10,58
5805,-108,30,90,377,4,10,57
5805,-108,43,90,377,4,8,57
5805,-108,41,90,377,3,10,57
5805,-108,40,89,377,5,10,56
5805,-108,32,90,377,3,9,57
5805,-108,53,90,377,4,10,57
5805,-108,40,90,377,2,11,57
5805,-108,51,90,377,4,9,57
5805,-108,43,90,377,4,8,57
5805,-108,37,90,377,4,10,57
5805,-108,58,90,377,4,9,57
5805,-108,37,90,377,3,8,57
5805,-108,42,90,377,2,10,57
5805,-108,47,90,377,4,11,57
5805,-108,33,90,377,3,10,57
5805,-108,34,90,377,5,12,57
5805,-108,27,90,377,2,9,57
5805,-108,58,90,377,3,9,58
5805,-108,40,90,377,3,9,57
5805,-108,37,89,377,4,11,56
5805,-108,44,90,377,4,9,57
5805,-108,36,90,377,3,8,57
5805,-108,29,90,377,3,10,56
5805,-108,46,90,377,4,9,58
5805,-108,58,90,377,4,10,57
5805,-108,37,90,377,3,10,56
5805,-108,48,90,377,3,11,58
5805,-108,52,90,377,3,10,57
5805,-108,34,90,377,3,9,57
5805,-108,33,90,377,4,10,58
5805,-108,38,90,377,4,8,57
5805,-108,44,90,377,3,10,57
5805,-108,36,90,377,4,8,57
5805,-108,39,90,377,4,9,57
5805,-108,35,90,377,3,9,57
5805,-108,32,90,377,5,11,57
5805,-108,36,90,377,4,9,57
5805,-108,48,90,377,5,9,56
5805,-108,53,90,377,4,9,56
5805,-108,26,90,377,4,8,56
5805,-108,41,90,377,4,10,57
5805,-108,39,90,377,4,10,57
5805,-108,51,90,377,3,9,57
5805,-108,38,90,377,4,8,57
5805,-108,38,90,377,4,10,57
5805,-108,47,90,377,3,10,58
5805,-108,31,90,377,4,9,56
5805,-108,41,90,377,4,10,57
5805,-108,42,90,377,4,9,57
5805,-108,50,90,377,5,9,57
5805,-108,46,90,377,3,10,58
5805,-108,38,90,377,3,9,57
5805,-108,51,90,377,2,10,57
5805,-108,37,90,377,4,10,57
5805,-108,44,89,377,5,7,54
5805,-108,34,90,377,5,8,56
5805,-108,39,90,377,5,11,57
5805,-108,40,90,377,4,10,56
5805,-108,42,90,377,3,11,58
5805,-108,37,90,377,4,10,57
5805,-108,31,90,377,5,8,57
5805,-108,59,90,377,4,8,57
5805,-108,38,90,377,3,10,57
5805,-108,31,90,377,4,10,57
5805,-108,43,90,377,3,9,57
5805,-108,40,90,377,4,9,57
5805,-108,32,90,377,4,11,58
5805,-108,39,90,377,4,10,57
5805,-108,42,90,377,3,10,58
5805,-108,45,90,377,4,9,57
5805,-108,45,90,377,3,10,57
5805,-108,43,90,377,2,10,57
5805,-108,34,90,377,3,9,56
5805,-108,33,90,377,3,10,56
5805,-108,37,90,377,4,10,57
5805,-108,36,90,377,4,8,57
5805,-108,52,90,377,3,9,56
5805,-108,37,90,377,4,10,58
5805,-108,41,90,377,4,10,56
5805,-108,36,90,377,3,10,57
5805,-108,52,90,377,2,8,57
5805,-108,45,90,377,4,10,57
5805,-108,36,90,377,3,10,57
5805,-108,27,90,377,4,8,57
5805,-108,41,90,377,5,9,57
5805,-108,33,90,377,3,10,58
5805,-108,30,90,377,3,10,58
5805,-108,43,90,377,5,7,56
5805,-108,47,89,377,6,9,56
5805,-108,37,90,377,4,11,57
5805,-108,30,90,377,4,10,57
5805,-108,41,90,377,3,11,57
5805,-108,45,90,377,3,9,57
5805,-108,38,90,377,4,9,57
5805,-108,53,90,377,4,8,56
5805,-108,49,90,377,3,9,57
5805,-108,47,90,377,4,10,57
5805,-108,37,90,377,4,9,57
5805,-108,32,90,377,4,10,58
5805,-108,45,90,377,4,9,57
5805,-108,33,90,377,4,10,57
5805,-108,34,90,377,5,9,56
5805,-108,30,90,377,3,10,57
5805,-108,49,90,377,3,12,58
5805,-108,43,90,377,2,12,57
5805,-108,39,90,377,4,9,57
5805,-108,35,90,377,2,12,57
5805,-108,48,90,377,3,10,57
5805,-108,50,90,377,3,11,57
5805,-108,32,90,377,2,10,57
5805,-108,36,90,377,4,10,57
5805,-108,52,90,377,3,10,57
5805,-108,34,90,377,4,12,58
5805,-108,37,90,377,4,10,57
5805,-108,35,90,377,4,10,56
5805,-108,58,90,377,3,10,57
5805,-108,37,90,377,4,9,56
5805,-108,35,90,377,5,10,57
5805,-108,38,90,377,4,9,56
5805,-108,34,90,377,3,9,58
5805,-108,35,90,377,5,9,57
5805,-108,28,90,377,3,8,57
5805,-108,43,90,377,4,9,57
5805,-108,35,90,377,4,10,58
5805,-108,35,90,377,3,12,57
5805,-108,39,90,377,5,9,56
5805,-108,39,90,377,5,9,56
5805,-108,51,90,377,3,11,57
5805,-108,39,90,377,4,9,57
5805,-108,41,90,377,4,7,56
5805,-108,27,90,377,3,9,57
5805,-108,43,90,377,4,9,57
5805,-108,28,89,377,5,8,56
5805,-108,32,90,377,3,10,57
5805,-108,52,90,377,2,9,57
5805,-108,32,90,377,3,8,56
5805,-108,43,90,377,3,11,58
5805,-108,37,90,377,4,10,58
5805,-108,52,90,377,4,10,57
5805,-108,41,90,377,3,9,57
5805,-108,31,90,377,3,8,57
5805,-108,51,90,377,2,10,57
5805,-108,62,90,377,4,9,57
5805,-108,38,90,377,4,11,58
5805,-108,34,90,377,4,10,57
5805,-108,28,90,377,3,9,57
5805,-108,31,90,377,3,7,56
5805,-108,52,90,377,3,8,57
5805,-108,34,90,377,3,8,56
5805,-108,43,90,377,3,9,57
5805,-108,42,90,377,3,9,57
5805,-108,29,90,377,3,10,57
5805,-108,30,90,377,4,8,56
5805,-108,62,90,377,4,9,56
5805,-108,58,90,377,3,9,58
5805,-108,41,90,377,4,10,57
5805,-108,50,90,377,5,10,57
5805,-108,40,90,377,4,10,57
5805,-108,31,90,377,4,9,57
5805,-108,52,90,377,5,12,58
5805,-108,48,90,377,4,9,57
5805,-108,37,90,377,4,9,56
5805,-108,35,90,377,4,11,57
5805,-108,41,90,377,6,10,56
5805,-108,42,90,377,3,9,58
5805,-108,45,90,377,4,9,57
5805,-108,47,90,377,4,11,57
5805,-108,26,90,377,3,11,57
5805,-108,55,90,377,3,9,57
5805,-108,43,90,377,3,10,57
5805,-108,57,90,377,4,10,57
5805,-108,36,90,377,3,10,57
5805,-108,48,90,377,4,10,57
5805,-108,41,90,377,4,8,56
5805,-108,36,90,377,3,9,58
5805,-108,33,90,377,3,9,57
5805,-108,26,90,377,4,8,56
5805,-108,40,90,377,3,9,57
5805,-108,46,90,377,4,10,57
5805,-108,33,90,377,4,9,57
5805,-108,38,90,377,4,9,57
5805,-108,27,90,377,3,11,57
5805,-108,45,90,377,4,7,57
5805,-108,32,90,377,3,10,57
5805,-108,35,90,377,3,9,57
5805,-108,40,90,377,3,8,57
5805,-108,28,90,377,4,9,56
5805,-108,33,90,377,3,11,57
5805,-108,40,90,377,4,10,57
5805,-108,48,90,377,3,9,56
5805,-108,37,90,377,2,11,57
5805,-108,29,90,377,3,8,55
5805,-108,58,90,377,3,8,56
5805,-108,44,90,377,4,9,57
5805,-108,28,90,377,4,11,57
5805,-108,47,90,377,3,9,57
5805,-108,35,90,377,4,11,57
5805,-108,49,90,377,3,9,57
5805,-108,27,90,377,4,5,56
5805,-108,69,90,377,4,11,58
5805,-108,58,90,377,3,11,59
5805,-108,42,90,377,4,10,57
5805,-108,37,90,377,4,9,57
5805,-108,53,90,377,4,9,58
5805,-108,54,90,377,5,11,58
5805,-108,48,90,377,4,11,58
5805,-108,50,90,377,1,7,55
5805,-108,30,90,377,5,7,56
5805,-108,41,90,377,4,8,56
5805,-108,45,90,377,5,10,57
5805,-108,52,90,377,4,8,57
5805,-108,41,90,377,4,9,58
5805,-108,50,90,377,3,10,57
5805,-108,55,90,377,4,10,58
5805,-108,50,90,377,4,10,58
5805,-108,52,90,377,4,8,57
5805,-108,27,89,377,4,9,56
5805,-108,45,90,377,3,9,57
5805,-108,40,90,377,5,11,58
5805,-108,35,90,377,4,9,56
5805,-108,55,90,377,2,11,57
5805,-108,27,90,377,4,10,57
5805,-108,37,90,377,3,10,57
5805,-108,36,90,377,4,8,56
5805,-108,31,90,377,5,9,57
5805,-108,38,90,377,4,9,57
5805,-108,61,90,377,3,9,57
5805,-108,44,90,377,5,9,57
5805,-108,55,90,377,4,11,57
5805,-108,35,90,377,2,8,56
5805,-108,37,90,377,3,10,57
5805,-108,37,90,377,4,9,57
5805,-108,28,90,377,4,9,57
5805,-108,32,90,377,4,11,58
5805,-108,35,90,377,3,12,57
5805,-108,31,90,377,4,11,58
5805,-108,36,90,377,4,9,56
5805,-108,36,90,377,4,9,56
5805,-108,30,90,377,4,8,55
5805,-108,38,90,377,3,8,57
5805,-108,45,90,377,3,10,57
5805,-108,39,90,377,4,9,57
5805,-108,47,90,377,5,11,58
5805,-108,36,90,377,4,7,56
5805,-108,45,90,377,4,9,56
5805,-108,40,90,377,4,11,58
5805,-108,49,90,377,3,9,57
5805,-108,39,90,377,3,11,58
5805,-108,45,90,377,4,11,58
5805,-108,34,90,377,3,7,57
5805,-108,63,90,377,2,9,57
5805,-108,45,90,377,3,9,57
5805,-108,32,90,377,5,9,56
5805,-108,38,90,377,4,9,57
5805,-108,41,90,377,4,10,57
5805,-108,43,90,377,3,8,57
5805,-108,49,90,377,3,11,58
5805,-108,37,90,377,3,9,57
5805,-108,34,90,377,3,8,57
5805,-108,52,90,377,4,10,58
5805,-108,38,90,377,3,9,56
5805,-108,47,90,377,3,10,58
5805,-108,46,90,377,2,12,58
5805,-108,44,90,377,3,9,57
5805,-108,53,90,377,4,11,58
5805,-108,56,90,377,4,9,57
5805,-108,30,90,377,4,8,56
5805,-108,45,90,377,3,9,57
5805,-108,39,90,377,4,7,56
5805,-108,32,90,377,3,9,57
5805,-108,32,90,377,4,10,58
5805,-108,30,90,377,4,11,58
5805,-108,43,90,377,4,9,57
5805,-108,30,90,377,3,11,57
5805,-108,54,90,377,4,9,57
5805,-108,55,90,377,4,11,57
5805,-108,39,90,377,4,10,57
5805,-108,55,90,377,5,10,56
5805,-108,39,90,377,4,9,57
5805,-108,44,90,377,3,9,56
5805,-108,36,90,377,4,11,58
5805,-108,31,90,377,3,9,56
5805,-108,42,90,377,3,9,57
5805,-108,44,90,377,4,10,57
5805,-108,42,90,377,2,9,57
5805,-108,35,90,377,3,8,56
5805,-108,40,90,377,3,9,57
5805,-108,31,90,377,4,11,57
5805,-108,62,90,377,3,9,57
5805,-108,43,90,377,4,9,58
5805,-108,51,90,377,4,10,57
5805,-108,42,90,377,4,10,58
5805,-108,40,90,377,4,10,56
5805,-108,40,90,377,3,11,57
5805,-108,37,90,377,4,9,58
5805,-108,46,90,377,5,9,56
5805,-108,44,90,377,4,10,57
5805,-108,34,90,377,3,9,56
5805,-108,26,90,377,3,10,57
5805,-108,33,90,377,4,9,56
5805,-108,42,90,377,3,9,56
5805,-108,51,90,377,3,11,57
5805,-108,42,90,377,3,10,56
5805,-108,35,90,377,4,9,56
5805,-108,45,90,377,5,11,57
5805,-108,35,90,377,4,8,57
5805,-108,45,90,377,4,9,57
5805,-108,49,90,377,3,8,57
5805,-108,41,90,377,3,10,57
5805,-108,43,90,377,3,9,57
5805,-108,37,90,377,3,10,57
5805,-108,39,90,377,5,9,57
5805,-108,58,90,377,5,9,57
5805,-108,31,90,377,3,11,58
5805,-108,43,90,377,3,10,57
5805,-108,34,90,377,5,10,57
5805,-108,41,90,377,4,10,56
5805,-108,44,90,377,2,11,57
5805,-108,47,90,377,4,9,57
5805,-108,40,90,377,3,8,56
5805,-108,49,90,377,3,11,57
5805,-108,31,90,377,3,8,56
5805,-108,45,90,377,5,12,58
5805,-108,47,89,377,4,10,56
5805,-108,31,90,377,4,9,57
5805,-108,34,90,377,3,9,57
5805,-108,39,90,377,4,8,56
5805,-108,41,90,377,4,8,57
5805,-108,44,90,377,4,12,58
5805,-108,34,90,377,4,10,58
5805,-108,43,90,377,4,9,57
5805,-108,53,90,377,4,9,57
5805,-108,48,90,377,4,11,57
5805,-108,31,90,377,3,10,57
5805,-108,37,90,377,3,9,56
5805,-108,49,90,377,4,10,57
5805,-108,49,90,377,4,10,57
5805,-108,54,90,377,2,9,57
5805,-108,33,90,377,5,11,57
5805,-108,31,90,377,3,8,57
5805,-108,46,90,377,2,9,57
5805,-108,35,90,377,3,10,57
5805,-108,30,89,377,5,7,55
5805,-108,29,90,377,2,9,57
5805,-108,47,90,377,3,9,57
5805,-108,40,90,377,4,10,56
5805,-108,40,90,377,5,10,57
5805,-108,45,90,377,3,12,58
5805,-108,35,90,377,4,8,55
5805,-108,27,90,377,5,10,57
5805,-108,43,90,377,5,10,57
5805,-108,37,90,377,4,11,57
5805,-108,44,90,377,3,7,56
5805,-108,48,90,377,3,10,58
5805,-108,42,90,377,5,9,57
5805,-108,41,90,377,4,10,57
5805,-108,49,90,377,5,9,57
5805,-108,48,90,377,3,10,57
5805,-108,35,90,377,4,10,58
5805,-108,55,90,377,3,9,57
5805,-108,36,90,377,4,11,57
5805,-108,54,90,377,5,10,57
5805,-108,40,90,377,4,10,57
5805,-108,58,90,377,4,3,56
5805,-108,41,90,377,5,9,57
5805,-108,51,90,377,5,10,57
5805,-108,56,90,377,4,11,57
5805,-108,48,90,377,4,8,56
5805,-108,45,90,377,4,11,58
5805,-108,42,90,377,4,9,56
5805,-108,45,90,377,3,7,56
5805,-108,49,90,377,2,8,56
5805,-108,37,90,377,4,9,57
5805,-108,37,90,377,5,9,57
5805,-108,35,90,377,4,9,57
5805,-108,37,90,377,4,10,57
5805,-108,46,90,377,4,9,57
5805,-108,53,90,377,3,9,57
5805,-108,31,90,377,4,9,57
5805,-108,37,90,377,3,8,57
5805,-108,44,89,377,4,7,55
5805,-108,43,90,377,3,9,57
5805,-108,57,90,377,4,10,57
5805,-108,41,90,377,3,9,57
5805,-108,43,90,377,3,9,57
5805,-108,38,90,377,4,10,57
5805,-108,40,90,377,3,8,56
5805,-108,44,90,377,4,9,57
5805,-108,39,90,377,5,10,57
5805,-108,36,90,377,3,10,57
5805,-108,45,90,377,4,10,57
5805,-108,54,90,377,3,10,57
5805,-108,45,89,377,4,11,56
5805,-108,46,90,377,3,8,57
5805,-108,59,90,377,4,10,57
5805,-108,54,90,377,3,9,57
5805,-108,49,90,377,4,12,57
5805,-108,60,90,377,5,10,58
5805,-108,49,90,377,3,9,57
5805,-108,45,90,377,4,11,57
5805,-108,45,90,377,4,10,57
5805,-108,39,90,377,4,9,57
5805,-108,45,90,377,3,9,57
5805,-108,35,90,377,4,8,57
5805,-108,45,90,377,4,9,57
5805,-108,46,90,377,3,11,58
5805,-108,52,90,377,3,11,57
5805,-108,49,90,377,3,8,56
5805,-108,55,90,377,2,8,57
5805,-108,37,90,377,3,11,57
5805,-108,31,90,377,3,9,57
5805,-108,46,90,377,3,9,57
5805,-108,46,90,377,4,10,57
5805,-108,47,90,377,3,11,57
5805,-108,44,90,377,3,9,58
5805,-108,43,90,377,3,9,57
5805,-108,27,90,377,4,9,57
5805,-108,48,90,377,3,9,57
5805,-108,47,90,377,2,10,57
5805,-108,33,90,377,4,10,57
5805,-108,42,90,377,3,10,58
5805,-108,32,90,377,4,7,56
5805,-108,44,90,377,5,10,57
5805,-108,38,90,377,3,9,57
5805,-108,40,90,377,6,9,56
5805,-108,45,90,377,5,10,57
5805,-108,38,90,377,5,9,57
5805,-108,34,90,377,3,8,56
5805,-108,28,88,378,5,9,56
5805,-108,30,90,377,4,12,58
5805,-108,42,90,377,4,9,57
5805,-108,56,90,377,4,11,57
5805,-108,40,90,377,3,9,57
5805,-108,48,90,377,3,6,55
5805,-108,32,90,377,4,9,57
5805,-108,45,90,377,4,9,57
5805,-108,36,90,377,4,9,57
5805,-108,27,90,377,2,9,58
5805,-108,37,90,377,5,13,58
5805,-108,29,89,377,6,10,56
5805,-108,54,90,377,3,10,57
5805,-108,41,90,377,5,8,56
5805,-108,50,90,377,4,9,57
5805,-108,58,90,377,5,10,57
5805,-108,45,90,377,5,9,57
5805,-108,50,90,377,3,10,57
5805,-108,52,90,377,3,8,57
5805,-108,37,90,377,6,10,57
5805,-108,46,90,377,4,10,58
5805,-108,26,90,377,4,9,56
5805,-108,34,90,377,4,11,57
5805,-108,37,90,377,4,10,57
5805,-108,51,90,377,3,10,58
5805,-108,29,90,377,3,10,56
5805,-108,30,90,377,4,8,56
5805,-108,35,90,377,5,9,57
5805,-108,36,90,377,2,11,58
5805,-108,37,90,377,5,10,57
5805,-108,41,90,377,4,11,57
5805,-108,39,90,377,3,7,56
5805,-108,33,90,377,4,11,57
5805,-108,45,89,377,5,10,57
5805,-108,44,90,377,4,6,57
5805,-108,62,90,377,5,8,56
5805,-108,53,90,377,4,10,57
5805,-108,42,90,377,4,9,57
5805,-108,44,90,377,3,10,58
5805,-108,33,90,377,3,11,57
5805,-108,55,90,377,3,9,57
5805,-108,46,90,377,4,9,57
5805,-108,31,90,377,3,9,57
5805,-108,45,90,377,3,12,58
5805,-108,30,90,377,2,10,57
5805,-108,53,90,377,3,11,58
5805,-108,26,90,377,4,9,57
5805,-108,35,90,377,3,11,58
5805,-108,37,90,377,4,10,57
5805,-108,28,90,377,3,8,56
5805,-108,46,90,377,3,9,57
5805,-108,58,90,377,5,10,57
5805,-108,37,90,377,3,9,57
5805,-108,45,90,377,4,11,57
5805,-108,30,90,377,4,12,57
5805,-108,27,90,377,3,8,56
5805,-108,39,90,377,4,9,56
5805,-108,63,90,377,4,9,57
5805,-108,50,90,377,5,9,57
5805,-108,33,90,377,4,9,57
5805,-108,36,90,377,4,10,58
5805,-108,48,90,377,3,9,57
5805,-108,49,90,377,3,9,57
5805,-108,46,90,377,2,10,57
5805,-108,31,90,377,4,11,58
5805,-108,50,90,377,3,10,58
5805,-108,56,90,377,4,10,57
5805,-108,38,90,377,4,9,56
5805,-108,27,90,377,3,8,55
5805,-108,46,90,377,3,9,57
5805,-108,34,90,377,4,9,57
5805,-108,37,90,377,4,8,57
5805,-108,35,90,377,4,9,56
5805,-108,43,90,377,4,11,58
5805,-108,34,90,377,3,10,57
5805,-108,39,90,377,5,10,58
5805,-108,49,90,377,5,9,57
5805,-108,31,90,377,4,10,57
5805,-108,29,90,377,3,8,56
5805,-108,32,90,377,3,10,57
5805,-108,41,90,377,4,10,57
5805,-108,30,90,377,4,9,57
5805,-108,35,90,377,4,9,57
5805,-108,59,90,377,3,8,57
5805,-108,40,90,377,4,10,57
5805,-108,46,90,377,4,9,57
5805,-108,44,90,377,4,10,58
5805,-108,54,90,377,4,10,57
5805,-108,41,90,377,3,10,57
5805,-108,43,90,377,3,10,57
5805,-108,26,90,377,2,10,57
5805,-108,44,90,377,4,7,57
5805,-108,41,90,377,4,11,57
5805,-108,47,90,377,4,9,58
5805,-108,33,90,377,3,8,57
5805,-108,41,90,377,4,10,58
5805,-108,27,90,377,3,10,56
5805,-108,42,90,377,4,10,58
5805,-108,51,90,377,3,9,57
5805,-108,34,90,377,2,9,56
5805,-108,45,90,377,3,9,57
5805,-108,35,90,377,3,9,57
5805,-108,29,90,377,4,10,57
5805,-108,49,90,377,3,8,56
5805,-108,33,90,377,4,9,57
5805,-108,41,90,377,4,9,56
5805,-108,53,90,377,5,9,57
5805,-108,38,90,377,4,9,56
5805,-108,29,90,377,3,10,58
5805,-108,43,90,377,3,9,57
5805,-108,52,90,377,4,10,57
5805,-108,35,90,377,4,10,58
5805,-108,31,90,377,3,9,58
5805,-108,29,90,377,5,9,57
5805,-108,46,90,377,3,9,56
5805,-108,39,90,377,4,9,56
5805,-108,40,90,377,3,10,57
5805,-108,40,90,377,3,10,57
5805,-108,34,90,377,3,10,57
5805,-108,35,90,377,4,10,57
5805,-108,42,90,377,4,8,57
5805,-108,53,90,377,4,9,57
5805,-108,52,90,377,3,10,57
5805,-108,48,90,377,3,8,57
5805,-108,44,90,377,4,10,57
5805,-108,35,90,377,3,10,57
5805,-108,41,90,377,5,10,58
5805,-108,26,90,377,1,10,57
5805,-108,47,90,377,3,10,57
5805,-108,55,90,377,3,8,57
5805,-108,52,90,377,3,10,57
5805,-108,42,90,377,3,8,57
5805,-108,39,90,377,3,11,57
5805,-108,49,90,377,4,10,57
5805,-108,26,90,377,4,9,57
5805,-108,43,90,377,4,9,57
5805,-108,38,90,377,4,9,56
5805,-108,35,90,377,3,10,57
5805,-108,51,90,377,4,9,56
5805,-108,36,90,377,4,11,57
5805,-108,39,90,377,4,9,57
5805,-108,32,90,377,3,9,57
5805,-108,53,90,377,3,9,57
5805,-108,56,90,377,4,10,57
5805,-108,36,90,377,3,10,58
5805,-108,34,90,377,3,8,57
5805,-108,44,90,377,4,10,57
5805,-108,35,90,377,3,10,57
5805,-108,44,90,377,4,9,57
5805,-108,50,90,377,4,10,57
5805,-108,32,90,377,3,10,57
5805,-108,41,90,377,4,11,57
5805,-108,30,90,377,4,10,56
5805,-108,41,90,377,4,8,57
5805,-108,54,90,377,5,9,57
5805,-108,38,90,377,3,10,57
5805,-108,31,90,377,3,8,56
5805,-108,33,90,377,4,8,56
5805,-108,57,90,377,4,8,57
5805,-108,31,90,377,3,9,57
5805,-108,33,90,377,4,7,56
5805,-108,33,90,377,4,9,57
5805,-108,38,90,377,4,9,57
5805,-108,45,90,377,4,10,57
5805,-108,35,90,377,3,10,57
5805,-108,41,90,377,4,10,57
5805,-108,35,90,377,5,9,56
5805,-108,52,90,377,3,6,56
5805,-108,26,90,377,2,10,57
5805,-108,31,90,377,4,8,57
5805,-108,41,90,377,4,9,57
5805,-108,41,90,377,4,10,57
5805,-108,34,90,377,3,9,57
5805,-108,40,90,377,4,8,56
5805,-108,38,90,377,4,9,57
5805,-108,37,90,377,4,11,57
5805,-108,29,90,377,4,8,56
5805,-108,45,90,377,3,11,57
5805,-108,36,90,377,3,9,57
5805,-108,38,90,377,6,10,56
5805,-108,46,90,377,4,8,57
5805,-108,39,90,377,3,9,57
5805,-108,47,90,377,5,9,57
5805,-108,32,90,377,4,7,56
5805,-108,46,90,377,4,9,56
5805,-108,37,90,377,4,10,56
5805,-108,35,90,377,3,9,57
5805,-108,32,90,377,4,8,56
5805,-108,37,90,377,4,10,58
5805,-108,37,90,377,3,10,57
5805,-108,34,90,377,3,9,57
5805,-108,48,90,377,4,12,58
5805,-108,37,90,377,3,11,57
5805,-108,41,90,377,3,10,57
5805,-108,41,90,377,3,9,57
5805,-108,38,90,377,4,10,56
5805,-108,33,90,377,3,10,57
5805,-108,51,90,377,3,10,58
5805,-108,56,90,377,5,9,57
5805,-108,39,90,377,4,10,56
5805,-108,36,90,377,4,8,57
5805,-108,35,90,377,4,10,57
5805,-108,55,90,377,5,9,57
5805,-108,38,90,377,2,8,56
5805,-108,56,90,377,2,8,56
5805,-108,34,90,377,3,9,57
5805,-108,43,90,377,4,9,56
5805,-108,45,89,377,5,8,55
5805,-108,42,90,377,3,9,57
5805,-108,37,90,377,2,9,56
5805,-108,46,90,377,3,10,57
5805,-108,44,90,377,4,9,57
5805,-108,49,90,377,2,9,57
5805,-108,27,90,377,4,11,57
5805,-108,31,90,377,3,8,56
5805,-108,35,90,377,3,9,57
5805,-108,30,90,377,3,10,57
5805,-108,33,90,377,4,10,56
5805,-108,58,90,377,4,11,57
5805,-108,33,90,377,4,10,56
5805,-108,35,90,377,3,11,57
5805,-108,32,90,377,4,9,56
5805,-108,47,90,377,3,8,56
5805,-108,28,90,377,3,8,57
5805,-108,27,90,377,4,8,56
5805,-108,43,90,377,5,10,58
5805,-108,44,90,377,4,10,56
5805,-108,29,90,377,3,11,57
5805,-108,26,90,377,4,12,57
5805,-108,43,90,377,4,11,57
5805,-108,41,90,377,4,9,57
5805,-108,29,90,377,4,9,57
5805,-108,28,90,377,4,9,56
5805,-108,30,90,377,5,10,57
5805,-108,42,90,377,2,10,58
5805,-108,29,90,377,3,12,57
5805,-108,25,89,377,4,7,55
5805,-108,30,90,377,4,9,56
5805,-108,31,90,377,3,7,56
5805,-108,28,90,377,4,9,57
5805,-108,31,90,377,3,10,57
5805,-108,32,90,377,2,10,56
5805,-108,43,90,377,4,9,57
5805,-108,49,90,377,4,11,57
5805,-108,32,90,377,4,9,56
5805,-108,32,90,377,3,8,57
5805,-108,34,90,377,3,11,57
5805,-108,29,90,377,3,9,57
5805,-108,48,90,377,5,10,57
5805,-108,30,90,377,4,10,58
5805,-108,39,90,377,4,9,56
5805,-108,41,90,377,3,10,57
5805,-108,41,90,377,3,8,55
5805,-108,30,90,377,5,10,57
5805,-108,26,90,377,4,10,57
5805,-108,32,90,377,4,8,56
5805,-108,26,90,377,4,9,57
5805,-108,32,90,377,4,9,57
5805,-108,45,90,377,3,8,56
5805,-108,32,90,377,3,9,57
5805,-108,43,90,377,3,9,57
5805,-108,46,89,378,5,9,56
5805,-108,34,90,377,3,8,56
5805,-108,40,90,377,3,11,57
5805,-108,53,90,377,5,10,57
5805,-108,32,90,377,3,10,56
5805,-108,34,90,377,4,9,56
5805,-108,40,90,377,4,11,57
5805,-108,40,90,377,4,9,57
5805,-108,29,90,377,3,9,57
5805,-108,54,90,377,4,9,57
5805,-108,32,90,377,4,10,57
5805,-108,34,90,377,4,9,58
5805,-108,49,90,377,3,10,57
5805,-108,39,90,377,3,8,57
5805,-108,26,90,377,4,9,56
5805,-108,28,90,377,4,10,57
5805,-108,28,90,377,5,10,57
5805,-108,29,90,377,2,8,57
5805,-108,44,90,377,3,10,57
5805,-108,30,90,377,4,11,57
5805,-108,36,90,377,4,10,57
5805,-108,39,90,377,3,8,57
5805,-108,27,89,377,5,8,56
5805,-108,39,90,377,2,11,57
5805,-108,45,90,377,3,9,57
5805,-108,45,90,377,0,7,56
5805,-108,32,90,377,4,8,57
5805,-108,41,90,377,4,10,56
5805,-108,42,90,377,4,10,57
5805,-108,32,90,377,5,11,58
5805,-108,37,90,377,2,9,57
5805,-108,36,90,377,3,10,58
5805,-108,36,90,377,3,10,57
5805,-108,40,90,377,4,10,57
5805,-108,40,89,377,5,9,56
5805,-108,40,90,377,3,10,57
5805,-108,44,90,377,4,10,57
5805,-108,37,90,377,2,10,57
5805,-108,41,89,377,4,10,57
5805,-108,29,90,377,2,11,57
5805,-108,50,90,377,5,9,58
5805,-108,31,89,377,5,9,55
5805,-108,39,90,377,4,8,56
5805,-108,33,90,377,4,10,58
5805,-108,33,90,377,5,10,57
5805,-108,34,90,377,4,9,57
5805,-108,56,90,377,3,9,58
5805,-108,42,90,377,3,8,56
5805,-108,50,90,377,3,9,56
5805,-108,55,90,377,4,8,57
5805,-108,37,90,377,5,10,57
5805,-108,50,90,377,4,9,57
5805,-108,37,90,377,4,11,57
5805,-108,39,90,377,3,9,56
5805,-108,55,90,377,3,9,57
5805,-108,45,90,377,2,10,57
5805,-108,46,90,377,4,10,57
5805,-108,37,90,377,4,12,58
5805,-108,33,90,377,3,11,57
5805,-108,41,90,377,3,10,57
5805,-108,38,90,377,4,11,58
5805,-108,53,90,377,3,10,57
5805,-108,37,90,377,3,9,56
5805,-108,39,90,377,3,9,58
5805,-108,31,90,377,3,8,56
5805,-108,29,90,377,3,9,57
5805,-108,30,90,377,4,9,56
5805,-108,30,90,377,4,9,57
5805,-108,39,90,377,4,11,57
5805,-108,41,90,377,3,11,57
5805,-108,37,90,377,3,9,57
5805,-108,43,90,377,4,11,57
5805,-108,40,90,377,2,9,57
5805,-108,39,90,377,4,9,57
5805,-108,48,90,377,3,10,58
5805,-108,34,90,377,5,7,56
5805,-108,31,90,377,4,10,57
5805,-108,34,90,377,3,9,58
5805,-108,44,90,377,5,10,58
5805,-108,44,90,377,4,9,57
5805,-108,45,90,377,3,11,57
5805,-108,41,90,377,3,9,57
5805,-108,38,90,377,4,10,57
5805,-108,34,89,378,6,10,56
5805,-108,31,90,377,3,9,57
5805,-108,43,90,377,6,8,57
5805,-108,45,90,377,4,9,56
5805,-108,38,90,377,3,9,56
5805,-108,37,90,377,4,9,57
5805,-108,57,90,377,4,9,57
5805,-108,46,90,377,4,9,56
5805,-108,41,90,377,4,10,57
5805,-108,39,90,377,3,10,57
5805,-108,44,90,377,4,10,57
5805,-108,39,90,377,4,11,57
5805,-108,45,90,377,6,9,57
5805,-108,27,90,377,4,8,56
5805,-108,38,90,377,4,10,57
5805,-108,47,90,377,3,8,57
5805,-108,27,90,377,3,10,56
5805,-108,40,90,377,1,9,56
5805,-108,53,90,377,3,9,57
5805,-108,28,90,377,4,8,57
5805,-108,43,90,377,3,9,57
5805,-108,47,90,377,3,11,58
5805,-108,42,90,377,4,9,57
5805,-108,35,90,377,4,10,57
5805,-108,38,90,377,3,12,58
5805,-108,37,90,377,4,8,57
5805,-108,64,90,377,3,10,58
5805,-108,27,90,377,3,8,57
5805,-108,53,90,377,4,11,58
5805,-108,44,90,377,5,7,55
5805,-108,55,90,377,3,9,57
5805,-108,25,90,377,4,10,56
5805,-108,44,89,378,5,8,55
5805,-108,30,90,377,4,8,56
5805,-108,38,90,377,2,10,57
5805,-108,46,90,377,3,10,57
5805,-108,37,90,377,4,10,57
5805,-108,39,90,377,4,10,57
5805,-108,38,90,377,4,10,57
5805,-108,38,90,377,3,10,56
5805,-108,32,90,377,4,9,57
5805,-108,41,90,377,3,10,58
5805,-108,32,90,377,4,11,59
5805,-108,40,90,377,3,11,57
5805,-108,41,90,377,4,10,57
5805,-108,30,90,377,4,10,57
5805,-108,43,89,377,5,10,56
5805,-108,54,90,377,3,12,58
5805,-108,64,90,377,4,8,56
5805,-108,43,90,377,3,9,56
5805,-108,52,90,377,4,9,57
5805,-108,41,90,377,4,11,57
5805,-108,30,90,377,5,10,57
5805,-108,43,90,377,3,11,57
5805,-108,31,90,377,2,10,57
5805,-108,49,90,377,4,10,58
5805,-108,38,90,377,5,10,58
5805,-108,42,89,377,5,9,56
5805,-108,41,90,377,3,9,56
5805,-108,29,90,377,3,8,56
5805,-108,27,90,377,3,11,57
5805,-108,27,90,377,4,7,55
5805,-108,46,90,377,4,9,57
5805,-108,42,90,377,3,9,57
5805,-108,50,90,377,4,9,58
5805,-108,34,90,377,3,7,56
5805,-108,33,90,377,3,9,57
5805,-108,35,90,377,4,9,56
5805,-108,35,90,377,4,10,58
5805,-108,28,90,377,3,10,56
5805,-108,39,90,377,3,8,58
5805,-108,29,90,377,4,8,57
5805,-108,27,90,377,3,10,56
5805,-108,31,90,377,3,9,57
5805,-108,34,90,377,4,8,56
5805,-108,48,90,377,3,9,57
5805,-108,29,90,377,4,11,57
5805,-108,32,90,377,4,8,57
5805,-108,52,90,377,3,8,56
5805,-108,31,90,377,6,9,57
5805,-108,37,90,377,4,9,57
5805,-108,48,90,377,4,9,57
5805,-108,61,90,377,4,10,58
5805,-108,34,90,377,4,9,57
5805,-108,31,90,377,5,9,57
5805,-108,41,90,377,2,11,58
5805,-108,50,90,377,5,12,58
5805,-108,34,90,377,6,9,56
5805,-108,44,90,377,3,10,57
5805,-108,52,90,377,3,11,57
5805,-108,43,90,377,2,9,57
5805,-108,32,90,377,3,9,57
5805,-108,42,90,377,2,9,56
5805,-108,38,90,377,4,8,56
5805,-108,55,90,377,3,9,57
5805,-108,33,90,377,3,9,56
5805,-108,56,90,377,3,9,58
5805,-108,34,90,377,4,8,57
5805,-108,49,90,377,2,9,57
5805,-108,30,90,377,4,9,57
5805,-108,35,90,377,4,10,57
5805,-108,41,90,377,3,8,56
5805,-108,36,90,377,4,9,56
5805,-108,44,90,377,4,11,57
5805,-108,35,90,377,4,10,57
5805,-108,33,90,377,3,9,57
5805,-108,29,90,377,4,11,57
5805,-108,42,90,377,5,9,57
5805,-108,50,90,377,3,9,58
5805,-108,36,90,377,3,9,57
5805,-108,39,90,377,3,9,57
5805,-108,30,90,377,3,10,57
5805,-108,35,90,377,4,10,57
5805,-108,33,90,377,3,11,58
5805,-108,40,90,377,3,8,57
5805,-108,27,90,377,5,8,57
5805,-108,27,90,377,5,9,57
5805,-108,38,90,377,4,8,56
5805,-108,37,90,377,3,9,56
5805,-108,28,90,377,4,8,56
5805,-108,30,90,377,3,8,56
5805,-108,45,90,377,4,8,57
5805,-108,33,90,377,5,11,57
5805,-108,33,90,377,3,8,57
5805,-108,39,90,377,2,7,55
5805,-108,40,90,377,4,9,57
5805,-108,42,90,377,4,9,57
5805,-108,33,90,377,4,9,57
5805,-108,40,90,377,3,7,56
5805,-108,27,90,377,4,10,57
5805,-108,45,90,377,5,12,57
5805,-108,38,90,377,4,9,57
5805,-108,46,90,377,4,11,58
5805,-108,41,90,377,4,10,57
5805,-108,36,90,377,2,10,57
5805,-108,41,90,377,4,8,56
5805,-108,34,90,377,3,11,57
5805,-108,34,90,377,4,10,57
5805,-108,49,89,378,5,11,57
5805,-108,45,90,377,3,9,57
5805,-108,48,90,377,4,11,58
5805,-108,35,90,377,4,12,58
5805,-108,39,90,377,3,9,56
5805,-108,36,90,377,2,10,57
5805,-108,51,90,377,3,10,57
5805,-108,43,90,377,4,8,56
5805,-108,42,90,377,4,12,58
5805,-108,43,90,377,3,11,57
5805,-108,49,90,377,3,10,58
5805,-108,31,90,377,3,9,56
5805,-108,49,90,377,3,9,57
5805,-108,30,90,377,2,9,57
5805,-108,37,89,377,4,10,56
5805,-108,45,90,377,4,9,57
5805,-108,24,90,377,3,9,57
5805,-108,46,90,377,3,7,56
5805,-108,35,90,377,5,9,56
5805,-108,31,90,377,4,9,56
5805,-108,40,90,377,4,11,58
5805,-108,39,90,377,3,11,58
5805,-108,38,90,377,3,9,57
5805,-108,54,90,377,3,9,57
5805,-108,45,90,377,4,10,57
5805,-108,42,90,377,3,8,56
5805,-108,44,90,377,3,8,57
5805,-108,40,90,377,3,8,57
5805,-108,42,90,377,4,10,57
5805,-108,29,90,377,3,10,57
5805,-108,41,90,377,4,9,57
5805,-108,38,90,377,4,8,56
5805,-108,54,90,377,5,11,58
5805,-108,48,90,377,4,9,57
5805,-108,32,90,377,4,9,57
5805,-108,38,90,377,3,10,58
5805,-108,48,90,377,5,10,57
5805,-108,41,90,377,5,9,57
5805,-108,57,90,377,4,9,57
5805,-108,33,90,377,4,11,57
5805,-108,49,90,377,4,9,57
5805,-108,33,90,377,3,9,57
5805,-108,41,90,377,4,10,57
5805,-108,44,90,377,3,8,56
5805,-108,41,90,377,4,9,57
5805,-108,43,90,377,4,10,57
5805,-108,38,90,377,4,11,57
5805,-108,56,90,377,3,9,57
5805,-108,28,90,377,4,9,57
5805,-108,39,90,377,4,9,57
5805,-108,31,90,377,2,12,58
5805,-108,24,90,377,4,9,56
5805,-108,56,90,377,3,11,58
5805,-108,39,90,377,4,11,58
5805,-108,25,90,377,4,9,56
5805,-108,34,90,377,4,11,58
5805,-108,52,90,377,4,10,58
5805,-108,32,90,377,4,9,57
5805,-108,35,90,377,3,11,57
5805,-108,42,90,377,2,9,57
5805,-108,29,90,377,5,10,57
5805,-108,24,90,377,3,9,57
5805,-108,27,90,377,3,9,55
5805,-108,26,90,377,3,9,57
5805,-108,48,90,377,4,10,57
5805,-108,36,90,377,4,9,57
5805,-108,44,90,377,4,9,57
5805,-108,30,89,377,2,9,55
5805,-108,41,90,377,3,9,56
5805,-108,30,90,377,4,9,57
5805,-108,27,90,377,4,10,57
5805,-108,21,90,377,4,7,56
5805,-108,50,90,377,4,11,57
5805,-108,30,90,377,3,9,56
5805,-108,45,90,377,2,13,59
5805,-108,51,90,377,4,10,57
5805,-108,41,90,377,3,11,58
5805,-108,31,90,377,3,9,57
5805,-108,39,90,377,4,10,58
5805,-108,36,90,377,5,11,58
5805,-108,34,90,377,4,8,56
5805,-108,34,90,377,3,9,57
5805,-108,36,90,377,3,12,58
5805,-108,29,90,377,4,9,57
5805,-108,41,90,377,5,12,58
5805,-108,38,90,377,5,9,56
5805,-108,34,90,377,3,8,56
5805,-108,46,90,377,5,10,58
5805,-108,51,90,377,4,8,56
5805,-108,27,90,377,3,10,57
5805,-108,40,90,377,2,10,57
5805,-108,31,90,377,4,9,57
5805,-108,38,90,377,4,10,57
5805,-108,30,90,377,4,9,57
5805,-108,38,90,377,4,10,58
5805,-108,30,90,377,4,9,58
5805,-108,35,90,377,4,9,57
5805,-108,38,90,377,3,9,57
5805,-108,35,90,377,3,10,57
5805,-108,34,90,377,2,10,58
5805,-108,41,90,377,4,11,57
5805,-108,25,90,377,3,11,56
5805,-108,31,90,377,5,10,57
5805,-108,74,90,377,5,9,56
5805,-108,41,90,377,3,10,58
5805,-108,34,90,377,4,8,56
5805,-108,41,89,378,5,7,54
5805,-108,33,90,377,4,9,56
5805,-108,42,90,377,4,10,58
5805,-108,33,90,377,5,8,56
5805,-108,41,90,377,3,9,57
5805,-108,40,90,377,4,11,57
5805,-108,32,90,377,4,9,57
5805,-108,58,90,377,4,10,57
5805,-108,37,90,377,5,10,57
5805,-108,42,90,377,4,10,57
5805,-108,43,90,377,5,9,57
5805,-108,33,90,377,4,8,57
5805,-108,35,90,377,3,9,57
5805,-108,38,90,377,3,10,57
5805,-108,43,89,377,4,10,56
5805,-108,45,90,377,4,9,57
5805,-108,39,90,377,5,9,57
5805,-108,46,90,377,4,8,57
5805,-108,28,90,377,5,9,57
5805,-108,29,90,377,2,9,57
5805,-108,29,90,377,4,10,56
5805,-108,36,90,377,5,10,57
5805,-108,34,90,377,4,9,57
5805,-108,40,90,377,4,9,57
5805,-108,41,90,377,5,11,57
5805,-108,42,90,377,4,10,58
5805,-108,36,90,377,4,9,57
5805,-108,45,90,377,4,9,57
5805,-108,49,90,377,3,11,57
5805,-108,46,90,377,5,11,57
5805,-108,40,90,377,3,9,57
5805,-108,36,90,377,3,10,57
5805,-108,51,90,377,3,11,57
5805,-108,38,89,377,4,10,56
5805,-108,26,90,377,4,8,56
5805,-108,53,90,377,4,10,58
5805,-108,49,90,377,3,10,58
5805,-108,45,90,377,5,9,57
5805,-108,45,90,377,4,9,57
5805,-108,46,90,377,3,9,58
5805,-108,44,90,377,5,12,58
5805,-108,34,90,377,3,10,56
5805,-108,42,90,377,4,11,57
5805,-108,41,90,377,5,10,58
5805,-108,38,90,377,4,8,56
5805,-108,48,90,377,3,10,57
5805,-108,48,90,377,2,9,57
5805,-108,36,90,377,3,9,56
5805,-108,57,90,377,4,9,57
5805,-108,48,90,377,3,10,57
5805,-108,35,90,377,3,10,57
5805,-108,32,90,377,4,9,56
5805,-108,55,90,377,3,10,57
5805,-108,42,90,377,5,8,56
5805,-108,40,90,377,4,10,57
5805,-108,42,90,377,4,9,57
5805,-108,34,90,377,4,10,57
5805,-108,49,90,377,3,10,57
5805,-108,41,90,377,4,8,57
5805,-108,37,90,377,3,11,57
5805,-108,42,90,377,4,9,57
5805,-108,64,90,377,5,9,57
5805,-108,52,90,377,4,9,57
5805,-108,44,90,377,2,9,56
5805,-108,30,90,377,4,8,56
5805,-108,50,90,377,3,8,57
5805,-108,52,90,377,3,10,58
5805,-108,47,90,377,3,10,58
5805,-108,34,90,377,5,9,57
5805,-108,39,90,377,3,9,57
5805,-108,45,90,377,4,10,57
5805,-108,46,90,377,5,9,57
5805,-108,37,90,377,4,9,57
5805,-108,45,90,377,4,9,57
5805,-108,39,90,377,3,11,57
5805,-108,39,90,377,3,9,57
5805,-108,45,90,377,4,12,58
5805,-108,50,90,377,3,13,58
5805,-108,54,90,377,4,7,56
5805,-108,46,90,377,4,10,57
5805,-108,58,90,377,3,9,57
5805,-108,50,90,377,3,11,58
5805,-108,58,90,377,3,10,57
5805,-108,44,90,377,4,10,57
5805,-108,50,90,377,3,10,58
5805,-108,43,90,377,4,11,58
5805,-108,55,90,377,3,9,57
5805,-108,43,90,377,4,10,58
5805,-108,31,90,377,4,8,57
5805,-108,43,90,377,2,9,58
5805,-108,40,90,377,4,8,56
5805,-108,47,90,377,4,9,56
5805,-108,26,90,377,4,8,57
5805,-108,28,90,377,4,9,57
5805,-108,49,90,377,3,9,57
5805,-108,43,90,377,5,8,56
5805,-108,42,90,377,3,9,57
5805,-108,45,90,377,3,8,57
5805,-108,33,90,377,4,10,57
5805,-108,38,90,377,3,10,58
5805,-108,28,90,377,3,9,56
5805,-108,51,90,377,4,11,57
5805,-108,50,90,377,4,11,57
5805,-108,49,90,377,5,11,57
5805,-108,38,90,377,3,9,58
5805,-108,51,90,377,3,9,56
5805,-108,43,90,377,4,9,57
5805,-108,33,90,377,4,9,56
5805,-108,39,90,377,3,11,57
5805,-108,48,90,377,3,9,57
5805,-108,31,90,377,2,9,57
5805,-108,46,90,377,3,10,58
5805,-108,54,89,377,5,9,56
5805,-108,36,90,377,4,9,57
5805,-108,41,90,377,3,10,57
5805,-108,40,90,377,4,10,58
5805,-108,36,90,377,3,10,57
5805,-108,43,90,377,2,9,57
5805,-108,31,90,377,5,10,58
5805,-108,31,90,377,4,9,57
5805,-108,34,90,377,4,8,57
5805,-108,46,90,377,3,9,57
5805,-108,33,90,377,4,8,57
5805,-108,30,90,377,5,9,57
5805,-108,35,90,377,3,9,57
5805,-108,50,90,377,3,10,58
5805,-108,37,90,377,3,10,57
5805,-108,45,90,377,2,11,58
5805,-108,56,90,377,3,8,56
5805,-108,32,90,377,4,9,57
5805,-108,31,90,377,4,9,57
5805,-108,44,90,377,3,9,57
5805,-108,30,90,377,3,11,57
5805,-108,50,90,377,4,10,57
5805,-108,28,90,377,3,9,56
5805,-108,45,90,377,5,8,56
5805,-108,36,90,377,3,10,58
5805,-108,29,90,377,3,9,56
5805,-108,25,90,377,3,8,56
5805,-108,42,90,377,3,10,57
5805,-108,47,90,377,4,11,58
5805,-108,59,90,377,4,10,57
5805,-108,65,90,377,5,8,57
5805,-108,47,90,377,4,8,57
5805,-108,42,90,377,5,9,57
5805,-108,32,90,377,4,9,57
5805,-108,47,90,377,4,9,56
5805,-108,35,90,377,2,9,57
5805,-108,28,90,377,4,7,56
5805,-108,31,90,377,4,10,57
5805,-108,60,90,377,3,10,57
5805,-108,43,90,377,5,9,57
5805,-108,39,90,377,4,9,56
5805,-108,31,90,377,4,9,57
5805,-108,52,90,377,3,11,58
5805,-108,43,90,377,5,8,57
5805,-108,35,90,377,3,10,57
5805,-108,40,90,377,3,9,56
5805,-108,46,89,378,5,8,55
5805,-108,42,90,377,4,9,57
5805,-108,44,90,377,3,9,57
5805,-108,48,90,377,2,9,57
5805,-108,52,90,377,3,11,58
5805,-108,26,90,377,2,9,57
5805,-108,46,90,377,4,11,57
5805,-108,51,90,377,3,10,58
5805,-108,30,90,377,5,9,57
5805,-108,53,90,377,4,8,56
5805,-108,46,90,377,4,8,56
5805,-108,38,90,377,3,8,56
5805,-108,53,90,377,4,10,57
5805,-108,40,89,377,5,10,56
5805,-108,34,90,377,4,9,56
5805,-108,40,90,377,3,10,57
5805,-108,31,90,377,4,10,57
5805,-108,50,90,377,5,9,56
5805,-108,24,89,377,5,8,56
5805,-108,28,90,377,4,10,57
5805,-108,48,90,377,2,11,57
5805,-108,43,90,377,4,10,57
5805,-108,36,90,377,3,8,57
5805,-108,45,90,377,4,11,57
5805,-108,46,90,377,4,9,57
5805,-108,44,90,377,5,10,58
5805,-108,33,90,377,4,11,57
5805,-108,41,90,377,4,8,56
5805,-108,39,90,377,4,9,57
5805,-108,31,90,377,5,9,57
5805,-108,49,90,377,4,9,57
5805,-108,40,90,377,4,9,56
5805,-108,39,90,377,4,10,57
5805,-108,56,90,377,3,10,58
5805,-108,32,90,377,4,10,57
5805,-108,31,90,377,4,9,57
5805,-108,42,90,377,4,7,57
5805,-108,29,90,377,4,8,57
5805,-108,42,90,377,3,9,57
5805,-108,38,90,377,3,10,57
5805,-108,40,90,377,4,9,57
5805,-108,28,90,377,4,8,57
5805,-108,41,90,377,2,10,57
5805,-108,38,90,377,4,9,57
5805,-108,46,90,377,3,8,56
5805,-108,35,90,377,4,9,56
5805,-108,42,90,377,4,9,57
5805,-108,30,90,377,2,9,56
5805,-108,47,90,377,4,9,56
5805,-108,31,90,377,3,8,57
5805,-108,37,90,377,3,11,58
5805,-108,37,90,377,3,7,55
5805,-108,58,90,377,4,9,57
5805,-108,48,90,377,3,8,56
5805,-108,38,90,377,3,11,57
5805,-108,58,90,377,3,10,57
5805,-108,32,90,377,4,11,58
5805,-108,58,90,377,3,8,56
5805,-108,40,90,377,4,9,57
5805,-108,42,90,377,3,8,57
5805,-108,46,90,377,4,11,57
5805,-108,31,90,377,3,10,58
5805,-108,45,90,377,3,10,57
5805,-108,33,90,377,4,10,57
5805,-108,34,90,377,4,10,57
5805,-108,30,90,377,4,10,57
5805,-108,31,90,377,4,10,58
5805,-108,32,90,377,3,9,56
5805,-108,31,90,377,3,8,56
5805,-108,43,90,377,3,9,57
5805,-108,38,90,377,3,9,57
5805,-108,50,90,377,2,11,58
5805,-108,50,90,377,3,9,58
5805,-108,40,90,377,3,9,57
5805,-108,40,90,377,3,8,56
5805,-108,50,90,377,4,11,57
5805,-108,28,90,377,3,9,57
5805,-108,43,90,377,4,9,57
5805,-108,40,90,377,4,7,57
5805,-108,43,90,377,4,7,56
5805,-108,48,90,377,3,10,57
5805,-108,45,90,377,2,8,56
5805,-108,40,90,377,4,11,57
5805,-108,36,89,377,5,9,55
5805,-108,35,89,377,5,8,54
5805,-108,33,90,377,4,11,58
5805,-108,44,90,377,3,12,57
5805,-108,28,90,377,3,10,57
5805,-108,25,90,377,3,7,55
5805,-108,31,90,377,4,9,56
5805,-108,45,90,377,4,10,57
5805,-108,53,90,377,4,9,57
5805,-108,40,90,377,4,9,57
5805,-108,31,90,377,3,9,57
5805,-108,35,90,377,3,9,56
5805,-108,51,90,377,5,9,57
5805,-108,48,90,377,4,10,57
5805,-108,42,90,377,4,9,57
5805,-108,40,90,377,4,8,57
5805,-108,44,90,377,3,10,57
5805,-108,38,90,377,3,9,56
5805,-108,42,89,377,5,9,56
5805,-108,24,90,377,3,10,57
5805,-108,38,90,377,3,9,57
5805,-108,29,90,377,3,8,56
5805,-108,37,90,377,4,10,56
5805,-108,48,90,377,3,9,57
5805,-108,50,90,377,3,10,57
5805,-108,43,90,377,5,10,57
5805,-108,34,90,377,5,8,56
5805,-108,44,90,377,3,10,56
5805,-108,29,90,377,3,9,56
5805,-108,61,90,377,4,8,57
5805,-108,41,90,377,4,10,57
5805,-108,32,90,377,3,9,57
5805,-108,34,90,377,4,10,57
5805,-108,42,90,377,5,9,57
5805,-108,38,90,377,4,10,57
5805,-108,35,90,377,3,9,57
5805,-108,44,90,377,4,10,57
5805,-108,53,90,377,3,9,57
5805,-108,41,90,377,3,11,58
5805,-108,33,90,377,4,12,57
5805,-108,29,90,377,4,10,59
5805,-108,34,90,377,4,10,57
5805,-108,30,90,377,4,8,55
5805,-108,50,90,377,4,7,56
5805,-108,33,90,377,4,9,57
5805,-108,52,90,377,4,9,57
5805,-108,32,90,377,3,8,57
5805,-108,47,90,377,3,9,57
5805,-108,41,90,377,4,10,57
5805,-108,51,90,377,4,11,57
5805,-108,36,90,377,3,9,57
5805,-108,37,90,377,4,9,56
5805,-108,37,90,377,3,10,57
5805,-108,39,90,377,4,9,57
5805,-108,44,90,377,3,9,57
5805,-108,38,90,377,3,9,57
5805,-108,37,90,377,4,10,56
5805,-108,55,90,377,5,9,57
5805,-108,42,90,377,4,9,56
5805,-108,34,90,377,3,11,57
5805,-108,50,90,377,2,9,57
5805,-108,40,90,377,4,11,57
5805,-108,35,90,377,4,8,56
5805,-108,51,90,377,3,10,57
5805,-108,28,90,377,2,10,57
5805,-108,41,90,377,6,10,57
5805,-108,38,90,377,4,10,57
5805,-108,34,90,377,4,9,57
5805,-108,41,90,377,4,10,57
5805,-108,32,90,377,5,9,57
5805,-108,51,90,377,3,9,57
5805,-108,47,90,377,2,9,57
5805,-108,42,90,377,4,11,57
5805,-108,40,90,377,3,11,57
5805,-108,38,90,377,3,8,57
5805,-108,38,90,377,3,9,57
5805,-108,33,90,377,4,10,57
5805,-108,57,90,377,3,8,57
5805,-108,33,90,377,2,10,57
5805,-108,53,90,377,3,9,57
5805,-108,24,90,377,5,11,57
5805,-108,33,90,377,4,9,57
5805,-108,37,90,377,4,7,56
5805,-108,38,90,377,3,11,56
5805,-108,28,90,377,3,10,57
5805,-108,39,90,377,3,9,57
5805,-108,44,90,377,3,9,57
5805,-108,43,90,377,5,9,57
5805,-108,57,90,377,3,11,57
5805,-108,37,90,377,3,9,58
5805,-108,41,90,377,3,10,57
5805,-108,33,90,377,4,8,57
5805,-108,30,90,377,4,8,56
5805,-108,47,90,377,4,8,57
5805,-108,32,90,377,2,9,57
5805,-108,35,90,377,5,9,57
5805,-108,38,90,377,4,9,57
5805,-108,38,90,377,4,9,57
5805,-108,62,90,377,5,9,57
5805,-108,46,90,377,2,11,57
5805,-108,41,90,377,4,8,57
5805,-108,36,90,377,4,9,56
5805,-108,36,90,377,4,9,57
5805,-108,41,90,377,4,9,57
5805,-108,35,90,377,4,11,58
5805,-108,34,90,377,4,9,56
5805,-108,43,90,377,4,11,57
5805,-108,43,90,377,3,9,57
5805,-108,67,90,377,4,11,57
5805,-108,32,90,377,5,9,57
5805,-108,45,90,377,4,8,57
5805,-108,48,90,377,4,9,57
5805,-108,25,90,377,4,9,57
5805,-108,37,90,377,3,8,56
5805,-108,57,90,377,4,8,57
5805,-108,48,90,377,4,10,57
5805,-108,44,90,377,4,9,57
5805,-108,41,90,377,3,10,57
5805,-108,36,90,377,3,12,58
5805,-108,49,90,377,5,7,56
5805,-108,50,90,377,4,10,57
5805,-108,35,90,377,4,9,56
5805,-108,51,90,377,5,9,57
5805,-108,52,90,377,4,10,57
5805,-108,45,90,377,4,9,57
5805,-108,40,89,378,5,9,57
5805,-108,55,90,377,3,9,57
5805,-108,31,90,377,5,9,58
5805,-108,39,90,377,4,8,57
5805,-108,34,90,377,3,8,56
5805,-108,40,90,377,3,9,57
5805,-108,31,90,377,3,10,56
5805,-108,38,90,377,4,9,57
5805,-108,57,90,377,3,12,58
5805,-108,34,90,377,3,10,58
5805,-108,30,90,377,3,9,56
5805,-108,40,90,377,3,9,57
5805,-108,59,90,377,3,9,57
5805,-108,49,90,377,4,9,56
5805,-108,37,90,377,4,9,57
5805,-108,45,90,377,4,8,57
5805,-108,37,90,377,4,10,56
5805,-108,33,90,377,3,10,57
5805,-108,38,90,377,4,9,56
5805,-108,43,90,377,2,9,57
5805,-108,27,90,377,4,9,56
5805,-108,46,90,377,4,8,56
5805,-108,39,89,377,4,9,56
5805,-108,54,90,377,4,9,57
5805,-108,34,90,377,3,10,57
5805,-108,40,90,377,3,8,57
5805,-108,32,90,377,4,10,58
5805,-108,43,90,377,4,9,56
5805,-108,35,90,377,3,9,57
5805,-108,31,90,377,3,9,57
5805,-108,35,90,377,6,8,55
5805,-108,32,90,377,2,9,56
5805,-108,28,90,377,4,11,57
5805,-108,37,90,377,2,8,55
5805,-108,30,90,377,3,11,58
5805,-108,29,90,377,4,8,55
5805,-108,41,90,377,4,10,57
5805,-108,37,90,377,3,9,57
5805,-108,44,90,377,5,10,58
5805,-108,38,90,377,3,9,56
5805,-108,30,90,377,5,10,57
5805,-108,43,90,377,3,10,57
5805,-108,27,90,377,3,8,56
5805,-108,49,90,377,4,10,57
5805,-108,34,90,377,3,9,57
5805,-108,57,90,377,4,10,57
5805,-108,36,90,377,4,9,57
5805,-108,41,90,377,4,10,57
5805,-108,50,90,377,5,10,57
5805,-108,32,90,377,4,9,57
5805,-108,48,90,377,4,9,57
5805,-108,49,90,377,2,10,58
5805,-108,50,90,377,2,9,58
5805,-108,30,90,377,3,11,57
5805,-108,63,90,377,4,8,58
5805,-108,41,90,377,2,10,58
5805,-108,31,90,377,4,8,57
5805,-108,41,90,377,3,9,58
5805,-108,43,90,377,3,8,56
5805,-108,49,90,377,4,10,56
5805,-108,43,90,377,4,8,57
5805,-108,52,90,377,2,10,57
5805,-108,36,90,377,4,8,57
5805,-108,42,90,377,2,11,58
5805,-108,47,90,377,3,10,58
5805,-108,27,90,377,4,9,56
5805,-108,24,90,377,5,9,56
5805,-108,37,90,377,4,9,57
5805,-108,50,90,377,4,9,58
5805,-108,61,90,377,3,11,57
5805,-108,36,90,377,5,9,57
5805,-108,48,90,377,4,9,57
5805,-108,57,90,377,4,10,58
5805,-108,43,90,377,5,11,57
5805,-108,21,89,377,4,10,55
5805,-108,39,90,377,4,9,57
5805,-108,45,90,377,5,13,58
5805,-108,27,90,377,5,9,56
5805,-108,50,90,377,2,10,58
5805,-108,31,90,377,4,10,57
5805,-108,30,90,377,4,10,57
5805,-108,49,90,377,2,10,57
5805,-108,37,90,377,4,10,57
5805,-108,49,90,377,4,9,57
5805,-108,48,90,377,3,8,57
5805,-108,35,90,377,4,10,57
5805,-108,53,90,377,2,8,57
5805,-108,31,90,377,4,9,57
5805,-108,40,90,377,3,8,57
5805,-108,49,90,377,5,9,58
5805,-108,37,90,377,4,10,57
5805,-108,48,90,377,3,8,56
5805,-108,51,90,377,4,10,57
5805,-108,49,90,377,5,10,57
5805,-108,44,89,378,4,7,55
5805,-108,38,90,377,3,9,57
5805,-108,37,89,377,4,9,55
5805,-108,34,90,377,4,9,56
5805,-108,39,90,377,3,10,58
5805,-108,36,90,377,4,11,57
5805,-108,47,90,377,4,10,58
5805,-108,38,90,377,3,7,57
5805,-108,38,90,377,3,8,56
5805,-108,44,90,377,3,10,57
5805,-108,32,90,377,4,10,57
5805,-108,37,90,377,5,10,57
5805,-108,48,90,377,4,8,57
5805,-108,38,90,377,3,9,57
5805,-108,30,89,377,4,9,56
5805,-108,37,90,377,4,11,58
5805,-108,36,90,377,4,10,55
5805,-108,61,90,377,3,9,57
5805,-108,29,90,377,3,10,58
5805,-108,32,90,377,4,11,58
5805,-108,40,90,377,4,13,57
5805,-108,35,90,377,3,11,58
5805,-108,42,90,377,4,8,57
5805,-108,46,90,377,4,9,56
5805,-108,46,90,377,4,9,57
5805,-108,25,90,377,4,9,56
5805,-108,42,90,377,2,9,57
5805,-108,41,90,377,3,9,57
5805,-108,39,90,377,4,10,57
5805,-108,50,90,377,3,10,57
5805,-108,25,90,377,3,10,57
5805,-108,32,90,377,4,10,57
5805,-108,45,90,377,3,9,57
5805,-108,28,90,377,3,8,56
5805,-108,40,90,377,3,9,57
5805,-108,24,90,377,5,8,56
5805,-108,48,90,377,4,11,58
5805,-108,34,90,377,4,9,57
5805,-108,31,90,377,3,11,57
5805,-108,40,90,377,4,9,57
5805,-108,39,90,377,3,8,57
5805,-108,33,90,377,3,9,56
5805,-108,29,90,377,4,9,56
5805,-108,30,90,377,3,9,57
5805,-108,43,90,377,3,9,57
5805,-108,46,90,377,4,9,57
5805,-108,39,90,377,3,8,55
5805,-108,35,90,377,4,10,57
5805,-108,34,90,377,3,9,57
5805,-108,40,90,377,3,11,57
5805,-108,35,90,377,3,9,56
5805,-108,46,90,377,3,9,56
5805,-108,41,90,377,4,10,57
5805,-108,47,90,377,4,10,58
5805,-108,39,90,377,4,9,57
5805,-108,36,90,377,3,10,58
5805,-108,35,90,377,4,9,56
5805,-108,47,90,377,4,9,56
5805,-108,47,90,377,4,9,58
5805,-108,40,90,377,4,11,57
5805,-108,35,90,377,3,8,56
5805,-108,55,90,377,3,10,58
5805,-108,32,90,377,3,7,57
5805,-108,28,90,377,4,9,57
5805,-108,37,90,377,4,8,56
5805,-108,51,90,377,4,8,56
5805,-108,46,90,377,4,10,57
5805,-108,37,90,377,5,10,57
5805,-108,37,90,377,4,11,57
5805,-108,48,90,377,3,9,57
5805,-108,46,90,377,3,9,56
5805,-108,38,90,377,3,10,57
5805,-108,46,90,377,5,8,58
5805,-108,30,90,377,3,11,57
5805,-108,37,90,377,4,9,57
5805,-108,43,90,377,4,11,58
5805,-108,30,90,377,4,9,57
5805,-108,40,90,377,3,10,57
5805,-108,40,90,377,4,10,57
5805,-108,26,90,377,4,11,57
5805,-108,50,90,377,5,10,57
5805,-108,46,90,377,4,11,57
5805,-108,29,90,377,5,9,57
5805,-108,34,90,377,4,11,56
5805,-108,46,90,377,4,9,57
5805,-108,39,90,377,4,11,57
5805,-108,53,90,377,3,10,58
5805,-108,50,90,377,5,10,57
5805,-108,31,90,377,4,8,57
5805,-108,41,90,377,4,10,57
5805,-108,38,90,377,4,9,57
5805,-108,36,90,377,4,9,57
5805,-108,40,90,377,4,10,57
5805,-108,41,90,377,3,9,58
5805,-108,34,90,377,4,10,57
5805,-108,36,90,377,2,10,57
5805,-108,48,90,377,4,7,56
5805,-108,54,90,377,3,10,58
5805,-108,48,90,377,5,9,57
5805,-108,33,90,377,4,9,58
5805,-108,50,90,377,4,9,57
5805,-108,56,90,377,4,9,56
5805,-108,31,90,377,4,9,57
5805,-108,24,90,377,5,8,56
5805,-108,40,90,377,3,8,56
5805,-108,41,90,377,4,9,56
5805,-108,32,90,377,4,9,56
5805,-108,32,90,377,5,10,57
5805,-108,42,90,377,4,11,58
5805,-108,39,90,377,4,9,56
5805,-108,37,90,377,4,12,58
5805,-108,44,90,377,3,10,57
5805,-108,48,90,377,4,9,57
5805,-108,31,90,377,3,9,56
5805,-108,27,89,377,4,9,55
5805,-108,41,90,377,4,11,57
5805,-108,39,90,377,3,10,57
5805,-108,51,90,377,4,12,58
5805,-108,47,90,377,3,8,57
5805,-108,40,90,377,4,10,57
5805,-108,47,90,377,4,9,57
5805,-108,47,90,377,4,10,58
5805,-108,41,89,377,3,9,56
5805,-108,47,90,377,3,9,57
5805,-108,42,90,377,5,9,56
5805,-108,31,90,377,3,8,56
5805,-108,50,90,377,4,8,56
5805,-108,56,90,377,3,9,57
5805,-108,44,90,377,4,10,57
5805,-108,39,90,377,5,10,57
5805,-108,34,90,377,4,8,57
5805,-108,44,90,377,3,10,57
5805,-108,38,90,377,3,7,57
5805,-108,33,90,377,2,8,57
5805,-108,33,90,377,3,10,57
5805,-108,50,90,377,4,11,57
5805,-108,62,90,377,4,8,56
5805,-108,54,90,377,3,11,57
5805,-108,40,90,377,4,9,57
5805,-108,37,90,377,3,9,57
5805,-108,36,90,377,3,9,56
5805,-108,35,90,377,4,10,56
5805,-108,43,90,377,5,12,57
5805,-108,40,90,377,5,11,58
5805,-108,35,90,377,4,9,57
5805,-108,26,90,377,4,9,56
5805,-108,50,90,377,3,9,57
5805,-108,46,90,377,4,7,55
5805,-108,47,90,377,4,8,58
5805,-108,48,90,377,4,10,58
5805,-108,44,90,377,4,9,57
5805,-108,35,90,377,4,11,57
5805,-108,44,90,377,3,8,57
5805,-108,33,90,377,5,10,57
5805,-108,29,90,377,4,9,56
5805,-108,39,90,377,4,8,57
5805,-108,42,90,377,4,10,57
5805,-108,54,90,377,3,9,58
5805,-108,48,90,377,5,10,57
5805,-108,32,90,377,3,9,57
5805,-108,28,90,377,4,10,58
5805,-108,37,90,377,4,11,59
5805,-108,31,90,377,3,10,57
5805,-108,39,90,377,4,10,57
5805,-108,38,90,377,3,8,57
5805,-108,44,90,377,3,9,57
5805,-108,45,90,377,4,10,58
5805,-108,37,90,377,3,8,56
5805,-108,27,90,377,4,11,57
5805,-108,62,90,377,4,9,57
5805,-108,45,90,377,2,9,57
5805,-108,32,90,377,4,10,58
5805,-108,41,90,377,2,9,57
5805,-108,31,90,377,5,8,57
5805,-108,29,90,377,4,10,57
5805,-108,55,90,377,2,10,58
5805,-108,34,90,377,3,10,57
5805,-108,51,90,377,3,9,57
5805,-108,42,90,377,4,8,57
5805,-108,40,90,377,4,10,57
5805,-108,41,90,377,5,9,57
5805,-108,45,90,377,3,10,58
5805,-108,34,90,377,4,10,57
5805,-108,43,90,377,3,9,57
5805,-108,46,90,377,5,9,57
5805,-108,31,90,377,2,11,57
5805,-108,60,90,377,3,8,55
5805,-108,41,90,377,4,9,57
5805,-108,34,90,377,5,10,58
5805,-108,50,90,377,2,9,56
5805,-108,35,90,377,6,10,56
5805,-108,32,90,377,4,8,57
5805,-108,47,90,377,3,9,57
5805,-108,40,90,377,5,9,57
5805,-108,32,90,377,4,11,57
5805,-108,38,90,377,3,8,57
5805,-108,38,90,377,4,8,57
5805,-108,34,90,377,4,9,56
5805,-108,38,90,377,5,10,57
5805,-108,35,90,377,2,8,56
5805,-108,35,90,377,3,9,57
5805,-108,51,90,377,4,9,58
5805,-108,49,90,377,2,11,58
5805,-108,35,90,377,4,10,57
5805,-108,41,90,377,4,9,57
5805,-108,53,90,377,4,9,57
5805,-108,32,90,377,4,8,57
5805,-108,36,89,377,4,8,56
5805,-108,42,90,377,3,9,56
5805,-108,30,90,377,4,9,57
5805,-108,30,90,377,4,11,57
5805,-108,41,90,377,3,10,58
5805,-108,35,90,377,3,9,57
5805,-108,34,90,377,3,9,57
5805,-108,35,90,377,4,8,56
5805,-108,31,90,377,3,8,56
5805,-108,34,90,377,4,12,58
5805,-108,44,90,377,4,9,57
5805,-108,46,90,377,4,10,57
5805,-108,39,90,377,4,10,57
5805,-108,53,90,377,4,9,57
5805,-108,38,90,377,4,10,57
5805,-108,39,90,377,3,10,57
5805,-108,44,90,377,4,10,57
5805,-108,37,90,377,4,9,57
5805,-108,37,90,377,4,9,56
5805,-108,43,90,377,3,9,56
5805,-108,33,90,377,3,10,58
5805,-108,38,90,377,3,8,56
5805,-108,43,90,377,4,10,57
5805,-108,43,90,377,3,11,57
5805,-108,32,90,377,3,11,57
5805,-108,37,90,377,2,11,57
5805,-108,60,90,377,3,10,57
5805,-108,42,90,377,4,8,57
5805,-108,34,90,377,3,10,57
5805,-108,32,90,377,4,8,55
5805,-108,31,90,377,5,8,57
5805,-108,31,90,377,4,10,58
5805,-108,35,90,377,4,9,57
5805,-108,38,90,377,4,10,57
5805,-108,50,90,377,4,8,56
5805,-108,37,90,377,3,11,57
5805,-108,32,90,377,4,10,57
5805,-108,42,90,377,3,11,57
5805,-108,56,90,377,4,11,57
5805,-108,41,90,377,4,10,57
5805,-108,43,90,377,4,9,57
5805,-108,31,90,377,4,10,58
5805,-108,32,90,377,2,10,57
5805,-108,56,90,377,3,11,57
5805,-108,38,90,377,4,10,57
5805,-108,52,90,377,3,9,57
5805,-108,51,90,377,3,10,56
5805,-108,45,90,377,2,10,58
5805,-108,39,90,377,4,10,57
5805,-108,47,90,377,4,9,57
5805,-108,53,90,377,2,8,57
5805,-108,33,90,377,3,9,57
5805,-108,34,90,377,4,9,57
5805,-108,40,90,377,4,8,57
5805,-108,34,90,377,4,9,56
5805,-108,36,90,377,3,10,57
5805,-108,37,90,377,3,10,57
5805,-108,36,90,377,3,10,57
5805,-108,45,90,377,4,11,57
5805,-108,35,90,377,4,9,57
5805,-108,49,90,377,3,9,57
5805,-108,33,90,377,3,11,57
5805,-108,40,90,377,5,11,57
5805,-108,42,90,377,3,9,56
5805,-108,49,90,377,3,10,58
5805,-108,31,90,377,4,8,57
5805,-108,31,90,377,4,7,56
5805,-108,36,90,377,4,10,57
5805,-108,26,90,377,4,9,56
5805,-108,34,90,377,4,11,59
5805,-108,43,90,377,5,8,56
5805,-108,39,90,377,2,10,57
5805,-108,30,90,377,4,9,57
5805,-108,36,90,377,3,10,57
5805,-108,39,90,377,4,9,57
5805,-108,38,90,377,4,9,56
5805,-108,55,90,377,4,9,56
5805,-108,41,90,377,3,11,59
5805,-108,44,90,377,4,9,57
5805,-108,36,90,377,3,9,57
5805,-108,36,90,377,3,10,57
5805,-108,30,90,377,3,8,56
5805,-108,47,89,377,5,9,55
5805,-108,53,90,377,4,8,57
5805,-108,35,90,377,3,10,57
5805,-108,35,90,377,4,10,57
5805,-108,49,90,377,5,10,57
5805,-108,35,90,377,4,9,57
5805,-108,31,90,377,4,8,56
5805,-108,35,90,377,4,9,57
5805,-108,41,90,377,3,10,57
5805,-108,27,90,377,3,10,57
5805,-108,36,90,377,4,11,58
5805,-108,42,90,377,3,10,56
5805,-108,38,90,377,3,9,57
5805,-108,34,90,377,4,9,57
5805,-108,30,90,377,4,9,56
5805,-108,40,90,377,4,8,55
5805,-108,34,90,377,5,8,56
5805,-108,38,90,377,3,7,56
5805,-108,41,90,377,5,9,56
5805,-108,33,90,377,5,10,57
5805,-108,35,90,377,4,9,57
5805,-108,35,90,377,3,9,57
5805,-108,33,90,377,5,11,57
5805,-108,66,90,377,3,10,57
5805,-108,53,90,377,2,8,56
5805,-108,45,90,377,3,7,56
5805,-108,36,90,377,3,7,57
5805,-108,37,90,377,3,8,55
5805,-108,35,90,377,2,9,57
5805,-108,49,90,377,4,8,57
5805,-108,36,90,377,3,10,57
5805,-108,38,90,377,3,11,57
5805,-108,30,90,377,4,9,56
5805,-108,42,90,377,3,11,58
5805,-108,31,90,377,5,9,56
5805,-108,34,90,377,4,10,57
5805,-108,41,90,377,3,11,57
5805,-108,38,90,377,3,9,57
5805,-108,45,90,377,3,9,57
5805,-108,40,90,377,5,9,57
5805,-108,55,90,377,4,9,57
5805,-108,41,90,377,3,10,57
5805,-108,42,90,377,4,10,58
5805,-108,45,90,377,3,9,57
5805,-108,44,90,377,4,10,57
5805,-108,33,90,377,2,8,56
5805,-108,53,90,377,4,10,58
5805,-108,31,90,377,4,10,57
5805,-108,42,90,377,4,8,57
5805,-108,34,90,377,4,11,58
5805,-108,44,90,377,4,9,57
5805,-108,36,90,377,3,10,57
5805,-108,28,90,377,3,8,56
5805,-108,33,90,377,3,10,58
5805,-108,42,90,377,4,9,57
5805,-108,40,90,377,3,9,57
5805,-108,44,90,377,4,8,57
5805,-108,30,90,377,3,9,56
5805,-108,30,90,377,3,9,57
5805,-108,60,90,377,4,10,57
5805,-108,58,90,377,4,11,58
5805,-108,42,90,377,2,10,56
5805,-108,47,90,377,3,11,57
5805,-108,51,90,377,3,7,56
5805,-108,39,90,377,4,10,57
5805,-108,61,90,377,4,11,58
5805,-108,57,90,377,4,11,58
5805,-108,48,90,377,5,8,56
5805,-108,34,90,377,4,9,57
5805,-108,42,90,377,3,9,56
5805,-108,39,90,377,4,8,56
5805,-108,44,90,377,4,8,56
5805,-108,32,90,377,3,11,57
5805,-108,47,90,377,3,8,57
5805,-108,35,90,377,4,10,56
5805,-108,38,90,377,4,9,58
5805,-108,35,90,377,3,9,57
5805,-108,52,90,377,4,8,57
5805,-108,49,90,377,3,9,58
5805,-108,42,90,377,3,11,57
5805,-108,41,90,377,3,10,58
5805,-108,38,90,377,4,9,57
5805,-108,49,90,377,3,10,57
5805,-108,40,90,377,4,8,57
5805,-108,53,90,377,3,12,58
5805,-108,40,90,377,3,8,57
5805,-108,40,90,377,3,10,57
5805,-108,38,90,377,4,9,57
5805,-108,50,90,377,2,10,57
5805,-108,38,90,377,4,11,58
5805,-108,38,90,377,5,8,56
5805,-108,49,90,377,2,11,57
5805,-108,37,90,377,3,9,56
5805,-108,43,90,377,5,9,57
5805,-108,52,90,377,4,10,57
5805,-108,49,90,377,4,10,57
5805,-108,43,90,377,4,10,57
5805,-108,34,90,377,4,11,57
5805,-108,47,90,377,5,9,57
5805,-108,29,90,377,3,10,58
5805,-108,32,90,377,3,11,58
5805,-108,51,90,377,4,10,57
5805,-108,31,90,377,4,9,56
5805,-108,35,90,377,5,7,56
5805,-108,28,90,377,4,9,57
5805,-108,51,90,377,5,12,58
5805,-108,34,90,377,4,9,57
5805,-108,42,90,377,4,8,56
5805,-108,35,90,377,4,10,57
5805,-108,43,90,377,4,8,56
5805,-108,51,90,377,4,10,58
5805,-108,40,90,377,4,11,57
5805,-108,41,90,377,3,9,57
5805,-108,47,90,377,5,12,58
5805,-108,41,90,377,4,11,58
5805,-108,53,90,377,3,10,57
5805,-108,40,90,377,3,10,57
5805,-108,31,90,377,5,9,57
5805,-108,39,90,377,4,8,56
5805,-108,52,90,377,3,10,57
5805,-108,43,90,377,4,9,57
5805,-108,49,90,377,2,11,57
5805,-108,45,90,377,5,8,57
5805,-108,34,90,377,3,9,57
5805,-108,40,90,377,2,10,58
5805,-108,29,90,377,3,9,56
5805,-108,47,90,377,4,8,57
5805,-108,32,90,377,3,9,57
5805,-108,42,90,377,4,10,57
5805,-108,38,90,377,4,10,57
5805,-108,43,90,377,3,10,58
5805,-108,42,90,377,3,8,57
5805,-108,46,90,377,3,9,56
5805,-108,42,90,377,4,12,57
5805,-108,42,90,377,5,10,58
5805,-108,36,90,377,4,11,57
5805,-108,61,90,377,3,9,57
5805,-108,49,90,377,5,10,57
5805,-108,36,90,377,4,9,57
5805,-108,47,90,377,4,10,57
5805,-108,38,90,377,2,8,56
5805,-108,61,90,377,3,8,56
5805,-108,37,90,377,2,9,57
5805,-108,36,90,377,4,12,58
5805,-108,52,90,377,4,10,58
5805,-108,31,90,377,2,10,57
5805,-108,35,90,377,3,9,57
5805,-108,39,90,377,2,8,56
5805,-108,30,90,377,2,9,57
5805,-108,57,90,377,4,8,57
5805,-108,49,90,377,4,11,57
5805,-108,29,90,377,4,8,56
5805,-108,46,90,377,4,9,57
5805,-108,34,90,377,4,10,56
5805,-108,38,90,377,3,10,57
5805,-108,52,90,377,3,9,57
5805,-108,40,90,377,4,11,58
5805,-108,36,90,377,4,10,58
5805,-108,22,90,377,4,9,56
5805,-108,34,90,377,1,8,57
5805,-108,29,90,377,3,10,57
5805,-108,46,90,377,3,11,57
5805,-108,48,90,377,3,9,58
5805,-108,37,90,377,4,9,57
5805,-108,37,90,377,5,9,58
5805,-108,35,90,377,4,8,56
5805,-108,30,90,377,4,8,56
5805,-108,39,90,377,4,8,56
5805,-108,36,90,377,4,8,56
5805,-108,28,90,377,4,10,57
5805,-108,46,90,377,3,8,56
5805,-108,44,90,377,4,10,57
5805,-108,43,90,377,4,10,56
5805,-108,44,90,377,4,9,57
5805,-108,45,90,377,3,11,57
5805,-108,27,90,377,3,9,57
5805,-108,44,90,377,4,9,57
5805,-108,53,90,377,3,9,58
5805,-108,45,90,377,4,10,58
5805,-108,37,89,377,4,8,55
5805,-108,42,90,377,2,11,57
5805,-108,31,90,377,4,9,56
5805,-108,33,90,377,4,9,57
5805,-108,42,90,377,3,10,57
5805,-108,36,90,377,4,8,56
5805,-108,58,90,377,4,10,57
5805,-108,27,90,377,4,10,57
5805,-108,52,90,377,4,10,58
5805,-108,40,90,377,2,9,57
5805,-108,41,90,377,2,11,57
5805,-108,49,90,377,3,9,56
5805,-108,50,90,377,4,9,57
5805,-108,48,90,377,4,10,57
5805,-108,35,90,377,4,9,57
5805,-108,28,90,377,3,8,56
5805,-108,35,90,377,4,9,57
5805,-108,39,90,377,3,10,57
5805,-108,47,90,377,4,11,58
5805,-108,29,90,377,4,9,57
5805,-108,50,90,377,3,10,57
5805,-108,48,90,377,3,9,57
5805,-108,45,90,377,4,10,58
5805,-108,34,90,377,4,11,57
5805,-108,51,90,377,3,9,57
5805,-108,46,90,377,3,9,57
5805,-108,56,90,377,2,10,57
5805,-108,24,90,377,3,8,57
5805,-108,35,90,377,4,9,57
5805,-108,35,90,377,3,8,56
5805,-108,40,90,377,4,9,57
5805,-108,32,90,377,3,9,57
5805,-108,36,90,377,4,9,57
5805,-108,25,90,377,4,9,57
5805,-108,48,90,377,3,10,57
5805,-108,42,90,377,4,8,56
5805,-108,32,90,377,2,8,56
5805,-108,34,90,377,2,8,56
5805,-108,35,90,377,5,8,56
5805,-108,33,90,377,4,8,57
5805,-108,34,90,377,2,9,57
5805,-108,31,90,377,4,7,55
5805,-108,46,90,377,4,11,57
5805,-108,53,90,377,3,9,57
5805,-108,32,90,377,5,9,56
5805,-108,41,90,377,4,9,57
5805,-108,35,90,377,3,8,56
5805,-108,36,90,377,4,10,57
5805,-108,40,90,377,4,9,57
5805,-108,42,90,377,3,12,58
5805,-108,31,90,377,4,10,57
5805,-108,32,90,377,3,9,57
5805,-108,42,90,377,3,9,56
5805,-108,37,90,377,3,10,57
5805,-108,25,90,377,2,10,57
5805,-108,37,90,377,3,9,57
5805,-108,37,90,377,4,9,57
5805,-108,30,90,377,4,9,57
5805,-108,34,90,377,4,9,57
5805,-108,43,90,377,3,10,57
5805,-108,33,90,377,2,10,57
5805,-108,32,90,377,3,8,56
5805,-108,30,90,377,4,10,58
5805,-108,32,90,377,3,10,56
5805,-108,35,90,377,3,9,57
5805,-108,52,90,377,4,10,57
5805,-108,47,90,377,4,9,57
5805,-108,36,90,377,4,9,57
5805,-108,36,90,377,3,9,57
5805,-108,39,90,377,4,10,57
5805,-108,40,90,377,4,11,57
5805,-108,50,90,377,4,9,56
5805,-108,42,90,377,4,9,57
5805,-108,47,90,377,4,8,57
5805,-108,39,90,377,4,9,57
5805,-108,31,90,377,2,9,57
5805,-108,31,90,377,5,10,56
5805,-108,46,90,377,4,9,57
5805,-108,36,90,377,3,11,57
5805,-108,34,90,377,3,9,57
5805,-108,47,90,377,4,10,57
5805,-108,39,90,377,3,9,57
5805,-108,42,90,377,4,10,57
5805,-108,31,90,377,3,10,57
5805,-108,50,90,377,3,10,57
5805,-108,34,90,377,2,9,56
5805,-108,34,90,377,3,8,56
5805,-108,31,90,377,4,7,57
5805,-108,30,90,377,3,10,57
5805,-108,30,90,377,3,8,57
5805,-108,44,90,377,3,10,57
5805,-108,32,90,377,5,10,57
5805,-108,50,90,377,4,8,55
5805,-108,32,90,377,3,11,57
5805,-108,38,90,377,4,9,57
5805,-108,35,90,377,3,10,56
5805,-108,51,90,377,3,8,56
5805,-108,52,90,377,4,9,57
5805,-108,32,90,377,2,10,57
5805,-108,45,90,377,5,9,56
5805,-108,45,90,377,3,8,58
5805,-108,31,90,377,3,8,57
5805,-108,48,90,377,4,9,58
5805,-108,42,90,377,2,10,58
5805,-108,28,90,377,3,9,56
5805,-108,27,90,377,4,9,57
5805,-108,56,90,377,4,9,57
5805,-108,33,90,377,4,11,57
5805,-108,45,90,377,3,8,57
5805,-108,40,90,377,4,9,57
5805,-108,40,90,377,4,10,57
5805,-108,30,90,377,3,10,56
5805,-108,50,90,377,4,8,57
5805,-108,56,90,377,4,9,57
5805,-108,54,90,377,3,9,57
5805,-108,26,90,377,4,9,57
5805,-108,34,90,377,4,9,55
5805,-108,50,90,377,5,10,58
5805,-108,27,90,377,4,9,56
5805,-108,39,90,377,3,8,56
5805,-108,35,90,377,4,8,57
5805,-108,30,90,377,2,10,57
5805,-108,32,90,377,2,10,57
5805,-108,44,90,377,5,9,57
5805,-108,43,90,377,3,10,57
5805,-108,37,90,377,4,9,56
5805,-108,38,90,377,3,9,57
5805,-108,41,90,377,4,9,57
5805,-108,58,90,377,4,9,57
5805,-108,44,90,377,3,9,57
5805,-108,40,90,377,2,10,57
5805,-108,41,90,377,3,9,56
5805,-108,38,90,377,5,8,57
5805,-108,33,90,377,3,9,56
5805,-108,30,90,377,3,11,57
5805,-108,34,90,377,4,9,57
5805,-108,41,90,377,4,9,57
5805,-108,32,90,377,3,9,56
5805,-108,39,90,377,3,10,57
5805,-108,28,90,377,3,10,57
5805,-108,34,90,377,4,8,57
5805,-108,35,90,377,4,9,57
5805,-108,41,90,377,4,8,56
5805,-108,39,90,377,5,10,58
5805,-108,31,90,377,2,8,57
5805,-108,49,90,377,5,9,57
5805,-108,45,90,377,4,9,57
5805,-108,39,90,377,4,10,57
5805,-108,49,90,377,5,10,57
5805,-108,35,90,377,4,9,57
5805,-108,47,90,377,4,9,57
5805,-108,39,90,377,2,10,57
5805,-108,34,90,377,4,9,57
5805,-108,30,90,377,5,12,57
5805,-108,28,90,377,3,9,57
5805,-108,44,90,377,4,9,57
5805,-108,33,90,377,3,7,56
5805,-108,31,90,377,3,10,57
5805,-108,38,90,377,4,10,58
5805,-108,54,90,377,4,9,57
5805,-108,55,90,377,4,9,57
5805,-108,25,90,377,3,10,57
5805,-108,43,90,377,4,10,57
5805,-108,31,90,377,4,10,57
5805,-108,35,90,377,3,9,56
5805,-108,29,90,377,4,9,57
5805,-108,44,90,377,4,9,57
5805,-108,29,90,377,3,9,57
5805,-108,33,90,377,3,9,57
5805,-108,31,90,377,4,12,58
5805,-108,47,90,377,5,9,57
5805,-108,35,90,377,4,8,56
5805,-108,47,90,377,3,9,58
5805,-108,38,90,377,4,10,56
5805,-108,44,90,377,4,10,57
5805,-108,28,90,377,3,9,57
5805,-108,32,90,377,5,9,56
5805,-108,45,90,377,3,10,57
5805,-108,45,90,377,4,9,57
5805,-108,32,90,377,2,9,57
5805,-108,41,90,377,4,11,57
5805,-108,58,90,377,3,9,57
5805,-108,62,90,377,4,10,58
5805,-108,49,90,377,3,11,57
5805,-108,40,90,377,4,10,57
5805,-108,48,90,377,4,10,57
5805,-108,40,90,377,4,8,57
5805,-108,43,90,377,4,11,57
5805,-108,42,90,377,4,9,57
5805,-108,31,90,377,5,8,56
5805,-108,56,90,377,3,12,58
5805,-108,53,90,377,4,9,57
5805,-108,47,90,377,3,10,57
5805,-108,42,90,377,4,12,59
5805,-108,46,90,377,5,10,57
5805,-108,41,90,377,2,9,57
5805,-108,48,90,377,4,8,57
5805,-108,43,90,377,5,9,58
5805,-108,30,90,377,3,10,57
5805,-108,35,90,377,5,9,56
5805,-108,44,90,377,3,10,56
5805,-108,37,90,377,3,9,57
5805,-108,33,90,377,2,8,57
5805,-108,23,89,377,5,8,56
5805,-108,48,90,377,4,10,58
5805,-108,36,89,377,5,10,55
5805,-108,53,90,377,4,9,57
5805,-108,48,90,377,4,10,57
5805,-108,26,90,377,3,10,56
5805,-108,47,90,377,4,10,57
5805,-108,55,90,377,3,9,58
5805,-108,37,90,377,4,10,57
5805,-108,36,90,377,3,11,57
5805,-108,41,90,377,3,9,58
5805,-108,33,90,377,3,9,57
5805,-108,47,90,377,3,10,57
5805,-108,38,90,377,3,10,57
5805,-108,41,90,377,4,9,57
5805,-108,39,90,377,3,11,58
5805,-108,46,90,377,3,11,58
5805,-108,34,90,377,4,10,58
5805,-108,39,90,377,4,9,57
5805,-108,31,90,377,5,9,57
5805,-108,28,90,377,4,9,56
5805,-108,26,90,377,4,10,57
5805,-108,42,90,377,3,10,58
5805,-108,27,90,377,4,7,56
5805,-108,42,90,377,3,11,58
5805,-108,34,90,377,3,10,57
5805,-108,31,90,377,5,10,57
5805,-108,34,90,377,5,10,57
5805,-108,41,90,377,3,9,56
5805,-108,38,90,377,3,9,56
5805,-108,49,90,377,4,9,57
5805,-108,42,90,377,3,8,56
5805,-108,36,90,377,4,10,57
5805,-108,45,90,377,3,9,57
5805,-108,27,90,377,3,8,56
5805,-108,26,90,377,3,8,57
5805,-108,34,90,377,4,8,56
5805,-108,44,90,377,3,9,57
5805,-108,36,90,377,5,10,58
5805,-108,32,90,377,3,10,57
5805,-108,32,90,377,3,10,57
5805,-108,36,90,377,4,10,57
5805,-108,43,90,377,3,9,57
5805,-108,39,90,377,4,7,57
5805,-108,63,90,377,3,10,57
5805,-108,34,90,377,3,11,57
5805,-108,31,90,377,4,8,56
5805,-108,28,90,377,3,10,57
5805,-108,32,90,377,3,8,56
5805,-108,48,90,377,4,10,56
5805,-108,32,90,377,4,8,57
5805,-108,42,90,377,3,10,58
5805,-108,44,90,377,4,11,57
5805,-108,32,90,377,3,10,57
5805,-108,35,90,377,3,8,56
5805,-108,36,90,377,2,11,57
5805,-108,43,90,377,4,9,57
5805,-108,55,90,377,3,11,57
5805,-108,36,90,377,4,9,57
5805,-108,31,90,377,4,11,57
5805,-108,29,90,377,4,9,56
5805,-108,43,90,377,4,9,56
5805,-108,32,90,377,3,9,57
5805,-108,44,90,377,4,7,56
5805,-108,47,90,377,3,11,57
5805,-108,27,90,377,4,9,57
5805,-108,41,90,377,4,11,57
5805,-108,44,90,377,4,10,58
5805,-108,34,90,377,4,11,58
5805,-108,57,90,377,3,8,57
5805,-108,47,90,377,3,9,57
5805,-108,36,90,377,4,8,56
5805,-108,48,90,377,5,9,57
5805,-108,36,90,377,4,11,57
5805,-108,36,90,377,3,9,57
5805,-108,36,90,377,4,9,57
5805,-108,36,90,377,3,9,57
5805,-108,55,90,377,2,10,57
5805,-108,44,90,377,4,9,57
5805,-108,46,90,377,4,9,57
5805,-108,48,90,377,3,11,57
5805,-108,51,90,377,5,8,56
5805,-108,38,90,377,4,9,56
5805,-108,35,90,377,4,10,57
5805,-108,31,90,377,3,10,57
5805,-108,36,90,377,1,9,57
5805,-108,38,90,377,5,8,56
5805,-108,44,90,377,4,10,58
5805,-108,46,90,377,3,10,57
5805,-108,45,90,377,4,8,56
5805,-108,54,90,377,3,10,57
5805,-108,51,90,377,4,9,57
5805,-108,42,90,377,4,8,57
5805,-108,40,90,377,3,9,57
5805,-108,52,90,377,3,8,56
5805,-108,41,90,377,3,10,56
5805,-108,33,90,377,5,9,57
5805,-108,31,90,377,2,8,55
5805,-108,42,90,377,2,10,57
5805,-108,35,90,377,4,9,57
5805,-108,41,90,377,4,9,57
5805,-108,39,90,377,4,10,57
5805,-108,54,90,377,4,11,57
5805,-108,46,90,377,4,8,57
5805,-108,33,90,377,3,10,58
5805,-108,43,90,377,3,8,57
5805,-108,46,90,377,3,11,57
5805,-108,39,89,377,6,9,56
5805,-108,47,90,377,3,9,57
5805,-108,46,90,377,3,9,57
5805,-108,26,90,377,3,8,56
5805,-108,41,90,377,3,9,57
5805,-108,36,90,377,3,10,57
5805,-108,37,90,377,3,10,57
5805,-108,38,90,377,4,9,56
5805,-108,45,90,377,3,10,57
5805,-108,38,90,377,3,10,57
5805,-108,32,90,377,3,8,56
5805,-108,32,90,377,3,10,57
5805,-108,28,90,377,3,10,57
5805,-108,36,90,377,3,9,57
5805,-108,28,90,377,2,8,57
5805,-108,46,90,377,3,9,57
5805,-108,33,90,377,3,10,57
5805,-108,32,90,377,3,11,58
5805,-108,45,90,377,3,9,57
5805,-108,37,90,377,3,10,57
5805,-108,39,90,377,4,10,57
5805,-108,27,90,377,2,9,57
5805,-108,45,90,377,4,8,56
5805,-108,35,90,377,4,11,57
5805,-108,37,90,377,3,9,57
5805,-108,26,90,377,4,8,56
5805,-108,38,90,377,4,8,56
5805,-108,44,90,377,2,10,57
5805,-108,20,90,377,5,7,55
5805,-108,37,90,377,3,10,57
5805,-108,41,90,377,3,8,56
5805,-108,46,90,377,3,9,57
5805,-108,40,90,377,5,10,57
5805,-108,41,90,377,3,9,57
5805,-108,31,90,377,3,9,57
5805,-108,50,90,377,4,8,57
5805,-108,44,90,377,3,10,57
5805,-108,48,90,377,5,10,57
5805,-108,31,90,377,2,10,57
5805,-108,29,90,377,5,10,56
5805,-108,34,90,377,3,9,57
5805,-108,53,90,377,4,8,57
5805,-108,26,90,377,4,9,57
5805,-108,40,90,377,5,9,57
5805,-108,32,90,377,4,7,56
5805,-108,26,90,377,5,10,57
5805,-108,45,90,377,4,9,56
5805,-108,58,90,377,4,9,57
5805,-108,55,90,377,4,10,57
5805,-108,34,90,377,4,9,58
5805,-108,32,90,377,3,10,57
5805,-108,34,90,377,4,9,56
5805,-108,37,90,377,5,9,55
5805,-108,41,90,377,2,9,56
5805,-108,52,90,377,3,9,56
5805,-108,51,90,377,4,10,57
5805,-108,40,90,377,4,10,57
5805,-108,49,90,377,3,10,57
5805,-108,44,90,377,3,8,56
5805,-108,41,90,377,4,8,57
5805,-108,27,90,377,2,10,57
5805,-108,32,90,377,4,11,57
5805,-108,40,90,377,4,9,55
5805,-108,36,90,377,3,9,57
5805,-108,29,90,377,3,8,56
5805,-108,39,90,377,4,8,56
5805,-108,31,90,377,5,10,57
5805,-108,44,90,377,3,8,57
5805,-108,30,90,377,3,9,57
5805,-108,37,90,377,4,9,57
5805,-108,47,90,377,4,8,57
5805,-108,23,90,377,3,7,54
5805,-108,37,90,377,4,9,57
5805,-108,37,90,377,4,11,58
5805,-108,29,90,377,3,8,57
5805,-108,27,90,377,5,9,56
5805,-108,36,90,377,5,10,57
5805,-108,44,90,377,4,11,57
5805,-108,40,90,377,3,9,57
5805,-108,37,90,377,3,10,57
5805,-108,47,90,377,4,10,57
5805,-108,42,90,377,5,10,57
5805,-108,46,90,377,4,11,57
5805,-108,48,90,377,4,10,57
5805,-108,39,90,377,5,8,57
5805,-108,38,90,377,4,9,56
5805,-108,49,90,377,3,7,56
5805,-108,49,90,377,3,9,57
5805,-108,33,90,377,3,11,58
5805,-108,57,90,377,2,10,57
5805,-108,37,90,377,3,11,57
5805,-108,48,90,377,4,10,56
5805,-108,49,90,377,3,9,57
5805,-108,33,90,377,3,9,56
5805,-108,50,90,377,4,8,56
5805,-108,34,90,377,4,10,57
5805,-108,26,90,377,3,8,56
5805,-108,37,90,377,3,8,56
5805,-108,30,90,377,3,10,57
5805,-108,45,90,377,4,9,57
5805,-108,31,90,377,5,9,56
5805,-108,50,90,377,4,9,57
5805,-108,33,90,377,4,10,58
5805,-108,38,90,377,3,9,57
5805,-108,35,90,377,3,9,57
5805,-108,27,90,377,5,11,57
5805,-108,37,90,377,3,9,56
5805,-108,26,90,377,4,10,57
5805,-108,28,90,377,4,10,57
5805,-108,40,90,377,3,10,57
5805,-108,32,90,377,3,9,57
5805,-108,42,90,377,5,10,57
5805,-108,30,90,377,4,11,57
5805,-108,32,90,377,2,11,57
5805,-108,50,87,380,5,10,55
5805,-108,37,87,380,4,9,55
5805,-108,32,87,380,4,9,53
5805,-108,38,87,380,4,9,55
5805,-108,44,87,380,3,10,55
5805,-108,31,87,380,4,11,55
5805,-108,45,87,380,4,11,54
5805,-108,27,87,380,5,10,54
5805,-108,33,87,380,4,8,55
5805,-108,25,87,380,5,10,55
5805,-108,25,87,380,3,9,55
5805,-108,33,87,380,5,10,55
5805,-108,36,87,380,4,10,55
5805,-108,48,87,380,5,10,56
5805,-108,29,87,380,5,9,55
5805,-108,48,87,380,5,9,56
5805,-108,39,87,380,5,9,54
5805,-108,41,87,380,5,10,55
5805,-108,40,87,380,3,10,55
5805,-108,33,87,380,3,10,55
5805,-108,39,87,380,4,9,56
5805,-108,37,87,380,4,10,55
5805,-108,41,87,380,4,9,55
5805,-108,42,87,380,5,7,54
5805,-108,42,87,380,3,8,54
5805,-108,42,87,380,4,8,53
5805,-108,34,87,380,3,9,55
5805,-108,38,87,380,5,8,55
5805,-108,39,87,380,5,9,55
5805,-108,38,87,380,5,9,55
5805,-108,35,87,380,3,8,54
5805,-108,38,87,380,5,10,56
5805,-108,43,87,380,4,9,56
5805,-108,34,87,380,4,8,55
5805,-108,53,87,380,3,8,54
5805,-108,35,87,380,5,8,55
5805,-108,41,87,380,6,7,54
5805,-108,35,87,380,5,10,56
5805,-108,25,87,380,4,10,55
5805,-108,32,87,380,4,9,54
5805,-108,35,87,380,4,9,55
5805,-108,46,87,380,4,9,54
5805,-108,36,87,380,4,10,55
5805,-108,44,87,380,5,10,56
5805,-108,33,87,380,4,9,55
5805,-108,32,87,380,2,8,55
5805,-108,47,87,380,4,9,55
5805,-108,34,87,380,3,10,55
5805,-108,39,87,380,3,10,56
5805,-108,39,87,380,3,10,55
5805,-108,31,87,380,5,10,55
5805,-108,49,87,380,4,9,54
5805,-108,38,87,380,4,9,55
5805,-108,39,87,380,6,9,55
5805,-108,43,87,380,4,8,55
5805,-108,35,87,380,3,10,55
5805,-108,29,87,380,4,9,54
5805,-108,41,87,380,4,9,55
5805,-108,41,87,380,5,8,54
5805,-108,28,87,380,5,9,54
5805,-108,35,87,380,4,9,54
5805,-108,39,87,380,4,8,54
5805,-108,45,87,380,5,10,56
5805,-108,51,87,380,3,8,55
5805,-108,39,87,380,4,9,55
5805,-108,26,87,380,4,8,54
5805,-108,26,87,380,3,10,55
5805,-108,31,87,380,5,11,55
5805,-108,32,87,380,3,9,55
5805,-108,46,87,380,3,8,54
5805,-108,35,87,380,4,9,54
5805,-108,33,87,380,4,9,54
5805,-108,47,87,380,4,7,55
5805,-108,38,87,380,5,9,55
5805,-108,23,87,380,4,11,55
5805,-108,43,87,380,5,10,55
5805,-108,42,87,380,3,10,54
5805,-108,37,87,380,4,9,54
5805,-108,26,87,380,4,9,55
5805,-108,44,87,380,5,9,55
5805,-108,41,87,380,5,9,54
5805,-108,48,87,380,5,10,55
5805,-108,45,87,380,4,9,54
5805,-108,38,87,380,3,11,56
5805,-108,44,87,380,4,10,55
5805,-108,31,87,380,3,10,54
5805,-108,41,87,380,4,10,55
5805,-108,34,87,380,5,7,55
5805,-108,35,87,380,2,8,54
5805,-108,44,87,380,5,9,55
5805,-108,35,87,380,4,10,54
5805,-108,39,87,380,4,9,55
5805,-108,47,87,380,4,10,55
5805,-108,44,87,380,4,11,56
5805,-108,40,87,380,4,12,55
5805,-108,38,87,380,4,9,55
5805,-108,34,87,380,4,8,54
5805,-108,42,87,380,3,9,56
5805,-108,30,87,380,3,9,54
5805,-108,30,87,380,5,10,55
5805,-108,32,87,380,3,10,56
5805,-108,39,87,380,4,10,54
5805,-108,31,87,380,4,11,56
5805,-108,38,87,380,4,10,56
5805,-108,49,87,380,4,12,56
5805,-108,46,87,380,4,7,54
5805,-108,50,87,380,3,11,55
5805,-108,54,87,380,4,8,55
5805,-108,44,87,380,3,9,54
5805,-108,55,87,380,4,10,56
5805,-108,41,87,380,4,10,54
5805,-108,54,87,380,5,8,54
5805,-108,46,87,380,3,12,56
5805,-108,48,87,380,5,10,55
5805,-108,40,87,380,2,10,54
5805,-108,35,87,380,5,11,56
5805,-108,44,87,380,5,10,56
5805,-108,52,87,380,3,9,55
5805,-108,36,87,380,5,9,56
5805,-108,47,87,380,3,10,55
5805,-108,42,87,380,4,10,54
5805,-108,46,87,380,4,10,56
5805,-108,45,87,380,2,8,55
5805,-108,47,87,380,4,9,55
5805,-108,48,87,380,3,9,55
5805,-108,33,87,380,4,11,54
5805,-108,48,87,380,5,9,56
5805,-108,34,87,380,5,9,55
5805,-108,49,87,380,4,8,55
5805,-108,56,87,380,3,9,54
5805,-108,32,87,380,4,11,56
5805,-108,39,87,380,5,10,55
5805,-108,25,87,380,3,10,55
5805,-108,41,87,380,5,11,55
5805,-108,37,87,380,3,8,55
5805,-108,42,87,380,4,9,54
5805,-108,36,87,380,3,10,55
5805,-108,39,87,380,3,8,55
5805,-108,39,87,380,4,11,56
5805,-108,34,87,380,4,10,56
5805,-108,33,87,380,4,9,56
5805,-108,50,87,380,4,9,55
5805,-108,44,87,380,4,9,55
5805,-108,35,87,380,3,9,55
5805,-108,51,87,380,3,7,54
5805,-108,34,87,380,4,9,55
5805,-108,41,87,380,5,9,55
5805,-108,57,87,380,4,10,55
5805,-108,42,87,380,4,9,54
5805,-108,46,87,380,4,10,56
5805,-108,42,87,380,4,8,55
5805,-108,36,87,380,6,11,57
5805,-108,52,87,380,4,8,55
5805,-108,54,87,380,4,9,55
5805,-108,43,87,380,4,9,55
5805,-108,49,87,380,4,10,55
5805,-108,39,87,380,3,10,56
5805,-108,41,87,380,5,8,55
5805,-108,45,87,380,4,8,54
5805,-108,43,87,380,4,10,55
5805,-108,34,87,380,3,8,54
5805,-108,39,87,380,4,9,55
5805,-108,37,87,380,4,8,54
5805,-108,41,87,380,4,11,56
5805,-108,46,87,380,5,11,55
5805,-108,32,87,380,4,9,54
5805,-108,46,87,380,4,9,55
5805,-108,25,87,380,4,10,55
5805,-108,35,87,380,5,10,55
5805,-108,38,87,380,4,9,54
5805,-108,36,87,380,4,9,55
5805,-108,38,87,380,4,10,55
5805,-108,49,87,380,3,8,55
5805,-108,37,87,380,4,10,56
5805,-108,35,87,380,5,9,55
5805,-108,35,87,380,5,10,55
5805,-108,34,87,380,4,9,56
5805,-108,46,87,380,5,8,55
5805,-108,53,87,380,3,8,54
5805,-108,65,87,380,5,9,56
5805,-108,46,87,380,4,9,54
5805,-108,39,87,380,4,10,56
5805,-108,37,87,380,4,10,56
5805,-108,38,87,380,5,8,55
5805,-108,46,87,380,4,8,54
5805,-108,48,87,380,4,9,55
5805,-108,45,87,380,4,9,55
5805,-108,55,87,380,4,8,55
5805,-108,41,87,380,4,9,55
5805,-108,24,87,380,5,10,55
5805,-108,43,87,380,3,9,55
5805,-108,32,87,380,3,10,55
5805,-108,30,87,380,5,10,55
5805,-108,41,87,380,5,9,55
5805,-108,48,87,380,4,11,56
5805,-108,49,87,380,5,9,54
5805,-108,36,87,380,3,9,55
5805,-108,27,87,380,4,9,54
5805,-108,33,87,380,4,10,56
5805,-108,42,87,380,4,7,54
5805,-108,47,87,380,5,9,54
5805,-108,24,87,380,5,9,54
5805,-108,49,87,380,4,9,55
5805,-108,35,87,380,3,9,55
5805,-108,30,87,380,4,9,55
5805,-108,38,87,380,4,11,55
5805,-108,53,87,380,5,9,56
5805,-108,33,87,380,5,9,53
5805,-108,46,87,380,2,9,55
5805,-108,45,87,380,4,8,55
5805,-108,48,87,380,4,10,55
5805,-108,37,87,380,4,7,55
5805,-108,47,87,380,5,9,55
5805,-108,43,87,380,4,7,54
5805,-108,46,87,380,4,9,55
5805,-108,39,87,380,3,10,56
5805,-108,39,87,380,5,8,55
5805,-108,40,87,380,4,9,55
5805,-108,33,87,380,5,8,55
5805,-108,30,87,380,4,9,55
5805,-108,51,87,380,3,9,54
5805,-108,53,87,380,4,8,55
5805,-108,49,87,380,4,10,55
5805,-108,54,87,380,4,10,55
5805,-108,49,87,380,4,7,54
5805,-108,39,87,380,6,9,56
5805,-108,35,87,380,5,9,55
5805,-108,37,87,380,5,10,55
5805,-108,49,87,380,2,9,55
5805,-108,41,87,380,5,8,54
5805,-108,51,87,380,4,12,56
5805,-108,35,87,380,5,9,56
5805,-108,59,87,380,4,11,56
5805,-108,30,87,380,4,9,55
5805,-108,40,87,380,6,9,55
5805,-108,47,87,380,4,9,55
5805,-108,47,87,380,4,8,54
5805,-108,21,87,380,5,10,55
5805,-108,42,87,380,3,11,55
5805,-108,35,87,380,2,10,54
5805,-108,46,87,380,4,9,55
5805,-108,38,87,380,4,8,54
5805,-108,47,87,380,4,9,55
5805,-108,46,87,380,5,11,56
5805,-108,41,87,380,4,9,54
5805,-108,47,87,380,4,10,55
5805,-108,40,87,380,4,9,54
5805,-108,38,87,380,5,8,54
5805,-108,34,87,380,5,9,55
5805,-108,31,87,380,3,10,55
5805,-108,45,87,380,4,8,55
5805,-108,35,87,380,5,9,56
5805,-108,44,87,380,4,9,55
5805,-108,42,87,380,4,9,55
5805,-108,50,87,380,4,9,55
5805,-108,42,87,380,4,8,55
5805,-108,40,87,380,5,9,54
5805,-108,37,87,380,3,9,54
5805,-108,46,87,380,4,10,55
5805,-108,41,87,380,3,10,55
5805,-108,33,90,377,4,9,57
5805,-108,55,90,377,5,12,58
5805,-108,28,90,377,4,10,57
5805,-108,33,90,377,4,11,57
5805,-108,41,90,377,3,8,57
5805,-108,57,90,377,3,11,58
5805,-108,38,90,377,4,9,57
5805,-108,32,90,377,3,7,56
5805,-108,31,89,377,5,11,57
5805,-108,43,90,377,3,10,57
5805,-108,34,90,377,3,9,57
5805,-108,46,90,377,3,10,57
5805,-108,32,90,377,2,10,57
5805,-108,36,90,377,3,10,57
5805,-108,32,90,377,4,10,57
5805,-108,40,90,377,4,9,56
5805,-108,31,90,377,5,11,57
5805,-108,27,89,377,5,9,56
5805,-108,33,90,377,4,12,58
5805,-108,46,90,377,4,9,57
5805,-108,45,90,377,4,10,57
5805,-108,36,90,377,4,9,57
5805,-108,33,90,377,5,8,57
5805,-108,42,90,377,4,9,57
5805,-108,41,90,377,4,10,58
5805,-108,32,90,377,3,9,57
5805,-108,61,90,377,4,10,57
5805,-108,33,90,377,3,8,55
5805,-108,27,90,377,4,10,57
5805,-108,25,90,377,3,7,56
5805,-108,44,90,377,4,9,56
5805,-108,49,90,377,3,11,57
5805,-108,45,90,377,3,9,57
5805,-108,32,90,377,3,9,56
5805,-108,37,90,377,4,9,57
5805,-108,54,90,377,4,11,58
5805,-108,36,90,377,3,10,58
5805,-108,31,90,377,4,12,57
5805,-108,37,90,377,3,9,56
5805,-108,50,90,377,3,10,57
5805,-108,41,90,377,4,9,57
5805,-108,35,90,377,4,11,57
5805,-108,29,90,377,3,9,56
5805,-108,44,90,377,3,9,57
5805,-108,52,90,377,3,8,56
5805,-108,36,90,377,4,11,58
5805,-108,33,90,377,3,11,57
5805,-108,35,90,377,2,11,57
5805,-108,36,90,377,2,7,56
5805,-108,45,90,377,3,9,57
5805,-108,30,90,377,4,9,56
5805,-108,39,90,377,3,9,57
5805,-108,48,90,377,4,10,56
5805,-108,59,90,377,4,9,57
5805,-108,43,90,377,4,9,57
5805,-108,53,90,377,3,9,57
5805,-108,43,90,377,3,9,55
5805,-108,30,90,377,3,9,57
5805,-108,42,90,377,3,10,58
5805,-108,45,90,377,5,11,57
5805,-108,54,90,377,3,9,57
5805,-108,27,90,377,3,7,56
5805,-108,51,90,377,4,11,57
5805,-108,33,90,377,4,10,57
5805,-108,43,90,377,3,8,56
5805,-108,45,90,377,4,10,57
5805,-108,36,90,377,3,12,57
5805,-108,44,90,377,4,10,57
5805,-108,24,90,377,4,10,56
5805,-108,37,89,378,6,11,57
5805,-108,36,90,377,3,9,57
5805,-108,47,90,377,3,11,59
5805,-108,46,90,377,3,10,57
5805,-108,34,90,377,4,11,57
5805,-108,42,90,377,5,8,57
5805,-108,29,90,377,3,9,56
5805,-108,41,90,377,5,11,58
5805,-108,50,90,377,4,7,55
5805,-108,47,90,377,3,9,57
5805,-108,41,90,377,4,12,58
5805,-108,31,90,377,5,10,57
5805,-108,45,90,377,2,9,57
5805,-108,37,90,377,3,10,57
5805,-108,38,90,377,4,11,57
5805,-108,54,90,377,4,11,57
5805,-108,29,90,377,4,10,57
5805,-108,58,90,377,4,9,57
5805,-108,34,90,377,3,9,56
5805,-108,36,90,377,3,10,57
5805,-108,41,90,377,4,10,57
5805,-108,46,90,377,2,8,56
5805,-108,38,90,377,4,10,57
5805,-108,45,90,377,4,10,57
5805,-108,46,90,377,4,7,55
5805,-108,36,90,377,3,9,57
5805,-108,29,89,377,5,8,55
5805,-108,34,89,378,4,8,56
5805,-108,34,90,377,4,10,57
5805,-108,39,90,377,4,10,57
5805,-108,40,90,377,4,10,58
5805,-108,35,90,377,4,9,57
5805,-108,30,90,377,4,11,57
5805,-108,44,90,377,4,8,56
5805,-108,42,90,377,4,7,57
5805,-108,42,90,377,3,9,57
5805,-108,40,90,377,3,10,58
5805,-108,32,90,377,5,11,57
5805,-108,35,90,377,3,10,56
5805,-108,31,90,377,3,10,56
5805,-108,39,90,377,2,10,57
5805,-108,41,90,377,5,9,57
5805,-108,47,90,377,4,7,57
5805,-108,36,90,377,3,10,57
5805,-108,54,90,377,4,9,58
5805,-108,34,90,377,4,9,57
5805,-108,32,90,377,3,8,57
5805,-108,45,90,377,3,9,57
5805,-108,43,90,377,3,9,57
5805,-108,37,89,377,4,8,56
5805,-108,30,90,377,3,9,57
5805,-108,42,90,377,5,10,57
5805,-108,50,90,377,4,10,57
5805,-108,24,89,378,5,7,55
5805,-108,52,90,377,2,9,57
5805,-108,40,90,377,2,11,57
5805,-108,54,90,377,4,10,57
5805,-108,38,90,377,3,7,56
5805,-108,28,90,377,2,8,56
5805,-108,41,90,377,4,9,57
5805,-108,43,90,377,6,9,57
5805,-108,32,90,377,4,9,57
5805,-108,29,90,377,3,8,57
5805,-108,43,89,377,4,9,56
5805,-108,34,90,377,5,6,56
5805,-108,46,90,377,4,11,57
5805,-108,36,90,377,3,9,57
5805,-108,40,90,377,5,10,56
5805,-108,41,90,377,3,10,57
5805,-108,41,90,377,3,7,56
5805,-108,37,90,377,5,9,56
5805,-108,47,90,377,3,10,58
5805,-108,52,90,377,3,10,57
5805,-108,35,90,377,3,11,58
5805,-108,35,90,377,3,9,58
5805,-108,45,90,377,4,9,57
5805,-108,41,90,377,4,9,57
5805,-108,45,90,377,4,9,57
5805,-108,44,90,377,2,9,57
5805,-108,44,90,377,4,9,58
5805,-108,35,90,377,4,10,56
5805,-108,35,90,377,5,9,57
5805,-108,42,90,377,4,8,56
5805,-108,41,90,377,5,10,57
5805,-108,44,90,377,3,10,56
5805,-108,49,90,377,2,8,57
5805,-108,28,90,377,4,10,57
5805,-108,48,90,377,3,9,55
5805,-108,39,90,377,4,10,57
5805,-108,45,90,377,4,11,57
5805,-108,46,90,377,3,9,57
5805,-108,40,90,377,4,9,57
5805,-108,39,90,377,4,10,57
5805,-108,36,90,377,3,7,57
5805,-108,49,90,377,3,10,57
5805,-108,30,90,377,3,8,56
5805,-108,41,90,377,5,10,57
5805,-108,31,89,378,5,10,56
5805,-108,42,90,377,4,8,57
5805,-108,45,90,377,3,10,57
5805,-108,44,90,377,3,10,57
5805,-108,50,90,377,4,8,56
5805,-108,32,90,377,3,10,57
5805,-108,41,90,377,5,10,57
5805,-108,48,90,377,4,9,57
5805,-108,46,90,377,4,10,57
5805,-108,35,90,377,4,9,57
5805,-108,38,90,377,3,10,56
5805,-108,59,90,377,3,9,57
5805,-108,49,90,377,3,8,57
5805,-108,50,90,377,3,10,57
5805,-108,35,90,377,3,10,57
5805,-108,31,90,377,4,11,57
5805,-108,49,90,377,3,10,58
5805,-108,43,90,377,4,10,58
5805,-108,34,90,377,5,9,57
5805,-108,48,90,377,2,9,57
5805,-108,35,90,377,4,9,57
5805,-108,44,90,377,3,9,56
5805,-108,51,90,377,4,9,56
5805,-108,33,90,377,4,11,57
5805,-108,32,90,377,3,8,57
5805,-108,29,90,377,3,8,57
5805,-108,43,90,377,3,10,57
5805,-108,37,90,377,4,8,55
5805,-108,35,90,377,3,8,56
5805,-108,35,90,377,3,9,57
5805,-108,32,90,377,3,9,57
5805,-108,43,90,377,4,9,57
5805,-108,37,90,377,3,10,56
5805,-108,48,90,377,4,10,57
5805,-108,41,90,377,2,9,57
5805,-108,54,90,377,4,9,57
5805,-108,54,90,377,4,9,57
5805,-108,47,90,377,3,11,57
5805,-108,37,90,377,5,10,57
5805,-108,43,90,377,4,8,55
5805,-108,42,90,377,2,9,57
5805,-108,45,90,377,2,10,57
5805,-108,33,90,377,5,8,56
5805,-108,31,90,377,4,9,57
5805,-108,50,90,377,3,10,56
5805,-108,40,90,377,3,9,57
5805,-108,38,90,377,4,9,57
5805,-108,41,90,377,4,8,57
5805,-108,45,90,377,3,11,57
5805,-108,26,89,378,5,7,55
5805,-108,39,90,377,3,9,57
5805,-108,28,90,377,4,9,57
5805,-108,52,90,377,4,10,57
5805,-108,30,90,377,4,9,56
5805,-108,29,90,377,4,11,57
5805,-108,37,90,377,3,10,57
5805,-108,57,90,377,3,9,58
5805,-108,42,90,377,4,11,57
5805,-108,29,90,377,4,8,56
5805,-108,59,90,377,3,9,56
5805,-108,43,90,377,3,10,58
5805,-108,33,90,377,3,11,56
5805,-108,31,90,377,3,9,57
5805,-108,49,90,377,3,9,57
5805,-108,28,90,377,4,11,57
5805,-108,42,90,377,4,10,57
5805,-108,36,90,377,3,10,58
5805,-108,35,90,377,3,10,57
5805,-108,52,90,377,3,10,58
5805,-108,36,90,377,4,10,57
5805,-108,29,90,377,3,9,57
5805,-108,51,90,377,3,8,57
5805,-108,39,90,377,3,11,57
5805,-108,43,90,377,4,10,58
5805,-108,38,90,377,4,9,57
5805,-108,49,90,377,4,10,57
5805,-108,52,90,377,3,9,57
5805,-108,36,90,377,5,9,57
5805,-108,50,90,377,4,10,57
5805,-108,38,90,377,4,11,57
5805,-108,31,90,377,3,9,57
5805,-108,28,90,377,4,8,57
5805,-108,55,90,377,3,9,57
5805,-108,40,90,377,4,8,57
5805,-108,37,90,377,4,10,57
5805,-108,45,90,377,5,9,57
5805,-108,47,90,377,2,9,57
5805,-108,43,90,377,3,10,56
5805,-108,42,90,377,3,9,57
5805,-108,48,90,377,4,8,57
5805,-108,48,90,377,4,10,57
5805,-108,49,90,377,4,9,57
5805,-108,40,90,377,3,11,57
5805,-108,45,90,377,3,10,57
5805,-108,38,90,377,4,10,57
5805,-108,33,90,377,4,9,57
5805,-108,45,90,377,4,11,58
5805,-108,46,90,377,4,9,57
5805,-108,40,90,377,4,8,57
5805,-108,30,90,377,4,10,57
5805,-108,34,90,377,4,9,57
5805,-108,47,90,377,5,9,57
5805,-108,51,90,377,4,9,58
5805,-108,35,90,377,3,8,56
5805,-108,37,90,377,4,9,56
5805,-108,45,90,377,2,9,57
5805,-108,35,90,377,2,9,57
5805,-108,40,90,377,3,9,57
5805,-108,33,90,377,3,10,57
5805,-108,35,90,377,2,10,57
5805,-108,40,90,377,5,10,57
5805,-108,41,90,377,3,10,57
5805,-108,46,90,377,3,9,57
5805,-108,38,90,377,3,9,58
5805,-108,40,90,377,4,10,57
5805,-108,50,90,377,4,7,57
5805,-108,54,90,377,2,11,57
5805,-108,46,90,377,4,9,57
5805,-108,43,90,377,4,9,57
5805,-108,33,90,377,4,10,57
5805,-108,38,90,377,3,9,56
5805,-108,32,90,377,4,9,56
5805,-108,60,90,377,4,9,57
5805,-108,40,90,377,4,9,57
5805,-108,36,90,377,3,10,57
5805,-108,35,90,377,5,8,56
5805,-108,36,90,377,3,9,57
5805,-108,43,90,377,5,9,57
5805,-108,38,90,377,3,9,57
5805,-108,56,90,377,4,9,57
5805,-108,42,90,377,4,11,57
5805,-108,29,90,377,3,10,57
5805,-108,40,90,377,3,10,58
5805,-108,45,90,377,3,8,57
5805,-108,41,90,377,4,9,57
5805,-108,36,90,377,4,10,57
5805,-108,38,90,377,4,9,57
5805,-108,37,90,377,4,9,56
5805,-108,42,90,377,3,10,57
5805,-108,29,90,377,3,7,55
5805,-108,29,90,377,4,9,57
5805,-108,37,90,377,4,9,57
5805,-108,46,90,377,4,8,58
5805,-108,35,90,377,2,11,57
5805,-108,54,90,377,5,10,57
5805,-108,42,90,377,4,8,57
5805,-108,43,90,377,2,11,58
5805,-108,48,90,377,2,10,57
5805,-108,40,90,377,4,9,57
5805,-108,55,90,377,5,7,56
5805,-108,25,90,377,3,10,57
5805,-108,40,90,377,3,10,57
5805,-108,44,90,377,3,10,57
5805,-108,46,90,377,4,9,57
5805,-108,53,90,377,4,9,56
5805,-108,23,90,377,3,8,56
5805,-108,44,90,377,4,9,57
5805,-108,43,90,377,5,9,58
5805,-108,41,90,377,3,11,57
5805,-108,40,90,377,2,7,55
5805,-108,39,90,377,4,8,57
5805,-108,31,90,377,4,9,57
5805,-108,37,90,377,3,9,56
5805,-108,31,90,377,4,11,57
5805,-108,40,90,377,3,8,57
5805,-108,47,90,377,4,8,57
5805,-108,41,90,377,4,10,57
5805,-108,29,90,377,4,11,57
5805,-108,46,90,377,4,8,57
5805,-108,43,90,377,2,10,57
5805,-108,56,90,377,4,10,58
5805,-108,46,90,377,4,9,56
5805,-108,47,90,377,3,11,58
5805,-108,32,90,377,4,9,56
5805,-108,42,90,377,2,11,57
5805,-108,29,90,377,3,8,56
5805,-108,43,90,377,3,11,58
5805,-108,34,90,377,3,11,57
5805,-108,54,90,377,3,10,58
5805,-108,34,90,377,4,10,57
5805,-108,32,90,377,5,9,57
5805,-108,48,90,377,4,9,57
5805,-108,51,90,377,3,9,57
5805,-108,46,90,377,4,10,57
5805,-108,53,90,377,4,9,57
5805,-108,42,90,377,5,9,57
5805,-108,52,90,377,5,10,57
5805,-108,44,90,377,4,11,57
5805,-108,41,90,377,3,11,57
5805,-108,29,90,377,3,8,57
5805,-108,33,90,377,4,7,55
5805,-108,55,90,377,2,10,58
5805,-108,52,90,377,3,11,57
5805,-108,51,90,377,4,9,58
5805,-108,35,90,377,3,10,58
5805,-108,37,90,377,3,10,57
5805,-108,50,90,377,3,9,57
5805,-108,36,90,377,4,10,57
5805,-108,44,90,377,5,9,57
5805,-108,43,90,377,4,12,57
5805,-108,41,90,377,4,10,57
5805,-108,36,90,377,5,10,57
5805,-108,46,90,377,3,8,57
5805,-108,45,90,377,3,11,57
5805,-108,45,90,377,2,9,57
5805,-108,49,90,377,4,9,57
5805,-108,48,90,377,4,9,57
5805,-108,29,90,377,3,10,56
5805,-108,39,90,377,4,9,57
5805,-108,58,90,377,4,9,58
5805,-108,47,90,377,3,9,57
5805,-108,40,90,377,4,10,57
5805,-108,46,90,377,4,9,56
5805,-108,58,90,377,3,11,57
5805,-108,31,90,377,3,9,57
5805,-108,47,90,377,5,8,57
5805,-108,52,90,377,2,10,57
5805,-108,38,90,377,4,10,57
5805,-108,57,90,377,4,11,58
5805,-108,34,90,377,4,10,57
5805,-108,37,90,377,4,9,57
5805,-108,33,90,377,4,10,56
5805,-108,38,90,377,4,9,57
5805,-108,37,90,377,3,9,57
5805,-108,47,90,377,4,9,56
5805,-108,40,90,377,3,8,56
5805,-108,27,90,377,5,9,56
5805,-108,61,90,377,4,9,57
5805,-108,36,90,377,5,11,57
5805,-108,39,90,377,3,8,57
5805,-108,37,90,377,3,10,57
5805,-108,45,90,377,4,8,57
5805,-108,38,90,377,3,7,56
5805,-108,44,90,377,4,8,56
5805,-108,54,90,377,3,10,58
5805,-108,38,90,377,3,10,57
5805,-108,47,90,377,6,8,56
5805,-108,35,90,377,3,11,57
5805,-108,48,90,377,3,9,58
5805,-108,41,90,377,4,9,58
5805,-108,39,90,377,3,10,57
5805,-108,46,90,377,3,8,57
5805,-108,40,90,377,5,8,57
5805,-108,30,90,377,4,11,58
5805,-108,52,90,377,4,8,57
5805,-108,44,90,377,3,8,56
5805,-108,42,90,377,4,9,57
5805,-108,43,90,377,4,9,56
5805,-108,47,90,377,4,8,57
5805,-108,36,89,378,5,9,57
5805,-108,48,90,377,3,9,57
5805,-108,32,90,377,2,10,56
5805,-108,42,90,377,4,9,56
5805,-108,45,90,377,5,9,56
5805,-108,26,90,377,3,8,55
5805,-108,36,90,377,5,10,57
5805,-108,40,89,377,4,9,55
5805,-108,32,90,377,3,10,58
5805,-108,31,90,377,5,10,57
5805,-108,27,90,377,4,8,56
5805,-108,27,90,377,4,11,57
5805,-108,47,90,377,3,9,57
5805,-108,45,90,377,3,10,58
5805,-108,26,90,377,4,9,56
5805,-108,32,90,377,3,9,57
5805,-108,49,90,377,5,9,57
5805,-108,33,90,377,4,8,57
5805,-108,34,90,377,4,10,56
5805,-108,50,90,377,4,9,57
5805,-108,33,90,377,3,10,57
5805,-108,51,90,377,3,9,56
5805,-108,35,90,377,4,8,57
5805,-108,46,90,377,3,11,57
5805,-108,41,90,377,4,9,57
5805,-108,35,90,377,3,10,57
5805,-108,54,90,377,4,11,58
5805,-108,51,90,377,4,10,58
5805,-108,37,90,377,4,9,57
5805,-108,49,90,377,3,11,57
5805,-108,30,90,377,4,9,57
5805,-108,41,90,377,5,9,57
5805,-108,36,90,377,5,9,57
5805,-108,31,90,377,2,10,57
5805,-108,49,90,377,4,11,56
5805,-108,30,90,377,3,9,57
5805,-108,35,90,377,2,10,57
5805,-108,34,90,377,3,9,57
5805,-108,35,90,377,5,10,57
5805,-108,35,90,377,4,8,56
5805,-108,34,90,377,4,9,57
5805,-108,54,90,377,5,9,57
5805,-108,30,89,377,5,9,56
5805,-108,47,90,377,4,9,56
5805,-108,56,90,377,3,10,57
5805,-108,33,90,377,3,11,57
5805,-108,47,90,377,4,9,57
5805,-108,39,90,377,3,9,57
5805,-108,47,90,377,3,9,57
5805,-108,40,90,377,3,9,56
5805,-108,28,90,377,5,11,57
5805,-108,35,90,377,3,10,57
5805,-108,51,90,377,4,9,56
5805,-108,29,90,377,3,9,57
5805,-108,54,89,377,6,9,56
5805,-108,46,90,377,4,8,57
5805,-108,52,90,377,4,9,57
5805,-108,50,90,377,4,8,57
5805,-108,49,90,377,5,9,57
5805,-108,48,90,377,4,11,57
5805,-108,50,90,377,4,10,57
5805,-108,39,90,377,4,10,57
5805,-108,50,90,377,4,10,57
5805,-108,32,90,377,5,10,57
5805,-108,29,90,377,3,10,57
5805,-108,47,90,377,5,9,57
5805,-108,54,90,377,2,9,58
5805,-108,33,90,377,4,9,57
5805,-108,44,90,377,4,11,57
5805,-108,33,90,377,4,9,57
5805,-108,56,90,377,3,10,57
5805,-108,31,90,377,5,10,57
5805,-108,41,90,377,3,9,57
5805,-108,37,90,377,4,9,57
5805,-108,39,90,377,4,9,57
5805,-108,38,90,377,5,10,57
5805,-108,38,90,377,3,11,57
5805,-108,44,90,377,4,11,57
5805,-108,42,90,377,3,11,57
5805,-108,43,90,377,2,11,57
5805,-108,35,90,377,4,10,58
5805,-108,49,90,377,2,11,57
5805,-108,47,90,377,3,8,56
5805,-108,46,90,377,3,8,57
5805,-108,54,90,377,5,10,58
5805,-108,54,90,377,2,8,58
5805,-108,37,90,377,3,9,57
5805,-108,39,90,377,3,11,58
5805,-108,37,90,377,3,8,56
5805,-108,37,90,377,4,10,57
5805,-108,37,90,377,3,10,57
5805,-108,40,90,377,3,10,57
5805,-108,43,90,377,3,11,58
5805,-108,50,90,377,4,10,57
5805,-108,35,90,377,5,10,57
5805,-108,52,90,377,4,10,57
5805,-108,48,90,377,4,9,57
5805,-108,40,90,377,4,8,57
5805,-108,34,90,377,3,8,56
5805,-108,54,89,377,4,8,55
5805,-108,42,90,377,4,9,55
5805,-108,66,80,387,7,58,50
5805,-108,51,90,377,4,7,56
5805,-108,46,90,377,4,9,56
5805,-108,35,90,377,4,10,57
5805,-108,37,90,377,2,10,57
5805,-108,49,90,377,4,11,57
5805,-108,28,90,377,3,8,57
5805,-108,35,90,377,3,8,57
5805,-108,39,90,377,4,9,57
5805,-108,37,90,377,5,9,57
5805,-108,45,90,377,3,10,57
5805,-108,47,90,377,4,10,58
5805,-108,52,90,377,4,11,57
5805,-108,34,90,377,4,10,58
5805,-108,33,90,377,2,10,57
5805,-108,47,90,377,4,9,56
5805,-108,36,90,377,3,9,56
5805,-108,45,90,377,4,9,57
5805,-108,37,90,377,4,11,58
5805,-108,44,90,377,4,10,58
5805,-108,29,90,377,3,9,56
5805,-108,44,90,377,4,9,56
5805,-108,32,90,377,3,10,57
5805,-108,33,90,377,4,10,57
5805,-108,29,89,377,3,7,56
5805,-108,38,90,377,4,8,57
5805,-108,50,90,377,3,10,58
5805,-108,32,90,377,3,11,57
5805,-108,63,90,377,3,9,57
5805,-108,48,90,377,5,10,57
5805,-108,43,90,377,4,9,57
5805,-108,51,90,377,4,10,58
5805,-108,38,90,377,3,11,57
5805,-108,50,90,377,4,9,57
5805,-108,42,90,377,3,9,57
5805,-108,29,90,377,3,10,57
5805,-108,43,90,377,3,10,56
5805,-108,27,90,377,4,8,57
5805,-108,34,90,377,3,7,56
5805,-108,32,90,377,4,10,58
5805,-108,54,90,377,4,9,57
5805,-108,34,90,377,5,11,57
5805,-108,28,90,377,4,9,57
5805,-108,41,90,377,4,9,57
5805,-108,45,90,377,5,10,57
5805,-108,30,90,377,4,10,57
5805,-108,44,90,377,3,11,57
5805,-108,62,90,377,5,10,57
5805,-108,30,90,377,4,10,57
5805,-108,43,90,377,5,10,58
5805,-108,49,90,377,3,10,57
5805,-108,38,90,377,4,10,57
5805,-108,31,90,377,3,10,57
5805,-108,55,90,377,4,9,57
5805,-108,47,90,377,4,8,56
5805,-108,40,90,377,4,7,56
5805,-108,44,90,377,3,9,56
5805,-108,40,90,377,2,8,57
5805,-108,32,90,377,3,11,56
5805,-108,65,90,377,3,10,57
5805,-108,44,90,377,4,9,57
5805,-108,42,90,377,4,9,57
5805,-108,46,90,377,3,9,57
5805,-108,46,90,377,4,9,56
5805,-108,33,90,377,2,10,57
5805,-108,28,90,377,4,9,57
5805,-108,37,90,377,3,11,57
5805,-108,37,90,377,3,9,56
5805,-108,42,90,377,4,8,57
5805,-108,42,90,377,3,10,56
5805,-108,50,90,377,3,9,57
5805,-108,48,90,377,3,10,58
5805,-108,59,90,377,2,9,57
5805,-108,39,90,377,4,9,56
5805,-108,40,90,377,3,9,57
5805,-108,29,90,377,4,8,57
5805,-108,53,90,377,3,8,57
5805,-108,30,90,377,3,8,56
5805,-108,40,90,377,3,10,56
5805,-108,43,90,377,4,10,57
5805,-108,33,90,377,4,9,57
5805,-108,44,90,377,3,9,56
5805,-108,43,90,377,5,10,57
5805,-108,49,90,377,5,9,57
5805,-108,36,90,377,3,10,57
5805,-108,36,90,377,4,8,55
5805,-108,45,90,377,3,11,58
5805,-108,43,90,377,3,10,58
5805,-108,37,90,377,3,9,57
5805,-108,35,90,377,3,9,57
5805,-108,37,90,377,4,9,57
5805,-108,29,90,377,3,8,56
5805,-108,53,90,377,5,11,57
5805,-108,44,90,377,3,9,57
5805,-108,37,90,377,4,10,57
5805,-108,34,90,377,3,9,56
5805,-108,53,90,377,4,9,57
5805,-108,30,90,377,4,11,58
5805,-108,42,90,377,3,9,57
5805,-108,44,90,377,5,11,56
5805,-108,47,90,377,4,9,58
5805,-108,46,90,377,4,8,56
5805,-108,40,90,377,4,9,57
5805,-108,37,90,377,3,9,57
5805,-108,49,90,377,4,11,58
5805,-108,45,90,377,4,12,57
5805,-108,52,90,377,3,10,57
5805,-108,35,90,377,3,10,57
5805,-108,32,90,377,3,10,57
5805,-108,51,90,377,4,11,57
5805,-108,44,90,377,3,12,57
5805,-108,43,90,377,4,9,57
5805,-108,43,90,377,3,10,57
5805,-108,37,90,377,4,10,57
5805,-108,34,90,377,2,8,56
5805,-108,40,90,377,3,10,57
5805,-108,38,90,377,3,9,57
5805,-108,43,90,377,5,12,57
5805,-108,51,90,377,4,9,56
5805,-108,46,90,377,3,10,58
5805,-108,39,90,377,3,10,57
5805,-108,44,90,377,2,9,57
5805,-108,32,90,377,4,9,57
5805,-108,36,90,377,3,10,57
5805,-108,22,90,377,4,9,57
5805,-108,45,90,377,4,11,58
5805,-108,39,90,377,2,10,57
5805,-108,48,90,377,5,10,57
5805,-108,57,90,377,5,8,57
5805,-108,39,90,377,3,9,56
5805,-108,44,90,377,4,10,57
5805,-108,35,90,377,2,10,57
5805,-108,40,90,377,3,9,56
5805,-108,36,90,377,3,11,58
5805,-108,52,90,377,4,8,57
5805,-108,44,90,377,4,8,57
5805,-108,37,90,377,3,9,57
5805,-108,40,90,377,4,9,57
5805,-108,39,90,377,4,9,57
5805,-108,48,90,377,4,8,56
5805,-108,55,90,377,4,10,57
5805,-108,28,90,377,5,9,56
5805,-108,35,90,377,4,9,57
5805,-108,43,90,377,4,8,56
5805,-108,45,90,377,4,10,57
5805,-108,46,90,377,4,6,55
5805,-108,34,90,377,3,7,56
5805,-108,38,90,377,3,10,58
5805,-108,41,90,377,3,9,57
5805,-108,51,90,377,3,9,57
5805,-108,50,90,377,4,9,57
5805,-108,46,90,377,4,8,56
5805,-108,35,90,377,3,10,57
5805,-108,64,90,377,4,10,57
5805,-108,65,90,377,3,10,57
5805,-108,38,90,377,4,10,57
5805,-108,30,90,377,4,9,57
5805,-108,32,90,377,4,9,57
5805,-108,30,90,377,5,9,57
5805,-108,44,90,377,3,10,57
5805,-108,30,90,377,3,7,56
5805,-108,44,90,377,4,9,57
5805,-108,42,90,377,3,11,58
5805,-108,40,90,377,4,10,57
5805,-108,45,90,377,3,8,57
5805,-108,45,90,377,5,10,57
5805,-108,56,90,377,5,9,57
5805,-108,49,90,377,3,10,57
5805,-108,53,90,377,3,9,57
5805,-108,47,90,377,3,8,57
5805,-108,46,90,377,4,10,57
5805,-108,30,90,377,3,9,57
5805,-108,31,90,377,4,10,55
5805,-108,42,90,377,4,9,57
5805,-108,45,90,377,3,11,57
5805,-108,38,90,377,4,9,57
5805,-108,33,90,377,4,8,57
5805,-108,29,90,377,3,10,57
5805,-108,42,90,377,4,9,57
5805,-108,36,90,377,3,10,57
5805,-108,30,90,377,3,9,58
5805,-108,35,90,377,5,9,57
5805,-108,36,90,377,3,9,57
5805,-108,32,90,377,4,8,56
5805,-108,36,90,377,4,8,57
5805,-108,51,90,377,4,7,56
5805,-108,30,90,377,4,9,57
5805,-108,31,90,377,3,10,57
5805,-108,32,90,377,4,10,57
5805,-108,45,90,377,5,11,58
5805,-108,44,90,377,4,9,56
5805,-108,62,90,377,3,9,56
5805,-108,40,90,377,4,10,57
5805,-108,35,90,377,3,8,56
5805,-108,25,90,377,3,11,57
5805,-108,46,90,377,4,9,56
5805,-108,32,90,377,4,9,56
5805,-108,53,90,377,3,12,58
5805,-108,46,90,377,4,9,56
5805,-108,33,90,377,3,10,58
5805,-108,37,90,377,3,8,56
5805,-108,59,90,377,4,11,57
5805,-108,26,90,377,3,9,56
5805,-108,45,90,377,3,10,57
5805,-108,44,90,377,3,8,57
5805,-108,43,90,377,3,10,57
5805,-108,51,90,377,2,8,57
5805,-108,30,90,377,3,10,57
5805,-108,44,90,377,4,10,57
5805,-108,41,90,377,4,10,56
5805,-108,43,90,377,4,9,56
5805,-108,55,90,377,4,7,56
5805,-108,48,90,377,4,12,58
5805,-108,45,90,377,4,9,58
5805,-108,44,90,377,3,9,57
5805,-108,40,90,377,4,10,57
5805,-108,37,90,377,4,11,58
5805,-108,39,90,377,3,10,57
5805,-108,52,90,377,4,9,57
5805,-108,42,90,377,3,10,57
5805,-108,35,90,377,2,8,57
5805,-108,35,90,377,4,8,57
5805,-108,42,90,377,3,8,56
5805,-108,39,90,377,4,7,56
5805,-108,37,90,377,4,10,57
5805,-108,47,90,377,4,8,58
5805,-108,42,90,377,4,10,57
5805,-108,35,90,377,5,10,57
5805,-108,40,90,377,5,10,58
5805,-108,32,90,377,4,10,57
5805,-108,45,90,377,3,9,56
5805,-108,45,90,377,3,10,58
5805,-108,43,90,377,3,11,57
5805,-108,48,90,377,3,10,57
5805,-108,51,90,377,4,9,57
5805,-108,42,90,377,3,9,57
5805,-108,31,90,377,2,10,57
5805,-108,48,90,377,4,8,57
5805,-108,43,90,377,5,9,57
5805,-108,46,90,377,4,11,57
5805,-108,35,90,377,4,10,57
5805,-108,29,90,377,4,8,56
5805,-108,41,90,377,3,9,57
5805,-108,53,90,377,3,9,57
5805,-108,34,90,377,2,9,56
5805,-108,31,90,377,3,10,57
5805,-108,40,90,377,3,10,57
5805,-108,54,90,377,5,11,57
5805,-108,62,90,377,4,10,57
5805,-108,41,90,377,3,10,58
5805,-108,49,90,377,2,8,56
5805,-108,59,90,377,3,11,58
5805,-108,49,90,377,4,11,57
5805,-108,43,90,377,5,8,57
5805,-108,36,90,377,3,9,56
5805,-108,29,90,377,4,8,56
5805,-108,42,90,377,4,10,57
5805,-108,39,90,377,3,9,57
5805,-108,39,90,377,4,9,57
5805,-108,51,90,377,4,10,57
5805,-108,39,90,377,5,10,57
5805,-108,38,90,377,3,11,57
5805,-108,41,90,377,3,8,57
5805,-108,49,90,377,5,9,57
5805,-108,38,90,377,4,9,57
5805,-108,54,90,377,3,9,56
5805,-108,37,90,377,4,9,57
5805,-108,31,90,377,4,8,56
5805,-108,27,90,377,4,12,56
5805,-108,55,90,377,4,8,57
5805,-108,33,90,377,4,8,56
5805,-108,57,90,377,4,9,57
5805,-108,34,90,377,3,8,56
5805,-108,43,90,377,4,10,57
5805,-108,37,90,377,4,10,57
5805,-108,38,90,377,3,9,57
5805,-108,49,90,377,2,9,57
5805,-108,38,90,377,4,10,57
5805,-108,60,90,377,3,9,56
5805,-108,33,90,377,3,9,57
5805,-108,40,90,377,5,9,58
5805,-108,39,90,377,3,9,57
5805,-108,43,90,377,4,10,57
5805,-108,41,90,377,4,10,57
5805,-108,42,90,377,3,9,57
5805,-108,49,90,377,4,10,57
5805,-108,50,90,377,3,8,57
5805,-108,39,90,377,2,12,58
5805,-108,29,89,378,5,8,55
5805,-108,28,90,377,3,8,56
5805,-108,48,90,377,4,12,58
5805,-108,40,90,377,4,9,57
5805,-108,29,90,377,4,9,57
5805,-108,35,90,377,4,9,57
5805,-108,49,90,377,4,8,56
5805,-108,51,90,377,4,9,57
5805,-108,45,90,377,4,8,56
5805,-108,42,90,377,4,11,57
5805,-108,51,90,377,3,7,56
5805,-108,38,90,377,5,9,57
5805,-108,74,90,377,3,11,57
5805,-108,37,90,377,3,8,56
5805,-108,41,90,377,4,9,56
5805,-108,41,90,377,4,10,57
5805,-108,48,90,377,3,9,57
5805,-108,49,90,377,4,8,56
5805,-108,42,90,377,3,11,57
5805,-108,40,90,377,5,9,57
5805,-108,47,90,377,2,11,57
5805,-108,44,90,377,4,11,58
5805,-108,45,90,377,4,7,55
5805,-108,37,90,377,4,10,57
5805,-108,37,90,377,4,7,56
5805,-108,51,90,377,3,9,57
5805,-108,31,90,377,3,8,56
5805,-108,44,90,377,3,9,57
5805,-108,49,90,377,3,7,57
5805,-108,40,90,377,4,8,57
5805,-108,29,90,377,4,7,55
5805,-108,42,90,377,4,8,57
5805,-108,41,90,377,5,10,57
5805,-108,52,90,377,2,9,57
5805,-108,45,90,377,5,11,57
5805,-108,35,90,377,3,7,57
5805,-108,24,90,377,3,9,56
5805,-108,38,90,377,3,10,57
5805,-108,44,90,377,6,12,58
5805,-108,46,90,377,4,8,57
5805,-108,33,90,377,4,8,56
5805,-108,38,90,377,4,11,56
5805,-108,31,90,377,3,10,56
5805,-108,30,89,377,5,9,56
5805,-108,57,90,377,3,11,58
5805,-108,40,90,377,5,10,57
5805,-108,26,90,377,4,8,56
5805,-108,35,90,377,3,9,57
5805,-108,27,90,377,2,9,57
5805,-108,43,90,377,4,7,55
5805,-108,52,90,377,3,9,57
5805,-108,44,90,377,4,10,57
5805,-108,51,90,377,3,9,57
5805,-108,52,90,377,3,9,57
5805,-108,30,90,377,4,9,56
5805,-108,35,90,377,3,9,57
5805,-108,40,90,377,4,8,56
5805,-108,49,90,377,4,9,57
5805,-108,41,90,377,3,10,58
5805,-108,30,90,377,4,9,57
5805,-108,28,90,377,3,10,57
5805,-108,49,90,377,4,9,57
5805,-108,38,90,377,3,9,57
5805,-108,46,90,377,2,9,57
5805,-108,52,90,377,1,11,57
5805,-108,47,90,377,4,8,57
5805,-108,29,90,377,3,7,56
5805,-108,51,90,377,5,10,57
5805,-108,32,90,377,3,10,57
5805,-108,62,90,377,5,11,58
5805,-108,35,90,377,5,11,57
5805,-108,37,90,377,5,9,57
5805,-108,43,90,377,3,10,56
5805,-108,57,90,377,4,9,57
5805,-108,44,90,377,4,9,57
5805,-108,42,90,377,3,9,57
5805,-108,45,90,377,3,11,57
5805,-108,38,90,377,3,10,57
5805,-108,29,90,377,4,11,57
5805,-108,35,90,377,3,10,57
5805,-108,37,90,377,3,11,58
5805,-108,50,90,377,3,9,57
5805,-108,41,90,377,5,10,56
5805,-108,57,90,377,4,10,57
5805,-108,40,90,377,4,9,57
5805,-108,46,90,377,4,10,57
5805,-108,49,90,377,3,9,57
5805,-108,31,90,377,4,11,56
5805,-108,36,90,377,4,10,56
5805,-108,39,90,377,4,10,57
5805,-108,32,89,377,5,11,56
5805,-108,39,90,377,3,10,57
5805,-108,47,90,377,2,10,57
5805,-108,48,90,377,5,9,57
5805,-108,41,90,377,6,8,57
5805,-108,50,90,377,3,8,57
5805,-108,37,90,377,3,8,56
5805,-108,33,90,377,4,11,57
5805,-108,45,90,377,2,10,58
5805,-108,22,89,377,5,9,56
5805,-108,33,90,377,4,11,58
5805,-108,34,90,377,4,9,57
5805,-108,33,90,377,4,9,57
5805,-108,45,90,377,3,11,57
5805,-108,38,90,377,4,10,57
5805,-108,47,90,377,4,7,57
5805,-108,43,90,377,3,8,56
5805,-108,40,90,377,4,9,57
5805,-108,48,90,377,4,9,57
5805,-108,53,90,377,3,10,57
5805,-108,45,90,377,3,10,57
5805,-108,48,90,377,3,9,58
5805,-108,31,90,377,5,9,57
5805,-108,46,90,377,4,9,57
5805,-108,40,90,377,4,10,58
5805,-108,39,90,377,4,10,57
5805,-108,46,90,377,4,9,57
5805,-108,28,88,378,5,8,55
5805,-108,35,90,377,3,9,57
5805,-108,52,90,377,3,10,57
5805,-108,31,90,377,4,8,56
5805,-108,59,90,377,2,10,57
5805,-108,56,90,377,4,9,57
5805,-108,29,90,377,3,8,56
5805,-108,51,90,377,3,11,58
5805,-108,39,90,377,4,8,56
5805,-108,39,90,377,4,9,57
5805,-108,44,90,377,3,11,57
5805,-108,45,90,377,5,10,57
5805,-108,30,90,377,5,9,57
5805,-108,41,90,377,2,10,57
5805,-108,41,90,377,4,8,57
5805,-108,46,90,377,3,8,56
5805,-108,44,90,377,3,10,57
5805,-108,31,90,377,3,8,56
5805,-108,48,90,377,3,9,57
5805,-108,46,90,377,4,9,56
5805,-108,50,90,377,3,8,56
5805,-108,55,90,377,5,9,57
5805,-108,35,90,377,4,10,57
5805,-108,39,90,377,4,9,57
5805,-108,43,90,377,3,7,57
5805,-108,38,90,377,4,9,57
5805,-108,42,90,377,3,10,57
5805,-108,50,90,377,4,9,57
5805,-108,52,90,377,4,11,57
5805,-108,35,90,377,4,8,56
5805,-108,26,90,377,3,10,57
5805,-108,55,90,377,3,9,57
5805,-108,30,90,377,4,9,57
5805,-108,37,90,377,3,7,56
5805,-108,27,90,377,3,8,56
5765,-108,33,90,377,5,9,58
5765,-108,31,90,377,4,9,58
5765,-108,29,90,377,5,9,57
5765,-108,33,90,377,5,10,58
5765,-108,36,90,377,5,9,57
5765,-108,40,89,377,5,10,58
5765,-108,36,90,377,5,9,58
5765,-108,37,90,377,5,9,57
5765,-108,53,90,377,4,10,57
5765,-108,42,90,377,4,10,57
5765,-108,34,90,377,5,8,57
5765,-108,66,90,377,5,8,58
5765,-108,30,90,377,5,11,58
5765,-108,27,90,377,5,7,56
5765,-108,37,90,377,5,10,59
5765,-108,46,90,377,5,11,59
5765,-108,46,90,377,5,9,58
5765,-108,42,90,377,5,9,57
5765,-108,52,90,377,4,9,58
5765,-108,36,90,377,5,10,58
5765,-108,31,90,377,4,10,57
5765,-108,42,90,377,5,9,57
5765,-108,36,90,377,4,10,58
5765,-108,37,90,377,6,8,57
5765,-108,39,90,377,5,8,57
5765,-108,44,90,377,5,10,59
5765,-108,34,90,377,5,9,57
5765,-108,38,90,377,5,9,58
5765,-108,43,90,377,5,10,57
5765,-108,38,90,377,4,11,58
5765,-108,41,90,377,7,9,58
5765,-108,36,90,377,5,9,57
5765,-108,30,90,377,4,9,58
5765,-108,37,90,377,5,9,58
5765,-108,36,90,377,4,8,57
5765,-108,34,90,377,5,8,56
5765,-108,46,90,377,5,8,57
5765,-108,39,90,377,5,9,57
5765,-108,35,90,377,5,9,58
5765,-108,31,90,377,5,9,57
5765,-108,31,90,377,5,7,57
5765,-108,37,90,377,5,10,58
5765,-108,37,90,377,4,9,57
5765,-108,39,90,377,4,10,58
5765,-108,45,89,377,6,9,57
5765,-108,41,90,377,4,11,58
5765,-108,44,90,377,4,10,58
5765,-108,34,90,377,4,9,58
5765,-108,30,88,378,5,10,57
5765,-108,30,90,377,5,9,57
5765,-108,35,90,377,5,9,58
5765,-108,39,90,377,5,9,57
5765,-108,38,90,377,5,9,57
5765,-108,33,89,377,5,10,57
5765,-108,43,90,377,3,9,57
5765,-108,33,90,377,4,10,58
5765,-108,35,90,377,5,10,58
5765,-108,40,90,377,4,9,57
5765,-108,27,90,377,5,10,57
5765,-108,40,89,378,5,9,57
5765,-108,43,90,377,5,10,58
5765,-108,24,90,377,6,9,57
5765,-108,40,90,377,5,10,58
5765,-108,32,90,377,5,9,57
5765,-108,26,89,378,5,8,55
5765,-108,29,90,377,6,9,56
5765,-108,42,90,377,4,9,57
5765,-108,42,90,377,4,10,58
5765,-108,37,90,377,5,10,58
5765,-108,33,90,377,5,9,57
5765,-108,35,90,377,5,8,58
5765,-108,32,90,377,4,10,57
5765,-108,55,90,377,5,8,57
5765,-108,35,90,377,6,9,57
5765,-108,29,90,377,5,10,58
5765,-108,35,90,377,5,9,58
5765,-108,29,89,377,6,7,56
5765,-108,51,90,377,5,11,59
5765,-108,52,90,377,5,10,58
5765,-108,39,90,377,5,10,58
5765,-108,44,90,377,3,10,57
5765,-108,40,90,377,5,10,58
5765,-108,36,90,377,4,10,57
5765,-108,36,89,378,5,10,58
5765,-108,35,90,377,5,10,59
5765,-108,29,90,377,5,9,57
5765,-108,34,89,377,4,10,57
5765,-108,48,90,377,6,9,58
5765,-108,44,90,377,4,10,58
5765,-108,42,90,377,4,8,57
5765,-108,45,90,377,5,8,58
5765,-108,40,90,377,4,9,58
5765,-108,31,90,377,5,9,57
5765,-108,50,90,377,4,9,58
5765,-108,40,90,377,4,9,57
5765,-108,34,90,377,6,9,56
5765,-108,32,89,378,4,11,57
5765,-108,28,90,377,5,9,56
5765,-108,34,90,377,3,11,58
5765,-108,50,90,377,5,10,58
5765,-108,46,90,377,4,10,58
5765,-108,37,90,377,4,10,58
5765,-108,34,89,377,5,10,57
5765,-108,32,90,377,5,9,58
5765,-108,33,89,377,5,9,57
5765,-108,44,90,377,5,13,58
5765,-108,33,90,377,6,10,58
5765,-108,44,90,377,4,8,57
5765,-108,39,90,377,4,9,58
5765,-108,45,89,377,6,9,57
5765,-108,45,90,377,5,9,57
5765,-108,50,90,377,5,10,57
5765,-108,32,90,377,5,9,57
5765,-108,34,90,377,4,11,58
5765,-108,38,90,377,5,9,57
5765,-108,43,90,377,3,9,57
5765,-108,34,90,377,4,9,58
5765,-108,32,90,377,6,9,58
5765,-108,43,90,377,3,9,57
5765,-108,52,90,377,4,10,58
5765,-108,33,90,377,4,10,58
5765,-108,40,90,377,6,9,56
5765,-108,40,90,377,5,10,57
5765,-108,42,90,377,4,9,57
5765,-108,33,90,377,4,8,56
5765,-108,29,90,377,5,10,57
5765,-108,40,90,377,5,11,58
5765,-108,36,90,377,3,9,58
5765,-108,40,90,377,6,10,58
5765,-108,38,89,377,4,9,57
5765,-108,36,90,377,6,8,58
5765,-108,34,89,377,6,8,56
5765,-108,32,90,377,5,9,58
5765,-108,39,90,377,4,8,57
5765,-108,49,90,377,1,8,57
5765,-108,27,90,377,5,10,57
5765,-108,34,90,377,5,11,59
5765,-108,38,90,377,4,9,58
5765,-108,30,90,377,5,8,56
5765,-108,34,90,377,6,10,58
5765,-108,38,90,377,4,10,58
5765,-108,31,90,377,6,9,58
5765,-108,44,89,377,6,8,56
5765,-108,37,90,377,3,9,57
5765,-108,32,90,377,4,12,58
5765,-108,40,90,377,6,8,57
5765,-108,34,88,378,5,8,56
5765,-108,45,90,377,5,10,57
5765,-108,39,90,377,4,8,58
5765,-108,30,89,377,5,10,57
5765,-108,37,90,377,5,8,57
5765,-108,42,90,377,5,10,58
5765,-108,56,90,377,4,9,57
5765,-108,31,90,377,5,9,57
5765,-108,25,88,378,6,8,55
5765,-108,34,90,377,4,9,58
5765,-108,32,89,377,5,8,57
5765,-108,43,90,377,4,10,57
5765,-108,32,90,377,6,8,57
5765,-108,32,90,377,5,9,57
5765,-108,30,89,378,7,9,57
5765,-108,39,89,377,4,8,56
5765,-108,36,90,377,5,10,58
5765,-108,50,90,377,5,9,57
5765,-108,40,90,377,5,9,57
5765,-108,39,90,377,6,10,58
5765,-108,33,90,377,5,11,57
5765,-108,48,89,377,5,9,56
5765,-108,41,90,377,5,8,57
5765,-108,45,90,377,3,10,58
5765,-108,26,89,377,5,9,56
5765,-108,32,90,377,5,8,57
5765,-108,32,90,377,5,9,57
5765,-108,39,90,377,5,9,58
5765,-108,34,90,377,4,9,57
5765,-108,45,90,377,4,12,58
5765,-108,33,90,377,6,12,58
5765,-108,46,90,377,5,9,58
5765,-108,48,90,377,4,10,57
5765,-108,41,90,377,5,9,58
5765,-108,30,90,377,5,10,57
5765,-108,36,90,377,4,9,57
5765,-108,42,90,377,5,8,58
5765,-108,41,90,377,4,9,58
5765,-108,30,90,377,5,9,57
5765,-108,26,90,377,5,8,57
5765,-108,30,89,377,6,10,56
5765,-108,30,90,377,5,9,57
5765,-108,38,90,377,5,10,58
5765,-108,33,90,377,6,10,58
5765,-108,22,89,377,5,9,56
5765,-108,42,90,377,5,9,57
5765,-108,31,90,377,6,8,57
5765,-108,32,90,377,5,10,58
5765,-108,46,90,377,4,9,58
5765,-108,48,90,377,5,9,58
5765,-108,34,90,377,5,11,59
5765,-108,34,90,377,5,9,57
5765,-108,48,90,377,5,9,58
5765,-108,46,90,377,6,9,57
5765,-108,43,90,377,4,8,57
5765,-108,43,90,377,6,9,57
5765,-108,36,90,377,5,9,57
5765,-108,49,90,377,4,8,58
5765,-108,32,90,377,5,9,57
5765,-108,34,90,377,5,8,57
5765,-108,55,90,377,5,8,58
5765,-108,42,90,377,5,9,58
5765,-108,47,90,377,4,10,58
5765,-108,30,90,377,5,10,57
5765,-108,43,90,377,5,8,57
5765,-108,35,89,377,6,8,57
5765,-108,30,89,377,6,8,57
5765,-108,33,90,377,5,10,58
5765,-108,20,89,378,5,8,56
5765,-108,42,90,377,4,9,57
5765,-108,31,90,377,4,11,58
5765,-108,37,90,377,6,8,57
5765,-108,47,90,377,5,10,57
5765,-108,38,90,377,4,10,57
5765,-108,35,90,377,5,10,58
5765,-108,46,89,377,5,10,57
5765,-108,26,89,378,5,9,55
5765,-108,49,90,377,5,10,57
5765,-108,35,90,377,6,10,57
5765,-108,31,90,377,4,8,58
5765,-108,58,90,377,5,9,58
5765,-108,40,90,377,4,10,58
5765,-108,45,90,377,5,8,58
5765,-108,42,90,377,5,9,57
5765,-108,33,90,377,5,10,58
5765,-108,30,90,377,4,9,58
5765,-108,45,90,377,6,9,57
5765,-108,32,90,377,5,10,58
5765,-108,49,90,377,5,10,58
5765,-108,49,90,377,5,11,58
5765,-108,40,90,377,6,9,57
5765,-108,51,90,377,6,9,57
5765,-108,54,90,377,4,8,57
5765,-108,42,90,377,2,9,57
5765,-108,43,90,377,5,10,58
5765,-108,43,90,377,5,12,58
5765,-108,41,90,377,4,9,57
5765,-108,52,90,377,5,10,58
5765,-108,34,90,377,5,8,57
5765,-108,36,90,377,4,11,58
5765,-108,50,90,377,4,9,58
5765,-108,33,90,377,5,12,58
5765,-108,33,90,377,5,9,58
5765,-108,48,90,377,4,7,56
5765,-108,28,90,377,5,9,57
5765,-108,46,90,377,3,8,57
5765,-108,48,90,377,5,9,58
5765,-108,36,90,377,5,9,57
5765,-108,40,90,377,4,10,59
5765,-108,33,90,377,5,8,57
5765,-108,40,90,377,4,11,59
5765,-108,29,90,377,4,10,57
5765,-108,34,90,377,4,10,59
5765,-108,25,88,378,6,8,55
5765,-108,51,90,377,4,10,58
5765,-108,41,90,377,4,10,57
5765,-108,25,89,377,5,10,56
5765,-108,38,90,377,5,9,56
5765,-108,40,90,377,4,10,58
5765,-108,29,90,377,5,8,57
5765,-108,35,90,377,3,9,57
5765,-108,34,90,377,4,10,57
5765,-108,42,90,377,6,10,57
5765,-108,45,90,377,5,10,58
5765,-108,34,90,377,4,9,58
5765,-108,28,90,377,5,10,58
5765,-108,43,90,377,5,9,57
5765,-108,40,90,377,5,8,56
5765,-108,38,90,377,5,10,58
5765,-108,36,90,377,5,10,58
5765,-108,49,89,377,6,10,57
5765,-108,41,90,377,4,7,57
5765,-108,33,90,377,5,8,57
5765,-108,33,90,377,5,9,58
5765,-108,37,90,377,3,10,58
5765,-108,46,90,377,4,7,58
5765,-108,32,90,377,4,9,57
5765,-108,39,90,377,5,9,58
5765,-108,52,89,378,5,11,57
5765,-108,30,90,377,3,9,57
5765,-108,30,90,377,3,9,57
5765,-108,32,90,377,6,11,59
5765,-108,36,90,377,5,8,57
5765,-108,31,90,377,4,11,58
5765,-108,31,90,377,5,10,58
5765,-108,46,90,377,4,8,57
5765,-108,41,89,377,5,9,57
5765,-108,37,90,377,4,10,58
5765,-108,46,90,377,4,9,58
5765,-108,45,90,377,5,10,58
5765,-108,39,90,377,5,9,57
5765,-108,31,90,377,5,10,57
5765,-108,45,90,377,5,9,58
5765,-108,47,90,377,5,9,58
5765,-108,32,90,377,4,9,58
5765,-108,43,90,377,5,10,58
5765,-108,59,90,377,4,9,58
5765,-108,39,90,377,6,10,57
5765,-108,34,90,377,4,10,58
5765,-108,33,89,377,5,10,57
5765,-108,43,90,377,3,9,58
5765,-108,32,89,377,6,10,57
5765,-108,47,90,377,4,9,57
5765,-108,33,90,377,4,10,58
5765,-108,36,89,377,6,9,56
5765,-108,42,90,377,4,11,59
5765,-108,49,89,378,5,10,58
5765,-108,35,90,377,5,9,57
5765,-108,54,90,377,4,11,58
5765,-108,39,90,377,5,9,57
5765,-108,49,90,377,5,10,59
5765,-108,44,90,377,4,10,58
5765,-108,40,89,377,5,10,57
5765,-108,41,90,377,4,10,58
5765,-108,42,90,377,6,9,58
5765,-108,28,90,377,5,10,58
5765,-108,52,90,377,5,9,58
5765,-108,32,90,377,5,11,58
5765,-108,33,90,377,5,11,59
5765,-108,53,86,380,4,62,53
5765,-108,45,90,377,4,8,57
5765,-108,34,89,377,5,9,57
5765,-108,61,90,377,4,10,58
5765,-108,41,90,377,4,10,58
5765,-108,41,90,377,6,10,58
5765,-108,34,90,377,6,9,57
5765,-108,33,90,377,5,10,58
5765,-108,30,90,377,4,9,58
5765,-108,33,90,377,6,8,57
5765,-108,53,90,377,4,10,58
5765,-108,36,90,377,4,10,58
5765,-108,31,90,377,3,10,58
5765,-108,44,90,377,4,10,58
5765,-108,27,90,377,5,10,58
5765,-108,27,89,377,5,7,56
5765,-108,45,90,377,5,10,59
5765,-108,47,90,377,4,9,58
5765,-108,37,90,377,5,9,58
5765,-108,30,90,377,5,9,57
5765,-108,39,90,377,4,8,57
5765,-108,34,90,377,4,10,58
5765,-108,34,90,377,4,10,58
5765,-108,36,89,378,6,10,57
5765,-108,36,90,377,6,9,57
5765,-108,35,90,377,5,8,57
5765,-108,37,90,377,4,9,57
5765,-108,43,90,377,4,10,58
5765,-108,42,90,377,6,11,59
5765,-108,35,90,377,5,10,57
5765,-108,41,90,377,5,11,59
5765,-108,39,90,377,5,10,58
5765,-108,31,90,377,5,10,59
5765,-108,36,90,377,5,10,58
5765,-108,45,90,377,4,9,57
5765,-108,33,90,377,3,10,57
5765,-108,33,90,377,5,9,58
5765,-108,56,90,377,5,10,58
5765,-108,44,88,379,5,1,56
5765,-108,50,90,377,7,11,58
5765,-108,36,90,377,5,9,58
5765,-108,51,90,377,6,7,57
5765,-108,33,90,377,5,10,57
5765,-108,53,90,377,4,8,58
5765,-108,39,90,377,5,10,57
5765,-108,38,90,377,3,11,58
5765,-108,65,89,378,6,8,57
5765,-108,28,90,377,3,8,57
5765,-108,48,90,377,4,10,58
5765,-108,46,90,377,4,10,58
5765,-108,47,89,377,5,10,57
5765,-108,49,90,377,5,9,58
5765,-108,44,90,377,5,9,58
5765,-108,37,90,377,5,9,58
5765,-108,49,90,377,5,11,58
5765,-108,34,89,377,6,9,57
5765,-108,33,90,377,5,10,58
5765,-108,59,90,377,4,9,58
5765,-108,33,90,377,4,7,56
5765,-108,30,90,377,5,10,57
5765,-108,36,90,377,5,10,57
5765,-108,36,90,377,5,10,58
5765,-108,47,90,377,5,9,57
5765,-108,31,88,378,5,9,55
5765,-108,47,90,377,6,8,57
5765,-108,43,90,377,5,8,57
5765,-108,48,90,377,4,9,58
5765,-108,32,90,377,4,10,57
5765,-108,31,89,377,6,8,56
5765,-108,39,90,377,5,6,57
5765,-108,48,90,377,5,10,57
5765,-108,31,89,378,6,9,57
5765,-108,34,90,377,4,9,58
5765,-108,31,90,377,5,8,58
5765,-108,33,90,377,4,8,56
5765,-108,36,90,377,5,10,58
5765,-108,41,90,377,5,10,58
5765,-108,32,89,377,6,9,57
5765,-108,63,90,377,3,8,57
5765,-108,50,89,377,4,8,55
5765,-108,31,90,377,5,9,57
5765,-108,35,90,377,5,8,57
5765,-108,37,90,377,5,10,58
5765,-108,45,90,377,4,10,58
5765,-108,52,89,377,5,9,57
5765,-108,46,90,377,4,11,58
5765,-108,44,90,377,6,10,59
5765,-108,33,90,377,3,9,58
5765,-108,31,90,377,5,10,58
5765,-108,33,90,377,5,8,58
5765,-108,33,90,377,5,9,57
5765,-108,28,90,377,5,10,57
5765,-108,31,89,377,5,9,56
5765,-108,40,90,377,3,9,57
5765,-108,40,90,377,4,9,57
5765,-108,27,89,378,6,10,57
5765,-108,35,90,377,4,8,58
5765,-108,44,90,377,5,10,57
5765,-108,44,90,377,5,9,58
5765,-108,34,90,377,4,11,58
5765,-108,30,90,377,5,10,57
5765,-108,37,90,377,5,10,58
5765,-108,46,89,377,5,11,57
5765,-108,47,90,377,4,9,57
5765,-108,56,90,377,5,8,57
5765,-108,44,89,377,6,9,56
5765,-108,34,90,377,5,9,57
5765,-108,45,90,377,5,10,58
5765,-108,29,90,377,5,9,58
5765,-108,36,90,377,5,9,57
5765,-108,46,90,377,5,10,57
5765,-108,39,90,377,3,9,58
5765,-108,32,90,377,4,11,59
5765,-108,34,90,377,6,9,57
5765,-108,45,90,377,4,10,58
5765,-108,39,90,377,6,9,57
5765,-108,55,90,377,5,9,58
5765,-108,43,90,377,4,9,57
5765,-108,37,90,377,4,10,57
5765,-108,40,89,378,5,10,57
5765,-108,30,90,377,5,10,58
5765,-108,36,89,377,4,8,57
5765,-108,48,90,377,4,9,58
5765,-108,46,90,377,4,9,57
5765,-108,35,89,378,6,9,57
5765,-108,29,90,377,5,8,57
5765,-108,57,90,377,6,10,58
5765,-108,44,90,377,5,8,57
5765,-108,47,90,377,5,9,58
5765,-108,26,90,377,5,10,58
5765,-108,53,90,377,5,10,58
5765,-108,43,90,377,7,10,58
5765,-108,32,90,377,5,10,59
5765,-108,34,90,377,6,10,58
5765,-108,28,90,377,3,11,57
5765,-108,41,90,377,6,10,57
5765,-108,42,90,377,5,9,57
5765,-108,42,90,377,7,9,57
5765,-108,41,90,377,5,10,57
5765,-108,34,90,377,4,10,57
5765,-108,42,90,377,4,9,58
5765,-108,49,90,377,4,10,58
5765,-108,59,90,377,5,10,58
5765,-108,24,89,378,5,9,57
5765,-108,48,90,377,5,8,57
5765,-108,46,90,377,3,10,57
5765,-108,46,90,377,5,10,58
5765,-108,27,88,378,5,8,56
5765,-108,50,90,377,3,10,58
5765,-108,46,90,377,6,10,58
5765,-108,45,90,377,5,8,57
5765,-108,35,90,377,6,8,58
5765,-108,37,90,377,5,9,58
5765,-108,30,90,377,5,9,57
5765,-108,35,88,378,6,8,55
5765,-108,46,89,377,4,9,58
5765,-108,35,90,377,4,10,58
5765,-108,40,90,377,5,8,56
5765,-108,39,90,377,5,8,57
5765,-108,52,90,377,4,9,58
5765,-108,31,90,377,5,8,57
5765,-108,47,90,377,5,10,58
5765,-108,37,90,377,4,9,58
5765,-108,46,90,377,5,10,59
5765,-108,38,90,377,4,9,57
5765,-108,40,90,377,5,9,58
5765,-108,40,90,377,4,10,58
5765,-108,38,90,377,4,9,57
5765,-108,46,90,377,4,11,59
5765,-108,41,90,377,5,9,58
5765,-108,34,90,377,3,9,57
5765,-108,27,88,378,6,10,56
5765,-108,41,90,377,4,11,59
5765,-108,44,90,377,4,9,57
5765,-108,35,90,377,4,9,57
5765,-108,41,90,377,4,9,58
5765,-108,38,90,377,5,9,57
5765,-108,38,90,377,4,10,58
5765,-108,34,90,377,3,8,58
5765,-108,51,90,377,5,9,57
5765,-108,57,90,377,5,10,57
5765,-108,29,90,377,6,9,58
5765,-108,33,90,377,5,9,57
5765,-108,42,90,377,4,6,57
5765,-108,41,90,377,4,9,57
5765,-108,34,90,377,5,7,57
5765,-108,45,90,377,5,8,57
5765,-108,51,90,377,5,10,58
5765,-108,39,90,377,6,8,57
5765,-108,43,90,377,5,8,57
5765,-108,35,90,377,5,12,58
5765,-108,47,90,377,6,10,58
5765,-108,40,90,377,5,9,58
5765,-108,47,90,377,5,9,58
5765,-108,26,90,377,4,8,57
5765,-108,48,90,377,4,9,58
5765,-108,50,90,377,5,8,57
5765,-108,37,90,377,4,8,57
5765,-108,45,90,377,4,10,59
5765,-108,35,89,377,6,8,56
5765,-108,29,90,377,4,10,57
5765,-108,41,89,378,5,9,57
5765,-108,50,90,377,4,10,58
5765,-108,30,89,377,5,8,57
5765,-108,34,90,377,4,10,58
5765,-108,52,90,377,6,9,57
5765,-108,28,88,378,6,9,56
5765,-108,55,90,377,5,9,57
5765,-108,30,90,377,4,9,57
5765,-108,57,90,377,4,8,57
5765,-108,39,90,377,5,9,57
5765,-108,51,90,377,5,8,58
5765,-108,39,90,377,4,9,57
5765,-108,48,89,377,5,10,58
5765,-108,44,90,377,5,9,58
5765,-108,37,90,377,5,11,58
5765,-108,48,90,377,4,11,58
5765,-108,57,90,377,4,8,57
5765,-108,48,90,377,5,10,58
5765,-108,33,89,377,5,8,57
5765,-108,35,89,377,6,11,57
5765,-108,27,90,377,4,11,58
5765,-108,61,90,377,5,9,56
5765,-108,44,90,377,4,9,58
5765,-108,31,90,377,4,10,58
5765,-108,27,90,377,5,8,57
5765,-108,46,90,377,5,10,57
5765,-108,45,90,377,5,10,59
5765,-108,47,90,377,5,10,58
5765,-108,40,90,377,5,10,58
5765,-108,39,90,377,3,8,57
5765,-108,47,89,377,5,8,56
5765,-108,65,90,377,4,11,58
5765,-108,48,90,377,4,11,58
5765,-108,45,90,377,3,7,57
5765,-108,47,90,377,5,10,58
5765,-108,32,90,377,4,8,57
5765,-108,39,90,377,4,11,58
5765,-108,32,90,377,4,9,58
5765,-108,44,90,377,5,8,57
5765,-108,38,90,377,6,8,58
5765,-108,54,90,377,4,10,58
5765,-108,40,90,377,5,12,58
5765,-108,54,90,377,5,10,58
5765,-108,44,89,377,6,9,57
5765,-108,37,90,377,5,10,58
5765,-108,42,90,377,6,10,58
5765,-108,32,90,377,5,8,58
5765,-108,32,90,377,5,9,57
5765,-108,31,90,377,4,10,58
5765,-108,29,90,377,5,10,57
5765,-108,41,89,377,5,9,57
5765,-108,49,90,377,5,10,59
5765,-108,44,89,377,6,11,57
5765,-108,37,90,377,4,10,58
5765,-108,51,90,377,5,10,57
5765,-108,28,90,377,5,9,57
5765,-108,34,90,377,3,10,57
5765,-108,32,90,377,3,10,59
5765,-108,40,90,377,5,9,58
5765,-108,42,90,377,5,10,58
5765,-108,32,90,377,5,8,57
5765,-108,52,90,377,4,10,58
5765,-108,30,90,377,6,8,57
5765,-108,57,90,377,4,9,57
5765,-108,55,90,377,4,9,59
5765,-108,36,90,377,5,10,58
5765,-108,33,90,377,4,9,57
5765,-108,36,90,377,6,10,58
5765,-108,32,90,377,4,7,57
5765,-108,37,90,377,4,9,57
5765,-108,41,88,378,7,10,56
5765,-108,56,90,377,5,9,57
5765,-108,41,90,377,6,9,58
5765,-108,42,90,377,4,8,58
5765,-108,43,90,377,5,10,59
5765,-108,29,90,377,4,8,58
5765,-108,34,90,377,5,9,58
5765,-108,40,90,377,4,9,57
5765,-108,53,90,377,5,10,58
5765,-108,45,90,377,4,10,58
5765,-108,41,90,377,6,8,57
5765,-108,38,90,377,4,11,58
5765,-108,30,90,377,5,9,57
5765,-108,35,90,377,5,9,58
5765,-108,48,90,377,4,9,57
5765,-108,32,89,377,6,8,56
5765,-108,24,89,378,4,8,56
5765,-108,53,90,377,4,9,58
5765,-108,31,90,377,6,8,57
5765,-108,48,90,377,6,10,58
5765,-108,39,90,377,6,10,57
5765,-108,35,90,377,4,10,58
5765,-108,33,90,377,5,8,57
5765,-108,29,89,377,6,10,56
5765,-108,31,90,377,5,9,58
5765,-108,46,90,377,5,8,57
5765,-108,32,90,377,5,10,58
5765,-108,49,90,377,5,8,57
5765,-108,54,90,377,5,9,57
5765,-108,42,90,377,4,9,58
5765,-108,28,89,377,5,9,57
5765,-108,31,90,377,6,10,57
5765,-108,38,90,377,6,8,57
5765,-108,31,90,377,6,9,57
5765,-108,43,90,377,4,11,58
5765,-108,38,90,377,4,10,58
5765,-108,35,90,377,5,9,57
5765,-108,42,90,377,5,9,58
5765,-108,44,90,377,5,9,57
5765,-108,44,89,377,4,9,57
5765,-108,65,90,377,6,10,57
5765,-108,37,90,377,4,9,57
5765,-108,33,90,377,4,9,58
5765,-108,37,90,377,5,9,58
5765,-108,49,90,377,6,10,58
5765,-108,40,90,377,3,7,57
5765,-108,32,90,377,5,10,58
5765,-108,50,90,377,5,9,58
5765,-108,46,90,377,4,9,58
5765,-108,62,90,377,4,10,57
5765,-108,38,90,377,4,9,56
5765,-108,38,90,377,5,11,58
5765,-108,37,90,377,5,10,58
5765,-108,45,90,377,4,9,58
5765,-108,34,90,377,4,8,56
5765,-108,57,90,377,4,9,58
5765,-108,34,89,377,5,8,55
5765,-108,37,90,377,4,8,56
5765,-108,67,90,377,5,9,57
5765,-108,42,90,377,4,11,58
5765,-108,57,90,377,5,10,58
5765,-108,51,90,377,5,8,57
5765,-108,56,90,377,5,8,58
5765,-108,43,90,377,5,7,57
5765,-108,51,90,377,5,9,58
5765,-108,50,90,377,5,11,58
5765,-108,45,90,377,4,8,57
5765,-108,56,90,377,5,10,58
5765,-108,39,90,377,5,11,59
5765,-108,45,90,377,4,10,57
5765,-108,37,90,377,4,10,58
5765,-108,48,89,377,4,10,57
5765,-108,39,90,377,6,8,57
5765,-108,40,90,377,5,10,58
5765,-108,42,90,377,5,9,59
5765,-108,37,90,377,4,9,58
5765,-108,41,90,377,4,11,58
5765,-108,42,90,377,6,10,58
5765,-108,34,90,377,4,10,58
5765,-108,42,89,378,6,9,57
5765,-108,32,90,377,5,9,58
5765,-108,41,90,377,5,9,57
5765,-108,45,89,378,5,9,57
5765,-108,35,90,377,6,8,57
5765,-108,34,90,377,5,8,57
5765,-108,57,90,377,4,10,58
5765,-108,45,90,377,5,10,57
5765,-108,47,90,377,5,10,59
5765,-108,35,90,377,4,9,57
5765,-108,36,90,377,5,9,57
5765,-108,30,90,377,4,9,57
5765,-108,27,90,377,5,7,57
5765,-108,44,90,377,5,8,57
5765,-108,30,90,377,4,9,57
5765,-108,37,90,377,4,9,57
5765,-108,33,90,377,6,9,57
5765,-108,33,90,377,5,9,57
5765,-108,35,90,377,6,10,57
5765,-108,31,90,377,4,8,57
5765,-108,37,89,377,5,7,55
5765,-108,35,90,377,5,8,57
5765,-108,38,90,377,6,12,58
5765,-108,38,90,377,5,6,56
5765,-108,31,89,378,6,9,57
5765,-108,27,89,377,6,10,57
5765,-108,49,90,377,5,9,57
5765,-108,46,90,377,5,9,57
5765,-108,44,90,377,5,10,57
5765,-108,30,90,377,5,8,57
5765,-108,25,89,377,4,8,56
5765,-108,51,90,377,5,9,58
5805,-108,44,90,377,4,10,57
5805,-108,41,90,377,6,10,57
5805,-108,50,90,377,4,9,57
5805,-108,41,90,377,5,11,58
5805,-108,29,89,377,6,7,55
5805,-108,42,90,377,4,9,57
5805,-108,35,90,377,4,9,58
5805,-108,29,90,377,5,10,56
5805,-108,40,90,377,5,8,56
5805,-108,37,90,377,4,9,56
5805,-108,52,90,377,3,9,57
5805,-108,24,90,377,4,10,57
5805,-108,48,90,377,4,10,57
5805,-108,33,90,377,5,9,57
5805,-108,41,90,377,5,9,57
5805,-108,39,90,377,3,9,58
5805,-108,31,89,377,4,9,55
5805,-108,51,90,377,4,9,56
5805,-108,28,90,377,5,9,57
5805,-108,46,90,377,6,8,56
5805,-108,50,90,377,4,10,58
5805,-108,44,90,377,4,9,57
5805,-108,41,90,377,5,9,57
5805,-108,35,90,377,3,10,57
5805,-108,36,90,377,5,10,57
5805,-108,47,90,377,5,10,58
5805,-108,28,90,377,4,10,57
5805,-108,43,90,377,4,11,57
5805,-108,45,90,377,4,10,58
5805,-108,44,90,377,3,10,57
5805,-108,51,90,377,4,10,57
5805,-108,32,90,377,5,10,57
5805,-108,33,90,377,5,10,57
5805,-108,29,89,377,5,10,56
5805,-108,34,90,377,4,9,57
5805,-108,35,90,377,5,9,56
5805,-108,27,90,377,5,9,57
5805,-108,35,90,377,5,8,56
5805,-108,60,90,377,5,11,58
5805,-108,30,90,377,4,9,57
5805,-108,31,90,377,4,9,57
5805,-108,38,90,377,4,9,56
5805,-108,37,90,377,5,9,57
5805,-108,40,90,377,4,10,56
5805,-108,30,90,377,6,9,56
5805,-108,32,90,377,4,11,57
5805,-108,37,90,377,4,8,57
5805,-108,36,90,377,4,9,57
5805,-108,40,90,377,5,8,57
5805,-108,49,90,377,5,11,57
5805,-108,51,90,377,5,9,57
5805,-108,50,90,377,4,9,57
5805,-108,37,90,377,4,10,58
5805,-108,50,90,377,4,9,58
5805,-108,32,90,377,4,11,57
5805,-108,46,90,377,6,10,57
5805,-108,48,90,377,5,10,56
5805,-108,52,90,377,4,9,57
5805,-108,30,90,377,4,10,56
5805,-108,50,90,377,4,11,58
5805,-108,44,90,377,5,10,57
5805,-108,42,89,377,6,10,57
5805,-108,43,90,377,3,7,56
5805,-108,52,90,377,4,9,56
5805,-108,51,90,377,5,9,57
5805,-108,30,90,377,5,10,57
5805,-108,43,90,377,4,9,57
5805,-108,34,90,377,4,10,57
5805,-108,35,90,377,4,11,57
5805,-108,40,90,377,4,8,56
5805,-108,41,90,377,4,10,57
5805,-108,33,90,377,5,7,56
5805,-108,41,90,377,4,9,57
5805,-108,40,90,377,4,11,57
5805,-108,32,90,377,4,9,56
5805,-108,48,90,377,4,10,58
5805,-108,35,90,377,3,9,58
5805,-108,36,90,377,3,9,57
5805,-108,31,90,377,5,11,57
5805,-108,30,90,377,4,10,57
5805,-108,39,90,377,5,11,57
5805,-108,56,90,377,4,11,57
5805,-108,58,90,377,3,11,58
5805,-108,30,90,377,4,8,57
5805,-108,32,90,377,5,9,56
5805,-108,27,90,377,4,8,56
5805,-108,39,90,377,5,8,57
5805,-108,53,90,377,5,9,57
5805,-108,35,90,377,4,9,57
5805,-108,39,90,377,4,9,57
5805,-108,37,90,377,4,10,57
5805,-108,43,90,377,4,10,57
5805,-108,36,90,377,5,10,58
5805,-108,28,90,377,5,8,56
5805,-108,36,90,377,4,7,55
5805,-108,29,90,377,5,9,57
5805,-108,32,90,377,4,9,57
5805,-108,46,90,377,5,10,56
5805,-108,45,90,377,3,10,58
5805,-108,36,90,377,4,10,57
5805,-108,46,90,377,4,8,56
5805,-108,54,90,377,5,11,57
5805,-108,48,90,377,5,11,57
5805,-108,37,90,377,5,9,56
5805,-108,44,90,377,4,10,57
5805,-108,36,90,377,5,9,57
5805,-108,44,90,377,4,10,57
5805,-108,38,90,377,4,9,55
5805,-108,42,90,377,5,10,58
5805,-108,40,90,377,4,9,57
5805,-108,42,90,377,5,10,57
5805,-108,31,90,377,4,11,57
5805,-108,31,90,377,4,9,57
5805,-108,29,90,377,3,9,57
5805,-108,44,90,377,4,8,56
5805,-108,25,90,377,5,9,57
5805,-108,44,90,377,3,10,56
5805,-108,50,90,377,4,8,57
5805,-108,31,90,377,4,8,57
5805,-108,36,90,377,5,10,57
5805,-108,39,90,377,4,10,56
5805,-108,32,90,377,6,10,57
5805,-108,31,90,377,5,9,57
5805,-108,37,90,377,3,8,56
5805,-108,43,90,377,5,10,57
5805,-108,38,90,377,4,10,57
5805,-108,53,90,377,4,9,57
5805,-108,41,90,377,4,8,57
5805,-108,41,90,377,5,10,57
5805,-108,54,90,377,4,8,57
5805,-108,52,90,377,5,7,55
5805,-108,47,90,377,3,9,57
5805,-108,56,90,377,4,9,57
5805,-108,47,90,377,5,10,57
5805,-108,33,90,377,4,10,57
5805,-108,44,90,377,4,9,57
5805,-108,54,90,377,6,7,56
5805,-108,53,90,377,5,8,56
5805,-108,49,90,377,5,8,56
5805,-108,32,90,377,4,10,56
5805,-108,33,89,378,6,10,56
5805,-108,53,90,377,3,9,57
5805,-108,31,90,377,5,10,57
5805,-108,41,90,377,4,9,57
5805,-108,39,90,377,5,9,57
5805,-108,35,90,377,4,9,56
5805,-108,43,90,377,4,8,56
5805,-108,51,90,377,3,8,56
5805,-108,51,90,377,5,9,57
5805,-108,41,90,377,5,9,57
5805,-108,47,90,377,4,12,58
5805,-108,36,90,377,4,9,57
5805,-108,40,90,377,4,9,57
5805,-108,43,90,377,5,9,57
5805,-108,41,90,377,5,10,57
5805,-108,45,90,377,4,8,57
5805,-108,44,90,377,4,10,57
5805,-108,42,90,377,5,9,57
5805,-108,48,90,377,3,10,56
5805,-108,35,90,377,4,10,57
5805,-108,28,90,377,5,8,57
5805,-108,50,90,377,5,9,58
5805,-108,34,90,377,3,10,57
5805,-108,57,90,377,4,7,57
5805,-108,37,90,377,6,10,57
5805,-108,29,89,377,5,8,55
5805,-108,27,90,377,5,11,57
5805,-108,40,90,377,4,10,56
5805,-108,37,90,377,4,10,57
5805,-108,35,90,377,4,8,57
5805,-108,41,90,377,5,10,57
5805,-108,41,90,377,2,10,57
5805,-108,47,90,377,5,11,58
5805,-108,45,90,377,4,9,57
5805,-108,42,90,377,5,8,55
5805,-108,42,90,377,3,9,57
5805,-108,46,90,377,5,8,55
5805,-108,35,90,377,4,9,57
5805,-108,38,90,377,4,10,57
5805,-108,34,90,377,5,10,57
5805,-108,32,90,377,5,11,57
5805,-108,32,90,377,3,9,57
5805,-108,38,90,377,5,8,57
5805,-108,33,90,377,5,8,56
5805,-108,36,90,377,3,10,58
5805,-108,42,90,377,4,10,56
5805,-108,46,90,377,6,9,58
5805,-108,34,90,377,4,10,57
5805,-108,36,90,377,5,9,57
5805,-108,33,90,377,4,9,57
5805,-108,31,90,377,4,9,56
5805,-108,33,90,377,6,9,57
5805,-108,44,90,377,3,10,58
5805,-108,56,90,377,3,9,57
5805,-108,34,90,377,4,10,57
5805,-108,37,90,377,5,9,57
5805,-108,35,90,377,4,8,56
5805,-108,40,90,377,5,9,57
5805,-108,27,89,378,6,10,56
5805,-108,29,90,377,4,9,57
5805,-108,46,90,377,5,10,57
5805,-108,36,90,377,4,12,58
5805,-108,31,90,377,4,9,56
5805,-108,28,90,377,6,9,56
5805,-108,36,89,378,4,10,57
5805,-108,49,90,377,5,10,58
5805,-108,30,90,377,4,10,56
5805,-108,43,90,377,5,8,56
5805,-108,31,90,377,5,8,57
5805,-108,51,90,377,5,10,57
5805,-108,52,90,377,2,8,57
5805,-108,55,90,377,4,12,58
5805,-108,45,90,377,6,9,57
5805,-108,36,90,377,5,9,57
5805,-108,69,90,377,5,9,57
5805,-108,51,90,377,4,10,57
5805,-108,44,90,377,4,10,57
5805,-108,36,90,377,4,9,55
5805,-108,42,90,377,4,11,58
5805,-108,39,90,377,4,10,58
5805,-108,50,90,377,4,9,57
5805,-108,53,90,377,4,11,57
5805,-108,47,90,377,4,10,58
5805,-108,44,90,377,4,9,57
5805,-108,37,90,377,3,9,57
5805,-108,41,90,377,4,9,57
5805,-108,32,90,377,4,9,57
5805,-108,52,90,377,4,11,57
5805,-108,44,90,377,5,10,57
5805,-108,43,90,377,5,10,57
5805,-108,28,90,377,3,9,57
5805,-108,63,90,377,4,10,57
5805,-108,49,90,377,4,10,57
5805,-108,33,90,377,4,10,57
5805,-108,56,90,377,5,10,58
5805,-108,38,90,377,4,9,57
5805,-108,41,90,377,3,11,57
5805,-108,44,90,377,3,8,56
5805,-108,46,90,377,4,10,57
5805,-108,45,90,377,4,9,57
5805,-108,31,90,377,4,7,56
5805,-108,46,90,377,5,10,57
5805,-108,43,90,377,4,9,57
5805,-108,42,90,377,4,11,57
5805,-108,29,90,377,4,9,56
5805,-108,36,90,377,5,10,57
5805,-108,56,90,377,5,10,57
5805,-108,31,90,377,5,8,57
5805,-108,53,90,377,5,10,57
5805,-108,39,90,377,3,9,57
5805,-108,50,90,377,4,11,58
5805,-108,55,90,377,4,9,57
5805,-108,46,90,377,3,9,56
5805,-108,34,90,377,5,11,58
5805,-108,33,90,377,4,9,57
5805,-108,40,90,377,5,9,57
5805,-108,49,90,377,4,9,57
5805,-108,43,90,377,5,10,57
5805,-108,44,90,377,3,8,57
5805,-108,61,90,377,5,10,58
5805,-108,52,90,377,3,10,58
5805,-108,50,90,377,4,9,57
5805,-108,31,90,377,4,11,57
5805,-108,43,90,377,5,9,56
5805,-108,34,90,377,3,11,57
5805,-108,46,90,377,3,9,57
5805,-108,37,90,377,4,10,57
5805,-108,35,90,377,4,9,57
5805,-108,36,90,377,4,10,57
5805,-108,39,90,377,4,11,58
5805,-108,38,90,377,6,9,57
5805,-108,42,90,377,4,10,57
5805,-108,46,90,377,3,8,57
5805,-108,49,90,377,4,10,57
5805,-108,51,90,377,5,9,57
5805,-108,40,90,377,5,9,56
5805,-108,59,90,377,4,9,57
5805,-108,34,90,377,3,9,56
5805,-108,38,90,377,4,10,57
5805,-108,55,90,377,5,9,58
5805,-108,31,90,377,4,9,57
5805,-108,27,90,377,4,7,57
5805,-108,31,90,377,5,9,57
5805,-108,34,90,377,5,7,56
5805,-108,40,90,377,5,11,57
5805,-108,40,89,377,5,11,57
5805,-108,49,90,377,4,10,57
5805,-108,43,90,377,6,10,58
5805,-108,30,90,377,5,9,57
5805,-108,43,90,377,3,9,57
5805,-108,41,90,377,3,11,57
5805,-108,41,90,377,4,10,57
5805,-108,49,90,377,5,8,57
5805,-108,38,90,377,5,8,56
5805,-108,51,90,377,4,10,58
5805,-108,42,90,377,4,11,57
5805,-108,44,90,377,2,8,56
5805,-108,34,90,377,4,8,57
5805,-108,29,90,377,3,9,56
5805,-108,33,90,377,5,9,58
5805,-108,51,90,377,3,8,56
5805,-108,40,90,377,5,9,56
5805,-108,43,90,377,2,9,57
5805,-108,35,90,377,5,9,57
5805,-108,42,90,377,3,9,57
5805,-108,45,90,377,5,9,57
5805,-108,41,90,377,4,8,56
5805,-108,35,90,377,4,9,57
5805,-108,42,90,377,4,13,58
5805,-108,42,90,377,5,10,57
5805,-108,49,90,377,4,9,57
5805,-108,35,90,377,6,9,57
5805,-108,35,90,377,4,10,57
5805,-108,43,90,377,4,9,57
5805,-108,27,89,378,4,9,56
5805,-108,35,90,377,4,10,57
5805,-108,26,90,377,4,10,57
5805,-108,54,90,377,4,9,57
5805,-108,37,90,377,4,9,57
5805,-108,47,90,377,5,10,57
5805,-108,42,90,377,5,9,57
5805,-108,30,89,377,5,8,56
5805,-108,33,90,377,4,10,57
5805,-108,34,90,377,4,10,57
5805,-108,44,90,377,4,10,57
5805,-108,50,90,377,3,10,57
5805,-108,44,90,377,4,10,57
5805,-108,40,90,377,6,11,58
5805,-108,38,90,377,5,9,57
5805,-108,32,90,377,4,11,57
5805,-108,39,90,377,5,10,57
5805,-108,42,90,377,4,9,56
5805,-108,36,90,377,4,9,57
5805,-108,47,90,377,5,9,57
5805,-108,43,90,377,5,9,56
5805,-108,44,90,377,3,8,56
5805,-108,65,90,377,5,10,58
5805,-108,44,90,377,5,11,57
5805,-108,37,90,377,4,8,56
5805,-108,29,89,377,6,9,55
5805,-108,52,90,377,5,10,58
5805,-108,32,90,377,4,10,57
5805,-108,37,90,377,4,9,57
5805,-108,50,90,377,5,10,58
5805,-108,32,90,377,4,9,56
5805,-108,29,90,377,4,10,57
5805,-108,51,90,377,5,9,57
5805,-108,56,90,377,3,10,57
5805,-108,41,90,377,5,9,57
5805,-108,36,90,377,3,9,57
5805,-108,41,90,377,4,7,56
5805,-108,43,90,377,6,8,56
5805,-108,47,90,377,5,9,57
5805,-108,48,90,377,4,8,56
5805,-108,40,90,377,4,9,57
5805,-108,34,90,377,4,9,57
5805,-108,41,90,377,4,8,56
5805,-108,60,90,377,5,10,57
5805,-108,28,90,377,5,10,57
5805,-108,64,90,377,5,9,57
5805,-108,47,90,377,5,10,57
5805,-108,35,90,377,5,9,57
5805,-108,32,90,377,5,10,57
5805,-108,33,90,377,3,9,57
5805,-108,35,90,377,5,10,57
5805,-108,37,90,377,5,10,56
5805,-108,44,90,377,4,8,57
5805,-108,48,90,377,3,9,57
5805,-108,29,90,377,5,9,57
5805,-108,37,90,377,5,11,57
5805,-108,33,90,377,6,10,58
5805,-108,42,90,377,2,11,58
5805,-108,45,90,377,4,11,57
5805,-108,42,90,377,4,9,56
5805,-108,27,90,377,5,8,57
5805,-108,51,90,377,5,8,56
5805,-108,34,90,377,3,8,57
5805,-108,34,90,377,3,10,58
5805,-108,52,90,377,4,11,58
5805,-108,48,90,377,4,11,57
5805,-108,54,90,377,5,10,57
5805,-108,45,90,377,3,9,57
5805,-108,37,90,377,3,11,58
5805,-108,36,89,377,6,11,56
5805,-108,35,90,377,3,10,57
5805,-108,51,90,377,4,10,57
5805,-108,32,90,377,6,10,57
5805,-108,31,90,377,5,11,57
5805,-108,28,90,377,4,8,57
5805,-108,41,90,377,5,9,57
5805,-108,54,90,377,4,9,57
5805,-108,60,90,377,5,8,57
5805,-108,41,90,377,3,9,56
5805,-108,59,90,377,6,8,56
5805,-108,43,90,377,4,9,57
5805,-108,53,90,377,4,10,57
5805,-108,45,90,377,4,8,56
5805,-108,43,89,377,6,9,56
5805,-108,32,90,377,3,10,57
5805,-108,36,90,377,5,10,57
5805,-108,43,90,377,4,10,57
5805,-108,37,90,377,4,9,57
5805,-108,33,90,377,4,8,56
5805,-108,43,90,377,4,9,57
5805,-108,34,90,377,5,9,57
5805,-108,25,89,377,5,10,56
5805,-108,35,90,377,4,11,58
5805,-108,35,90,377,5,11,57
5805,-108,42,90,377,3,8,57
5805,-108,37,90,377,4,10,57
5805,-108,43,90,377,5,10,56
5805,-108,36,90,377,5,10,57
5805,-108,42,90,377,5,10,56
5805,-108,41,90,377,3,12,57
5805,-108,34,90,377,5,9,57
5805,-108,45,90,377,4,9,57
5805,-108,27,90,377,3,9,56
5805,-108,31,90,377,3,10,57
5805,-108,37,90,377,3,10,57
5805,-108,52,90,377,4,10,57
5805,-108,39,90,377,5,11,57
5805,-108,55,90,377,4,10,57
5805,-108,40,89,377,4,8,57
5805,-108,32,90,377,4,9,57
5805,-108,39,90,377,4,10,57
5805,-108,47,90,377,5,9,58
5805,-108,51,90,377,3,7,56
5805,-108,28,90,377,5,9,57
5805,-108,38,90,377,3,9,57
5805,-108,45,90,377,5,10,58
5805,-108,29,90,377,4,12,57
5805,-108,46,90,377,3,9,57
5805,-108,42,90,377,5,8,56
5805,-108,40,90,377,5,11,57
5805,-108,36,90,377,5,11,57
5805,-108,37,90,377,4,9,57
5805,-108,40,90,377,3,9,58
5805,-108,41,90,377,3,10,57
5805,-108,43,90,377,4,10,58
5805,-108,32,90,377,4,9,57
5805,-108,46,90,377,5,9,56
5805,-108,45,90,377,4,11,57
5805,-108,44,90,377,4,11,57
5805,-108,34,90,377,5,11,57
5805,-108,40,90,377,3,11,57
5805,-108,45,90,377,5,9,57
5805,-108,41,90,377,5,10,57
5805,-108,44,90,377,3,10,57
5805,-108,35,90,377,4,9,56
5805,-108,28,90,377,5,7,56
5805,-108,53,90,377,5,10,56
5805,-108,64,90,377,5,8,57
5805,-108,29,90,377,4,10,57
5805,-108,56,90,377,3,9,57
5805,-108,48,90,377,5,9,56
5805,-108,26,90,377,4,10,57
5805,-108,50,90,377,5,10,57
5805,-108,58,90,377,6,10,58
5805,-108,53,90,377,3,8,57
5805,-108,43,90,377,3,10,57
5805,-108,37,90,377,5,10,58
5805,-108,36,90,377,5,10,57
5805,-108,36,90,377,5,9,56
5805,-108,33,90,377,4,10,56
5805,-108,44,90,377,4,9,56
5805,-108,27,90,377,6,8,57
5805,-108,44,90,377,4,11,58
5805,-108,42,90,377,5,9,57
5805,-108,49,90,377,4,9,57
5805,-108,42,90,377,5,9,57
5805,-108,39,90,377,4,10,57
5805,-108,51,90,377,4,10,57
5805,-108,51,90,377,4,9,57
5805,-108,44,90,377,5,9,57
5805,-108,38,90,377,4,10,57
5805,-108,43,90,377,4,9,57
5805,-108,42,90,377,4,9,57
5805,-108,35,90,377,3,10,57
5805,-108,36,90,377,4,10,56
5805,-108,42,90,377,4,10,58
5805,-108,45,90,377,4,11,58
5805,-108,42,90,377,3,11,57
5805,-108,25,90,377,2,9,56
5805,-108,53,90,377,4,11,58
5805,-108,45,90,377,4,9,57
5805,-108,34,90,377,4,8,57
5805,-108,55,90,377,4,9,56
5805,-108,47,90,377,5,9,56
5805,-108,43,90,377,4,9,57
5805,-108,43,90,377,4,10,57
5805,-108,35,90,377,4,10,57
5805,-108,36,90,377,5,10,57
5805,-108,30,90,377,3,9,57
5805,-108,41,90,377,6,9,57
5805,-108,41,90,377,5,11,57
5805,-108,38,90,377,4,8,56
5805,-108,40,90,377,5,8,56
5805,-108,54,90,377,5,10,57
5805,-108,38,90,377,4,8,56
5805,-108,55,90,377,5,9,56
5805,-108,33,90,377,3,10,58
5805,-108,48,90,377,5,10,57
5805,-108,47,90,377,5,9,57
5805,-108,41,90,377,3,9,57
5805,-108,29,90,377,4,8,56
5805,-108,42,90,377,5,9,57
5805,-108,26,90,377,6,9,56
5805,-108,33,90,377,5,10,57
5805,-108,41,90,377,4,11,57
5805,-108,38,90,377,2,7,57
5805,-108,47,90,377,4,10,58
5805,-108,51,90,377,5,11,57
5805,-108,40,90,377,4,9,57
5805,-108,44,90,377,4,9,57
5805,-108,38,90,377,5,10,57
5805,-108,52,90,377,5,10,57
5805,-108,46,90,377,5,11,57
5805,-108,42,90,377,5,10,57
5805,-108,57,90,377,5,10,58
5805,-108,50,90,377,4,10,57
5805,-108,30,90,377,4,7,55
5805,-108,50,90,377,5,9,56
5805,-108,59,90,377,3,10,57
5805,-108,28,89,377,5,8,55
5805,-108,53,90,377,3,9,57
5805,-108,55,90,377,4,8,57
5805,-108,44,90,377,5,10,57
5805,-108,45,90,377,4,10,57
5805,-108,46,90,377,5,8,57
5805,-108,34,90,377,4,7,55
5805,-108,50,90,377,5,10,57
5805,-108,48,90,377,3,9,57
5805,-108,34,90,377,5,9,57
5805,-108,31,90,377,5,9,57
5805,-108,45,90,377,4,10,57
5805,-108,35,90,377,4,11,57
5805,-108,55,90,377,5,9,57
5805,-108,50,90,377,5,10,57
5805,-108,47,90,377,5,9,57
5805,-108,32,90,377,5,9,57
5805,-108,55,90,377,5,10,57
5805,-108,47,90,377,5,9,57
5805,-108,48,90,377,5,10,57
5805,-108,32,90,377,5,10,57
5805,-108,26,90,377,6,10,57
5805,-108,36,90,377,5,9,56
5805,-108,45,90,377,4,11,57
5805,-108,34,89,378,5,10,56
5805,-108,47,90,377,4,8,57
5805,-108,47,90,377,4,9,56
5805,-108,29,90,377,3,8,57
5805,-108,43,90,377,4,11,57
5805,-108,43,90,377,4,8,57
5805,-108,49,90,377,4,10,57
5805,-108,27,90,377,4,8,56
5805,-108,35,90,377,4,10,56
5805,-108,34,90,377,4,9,57
5805,-108,40,90,377,4,11,58
5805,-108,38,90,377,5,10,56
5805,-108,44,90,377,5,11,57
5805,-108,35,90,377,4,10,56
5805,-108,32,90,377,4,9,57
5805,-108,44,90,377,5,10,57
5805,-108,42,90,377,3,6,55
5805,-108,35,90,377,5,10,58
5805,-108,41,90,377,4,8,56
5805,-108,40,90,377,5,10,58
5805,-108,34,90,377,5,10,58
5805,-108,59,90,377,5,8,57
5805,-108,52,90,377,4,9,57
5805,-108,28,90,377,4,9,57
5805,-108,34,90,377,5,8,57
5805,-108,34,90,377,5,9,56
5805,-108,32,90,377,5,9,57
5805,-108,38,90,377,4,10,57
5805,-108,54,90,377,5,10,57
5805,-108,40,90,377,5,10,57
5805,-108,38,89,378,7,9,56
5805,-108,26,90,377,6,10,57
5805,-108,41,90,377,4,8,57
5805,-108,40,90,377,6,9,57
5805,-108,43,90,377,5,9,58
5805,-108,36,90,377,3,11,58
5805,-108,45,90,377,3,7,56
5805,-108,50,90,377,5,7,57
5805,-108,45,90,377,3,9,57
5805,-108,47,90,377,4,10,57
5805,-108,45,90,377,4,10,57
5805,-108,41,90,377,5,11,57
5805,-108,42,89,377,5,7,54
5805,-108,39,90,377,4,9,57
5805,-108,32,90,377,4,9,57
5805,-108,40,90,377,6,7,56
5805,-108,35,90,377,5,9,57
5805,-108,47,90,377,2,10,58
5805,-108,31,90,377,5,10,56
5805,-108,42,90,377,4,9,58
5805,-108,52,90,377,4,10,58
5805,-108,38,90,377,2,9,57
5805,-108,39,90,377,3,9,57
5805,-108,56,90,377,4,7,56
5805,-108,29,90,377,4,8,57
5805,-108,48,90,377,5,11,57
5805,-108,62,90,377,5,10,58
5805,-108,42,90,377,5,12,58
5805,-108,60,90,377,5,9,58
5805,-108,32,90,377,4,8,57
5805,-108,28,90,377,3,9,57
5805,-108,53,90,377,5,9,57
5805,-108,49,90,377,5,9,57
5805,-108,37,90,377,5,9,57
5805,-108,42,90,377,3,8,56
5805,-108,45,90,377,6,9,56
5805,-108,30,90,377,4,10,58
5805,-108,31,90,377,5,11,57
5805,-108,46,90,377,4,10,57
5805,-108,28,90,377,4,8,57
5805,-108,53,90,377,4,9,57
5805,-108,36,90,377,5,8,56
5805,-108,28,90,377,6,9,56
5805,-108,50,90,377,4,10,58
5805,-108,34,90,377,3,11,57
5805,-108,43,90,377,4,10,57
5805,-108,45,90,377,4,9,57
5805,-108,50,90,377,4,9,57
5805,-108,43,90,377,4,8,57
5805,-108,52,90,377,5,11,57
5805,-108,42,90,377,3,8,56
5805,-108,48,90,377,6,9,57
5805,-108,53,90,377,4,10,57
5805,-108,33,90,377,4,9,56
5805,-108,54,90,377,6,11,57
5805,-108,43,90,377,3,10,58
5805,-108,48,90,377,4,9,58
5805,-108,46,89,377,5,10,57
5805,-108,36,90,377,5,9,57
5805,-108,35,90,377,4,10,57
5805,-108,38,90,377,5,12,58
5805,-108,35,90,377,4,7,56
5805,-108,45,90,377,4,9,57
5805,-108,39,90,377,5,10,58
5805,-108,48,90,377,6,8,57
5805,-108,46,90,377,4,11,58
5805,-108,43,90,377,4,10,57
5805,-108,39,90,377,4,9,57
5805,-108,45,90,377,4,10,57
5805,-108,58,90,377,3,8,58
5805,-108,27,89,377,6,9,56
5805,-108,56,90,377,4,9,57
5805,-108,38,90,377,4,9,57
5805,-108,42,90,377,4,8,56
5805,-108,31,90,377,4,10,57
5805,-108,50,90,377,4,10,57
5805,-108,35,90,377,4,11,58
5805,-108,38,90,377,4,10,57
5805,-108,32,90,377,4,10,57
5805,-108,36,90,377,5,9,57
5805,-108,37,90,377,3,10,58
5805,-108,37,90,377,4,6,57
5805,-108,40,90,377,5,11,57
5805,-108,51,90,377,5,8,57
5805,-108,48,90,377,5,10,58
5805,-108,59,90,377,4,9,57
5805,-108,39,90,377,4,9,57
5805,-108,49,90,377,3,9,56
5805,-108,32,90,377,3,10,57
5805,-108,37,90,377,4,11,58
5805,-108,35,90,377,4,9,57
5805,-108,34,90,377,5,10,57
5805,-108,28,90,377,4,9,56
5805,-108,53,90,377,5,9,56
5805,-108,45,90,377,5,9,57
5805,-108,48,90,377,4,9,57
5805,-108,46,90,377,5,9,57
5805,-108,53,90,377,4,11,57
5805,-108,54,90,377,5,11,58
5805,-108,46,90,377,4,8,57
5805,-108,29,90,377,3,9,57
5805,-108,32,90,377,3,9,57
5805,-108,63,90,377,3,9,56
5805,-108,39,90,377,5,9,57
5805,-108,60,90,377,4,9,57
5805,-108,46,90,377,5,8,56
5805,-108,28,90,377,5,9,57
5805,-108,34,90,377,5,10,58
5805,-108,50,90,377,3,9,58
5805,-108,42,90,377,2,11,57
5805,-108,49,90,377,3,9,57
5805,-108,53,90,377,6,10,58
5805,-108,32,90,377,4,9,57
5805,-108,42,90,377,5,10,57
5805,-108,41,90,377,4,10,58
5805,-108,41,90,377,3,10,57
5805,-108,32,90,377,4,11,58
5805,-108,46,90,377,4,10,56
5805,-108,36,90,377,5,8,57
5805,-108,39,90,377,4,11,57
5805,-108,46,90,377,4,10,57
5805,-108,40,90,377,5,9,57
5805,-108,55,90,377,6,9,56
5805,-108,40,90,377,5,9,57
5805,-108,42,90,377,5,10,57
5805,-108,41,90,377,5,10,57
5805,-108,40,90,377,4,8,56
5805,-108,53,90,377,4,9,57
5805,-108,46,90,377,5,10,57
5805,-108,37,90,377,4,11,57
5805,-108,48,90,377,4,10,57
5805,-108,37,90,377,3,9,57
5805,-108,38,90,377,4,11,59
5805,-108,41,90,377,4,11,57
5805,-108,28,90,377,4,10,56
5805,-108,50,90,377,4,10,57
5805,-108,52,90,377,4,10,57
5805,-108,33,90,377,4,10,57
5805,-108,42,90,377,6,9,57
5805,-108,36,90,377,4,10,57
5805,-108,33,90,377,4,8,56
5805,-108,23,90,377,5,9,56
5805,-108,37,90,377,5,10,57
5805,-108,34,90,377,4,7,57
5805,-108,38,90,377,5,9,57
5805,-108,38,90,377,4,11,57
5805,-108,41,90,377,3,10,57
5805,-108,36,90,377,5,10,57
5805,-108,53,90,377,4,8,57
5805,-108,49,90,377,5,10,57
5805,-108,32,90,377,3,10,57
5805,-108,29,90,377,1,10,57
5805,-108,27,90,377,3,10,57
5805,-108,32,90,377,5,10,58
5805,-108,42,89,377,6,10,56
5805,-108,34,90,377,5,9,57
5805,-108,33,90,377,5,9,57
5805,-108,46,90,377,4,9,57
5805,-108,32,90,377,5,9,57
5805,-108,58,90,377,3,10,57
5805,-108,32,90,377,4,11,57
5805,-108,53,90,377,4,10,57
5805,-108,41,90,377,5,10,57
5805,-108,43,90,377,3,10,57
5805,-108,48,90,377,5,10,57
5805,-108,35,90,377,4,8,57
5805,-108,34,90,377,5,11,57
5805,-108,43,90,377,4,11,58
5805,-108,38,90,377,3,10,57
5805,-108,36,90,377,5,9,57
5805,-108,51,90,377,4,9,57
5805,-108,40,90,377,5,9,57
5805,-108,51,90,377,4,9,57
5805,-108,48,90,377,5,11,57
5805,-108,34,90,377,4,10,57
5805,-108,46,90,377,4,9,57
5805,-108,40,90,377,4,10,57
5805,-108,56,90,377,4,10,57
5805,-108,47,90,377,5,9,57
5805,-108,43,90,377,4,10,58
5805,-108,36,90,377,5,9,57
5805,-108,47,90,377,5,9,58
5805,-108,49,90,377,4,9,57
5805,-108,49,90,377,6,9,56
5805,-108,36,90,377,5,10,58
5805,-108,30,90,377,5,10,57
5805,-108,35,90,377,4,9,57
5805,-108,40,90,377,5,12,58
5805,-108,43,90,377,4,10,57
5805,-108,42,90,377,4,10,58
5805,-108,58,90,377,4,10,57
5805,-108,50,90,377,5,10,57
5805,-108,28,90,377,5,10,58
5805,-108,49,90,377,5,10,57
5805,-108,54,90,377,4,10,57
5805,-108,43,90,377,5,9,57
5805,-108,30,90,377,4,8,57
5805,-108,54,90,377,5,10,57
5805,-108,40,90,377,5,10,57
5805,-108,29,90,377,5,9,57
5805,-108,51,90,377,4,9,57
5805,-108,41,90,377,4,8,56
5805,-108,37,90,377,4,10,57
5805,-108,40,90,377,4,9,57
5805,-108,34,90,377,4,10,57
5805,-108,45,90,377,4,10,57
5805,-108,32,90,377,4,8,57
5805,-108,52,90,377,4,10,57
5805,-108,41,90,377,5,8,57
5805,-108,66,90,377,4,10,57
5805,-108,30,90,377,3,9,57
5805,-108,25,90,377,4,8,57
5805,-108,38,90,377,5,10,57
5805,-108,43,90,377,4,9,57
5805,-108,45,90,377,5,11,57
5805,-108,41,90,377,5,10,57
5805,-108,28,89,377,6,11,56
5805,-108,36,90,377,5,8,57
5805,-108,40,90,377,5,10,57
5805,-108,41,90,377,5,10,57
5805,-108,33,90,377,4,11,57
5805,-108,43,90,377,4,10,57
5805,-108,54,90,377,4,10,57
5805,-108,37,90,377,3,8,56
5805,-108,26,90,377,4,9,57
5805,-108,44,90,377,5,9,57
5805,-108,43,90,377,4,9,57
5805,-108,38,90,377,4,9,57
5805,-108,40,90,377,3,9,57
5805,-108,45,90,377,5,9,57
5805,-108,46,90,377,4,10,57
5805,-108,40,90,377,4,9,57
5805,-108,36,90,377,4,8,56
5805,-108,38,90,377,4,10,58
5805,-108,33,90,377,4,9,56
5805,-108,44,90,377,3,11,58
5805,-108,30,88,378,5,8,54
5805,-108,29,90,377,4,8,57
5805,-108,40,90,377,6,9,57
5805,-108,37,90,377,5,8,57
5805,-108,53,90,377,5,11,58
5805,-108,38,90,377,4,9,56
5805,-108,38,90,377,4,9,57
5805,-108,35,90,377,5,10,57
5805,-108,36,90,377,4,10,56
5805,-108,42,90,377,5,10,56
5805,-108,38,90,377,5,10,57
5805,-108,48,90,377,4,10,57
5805,-108,41,90,377,4,9,57
5805,-108,35,90,377,4,10,57
5805,-108,30,89,377,4,10,56
5805,-108,31,90,377,4,11,57
5805,-108,43,90,377,4,10,57
5805,-108,37,90,377,4,10,57
5805,-108,49,90,377,5,13,58
5805,-108,47,90,377,5,10,56
5805,-108,42,90,377,3,9,57
5805,-108,32,90,377,3,10,58
5805,-108,47,90,377,4,9,58
5805,-108,38,90,377,4,9,56
5805,-108,34,90,377,4,10,57
5805,-108,45,90,377,4,9,57
5805,-108,44,90,377,5,12,57
5805,-108,56,90,377,4,10,58
5805,-108,41,90,377,3,10,57
5805,-108,38,90,377,4,9,57
5805,-108,41,90,377,4,7,56
5805,-108,52,90,377,4,9,57
5805,-108,49,90,377,4,9,57
5805,-108,44,90,377,5,9,56
5805,-108,45,90,377,3,10,57
5805,-108,45,89,377,5,9,56
5805,-108,39,90,377,4,10,58
5805,-108,37,90,377,4,8,57
5805,-108,30,90,377,5,9,57
5805,-108,42,90,377,5,9,56
5805,-108,33,90,377,5,9,56
5805,-108,46,90,377,4,8,57
5805,-108,28,90,377,4,10,57
5805,-108,36,90,377,4,11,57
5805,-108,47,90,377,4,11,57
5805,-108,51,90,377,4,9,57
5805,-108,40,90,377,4,11,57
5805,-108,33,90,377,4,10,57
5805,-108,47,90,377,5,9,57
5805,-108,37,90,377,5,9,57
5805,-108,36,90,377,4,11,57
5805,-108,33,90,377,4,9,57
5805,-108,45,90,377,5,11,58
5805,-108,31,90,377,5,11,56
5805,-108,52,90,377,4,9,56
5805,-108,51,90,377,4,11,57
5805,-108,38,90,377,5,9,57
5805,-108,51,90,377,4,10,57
5805,-108,45,90,377,3,10,58
5805,-108,41,90,377,4,9,57
5805,-108,46,90,377,5,9,57
5805,-108,47,90,377,5,8,56
5805,-108,42,90,377,4,10,57
5805,-108,51,90,377,4,9,57
5805,-108,30,90,377,5,11,57
5805,-108,33,90,377,4,12,57
5805,-108,46,90,377,4,11,58
5805,-108,42,90,377,5,10,57
5805,-108,51,90,377,3,10,57
5805,-108,47,90,377,4,9,57
5805,-108,28,90,377,5,10,57
5805,-108,32,90,377,4,9,57
5805,-108,37,90,377,4,10,58
5805,-108,35,90,377,4,9,56
5805,-108,47,90,377,4,9,57
5805,-108,41,90,377,5,11,57
5805,-108,50,90,377,4,9,57
5805,-108,41,90,377,3,9,57
5805,-108,31,90,377,5,8,57
5805,-108,44,90,377,5,11,58
5805,-108,40,90,377,4,8,57
5805,-108,52,90,377,5,7,57
5805,-108,53,90,377,4,9,57
5805,-108,40,90,377,5,8,56
5805,-108,40,90,377,3,9,56
5805,-108,42,90,377,5,10,58
5805,-108,28,90,377,3,9,57
5805,-108,44,90,377,5,11,57
5805,-108,50,90,377,5,8,57
5805,-108,36,90,377,4,8,57
5805,-108,46,90,377,4,10,57
5805,-108,39,90,377,2,10,58
5805,-108,48,90,377,5,11,58
5805,-108,42,90,377,4,10,57
5805,-108,55,90,377,6,9,56
5805,-108,55,90,377,5,8,57
5805,-108,36,90,377,4,10,58
5805,-108,30,90,377,4,8,56
5805,-108,28,90,377,5,9,56
5805,-108,38,90,377,4,9,57
5805,-108,41,90,377,5,10,57
5805,-108,40,90,377,4,9,56
5805,-108,30,90,377,5,10,57
5805,-108,54,90,377,4,10,58
5805,-108,36,90,377,5,8,57
5805,-108,36,90,377,6,10,57
5805,-108,32,90,377,5,9,57
5805,-108,55,90,377,4,10,57
5805,-108,33,90,377,3,10,56
5805,-108,39,90,377,4,9,57
5805,-108,46,90,377,4,8,56
5805,-108,37,90,377,5,9,57
5805,-108,37,90,377,5,8,57
5805,-108,34,90,377,4,9,57
5805,-108,32,90,377,4,10,57
5805,-108,54,90,377,4,9,57
5805,-108,32,90,377,4,9,57
5805,-108,41,90,377,5,11,58
5805,-108,44,90,377,4,8,56
5805,-108,48,90,377,5,9,57
5805,-108,35,90,377,4,10,56
5805,-108,42,90,377,5,8,56
5805,-108,34,90,377,5,8,57
5805,-108,39,90,377,5,10,58
5805,-108,46,90,377,5,9,57
5805,-108,47,90,377,4,8,56
5805,-108,53,90,377,6,10,57
5805,-108,45,90,377,4,9,57
5805,-108,50,90,377,5,10,57
5805,-108,41,90,377,5,9,57
5805,-108,61,90,377,4,8,56
5805,-108,47,90,377,5,9,57
5805,-108,31,90,377,4,9,57
5805,-108,40,90,377,2,10,57
5805,-108,33,90,377,4,11,57
5805,-108,30,90,377,4,11,57
5805,-108,27,89,377,5,9,55
5805,-108,30,90,377,4,10,57
5805,-108,51,90,377,4,9,58
5805,-108,51,90,377,4,9,57
5805,-108,32,90,377,4,11,57
5805,-108,30,90,377,4,10,57
5805,-108,40,90,377,3,10,58
5805,-108,45,90,377,5,10,57
5805,-108,32,90,377,4,9,57
5805,-108,51,90,377,3,10,57
5805,-108,31,90,377,5,8,56
5805,-108,34,90,377,5,10,58
5805,-108,40,90,377,5,11,57
5805,-108,40,90,377,3,10,57
5805,-108,33,90,377,5,10,56
5805,-108,41,90,377,4,9,57
5805,-108,40,90,377,4,9,57
5805,-108,37,90,377,4,10,57
5805,-108,29,90,377,5,9,56
5805,-108,37,90,377,4,9,57
5805,-108,51,90,377,4,9,58
5805,-108,27,90,377,5,9,56
5805,-108,25,90,377,4,9,56
5805,-108,60,90,377,6,8,56
5805,-108,42,90,377,4,9,58
5805,-108,48,90,377,4,10,57
5805,-108,28,90,377,4,9,57
5805,-108,31,90,377,5,9,57
5805,-108,47,90,377,4,10,58
5805,-108,56,90,377,4,10,57
5805,-108,42,90,377,4,10,58
5805,-108,26,90,377,4,9,56
5805,-108,34,90,377,3,11,57
5805,-108,36,90,377,4,10,57
5805,-108,28,90,377,4,8,57
5805,-108,31,90,377,5,10,57
5805,-108,47,90,377,5,10,57
5805,-108,32,90,377,4,10,57
5805,-108,35,90,377,5,10,58
5805,-108,50,90,377,4,9,57
5805,-108,31,90,377,3,11,58
5805,-108,47,90,377,4,8,56
5805,-108,58,90,377,4,9,57
5805,-108,33,90,377,5,10,57
5805,-108,42,90,377,4,10,57
5805,-108,43,90,377,5,9,57
5805,-108,32,90,377,3,9,57
5805,-108,51,90,377,5,9,57
5805,-108,47,90,377,4,11,58
5805,-108,49,90,377,4,8,56
5805,-108,39,90,377,4,8,56
5805,-108,35,90,377,4,10,57
5805,-108,47,90,377,4,9,57
5805,-108,41,90,377,5,10,57
5805,-108,46,90,377,4,8,56
5805,-108,31,90,377,4,9,56
5805,-108,36,90,377,3,12,58
5805,-108,41,90,377,4,11,57
5805,-108,37,90,377,4,10,57
5805,-108,39,90,377,4,9,56
5805,-108,57,90,377,4,9,57
5805,-108,51,90,377,4,9,57
5805,-108,44,90,377,4,9,56
5805,-108,34,90,377,5,10,57
5805,-108,32,90,377,4,9,57
5805,-108,62,90,377,5,9,57
5805,-108,38,90,377,4,9,57
5805,-108,36,90,377,5,10,58
5805,-108,46,90,377,4,10,57
5805,-108,35,90,377,4,9,57
5805,-108,39,90,377,5,8,57
5805,-108,50,90,377,5,9,57
5805,-108,50,90,377,5,8,57
5805,-108,43,90,377,4,10,57
5805,-108,42,90,377,4,9,58
5805,-108,32,90,377,3,11,58
5805,-108,29,90,377,5,9,57
5805,-108,30,90,377,5,9,57
5805,-108,23,90,377,4,10,57
5805,-108,30,90,377,5,10,57
5805,-108,30,90,377,4,10,57
5805,-108,59,90,377,5,10,58
5805,-108,54,90,377,3,9,57
5805,-108,49,90,377,4,10,56
5805,-108,35,90,377,4,11,57
5805,-108,42,90,377,3,9,57
5805,-108,45,90,377,4,11,58
5805,-108,49,90,377,4,9,56
5805,-108,40,90,377,4,8,56
5805,-108,51,90,377,5,10,58
5805,-108,32,90,377,3,8,56
5805,-108,42,90,377,4,9,57
5805,-108,39,90,377,3,10,57
5805,-108,43,90,377,3,12,57
5805,-108,45,90,377,5,9,57
5805,-108,35,90,377,4,9,57
5805,-108,59,90,377,4,9,57
5805,-108,57,90,377,3,7,57
5805,-108,32,90,377,4,8,55
5805,-108,41,90,377,4,10,57
5805,-108,37,90,377,4,10,58
5805,-108,50,90,377,4,10,57
5805,-108,44,90,377,5,9,57
5805,-108,51,90,377,5,10,57
5805,-108,37,90,377,4,9,57
5805,-108,34,90,377,4,10,56
5805,-108,35,90,377,4,11,58
5805,-108,32,90,377,4,10,58
5805,-108,39,90,377,3,9,57
5805,-108,35,90,377,5,10,57
5805,-108,40,90,377,3,10,57
5805,-108,39,90,377,4,10,57
5805,-108,37,90,377,4,10,58
5805,-108,34,89,377,5,8,56
5805,-108,35,90,377,4,9,56
5805,-108,48,90,377,6,10,57
5805,-108,35,90,377,5,10,57
5805,-108,31,90,377,4,10,57
5805,-108,48,90,377,5,11,58
5805,-108,37,90,377,4,11,58
5805,-108,32,90,377,4,8,57
5805,-108,51,90,377,4,11,57
5805,-108,31,90,377,4,8,56
5805,-108,35,90,377,3,9,57
5805,-108,54,90,377,6,8,57
5805,-108,44,90,377,3,9,57
5805,-108,44,90,377,5,10,57
5805,-108,34,90,377,5,9,58
5805,-108,43,90,377,4,9,57
5805,-108,39,90,377,4,9,57
5805,-108,36,90,377,5,11,57
5805,-108,48,90,377,4,10,57
5805,-108,50,90,377,4,9,57
5805,-108,63,90,377,4,7,56
5805,-108,31,90,377,4,9,57
5805,-108,37,90,377,5,10,55
5805,-108,30,90,377,3,10,57
5805,-108,52,90,377,5,11,58
5805,-108,33,90,377,4,9,57
5805,-108,48,90,377,4,11,57
5805,-108,48,90,377,4,9,57
5805,-108,50,90,377,4,10,58
5805,-108,46,90,377,4,11,58
5805,-108,37,90,377,4,9,57
5805,-108,32,90,377,5,9,57
5805,-108,58,90,377,5,10,58
5805,-108,32,90,377,4,11,58
5805,-108,37,90,377,3,9,57
5805,-108,41,90,377,4,9,57
5805,-108,42,90,377,4,10,57
5805,-108,39,90,377,4,10,57
5805,-108,31,90,377,4,10,57
5805,-108,39,90,377,5,9,55
5805,-108,40,90,377,5,9,57
5805,-108,38,90,377,4,10,57
5805,-108,30,90,377,4,11,57
5805,-108,36,90,377,3,8,56
5805,-108,60,90,377,5,9,57
5805,-108,42,90,377,5,8,57
5805,-108,40,90,377,4,8,56
5805,-108,31,90,377,6,7,56
5805,-108,33,90,377,5,9,56
5805,-108,47,90,377,5,9,56
5805,-108,36,90,377,5,10,57
5805,-108,33,90,377,4,8,57
5805,-108,27,90,377,4,9,57
5805,-108,37,90,377,6,10,57
5805,-108,30,90,377,5,9,57
5805,-108,31,90,377,3,8,56
5805,-108,37,90,377,4,9,57
5805,-108,35,90,377,5,12,58
5805,-108,29,90,377,5,10,57
5805,-108,27,90,377,4,9,57
5805,-108,35,90,377,6,10,58
5805,-108,45,90,377,4,9,57
5805,-108,25,90,377,3,9,57
5805,-108,32,90,377,3,10,57
5805,-108,37,90,377,4,10,57
5805,-108,30,90,377,5,9,57
5805,-108,33,90,377,5,9,57
5805,-108,50,90,377,4,9,58
5805,-108,48,90,377,5,12,57
5805,-108,38,90,377,5,9,57
5805,-108,36,90,377,4,8,57
5805,-108,56,90,377,4,10,57
5805,-108,37,90,377,5,9,56
5805,-108,56,90,377,3,9,57
5805,-108,36,90,377,4,10,57
5805,-108,27,90,377,5,11,57
5805,-108,25,90,377,4,8,57
5805,-108,46,90,377,5,8,57
5805,-108,51,90,377,5,11,58
5805,-108,38,90,377,5,10,56
5805,-108,39,90,377,6,9,57
5805,-108,43,90,377,3,9,57
5805,-108,57,90,377,4,12,57
5805,-108,35,90,377,5,9,56
5805,-108,31,90,377,4,9,57
5805,-108,43,90,377,5,9,57
5805,-108,36,90,377,5,9,57
5805,-108,36,90,377,3,12,58
5805,-108,46,90,377,4,7,57
5805,-108,43,90,377,5,8,57
5805,-108,41,90,377,4,10,58
5805,-108,34,90,377,5,11,57
5805,-108,35,90,377,4,10,56
5805,-108,25,90,377,4,10,57
5805,-108,37,90,377,5,10,57
5805,-108,44,90,377,4,9,57
5805,-108,53,90,377,4,10,57
5805,-108,33,90,377,5,9,57
5805,-108,28,89,377,5,10,57
5805,-108,32,90,377,3,9,57
5805,-108,46,90,377,4,11,58
5805,-108,46,88,378,6,7,54
5805,-108,53,90,377,5,8,56
5805,-108,58,90,377,5,9,57
5805,-108,40,90,377,3,9,57
5805,-108,44,90,377,5,10,57
5805,-108,32,90,377,4,10,57
5805,-108,42,90,377,5,9,58
5805,-108,33,90,377,5,11,57
5805,-108,34,90,377,4,11,57
5805,-108,62,90,377,4,7,57
5805,-108,45,90,377,5,10,57
5805,-108,55,90,377,3,8,56
5805,-108,32,90,377,5,9,57
5805,-108,38,90,377,5,9,57
5805,-108,39,90,377,4,10,58
5805,-108,36,90,377,4,10,57
5805,-108,50,90,377,4,10,58
5805,-108,31,90,377,4,10,57
5805,-108,24,90,377,4,9,57
5805,-108,47,90,377,5,11,58
5805,-108,53,90,377,3,10,57
5805,-108,26,90,377,4,8,56
5805,-108,29,90,377,4,9,57
5805,-108,34,90,377,5,10,57
5805,-108,34,90,377,5,9,56
5805,-108,53,90,377,4,10,57
5805,-108,34,90,377,5,10,58
5805,-108,36,90,377,4,9,56
5805,-108,44,90,377,4,8,57
5805,-108,44,90,377,4,10,56
5805,-108,45,90,377,5,10,57
5805,-108,57,90,377,5,9,58
5805,-108,34,90,377,5,9,56
5805,-108,39,90,377,6,9,57
5805,-108,48,90,377,4,11,58
5805,-108,36,90,377,4,10,57
5805,-108,65,90,377,3,9,57
5805,-108,31,90,377,4,10,58
5805,-108,26,89,378,6,9,56
5805,-108,43,90,377,5,9,57
5805,-108,45,90,377,4,8,57
5805,-108,27,90,377,4,9,56
5805,-108,28,90,377,4,9,57
5805,-108,30,90,377,4,9,57
5805,-108,38,90,377,4,12,58
5805,-108,30,90,377,5,9,56
5805,-108,33,90,377,5,9,56
5805,-108,37,90,377,4,9,57
5805,-108,37,90,377,4,9,57
5805,-108,52,90,377,4,10,58
5805,-108,48,90,377,4,6,56
5805,-108,33,90,377,5,11,58
5805,-108,39,90,377,5,8,56
5805,-108,25,90,377,4,9,57
5805,-108,40,90,377,3,9,57
5805,-108,30,89,377,5,11,56
5805,-108,40,90,377,5,7,55
5805,-108,53,90,377,4,11,58
5805,-108,39,90,377,4,9,57
5805,-108,37,90,377,5,9,57
5805,-108,30,90,377,4,10,57
5805,-108,36,90,377,5,9,57
5805,-108,44,90,377,4,10,57
5805,-108,52,90,377,4,11,57
5805,-108,34,90,377,4,9,57
5805,-108,53,90,377,5,9,57
5805,-108,36,90,377,5,9,56
5805,-108,35,90,377,4,9,56
5805,-108,49,90,377,4,8,57
5805,-108,31,90,377,4,9,57
5805,-108,37,90,377,5,10,57
5805,-108,62,90,377,4,9,57
5805,-108,47,90,377,3,10,57
5805,-108,35,90,377,5,10,58
5805,-108,29,90,377,4,7,56
5805,-108,34,90,377,4,11,57
5805,-108,36,90,377,4,9,57
5805,-108,48,90,377,3,10,57
5805,-108,33,90,377,3,9,58
5805,-108,47,90,377,4,10,57
5805,-108,52,90,377,3,8,57
5805,-108,48,90,377,4,9,57
5805,-108,40,90,377,5,10,57
5805,-108,50,90,377,4,9,57
5805,-108,42,90,377,4,7,56
5805,-108,36,90,377,3,10,56
5805,-108,40,90,377,4,9,57
5805,-108,62,90,377,5,9,57
5805,-108,43,90,377,5,8,56
5805,-108,34,90,377,4,10,58
5805,-108,63,90,377,4,8,57
5805,-108,32,90,377,4,8,55
5805,-108,56,90,377,5,9,57
5805,-108,30,90,377,4,11,58
5805,-108,22,90,377,5,9,56
5805,-108,32,90,377,4,8,56
5805,-108,56,90,377,5,10,58
5805,-108,52,90,377,4,10,57
5805,-108,34,90,377,5,8,56
5805,-108,33,90,377,5,9,57
5805,-108,44,90,377,3,11,57
5805,-108,38,90,377,4,9,57
5805,-108,46,90,377,5,11,57
5805,-108,49,90,377,5,10,58
5805,-108,52,90,377,5,9,57
5805,-108,50,89,377,4,8,55
5805,-108,37,90,377,4,11,58
5805,-108,33,90,377,4,9,57
5805,-108,41,90,377,4,11,58
5805,-108,52,90,377,5,9,56
5805,-108,45,90,377,4,9,57
5805,-108,37,90,377,5,11,58
5805,-108,27,90,377,5,9,57
5805,-108,44,90,377,5,8,56
5805,-108,42,90,377,4,9,57
5805,-108,37,90,377,3,9,57
5805,-108,38,90,377,5,10,58
5805,-108,28,90,377,5,10,56
5805,-108,38,90,377,6,9,57
5805,-108,54,90,377,4,9,56
5805,-108,40,90,377,3,12,58
5805,-108,27,90,377,4,11,57
5805,-108,34,90,377,5,11,57
5805,-108,41,90,377,3,9,56
5805,-108,32,90,377,4,9,57
5805,-108,31,90,377,4,9,57
5805,-108,43,90,377,3,11,58
5805,-108,60,90,377,4,9,58
5805,-108,49,90,377,5,10,57
5805,-108,35,90,377,5,10,57
5805,-108,39,90,377,5,11,58
5805,-108,44,90,377,4,9,57
5805,-108,61,90,377,5,10,58
5805,-108,42,90,377,4,8,56
5805,-108,35,90,377,5,10,57
5805,-108,48,90,377,3,10,57
5805,-108,39,90,377,6,11,57
5805,-108,39,90,377,4,8,56
5805,-108,34,90,377,4,10,57
5805,-108,54,90,377,4,8,57
5805,-108,61,90,377,3,11,57
5805,-108,34,90,377,4,8,56
5805,-108,52,90,377,4,10,57
5805,-108,52,90,377,4,9,58
5805,-108,48,90,377,4,10,57
5805,-108,39,90,377,4,10,57
5805,-108,54,90,377,4,9,57
5805,-108,33,90,377,4,10,57
5805,-108,37,90,377,3,10,58
5805,-108,49,90,377,5,9,57
5805,-108,34,90,377,3,10,58
5805,-108,42,90,377,3,8,57
5805,-108,64,90,377,4,11,57
5805,-108,40,90,377,4,9,57
5805,-108,41,90,377,3,9,57
5805,-108,39,90,377,3,9,57
5805,-108,49,90,377,6,9,57
5805,-108,35,90,377,4,9,57
5805,-108,32,90,377,3,8,57
5805,-108,47,90,377,3,9,57
5805,-108,41,90,377,4,11,58
5805,-108,24,90,377,5,9,56
5805,-108,36,90,377,4,10,58
5805,-108,55,90,377,5,9,56
5805,-108,36,90,377,4,9,57
5805,-108,28,90,377,5,9,57
5805,-108,33,90,377,3,10,57
5805,-108,50,90,377,4,10,57
5805,-108,27,90,377,6,10,57
5805,-108,42,90,377,4,9,56
5805,-108,39,90,377,3,8,57
5805,-108,30,90,377,5,10,57
5805,-108,31,90,377,5,9,57
5805,-108,28,90,377,4,8,56
5805,-108,32,90,377,4,10,57
5805,-108,33,90,377,5,8,56
5805,-108,38,90,377,4,9,57
5805,-108,42,90,377,4,9,57
5805,-108,36,90,377,4,10,56
5805,-108,32,90,377,6,11,57
5805,-108,29,90,377,4,10,57
5805,-108,24,90,377,4,10,57
5805,-108,38,90,377,4,9,57
5805,-108,42,89,377,5,9,55
5805,-108,44,90,377,6,9,57
5805,-108,47,90,377,5,10,57
5805,-108,25,89,377,5,10,57
5805,-108,37,90,377,4,10,57
5805,-108,34,90,377,6,10,56
5805,-108,51,90,377,5,9,57
5805,-108,27,90,377,5,11,57
5805,-108,33,90,377,4,9,57
5805,-108,49,90,377,6,7,57
5805,-108,26,90,377,5,7,56
5805,-108,27,90,377,3,10,57
5805,-108,29,90,377,4,10,56
5805,-108,37,90,377,5,11,57
5805,-108,36,90,377,4,9,57
5805,-108,30,90,377,4,9,56
5805,-108,32,90,377,5,11,57
5805,-108,31,90,377,4,9,57
5805,-108,30,90,377,4,10,57
5805,-108,41,90,377,5,10,57
5805,-108,29,90,377,5,10,57
5805,-108,50,90,377,4,9,56
5805,-108,51,90,377,5,10,57
5805,-108,41,90,377,4,10,57
5805,-108,35,90,377,5,10,57
5805,-108,40,90,377,3,10,57
5805,-108,35,90,377,3,10,57
5805,-108,45,90,377,5,10,57
5805,-108,37,90,377,4,8,56
5805,-108,40,90,377,5,10,57
5805,-108,37,90,377,4,8,57
5805,-108,25,90,377,5,11,57
5805,-108,49,90,377,5,8,57
5805,-108,38,90,377,4,11,57
5805,-108,35,90,377,5,7,56
5805,-108,34,90,377,4,10,57
5805,-108,40,90,377,4,8,57
5805,-108,37,90,377,4,9,58
5805,-108,50,90,377,5,10,57
5805,-108,44,90,377,4,11,58
5805,-108,54,90,377,4,8,57
5805,-108,37,90,377,4,9,57
5805,-108,38,90,377,4,11,57
5805,-108,34,90,377,5,11,57
5805,-108,30,90,377,5,10,57
5805,-108,26,90,377,4,9,55
5805,-108,31,90,377,5,11,57
5805,-108,38,90,377,4,8,56
5805,-108,43,90,377,4,9,56
5805,-108,40,90,377,5,9,57
5805,-108,32,90,377,2,9,57
5805,-108,25,90,377,4,10,57
5805,-108,33,90,377,4,9,56
5805,-108,36,90,377,4,11,58
5805,-108,37,90,377,5,10,57
5805,-108,50,90,377,5,10,57
5805,-108,41,90,377,4,9,57
5805,-108,50,90,377,4,8,56
5805,-108,33,90,377,5,11,57
5805,-108,34,90,377,3,9,57
5805,-108,32,90,377,5,7,56
5805,-108,33,90,377,4,9,57
5805,-108,46,90,377,5,9,56
5805,-108,42,90,377,5,8,57
5805,-108,35,90,377,4,9,57
5805,-108,45,90,377,3,10,57
5805,-108,28,90,377,5,9,57
5805,-108,37,90,377,4,6,55
5805,-108,30,90,377,4,10,57
5805,-108,30,90,377,3,9,56
5805,-108,42,90,377,5,8,56
5805,-108,26,90,377,3,10,57
5805,-108,40,90,377,4,8,56
5805,-108,51,90,377,4,11,57
5805,-108,33,90,377,5,11,56
5805,-108,32,90,377,4,11,57
5805,-108,48,90,377,4,9,57
5805,-108,50,90,377,4,11,57
5805,-108,48,90,377,3,8,56
5805,-108,40,90,377,4,9,57
5805,-108,30,90,377,6,9,57
5805,-108,39,90,377,3,9,57
5805,-108,42,90,377,5,10,57
5805,-108,38,90,377,4,9,57
5805,-108,41,90,377,6,10,57
5805,-108,34,90,377,3,7,55
5805,-108,44,90,377,5,8,56
5805,-108,46,90,377,4,10,57
5805,-108,51,90,377,4,10,57
5805,-108,35,90,377,5,9,57
5805,-108,36,90,377,5,10,56
5805,-108,30,90,377,3,11,57
5805,-108,41,90,377,5,12,58
5805,-108,54,90,377,4,8,56
5805,-108,35,90,377,5,10,57
5805,-108,36,90,377,4,10,57
5805,-108,43,90,377,5,9,56
5805,-108,48,90,377,4,8,56
5805,-108,32,90,377,5,9,57
5805,-108,26,90,377,3,12,57
5805,-108,43,90,377,3,10,57
5805,-108,45,90,377,4,10,57
5805,-108,42,90,377,4,10,57
5805,-108,47,89,377,5,7,55
5805,-108,38,90,377,4,9,56
5805,-108,37,90,377,4,9,57
5805,-108,33,90,377,3,10,57
5805,-108,31,90,377,5,7,55
5805,-108,29,90,377,5,11,57
5805,-108,34,90,377,4,8,56
5805,-108,32,90,377,5,10,56
5805,-108,29,90,377,4,10,57
5805,-108,33,90,377,4,9,57
5805,-108,49,90,377,3,10,58
5805,-108,43,90,377,4,8,56
5805,-108,29,90,377,3,10,57
5805,-108,37,90,377,5,11,57
5805,-108,27,90,377,5,9,56
5805,-108,56,90,377,4,9,57
5805,-108,36,90,377,4,9,57
5805,-108,37,90,377,4,9,56
5805,-108,47,90,377,4,9,57
5805,-108,30,90,377,5,10,56
5805,-108,28,90,377,4,10,57
5805,-108,35,90,377,5,10,57
5805,-108,33,90,377,4,11,57
5805,-108,46,90,377,4,10,57
5805,-108,32,90,377,4,9,56
5805,-108,37,90,377,5,10,57
5805,-108,39,90,377,3,10,57
5805,-108,29,90,377,4,10,57
5805,-108,44,90,377,4,9,57
5805,-108,53,90,377,3,8,57
5805,-108,28,90,377,3,10,57
5805,-108,39,90,377,5,8,56
5805,-108,27,90,377,5,9,57
5805,-108,26,90,377,5,10,56
5805,-108,43,90,377,5,11,57
5805,-108,37,90,377,6,8,56
5805,-108,33,90,377,4,9,57
5805,-108,42,90,377,4,9,57
5805,-108,31,90,377,4,10,56
5805,-108,35,90,377,3,11,56
5805,-108,44,90,377,5,9,56
5805,-108,46,90,377,4,10,56
5805,-108,33,90,377,3,10,57
5805,-108,40,90,377,4,9,57
5805,-108,42,90,377,3,9,57
5805,-108,31,90,377,6,10,56
5805,-108,37,90,377,5,8,57
5805,-108,45,90,377,4,9,57
5805,-108,50,90,377,4,10,57
5805,-108,33,90,377,4,10,57
5805,-108,35,90,377,5,11,57
5805,-108,36,90,377,4,10,57
5805,-108,43,90,377,5,9,57
5805,-108,48,90,377,3,9,56
5805,-108,33,90,377,5,8,57
5805,-108,42,90,377,4,10,57
5805,-108,33,90,377,5,9,57
5805,-108,36,90,377,5,8,57
5805,-108,49,90,377,4,9,58
5805,-108,27,90,377,3,10,57
5805,-108,33,90,377,4,10,57
5805,-108,51,90,377,4,8,57
5805,-108,37,90,377,4,8,56
5805,-108,26,90,377,4,10,56
5805,-108,29,90,377,4,9,57
5805,-108,40,90,377,4,10,58
5805,-108,36,90,377,3,9,57
5805,-108,41,90,377,3,10,57
5805,-108,40,90,377,3,8,56
5805,-108,30,90,377,4,9,57
5805,-108,51,90,377,4,9,57
5805,-108,33,90,377,5,10,57
5805,-108,42,90,377,5,12,58
5805,-108,41,90,377,4,9,57
5805,-108,38,90,377,5,10,58
5805,-108,42,90,377,3,10,57
5805,-108,43,90,377,4,9,57
5805,-108,47,90,377,4,9,57
5805,-108,52,90,377,3,8,57
5805,-108,41,90,377,3,9,57
5805,-108,51,90,377,3,9,57
5805,-108,26,90,377,3,9,56
5805,-108,36,90,377,5,9,57
5805,-108,40,90,377,4,8,56
5805,-108,34,90,377,4,9,57
5805,-108,53,90,377,5,10,57
5805,-108,56,90,377,4,8,57
5805,-108,46,90,377,4,10,58
5805,-108,39,90,377,3,11,57
5805,-108,48,89,377,5,9,55
5805,-108,51,90,377,5,10,57
5805,-108,44,90,377,3,9,56
5805,-108,35,90,377,3,10,57
5805,-108,44,90,377,5,9,57
5805,-108,42,90,377,4,10,57
5805,-108,46,90,377,4,8,57
5805,-108,29,90,377,5,9,57
5805,-108,49,90,377,3,9,57
5805,-108,42,90,377,5,10,57
5805,-108,34,90,377,4,12,58
5805,-108,33,90,377,4,10,58
5805,-108,38,90,377,4,11,57
5805,-108,37,90,377,5,9,56
5805,-108,30,90,377,4,9,57
5805,-108,45,90,377,5,8,56
5805,-108,38,90,377,2,9,57
5805,-108,40,89,377,6,9,56
5805,-108,54,90,377,3,9,57
5805,-108,27,89,378,4,7,54
5805,-108,34,90,377,4,10,56
5805,-108,29,90,377,5,11,57
5805,-108,43,90,377,3,9,57
5805,-108,45,90,377,4,9,57
5805,-108,46,90,377,4,10,57
5805,-108,30,90,377,4,8,56
5805,-108,41,90,377,5,10,57
5805,-108,38,90,377,5,8,56
5805,-108,34,90,377,5,9,57
5805,-108,37,90,377,2,10,57
5805,-108,51,90,377,5,10,57
5805,-108,57,90,377,3,10,57
5805,-108,45,90,377,5,8,56
5805,-108,25,90,377,5,8,56
5805,-108,42,90,377,3,8,56
5805,-108,40,90,377,5,10,57
5805,-108,31,90,377,5,9,56
5805,-108,40,90,377,4,9,56
5805,-108,43,90,377,5,8,57
5805,-108,36,90,377,4,10,56
5805,-108,40,90,377,5,8,56
5805,-108,31,90,377,3,10,56
5805,-108,45,90,377,5,9,57
5805,-108,35,90,377,4,10,58
5805,-108,35,90,377,3,9,56
5805,-108,31,90,377,5,7,55
5805,-108,30,90,377,3,10,57
5805,-108,30,90,377,4,11,57
5805,-108,38,90,377,4,10,57
5805,-108,45,90,377,4,8,56
5805,-108,35,90,377,5,10,57
5805,-108,38,90,377,5,10,57
5805,-108,43,90,377,3,10,57
5805,-108,54,90,377,4,10,57
5805,-108,42,90,377,3,10,57
5805,-108,29,90,377,5,9,56
5805,-108,43,90,377,5,8,56
5805,-108,39,90,377,5,9,57
5805,-108,26,90,377,5,8,56
5805,-108,34,90,377,3,10,56
5805,-108,46,90,377,4,9,57
5805,-108,34,90,377,5,10,57
5805,-108,35,90,377,4,6,55
5805,-108,32,90,377,5,8,57
5805,-108,47,90,377,4,9,56
5805,-108,38,90,377,4,10,57
5805,-108,29,90,377,4,9,56
5805,-108,25,90,377,4,8,56
5805,-108,36,90,377,3,9,57
5805,-108,40,90,377,3,7,56
5805,-108,43,90,377,4,8,57
5805,-108,39,90,377,4,8,56
5805,-108,26,90,377,4,10,57
5805,-108,35,90,377,4,10,58
5805,-108,31,90,377,3,11,58
5805,-108,50,90,377,4,8,57
5805,-108,45,90,377,5,10,57
5805,-108,33,90,377,6,8,57
5805,-108,34,90,377,4,8,57
5805,-108,32,90,377,4,8,57
5805,-108,44,90,377,5,10,57
5805,-108,46,90,377,4,11,58
5805,-108,31,90,377,4,9,57
5805,-108,38,90,377,4,9,57
5805,-108,27,90,377,4,11,57
5805,-108,25,90,377,4,9,57
5805,-108,44,90,377,5,9,57
5805,-108,46,90,377,3,11,57
5805,-108,45,90,377,5,10,56
5805,-108,31,90,377,4,10,56
5805,-108,42,90,377,5,9,57
5805,-108,29,90,377,4,11,57
5805,-108,41,90,377,3,10,57
5805,-108,52,90,377,3,8,56
5805,-108,47,90,377,5,11,57
5805,-108,30,90,377,3,9,57
5805,-108,56,90,377,5,9,57
5805,-108,38,90,377,4,10,57
5805,-108,43,90,377,4,11,57
5805,-108,28,90,377,5,9,57
5805,-108,34,90,377,5,10,57
5805,-108,29,90,377,3,9,57
5805,-108,26,90,377,3,10,57
5805,-108,26,90,377,5,9,56
5805,-108,42,90,377,3,8,56
5805,-108,47,90,377,2,10,56
5805,-108,40,90,377,5,11,57
5805,-108,36,90,377,3,10,57
5805,-108,44,90,377,4,9,57
5805,-108,46,90,377,4,9,57
5805,-108,43,90,377,5,11,57
5805,-108,30,90,377,4,10,57
5805,-108,39,90,377,4,11,57
5805,-108,57,90,377,5,12,58
5805,-108,30,90,377,6,10,57
5805,-108,47,90,377,3,11,58
5805,-108,61,90,377,3,9,56
5805,-108,32,90,377,4,9,57
5805,-108,35,90,377,4,9,57
5805,-108,33,90,377,4,8,57
5805,-108,36,90,377,4,10,57
5805,-108,46,90,377,5,9,57
5805,-108,42,90,377,4,10,57
5805,-108,32,90,377,5,11,57
5805,-108,52,90,377,4,10,58
5805,-108,58,90,377,3,9,57
5805,-108,35,90,377,3,10,57
5805,-108,36,90,377,3,12,57
5805,-108,47,90,377,4,10,57
5805,-108,34,90,377,4,8,56
5805,-108,26,90,377,3,12,57
5805,-108,48,90,377,5,9,57
5805,-108,42,90,377,3,10,57
5805,-108,43,90,377,5,10,57
5805,-108,32,90,377,4,8,56
5805,-108,53,90,377,3,9,57
5805,-108,42,90,377,4,11,58
5805,-108,36,90,377,5,10,57
5805,-108,38,90,377,5,7,56
5805,-108,41,90,377,4,11,57
5805,-108,43,90,377,4,11,58
5805,-108,64,90,377,5,10,57
5805,-108,47,90,377,5,9,57
5805,-108,56,90,377,5,10,57
5805,-108,45,90,377,4,10,57
5805,-108,36,90,377,3,11,58
5805,-108,58,90,377,4,10,57
5805,-108,33,90,377,6,9,57
5805,-108,38,90,377,5,9,57
5805,-108,42,90,377,4,9,57
5805,-108,34,90,377,5,9,57
5805,-108,46,90,377,4,9,56
5805,-108,41,90,377,5,10,57
5805,-108,56,90,377,4,9,57
5805,-108,44,90,377,4,12,57
5805,-108,36,90,377,4,9,56
5805,-108,65,90,377,4,9,57
5805,-108,43,90,377,4,10,57
5805,-108,44,90,377,5,10,57
5805,-108,36,90,377,5,9,57
5805,-108,45,90,377,3,8,56
5805,-108,24,90,377,2,8,56
5805,-108,27,90,377,5,9,56
5805,-108,40,90,377,5,10,58
5805,-108,52,90,377,4,7,55
5805,-108,53,90,377,6,11,57
5805,-108,44,90,377,5,10,57
5805,-108,26,90,377,3,9,56
5805,-108,35,90,377,4,8,56
5805,-108,53,90,377,5,10,57
5805,-108,42,90,377,4,9,57
5805,-108,39,90,377,4,9,57
5805,-108,33,90,377,4,8,56
5805,-108,39,90,377,4,9,57
5805,-108,52,90,377,3,8,56
5805,-108,56,90,377,4,8,56
5805,-108,52,90,377,4,9,57
5805,-108,36,90,377,3,9,57
5805,-108,48,90,377,5,11,57
5805,-108,46,90,377,4,10,57
5805,-108,39,90,377,3,9,57
5805,-108,43,90,377,4,9,57
5805,-108,48,90,377,5,10,58
5805,-108,28,90,377,3,10,56
5805,-108,53,90,377,4,9,57
5805,-108,31,90,377,4,9,57
5805,-108,38,90,377,4,10,57
5805,-108,51,90,377,4,9,56
5805,-108,55,90,377,3,9,57
5805,-108,31,90,377,5,9,57
5805,-108,29,90,377,5,10,57
5805,-108,34,90,377,4,9,57
5805,-108,34,90,377,5,10,57
5805,-108,40,90,377,3,10,57
5805,-108,42,90,377,5,10,56
5805,-108,31,90,377,4,10,56
5805,-108,30,90,377,5,9,56
5805,-108,41,90,377,5,9,57
5805,-108,35,90,377,4,11,57
5805,-108,29,90,377,4,8,56
5805,-108,31,90,377,2,9,56
5805,-108,48,90,377,6,9,56
5805,-108,36,90,377,5,9,57
5805,-108,39,90,377,4,8,56
5805,-108,48,90,377,4,10,57
5805,-108,39,90,377,4,10,57
5805,-108,56,90,377,5,10,56
5805,-108,39,90,377,4,10,57
5805,-108,34,90,377,4,10,57
5805,-108,33,90,377,3,9,57
5805,-108,54,90,377,3,10,57
5805,-108,41,90,377,5,10,57
5805,-108,40,90,377,4,11,56
5805,-108,33,90,377,3,9,56
5805,-108,41,90,377,4,10,57
5805,-108,59,90,377,4,9,57
5805,-108,52,89,377,5,9,56
5805,-108,45,90,377,3,9,57
5805,-108,49,90,377,4,9,57
5805,-108,28,90,377,4,10,56
5805,-108,58,90,377,5,11,57
5805,-108,38,90,377,4,8,56
5805,-108,31,90,377,3,7,55
5805,-108,31,90,377,3,10,57
5805,-108,29,90,377,4,8,56
5805,-108,42,90,377,3,9,57
5805,-108,42,90,377,5,9,57
5805,-108,46,90,377,4,10,58
5805,-108,32,90,377,4,8,56
5805,-108,43,90,377,5,8,55
5805,-108,24,90,377,3,9,57
5805,-108,39,90,377,3,11,57
5805,-108,35,90,377,4,9,57
5805,-108,50,90,377,5,9,56
5805,-108,44,90,377,5,10,56
5805,-108,32,90,377,3,9,55
5805,-108,46,90,377,3,10,56
5805,-108,48,90,377,4,10,56
5805,-108,50,90,377,5,8,57
5805,-108,36,90,377,4,10,57
5805,-108,42,90,377,4,8,57
5805,-108,43,90,377,5,11,57
5805,-108,38,90,377,4,9,57
5805,-108,32,90,377,2,8,56
5805,-108,54,90,377,3,8,57
5805,-108,57,90,377,5,9,56
5805,-108,47,90,377,4,11,57
5805,-108,31,90,377,5,8,57
5805,-108,37,90,377,4,11,57
5805,-108,34,90,377,4,8,56
5805,-108,37,90,377,3,9,57
5805,-108,32,90,377,4,9,57
5805,-108,29,90,377,4,11,57
5805,-108,45,90,377,4,10,57
5805,-108,55,90,377,4,10,57
5805,-108,30,90,377,5,10,57
5805,-108,33,90,377,5,9,57
5805,-108,41,90,377,3,11,58
5805,-108,46,90,377,5,9,56
5805,-108,44,90,377,3,7,56
5805,-108,32,90,377,4,11,58
5805,-108,34,90,377,5,9,57
5805,-108,36,90,377,3,10,57
5805,-108,45,90,377,5,11,57
5805,-108,36,90,377,4,11,57
5805,-108,44,90,377,4,9,57
5805,-108,57,90,377,5,10,57
5805,-108,42,90,377,4,8,57
5805,-108,44,90,377,4,9,57
5805,-108,41,90,377,4,10,56
5805,-108,48,90,377,4,8,56
5805,-108,33,90,377,3,10,56
5805,-108,44,90,377,6,9,57
5805,-108,47,90,377,4,9,57
5805,-108,37,90,377,4,12,58
5805,-108,29,90,377,4,10,56
5805,-108,54,90,377,4,9,56
5805,-108,46,90,377,4,9,57
5805,-108,40,90,377,4,8,57
5805,-108,42,90,377,4,12,57
5805,-108,52,90,377,5,9,57
5805,-108,41,90,377,4,8,56
5805,-108,31,90,377,4,9,56
5805,-108,36,90,377,3,9,57
5805,-108,37,90,377,4,10,57
5805,-108,44,90,377,3,10,57
5805,-108,30,90,377,4,10,57
5805,-108,47,90,377,6,9,57
5805,-108,39,90,377,5,11,57
5805,-108,35,90,377,4,9,56
5805,-108,49,90,377,4,8,57
5805,-108,40,90,377,5,8,57
5805,-108,45,90,377,4,9,57
5805,-108,28,90,377,3,8,56
5805,-108,46,90,377,2,10,57
5805,-108,51,90,377,4,9,56
5805,-108,42,90,377,5,8,56
5805,-108,41,90,377,5,7,56
5805,-108,37,90,377,4,10,57
5805,-108,44,90,377,3,10,58
5805,-108,43,90,377,3,8,56
5805,-108,39,90,377,3,11,58
5805,-108,36,90,377,4,10,57
5805,-108,35,90,377,4,8,56
5805,-108,38,90,377,4,9,57
5805,-108,41,90,377,4,10,57
5805,-108,39,90,377,4,9,57
5805,-108,42,90,377,5,7,56
5805,-108,40,90,377,4,8,56
5805,-108,45,90,377,4,9,57
5805,-108,37,90,377,4,9,56
5805,-108,40,90,377,4,10,57
5805,-108,52,90,377,4,9,56
5805,-108,33,90,377,4,11,57
5805,-108,50,90,377,3,11,57
5805,-108,27,90,377,4,9,57
5805,-108,42,90,377,5,9,58
5805,-108,49,90,377,5,8,57
5805,-108,43,90,377,5,9,57
5805,-108,45,90,377,5,11,57
5805,-108,55,90,377,5,9,57
5805,-108,33,90,377,4,10,57
5805,-108,34,90,377,4,9,56
5805,-108,47,90,377,4,9,56
5805,-108,47,90,377,3,8,56
5805,-108,53,90,377,6,8,56
5805,-108,62,90,377,5,12,62
5805,-108,45,89,377,7,11,56
5805,-108,47,90,377,3,11,57
5805,-108,35,90,377,3,10,57
5805,-108,32,90,377,4,9,56
5805,-108,42,90,377,4,9,56
5805,-108,35,90,377,5,8,58
5805,-108,51,90,377,5,10,58
5805,-108,41,90,377,5,10,56
5805,-108,41,90,377,4,10,57
5805,-108,41,89,377,4,10,56
5805,-108,36,90,377,5,9,57
5805,-108,37,90,377,5,10,57
5805,-108,30,90,377,5,7,55
5805,-108,35,90,377,5,8,56
5805,-108,36,90,377,5,9,57
5805,-108,26,90,377,6,9,55
5805,-108,50,90,377,3,10,57
5805,-108,41,90,377,4,10,56
5805,-108,45,90,377,4,9,57
5805,-108,39,90,377,4,9,57
5805,-108,25,90,377,5,10,56
5805,-108,42,90,377,4,11,58
5805,-108,49,90,377,4,11,57
5805,-108,33,90,377,4,10,57
5805,-108,39,90,377,3,10,57
5805,-108,35,90,377,4,10,58
5805,-108,34,90,377,3,8,56
5805,-108,25,90,377,2,9,57
5805,-108,47,90,377,4,9,57
5805,-108,29,90,377,3,10,56
5805,-108,36,90,377,5,8,57
5805,-108,32,90,377,3,8,56
5805,-108,33,90,377,6,9,57
5805,-108,27,90,377,4,10,56
5805,-108,31,89,377,5,7,56
5805,-108,42,90,377,5,8,55
5805,-108,32,90,377,4,11,57
5805,-108,36,90,377,5,9,57
5805,-108,31,90,377,3,10,56
5805,-108,43,90,377,3,11,57
5805,-108,30,90,377,6,9,57
5805,-108,44,90,377,4,10,57
5805,-108,47,90,377,4,8,55
5805,-108,47,90,377,4,10,58
5805,-108,41,90,377,4,8,56
5805,-108,62,90,377,5,9,57
5805,-108,43,90,377,4,10,56
5805,-108,31,90,377,4,9,57
5805,-108,40,90,377,4,9,57
5805,-108,30,90,377,5,10,57
5805,-108,38,90,377,5,8,56
5805,-108,41,90,377,4,8,57
5805,-108,34,90,377,3,8,56
5805,-108,34,90,377,4,13,58
5805,-108,33,90,377,5,10,56
5805,-108,47,90,377,4,10,57
5805,-108,45,90,377,5,9,57
5805,-108,35,90,377,4,10,57
5805,-108,36,90,377,3,9,57
5805,-108,46,90,377,4,10,57
5805,-108,62,90,377,5,11,57
5805,-108,49,90,377,6,8,56
5805,-108,35,90,377,5,10,55
5805,-108,45,90,377,3,8,57
5805,-108,29,90,377,5,10,57
5805,-108,34,90,377,4,8,56
5805,-108,66,90,377,3,9,57
5805,-108,29,90,377,4,10,57
5805,-108,35,90,377,4,11,58
5805,-108,42,90,377,5,11,57
5805,-108,42,90,377,6,9,56
5805,-108,39,90,377,5,10,57
5805,-108,32,90,377,4,10,57
5805,-108,46,90,377,4,10,56
5805,-108,33,90,377,5,9,56
5805,-108,35,90,377,5,9,57
5805,-108,33,90,377,4,9,58
5805,-108,36,90,377,5,9,57
5805,-108,44,90,377,4,10,57
5805,-108,53,90,377,4,9,57
5805,-108,38,90,377,5,9,57
5805,-108,31,90,377,3,9,57
5805,-108,30,90,377,4,9,56
5805,-108,50,90,377,3,10,58
5805,-108,51,90,377,4,8,57
5805,-108,36,90,377,5,10,57
5805,-108,41,90,377,3,8,56
5805,-108,31,90,377,4,11,58
5805,-108,46,90,377,4,10,58
5805,-108,31,90,377,6,8,56
5805,-108,42,90,377,4,10,57
5805,-108,42,90,377,4,9,56
5805,-108,36,90,377,4,10,57
5805,-108,39,90,377,4,8,56
5805,-108,45,90,377,4,9,56
5805,-108,39,90,377,5,10,57
5805,-108,35,90,377,5,10,57
5805,-108,28,90,377,6,8,55
5805,-108,42,90,377,5,11,58
5805,-108,45,90,377,4,8,57
5805,-108,36,90,377,4,12,57
5805,-108,28,90,377,5,10,56
5805,-108,43,90,377,5,11,57
5805,-108,28,90,377,3,7,55
5805,-108,44,90,377,4,9,57
5805,-108,39,90,377,5,10,57
5805,-108,40,90,377,3,10,58
5805,-108,46,90,377,4,9,56
5805,-108,27,90,377,4,10,57
5805,-108,57,90,377,4,9,58
5805,-108,28,90,377,5,8,56
5805,-108,46,90,377,4,10,56
5805,-108,58,90,377,3,8,55
5805,-108,34,90,377,5,9,57
5805,-108,33,90,377,3,10,57
5805,-108,49,90,377,5,9,56
5805,-108,43,90,377,3,10,57
5805,-108,39,90,377,4,9,57
5805,-108,48,90,377,5,10,58
5805,-108,36,90,377,6,11,58
5805,-108,40,90,377,5,11,56
5805,-108,36,90,377,3,9,57
5805,-108,38,90,377,4,9,57
5805,-108,47,90,377,4,8,56
5805,-108,30,90,377,4,10,56
5805,-108,31,90,377,5,6,56
5805,-108,42,90,377,3,8,56
5805,-108,39,90,377,5,8,57
5805,-108,57,90,377,4,9,57
5805,-108,44,90,377,4,10,57
5805,-108,39,90,377,3,8,57
5805,-108,48,90,377,3,9,57
5805,-108,30,90,377,4,10,56
5805,-108,33,90,377,3,9,57
5805,-108,43,90,377,5,9,57
5805,-108,50,90,377,3,9,57
5805,-108,43,90,377,5,9,57
5805,-108,34,90,377,5,9,57
5805,-108,42,90,377,4,10,57
5805,-108,38,90,377,4,9,57
5805,-108,32,90,377,3,8,57
5805,-108,25,90,377,4,8,56
5805,-108,57,90,377,4,8,56
5805,-108,45,90,377,4,10,58
5805,-108,30,90,377,3,8,56
5805,-108,48,90,377,5,9,57
5805,-108,41,90,377,5,11,57
5805,-108,37,89,377,5,10,55
5805,-108,50,90,377,4,9,58
5805,-108,48,90,377,5,10,58
5805,-108,46,90,377,3,10,57
5805,-108,35,90,377,4,8,56
5805,-108,40,90,377,4,9,57
5805,-108,48,90,377,4,9,57
5805,-108,35,90,377,5,9,57
5805,-108,47,90,377,4,10,57
5805,-108,47,90,377,3,10,57
5805,-108,49,90,377,4,10,58
5805,-108,35,90,377,3,10,57
5805,-108,48,90,377,7,10,57
5805,-108,43,90,377,5,9,57
5805,-108,27,90,377,4,9,57
5805,-108,44,90,377,6,8,56
5805,-108,55,90,377,4,9,57
5805,-108,45,90,377,5,7,56
5805,-108,36,90,377,5,10,56
5805,-108,31,90,377,5,9,57
5805,-108,40,90,377,5,10,57
5805,-108,47,90,377,3,11,57
5805,-108,54,90,377,3,10,58
5805,-108,37,90,377,6,9,57
5805,-108,38,90,377,3,9,57
5805,-108,46,90,377,4,9,57
5805,-108,56,90,377,3,10,57
5805,-108,42,90,377,5,9,57
5805,-108,40,90,377,4,8,56
5805,-108,29,90,377,4,10,56
5805,-108,42,90,377,4,9,57
5805,-108,31,90,377,4,11,57
5805,-108,46,90,377,3,9,57
5805,-108,29,90,377,5,10,57
5805,-108,38,90,377,5,10,57
5805,-108,33,90,377,5,8,57
5805,-108,37,90,377,3,11,57
5805,-108,42,90,377,5,9,57
5805,-108,34,90,377,4,10,57
5805,-108,28,90,377,4,12,58
5805,-108,26,90,377,4,11,56
5805,-108,44,90,377,4,10,58
5805,-108,42,90,377,5,10,58
5805,-108,39,90,377,5,10,57
5805,-108,48,90,377,3,11,57
5805,-108,43,90,377,4,10,57
5805,-108,37,90,377,4,9,57
5805,-108,35,90,377,5,10,57
5805,-108,31,90,377,4,9,56
5805,-108,30,90,377,4,8,56
5805,-108,42,90,377,3,8,56
5805,-108,43,90,377,3,9,57
5805,-108,53,90,377,4,10,57
5805,-108,47,90,377,4,10,57
5805,-108,31,90,377,5,10,58
5805,-108,35,90,377,6,9,56
5805,-108,35,90,377,5,11,57
5805,-108,27,90,377,4,9,57
5805,-108,34,90,377,6,10,57
5805,-108,28,90,377,4,8,57
5805,-108,45,90,377,4,10,58
5805,-108,27,90,377,4,9,57
5805,-108,38,90,377,5,9,57
5805,-108,43,90,377,4,9,57
5805,-108,49,90,377,4,10,58
5805,-108,41,90,377,4,8,56
5805,-108,44,90,377,4,10,57
5805,-108,25,90,377,5,9,56
5805,-108,48,90,377,5,9,57
5805,-108,27,90,377,5,10,57
5805,-108,29,90,377,6,9,57
5805,-108,34,90,377,3,10,56
5805,-108,42,90,377,2,8,57
5805,-108,30,90,377,5,8,55
5805,-108,47,90,377,4,10,57
5805,-108,40,90,377,5,8,57
5805,-108,36,90,377,5,9,56
5805,-108,37,90,377,4,9,57
5805,-108,49,90,377,6,8,58
5805,-108,34,90,377,4,8,56
5805,-108,30,90,377,3,8,57
5805,-108,54,90,377,3,8,57
5805,-108,33,90,377,3,9,56
5805,-108,35,90,377,4,9,57
5805,-108,43,90,377,4,11,57
5805,-108,37,90,377,4,10,57
5805,-108,35,90,377,3,10,57
5805,-108,43,90,377,5,10,57
5805,-108,51,90,377,5,10,57
5805,-108,47,90,377,5,9,57
5805,-108,41,90,377,5,9,57
5805,-108,41,90,377,5,9,57
5805,-108,41,90,377,4,9,58
5805,-108,35,90,377,4,7,56
5805,-108,29,90,377,4,8,57
5805,-108,31,90,377,4,9,56
5805,-108,35,90,377,3,9,56
5805,-108,38,90,377,5,10,57
5805,-108,32,90,377,4,8,57
5805,-108,37,90,377,4,10,57
5805,-108,33,89,377,5,12,57
5805,-108,50,90,377,5,10,56
5805,-108,44,90,377,4,10,57
5805,-108,36,90,377,4,8,56
5805,-108,44,90,377,5,11,57
5805,-108,48,90,377,4,10,56
5805,-108,37,90,377,4,9,57
5805,-108,56,90,377,4,9,57
5805,-108,42,90,377,5,8,57
5805,-108,34,90,377,4,11,57
5805,-108,37,90,377,3,11,57
5805,-108,38,90,377,4,9,57
5805,-108,27,90,377,5,8,57
5805,-108,34,90,377,4,9,56
5805,-108,38,90,377,4,10,57
5805,-108,32,90,377,4,12,57
5805,-108,29,90,377,4,10,57
5805,-108,45,90,377,5,10,57
5805,-108,58,90,377,5,11,57
5805,-108,54,90,377,4,9,57
5805,-108,42,90,377,4,9,57
5805,-108,38,90,377,4,10,56
5805,-108,28,90,377,4,9,56
5805,-108,42,90,377,3,9,57
5805,-108,32,90,377,4,9,55
5805,-108,49,90,377,5,9,56
5805,-108,54,90,377,4,12,57
5805,-108,33,90,377,5,10,57
5805,-108,49,90,377,4,10,58
5805,-108,44,90,377,4,11,57
5805,-108,38,90,377,4,10,56
5805,-108,35,89,377,5,7,55
5805,-108,49,90,377,4,9,57
5805,-108,32,90,377,4,9,57
5805,-108,51,90,377,3,9,57
5805,-108,35,90,377,4,11,57
5805,-108,41,90,377,3,9,57
5805,-108,34,90,377,3,8,56
5805,-108,34,90,377,4,8,57
5805,-108,51,90,377,3,10,57
5805,-108,51,90,377,4,10,58
5805,-108,37,90,377,4,9,56
5805,-108,48,90,377,5,9,56
5805,-108,44,90,377,4,9,57
5805,-108,45,90,377,4,8,57
5805,-108,33,90,377,3,9,57
5805,-108,40,90,377,5,10,57
5805,-108,39,90,377,3,9,57
5805,-108,58,90,377,4,9,57
5805,-108,51,90,377,5,9,57
5805,-108,51,90,377,4,7,56
5805,-108,55,90,377,4,9,57
5805,-108,30,90,377,5,10,57
5805,-108,33,90,377,4,10,57
5805,-108,38,90,377,4,9,56
5805,-108,53,90,377,4,10,58
5805,-108,55,90,377,4,9,57
5805,-108,34,90,377,5,8,57
5805,-108,52,90,377,4,9,57
5805,-108,46,90,377,5,8,57
5805,-108,44,90,377,4,11,57
5805,-108,48,90,377,4,10,57
5805,-108,27,90,377,5,8,55
5805,-108,31,90,377,3,11,57
5805,-108,39,90,377,4,9,57
5805,-108,33,90,377,5,9,57
5805,-108,41,90,377,4,9,57
5805,-108,25,90,377,4,9,56
5805,-108,46,90,377,5,12,58
5805,-108,34,90,377,5,10,57
5805,-108,41,90,377,5,9,57
5805,-108,45,90,377,5,11,57
5805,-108,47,90,377,4,9,57
5805,-108,30,89,378,4,9,57
5805,-108,54,90,377,3,9,56
5805,-108,46,90,377,5,11,57
5805,-108,30,90,377,5,10,57
5805,-108,31,90,377,5,9,57
5805,-108,54,90,377,3,8,56
5805,-108,43,90,377,3,10,58
5805,-108,33,90,377,4,10,57
5805,-108,53,90,377,4,10,58
5805,-108,35,90,377,3,9,56
5805,-108,49,90,377,5,9,56
5805,-108,39,90,377,5,9,57
5805,-108,42,90,377,3,10,57
5805,-108,38,90,377,4,11,57
5805,-108,44,90,377,4,10,58
5805,-108,33,90,377,2,10,58
5805,-108,49,90,377,4,10,57
5805,-108,43,90,377,5,9,57
5805,-108,35,90,377,5,8,57
5805,-108,26,90,377,5,7,54
5805,-108,46,90,377,4,9,57
5805,-108,36,90,377,7,9,58
5805,-108,33,90,377,5,8,57
5805,-108,38,90,377,4,11,56
5805,-108,45,90,377,3,8,57
5805,-108,36,90,377,3,8,57
5805,-108,48,90,377,3,8,56
5805,-108,48,90,377,6,10,57
5805,-108,45,90,377,5,9,57
5805,-108,32,90,377,3,10,57
5805,-108,28,90,377,3,8,56
5805,-108,45,90,377,4,10,56
5805,-108,36,90,377,6,10,57
5805,-108,40,90,377,4,10,57
5805,-108,38,90,377,4,10,57
5805,-108,44,90,377,4,9,58
5805,-108,38,90,377,5,9,55
5805,-108,37,90,377,4,10,57
5805,-108,42,90,377,5,10,57
5805,-108,38,90,377,4,9,57
5805,-108,52,90,377,4,7,57
5805,-108,30,90,377,4,9,57
5805,-108,52,90,377,4,10,58
5805,-108,56,90,377,4,11,57
5805,-108,36,90,377,4,9,57
5805,-108,55,90,377,4,11,58
5805,-108,31,90,377,5,9,57
5805,-108,29,90,377,4,9,57
5805,-108,36,90,377,5,9,56
5805,-108,39,90,377,5,10,57
5805,-108,30,90,377,4,9,56
5805,-108,41,90,377,5,11,58
5805,-108,32,90,377,5,9,57
5805,-108,42,90,377,4,10,56
5805,-108,45,90,377,4,10,57
5805,-108,40,90,377,4,9,57
5805,-108,42,90,377,4,9,57
5805,-108,55,90,377,5,10,57
5805,-108,46,90,377,4,9,57
5805,-108,38,90,377,5,10,57
5805,-108,42,90,377,4,10,57
5805,-108,27,90,377,3,11,57
5805,-108,56,90,377,5,9,57
5805,-108,32,90,377,4,9,57
5805,-108,31,90,377,5,9,57
5805,-108,35,90,377,5,9,56
5805,-108,28,90,377,5,11,56
5805,-108,48,90,377,4,11,57
5805,-108,37,90,377,4,9,57
5805,-108,40,90,377,3,9,57
5805,-108,43,90,377,5,11,57
5805,-108,53,90,377,3,9,56
5805,-108,42,90,377,4,9,57
5805,-108,46,90,377,3,8,56
5805,-108,43,90,377,4,11,57
5805,-108,31,90,377,4,11,56
5805,-108,33,90,377,3,10,58
5805,-108,56,90,377,6,10,57
5805,-108,41,90,377,4,10,57
5805,-108,27,90,377,4,9,55
5805,-108,46,90,377,4,9,56
5805,-108,28,90,377,3,9,56
5805,-108,33,90,377,4,10,57
5805,-108,45,90,377,4,11,57
5805,-108,34,90,377,4,10,57
5805,-108,32,90,377,4,9,57
5805,-108,44,90,377,3,10,57
5805,-108,27,90,377,3,9,57
5805,-108,53,90,377,4,9,56
5805,-108,43,90,377,5,9,56
5805,-108,45,90,377,5,9,56
5805,-108,38,90,377,3,9,57
5805,-108,42,90,377,3,11,57
5805,-108,40,90,377,4,9,56
5805,-108,35,90,377,3,9,57
5805,-108,40,90,377,4,10,58
5805,-108,48,90,377,4,9,57
5805,-108,44,90,377,3,10,58
5805,-108,40,90,377,6,10,57
5805,-108,40,90,377,4,9,57
5805,-108,47,90,377,5,10,57
5805,-108,34,90,377,4,11,57
5805,-108,31,90,377,5,7,56
5805,-108,41,90,377,6,12,58
5805,-108,34,90,377,3,9,56
5805,-108,44,90,377,4,9,57
5805,-108,38,90,377,4,9,56
5805,-108,35,90,377,5,8,57
5805,-108,39,90,377,2,10,57
5805,-108,25,90,377,5,9,56
5805,-108,46,90,377,4,11,57
5805,-108,45,90,377,5,9,57
5805,-108,46,90,377,3,10,57
5805,-108,45,90,377,4,10,56
5805,-108,57,90,377,5,11,57
5805,-108,44,90,377,6,8,57
5805,-108,45,90,377,4,9,56
5805,-108,43,90,377,4,9,57
5805,-108,45,90,377,4,10,57
5805,-108,33,90,377,4,11,57
5805,-108,39,90,377,4,9,57
5805,-108,36,90,377,4,9,57
5805,-108,45,90,377,4,11,57
5805,-108,37,90,377,5,10,57
5805,-108,33,90,377,4,8,56
5805,-108,56,90,377,5,9,57
5805,-108,34,90,377,3,8,55
5805,-108,39,90,377,4,11,57
5805,-108,44,90,377,3,9,56
5805,-108,63,90,377,3,9,57
5805,-108,34,90,377,4,10,57
5805,-108,46,90,377,4,11,58
5805,-108,58,90,377,4,7,56
5805,-108,34,90,377,4,11,58
5805,-108,38,90,377,3,11,57
5805,-108,50,90,377,4,9,57
5805,-108,31,90,377,4,9,56
5805,-108,54,90,377,4,9,57
5805,-108,33,90,377,5,10,57
5805,-108,54,90,377,5,7,57
5805,-108,50,90,377,4,9,56
5805,-108,24,90,377,4,10,57
5805,-108,55,90,377,5,9,57
5805,-108,46,90,377,4,11,57
5805,-108,41,90,377,5,9,57
5805,-108,23,90,377,5,8,56
5805,-108,40,90,377,5,7,56
5805,-108,41,90,377,5,10,57
5805,-108,50,90,377,4,11,57
5805,-108,40,90,377,4,10,57
5805,-108,57,90,377,5,9,57
5805,-108,33,90,377,3,9,57
5805,-108,38,90,377,4,8,57
5805,-108,35,90,377,4,11,57
5805,-108,32,90,377,4,10,57
5805,-108,42,90,377,4,11,58
5805,-108,73,90,377,4,11,57
5805,-108,35,90,377,4,11,57
5805,-108,42,90,377,4,8,56
5805,-108,37,90,377,5,9,56
5805,-108,53,90,377,3,10,57
5805,-108,28,90,377,4,10,57
5805,-108,34,90,377,4,10,56
5805,-108,46,90,377,5,10,57
5805,-108,42,90,377,4,10,58
5805,-108,48,90,377,4,8,56
5805,-108,38,90,377,5,8,55
5805,-108,36,90,377,3,7,56
5805,-108,48,90,377,5,11,57
5805,-108,30,89,377,5,9,56
5805,-108,39,90,377,3,9,56
5805,-108,42,90,377,5,10,57
5805,-108,35,90,377,4,9,57
5805,-108,35,90,377,5,10,57
5805,-108,32,88,378,6,9,54
5805,-108,46,90,377,5,8,56
5805,-108,42,90,377,5,10,57
5805,-108,41,90,377,4,10,57
5805,-108,53,90,377,4,10,57
5805,-108,39,90,377,4,10,58
5805,-108,53,90,377,4,10,57
5805,-108,48,90,377,4,9,57
5805,-108,40,90,377,4,9,57
5805,-108,47,90,377,4,10,56
5805,-108,35,90,377,4,8,56
5805,-108,29,90,377,5,9,57
5805,-108,46,90,377,5,11,57
5805,-108,53,90,377,4,9,57
5805,-108,32,90,377,3,9,57
5805,-108,38,90,377,4,10,57
5805,-108,50,90,377,4,11,57
5805,-108,38,90,377,4,10,56
5805,-108,53,90,377,5,11,58
5805,-108,54,90,377,6,8,56
5805,-108,36,90,377,3,9,57
5805,-108,55,90,377,5,10,57
5805,-108,47,90,377,4,8,56
5805,-108,51,90,377,5,9,55
5805,-108,50,90,377,5,10,56
5805,-108,40,90,377,5,8,56
5805,-108,69,90,377,4,9,58
5805,-108,44,90,377,5,11,57
5805,-108,45,90,377,5,7,57
5805,-108,38,90,377,4,11,57
5805,-108,41,90,377,4,8,56
5805,-108,45,90,377,4,10,57
5805,-108,24,90,377,5,10,56
5805,-108,38,90,377,5,8,55
5805,-108,38,90,377,3,9,56
5805,-108,56,90,377,5,10,57
5805,-108,55,90,377,2,11,57
5805,-108,32,90,377,4,10,58
5805,-108,31,90,377,5,8,56
5805,-108,36,90,377,4,8,56
5805,-108,32,90,377,5,10,57
5805,-108,37,90,377,5,9,57
5805,-108,48,90,377,4,9,57
5805,-108,45,90,377,5,9,56
5805,-108,36,90,377,5,10,57
5805,-108,43,90,377,3,10,57
5805,-108,30,90,377,3,10,57
5805,-108,57,90,377,4,10,57
5805,-108,63,90,377,4,10,57
5805,-108,35,90,377,3,10,57
5805,-108,40,90,377,3,7,55
5805,-108,42,90,377,5,9,57
5805,-108,42,90,377,4,10,57
5805,-108,30,90,377,4,9,56
5805,-108,50,90,377,4,10,57
5805,-108,46,90,377,5,8,56
5805,-108,49,90,377,3,9,57
5805,-108,56,90,377,3,8,56
5805,-108,48,90,377,4,9,57
5805,-108,44,90,377,5,8,57
5805,-108,46,90,377,4,10,57
5805,-108,41,90,377,4,9,57
5805,-108,45,90,377,5,11,57
5805,-108,59,90,377,5,9,57
5805,-108,47,90,377,4,8,57
5805,-108,45,90,377,3,8,57
5805,-108,48,90,377,5,8,56
5805,-108,45,90,377,4,9,58
5805,-108,40,90,377,5,10,57
5805,-108,41,90,377,4,9,57
5805,-108,36,90,377,5,8,57
5805,-108,44,90,377,4,10,57
5805,-108,52,90,377,6,10,57
5805,-108,47,90,377,5,10,57
5805,-108,36,90,377,4,10,57
5805,-108,38,90,377,3,8,56
5805,-108,32,90,377,3,9,57
5805,-108,49,90,377,3,10,57
5805,-108,53,90,377,3,9,58
5805,-108,46,90,377,4,10,57
5805,-108,43,90,377,4,9,57
5805,-108,44,90,377,4,10,57
5805,-108,37,90,377,5,10,57
5805,-108,36,90,377,4,10,56
5805,-108,30,90,377,2,9,57
5805,-108,57,90,377,5,10,57
5805,-108,38,90,377,4,9,56
5805,-108,42,90,377,5,9,57
5805,-108,28,90,377,4,9,57
5805,-108,59,90,377,4,9,57
5805,-108,31,90,377,4,10,56
5805,-108,46,90,377,4,8,57
5805,-108,33,90,377,4,9,57
5805,-108,31,90,377,5,11,57
5805,-108,42,90,377,4,10,57
5805,-108,56,90,377,3,9,57
5805,-108,39,90,377,5,7,56
5805,-108,44,90,377,4,8,56
5805,-108,43,90,377,5,10,58
5805,-108,60,90,377,4,11,57
5805,-108,25,90,377,5,8,55
5805,-108,40,90,377,4,9,57
5805,-108,63,90,377,4,10,57
5805,-108,34,90,377,3,9,57
5805,-108,46,90,377,4,12,57
5805,-108,30,90,377,4,9,55
5805,-108,29,90,377,4,10,57
5805,-108,43,90,377,5,10,57
5805,-108,45,90,377,4,8,56
5805,-108,36,90,377,4,10,57
5805,-108,33,90,377,3,10,57
5805,-108,44,90,377,3,9,57
5805,-108,29,90,377,3,9,56
5805,-108,51,90,377,3,9,57
5805,-108,66,90,377,4,11,58
5805,-108,66,90,377,4,10,57
5805,-108,41,90,377,4,9,56
5805,-108,34,90,377,4,11,57
5805,-108,37,90,377,4,11,57
5805,-108,38,90,377,3,8,56
5805,-108,53,90,377,5,9,57
5805,-108,41,90,377,5,9,57
5805,-108,35,90,377,4,10,57
5805,-108,46,90,377,5,9,57
5805,-108,29,90,377,4,9,56
5805,-108,39,90,377,4,11,57
5805,-108,29,90,377,5,10,56
5805,-108,24,90,377,4,8,57
5805,-108,60,90,377,4,9,57
5805,-108,31,90,377,5,9,57
5805,-108,43,90,377,5,10,57
5805,-108,48,90,377,3,8,56
5805,-108,31,90,377,4,8,56
5805,-108,55,90,377,4,9,56
5805,-108,51,90,377,5,9,57
5805,-108,48,90,377,3,11,57
5805,-108,33,90,377,5,8,56
5805,-108,40,90,377,4,10,57
5805,-108,28,90,377,3,9,57
5805,-108,48,90,377,5,11,57
5805,-108,26,90,377,5,11,57
5805,-108,41,90,377,4,8,56
5805,-108,36,90,377,4,8,56
5805,-108,34,90,377,5,8,56
5805,-108,31,90,377,3,9,57
5805,-108,39,90,377,5,8,56
5805,-108,48,90,377,4,10,58
5805,-108,41,90,377,5,9,57
5805,-108,42,90,377,3,9,57
5805,-108,38,90,377,4,8,56
5805,-108,44,90,377,4,10,57
5805,-108,29,90,377,4,9,56
5805,-108,49,90,377,5,8,57
5805,-108,57,90,377,4,8,56
5805,-108,35,90,377,4,8,56
5805,-108,37,90,377,4,8,56
5805,-108,45,90,377,4,8,55
5805,-108,32,90,377,4,10,56
5805,-108,38,90,377,4,9,57
5805,-108,33,90,377,4,9,57
5805,-108,45,90,377,3,10,57
5805,-108,33,90,377,4,9,56
5805,-108,52,90,377,4,10,58
5805,-108,50,90,377,5,9,56
5805,-108,44,90,377,5,10,57
5805,-108,52,90,377,5,9,57
5805,-108,42,90,377,3,9,57
5805,-108,45,90,377,4,9,56
5805,-108,47,90,377,5,9,57
5805,-108,44,90,377,3,8,57
5805,-108,60,90,377,3,10,57
5805,-108,35,90,377,4,8,56
5805,-108,30,90,377,3,11,57
5805,-108,52,90,377,4,10,57
5805,-108,38,90,377,5,9,57
5805,-108,42,90,377,5,10,57
5805,-108,47,90,377,4,9,57
5805,-108,45,90,377,3,9,57
5805,-108,39,90,377,4,9,57
5805,-108,39,90,377,6,9,56
5805,-108,47,90,377,3,8,55
5805,-108,46,90,377,3,8,57
5805,-108,43,90,377,5,11,57
5805,-108,47,90,377,5,9,57
5805,-108,65,90,377,4,9,56
5805,-108,30,90,377,4,10,58
5805,-108,38,90,377,3,10,58
5805,-108,33,90,377,5,7,56
5805,-108,37,90,377,4,9,57
5805,-108,34,90,377,4,10,56
5805,-108,49,90,377,6,10,57
5805,-108,34,90,377,5,9,56
5805,-108,44,90,377,4,10,57
5805,-108,39,90,377,5,9,57
5805,-108,46,90,377,4,8,57
5805,-108,35,90,377,5,10,57
5805,-108,52,90,377,5,8,56
5805,-108,49,90,377,4,9,56
5805,-108,53,90,377,5,9,57
5805,-108,32,89,377,6,11,57
5805,-108,32,90,377,5,10,56
5805,-108,39,90,377,4,10,57
5805,-108,46,90,377,4,10,57
5805,-108,52,90,377,5,8,56
5805,-108,26,90,377,4,9,56
5805,-108,34,90,377,3,10,57
5805,-108,44,90,377,4,9,56
5805,-108,30,90,377,4,12,57
5805,-108,27,90,377,4,7,55
5805,-108,40,90,377,5,11,57
5805,-108,58,90,377,3,11,57
5805,-108,37,90,377,4,8,56
5805,-108,61,90,377,4,10,57
5805,-108,51,90,377,4,8,57
5805,-108,57,90,377,4,11,58
5805,-108,62,90,377,4,10,57
5805,-108,41,90,377,3,9,57
5805,-108,50,90,377,4,11,57
5805,-108,32,90,377,4,10,57
5805,-108,31,90,377,4,10,56
5805,-108,47,90,377,4,11,57
5805,-108,55,90,377,5,9,57
5805,-108,44,90,377,3,11,57
5805,-108,32,90,377,3,9,56
5805,-108,31,90,377,4,10,57
5805,-108,31,90,377,4,10,57
5805,-108,43,90,377,5,9,57
5805,-108,49,90,377,3,9,57
5805,-108,55,90,377,4,10,56
5805,-108,34,90,377,5,9,57
5805,-108,42,90,377,4,8,56
5805,-108,37,90,377,4,10,57
5805,-108,42,90,377,6,11,57
5805,-108,41,90,377,5,9,57
5805,-108,56,90,377,4,9,57
5805,-108,44,90,377,4,12,58
5805,-108,29,90,377,5,10,57
5805,-108,28,90,377,6,9,57
5805,-108,51,90,377,4,8,57
5805,-108,42,90,377,5,8,57
5805,-108,36,90,377,5,10,57
5805,-108,48,90,377,3,10,58
5805,-108,50,90,377,4,10,57
5805,-108,48,90,377,4,8,57
5805,-108,32,90,377,5,9,57
5805,-108,31,90,377,4,11,57
5805,-108,42,90,377,3,11,57
5805,-108,63,90,377,5,9,57
5805,-108,54,90,377,5,11,57
5805,-108,51,90,377,3,9,57
5805,-108,46,90,377,4,10,58
5805,-108,43,90,377,4,9,57
5805,-108,58,90,377,3,9,57
5805,-108,27,90,377,5,10,57
5805,-108,41,90,377,5,11,57
5805,-108,28,90,377,5,10,57
5805,-108,31,90,377,4,10,57
5805,-108,53,89,377,5,9,56
5805,-108,30,90,377,3,10,57
5805,-108,34,90,377,4,9,56
5805,-108,48,90,377,3,8,57
5805,-108,50,89,377,6,8,56
5805,-108,39,90,377,4,11,57
5805,-108,34,90,377,5,10,56
5805,-108,38,90,377,4,9,56
5805,-108,42,90,377,4,10,57
5805,-108,46,90,377,5,10,57
5805,-108,41,90,377,5,10,58
5805,-108,50,90,377,4,11,58
5805,-108,44,90,377,3,9,56
5805,-108,43,90,377,5,9,57
5805,-108,40,90,377,2,9,57
5805,-108,50,90,377,3,10,57
5805,-108,33,90,377,3,10,57
5805,-108,29,90,377,5,10,57
5805,-108,51,90,377,4,9,57
5805,-108,48,90,377,4,10,57
5805,-108,38,90,377,3,7,56
5805,-108,42,90,377,4,9,56
5805,-108,60,90,377,4,10,57
5805,-108,40,90,377,4,11,56
5805,-108,54,90,377,3,11,57
5805,-108,53,90,377,5,10,56
5805,-108,33,90,377,3,10,57
5805,-108,35,90,377,3,9,57
5805,-108,31,90,377,4,9,57
5805,-108,44,90,377,3,11,57
5805,-108,31,90,377,5,9,57
5805,-108,25,90,377,4,10,56
5805,-108,48,90,377,5,8,57
5805,-108,32,90,377,6,7,57
5805,-108,34,90,377,4,11,58
5805,-108,34,90,377,3,8,56
5805,-108,39,90,377,3,9,56
5805,-108,48,90,377,3,10,58
5805,-108,35,90,377,5,10,57
5805,-108,41,90,377,4,8,57
5805,-108,41,90,377,5,10,58
5805,-108,32,90,377,5,9,55
5805,-108,48,90,377,2,10,57
5805,-108,44,90,377,4,7,57
5805,-108,40,90,377,4,8,58
5805,-108,37,90,377,4,12,58
5805,-108,40,90,377,4,9,57
5805,-108,39,90,377,5,11,57
5805,-108,27,90,377,3,8,56
5805,-108,37,90,377,4,10,57
5805,-108,42,90,377,4,9,57
5805,-108,36,90,377,4,8,56
5805,-108,44,90,377,4,11,57
5805,-108,36,90,377,4,11,58
5805,-108,35,90,377,5,8,56
5805,-108,44,90,377,3,12,58
5805,-108,34,90,377,4,10,56
5805,-108,49,90,377,4,9,57
5805,-108,46,90,377,4,10,58
5805,-108,36,90,377,4,10,57
5805,-108,34,90,377,5,9,57
5805,-108,39,90,377,4,10,57
5805,-108,44,90,377,4,9,57
5805,-108,41,90,377,4,9,56
5805,-108,31,90,377,4,9,57
5805,-108,49,90,377,3,11,57
5805,-108,45,90,377,4,9,57
5805,-108,31,90,377,4,9,57
5805,-108,45,90,377,3,9,57
5805,-108,47,90,377,4,9,57
5805,-108,53,90,377,4,9,57
5805,-108,34,90,377,5,10,57
5805,-108,47,90,377,4,10,57
5805,-108,59,90,377,5,10,57
5805,-108,41,90,377,5,10,57
5805,-108,36,90,377,4,11,57
5805,-108,48,90,377,3,9,57
5805,-108,29,90,377,4,9,55
5805,-108,39,90,377,5,7,55
5805,-108,50,90,377,5,10,58
5805,-108,27,90,377,4,9,56
5805,-108,35,90,377,4,9,57
5805,-108,28,90,377,4,11,57
5805,-108,54,90,377,3,10,57
5805,-108,27,90,377,4,10,57
5805,-108,49,90,377,4,9,57
5805,-108,31,89,378,5,9,55
5805,-108,44,90,377,3,9,56
5805,-108,27,90,377,4,9,57
5805,-108,42,90,377,5,8,57
5805,-108,48,90,377,4,9,56
5805,-108,34,90,377,4,9,57
5805,-108,51,90,377,4,9,57
5805,-108,38,89,377,5,10,56
5805,-108,38,90,377,4,9,57
5805,-108,43,90,377,3,10,58
5805,-108,44,90,377,5,9,57
5805,-108,35,90,377,5,8,57
5805,-108,63,90,377,5,11,58
5805,-108,53,90,377,5,9,57
5805,-108,45,90,377,4,9,58
5805,-108,42,90,377,5,10,57
5805,-108,37,89,377,5,8,55
5805,-108,44,90,377,5,9,57
5805,-108,38,90,377,6,9,57
5805,-108,55,90,377,3,10,57
5805,-108,33,90,377,2,8,57
5805,-108,59,90,377,4,12,58
5805,-108,42,90,377,4,9,57
5805,-108,37,90,377,3,9,56
5805,-108,23,89,377,6,10,55
5805,-108,36,90,377,4,9,57
5805,-108,56,90,377,3,9,57
5805,-108,35,90,377,4,9,56
5805,-108,48,90,377,4,10,57
5805,-108,45,90,377,3,9,57
5805,-108,38,90,377,3,11,57
5805,-108,32,90,377,5,8,57
5805,-108,36,90,377,3,11,57
5805,-108,51,90,377,5,10,57
5805,-108,42,90,377,3,8,57
5805,-108,39,90,377,3,11,57
5805,-108,28,90,377,5,10,56
5805,-108,35,90,377,4,10,58
5805,-108,30,90,377,3,9,57
5805,-108,49,90,377,5,9,57
5805,-108,40,90,377,5,8,56
5805,-108,43,90,377,5,10,58
5805,-108,33,90,377,4,10,57
5805,-108,53,90,377,3,11,58
5805,-108,32,90,377,6,9,57
5805,-108,44,90,377,3,10,57
5805,-108,25,90,377,4,8,56
5805,-108,39,90,377,5,8,56
5805,-108,47,90,377,4,11,57
5805,-108,53,90,377,4,9,56
5805,-108,37,90,377,4,9,57
5805,-108,57,90,377,4,10,57
5805,-108,36,90,377,5,9,57
5805,-108,39,90,377,4,10,56
5805,-108,50,90,377,4,8,57
5805,-108,40,90,377,4,7,56
5805,-108,32,90,377,4,9,57
5805,-108,52,90,377,5,11,57
5805,-108,54,90,377,5,10,57
5805,-108,57,90,377,5,9,57
5805,-108,34,90,377,4,10,57
5805,-108,52,90,377,3,8,56
5805,-108,45,90,377,4,9,57
5805,-108,45,90,377,4,8,57
5805,-108,42,90,377,4,10,57
5805,-108,36,90,377,3,8,56
5805,-108,26,90,377,4,8,56
5805,-108,35,90,377,4,10,57
5805,-108,47,90,377,5,9,57
5805,-108,32,90,377,4,10,57
5805,-108,31,90,377,4,8,57
5805,-108,59,90,377,3,9,57
5805,-108,49,90,377,4,9,57
5805,-108,39,90,377,5,9,57
5805,-108,51,90,377,4,11,57
5805,-108,47,90,377,5,8,56
5805,-108,40,90,377,3,9,57
5805,-108,56,90,377,3,9,57
5805,-108,44,90,377,4,9,56
5805,-108,42,90,377,4,9,56
5805,-108,39,90,377,4,10,57
5805,-108,43,90,377,5,10,57
5805,-108,35,90,377,4,10,57
5805,-108,45,90,377,3,10,57
5805,-108,38,90,377,4,9,57
5805,-108,48,90,377,2,11,58
5805,-108,51,90,377,4,9,58
5805,-108,38,90,377,4,9,57
5805,-108,35,90,377,4,9,57
5805,-108,36,90,377,4,10,57
5805,-108,28,90,377,4,9,56
5805,-108,52,90,377,4,9,57
5805,-108,35,90,377,4,9,57
5805,-108,48,90,377,4,10,57
5805,-108,39,90,377,4,8,56
5805,-108,41,90,377,4,10,57
5805,-108,47,90,377,3,10,57
5805,-108,45,90,377,3,9,56
5805,-108,51,90,377,3,11,57
5805,-108,44,90,377,5,10,56
5805,-108,52,90,377,4,10,57
5805,-108,49,90,377,5,10,57
5805,-108,42,90,377,4,10,57
5805,-108,46,90,377,3,10,57
5805,-108,27,90,377,3,8,57
5805,-108,43,90,377,3,10,57
5805,-108,50,90,377,4,7,55
5805,-108,28,90,377,4,10,57
5805,-108,34,90,377,4,10,56
5805,-108,42,90,377,3,9,57
5805,-108,47,90,377,3,9,57
5805,-108,40,90,377,4,9,57
5805,-108,41,90,377,6,8,56
5805,-108,29,90,377,3,8,56
5805,-108,40,90,377,4,11,57
5805,-108,43,90,377,5,10,57
5805,-108,47,90,377,4,9,56
5805,-108,27,90,377,3,12,57
5805,-108,46,89,378,6,10,56
5805,-108,35,90,377,4,8,56
5805,-108,30,90,377,4,9,56
5805,-108,52,90,377,4,8,56
5805,-108,34,90,377,6,10,57
5805,-108,30,90,377,3,9,56
5805,-108,39,90,377,6,9,57
5805,-108,27,90,377,3,12,57
5805,-108,36,90,377,3,10,57
5805,-108,34,90,377,4,8,56
5805,-108,44,90,377,4,8,57
5805,-108,40,90,377,3,9,56
5805,-108,45,90,377,4,10,57
5805,-108,48,90,377,4,9,57
5805,-108,40,90,377,4,11,57
5805,-108,37,90,377,5,9,56
5805,-108,42,90,377,4,8,56
5805,-108,55,90,377,4,9,57
5805,-108,47,90,377,4,10,57
5805,-108,40,90,377,5,10,58
5805,-108,40,90,377,4,11,57
5805,-108,32,90,377,5,9,56
5805,-108,34,90,377,5,9,56
5805,-108,52,90,377,4,11,57
5805,-108,38,90,377,3,9,56
5805,-108,31,90,377,3,9,57
5805,-108,33,90,377,1,9,57
5805,-108,47,90,377,5,8,56
5805,-108,40,90,377,5,10,58
5805,-108,42,90,377,4,10,57
5805,-108,46,90,377,4,10,57
5805,-108,42,90,377,4,12,58
5805,-108,55,90,377,4,10,57
5805,-108,42,90,377,4,9,57
5805,-108,32,90,377,5,9,56
5805,-108,44,90,377,3,8,57
5805,-108,33,90,377,3,7,56
5805,-108,32,90,377,4,9,56
5805,-108,45,90,377,3,11,56
5805,-108,45,90,377,3,9,57
5805,-108,33,90,377,3,7,56
5805,-108,55,90,377,4,10,58
5805,-108,34,90,377,3,10,58
5805,-108,47,90,377,4,8,57
5805,-108,38,90,377,4,11,58
5805,-108,50,90,377,4,10,57
5805,-108,46,90,377,4,10,57
5805,-108,42,90,377,4,8,56
5805,-108,33,90,377,4,10,58
5805,-108,45,90,377,3,11,57
5805,-108,28,90,377,4,11,57
5805,-108,56,90,377,4,9,56
5805,-108,46,90,377,4,9,57
5805,-108,41,90,377,4,9,57
5805,-108,41,90,377,4,8,56
5805,-108,40,90,377,4,10,57
5805,-108,64,90,377,4,10,57
5805,-108,49,90,377,3,11,57
5805,-108,36,90,377,5,9,57
5805,-108,59,90,377,4,10,57
5805,-108,52,90,377,4,9,57
5805,-108,46,90,377,5,9,57
5805,-108,36,90,377,4,12,57
5805,-108,41,90,377,5,10,57
5805,-108,41,90,377,4,9,57
5805,-108,47,90,377,5,9,57
5805,-108,42,90,377,3,7,56
5805,-108,52,90,377,5,9,57
5805,-108,33,90,377,5,9,56
5805,-108,47,90,377,4,8,56
5805,-108,51,90,377,4,10,57
5805,-108,45,90,377,5,10,57
5805,-108,39,90,377,5,10,57
5805,-108,46,90,377,5,10,57
5805,-108,55,90,377,5,10,57
5805,-108,36,90,377,4,11,57
5805,-108,37,90,377,5,11,57
5805,-108,49,90,377,4,13,58
5805,-108,46,90,377,4,7,57
5805,-108,49,90,377,5,11,58
5805,-108,39,90,377,5,9,57
5805,-108,39,90,377,5,10,57
5805,-108,26,90,377,3,10,57
5805,-108,36,90,377,5,9,56
5805,-108,35,90,377,4,9,57
5805,-108,39,90,377,4,10,57
5805,-108,47,90,377,3,10,58
5805,-108,43,90,377,4,10,58
5805,-108,44,90,377,5,10,57
5805,-108,41,90,377,5,10,57
5805,-108,47,90,377,3,10,57
5805,-108,49,90,377,5,10,56
5805,-108,53,90,377,4,8,56
5805,-108,35,90,377,4,10,56
5805,-108,50,90,377,4,9,57
5805,-108,37,90,377,4,11,57
5805,-108,32,90,377,4,8,56
5805,-108,40,90,377,4,9,57
5805,-108,33,90,377,4,9,55
5805,-108,47,90,377,4,10,56
5805,-108,42,90,377,4,8,56
5805,-108,32,90,377,4,8,56
5805,-108,43,90,377,5,10,58
5805,-108,44,90,377,4,9,57
5805,-108,51,90,377,4,11,57
5805,-108,33,90,377,4,9,56
5805,-108,36,90,377,4,10,57
5805,-108,39,90,377,5,10,56
5805,-108,42,90,377,5,10,58
5805,-108,47,90,377,4,10,56
5805,-108,48,90,377,3,9,57
5805,-108,46,90,377,3,10,57
5805,-108,31,90,377,5,10,56
5805,-108,41,90,377,4,10,57
5805,-108,37,90,377,4,9,56
5805,-108,41,90,377,5,8,57
5805,-108,35,90,377,4,10,57
5805,-108,31,90,377,3,9,57
5805,-108,34,90,377,4,10,57
5805,-108,52,90,377,4,9,57
5805,-108,47,90,377,4,11,58
5805,-108,35,90,377,4,10,57
5805,-108,38,90,377,4,9,57
5805,-108,47,90,377,5,9,56
5805,-108,47,90,377,4,10,57
5805,-108,51,90,377,3,10,57
5805,-108,31,90,377,5,11,57
5805,-108,61,90,377,4,10,57
5805,-108,48,90,377,5,10,57
5805,-108,41,90,377,4,12,57
5805,-108,35,90,377,5,10,57
5805,-108,26,90,377,3,9,56
5805,-108,32,90,377,5,11,58
5805,-108,37,90,377,3,10,57
5805,-108,54,90,377,4,9,57
5805,-108,39,90,377,4,9,57
5805,-108,24,90,377,5,8,56
5805,-108,46,90,377,5,9,57
5805,-108,28,90,377,5,9,56
5805,-108,47,90,377,3,11,58
5805,-108,50,90,377,3,10,58
5805,-108,28,90,377,3,9,56
5805,-108,24,90,377,4,9,57
5805,-108,42,90,377,4,8,57
5805,-108,44,90,377,4,9,57
5805,-108,38,90,377,5,9,56
5805,-108,43,90,377,4,10,57
5805,-108,31,90,377,4,10,57
5805,-108,31,90,377,4,10,57
5805,-108,39,90,377,2,10,57
5805,-108,38,90,377,5,8,56
5805,-108,45,90,377,3,8,55
5805,-108,50,90,377,6,9,57
5805,-108,28,90,377,4,10,57
5805,-108,43,90,377,5,9,56
5805,-108,40,90,377,4,9,57
5805,-108,39,90,377,3,10,57
5805,-108,39,90,377,4,9,56
5805,-108,46,90,377,4,9,56
5805,-108,43,90,377,3,10,57
5805,-108,36,90,377,3,9,57
5805,-108,28,90,377,4,10,56
5805,-108,51,90,377,5,10,57
5805,-108,61,90,377,4,12,58
5805,-108,40,90,377,5,11,57
5805,-108,56,90,377,4,8,56
5805,-108,33,90,377,3,8,57
5805,-108,36,90,377,6,10,56
5805,-108,53,90,377,4,10,57
5805,-108,30,90,377,3,11,57
5805,-108,36,90,377,5,10,56
5805,-108,34,90,377,3,10,57
5805,-108,39,90,377,4,10,57
5805,-108,34,90,377,4,8,56
5805,-108,55,90,377,5,10,56
5805,-108,37,90,377,6,8,57
5805,-108,36,90,377,3,9,56
5805,-108,36,90,377,4,9,57
5805,-108,41,90,377,4,9,57
5805,-108,45,90,377,4,9,57
5805,-108,36,90,377,5,11,58
5805,-108,29,90,377,4,9,56
5805,-108,57,90,377,4,10,58
5805,-108,43,90,377,3,10,58
5805,-108,42,90,377,5,10,57
5805,-108,56,90,377,4,10,57
5805,-108,29,90,377,4,10,57
5805,-108,44,90,377,4,9,57
5805,-108,49,90,377,2,10,57
5805,-108,34,90,377,4,8,55
5805,-108,45,90,377,4,11,57
5805,-108,52,90,377,4,6,55
5805,-108,47,90,377,2,9,57
5805,-108,61,90,377,4,8,56
5805,-108,62,90,377,5,11,58
5805,-108,40,90,377,4,8,57
5805,-108,38,90,377,5,8,56
5805,-108,53,90,377,3,10,56
5805,-108,41,90,377,4,9,56
5805,-108,39,90,377,5,11,57
5805,-108,42,90,377,4,7,56
5805,-108,57,90,377,4,11,58
5805,-108,47,90,377,3,10,57
5805,-108,43,90,377,4,8,57
5805,-108,61,90,377,5,8,57
5805,-108,34,90,377,5,9,56
5805,-108,41,90,377,4,10,57
5805,-108,48,90,377,3,11,57
5805,-108,38,90,377,4,10,57
5805,-108,38,90,377,3,9,57
5805,-108,34,90,377,5,9,56
5805,-108,58,90,377,4,10,58
5805,-108,45,90,377,3,11,57
5805,-108,32,89,377,6,9,55
5805,-108,46,90,377,3,9,56
5805,-108,37,90,377,4,10,57
5805,-108,31,90,377,3,7,56
5805,-108,33,90,377,4,9,56
5805,-108,30,90,377,4,9,57
5805,-108,37,90,377,4,8,57
5805,-108,27,90,377,4,8,56
5805,-108,40,90,377,5,9,57
5805,-108,47,90,377,4,9,56
5805,-108,35,90,377,3,9,57
5805,-108,25,90,377,4,10,57
5805,-108,50,90,377,5,10,57
5805,-108,55,90,377,4,9,56
5805,-108,35,90,377,5,10,57
5805,-108,33,90,377,5,9,56
5805,-108,37,90,377,4,11,56
5805,-108,25,90,377,5,9,57
5805,-108,39,90,377,4,9,57
5805,-108,37,90,377,5,9,57
5805,-108,29,90,377,4,10,56
5805,-108,45,90,377,5,9,57
5805,-108,39,90,377,3,9,56
5805,-108,46,90,377,2,9,57
5805,-108,32,90,377,3,9,57
5805,-108,43,90,377,4,8,57
5805,-108,38,90,377,3,9,56
5805,-108,54,90,377,4,10,57
5805,-108,39,90,377,5,11,58
5805,-108,35,90,377,4,10,57
5805,-108,34,90,377,2,7,56
5805,-108,40,90,377,4,10,58
5805,-108,30,90,377,5,7,56
5805,-108,44,90,377,5,9,56
5805,-108,26,90,377,5,7,55
5805,-108,42,90,377,5,9,57
5805,-108,38,90,377,4,10,57
5805,-108,38,90,377,4,9,57
5805,-108,28,90,377,5,9,55
5805,-108,31,90,377,4,10,58
5805,-108,27,90,377,5,11,57
5805,-108,51,90,377,4,10,57
5805,-108,28,90,377,4,9,57
5805,-108,40,90,377,4,10,57
5805,-108,40,90,377,5,10,57
5805,-108,37,90,377,5,7,56
5805,-108,41,90,377,4,10,57
5805,-108,54,90,377,4,10,57
5805,-108,37,90,377,4,7,57
5805,-108,34,90,377,5,9,56
5805,-108,51,90,377,4,11,57
5805,-108,41,90,377,5,10,56
5805,-108,37,90,377,5,11,57
5805,-108,58,90,377,5,11,57
5805,-108,35,90,377,4,9,57
5805,-108,41,90,377,3,9,57
5805,-108,34,90,377,5,11,57
5805,-108,38,90,377,4,8,56
5805,-108,34,90,377,4,11,58
5805,-108,33,90,377,4,7,56
5805,-108,30,90,377,3,9,57
5805,-108,51,90,377,3,9,57
5805,-108,27,90,377,3,10,57
5805,-108,48,90,377,4,8,56
5805,-108,36,90,377,5,9,57
5805,-108,43,90,377,4,9,57
5805,-108,33,90,377,5,10,56
5805,-108,26,90,377,4,9,57
5805,-108,31,90,377,4,10,57
5805,-108,40,90,377,4,9,57
5805,-108,26,90,377,4,8,57
5805,-108,33,90,377,3,9,57
5805,-108,29,90,377,4,10,57
5805,-108,39,90,377,5,10,57
5805,-108,29,90,377,4,10,56
5805,-108,36,90,377,4,10,57
5805,-108,58,90,377,5,9,56
5805,-108,34,90,377,4,9,55
5805,-108,41,90,377,4,9,57
5805,-108,39,90,377,5,11,57
5805,-108,32,90,377,4,9,57
5805,-108,32,90,377,4,9,57
5805,-108,42,90,377,4,7,56
5805,-108,39,90,377,4,9,56
5805,-108,38,90,377,4,10,57
5805,-108,37,90,377,4,10,57
5805,-108,43,90,377,4,10,57
5805,-108,31,90,377,4,9,57
5805,-108,54,90,377,4,9,58
5805,-108,36,90,377,4,10,57
5805,-108,35,90,377,4,10,58
5805,-108,31,90,377,4,10,57
5805,-108,39,90,377,5,9,56
5805,-108,32,90,377,5,8,57
5805,-108,32,90,377,4,9,56
5805,-108,44,90,377,3,10,57
5805,-108,47,90,377,3,9,56
5805,-108,44,90,377,5,8,57
5805,-108,29,90,377,3,10,57
5805,-108,57,90,377,4,10,57
5805,-108,26,90,377,3,10,57
5805,-108,44,90,377,3,9,57
5805,-108,45,90,377,3,10,57
5805,-108,37,90,377,4,8,56
5805,-108,39,90,377,4,11,57
5805,-108,31,90,377,5,10,57
5805,-108,24,88,378,6,9,54
5805,-108,31,90,377,4,10,57
5805,-108,43,90,377,5,9,57
5805,-108,55,90,377,4,10,57
5805,-108,46,90,377,4,9,57
5805,-108,37,90,377,2,10,57
5805,-108,53,90,377,5,10,57
5805,-108,44,90,377,4,9,56
5805,-108,56,90,377,5,9,57
5805,-108,53,90,377,4,11,57
5805,-108,33,90,377,4,9,57
5805,-108,46,89,377,6,9,55
5805,-108,40,90,377,5,9,56
5805,-108,43,90,377,4,8,57
5805,-108,49,90,377,5,9,57
5805,-108,47,90,377,4,10,57
5805,-108,31,90,377,4,9,57
5805,-108,34,90,377,5,10,57
5805,-108,28,90,377,5,9,57
5805,-108,36,90,377,5,9,57
5805,-108,35,90,377,2,9,57
5805,-108,69,90,377,4,10,57
5805,-108,31,90,377,3,10,57
5805,-108,44,90,377,4,10,57
5805,-108,51,90,377,3,9,57
5805,-108,41,90,377,4,9,57
5805,-108,32,90,377,4,9,57
5805,-108,26,89,377,5,9,56
5805,-108,55,90,377,4,9,57
5805,-108,30,90,377,5,9,57
5805,-108,30,90,377,4,11,56
5805,-108,34,90,377,4,9,57
5805,-108,27,90,377,5,10,57
5805,-108,48,90,377,4,8,57
5805,-108,34,90,377,4,10,57
5805,-108,43,90,377,4,10,58
5805,-108,32,90,377,4,9,55
5805,-108,42,90,377,5,9,57
5805,-108,32,90,377,4,11,56
5805,-108,30,89,377,6,10,55
5805,-108,49,90,377,3,10,57
5805,-108,47,90,377,3,9,57
5805,-108,48,90,377,4,9,57
5805,-108,33,90,377,4,9,57
5805,-108,40,90,377,4,9,56
5805,-108,48,90,377,5,9,57
5805,-108,50,90,377,6,11,57
5805,-108,35,90,377,4,10,56
5805,-108,29,90,377,4,9,56
5805,-108,27,89,377,5,10,55
5805,-108,37,90,377,4,10,57
5805,-108,30,90,377,4,10,57
5805,-108,48,90,377,4,7,57
5805,-108,51,90,377,5,7,56
5805,-108,46,90,377,5,8,56
5805,-108,36,90,377,5,8,56
5805,-108,33,90,377,4,9,57
5805,-108,36,90,377,5,10,58
5805,-108,37,90,377,4,9,57
5805,-108,35,90,377,5,9,56
5805,-108,32,90,377,4,10,57
5805,-108,46,90,377,4,9,56
5805,-108,33,90,377,4,8,56
5805,-108,43,90,377,5,10,58
5805,-108,33,90,377,3,8,56
5805,-108,33,90,377,5,9,56
5805,-108,56,90,377,3,10,57
5805,-108,49,90,377,3,11,57
5805,-108,44,90,377,5,8,55
5805,-108,50,90,377,4,10,57
5805,-108,50,90,377,4,9,57
5805,-108,32,90,377,4,9,56
5805,-108,33,90,377,4,10,57
5805,-108,40,90,377,5,8,56
5805,-108,33,90,377,5,9,57
5805,-108,35,90,377,4,10,57
5805,-108,50,90,377,4,9,58
5805,-108,39,90,377,5,8,56
5805,-108,26,90,377,5,9,57
5805,-108,40,90,377,3,10,58
5805,-108,42,90,377,6,9,56
5805,-108,45,90,377,5,11,57
5805,-108,39,90,377,5,9,56
5805,-108,37,90,377,4,8,57
5805,-108,38,90,377,4,10,57
5805,-108,47,90,377,4,9,57
5805,-108,41,90,377,3,8,56
5805,-108,35,90,377,3,9,57
5805,-108,41,90,377,3,9,56
5805,-108,29,90,377,4,8,56
5805,-108,52,90,377,4,9,56
5805,-108,44,90,377,4,9,57
5805,-108,52,90,377,5,8,57
5805,-108,53,90,377,3,9,56
5805,-108,47,90,377,4,8,57
5805,-108,33,90,377,3,6,55
5805,-108,34,90,377,3,9,56
5805,-108,39,90,377,5,10,57
5805,-108,38,90,377,4,11,58
5805,-108,39,90,377,4,8,56
5805,-108,42,90,377,4,10,57
5805,-108,53,90,377,4,10,57
5805,-108,55,90,377,4,10,58
5805,-108,29,90,377,4,9,56
5805,-108,53,90,377,4,8,57
5805,-108,45,90,377,5,10,57
5805,-108,27,90,377,4,9,56
5805,-108,36,90,377,5,8,56
5805,-108,37,90,377,4,9,57
5805,-108,48,90,377,4,10,57
5805,-108,44,90,377,4,9,56
5805,-108,32,90,377,5,7,56
5805,-108,39,90,377,3,9,56
5805,-108,56,90,377,5,9,56
5805,-108,35,90,377,4,8,56
5805,-108,52,90,377,4,10,58
5805,-108,27,90,377,4,9,56
5805,-108,32,90,377,5,9,57
5805,-108,36,90,377,4,8,56
5805,-108,54,89,377,6,9,56
5805,-108,36,90,377,4,10,57
5805,-108,40,90,377,4,10,57
5805,-108,44,90,377,5,9,57
5805,-108,42,90,377,4,8,56
5805,-108,32,90,377,4,10,56
5805,-108,35,90,377,6,8,56
5805,-108,42,90,377,4,9,57
5805,-108,36,90,377,5,9,55
5805,-108,32,90,377,4,11,57
5805,-108,49,90,377,4,9,57
5805,-108,45,90,377,3,11,57
5805,-108,44,90,377,3,9,56
5805,-108,45,90,377,3,9,57
5805,-108,39,90,377,5,9,56
5805,-108,36,90,377,4,10,57
5805,-108,31,90,377,3,9,56
5805,-108,48,90,377,4,9,57
5805,-108,44,90,377,4,10,57
5805,-108,34,90,377,4,10,58
5805,-108,30,90,377,4,9,57
5805,-108,41,90,377,4,12,58
5805,-108,42,90,377,4,8,56
5805,-108,48,90,377,4,10,57
5805,-108,36,90,377,2,9,56
5805,-108,53,90,377,3,11,57
5805,-108,42,90,377,3,8,56
5805,-108,33,90,377,4,11,58
5805,-108,36,90,377,4,7,56
5805,-108,38,90,377,5,8,56
5805,-108,41,90,377,5,10,57
5805,-108,32,90,377,5,9,57
5805,-108,40,90,377,6,10,57
5805,-108,37,90,377,5,11,57
5805,-108,46,90,377,3,10,56
5805,-108,36,90,377,4,8,56
5805,-108,34,90,377,6,8,56
5805,-108,39,90,377,4,9,57
5805,-108,46,90,377,4,8,57
5805,-108,40,90,377,5,10,57
5805,-108,33,90,377,5,9,57
5805,-108,38,90,377,4,10,57
5805,-108,41,90,377,4,11,58
5805,-108,49,90,377,3,9,57
5805,-108,50,90,377,4,10,56
5805,-108,36,90,377,4,8,57
5805,-108,34,90,377,4,9,56
5805,-108,54,90,377,4,13,57
5805,-108,34,90,377,5,9,57
5805,-108,50,90,377,4,10,57
5805,-108,40,90,377,4,10,57
5805,-108,51,90,377,4,9,57
5805,-108,43,90,377,3,9,56
5805,-108,39,90,377,3,9,57
5805,-108,24,90,377,4,10,57
5805,-108,32,90,377,4,11,57
5805,-108,32,90,377,3,7,56
5805,-108,44,90,377,4,7,56
5805,-108,39,90,377,4,10,58
5805,-108,42,90,377,3,9,56
5805,-108,29,90,377,4,10,56
5805,-108,25,90,377,5,11,57
5805,-108,37,90,377,4,9,56
5805,-108,36,90,377,3,9,57
5805,-108,35,90,377,4,9,57
5805,-108,44,90,377,4,9,56
5805,-108,48,90,377,4,10,57
5805,-108,36,90,377,3,9,57
5805,-108,33,90,377,4,8,56
5805,-108,36,90,377,4,9,58
5805,-108,36,90,377,5,9,58
5805,-108,36,90,377,5,9,56
5805,-108,37,90,377,4,11,56
5805,-108,45,90,377,4,8,56
5805,-108,44,90,377,5,10,57
5805,-108,34,90,377,4,10,57
5805,-108,55,90,377,5,10,57
5805,-108,48,90,377,5,10,57
5805,-108,36,90,377,4,9,57
5805,-108,47,90,377,5,9,56
5805,-108,27,90,377,4,9,56
5805,-108,38,90,377,3,9,56
5805,-108,50,90,377,4,8,57
5805,-108,33,90,377,4,10,57
5805,-108,53,90,377,4,8,56
5805,-108,34,90,377,5,11,58
5805,-108,48,90,377,3,9,57
5805,-108,37,90,377,4,9,57
5805,-108,43,90,377,5,10,57
5805,-108,36,90,377,3,8,56
5805,-108,46,90,377,4,11,57
5805,-108,39,90,377,4,8,56
5805,-108,29,90,377,3,11,56
5805,-108,46,90,377,5,10,57
5805,-108,38,90,377,4,10,57
5805,-108,43,90,377,5,9,56
5805,-108,41,90,377,4,9,56
5805,-108,41,90,377,6,8,57
5805,-108,45,90,377,4,9,57
5805,-108,54,90,377,4,11,57
5805,-108,30,90,377,3,9,57
5805,-108,37,90,377,4,9,56
5805,-108,42,90,377,4,10,57
5805,-108,44,90,377,4,11,57
5805,-108,31,90,377,4,9,57
5805,-108,29,90,377,5,9,57
5805,-108,41,90,377,4,9,57
5805,-108,47,90,377,5,10,57
5805,-108,28,90,377,3,11,57
5805,-108,41,90,377,4,10,56
5805,-108,47,90,377,4,10,57
5805,-108,45,90,377,5,9,57
5805,-108,40,90,377,4,8,56
5805,-108,37,90,377,5,10,57
5805,-108,29,90,377,5,10,56
5805,-108,34,90,377,4,11,57
5805,-108,45,90,377,4,8,57
5805,-108,31,90,377,6,9,56
5805,-108,53,90,377,5,12,57
5805,-108,54,90,377,4,9,57
5805,-108,45,90,377,5,8,55
5805,-108,46,90,377,4,11,57
5805,-108,28,90,377,3,10,57
5805,-108,41,90,377,4,9,57
5805,-108,43,90,377,3,10,57
5805,-108,38,90,377,3,8,57
5805,-108,28,90,377,4,9,57
5805,-108,33,90,377,4,9,55
5805,-108,39,90,377,4,10,56
5805,-108,33,90,377,3,10,56
5805,-108,40,90,377,4,9,56
5805,-108,31,90,377,4,12,57
5805,-108,29,90,377,4,10,56
5805,-108,33,90,377,4,9,56
5805,-108,48,90,377,3,9,57
5805,-108,41,90,377,5,10,57
5805,-108,50,90,377,5,11,58
5805,-108,32,90,377,5,10,57
5805,-108,41,90,377,3,10,57
5805,-108,33,90,377,4,9,57
5805,-108,34,90,377,3,10,57
5805,-108,30,90,377,5,9,57
5805,-108,35,90,377,4,8,56
5805,-108,39,90,377,4,8,57
5805,-108,43,90,377,5,8,56
5805,-108,56,90,377,4,10,58
5805,-108,51,90,377,4,11,57
5805,-108,33,90,377,5,9,56
5805,-108,33,90,377,4,10,57
5805,-108,41,90,377,5,11,57
5805,-108,27,90,377,2,10,57
5805,-108,30,90,377,6,8,56
5805,-108,29,90,377,4,10,56
5805,-108,36,90,377,5,8,57
5805,-108,38,90,377,4,10,57
5805,-108,40,90,377,4,10,56
5805,-108,52,90,377,2,7,55
5805,-108,45,90,377,3,9,56
5805,-108,40,90,377,4,9,56
5805,-108,35,90,377,5,11,57
5805,-108,31,90,377,3,9,57
5805,-108,26,90,377,6,9,57
5805,-108,39,90,377,4,10,56
5805,-108,29,90,377,5,9,57
5805,-108,37,89,377,5,10,57
5805,-108,45,90,377,4,9,57
5805,-108,29,90,377,4,10,57
5805,-108,42,90,377,4,11,58
5805,-108,30,90,377,4,11,57
5805,-108,36,90,377,4,8,56
5805,-108,31,90,377,4,10,57
5805,-108,29,90,377,5,8,56
5805,-108,54,90,377,5,11,57
5805,-108,52,90,377,4,9,57
5805,-108,46,90,377,4,9,57
5805,-108,36,90,377,3,8,58
5805,-108,34,90,377,5,10,57
5805,-108,34,90,377,4,9,57
5805,-108,38,90,377,5,9,57
5805,-108,35,90,377,4,7,56
5805,-108,30,90,377,4,10,57
5805,-108,43,90,377,5,11,57
5805,-108,38,90,377,4,9,57
5805,-108,33,90,377,4,11,56
5805,-108,43,90,377,5,10,56
5805,-108,25,90,377,5,10,56
5805,-108,38,90,377,3,9,57
5805,-108,32,90,377,4,9,57
5805,-108,39,90,377,3,11,57
5805,-108,33,90,377,4,10,57
5805,-108,39,90,377,4,10,57
5805,-108,27,90,377,5,9,56
5805,-108,53,90,377,4,10,56
5805,-108,35,90,377,3,8,56
5805,-108,32,90,377,3,8,57
5805,-108,31,90,377,3,10,57
5805,-108,36,90,377,4,11,57
5805,-108,51,90,377,5,9,57
5805,-108,50,90,377,4,11,58
5805,-108,42,90,377,5,10,57
5805,-108,34,90,377,3,8,56
5805,-108,53,90,377,4,10,57
5805,-108,33,90,377,3,9,57
5805,-108,48,90,377,4,10,57
5805,-108,53,90,377,5,9,56
5805,-108,40,90,377,5,8,57
5805,-108,47,90,377,5,10,57
5805,-108,41,90,377,3,9,57
5805,-108,47,90,377,4,9,56
5805,-108,37,89,377,5,10,56
5805,-108,47,90,377,3,9,57
5805,-108,27,90,377,4,10,57
5805,-108,57,90,377,4,9,57
5805,-108,44,90,377,4,10,57
5805,-108,57,90,377,4,10,58
5805,-108,46,90,377,4,11,57
5805,-108,60,90,377,6,9,58
5805,-108,52,90,377,4,9,57
5805,-108,31,90,377,5,11,57
5805,-108,26,90,377,5,10,56
5805,-108,25,90,377,4,10,56
5805,-108,30,90,377,3,9,57
5805,-108,37,90,377,4,9,56
5805,-108,36,90,377,5,9,56
5805,-108,44,90,377,4,9,57
5805,-108,29,90,377,3,9,57
5805,-108,60,90,377,3,9,57
5805,-108,48,90,377,3,11,57
5805,-108,28,90,377,5,10,57
5805,-108,41,90,377,4,7,56
5805,-108,31,90,377,5,9,57
5805,-108,42,90,377,3,11,57
5805,-108,53,90,377,4,8,57
5805,-108,45,90,377,5,10,57
5805,-108,42,90,377,4,8,57
5805,-108,24,90,377,4,9,56
5805,-108,37,90,377,5,12,58
5805,-108,42,90,377,4,9,56
5805,-108,44,90,377,4,9,57
5805,-108,30,90,377,4,9,56
5805,-108,53,90,377,5,9,57
5805,-108,36,90,377,3,10,58
5805,-108,42,90,377,5,9,57
5805,-108,51,90,377,4,9,57
5805,-108,36,90,377,5,8,56
5805,-108,45,90,377,5,9,57
5805,-108,36,90,377,4,10,56
5805,-108,32,90,377,3,9,56
5805,-108,48,90,377,4,8,56
5805,-108,48,90,377,3,9,56
5805,-108,26,90,377,4,8,56
5805,-108,42,90,377,4,12,58
5805,-108,43,90,377,5,11,58
5805,-108,45,90,377,2,12,58
5805,-108,37,90,377,3,10,57
5805,-108,40,90,377,4,9,56
5805,-108,33,90,377,3,9,56
5805,-108,35,90,377,5,9,57
5805,-108,35,90,377,4,10,58
5805,-108,41,90,377,4,8,56
5805,-108,35,90,377,4,10,57
5805,-108,36,90,377,4,9,57
5805,-108,35,90,377,4,8,56
5805,-108,41,90,377,4,9,57
5805,-108,38,90,377,4,10,57
5805,-108,34,90,377,3,11,57
5805,-108,48,90,377,4,8,56
5805,-108,48,90,377,3,9,57
5805,-108,43,90,377,5,9,57
5805,-108,45,90,377,3,11,57
5805,-108,28,90,377,3,11,58
5805,-108,41,90,377,5,7,55
5805,-108,36,90,377,4,9,57
5805,-108,31,90,377,5,8,56
5805,-108,33,90,377,4,9,57
5805,-108,44,90,377,5,8,55
5805,-108,49,90,377,4,9,57
5805,-108,36,90,377,4,9,57
5805,-108,31,90,377,4,9,56
5805,-108,41,90,377,5,10,57
5805,-108,36,90,377,3,10,57
5805,-108,35,90,377,4,7,56
5805,-108,41,90,377,3,9,57
5805,-108,40,90,377,4,10,57
5805,-108,41,90,377,4,11,57
5805,-108,31,90,377,4,12,58
5805,-108,31,90,377,4,9,57
5805,-108,38,90,377,4,8,56
5805,-108,44,90,377,3,10,57
5805,-108,28,90,377,4,10,57
5805,-108,42,90,377,3,8,56
5805,-108,39,90,377,4,9,57
5805,-108,45,90,377,4,10,57
5805,-108,37,90,377,5,10,57
5805,-108,40,90,377,4,11,57
5805,-108,30,90,377,4,9,57
5805,-108,33,90,377,5,7,55
5805,-108,43,90,377,5,9,56
5805,-108,34,90,377,5,8,56
5805,-108,49,90,377,5,9,57
5805,-108,46,90,377,3,11,57
5805,-108,39,90,377,2,10,57
5805,-108,38,90,377,4,10,57
5805,-108,37,90,377,5,10,57
5805,-108,29,90,377,4,8,56
5805,-108,37,90,377,4,8,56
5805,-108,27,90,377,3,9,57
5805,-108,34,90,377,3,9,57
5805,-108,30,90,377,5,9,57
5805,-108,28,90,377,5,9,57
5805,-108,29,90,377,3,9,56
5805,-108,31,90,377,3,9,56
5805,-108,28,90,377,5,11,58
5805,-108,32,90,377,5,10,57
5805,-108,45,90,377,3,11,58
5805,-108,24,90,377,2,10,57
5805,-108,37,90,377,5,8,55
5805,-108,49,90,377,4,9,57
5805,-108,49,90,377,4,8,56
5805,-108,44,90,377,5,9,57
5805,-108,42,90,377,4,8,56
5805,-108,33,90,377,3,8,56
5805,-108,51,90,377,4,9,57
5805,-108,57,90,377,3,9,58
5805,-108,46,90,377,4,10,57
5805,-108,32,90,377,4,10,57
5805,-108,39,90,377,5,10,57
5805,-108,34,90,377,3,11,57
5805,-108,43,90,377,4,11,57
5805,-108,35,90,377,4,12,58
5805,-108,38,90,377,4,9,57
5805,-108,32,90,377,4,9,57
5805,-108,44,90,377,5,9,56
5805,-108,52,90,377,4,10,56
5805,-108,45,90,377,4,10,57
5805,-108,33,90,377,4,9,57
5805,-108,32,90,377,4,8,57
5805,-108,50,90,377,3,10,57
5805,-108,46,90,377,5,9,57
5805,-108,38,90,377,4,10,57
5805,-108,58,90,377,4,11,57
5805,-108,32,90,377,3,9,56
5805,-108,33,90,377,5,12,58
5805,-108,80,79,387,9,56,47
5805,-108,33,90,377,4,9,57
5805,-108,30,90,377,4,9,57
5805,-108,48,90,377,4,9,57
5805,-108,51,90,377,4,8,56
5805,-108,40,90,377,5,10,57
5805,-108,45,90,377,4,11,57
5805,-108,46,90,377,3,9,57
5805,-108,43,90,377,4,11,57
5805,-108,28,90,377,5,10,57
5805,-108,39,90,377,5,9,56
5805,-108,36,90,377,5,8,56
5805,-108,31,90,377,4,12,57
5805,-108,46,90,377,5,10,57
5805,-108,47,90,377,4,9,57
5805,-108,43,90,377,3,10,57
5805,-108,35,90,377,5,9,56
5805,-108,42,90,377,4,10,57
5805,-108,42,90,377,4,9,57
5805,-108,35,90,377,4,8,56
5805,-108,44,90,377,4,8,57
5805,-108,34,90,377,3,11,57
5805,-108,39,90,377,5,11,57
5805,-108,35,90,377,3,9,57
5805,-108,42,90,377,6,10,57
5805,-108,33,90,377,5,9,57
5805,-108,37,90,377,4,11,56
5805,-108,32,90,377,4,9,57
5805,-108,40,90,377,5,9,56
5805,-108,31,90,377,5,7,56
5805,-108,42,90,377,4,8,57
5805,-108,31,90,377,4,9,57
5805,-108,28,90,377,6,10,57
5805,-108,35,90,377,5,8,56
5805,-108,43,90,377,6,9,57
5805,-108,44,90,377,4,10,57
5805,-108,29,90,377,6,9,57
5805,-108,33,90,377,3,10,58
5805,-108,40,90,377,4,10,57
5805,-108,38,90,377,4,10,58
5805,-108,43,90,377,4,10,57
5805,-108,36,90,377,3,10,57
5805,-108,53,90,377,4,9,57
5805,-108,35,90,377,5,10,57
5805,-108,38,90,377,3,9,56
5805,-108,35,90,377,4,9,56
5805,-108,29,90,377,3,9,56
5805,-108,45,90,377,4,10,57
5805,-108,39,90,377,5,9,57
5805,-108,60,90,377,5,8,55
5805,-108,34,90,377,4,9,57
5805,-108,37,90,377,5,8,56
5805,-108,42,90,377,5,9,56
5805,-108,38,90,377,3,9,57
5805,-108,30,90,377,4,9,57
5805,-108,43,90,377,5,8,56
5805,-108,53,90,377,4,10,57
5805,-108,43,90,377,4,10,56
5805,-108,41,90,377,3,9,56
5805,-108,41,90,377,2,9,57
5805,-108,36,90,377,4,8,56
5805,-108,40,90,377,4,10,58
5805,-108,46,90,377,5,8,56
5805,-108,31,90,377,4,8,56
5805,-108,27,90,377,4,10,56
5805,-108,46,90,377,4,8,57
5805,-108,34,90,377,4,11,58
5805,-108,37,90,377,5,10,57
5805,-108,46,90,377,4,11,58
5805,-108,24,90,377,5,8,56
5805,-108,31,90,377,4,8,56
5805,-108,45,90,377,4,11,57
5805,-108,37,90,377,4,12,58
5805,-108,33,90,377,4,10,57
5805,-108,28,90,377,4,9,56
5805,-108,30,90,377,3,10,57
5805,-108,33,90,377,3,11,57
5805,-108,33,90,377,5,11,57
5805,-108,45,90,377,4,11,57
5805,-108,32,90,377,4,10,58
5805,-108,50,90,377,4,8,56
5805,-108,32,90,377,5,10,57
5805,-108,51,90,377,4,10,56
5805,-108,42,90,377,5,9,56
5805,-108,28,90,377,4,9,56
5805,-108,42,90,377,3,10,57
5805,-108,46,90,377,4,11,57
5805,-108,32,90,377,3,9,57
5805,-108,28,90,377,4,10,56
5805,-108,38,90,377,4,10,58
5805,-108,38,90,377,5,9,57
5805,-108,40,90,377,5,8,56
5805,-108,36,90,377,4,9,57
5805,-108,34,90,377,4,11,57
5805,-108,38,90,377,4,8,56
5805,-108,32,90,377,3,8,56
5805,-108,39,90,377,4,9,57
5805,-108,45,90,377,3,9,57
5805,-108,34,90,377,3,10,57
5805,-108,32,90,377,5,9,57
5805,-108,37,90,377,4,7,55
5805,-108,31,90,377,4,9,57
5805,-108,46,90,377,5,8,57
5805,-108,39,90,377,5,10,57
5805,-108,32,90,377,5,10,57
5805,-108,33,90,377,5,10,58
5805,-108,51,90,377,3,11,57
5805,-108,50,90,377,5,9,57
5805,-108,30,90,377,4,9,56
5805,-108,32,90,377,4,11,57
5805,-108,30,90,377,4,9,57
5805,-108,27,90,377,5,9,56
5805,-108,37,90,377,5,9,56
5805,-108,45,90,377,4,8,56
5805,-108,39,90,377,5,10,57
5805,-108,35,90,377,4,8,57
5805,-108,43,90,377,4,9,57
5805,-108,34,90,377,4,10,56
5805,-108,29,90,377,4,9,57
5805,-108,34,90,377,5,9,57
5805,-108,50,90,377,3,11,57
5805,-108,31,90,377,4,9,56
5805,-108,50,90,377,2,9,57
5805,-108,33,90,377,3,10,57
5805,-108,60,90,377,3,10,57
5805,-108,45,90,377,3,9,55
5805,-108,59,90,377,3,9,56
5805,-108,57,90,377,3,9,57
5805,-108,38,90,377,4,9,57
5805,-108,44,90,377,4,11,57
5805,-108,38,90,377,4,10,57
5805,-108,46,90,377,4,10,57
5805,-108,50,90,377,3,9,56
5805,-108,34,90,377,3,9,57
5805,-108,29,90,377,5,10,57
5805,-108,42,90,377,3,10,58
5805,-108,49,90,377,4,10,57
5805,-108,40,90,377,4,9,57
5805,-108,43,90,377,3,9,57
5805,-108,51,90,377,5,9,57
5805,-108,34,90,377,4,7,56
5805,-108,35,90,377,4,11,57
5805,-108,33,90,377,4,10,56
5805,-108,46,90,377,4,9,56
5805,-108,37,90,377,4,8,56
5805,-108,57,90,377,3,9,57
5805,-108,35,90,377,3,10,57
5805,-108,38,90,377,2,7,57
5805,-108,63,90,377,4,10,57
5805,-108,45,90,377,3,10,57
5805,-108,51,90,377,5,9,57
5805,-108,42,90,377,4,11,57
5805,-108,35,90,377,5,11,57
5805,-108,31,90,377,4,10,58
5805,-108,30,90,377,4,9,57
5805,-108,49,90,377,5,11,57
5805,-108,36,90,377,4,9,56
5805,-108,36,90,377,3,9,57
5805,-108,34,90,377,5,10,57
5805,-108,39,90,377,4,11,57
5805,-108,51,90,377,4,9,57
5805,-108,38,90,377,4,10,57
5805,-108,48,90,377,3,10,56
5805,-108,55,90,377,5,10,58
5805,-108,42,90,377,4,10,56
5805,-108,25,90,377,5,8,56
5805,-108,28,90,377,4,9,57
5805,-108,53,90,377,4,10,57
5805,-108,34,90,377,3,7,56
5805,-108,31,90,377,3,10,58
5805,-108,40,89,378,5,8,56
5805,-108,42,90,377,5,10,57
5805,-108,31,90,377,4,10,57
5805,-108,36,90,377,4,8,56
5805,-108,43,90,377,6,9,58
5805,-108,33,90,377,6,9,57
5805,-108,57,90,377,4,9,57
5805,-108,35,90,377,3,10,56
5805,-108,44,90,377,5,9,57
5805,-108,48,90,377,4,9,57
5805,-108,52,90,377,5,9,56
5805,-108,27,90,377,4,10,57
5805,-108,49,90,377,5,9,57
5805,-108,31,90,377,4,9,57
5805,-108,42,90,377,4,8,56
5805,-108,36,90,377,4,8,57
5805,-108,39,90,377,5,7,55
5805,-108,37,90,377,4,9,56
5805,-108,28,90,377,3,11,57
5805,-108,37,90,377,3,10,57
5805,-108,31,90,377,5,10,57
5805,-108,47,90,377,3,10,57
5805,-108,35,90,377,4,10,56
5805,-108,25,90,377,4,10,57
5805,-108,35,90,377,5,8,56
5805,-108,39,90,377,5,9,57
5805,-108,48,90,377,4,9,57
5805,-108,29,90,377,4,9,56
5805,-108,27,90,377,5,8,57
5805,-108,29,90,377,4,9,57
5805,-108,56,90,377,5,10,58
5805,-108,46,90,377,5,11,58
5805,-108,30,90,377,5,10,57
5805,-108,42,90,377,5,8,56
5805,-108,46,90,377,5,9,57
5805,-108,39,90,377,4,10,57
5805,-108,27,90,377,3,9,56
5805,-108,40,90,377,5,9,55
5805,-108,37,90,377,5,10,57
5805,-108,46,90,377,4,10,57
5805,-108,41,90,377,3,10,57
5805,-108,45,90,377,4,11,57
5805,-108,50,90,377,6,9,58
5805,-108,29,90,377,3,10,57
5805,-108,26,90,377,5,10,57
5805,-108,39,90,377,4,8,56
5805,-108,61,90,377,3,9,56
5805,-108,47,90,377,3,10,57
5805,-108,41,90,377,4,8,56
5805,-108,48,90,377,5,8,56
5805,-108,32,90,377,3,8,55
5805,-108,42,90,377,4,9,57
5805,-108,26,90,377,3,10,57
5805,-108,38,90,377,4,10,56
5805,-108,32,90,377,5,8,56
5805,-108,39,90,377,5,9,57
5805,-108,32,90,377,5,11,57
5805,-108,54,90,377,4,10,58
5805,-108,32,90,377,4,10,57
5805,-108,48,90,377,5,9,57
5805,-108,50,90,377,3,11,58
5805,-108,34,90,377,3,11,57
5805,-108,37,90,377,5,9,56
5805,-108,25,90,377,4,8,56
5805,-108,35,90,377,3,10,56
5805,-108,41,90,377,4,10,57
5805,-108,33,90,377,5,11,56
5805,-108,36,90,377,5,9,56
5805,-108,32,90,377,4,12,57
5805,-108,29,90,377,4,9,56
5805,-108,42,90,377,5,8,56
5805,-108,42,90,377,4,10,57
5805,-108,53,90,377,3,9,56
5805,-108,41,90,377,5,10,58
5805,-108,47,90,377,5,8,56
5805,-108,52,90,377,4,9,57
5805,-108,31,90,377,5,10,58
5805,-108,37,90,377,2,9,56
5805,-108,39,90,377,5,11,57
5805,-108,32,90,377,4,7,55
5805,-108,35,90,377,5,9,56
5805,-108,30,90,377,4,9,56
5805,-108,37,90,377,3,11,57
5805,-108,30,90,377,3,9,57
5805,-108,51,90,377,4,9,57
5805,-108,32,90,377,4,12,57
5805,-108,30,90,377,4,9,56
5805,-108,49,90,377,4,9,57
5805,-108,38,90,377,4,8,56
5805,-108,51,90,377,4,10,57
5805,-108,37,90,377,4,10,58
5805,-108,34,90,377,5,11,58
5805,-108,32,90,377,5,9,57
5805,-108,36,90,377,5,10,57
5805,-108,30,90,377,4,9,56
5805,-108,32,90,377,4,10,57
5805,-108,30,90,377,5,11,56
5805,-108,48,90,377,4,10,57
5805,-108,32,90,377,4,10,57
5805,-108,44,90,377,4,7,56
5805,-108,44,90,377,6,9,56
5805,-108,30,90,377,4,9,56
5805,-108,41,90,377,4,8,56
5805,-108,47,90,377,6,11,57
5805,-108,30,90,377,5,8,56
5805,-108,39,90,377,4,10,57
5805,-108,37,90,377,4,10,57
5805,-108,37,90,377,4,9,57
5805,-108,42,90,377,4,10,56
5805,-108,33,90,377,4,9,56
5805,-108,39,90,377,5,10,57
5805,-108,40,90,377,4,9,57
5805,-108,50,90,377,4,8,56
5805,-108,46,90,377,5,8,56
5805,-108,24,90,377,4,8,56
5805,-108,34,89,377,5,8,55
5805,-108,37,90,377,3,10,56
5805,-108,34,90,377,4,8,55
5805,-108,33,90,377,4,9,57
5805,-108,36,90,377,5,10,57
5805,-108,35,90,377,4,9,56
5805,-108,37,90,377,4,7,56
5805,-108,36,90,377,3,9,57
5805,-108,29,90,377,4,10,57
5805,-108,29,90,377,5,9,57
5805,-108,33,90,377,4,10,57
5805,-108,34,90,377,5,9,57
5805,-108,34,90,377,4,11,57
5805,-108,42,90,377,4,11,57
5805,-108,50,90,377,4,10,57
5805,-108,46,90,377,3,8,56
5805,-108,46,90,377,4,9,56
5805,-108,41,90,377,3,10,58
5805,-108,40,90,377,4,8,56
5805,-108,58,90,377,4,10,57
5805,-108,46,90,377,4,11,57
5805,-108,36,90,377,5,9,57
5805,-108,41,90,377,3,11,58
5805,-108,37,90,377,4,10,57
5805,-108,46,90,377,4,11,57
5805,-108,46,90,377,3,9,57
5805,-108,38,90,377,4,10,57
5805,-108,43,90,377,5,10,57
5805,-108,31,90,377,5,9,57
5805,-108,25,90,377,4,7,55
5805,-108,36,90,377,4,10,56
5805,-108,36,90,377,4,10,57
5805,-108,26,90,377,4,9,56
5805,-108,30,90,377,5,9,56
5805,-108,40,90,377,4,9,57
5805,-108,47,90,377,4,10,57
5805,-108,23,90,377,5,7,56
5805,-108,53,90,377,4,8,57
5805,-108,49,90,377,5,9,57
5805,-108,33,90,377,4,11,57
5805,-108,65,90,377,3,9,58
5805,-108,34,90,377,5,10,57
5805,-108,32,90,377,3,8,56
5805,-108,38,90,377,4,11,57
5805,-108,25,90,377,4,8,56
5805,-108,48,90,377,4,8,55
5805,-108,45,90,377,5,11,57
5805,-108,43,90,377,4,11,57
5805,-108,34,90,377,5,9,56
5805,-108,32,90,377,4,9,56
5805,-108,46,90,377,4,10,58
5805,-108,37,90,377,3,9,56
5805,-108,33,90,377,4,10,57
5805,-108,32,90,377,3,9,56
5805,-108,49,90,377,3,9,57
5805,-108,45,90,377,4,8,57
5805,-108,32,90,377,3,8,57
5805,-108,48,90,377,6,7,56
5805,-108,49,90,377,4,11,57
5805,-108,36,90,377,4,9,57
5805,-108,28,90,377,5,10,56
5805,-108,36,90,377,5,8,56
5805,-108,27,90,377,4,10,57
5805,-108,35,90,377,3,9,56
5805,-108,31,89,377,6,9,56
5805,-108,39,90,377,6,8,55
5805,-108,36,90,377,4,8,55
5805,-108,47,90,377,4,10,57
5805,-108,41,90,377,4,11,57
5805,-108,37,90,377,4,9,56
5805,-108,41,90,377,4,9,57
5805,-108,45,90,377,4,10,57
5805,-108,42,90,377,3,11,57
5805,-108,46,90,377,5,9,56
5805,-108,48,90,377,5,10,57
5805,-108,30,90,377,4,10,57
5805,-108,32,90,377,5,10,57
5805,-108,35,90,377,5,11,57
5805,-108,31,90,377,3,11,56
5805,-108,45,90,377,5,10,57
5805,-108,31,90,377,4,9,57
5805,-108,39,90,377,3,9,56
5805,-108,43,90,377,4,8,57
5805,-108,34,90,377,3,9,58
5805,-108,32,90,377,3,9,57
5805,-108,56,90,377,5,11,57
5805,-108,62,90,377,4,9,57
5805,-108,36,90,377,6,9,56
5805,-108,31,90,377,3,8,57
5805,-108,29,90,377,4,10,57
5805,-108,48,90,377,4,9,57
5805,-108,32,90,377,5,10,57
5805,-108,35,90,377,3,10,57
5805,-108,29,90,377,5,10,57
5805,-108,42,90,377,4,9,57
5805,-108,30,90,377,5,9,57
5805,-108,34,90,377,5,11,57
5805,-108,24,90,377,4,9,56
5805,-108,42,90,377,5,10,57
5805,-108,30,90,377,4,11,57
5805,-108,30,90,377,5,9,56
5805,-108,49,90,377,5,8,57
5805,-108,38,90,377,3,9,57
5805,-108,33,90,377,4,8,56
5805,-108,29,90,377,5,11,57
5805,-108,46,90,377,4,8,57
5805,-108,43,90,377,4,9,56
5805,-108,37,90,377,4,8,56
5805,-108,36,90,377,5,9,57
5805,-108,43,90,377,6,8,56
5805,-108,35,90,377,4,8,57
5805,-108,34,90,377,4,11,58
5805,-108,53,90,377,5,11,58
5805,-108,30,90,377,3,10,56
5805,-108,49,90,377,3,11,57
5805,-108,31,90,377,5,9,56
5805,-108,41,90,377,5,8,56
5805,-108,54,90,377,3,9,57
5805,-108,39,90,377,4,10,57
5805,-108,43,90,377,5,9,56
5805,-108,36,90,377,5,11,57
5805,-108,40,90,377,6,10,56
5805,-108,46,90,377,4,10,57
5805,-108,38,90,377,4,9,57
5805,-108,55,90,377,4,11,58
5805,-108,39,90,377,4,9,57
5805,-108,33,90,377,4,11,58
5805,-108,46,90,377,5,10,57
5805,-108,30,90,377,4,10,57
5805,-108,46,90,377,4,10,57
5805,-108,50,90,377,4,9,58
5805,-108,39,90,377,6,9,57
5805,-108,36,90,377,4,12,57
5805,-108,31,90,377,4,10,57
5805,-108,41,90,377,5,8,57
5805,-108,39,90,377,4,8,56
5805,-108,40,90,377,5,10,57
5805,-108,32,90,377,3,10,57
5805,-108,42,90,377,4,9,57
5805,-108,32,90,377,4,7,55
5805,-108,44,90,377,5,11,57
5805,-108,37,90,377,4,9,57
5805,-108,31,90,377,4,9,57
5805,-108,56,90,377,3,10,57
5805,-108,38,90,377,6,9,57
5805,-108,49,90,377,4,10,57
5805,-108,52,90,377,4,11,58
5805,-108,33,90,377,4,10,58
5805,-108,42,90,377,4,8,56
5805,-108,42,90,377,5,10,58
5805,-108,34,90,377,4,10,56
5805,-108,34,89,377,6,10,55
5805,-108,33,90,377,5,9,57
5805,-108,30,90,377,3,9,57
5805,-108,33,90,377,4,9,57
5805,-108,34,90,377,5,11,57
5805,-108,58,90,377,5,10,57
5805,-108,31,90,377,3,10,57
5805,-108,40,90,377,5,11,58
5805,-108,29,89,377,6,9,56
5805,-108,38,90,377,4,10,56
5805,-108,45,90,377,5,9,57
5805,-108,32,90,377,4,8,57
5805,-108,32,90,377,4,10,56
5805,-108,39,90,377,4,11,58
5805,-108,49,90,377,5,12,57
5805,-108,33,90,377,4,9,57
5805,-108,35,90,377,4,10,57
5805,-108,38,90,377,3,9,57
5805,-108,51,90,377,6,10,57
5805,-108,35,90,377,5,12,57
5805,-108,39,90,377,5,11,57
5805,-108,32,90,377,5,10,57
5805,-108,36,90,377,3,11,57
5805,-108,45,90,377,3,9,57
5805,-108,39,90,377,5,10,57
5805,-108,30,90,377,4,8,57
5805,-108,40,90,377,3,8,56
5805,-108,48,90,377,4,9,57
5805,-108,46,90,377,5,11,58
5805,-108,37,90,377,3,9,56
5805,-108,54,90,377,3,9,57
5805,-108,40,90,377,3,9,57
5805,-108,35,90,377,3,10,57
5805,-108,37,90,377,4,9,57
5805,-108,35,90,377,4,11,57
5805,-108,34,90,377,3,11,57
5805,-108,28,90,377,5,10,57
5805,-108,36,90,377,5,8,57
5805,-108,48,90,377,5,9,57
5805,-108,45,90,377,4,9,57
5805,-108,35,90,377,4,10,57
5805,-108,45,90,377,5,11,58
5805,-108,46,90,377,4,9,57
5805,-108,28,90,377,3,10,57
5805,-108,34,90,377,1,9,57
5805,-108,28,90,377,3,10,57
5805,-108,44,90,377,5,9,57
5805,-108,31,90,377,4,9,56
5805,-108,35,90,377,4,8,56
5805,-108,39,90,377,4,8,56
5805,-108,41,90,377,5,9,57
5805,-108,30,90,377,5,10,57
5805,-108,46,90,377,3,10,56
5805,-108,44,90,377,4,9,56
5805,-108,27,90,377,4,7,56
5805,-108,38,90,377,4,9,57
5805,-108,37,90,377,4,9,57
5805,-108,46,90,377,6,10,58
5805,-108,29,90,377,4,9,55
5805,-108,25,90,377,4,9,57
5805,-108,48,90,377,4,10,57
5805,-108,42,90,377,6,10,57
5805,-108,34,90,377,4,10,57
5805,-108,44,90,377,4,11,57
5805,-108,37,90,377,4,9,56
5805,-108,32,90,377,2,10,57
5805,-108,45,90,377,3,9,57
5805,-108,30,90,377,4,10,57
5805,-108,49,90,377,4,8,56
5805,-108,30,90,377,3,11,57
5805,-108,42,90,377,3,10,57
5805,-108,39,90,377,6,9,57
5805,-108,36,90,377,5,8,56
5805,-108,30,90,377,5,10,57
5805,-108,33,90,377,4,9,56
5805,-108,28,90,377,3,10,57
5805,-108,38,90,377,3,9,56
5805,-108,35,90,377,4,7,56
5805,-108,32,90,377,4,10,58
5805,-108,40,90,377,4,9,57
5805,-108,30,90,377,4,12,57
5805,-108,26,90,377,4,9,57
5805,-108,41,90,377,4,10,57
5805,-108,30,90,377,4,9,57
5805,-108,42,90,377,4,10,57
5805,-108,32,90,377,4,8,56
5805,-108,39,90,377,3,8,56
5805,-108,50,90,377,4,9,57
5805,-108,37,90,377,4,9,57
5805,-108,32,90,377,4,10,56
5805,-108,46,90,377,4,9,56
5805,-108,50,90,377,4,7,56
5805,-108,40,90,377,4,9,56
5805,-108,43,90,377,3,11,57
5805,-108,37,90,377,3,9,57
5805,-108,45,90,377,5,10,57
5805,-108,36,90,377,5,10,57
5805,-108,28,90,377,4,10,57
5805,-108,32,90,377,4,8,56
5805,-108,31,90,377,5,8,56
5805,-108,58,90,377,4,9,57
5805,-108,48,90,377,4,8,57
5805,-108,33,90,377,4,10,57
5805,-108,40,90,377,4,11,57
5805,-108,52,90,377,4,11,58
5805,-108,45,90,377,2,8,56
5805,-108,42,90,377,4,9,57
5805,-108,39,90,377,6,8,57
5805,-108,47,90,377,4,7,56
5805,-108,22,90,377,5,8,55
5805,-108,30,90,377,2,9,58
5805,-108,33,90,377,3,9,56
5805,-108,42,90,377,4,8,55
5805,-108,51,90,377,4,7,56
5805,-108,32,90,377,6,10,57
5805,-108,35,90,377,4,10,57
5805,-108,57,90,377,4,10,57
5805,-108,36,90,377,2,9,57
5805,-108,31,90,377,5,9,56
5805,-108,36,90,377,3,9,56
5805,-108,45,90,377,3,10,58
5805,-108,25,90,377,3,9,56
5805,-108,40,90,377,5,12,57
5805,-108,41,90,377,2,10,57
5805,-108,44,90,377,4,10,57
5805,-108,34,90,377,4,8,56
5805,-108,41,90,377,5,10,57
5805,-108,47,90,377,4,10,57
5805,-108,34,90,377,5,8,57
5805,-108,31,90,377,5,8,56
5805,-108,30,90,377,5,9,57
5805,-108,38,90,377,4,10,57
5805,-108,33,90,377,2,9,56
5805,-108,29,90,377,6,8,57
5805,-108,31,90,377,4,9,57
5805,-108,33,90,377,5,9,57
5805,-108,37,90,377,4,11,57
5805,-108,38,90,377,5,9,57
5805,-108,37,90,377,3,8,56
5805,-108,36,90,377,5,10,57
5805,-108,41,90,377,4,10,57
5805,-108,38,90,377,5,11,57
5805,-108,45,90,377,4,11,58
5805,-108,44,90,377,4,8,56
5805,-108,38,90,377,4,9,56
5805,-108,31,90,377,4,11,57
5805,-108,40,90,377,5,10,57
5805,-108,32,90,377,4,10,57
5805,-108,40,90,377,4,9,57
5805,-108,43,90,377,4,11,57
5805,-108,27,90,377,4,10,56
5805,-108,52,90,377,3,10,57
5805,-108,28,90,377,4,8,57
5805,-108,41,90,377,3,8,56
5805,-108,29,90,377,3,10,57
5805,-108,55,90,377,4,8,56
5805,-108,34,90,377,4,7,56
5805,-108,48,90,377,5,9,56
5805,-108,63,90,377,5,8,57
5805,-108,46,90,377,4,8,57
5805,-108,35,90,377,4,10,57
5805,-108,36,90,377,2,10,56
5805,-108,28,90,377,4,9,57
5805,-108,28,90,377,4,11,57
5805,-108,46,90,377,5,10,57
5805,-108,37,90,377,5,10,57
5805,-108,27,90,377,5,10,57
5805,-108,32,90,377,3,10,57
5805,-108,42,90,377,4,9,57
5805,-108,33,90,377,5,10,57
5805,-108,26,90,377,3,10,58
5805,-108,34,90,377,4,11,58
5805,-108,36,90,377,4,10,57
5805,-108,39,90,377,4,10,56
5805,-108,49,90,377,4,10,56
5805,-108,38,90,377,5,9,56
5805,-108,26,90,377,6,10,57
5805,-108,36,90,377,3,11,56
5805,-108,41,90,377,4,10,58
5805,-108,32,90,377,5,8,57
5805,-108,34,90,377,4,9,57
5805,-108,48,90,377,3,9,57
5805,-108,40,90,377,4,11,57
5805,-108,51,90,377,4,9,56
5805,-108,30,89,377,4,10,56
5805,-108,39,90,377,3,10,57
5805,-108,40,90,377,5,9,57
5805,-108,41,90,377,5,9,57
5805,-108,42,90,377,3,9,57
5805,-108,36,90,377,6,10,56
5805,-108,42,90,377,4,8,57
5805,-108,28,90,377,5,8,55
5805,-108,32,90,377,4,10,57
5805,-108,50,90,377,4,9,57
5805,-108,39,90,377,3,9,57
5805,-108,33,90,377,3,10,56
5805,-108,46,90,377,4,9,57
5805,-108,48,90,377,3,9,56
5805,-108,40,90,377,5,8,57
5805,-108,47,90,377,3,10,57
5805,-108,45,90,377,4,8,57
5805,-108,43,90,377,5,9,56
5805,-108,44,90,377,3,9,57
5805,-108,34,90,377,3,9,57
5805,-108,41,90,377,4,9,57
5805,-108,31,90,377,3,9,56
5805,-108,44,90,377,3,8,56
5805,-108,48,90,377,4,9,57
5805,-108,34,90,377,4,10,57
5805,-108,30,90,377,5,11,57
5805,-108,31,90,377,3,12,58
5805,-108,53,90,377,4,9,56
5805,-108,49,90,377,4,9,57
5805,-108,53,90,377,4,9,57
5805,-108,51,90,377,4,11,57
5805,-108,37,90,377,3,10,57
5805,-108,34,90,377,4,9,56
5805,-108,49,90,377,4,10,57
5805,-108,34,90,377,5,9,56
5805,-108,30,89,378,4,10,56
5805,-108,30,90,377,4,8,56
5805,-108,45,90,377,4,7,56
5805,-108,31,90,377,5,8,57
5805,-108,49,90,377,3,10,57
5805,-108,35,90,377,4,9,57
5805,-108,28,90,377,4,8,56
5805,-108,31,90,377,5,12,57
5805,-108,29,90,377,3,9,57
5805,-108,23,90,377,4,8,56
5805,-108,29,89,377,5,9,55
5805,-108,29,90,377,4,10,57
5805,-108,32,90,377,4,9,56
5805,-108,36,90,377,4,11,58
5805,-108,46,89,377,5,9,56
5805,-108,32,90,377,4,9,57
5805,-108,38,90,377,4,10,57
5805,-108,39,90,377,4,9,57
5805,-108,46,90,377,4,11,56
5805,-108,31,89,377,6,7,55
5805,-108,27,90,377,3,9,57
5805,-108,38,90,377,4,9,57
5805,-108,37,90,377,5,10,56
5805,-108,27,90,377,4,9,57
5805,-108,35,89,377,4,10,56
5805,-108,46,90,377,5,10,57
5805,-108,44,90,377,3,10,56
5805,-108,25,90,377,4,11,57
5805,-108,31,90,377,5,8,57
5805,-108,40,90,377,5,10,56
5805,-108,35,90,377,3,11,57
5805,-108,36,90,377,3,9,56
5805,-108,37,90,377,5,9,57
5805,-108,48,90,377,5,10,57
5805,-108,34,90,377,6,9,57
5805,-108,36,90,377,3,9,57
5805,-108,26,90,377,4,10,57
5805,-108,37,90,377,3,10,57
5805,-108,40,90,377,3,11,57
5805,-108,41,90,377,4,10,57
5805,-108,45,90,377,4,10,57
5805,-108,41,90,377,4,11,57
5805,-108,36,90,377,5,10,57
5805,-108,39,90,377,4,9,56
5805,-108,30,90,377,4,12,57
5805,-108,35,90,377,5,10,57
5805,-108,30,90,377,5,9,56
5805,-108,33,90,377,4,9,56
5805,-108,31,90,377,3,10,57
5805,-108,36,90,377,4,8,56
5805,-108,52,90,377,4,9,55
5805,-108,41,90,377,4,9,58
5805,-108,29,90,377,2,9,57
5805,-108,38,90,377,4,8,56
5805,-108,25,90,377,4,12,57
5805,-108,35,90,377,4,10,57
5805,-108,27,90,377,4,7,55
5805,-108,39,90,377,4,11,58
5805,-108,44,90,377,4,9,57
5805,-108,38,90,377,5,10,57
5805,-108,48,90,377,3,11,57
5805,-108,47,90,377,4,11,56
5805,-108,45,90,377,3,9,57
5805,-108,47,90,377,5,10,57
5805,-108,40,90,377,4,11,58
5805,-108,38,90,377,5,8,56
5805,-108,38,90,377,4,10,57
5805,-108,50,90,377,3,10,57
5805,-108,49,90,377,3,10,58
5805,-108,44,90,377,4,11,57
5805,-108,39,90,377,4,8,56
5805,-108,35,90,377,4,9,57
5805,-108,30,90,377,4,8,56
5805,-108,51,90,377,5,10,57
5805,-108,45,90,377,5,8,57
5805,-108,33,90,377,4,8,56
5805,-108,31,90,377,4,8,56
5805,-108,35,90,377,4,9,57
5805,-108,52,90,377,5,8,57
5805,-108,39,90,377,3,9,57
5805,-108,34,90,377,4,11,57
5805,-108,49,90,377,5,10,57
5805,-108,34,90,377,5,9,56
5805,-108,30,90,377,5,9,56
5805,-108,31,90,377,4,10,57
5805,-108,41,90,377,5,9,57
5805,-108,33,90,377,4,12,58
5805,-108,28,90,377,4,9,56
5805,-108,36,90,377,5,11,58
5805,-108,48,90,377,4,10,56
5805,-108,41,90,377,5,10,57
5805,-108,45,90,377,5,10,58
5805,-108,43,90,377,5,9,57
5805,-108,29,89,377,5,8,55
5805,-108,39,90,377,4,10,57
5805,-108,32,90,377,5,12,57
5805,-108,46,90,377,4,10,57
5805,-108,40,90,377,5,11,57
5805,-108,25,90,377,5,11,57
5805,-108,31,90,377,3,9,55
5805,-108,31,90,377,4,9,56
5805,-108,31,90,377,5,8,56
5805,-108,52,90,377,6,10,57
5805,-108,48,90,377,4,9,57
5805,-108,42,90,377,5,8,57
5805,-108,39,90,377,5,8,57
5805,-108,45,90,377,5,9,56
5805,-108,41,90,377,4,11,58
5805,-108,44,90,377,5,10,57
5805,-108,43,90,377,4,10,57
5805,-108,36,90,377,4,10,56
5805,-108,41,90,377,5,10,57
5805,-108,35,90,377,5,7,56
5805,-108,47,90,377,4,9,57
5805,-108,43,90,377,5,11,57
5805,-108,34,90,377,3,10,57
5805,-108,56,90,377,5,8,57
5805,-108,42,90,377,3,10,57
5805,-108,27,90,377,4,9,57
5805,-108,43,89,377,5,9,55
5805,-108,27,90,377,5,9,56
5805,-108,30,90,377,5,9,57
5805,-108,32,90,377,3,9,57
5805,-108,37,90,377,3,9,57
5805,-108,39,90,377,4,12,57
5805,-108,42,90,377,4,10,57
5805,-108,35,90,377,4,10,57
5805,-108,53,90,377,4,10,57
5805,-108,49,90,377,4,10,57
5805,-108,49,90,377,4,10,57
5805,-108,39,90,377,3,10,57
5805,-108,47,90,377,2,9,57
5805,-108,30,90,377,5,8,56
5805,-108,39,90,377,3,9,56
5805,-108,39,90,377,4,7,56
5805,-108,40,90,377,4,9,57
5805,-108,30,90,377,5,10,57
5805,-108,52,90,377,3,9,57
5805,-108,43,90,377,4,9,56
5805,-108,39,90,377,4,10,56
5805,-108,33,90,377,4,10,57
5805,-108,52,90,377,2,10,57
5805,-108,34,90,377,3,10,57
5805,-108,40,90,377,5,11,58
5805,-108,40,90,377,5,8,56
5805,-108,29,90,377,3,10,56
5805,-108,41,90,377,4,10,57
5805,-108,39,90,377,5,9,57
5805,-108,44,90,377,4,10,57
5805,-108,32,90,377,4,10,57
5805,-108,35,90,377,4,9,57
5805,-108,36,90,377,4,10,56
5805,-108,41,90,377,4,9,57
5805,-108,40,90,377,5,9,57
5805,-108,43,90,377,3,10,57
5805,-108,30,90,377,5,11,57
5805,-108,42,90,377,5,8,57
5805,-108,37,90,377,4,8,57
5805,-108,63,90,377,5,10,57
5805,-108,26,90,377,3,8,57
5805,-108,35,90,377,4,10,57
5805,-108,46,90,377,4,11,57
5805,-108,36,90,377,4,9,57
5805,-108,36,90,377,4,9,56
5805,-108,33,90,377,3,9,56
5805,-108,43,90,377,3,9,57
5805,-108,29,89,377,5,9,56
5805,-108,36,90,377,4,10,58
5805,-108,31,90,377,3,9,58
5805,-108,49,90,377,6,12,58
5805,-108,39,90,377,3,9,57
5805,-108,31,90,377,4,9,57
5805,-108,30,90,377,4,8,55
5805,-108,41,90,377,4,11,57
5805,-108,28,90,377,4,10,56
5805,-108,35,90,377,4,10,57
5805,-108,48,90,377,5,9,56
5805,-108,38,90,377,4,9,56
5805,-108,40,90,377,6,10,57
5805,-108,58,90,377,5,9,57
5805,-108,48,90,377,4,11,56
5805,-108,58,90,377,5,10,57
5805,-108,49,90,377,4,10,56
5805,-108,42,90,377,5,8,57
5805,-108,34,90,377,3,10,57
5805,-108,32,90,377,4,11,57
5805,-108,37,90,377,4,10,57
5805,-108,35,90,377,3,10,57
5805,-108,47,89,377,4,11,57
5805,-108,32,90,377,4,9,57
5805,-108,39,90,377,4,10,57
5805,-108,43,90,377,5,10,58
5805,-108,42,90,377,3,11,57
5805,-108,58,90,377,5,9,57
5805,-108,38,90,377,4,11,57
5805,-108,29,90,377,5,9,56
5805,-108,41,90,377,4,9,57
5805,-108,39,90,377,4,8,56
5805,-108,61,90,377,2,9,57
5805,-108,40,90,377,4,8,56
5805,-108,44,90,377,5,9,57
5805,-108,26,90,377,4,8,56
5805,-108,31,90,377,2,10,57
5805,-108,37,90,377,4,10,57
5805,-108,34,90,377,5,8,57
5805,-108,35,90,377,4,9,57
5805,-108,32,90,377,4,10,56
5805,-108,55,90,377,4,9,57
5805,-108,33,90,377,6,10,56
5805,-108,35,90,377,4,10,57
5805,-108,56,90,377,3,9,57
5805,-108,46,90,377,4,8,57
5805,-108,36,90,377,4,9,57
5805,-108,40,90,377,4,10,58
5805,-108,36,90,377,3,9,57
5805,-108,55,90,377,4,10,57
5805,-108,41,90,377,4,9,57
5805,-108,33,90,377,4,9,57
5805,-108,48,90,377,4,8,55
5805,-108,41,90,377,4,8,57
5805,-108,39,90,377,5,8,55
5805,-108,38,90,377,4,10,57
5805,-108,41,90,377,3,11,57
5805,-108,34,90,377,4,10,58
5805,-108,37,90,377,5,10,57
5805,-108,33,90,377,4,9,57
5805,-108,41,90,377,4,10,57
5805,-108,46,90,377,5,9,57
5805,-108,32,90,377,3,9,57
5805,-108,47,90,377,4,8,57
5805,-108,48,90,377,5,8,57
5805,-108,31,90,377,4,9,56
5805,-108,55,89,378,6,9,56
5805,-108,29,90,377,3,8,56
5805,-108,40,90,377,4,10,57
5805,-108,50,90,377,4,9,57
5805,-108,50,90,377,5,9,56
5805,-108,42,90,377,4,10,57
5805,-108,43,90,377,5,9,57
5805,-108,27,90,377,5,8,57
5805,-108,39,90,377,4,10,57
5805,-108,39,90,377,4,9,57
5805,-108,30,90,377,5,9,56
5805,-108,37,90,377,4,9,56
5805,-108,29,90,377,3,8,55
5805,-108,38,90,377,3,10,56
5805,-108,29,90,377,4,11,57
5805,-108,39,90,377,5,9,57
5805,-108,38,90,377,4,10,57
5805,-108,47,90,377,4,10,57
5805,-108,44,90,377,3,10,57
5805,-108,45,90,377,5,9,57
5805,-108,38,90,377,4,10,58
5805,-108,36,90,377,4,9,57
5805,-108,58,90,377,4,10,56
5805,-108,33,90,377,5,10,58
5805,-108,23,90,377,5,8,57
5805,-108,30,90,377,3,8,56
5805,-108,50,90,377,4,11,57
5805,-108,31,90,377,4,11,57
5805,-108,36,90,377,5,8,57
5805,-108,46,90,377,5,11,57
5805,-108,33,90,377,5,9,57
5805,-108,60,90,377,4,10,57
5805,-108,38,90,377,4,8,56
5805,-108,31,90,377,5,8,55
5805,-108,39,90,377,3,8,56
5805,-108,41,90,377,4,10,57
5805,-108,39,90,377,4,10,57
5805,-108,44,90,377,5,9,57
5805,-108,37,90,377,3,10,57
5805,-108,48,90,377,5,9,57
5805,-108,33,90,377,5,10,56
5805,-108,40,90,377,2,9,57
5805,-108,58,90,377,4,9,57
5805,-108,28,90,377,5,8,56
5805,-108,35,90,377,4,10,58
5805,-108,42,90,377,3,10,57
5805,-108,34,90,377,3,10,57
5805,-108,44,90,377,4,9,57
5805,-108,36,90,377,3,9,56
5805,-108,36,90,377,4,10,56
5805,-108,36,90,377,5,11,57
5805,-108,44,90,377,4,8,55
5805,-108,35,90,377,5,10,56
5805,-108,66,90,377,5,9,57
5805,-108,34,90,377,3,10,57
5805,-108,46,90,377,5,10,57
5805,-108,27,90,377,5,10,57
5805,-108,37,90,377,3,9,56
5805,-108,28,90,377,5,10,56
5805,-108,35,90,377,4,10,57
5805,-108,45,90,377,4,11,57
5805,-108,35,90,377,4,10,57
5805,-108,41,90,377,4,11,58
5805,-108,35,90,377,3,10,57
5805,-108,46,90,377,4,11,57
5805,-108,30,90,377,4,9,56
5805,-108,38,90,377,3,8,55
5805,-108,29,90,377,5,9,56
5805,-108,45,90,377,4,11,57
5805,-108,30,90,377,4,9,57
5805,-108,40,90,377,3,9,57
5805,-108,47,90,377,5,9,57
5805,-108,48,90,377,5,10,57
5805,-108,42,90,377,5,8,57
5805,-108,43,90,377,5,9,57
5805,-108,44,90,377,4,11,58
5805,-108,63,90,377,3,11,57
5805,-108,27,90,377,4,9,56
5805,-108,38,90,377,4,9,56
5805,-108,35,90,377,6,9,57
5805,-108,36,90,377,4,10,57
5805,-108,46,90,377,4,9,57
5805,-108,50,90,377,4,9,56
5805,-108,52,90,377,4,9,57
5805,-108,31,90,377,5,10,56
5805,-108,32,90,377,3,10,57
5805,-108,41,90,377,4,10,56
5805,-108,48,90,377,5,9,57
5805,-108,55,90,377,4,11,57
5805,-108,47,90,377,4,9,57
5805,-108,41,90,377,4,11,58
5805,-108,44,90,377,3,9,56
5805,-108,34,90,377,5,11,58
5805,-108,54,90,377,4,11,57
5805,-108,44,90,377,4,8,57
5805,-108,37,90,377,5,9,57
5805,-108,58,90,377,4,9,57
5805,-108,36,90,377,4,9,57
5805,-108,40,90,377,4,10,57
5805,-108,49,90,377,5,9,57
5805,-108,43,90,377,3,9,57
5805,-108,42,90,377,3,9,57
5805,-108,41,90,377,3,9,56
5805,-108,55,90,377,5,8,57
5805,-108,26,90,377,5,10,57
5805,-108,37,90,377,4,8,55
5805,-108,34,90,377,4,9,57
5805,-108,34,90,377,5,10,57
5805,-108,43,90,377,4,9,57
5805,-108,34,90,377,4,9,57
5805,-108,41,90,377,4,8,56
5805,-108,37,90,377,4,9,57
5805,-108,39,90,377,5,9,56
5805,-108,33,90,377,3,11,57
5805,-108,38,90,377,4,10,58
5805,-108,36,90,377,4,11,57
5805,-108,30,90,377,3,10,57
5805,-108,35,90,377,3,10,56
5805,-108,30,90,377,3,10,57
5805,-108,57,90,377,5,10,58
5805,-108,44,90,377,4,9,57
5805,-108,41,90,377,4,9,57
5805,-108,30,90,377,4,8,56
5805,-108,33,90,377,3,9,56
5805,-108,33,90,377,4,10,56
5805,-108,30,90,377,2,9,57
5805,-108,30,90,377,5,9,57
5805,-108,49,90,377,4,8,56
5805,-108,42,90,377,5,9,57
5805,-108,42,90,377,3,9,56
5805,-108,30,90,377,4,8,57
5805,-108,29,90,377,6,8,56
5805,-108,32,90,377,3,11,57
5805,-108,34,90,377,3,10,57
5805,-108,57,90,377,4,11,57
5805,-108,52,90,377,4,7,56
5805,-108,32,90,377,5,10,57
5805,-108,38,90,377,5,10,57
5805,-108,47,90,377,3,9,57
5805,-108,38,90,377,4,7,56
5805,-108,41,90,377,5,8,57
5805,-108,47,90,377,5,9,57
5805,-108,34,90,377,4,10,57
5805,-108,32,90,377,5,7,55
5805,-108,41,90,377,3,8,56
5805,-108,36,90,377,6,9,57
5805,-108,40,90,377,5,10,57
5805,-108,51,90,377,4,8,56
5805,-108,36,90,377,5,10,56
5805,-108,33,90,377,5,8,56
5805,-108,35,90,377,4,7,56
5805,-108,37,90,377,5,8,56
5805,-108,37,90,377,4,9,57
5805,-108,46,90,377,5,10,57
5805,-108,30,90,377,5,7,55
5805,-108,35,90,377,4,8,55
5805,-108,31,90,377,4,9,57
5805,-108,48,90,377,4,8,57
5805,-108,30,90,377,3,10,57
5805,-108,26,90,377,4,10,57
5805,-108,34,90,377,3,9,58
5805,-108,45,90,377,3,10,57
5805,-108,36,90,377,5,10,56
5805,-108,31,90,377,4,9,57
5805,-108,39,90,377,4,9,56
5805,-108,44,90,377,4,9,57
5805,-108,44,90,377,5,8,57
5805,-108,54,90,377,4,11,57
5805,-108,47,90,377,4,7,55
5805,-108,50,90,377,4,8,57
5805,-108,53,90,377,5,9,57
5805,-108,42,90,377,1,10,56
5805,-108,36,90,377,3,10,57
5805,-108,40,90,377,4,9,57
5805,-108,27,90,377,4,8,56
5805,-108,48,90,377,4,11,57
5805,-108,39,90,377,4,10,56
5805,-108,37,90,377,3,10,56
5805,-108,24,90,377,4,10,57
5805,-108,29,90,377,4,11,57
5805,-108,28,90,377,6,8,55
5805,-108,31,90,377,5,10,57
5805,-108,36,90,377,5,8,56
5805,-108,41,90,377,3,10,57
5805,-108,31,90,377,5,6,55
5805,-108,41,90,377,5,11,57
5805,-108,37,90,377,4,11,57
5805,-108,41,90,377,4,9,57
5805,-108,33,90,377,3,10,57
5805,-108,35,90,377,4,9,57
5805,-108,43,90,377,4,10,57
5805,-108,56,90,377,4,9,57
5805,-108,41,90,377,4,10,57
5805,-108,39,90,377,5,10,58
5805,-108,43,90,377,2,8,57
5805,-108,33,90,377,4,12,57
5805,-108,35,90,377,4,8,56
5805,-108,46,90,377,3,9,57
5805,-108,34,90,377,5,10,56
5805,-108,40,90,377,6,10,58
5805,-108,24,90,377,5,9,56
5805,-108,52,90,377,5,10,57
5805,-108,26,90,377,5,9,56
5805,-108,40,90,377,5,10,56
5805,-108,33,90,377,5,9,57
5805,-108,41,90,377,4,9,57
5805,-108,31,90,377,2,9,57
5805,-108,32,90,377,4,11,58
5805,-108,30,90,377,5,9,57
5805,-108,47,90,377,4,10,57
5805,-108,42,90,377,6,11,57
5805,-108,39,90,377,4,8,56
5805,-108,62,90,377,3,9,57
5805,-108,42,90,377,3,8,56
5805,-108,44,90,377,4,9,56
5805,-108,46,90,377,4,8,55
5805,-108,43,90,377,4,10,57
5805,-108,45,90,377,3,10,56
5805,-108,40,90,377,5,9,56
5805,-108,34,90,377,4,8,57
5805,-108,29,90,377,3,10,57
5805,-108,39,90,377,4,10,58
5805,-108,33,90,377,2,9,56
5805,-108,42,90,377,4,9,56
5805,-108,28,90,377,3,9,56
5805,-108,49,90,377,5,9,57
5805,-108,49,90,377,4,9,57
5805,-108,29,90,377,5,11,57
5805,-108,52,90,377,4,7,56
5805,-108,35,90,377,4,12,58
5805,-108,37,90,377,4,10,57
5805,-108,37,90,377,4,9,57
5805,-108,37,90,377,5,9,56
5805,-108,49,90,377,4,9,57
5805,-108,41,90,377,3,10,58
5805,-108,34,90,377,4,10,56
5805,-108,41,90,377,4,10,57
5805,-108,31,90,377,4,9,56
5805,-108,59,90,377,5,9,56
5805,-108,30,90,377,3,9,57
5805,-108,37,90,377,4,9,56
5805,-108,32,90,377,4,9,57
5805,-108,45,90,377,5,10,57
5805,-108,41,90,377,4,9,57
5805,-108,34,90,377,4,9,57
5805,-108,53,90,377,4,10,57
5805,-108,52,90,377,3,10,57
5805,-108,31,90,377,5,11,57
5805,-108,36,90,377,4,10,57
5805,-108,37,90,377,4,9,57
5805,-108,39,90,377,3,10,56
5805,-108,47,90,377,3,10,57
5805,-108,28,90,377,4,7,55
5805,-108,33,90,377,4,8,56
5805,-108,33,90,377,5,8,56
5805,-108,30,90,377,5,10,57
5805,-108,41,90,377,5,10,57
5805,-108,41,90,377,4,10,57
5805,-108,32,90,377,5,8,56
5805,-108,59,90,377,4,8,56
5805,-108,34,90,377,3,11,57
5805,-108,41,90,377,5,9,57
5805,-108,41,90,377,5,9,57
5805,-108,42,90,377,3,10,57
5805,-108,48,90,377,5,9,57
5805,-108,35,90,377,4,9,56
5805,-108,51,90,377,4,10,57
5805,-108,43,90,377,3,10,56
5805,-108,51,90,377,4,9,56
5805,-108,27,90,377,4,9,56
5805,-108,46,90,377,4,10,57
5805,-108,31,90,377,3,10,57
5805,-108,40,90,377,3,9,57
5805,-108,33,90,377,4,9,57
5805,-108,48,90,377,3,8,56
5805,-108,53,90,377,2,9,57
5805,-108,30,90,377,4,9,56
5805,-108,44,90,377,5,9,57
5805,-108,48,90,377,4,8,56
5805,-108,38,90,377,3,10,57
5805,-108,38,90,377,5,10,57
5805,-108,50,90,377,5,10,56
5805,-108,50,90,377,5,11,57
5805,-108,33,90,377,4,10,56
5805,-108,44,90,377,3,9,57
5805,-108,31,90,377,3,10,56
5805,-108,53,90,377,3,11,58
5805,-108,41,90,377,4,10,57
5805,-108,33,90,377,4,8,56
5805,-108,50,90,377,4,8,57
5805,-108,41,90,377,3,9,56
5805,-108,33,90,377,4,9,56
5805,-108,46,90,377,4,9,57
5805,-108,44,90,377,4,11,57
5805,-108,33,90,377,3,9,57
5805,-108,41,90,377,4,6,56
5805,-108,42,90,377,4,10,57
5805,-108,33,90,377,5,10,58
5805,-108,36,90,377,2,9,57
5785,-108,47,90,377,3,10,58
5785,-108,43,90,377,5,9,58
5785,-108,36,90,377,4,8,57
5785,-108,24,90,377,3,7,56
5785,-108,39,90,377,4,9,57
5785,-108,31,90,377,3,11,58
5785,-108,49,90,377,5,8,57
5785,-108,43,90,377,5,8,57
5785,-108,43,90,377,4,9,57
5785,-108,23,90,377,4,8,56
5785,-108,39,90,377,5,9,57
5785,-108,38,90,377,5,10,57
5785,-108,49,90,377,4,7,57
5785,-108,39,90,377,5,9,57
5785,-108,39,90,377,4,9,57
5785,-108,74,90,377,4,8,56
5785,-108,37,90,377,3,8,57
5785,-108,35,90,377,4,11,57
5785,-108,28,90,377,5,9,57
5785,-108,31,90,377,4,9,57
5785,-108,36,90,377,4,9,58
5785,-108,40,90,377,5,9,58
5785,-108,44,90,377,4,11,57
5785,-108,42,90,377,5,11,57
5785,-108,55,90,377,2,9,58
5785,-108,46,90,377,5,10,57
5785,-108,33,90,377,5,10,57
5785,-108,56,90,377,3,10,58
5785,-108,50,90,377,6,9,57
5785,-108,54,90,377,5,8,57
5785,-108,33,90,377,5,9,58
5785,-108,45,90,377,5,9,57
5785,-108,53,90,377,3,9,57
5785,-108,45,90,377,5,9,57
5785,-108,50,90,377,4,10,58
5785,-108,57,90,377,5,9,58
5785,-108,53,90,377,5,10,57
5785,-108,44,90,377,6,10,57
5785,-108,53,90,377,4,9,58
5785,-108,27,90,377,5,9,57
5785,-108,38,90,377,4,8,57
5785,-108,48,90,377,4,9,57
5785,-108,38,90,377,4,8,58
5785,-108,37,90,377,5,9,58
5785,-108,46,90,377,5,11,58
5785,-108,46,90,377,4,9,57
5785,-108,30,90,377,4,9,57
5785,-108,26,90,377,4,8,57
5785,-108,55,90,377,5,8,58
5785,-108,36,90,377,4,8,57
5785,-108,45,89,377,5,10,56
5785,-108,39,90,377,3,9,57
5785,-108,47,90,377,4,11,58
5785,-108,54,90,377,3,9,58
5785,-108,24,90,377,5,10,57
5785,-108,43,90,377,5,10,57
5785,-108,39,90,377,4,9,57
5785,-108,68,90,377,4,11,57
5785,-108,33,90,377,4,9,57
5785,-108,39,90,377,4,10,57
5785,-108,51,90,377,4,9,57
5785,-108,45,90,377,5,9,56
5785,-108,34,90,377,5,9,57
5785,-108,34,90,377,5,8,56
5785,-108,38,90,377,3,9,57
5785,-108,53,90,377,4,10,58
5785,-108,46,90,377,5,10,57
5785,-108,51,90,377,5,8,57
5785,-108,48,90,377,5,10,58
5785,-108,36,90,377,4,10,57
5785,-108,46,90,377,5,10,58
5785,-108,47,90,377,4,8,57
5785,-108,63,90,377,5,9,57
5785,-108,40,90,377,4,8,57
5785,-108,44,90,377,5,9,57
5785,-108,40,90,377,4,10,58
5785,-108,48,90,377,4,9,57
5785,-108,47,90,377,5,10,57
5785,-108,53,90,377,4,9,58
5785,-108,28,90,377,5,9,57
5785,-108,38,90,377,5,9,57
5785,-108,46,90,377,5,12,58
5785,-108,59,90,377,4,9,57
5785,-108,63,90,377,3,9,58
5785,-108,39,90,377,5,10,58
5785,-108,46,89,377,4,8,56
5785,-108,39,90,377,5,9,57
5785,-108,50,90,377,5,10,57
5785,-108,33,90,377,4,12,57
5785,-108,43,90,377,4,10,58
5785,-108,54,90,377,5,8,57
5785,-108,43,90,377,4,10,57
5785,-108,49,90,377,5,10,57
5785,-108,27,90,377,4,8,57
5785,-108,31,90,377,5,9,57
5785,-108,37,90,377,4,10,58
5785,-108,43,90,377,5,9,57
5785,-108,52,90,377,4,9,57
5785,-108,41,90,377,4,9,57
5785,-108,33,90,377,4,9,57
5785,-108,63,90,377,4,10,57
5785,-108,38,90,377,4,10,58
5785,-108,44,90,377,4,8,56
5785,-108,44,90,377,3,9,57
5785,-108,43,90,377,4,9,57
5785,-108,43,90,377,3,10,57
5785,-108,45,90,377,6,8,56
5785,-108,39,90,377,5,9,57
5785,-108,36,90,377,4,9,56
5785,-108,41,90,377,5,10,58
5785,-108,45,90,377,4,9,57
5785,-108,41,90,377,3,9,57
5785,-108,45,90,377,3,8,57
5785,-108,32,90,377,5,9,57
5785,-108,36,90,377,5,10,57
5785,-108,49,90,377,5,10,58
5785,-108,32,90,377,3,10,56
5785,-108,51,90,377,5,11,58
5785,-108,45,90,377,3,9,57
5785,-108,42,90,377,4,11,57
5785,-108,45,90,377,6,8,58
5785,-108,44,90,377,4,9,57
5785,-108,39,90,377,4,10,57
5785,-108,38,90,377,4,11,58
5785,-108,37,90,377,3,8,57
5785,-108,42,90,377,5,8,57
5785,-108,31,90,377,4,9,57
5785,-108,51,90,377,4,10,58
5785,-108,34,90,377,5,9,57
5785,-108,33,90,377,5,9,57
5785,-108,36,90,377,5,8,55
5785,-108,40,90,377,4,9,57
5785,-108,39,90,377,4,7,56
5785,-108,44,90,377,5,10,57
5785,-108,31,90,377,4,8,57
5785,-108,35,90,377,3,11,58
5785,-108,56,89,377,6,8,57
5785,-108,29,90,377,4,9,57
5785,-108,26,90,377,4,9,57
5785,-108,45,90,377,4,9,57
5785,-108,44,90,377,4,6,57
5785,-108,33,90,377,5,10,58
5785,-108,29,90,377,6,9,57
5785,-108,43,90,377,5,10,58
5785,-108,36,90,377,5,9,57
5785,-108,30,90,377,3,8,57
5785,-108,62,90,377,4,11,58
5785,-108,50,90,377,5,8,57
5785,-108,61,90,377,4,9,57
5785,-108,48,90,377,4,10,58
5785,-108,30,90,377,3,8,56
5785,-108,30,90,377,4,10,57
5785,-108,45,90,377,5,10,58
5785,-108,28,90,377,4,8,56
5785,-108,27,90,377,4,8,56
5785,-108,48,90,377,3,9,58
5785,-108,52,90,377,6,9,57
5785,-108,57,88,378,5,9,55
5785,-108,28,90,377,4,9,57
5785,-108,44,90,377,5,9,57
5785,-108,46,90,377,4,9,57
5785,-108,29,89,378,6,9,56
5785,-108,36,90,377,3,9,57
5785,-108,37,90,377,5,10,58
5785,-108,49,89,378,5,9,56
5785,-108,37,90,377,3,9,56
5785,-108,26,90,377,5,9,57
5785,-108,33,90,377,4,7,56
5785,-108,31,90,377,5,9,57
5785,-108,42,90,377,3,10,57
5785,-108,56,90,377,5,10,58
5785,-108,51,90,377,3,9,57
5785,-108,55,90,377,4,10,58
5785,-108,39,90,377,4,9,56
5785,-108,46,90,377,4,8,57
5785,-108,35,90,377,3,10,57
5785,-108,46,90,377,5,11,58
5785,-108,28,89,378,6,9,56
5785,-108,51,90,377,4,9,57
5785,-108,34,90,377,4,9,57
5785,-108,42,90,377,5,9,58
5785,-108,51,90,377,4,12,58
5785,-108,37,90,377,3,10,57
5785,-108,31,89,377,6,10,56
5785,-108,32,90,377,5,10,57
5785,-108,48,90,377,4,10,58
5785,-108,49,90,377,3,10,58
5785,-108,34,90,377,5,10,57
5785,-108,32,90,377,4,9,57
5785,-108,39,90,377,3,10,58
5785,-108,27,90,377,4,10,58
5785,-108,50,90,377,5,10,58
5785,-108,41,90,377,5,9,58
5785,-108,41,90,377,5,9,57
5785,-108,33,90,377,5,10,58
5785,-108,35,90,377,4,11,57
5785,-108,47,90,377,4,8,57
5785,-108,50,90,377,4,8,56
5785,-108,48,90,377,4,11,58
5785,-108,57,90,377,4,10,57
5785,-108,45,90,377,4,9,58
5785,-108,40,90,377,6,9,57
5785,-108,44,90,377,4,11,57
5785,-108,36,90,377,4,9,58
5785,-108,44,90,377,5,8,57
5785,-108,59,90,377,3,9,57
5785,-108,45,90,377,3,9,57
5785,-108,45,90,377,6,11,57
5785,-108,41,90,377,5,10,58
5785,-108,46,90,377,3,8,57
5785,-108,50,90,377,3,9,57
5785,-108,54,90,377,4,10,57
5785,-108,43,90,377,4,9,57
5785,-108,43,90,377,5,9,57
5785,-108,46,90,377,4,10,57
5785,-108,54,90,377,3,10,58
5785,-108,40,90,377,6,9,57
5785,-108,67,90,377,5,11,58
5785,-108,38,90,377,4,8,57
5785,-108,58,90,377,5,10,58
5785,-108,42,90,377,5,9,57
5785,-108,45,90,377,4,9,57
5785,-108,45,90,377,5,10,57
5785,-108,34,90,377,4,9,57
5785,-108,38,90,377,5,9,57
5785,-108,40,90,377,4,9,58
5785,-108,46,90,377,4,9,57
5785,-108,27,90,377,5,8,57
5785,-108,37,90,377,6,9,58
5785,-108,46,90,377,4,11,57
5785,-108,49,90,377,5,10,58
5785,-108,38,90,377,6,10,57
5785,-108,43,90,377,4,9,57
5785,-108,30,90,377,5,9,57
5785,-108,30,90,377,5,10,57
5785,-108,28,90,377,3,9,57
5785,-108,49,90,377,5,10,57
5785,-108,58,90,377,5,10,58
5785,-108,37,90,377,6,10,57
5785,-108,36,90,377,5,12,58
5785,-108,34,90,377,4,12,57
5785,-108,35,90,377,4,9,57
5785,-108,43,90,377,5,9,57
5785,-108,29,90,377,4,7,56
5785,-108,46,90,377,4,8,57
5785,-108,58,90,377,4,8,57
5785,-108,45,90,377,4,11,57
5785,-108,50,90,377,4,10,57
5785,-108,40,90,377,4,9,57
5785,-108,43,90,377,5,9,57
5785,-108,44,90,377,6,9,57
5785,-108,38,90,377,4,9,57
5785,-108,38,90,377,3,9,57
5785,-108,53,90,377,5,9,57
5785,-108,32,90,377,5,9,57
5785,-108,56,90,377,5,10,58
5785,-108,31,90,377,5,8,56
5785,-108,33,90,377,4,10,57
5785,-108,34,90,377,3,10,57
5785,-108,39,90,377,5,11,58
5785,-108,44,90,377,4,9,57
5785,-108,28,90,377,4,10,57
5785,-108,44,90,377,5,9,57
5785,-108,40,90,377,5,9,57
5785,-108,35,90,377,4,9,57
5785,-108,34,90,377,4,10,57
5785,-108,34,90,377,4,11,58
5785,-108,45,90,377,4,11,58
5785,-108,36,90,377,4,9,57
5785,-108,41,90,377,4,11,58
5785,-108,58,90,377,4,11,58
5785,-108,43,90,377,5,9,57
5785,-108,36,90,377,5,9,57
5785,-108,27,90,377,3,9,56
5785,-108,38,90,377,4,10,58
5785,-108,34,90,377,5,8,55
5785,-108,30,90,377,4,9,56
5785,-108,30,90,377,5,7,55
5785,-108,37,89,377,5,8,54
5785,-108,27,90,377,3,7,56
5785,-108,55,90,377,4,9,57
5785,-108,40,90,377,4,9,57
5785,-108,34,90,377,4,8,57
5785,-108,31,90,377,4,9,57
5785,-108,58,90,377,4,10,57
5785,-108,49,90,377,6,9,58
5785,-108,39,90,377,4,10,56
5785,-108,36,90,377,5,9,57
5785,-108,45,90,377,4,10,58
5785,-108,37,90,377,3,8,56
5785,-108,38,90,377,4,9,57
5785,-108,56,90,377,4,10,58
5785,-108,44,90,377,5,8,57
5785,-108,41,90,377,4,8,57
5785,-108,38,90,377,5,8,57
5785,-108,48,90,377,4,10,57
5785,-108,41,90,377,4,10,58
5785,-108,45,89,377,5,8,56
5785,-108,45,90,377,5,10,58
5785,-108,38,90,377,4,9,57
5785,-108,33,90,377,5,9,57
5785,-108,41,90,377,4,8,56
5785,-108,54,90,377,5,10,57
5785,-108,46,90,377,5,10,57
5785,-108,48,90,377,4,9,58
5785,-108,35,90,377,4,7,56
5785,-108,46,90,377,3,9,58
5785,-108,44,90,377,5,9,58
5785,-108,51,90,377,5,9,57
5785,-108,36,90,377,4,9,57
5785,-108,54,90,377,3,8,57
5785,-108,43,90,377,5,10,56
5785,-108,45,90,377,4,6,56
5785,-108,37,90,377,4,11,57
5785,-108,33,90,377,5,11,57
5785,-108,48,90,377,5,11,57
5785,-108,38,90,377,4,10,58
5785,-108,33,90,377,4,9,58
5785,-108,40,90,377,6,11,58
5785,-108,51,90,377,4,11,58
5785,-108,36,90,377,4,9,57
5785,-108,40,90,377,5,8,57
5785,-108,51,90,377,5,10,57
5785,-108,46,90,377,4,9,58
5785,-108,53,90,377,4,10,57
5785,-108,43,90,377,4,9,58
5785,-108,31,90,377,5,10,57
5785,-108,40,90,377,4,10,57
5785,-108,49,90,377,4,9,58
5785,-108,37,90,377,4,9,56
5785,-108,52,90,377,5,9,58
5785,-108,47,90,377,4,9,58
5785,-108,36,90,377,3,8,56
5785,-108,40,90,377,4,10,57
5785,-108,51,90,377,4,11,57
5785,-108,51,90,377,3,9,57
5785,-108,44,90,377,5,8,57
5785,-108,41,90,377,5,9,57
5785,-108,34,90,377,5,9,57
5785,-108,37,90,377,5,9,57
5785,-108,64,90,377,5,10,58
5785,-108,50,90,377,4,9,57
5785,-108,45,90,377,5,9,57
5785,-108,54,90,377,4,9,57
5785,-108,29,90,377,5,12,58
5785,-108,55,89,377,4,10,58
5785,-108,45,90,377,4,9,56
5785,-108,55,90,377,3,10,58
5785,-108,55,90,377,5,8,57
5785,-108,26,90,377,5,8,57
5785,-108,43,90,377,5,10,57
5785,-108,48,90,377,4,11,58
5785,-108,50,90,377,4,10,58
5785,-108,40,90,377,5,7,56
5785,-108,53,90,377,6,9,57
5785,-108,40,90,377,5,9,57
5785,-108,36,90,377,4,10,57
5785,-108,47,90,377,4,9,57
5785,-108,48,90,377,5,7,56
5785,-108,39,90,377,4,8,57
5785,-108,32,90,377,4,10,58
5785,-108,46,90,377,3,8,56
5785,-108,32,90,377,5,9,57
5785,-108,30,89,377,5,9,56
5785,-108,55,90,377,4,9,57
5785,-108,36,90,377,5,10,57
5785,-108,36,90,377,4,10,58
5785,-108,33,90,377,4,9,57
5785,-108,44,90,377,5,9,58
5785,-108,43,90,377,3,9,58
5785,-108,31,90,377,5,9,56
5785,-108,35,90,377,5,9,57
5785,-108,37,90,377,5,9,57
5785,-108,44,90,377,4,10,58
5785,-108,41,90,377,6,9,58
5785,-108,46,90,377,4,10,58
5785,-108,43,90,377,4,9,58
5785,-108,38,90,377,6,9,57
5785,-108,42,90,377,5,10,57
5785,-108,36,89,377,5,9,56
5785,-108,50,90,377,5,9,57
5785,-108,47,90,377,4,9,57
5785,-108,46,90,377,4,7,57
5785,-108,37,90,377,4,9,58
5785,-108,43,90,377,5,7,56
5785,-108,37,90,377,5,9,57
5785,-108,39,90,377,3,12,58
5785,-108,49,90,377,3,9,57
5785,-108,50,90,377,5,9,58
5785,-108,44,90,377,4,8,57
5785,-108,39,90,377,4,9,57
5785,-108,47,90,377,3,10,57
5785,-108,36,90,377,6,9,57
5785,-108,37,90,377,5,9,57
5785,-108,56,90,377,4,10,58
5785,-108,46,90,377,3,9,57
5785,-108,42,90,377,4,10,58
5785,-108,26,90,377,4,8,57
5785,-108,51,90,377,5,10,58
5785,-108,44,90,377,4,9,58
5785,-108,52,90,377,2,7,57
5785,-108,49,90,377,3,8,57
5785,-108,35,90,377,4,9,57
5785,-108,29,90,377,4,7,56
5785,-108,47,90,377,5,8,57
5785,-108,29,90,377,4,9,57
5785,-108,37,90,377,6,10,57
5785,-108,38,90,377,4,10,58
5785,-108,37,90,377,4,12,57
5785,-108,33,89,377,6,9,56
5785,-108,34,90,377,5,9,57
5785,-108,35,90,377,5,9,57
5785,-108,52,90,377,4,10,57
5785,-108,51,90,377,4,8,57
5785,-108,33,90,377,4,8,57
5785,-108,50,90,377,4,9,57
5785,-108,31,90,377,4,8,57
5785,-108,45,90,377,5,9,57
5785,-108,45,90,377,5,8,56
5785,-108,50,90,377,5,10,57
5785,-108,48,90,377,4,8,57
5785,-108,33,89,377,5,8,56
5785,-108,78,90,377,5,9,58
5785,-108,47,90,377,4,11,58
5785,-108,51,90,377,5,8,57
5785,-108,47,90,377,4,8,56
5785,-108,36,90,377,3,9,57
5785,-108,38,90,377,4,8,56
5785,-108,41,90,377,5,7,55
5785,-108,41,90,377,4,8,56
5785,-108,48,90,377,5,10,57
5785,-108,33,90,377,4,9,57
5785,-108,45,90,377,5,9,57
5785,-108,51,90,377,3,8,57
5785,-108,37,90,377,4,9,57
5785,-108,32,90,377,5,8,57
5785,-108,31,90,377,4,9,58
5785,-108,55,90,377,5,9,57
5785,-108,38,90,377,5,8,57
5785,-108,26,89,377,5,11,56
5785,-108,49,90,377,4,7,57
5785,-108,34,90,377,5,8,57
5785,-108,44,90,377,4,10,57
5785,-108,41,90,377,5,9,57
5785,-108,47,90,377,5,9,58
5785,-108,49,90,377,4,9,57
5785,-108,40,90,377,4,9,57
5785,-108,34,90,377,6,9,57
5785,-108,37,90,377,5,9,57
5785,-108,60,90,377,5,11,58
5785,-108,52,90,377,5,11,58
5785,-108,26,90,377,4,9,57
5785,-108,47,90,377,3,8,57
5785,-108,33,90,377,4,10,57
5785,-108,35,89,377,4,9,55
5785,-108,35,90,377,4,10,57
5785,-108,61,90,377,4,10,58
5785,-108,48,90,377,4,9,57
5785,-108,51,90,377,5,10,58
5785,-108,56,90,377,3,10,58
5785,-108,41,90,377,5,10,57
5785,-108,56,90,377,5,10,57
5785,-108,45,90,377,4,10,57
5785,-108,59,90,377,4,10,57
5785,-108,41,90,377,5,10,58
5785,-108,36,90,377,5,10,58
5785,-108,28,90,377,4,9,57
5785,-108,39,90,377,4,9,57
5785,-108,38,90,377,5,9,57
5785,-108,50,90,377,3,9,57
5785,-108,51,89,377,6,7,56
5785,-108,45,90,377,4,11,57
5785,-108,39,88,379,6,8,55
5785,-108,34,90,377,3,10,57
5785,-108,40,90,377,4,9,57
5785,-108,41,90,377,4,10,58
5785,-108,39,90,377,5,9,57
5785,-108,29,90,377,5,9,57
5785,-108,39,90,377,3,10,57
5785,-108,42,90,377,5,10,57
5785,-108,48,90,377,4,8,57
5785,-108,42,90,377,5,10,57
5785,-108,41,90,377,5,10,57
5785,-108,36,90,377,4,9,56
5785,-108,37,90,377,3,10,58
5785,-108,42,90,377,4,9,58
5785,-108,35,90,377,3,9,58
5785,-108,49,90,377,3,9,57
5785,-108,65,90,377,4,9,57
5785,-108,48,90,377,4,8,56
5785,-108,33,90,377,4,10,57
5785,-108,46,90,377,4,10,59
5785,-108,44,90,377,4,9,57
5785,-108,41,90,377,5,8,57
5785,-108,24,90,377,4,10,57
5785,-108,38,89,378,5,10,57
5785,-108,31,90,377,4,8,57
5785,-108,49,90,377,5,8,56
5785,-108,42,90,377,5,12,58
5785,-108,47,89,377,5,8,56
5785,-108,28,90,377,5,9,57
5785,-108,31,90,377,4,10,58
5785,-108,38,90,377,5,9,58
5785,-108,30,90,377,5,9,57
5785,-108,28,90,377,4,10,57
5785,-108,26,90,377,3,8,55
5785,-108,43,90,377,4,10,57
5785,-108,34,90,377,4,9,57
5785,-108,31,90,377,6,9,56
5785,-108,59,90,377,6,9,57
5785,-108,26,90,377,4,10,57
5785,-108,39,90,377,4,11,58
5785,-108,50,90,377,5,9,58
5785,-108,32,90,377,5,9,58
5785,-108,30,90,377,5,11,58
5785,-108,37,90,377,5,8,56
5785,-108,44,90,377,3,6,57
5785,-108,31,90,377,5,8,57
5785,-108,37,90,377,4,9,57
5785,-108,29,90,377,4,11,58
5785,-108,35,90,377,5,8,56
5785,-108,40,90,377,5,11,58
5785,-108,51,90,377,5,9,57
5785,-108,30,90,377,3,10,57
5785,-108,40,90,377,5,9,57
5785,-108,49,90,377,4,10,58
5785,-108,39,90,377,5,10,58
5785,-108,40,90,377,3,8,56
5785,-108,39,90,377,4,9,57
5785,-108,65,90,377,6,9,57
5785,-108,30,90,377,5,10,57
5785,-108,47,90,377,4,11,58
5785,-108,52,90,377,6,9,58
5785,-108,52,90,377,4,10,58
5785,-108,53,90,377,5,11,58
5785,-108,41,90,377,5,9,57
5785,-108,40,90,377,3,9,58
5785,-108,52,90,377,4,10,57
5785,-108,35,90,377,3,9,58
5785,-108,35,90,377,6,9,57
5785,-108,48,90,377,4,11,58
5785,-108,35,90,377,5,10,57
5785,-108,28,90,377,5,9,56
5785,-108,65,90,377,3,9,58
5785,-108,48,90,377,5,9,57
5785,-108,53,90,377,5,10,57
5785,-108,34,90,377,4,9,57
5785,-108,36,90,377,5,9,57
5785,-108,67,90,377,6,9,58
5785,-108,30,90,377,4,8,57
5785,-108,42,90,377,4,9,57
5785,-108,30,90,377,4,9,57
5785,-108,67,90,377,4,9,57
5785,-108,38,90,377,3,8,58
5785,-108,32,90,377,4,9,57
5785,-108,44,90,377,5,9,58
5785,-108,32,89,378,5,9,56
5785,-108,43,90,377,3,9,58
5785,-108,48,90,377,5,10,58
5785,-108,38,90,377,3,9,57
5785,-108,37,90,377,4,9,57
5785,-108,46,90,377,4,11,58
5785,-108,30,90,377,4,10,57
5785,-108,41,90,377,4,10,57
5785,-108,32,90,377,5,10,57
5785,-108,28,90,377,5,7,56
5785,-108,55,90,377,4,11,57
5785,-108,51,90,377,4,9,56
5785,-108,35,90,377,5,7,56
5785,-108,34,90,377,5,8,56
5785,-108,52,90,377,5,10,58
5785,-108,48,90,377,5,10,58
5785,-108,47,90,377,5,9,57
5785,-108,38,90,377,4,10,58
5785,-108,28,90,377,5,11,58
5785,-108,50,90,377,4,10,57
5785,-108,48,90,377,5,9,57
5785,-108,36,90,377,5,10,57
5785,-108,38,90,377,4,8,57
5785,-108,34,89,377,6,10,57
5785,-108,36,90,377,5,11,58
5785,-108,33,90,377,3,10,57
5785,-108,38,90,377,5,11,57
5785,-108,29,89,377,5,11,57
5785,-108,51,90,377,2,10,58
5785,-108,29,90,377,5,10,58
5785,-108,53,90,377,6,9,57
5785,-108,43,90,377,4,9,57
5785,-108,43,90,377,4,10,57
5785,-108,32,90,377,3,8,57
5785,-108,41,90,377,4,12,57
5785,-108,39,90,377,5,8,57
5785,-108,33,90,377,3,9,57
5785,-108,28,90,377,4,8,57
5785,-108,38,90,377,6,10,57
5785,-108,50,90,377,4,8,58
5785,-108,47,90,377,4,10,58
5785,-108,48,90,377,5,11,58
5785,-108,50,90,377,5,12,59
5785,-108,30,90,377,4,9,57
5785,-108,37,90,377,4,8,56
5785,-108,42,90,377,4,8,57
5785,-108,38,90,377,4,10,57
5785,-108,36,90,377,5,9,57
5785,-108,37,90,377,4,8,57
5785,-108,42,90,377,5,10,57
5785,-108,30,90,377,5,9,57
5785,-108,48,90,377,4,11,57
5785,-108,31,90,377,6,8,56
5785,-108,31,90,377,4,9,57
5785,-108,44,90,377,4,10,57
5785,-108,39,90,377,3,8,56
5785,-108,60,90,377,4,9,57
5785,-108,43,90,377,4,10,57
5785,-108,33,90,377,4,9,57
5785,-108,27,90,377,4,8,56
5785,-108,57,90,377,5,9,58
5785,-108,37,90,377,4,9,57
5785,-108,32,90,377,4,9,57
5785,-108,47,90,377,4,9,57
5785,-108,40,90,377,5,11,58
5785,-108,40,90,377,4,11,58
5785,-108,49,90,377,3,8,57
5785,-108,51,89,378,5,8,56
5785,-108,29,90,377,5,9,56
5785,-108,38,90,377,5,9,57
5785,-108,30,90,377,4,8,56
5785,-108,45,90,377,5,9,57
5785,-108,57,90,377,5,8,58
5785,-108,31,90,377,3,9,57
5785,-108,51,90,377,4,8,56
5785,-108,47,90,377,5,9,57
5785,-108,55,90,377,4,8,57
5785,-108,39,90,377,5,9,57
5785,-108,28,90,377,5,10,57
5785,-108,39,90,377,4,9,58
5785,-108,45,90,377,5,8,57
5785,-108,48,90,377,5,9,57
5785,-108,28,89,377,4,9,57
5785,-108,56,90,377,4,9,57
5785,-108,50,90,377,5,10,57
5785,-108,33,90,377,3,8,57
5785,-108,36,90,377,4,10,57
5785,-108,40,90,377,5,9,57
5785,-108,44,90,377,5,9,56
5785,-108,37,90,377,3,9,57
5785,-108,47,90,377,4,9,58
5785,-108,40,90,377,5,9,57
5785,-108,35,90,377,5,10,57
5785,-108,38,90,377,5,9,57
5785,-108,45,90,377,4,8,57
5785,-108,53,90,377,4,8,57
5785,-108,46,90,377,6,8,57
5785,-108,33,90,377,5,10,57
5785,-108,29,90,377,4,9,57
5785,-108,47,90,377,4,10,57
5785,-108,56,90,377,5,8,57
5785,-108,42,90,377,3,11,57
5785,-108,52,90,377,4,10,58
5785,-108,36,90,377,4,10,57
5785,-108,35,89,377,5,10,57
5785,-108,31,90,377,5,8,57
5785,-108,52,90,377,4,9,57
5785,-108,24,89,377,4,8,55
5785,-108,37,89,377,4,9,57
5785,-108,51,90,377,4,10,57
5785,-108,25,90,377,6,7,56
5785,-108,36,90,377,5,11,58
5785,-108,39,89,378,4,8,56
5785,-108,53,90,377,4,9,57
5785,-108,32,90,377,3,10,58
5785,-108,45,90,377,4,10,58
5785,-108,37,90,377,4,9,57
5785,-108,28,90,377,5,9,56
5785,-108,34,90,377,5,8,57
5785,-108,30,90,377,4,9,57
5785,-108,50,90,377,5,10,57
5785,-108,46,90,377,5,8,57
5785,-108,43,90,377,5,9,57
5785,-108,41,90,377,4,10,57
5785,-108,41,90,377,5,10,58
5785,-108,36,90,377,3,9,57
5785,-108,30,90,377,4,9,56
5785,-108,35,90,377,3,9,56
5785,-108,46,90,377,4,10,57
5785,-108,73,90,377,4,9,57
5785,-108,40,90,377,4,7,57
5785,-108,41,90,377,4,9,57
5785,-108,35,90,377,4,9,57
5785,-108,36,90,377,5,11,58
5785,-108,37,90,377,5,11,57
5785,-108,36,90,377,5,11,57
5785,-108,38,90,377,4,10,57
5785,-108,48,90,377,5,9,57
5785,-108,33,90,377,5,10,57
5785,-108,35,89,377,5,8,56
5785,-108,48,90,377,3,9,56
5785,-108,41,90,377,4,7,57
5785,-108,48,90,377,5,9,58
5785,-108,48,90,377,4,9,57
5785,-108,40,90,377,4,11,57
5785,-108,31,90,377,5,9,57
5785,-108,35,90,377,4,10,57
5785,-108,32,90,377,3,9,57
5785,-108,51,90,377,4,9,57
5785,-108,36,90,377,4,10,57
5785,-108,44,90,377,4,9,57
5805,-109,44,90,378,5,10,57
5805,-109,52,90,378,5,10,57
5805,-109,56,90,378,6,9,57
5805,-109,48,90,378,6,10,57
5805,-109,54,90,378,5,9,56
5805,-109,44,90,378,6,9,56
5805,-109,48,90,378,4,9,56
5805,-109,46,90,378,5,10,57
5805,-109,38,90,378,4,10,58
5805,-109,34,90,378,5,8,57
5805,-109,46,90,378,5,10,57
5805,-109,33,90,378,4,9,57
5805,-109,36,90,378,5,9,56
5805,-109,36,90,378,7,12,57
5805,-109,43,90,378,5,9,57
5805,-109,32,90,378,5,9,56
5805,-109,32,90,378,5,9,57
5805,-109,48,90,378,5,8,57
5805,-109,45,90,378,5,11,58
5805,-109,39,90,378,5,11,57
5805,-109,42,90,378,5,9,56
5805,-109,41,90,378,3,9,58
5805,-109,34,90,378,6,10,56
5805,-109,47,90,378,5,10,57
5805,-109,40,90,378,4,8,56
5805,-109,36,90,378,5,10,57
5805,-109,42,89,378,6,9,56
5805,-109,43,90,378,4,9,56
5805,-109,46,90,378,5,11,57
5805,-109,54,90,378,4,9,57
5805,-109,34,90,378,5,11,57
5805,-109,40,90,378,5,10,58
5805,-109,48,90,378,4,8,56
5805,-109,36,90,378,4,8,56
5805,-109,41,90,378,4,11,57
5805,-109,38,90,378,4,10,57
5805,-109,32,90,378,5,10,58
5805,-109,25,90,378,4,9,57
5805,-109,48,90,378,5,7,57
5805,-109,33,90,378,5,9,58
5805,-109,37,90,378,4,9,57
5805,-109,36,90,378,4,10,57
5805,-109,39,90,378,6,9,57
5805,-109,38,90,378,5,9,57
5805,-109,34,90,378,4,11,57
5805,-109,40,90,378,6,9,57
5805,-109,30,90,378,5,9,56
5805,-109,31,90,378,4,9,56
5805,-109,57,90,378,6,9,56
5805,-109,39,90,378,5,8,57
5805,-109,47,90,378,6,9,57
5805,-109,32,90,378,5,8,56
5805,-109,35,90,378,5,11,57
5805,-109,42,90,378,5,12,58
5805,-109,49,90,378,5,9,57
5805,-109,43,90,378,6,8,56
5805,-109,35,90,378,5,11,58
5805,-109,40,90,378,4,10,57
5805,-109,53,90,378,5,9,57
5805,-109,49,90,378,5,11,57
5805,-109,49,90,378,6,12,57
5805,-109,45,90,378,6,9,57
5805,-109,47,90,378,5,10,57
5805,-109,48,90,378,5,9,57
5805,-109,47,90,378,5,10,57
5805,-109,41,89,379,6,9,57
5805,-109,38,90,378,5,10,57
5805,-109,39,90,378,6,10,57
5805,-109,37,90,378,4,10,57
5805,-109,41,90,378,5,10,57
5805,-109,36,90,378,5,8,57
5805,-109,33,90,378,5,9,58
5805,-109,36,90,378,4,10,56
5805,-109,34,90,378,4,8,57
5805,-109,53,90,378,6,10,57
5805,-109,63,90,378,5,10,58
5805,-109,27,90,378,6,8,56
5805,-109,54,90,378,6,9,57
5805,-109,38,90,378,5,9,56
5805,-109,42,90,378,6,10,58
5805,-109,49,90,378,5,10,57
5805,-109,43,90,378,6,9,57
5805,-109,31,90,378,5,9,58
5805,-109,48,90,378,5,9,56
5805,-109,52,90,378,5,8,57
5805,-109,32,90,378,5,9,57
5805,-109,64,90,378,6,9,57
5805,-109,34,90,378,5,9,57
5805,-109,54,90,378,5,9,57
5805,-109,58,90,378,6,7,56
5805,-109,43,90,378,4,10,57
5805,-109,41,90,378,4,8,57
5805,-109,32,90,378,6,9,57
5805,-109,50,90,378,4,9,56
5805,-109,38,90,378,5,10,57
5805,-109,42,90,378,5,10,58
5805,-109,43,90,378,5,9,57
5805,-109,46,90,378,5,9,57
5805,-109,41,90,378,5,10,57
5805,-109,28,90,378,5,10,57
5805,-109,47,90,378,5,9,57
5805,-109,41,90,378,6,8,57
5805,-109,25,90,378,5,8,56
5805,-109,68,90,378,4,10,57
5805,-109,32,90,378,4,9,57
5805,-109,55,90,378,5,9,57
5805,-109,59,90,378,5,9,56
5805,-109,36,90,378,7,10,58
5805,-109,37,88,379,6,9,55
5805,-109,37,90,378,4,10,57
5805,-109,36,90,378,4,8,56
5805,-109,43,90,378,4,9,57
5805,-109,55,90,378,5,9,57
5805,-109,28,90,378,4,10,56
5805,-109,47,90,378,5,10,57
5805,-109,41,90,378,5,11,58
5805,-109,28,90,378,5,10,57
5805,-109,52,90,378,5,10,58
5805,-109,43,90,378,5,8,57
5805,-109,40,90,378,3,9,57
5805,-109,59,90,378,6,11,58
5805,-109,44,90,378,5,9,57
5805,-109,53,90,378,4,10,57
5805,-109,55,90,378,5,10,57
5805,-109,38,90,378,6,9,57
5805,-109,36,90,378,5,11,57
5805,-109,44,90,378,5,8,57
5805,-109,34,90,378,6,9,57
5805,-109,44,90,378,4,8,56
5805,-109,37,90,378,6,11,57
5805,-109,33,90,378,4,8,57
5805,-109,32,90,378,5,9,57
5805,-109,44,90,378,5,8,57
5805,-109,41,90,378,5,9,57
5805,-109,43,90,378,5,10,57
5805,-109,48,90,378,5,8,57
5805,-109,41,90,378,4,9,57
5805,-109,55,90,378,5,11,57
5805,-109,50,90,378,6,11,57
5805,-109,48,90,378,5,9,56
5805,-109,36,90,378,5,10,58
5805,-109,51,89,378,6,9,55
5805,-109,46,90,378,4,9,57
5805,-109,47,90,378,5,8,57
5805,-109,43,90,378,5,9,57
5805,-109,37,90,378,6,9,57
5805,-109,40,90,378,5,9,56
5805,-109,57,90,378,4,9,56
5805,-109,39,90,378,6,10,56
5805,-109,44,90,378,4,10,57
5805,-109,42,90,378,5,8,55
5805,-109,65,90,378,6,7,56
5805,-109,46,90,378,5,9,57
5805,-109,43,90,378,6,10,57
5805,-109,38,90,378,5,10,56
5805,-109,67,90,378,5,8,56
5805,-109,54,90,378,5,9,58
5805,-109,37,90,378,6,8,57
5805,-109,38,90,378,5,9,56
5805,-109,44,90,378,4,10,58
5805,-109,48,90,378,7,9,57
5805,-109,34,90,378,5,9,56
5805,-109,35,90,378,5,9,57
5805,-109,27,89,378,5,11,56
5805,-109,46,90,378,4,10,57
5805,-109,40,90,378,5,9,57
5805,-109,38,90,378,5,8,57
5805,-109,46,89,378,6,10,56
5805,-109,56,90,378,4,10,57
5805,-109,50,90,378,5,9,57
5805,-109,33,90,378,5,10,57
5805,-109,44,90,378,5,8,57
5805,-109,42,90,378,5,10,57
5805,-109,70,90,378,4,8,57
5805,-109,52,90,378,4,11,58
5805,-109,48,90,378,6,9,58
5805,-109,42,90,378,4,9,57
5805,-109,47,90,378,5,10,57
5805,-109,50,90,378,5,9,57
5805,-109,42,90,378,5,10,57
5805,-109,45,90,378,5,10,56
5805,-109,48,90,378,5,10,58
5805,-109,49,90,378,6,10,57
5805,-109,30,90,378,4,7,57
5805,-109,43,90,378,5,11,57
5805,-109,36,90,378,5,10,57
5805,-109,52,90,378,4,9,56
5805,-109,39,90,378,4,8,56
5805,-109,37,90,378,5,8,57
5805,-109,34,90,378,4,10,57
5805,-109,45,90,378,5,10,57
5805,-109,29,90,378,5,10,57
5805,-109,42,90,378,6,10,57
5805,-109,40,90,378,5,8,56
5805,-109,45,90,378,4,10,57
5805,-109,33,90,378,4,9,57
5805,-109,54,90,378,5,10,57
5805,-109,23,90,378,5,9,56
5805,-109,41,90,378,5,9,56
5805,-109,49,90,378,4,11,57
5805,-109,54,90,378,3,9,58
5805,-109,46,90,378,6,10,57
5805,-109,37,90,378,5,9,57
5805,-109,34,90,378,4,9,57
5805,-109,31,90,378,5,10,57
5805,-109,37,90,378,3,10,57
5805,-109,64,90,378,5,11,58
5805,-109,43,90,378,4,8,57
5805,-109,46,90,378,6,10,58
5805,-109,44,90,378,6,8,57
5805,-109,31,90,378,5,9,57
5805,-109,39,90,378,4,11,58
5805,-109,42,90,378,5,10,58
5805,-109,30,90,378,4,10,58
5805,-109,45,89,378,6,10,56
5805,-109,64,90,378,4,10,57
5805,-109,46,90,378,6,10,57
5805,-109,52,90,378,5,10,57
5805,-109,67,90,378,4,10,57
5805,-109,58,90,378,4,9,57
5805,-109,46,90,378,6,9,56
5805,-109,33,90,378,5,9,57
5805,-109,40,90,378,5,11,57
5805,-109,33,90,378,6,10,57
5805,-109,45,90,378,6,10,57
5805,-109,40,90,378,5,9,57
5805,-109,33,90,378,5,9,57
5805,-109,36,89,378,6,8,56
5805,-109,52,90,378,6,11,57
5805,-109,54,90,378,4,10,58
5805,-109,47,90,378,6,9,57
5805,-109,47,90,378,5,9,57
5805,-109,38,90,378,6,11,57
5805,-109,39,90,378,4,9,57
5805,-109,35,90,378,4,9,56
5805,-109,43,90,378,4,10,57
5805,-109,47,90,378,5,11,58
5805,-109,33,90,378,5,11,58
5805,-109,29,88,379,7,9,54
5805,-109,61,90,378,5,9,57
5805,-109,35,90,378,4,9,57
5805,-109,38,90,378,6,9,57
5805,-109,37,90,378,5,7,56
5805,-109,45,90,378,5,10,57
5805,-109,73,90,378,6,9,57
5805,-109,59,90,378,5,10,57
5805,-109,40,90,378,6,9,56
5805,-109,40,90,378,4,9,57
5805,-109,31,90,378,4,9,57
5805,-109,41,90,378,6,9,57
5805,-109,27,90,378,4,10,57
5805,-109,63,90,378,4,10,57
5805,-109,49,90,378,5,10,57
5805,-109,37,90,378,5,9,57
5805,-109,44,90,378,4,8,56
5805,-109,34,90,378,4,8,57
5805,-109,34,90,378,5,9,57
5805,-109,56,90,378,4,8,56
5805,-109,42,90,378,6,10,58
5805,-109,56,90,378,6,9,57
5805,-109,36,90,378,4,8,57
5805,-109,37,90,378,5,10,57
5805,-109,52,90,378,5,8,57
5805,-109,52,90,378,5,9,57
5805,-109,49,90,378,6,10,57
5805,-109,42,90,378,5,9,57
5805,-109,38,90,378,5,8,56
5805,-109,41,90,378,5,10,56
5805,-109,34,90,378,4,10,57
5805,-109,38,90,378,5,8,57
5805,-109,34,90,378,5,11,57
5805,-109,41,90,378,4,11,57
5805,-109,56,90,378,5,9,56
5805,-109,34,90,378,4,10,57
5805,-109,58,90,378,5,12,58
5805,-109,46,90,378,4,9,56
5805,-109,34,90,378,5,10,58
5805,-109,46,90,378,4,11,58
5805,-109,31,90,378,4,8,56
5805,-109,32,90,378,4,10,57
5805,-109,48,90,378,5,11,57
5805,-109,39,90,378,5,10,57
5805,-109,39,90,378,5,10,57
5805,-109,32,90,378,6,10,57
5805,-109,53,90,378,5,12,58
5805,-109,53,90,378,4,9,57
5805,-109,46,90,378,5,9,57
5805,-109,47,90,378,5,8,56
5805,-109,52,90,378,6,8,56
5805,-109,44,90,378,5,9,57
5805,-109,32,90,378,6,8,56
5805,-109,43,90,378,5,10,57
5805,-109,47,90,378,4,9,57
5805,-109,41,90,378,5,7,57
5805,-109,43,90,378,5,10,58
5805,-109,48,90,378,5,10,57
5805,-109,36,90,378,5,9,57
5805,-109,56,90,378,3,10,58
5805,-109,54,90,378,3,10,56
5805,-109,36,90,378,5,9,57
5805,-109,48,90,378,6,9,57
5805,-109,35,90,378,6,9,56
5805,-109,46,90,378,5,11,58
5805,-109,43,90,378,5,9,57
5805,-109,49,90,378,6,8,56
5805,-109,39,90,378,4,9,57
5805,-109,38,90,378,5,9,57
5805,-109,56,90,378,4,10,58
5805,-109,31,90,378,5,9,55
5805,-109,35,90,378,6,10,57
5805,-109,40,90,378,6,8,57
5805,-109,42,90,378,4,9,57
5805,-109,38,90,378,5,8,57
5805,-109,36,90,378,5,9,57
5805,-109,36,90,378,7,9,57
5805,-109,54,90,378,4,8,57
5805,-109,41,90,378,5,9,57
5805,-109,50,90,378,5,9,57
5805,-109,30,90,378,5,10,57
5805,-109,38,90,378,5,10,56
5805,-109,52,90,378,5,8,57
5805,-109,32,90,378,6,8,55
5805,-109,39,90,378,5,10,57
5805,-109,40,90,378,4,9,57
5805,-109,50,90,378,4,9,57
5805,-109,28,90,378,6,10,56
5805,-109,62,90,378,5,9,58
5805,-109,36,90,378,6,8,57
5805,-109,40,90,378,6,9,57
5805,-109,44,90,378,6,11,56
5805,-109,42,90,378,5,9,57
5805,-109,39,90,378,5,11,57
5805,-109,39,90,378,5,9,57
5805,-109,35,90,378,5,11,57
5805,-109,58,90,378,5,9,57
5805,-109,46,90,378,5,10,58
5805,-109,47,90,378,6,12,58
5805,-109,34,90,378,5,8,56
5805,-109,31,90,378,6,9,57
5805,-109,50,90,378,7,9,57
5805,-109,37,90,378,5,9,57
5805,-109,34,90,378,5,10,57
5805,-109,43,90,378,6,9,57
5805,-109,41,89,379,6,11,57
5805,-109,43,90,378,6,12,57
5805,-109,35,90,378,6,11,57
5805,-109,36,89,378,7,12,57
5805,-109,52,90,378,5,9,57
5805,-109,50,90,378,5,9,57
5805,-109,48,90,378,5,11,57
5805,-109,34,89,378,6,11,57
5805,-109,29,90,378,4,9,57
5805,-109,46,90,378,5,8,56
5805,-109,72,90,378,5,10,57
5805,-109,38,90,378,4,11,58
5805,-109,30,89,378,6,8,55
5805,-109,30,90,378,5,8,57
5805,-109,34,90,378,6,8,56
5805,-109,32,90,378,5,9,56
5805,-109,30,90,378,6,9,57
5805,-109,43,90,378,4,9,58
5805,-109,38,90,378,5,10,58
5805,-109,45,90,378,4,9,57
5805,-109,36,90,378,3,9,57
5805,-109,34,90,378,5,10,57
5805,-109,31,90,378,5,10,57
5805,-109,55,90,378,5,7,56
5805,-109,59,90,378,6,10,57
5805,-109,41,90,378,5,9,56
5805,-109,50,90,378,5,9,56
5805,-109,49,90,378,6,8,57
5805,-109,41,90,378,6,10,58
5805,-109,31,90,378,5,10,57
5805,-109,42,90,378,6,10,57
5805,-109,49,90,378,5,9,57
5805,-109,46,90,378,5,9,58
5805,-109,31,90,378,5,8,56
5805,-109,33,90,378,5,9,57
5805,-109,34,90,378,4,8,56
5805,-109,37,90,378,5,9,57
5805,-109,52,90,378,7,12,58
5805,-109,43,90,378,5,10,57
5805,-109,31,90,378,5,10,58
5805,-109,59,90,378,5,9,57
5805,-109,40,90,378,5,10,58
5805,-109,31,90,378,6,9,57
5805,-109,45,90,378,5,10,57
5805,-109,39,90,378,5,10,57
5805,-109,38,90,378,5,9,56
5805,-109,38,90,378,6,10,58
5805,-109,37,90,378,5,10,56
5805,-109,62,90,378,5,9,57
5805,-109,45,90,378,5,8,56
5805,-109,36,90,378,5,8,57
5805,-109,38,90,378,4,10,57
5805,-109,31,90,378,5,8,56
5805,-109,42,90,378,4,10,57
5805,-109,38,90,378,6,8,57
5805,-109,43,90,378,5,9,57
5805,-109,55,90,378,5,10,57
5805,-109,49,90,378,5,9,57
5805,-109,28,89,379,7,8,55
5805,-109,37,90,378,5,11,57
5805,-109,42,90,378,4,9,57
5805,-109,44,90,378,5,9,57
5805,-109,47,90,378,6,8,57
5805,-109,28,90,378,5,11,57
5805,-109,44,90,378,3,9,57
5805,-109,47,90,378,5,9,57
5805,-109,38,90,378,6,10,57
5805,-109,55,90,378,4,9,57
5805,-109,47,90,378,5,9,58
5805,-109,48,90,378,3,9,57
5805,-109,60,90,378,6,11,58
5805,-109,36,90,378,5,8,57
5805,-109,38,90,378,5,7,57
5805,-109,45,90,378,6,9,57
5805,-109,29,90,378,6,10,58
5805,-109,43,90,378,5,9,57
5805,-109,38,90,378,6,11,57
5805,-109,48,90,378,5,9,58
5805,-109,53,90,378,4,10,57
5805,-109,52,90,378,6,12,57
5805,-109,44,90,378,5,9,56
5805,-109,30,90,378,2,9,57
5805,-109,61,90,378,6,10,57
5805,-109,40,90,378,3,9,57
5805,-109,52,90,378,6,10,58
5805,-109,43,90,378,5,8,56
5805,-109,41,90,378,5,8,56
5805,-109,38,90,378,5,11,59
5805,-109,29,90,378,5,10,56
5805,-109,29,90,378,6,9,57
5805,-109,47,90,378,4,9,57
5805,-109,44,90,378,7,11,57
5805,-109,44,90,378,4,10,57
5805,-109,36,90,378,5,9,57
5805,-109,38,90,378,5,10,58
5805,-109,51,90,378,5,9,57
5805,-109,48,90,378,5,11,58
5805,-109,33,90,378,5,9,57
5805,-109,31,90,378,5,7,56
5805,-109,43,90,378,5,10,57
5805,-109,35,90,378,6,10,58
5805,-109,53,90,378,6,8,57
5805,-109,27,90,378,5,10,57
5805,-109,30,90,378,5,9,57
5805,-109,46,90,378,5,11,57
5805,-109,43,90,378,5,9,57
5805,-109,38,90,378,5,10,57
5805,-109,49,90,378,7,9,57
5805,-109,41,90,378,5,8,56
5805,-109,51,90,378,5,9,57
5805,-109,38,90,378,5,10,57
5805,-109,41,90,378,4,9,56
5805,-109,35,90,378,6,9,57
5805,-109,43,90,378,5,9,57
5805,-109,37,90,378,5,8,57
5805,-109,47,90,378,4,9,57
5805,-109,57,90,378,6,9,57
5805,-109,40,90,378,3,9,57
5805,-109,37,90,378,5,10,57
5805,-109,46,90,378,5,9,58
5805,-109,36,90,378,4,10,58
5805,-109,63,90,378,6,11,58
5805,-109,27,90,378,5,9,57
5805,-109,37,90,378,6,10,57
5805,-109,28,90,378,4,8,56
5805,-109,53,90,378,6,11,58
5805,-109,46,90,378,6,9,57
5805,-109,42,90,378,4,10,57
5805,-109,53,90,378,4,9,56
5805,-109,43,90,378,5,8,56
5805,-109,48,90,378,5,10,57
5805,-109,39,90,378,4,9,57
5805,-109,43,90,378,4,9,56
5805,-109,41,90,378,6,12,57
5805,-109,45,90,378,6,11,57
5805,-109,37,90,378,4,11,58
5805,-109,39,90,378,4,11,57
5805,-109,38,90,378,6,8,55
5805,-109,68,90,378,5,9,57
5805,-109,31,90,378,5,9,57
5805,-109,31,90,378,5,9,57
5805,-109,43,90,378,5,10,58
5805,-109,53,90,378,5,9,57
5805,-109,49,90,378,4,7,56
5805,-109,51,90,378,5,10,57
5805,-109,43,90,378,6,8,57
5805,-109,41,90,378,6,9,57
5805,-109,39,90,378,5,10,58
5805,-109,52,90,378,6,9,57
5805,-109,53,90,378,6,9,57
5805,-109,47,90,378,4,10,58
5805,-109,41,90,378,5,9,57
5805,-109,54,90,378,5,8,57
5805,-109,40,90,378,6,9,56
5805,-109,33,90,378,6,10,57
5805,-109,52,90,378,5,10,58
5805,-109,47,90,378,5,8,55
5805,-109,36,90,378,7,10,58
5805,-109,52,90,378,5,11,58
5805,-109,77,90,378,3,11,57
5805,-109,32,90,378,5,9,57
5805,-109,32,90,378,5,10,57
5805,-109,53,90,378,6,7,56
5805,-109,60,90,378,7,9,57
5805,-109,53,90,378,5,9,57
5805,-109,43,90,378,4,9,56
5805,-109,49,90,378,5,8,56
5805,-109,31,90,378,5,11,57
5805,-109,27,90,378,5,9,57
5805,-109,50,90,378,6,11,58
5805,-109,42,90,378,5,10,57
5805,-109,51,90,378,4,10,57
5805,-109,41,90,378,5,10,57
5805,-109,49,90,378,5,11,58
5805,-109,39,90,378,5,8,56
5805,-109,50,90,378,6,10,56
5805,-109,33,90,378,5,8,55
5805,-109,30,90,378,5,7,57
5805,-109,30,90,378,5,8,56
5805,-109,41,90,378,4,8,56
5805,-109,33,90,378,5,10,57
5805,-109,32,90,378,5,11,57
5805,-109,37,90,378,6,9,57
5805,-109,41,90,378,5,9,56
5805,-109,43,90,378,4,9,56
5805,-109,55,90,378,4,8,56
5805,-109,33,90,378,4,8,57
5805,-109,43,90,378,4,10,57
5805,-109,50,90,378,6,7,55
5805,-109,39,90,378,5,10,57
5805,-109,42,90,378,3,11,57
5805,-109,43,90,378,4,9,56
5805,-109,55,90,378,5,10,57
5805,-109,28,90,378,5,10,57
5805,-109,38,90,378,6,6,56
5805,-109,31,90,378,6,9,57
5805,-109,41,90,378,4,10,58
5805,-109,39,90,378,4,10,57
5805,-109,45,90,378,5,10,57
5805,-109,36,90,378,4,9,57
5805,-109,49,90,378,5,7,56
5805,-109,42,90,378,6,10,57
5805,-109,36,90,378,6,10,57
5805,-109,39,90,378,4,9,57
5805,-109,44,89,378,6,9,55
5805,-109,47,90,378,5,10,57
5805,-109,41,90,378,5,9,57
5805,-109,37,90,378,4,9,56
5805,-109,34,90,378,6,9,57
5805,-109,44,89,379,6,9,56
5805,-109,26,90,378,5,9,57
5805,-109,44,90,378,5,9,57
5805,-109,43,90,378,5,9,57
5805,-109,40,90,378,4,11,58
5805,-109,57,90,378,5,9,57
5805,-109,41,90,378,5,9,57
5805,-109,29,90,378,5,8,56
5805,-109,39,90,378,6,10,57
5805,-109,59,90,378,6,10,58
5805,-109,54,90,378,5,8,57
5805,-109,47,90,378,5,10,57
5805,-109,31,90,378,6,12,57
5805,-109,54,90,378,4,11,58
5805,-109,46,90,378,4,10,57
5805,-109,52,90,378,5,10,57
5805,-109,32,90,378,6,10,58
5805,-109,43,89,378,7,8,55
5805,-109,40,90,378,5,10,57
5805,-109,50,90,378,6,8,57
5805,-109,42,90,378,4,10,57
5805,-109,45,90,378,4,10,57
5805,-109,47,90,378,4,11,57
5805,-109,43,90,378,5,7,56
5805,-109,52,90,378,5,10,57
5805,-109,47,90,378,5,6,55
5805,-109,47,90,378,7,11,57
5805,-109,39,90,378,5,9,57
5805,-109,52,90,378,5,10,58
5805,-109,36,90,378,5,9,56
5805,-109,58,90,378,4,10,58
5805,-109,47,90,378,6,8,56
5805,-109,39,90,378,6,8,56
5805,-109,44,90,378,4,8,56
5805,-109,38,90,378,6,11,57
5805,-109,32,90,378,4,10,57
5805,-109,30,90,378,4,9,57
5805,-109,50,90,378,6,9,57
5805,-109,43,90,378,4,9,56
5805,-109,51,90,378,6,9,57
5805,-109,45,90,378,5,8,56
5805,-109,33,90,378,4,7,56
5805,-109,34,90,378,5,9,57
5805,-109,49,90,378,5,10,58
5805,-109,57,90,378,6,10,58
5805,-109,41,90,378,4,9,57
5805,-109,33,90,378,2,10,57
5805,-109,42,90,378,5,9,57
5805,-109,28,90,378,6,10,57
5805,-109,34,90,378,5,10,57
5805,-109,50,90,378,6,10,58
5805,-109,35,90,378,5,10,57
5805,-109,58,90,378,5,11,57
5805,-109,33,90,378,5,8,56
5805,-109,48,90,378,4,9,57
5805,-109,37,90,378,4,9,57
5805,-109,44,90,378,5,10,57
5805,-109,36,90,378,5,9,57
5805,-109,52,90,378,5,8,56
5805,-109,36,90,378,6,11,57
5805,-109,36,90,378,5,10,57
5805,-109,38,90,378,4,11,57
5805,-109,38,90,378,4,7,57
5805,-109,50,90,378,4,9,57
5805,-109,51,90,378,6,12,58
5805,-109,42,90,378,4,9,57
5805,-109,32,89,378,7,10,57
5805,-109,39,90,378,5,10,57
5805,-109,38,89,378,6,8,56
5805,-109,33,90,378,5,10,57
5805,-109,32,90,378,6,10,57
5805,-109,41,90,378,5,11,57
5805,-109,51,90,378,4,9,57
5805,-109,31,90,378,5,10,57
5805,-109,40,90,378,6,9,57
5805,-109,42,90,378,5,10,57
5805,-109,60,89,378,6,9,57
5805,-109,39,90,378,3,8,56
5805,-109,39,90,378,4,8,57
5805,-109,35,90,378,5,10,57
5805,-109,32,90,378,4,10,57
5805,-109,56,90,378,5,10,57
5805,-109,31,90,378,6,10,57
5805,-109,27,90,378,6,10,57
5805,-109,46,90,378,3,8,58
5805,-109,39,90,378,6,9,57
5805,-109,47,90,378,3,9,57
5805,-109,47,90,378,5,10,57
5805,-109,48,90,378,4,10,57
5805,-109,34,90,378,4,10,57
5805,-109,40,90,378,5,10,57
5805,-109,43,90,378,6,9,57
5805,-109,48,90,378,5,9,57
5805,-109,47,90,378,5,10,58
5805,-109,48,90,378,5,10,57
5805,-109,39,90,378,4,10,57
5805,-109,34,90,378,5,10,57
5805,-109,50,90,378,5,8,57
5805,-109,40,90,378,5,11,57
5805,-109,46,90,378,4,9,57
5805,-109,54,90,378,5,9,57
5805,-109,62,90,378,6,13,58
5805,-109,30,90,378,5,9,57
5805,-109,41,90,378,5,11,58
5805,-109,38,90,378,5,11,58
5805,-109,43,90,378,5,8,56
5805,-109,31,89,378,5,9,56
5805,-109,37,90,378,4,9,56
5805,-109,56,90,378,4,9,56
5805,-109,33,90,378,4,10,57
5805,-109,44,90,378,5,10,58
5805,-109,58,90,378,5,8,57
5805,-109,44,90,378,5,10,58
5805,-109,38,90,378,5,9,57
5805,-109,44,90,378,5,8,56
5805,-109,39,90,378,3,10,57
5805,-109,41,90,378,3,10,57
5805,-109,36,90,378,5,10,57
5805,-109,65,90,378,5,10,57
5805,-109,44,90,378,6,10,58
5805,-109,50,90,378,4,11,58
5805,-109,41,90,378,5,11,57
5805,-109,50,90,378,4,9,57
5805,-109,31,90,378,5,10,58
5805,-109,57,90,378,5,10,58
5805,-109,42,90,378,4,8,57
5805,-109,40,90,378,4,8,56
5805,-109,44,90,378,5,10,57
5805,-109,43,90,378,5,11,57
5805,-109,43,90,378,6,9,56
5805,-109,53,90,378,6,10,57
5805,-109,41,90,378,5,9,57
5805,-109,39,90,378,6,12,57
5805,-109,58,90,378,6,10,57
5805,-109,36,90,378,5,10,58
5805,-109,34,90,378,6,9,57
5805,-109,34,90,378,5,9,56
5805,-109,57,90,378,5,9,57
5805,-109,30,90,378,4,9,57
5805,-109,46,90,378,5,9,57
5805,-109,31,90,378,5,11,57
5805,-109,45,90,378,6,10,56
5805,-109,35,90,378,5,9,57
5805,-109,37,90,378,5,10,58
5805,-109,55,90,378,5,9,57
5805,-109,39,90,378,5,9,57
5805,-109,58,90,378,5,9,56
5805,-109,56,90,378,5,8,57
5805,-109,58,90,378,5,9,57
5805,-109,51,90,378,6,9,57
5805,-109,52,90,378,6,9,57
5805,-109,43,90,378,6,10,57
5805,-109,42,90,378,6,8,56
5805,-109,34,90,378,5,9,57
5805,-109,48,90,378,4,11,57
5805,-109,35,90,378,4,10,58
5805,-109,38,90,378,3,10,57
5805,-109,31,90,378,5,10,57
5805,-109,45,90,378,6,9,57
5805,-109,43,90,378,5,11,57
5805,-109,45,90,378,5,9,56
5805,-109,39,90,378,5,10,57
5805,-109,57,90,378,5,9,58
5805,-109,33,90,378,5,11,58
5805,-109,53,90,378,5,8,57
5805,-109,40,90,378,5,10,56
5805,-109,65,90,378,5,11,57
5805,-109,42,90,378,5,10,58
5805,-109,56,90,378,3,9,57
5805,-109,44,90,378,6,9,57
5805,-109,36,90,378,6,11,57
5805,-109,51,90,378,4,10,57
5805,-109,51,90,378,6,12,58
5805,-109,45,90,378,7,10,57
5805,-109,52,90,378,3,10,57
5805,-109,35,90,378,5,7,56
5805,-109,52,90,378,7,9,57
5805,-109,40,90,378,5,10,57
5805,-109,51,90,378,5,9,57
5805,-109,34,90,378,6,9,57
5805,-109,55,90,378,4,7,57
5805,-109,40,90,378,4,9,57
5805,-109,32,90,378,5,10,57
5805,-109,52,90,378,4,8,56
5805,-109,34,90,378,5,10,58
5805,-109,32,90,378,6,8,57
5805,-109,42,90,378,6,11,56
5805,-109,41,90,378,4,11,57
5805,-109,38,90,378,6,10,57
5805,-109,33,90,378,5,11,57
5805,-109,42,90,378,4,9,57
5805,-109,54,90,378,6,11,57
5805,-109,48,90,378,6,9,57
5805,-109,26,90,378,4,8,56
5805,-109,36,90,378,6,9,57
5805,-109,34,90,378,5,10,57
5805,-109,52,90,378,5,8,56
5805,-109,49,90,378,6,10,58
5805,-109,46,90,378,4,8,58
5805,-109,48,90,378,4,9,57
5805,-109,49,90,378,5,8,56
5805,-109,47,90,378,5,9,57
5805,-109,48,90,378,5,9,57
5805,-109,67,90,378,5,10,57
5805,-109,46,90,378,6,10,57
5805,-109,55,90,378,4,10,58
5805,-109,32,90,378,4,11,56
5805,-109,47,90,378,6,10,57
5805,-109,48,90,378,6,11,57
5805,-109,43,90,378,6,10,56
5805,-109,32,90,378,5,9,57
5805,-109,52,90,378,4,9,57
5805,-109,40,90,378,6,10,57
5805,-109,49,90,378,4,8,57
5805,-109,42,90,378,4,11,58
5805,-109,29,90,378,4,9,57
5805,-109,40,90,378,5,8,57
5805,-109,43,90,378,4,9,57
5805,-109,46,90,378,5,10,57
5805,-109,54,90,378,5,8,57
5805,-109,40,90,378,4,9,57
5805,-109,46,90,378,6,11,57
5805,-109,35,90,378,6,11,57
5805,-109,41,90,378,4,10,57
5805,-109,45,90,378,5,10,57
5805,-109,50,90,378,5,8,56
5805,-109,52,90,378,5,9,57
5805,-109,42,90,378,4,11,58
5805,-109,55,90,378,4,10,57
5805,-109,54,90,378,6,8,56
5805,-109,41,90,378,6,9,56
5805,-109,31,90,378,6,9,57
5805,-109,45,90,378,6,10,57
5805,-109,30,90,378,5,10,57
5805,-109,43,90,378,3,11,57
5805,-109,45,90,378,5,10,57
5805,-109,32,90,378,4,9,57
5805,-109,25,90,378,4,9,56
5805,-109,33,90,378,5,9,57
5805,-109,55,90,378,6,8,57
5805,-109,57,89,378,5,10,56
5805,-109,43,90,378,5,10,58
5805,-109,48,90,378,4,9,56
5805,-109,42,90,378,5,11,57
5805,-109,40,90,378,4,11,57
5805,-109,43,90,378,4,9,57
5805,-109,35,90,378,5,10,58
5805,-109,34,90,378,5,10,57
5805,-109,45,90,378,5,8,57
5805,-109,49,90,378,5,11,57
5805,-109,38,90,378,4,10,57
5805,-109,38,90,378,4,9,57
5805,-109,32,90,378,6,10,58
5805,-109,50,90,378,5,10,57
5805,-109,49,90,378,4,9,57
5805,-109,39,90,378,5,10,57
5805,-109,45,90,378,4,8,56
5805,-109,48,90,378,6,10,57
5805,-109,32,90,378,5,7,56
5805,-109,43,90,378,6,10,57
5805,-109,43,90,378,6,9,56
5805,-109,57,90,378,5,8,56
5805,-109,35,90,378,5,10,57
5805,-109,35,90,378,5,11,57
5805,-109,29,90,378,6,9,57
5805,-109,45,90,378,4,10,57
5805,-109,41,89,378,5,9,55
5805,-109,45,90,378,6,9,57
5805,-109,44,90,378,5,9,57
5805,-109,54,90,378,5,9,57
5805,-109,47,90,378,6,10,57
5805,-109,49,90,378,5,9,57
5805,-109,59,90,378,5,11,57
5805,-109,33,90,378,4,9,57
5805,-109,49,90,378,6,9,56
5805,-109,30,90,378,5,11,57
5805,-109,46,90,378,5,9,57
5805,-109,42,90,378,5,10,57
5805,-109,38,90,378,5,9,57
5805,-109,39,90,378,5,10,57
5805,-109,55,90,378,5,10,57
5805,-109,39,90,378,4,9,57
5805,-109,49,90,378,5,9,57
5805,-109,39,90,378,4,10,57
5805,-109,38,90,378,5,8,56
5805,-109,57,90,378,3,9,58
5805,-109,44,90,378,5,10,57
5805,-109,34,90,378,4,7,55
5805,-109,46,90,378,5,8,57
5805,-109,43,90,378,5,10,57
5805,-109,44,90,378,6,9,57
5805,-109,36,90,378,5,11,57
5805,-109,47,90,378,5,9,57
5805,-109,36,90,378,5,10,56
5805,-109,59,90,378,6,12,57
5805,-109,46,90,378,5,10,56
5805,-109,34,90,378,6,11,57
5805,-109,34,90,378,5,10,56
5805,-109,52,90,378,5,11,58
5805,-109,43,90,378,5,9,57
5805,-109,31,90,378,5,10,58
5805,-109,57,90,378,4,9,57
5805,-109,48,90,378,5,10,57
5805,-109,47,90,378,5,11,57
5805,-109,23,90,378,4,9,56
5805,-109,38,90,378,7,8,57
5805,-109,41,90,378,5,10,57
5805,-109,36,90,378,4,9,57
5805,-109,37,90,378,6,9,57
5805,-109,44,90,378,4,10,56
5805,-109,28,90,378,5,9,57
5805,-109,35,90,378,5,8,56
5805,-109,42,90,378,4,10,58
5805,-109,52,90,378,6,9,57
5805,-109,48,90,378,4,11,58
5805,-109,20,88,379,7,9,55
5805,-109,30,90,378,3,8,55
5805,-109,51,90,378,5,9,57
5805,-109,47,90,378,4,9,57
5805,-109,51,90,378,4,10,57
5805,-109,36,90,378,6,9,57
5805,-109,39,90,378,3,9,57
5805,-109,26,90,378,5,9,57
5805,-109,56,90,378,5,9,57
5805,-109,48,90,378,5,11,57
5805,-109,36,90,378,5,10,57
5805,-109,59,90,378,5,8,58
5805,-109,46,90,378,5,10,57
5805,-109,34,90,378,5,9,57
5805,-109,39,90,378,6,10,57
5805,-109,42,90,378,6,9,57
5805,-109,53,90,378,5,8,56
5805,-109,35,90,378,5,10,57
5805,-109,42,90,378,4,8,56
5805,-109,44,90,378,5,11,58
5805,-109,35,90,378,5,11,57
5805,-109,56,90,378,4,10,58
5805,-109,28,90,378,5,10,57
5805,-109,46,90,378,6,9,57
5805,-109,28,90,378,5,9,57
5805,-109,48,90,378,6,10,57
5805,-109,34,90,378,5,7,57
5805,-109,32,90,378,5,9,57
5805,-109,48,90,378,4,10,57
5805,-109,43,90,378,5,10,57
5805,-109,30,90,378,5,11,57
5805,-109,40,90,378,5,10,57
5805,-109,27,90,378,6,9,57
5805,-109,43,90,378,5,11,57
5805,-109,54,90,378,4,12,58
5805,-109,29,90,378,6,9,57
5805,-109,37,90,378,4,9,57
5805,-109,36,90,378,5,9,57
5805,-109,64,90,378,4,11,58
5805,-109,53,90,378,6,10,57
5805,-109,57,90,378,5,8,57
5805,-109,44,90,378,5,10,58
5805,-109,47,90,378,5,11,58
5805,-109,47,90,378,5,10,57
5805,-109,66,90,378,5,11,58
5805,-109,35,90,378,4,9,57
5805,-109,32,90,378,6,12,58
5805,-109,29,90,378,4,9,57
5805,-109,38,90,378,6,9,57
5805,-109,31,90,378,4,9,57
5805,-109,50,90,378,5,10,57
5805,-109,52,90,378,5,7,56
5805,-109,43,90,378,4,9,56
5805,-109,43,90,378,4,10,57
5805,-109,39,90,378,5,8,56
5805,-109,44,90,378,6,8,56
5805,-109,52,90,378,6,10,58
5805,-109,53,90,378,6,12,58
5805,-109,40,90,378,6,10,57
5805,-109,27,90,378,4,8,57
5805,-109,49,90,378,4,9,57
5805,-109,26,90,378,4,7,55
5805,-109,49,90,378,4,9,57
5805,-109,62,90,378,5,8,57
5805,-109,53,90,378,6,8,57
5805,-109,36,90,378,5,8,57
5805,-109,39,90,378,5,11,58
5805,-109,45,90,378,5,9,57
5805,-109,45,90,378,4,10,57
5805,-109,40,90,378,5,9,57
5805,-109,48,90,378,5,10,57
5805,-109,29,90,378,5,9,57
5805,-109,28,90,378,4,9,56
5805,-109,32,90,378,5,10,57
5805,-109,36,90,378,5,8,56
5805,-109,45,90,378,5,8,57
5805,-109,43,90,378,6,10,58
5805,-109,28,90,378,6,10,56
5805,-109,49,90,378,5,9,57
5805,-109,55,90,378,5,9,57
5805,-109,46,90,378,5,11,58
5805,-109,41,90,378,4,8,56
5805,-109,53,90,378,5,9,57
5805,-109,25,90,378,5,9,56
5805,-109,46,90,378,5,9,56
5805,-109,40,90,378,4,8,57
5805,-109,33,90,378,6,8,57
5805,-109,35,89,379,6,8,56
5805,-109,29,90,378,4,9,57
5805,-109,45,90,378,6,9,57
5805,-109,55,90,378,4,11,57
5805,-109,28,90,378,4,10,57
5805,-109,37,90,378,5,9,57
5805,-109,46,90,378,5,10,57
5805,-109,46,90,378,5,10,57
5805,-109,35,90,378,6,11,57
5805,-109,55,90,378,5,10,57
5805,-109,55,90,378,5,11,57
5805,-109,38,90,378,5,10,57
5805,-109,38,90,378,4,9,57
5805,-109,45,90,378,7,8,56
5805,-109,36,90,378,6,10,57
5805,-109,39,90,378,5,9,56
5805,-109,43,90,378,6,10,57
5805,-109,40,90,378,6,11,57
5805,-109,38,90,378,4,11,58
5805,-109,36,90,378,4,9,56
5805,-109,48,90,378,5,10,58
5805,-109,40,89,379,6,10,57
5805,-109,45,90,378,5,10,58
5805,-109,52,90,378,5,11,58
5805,-109,42,90,378,6,9,57
5805,-109,56,90,378,4,10,56
5805,-109,50,90,378,5,9,57
5805,-109,31,90,378,6,10,57
5805,-109,40,90,378,5,8,57
5805,-109,59,90,378,4,9,57
5805,-109,48,90,378,5,10,56
5805,-109,34,90,378,5,10,57
5805,-109,49,90,378,4,10,57
5805,-109,42,90,378,7,11,57
5805,-109,39,90,378,4,9,57
5805,-109,55,90,378,5,8,56
5805,-109,47,90,378,5,10,58
5805,-109,55,90,378,4,9,57
5805,-109,45,90,378,5,10,57
5805,-109,47,90,378,6,9,57
5805,-109,41,90,378,5,9,57
5805,-109,30,90,378,6,9,57
5805,-109,50,90,378,5,9,57
5805,-109,51,90,378,5,10,58
5805,-109,41,90,378,5,9,57
5805,-109,45,90,378,4,10,57
5805,-109,38,90,378,5,10,57
5805,-109,37,90,378,5,10,58
5805,-109,32,90,378,6,10,57
5805,-109,46,90,378,4,12,58
5805,-109,44,90,378,6,9,57
5805,-109,52,90,378,5,9,56
5805,-109,34,90,378,6,9,57
5805,-109,49,90,378,5,8,55
5805,-109,36,90,378,4,8,57
5805,-109,27,90,378,4,10,57
5805,-109,40,90,378,5,10,57
5805,-109,57,90,378,4,10,57
5805,-109,32,90,378,5,9,56
5805,-109,42,90,378,4,10,56
5805,-109,51,90,378,5,9,57
5805,-109,46,90,378,6,8,57
5805,-109,41,90,378,5,9,57
5805,-109,34,90,378,5,10,57
5805,-109,46,90,378,4,9,57
5805,-109,37,90,378,5,9,57
5805,-109,30,90,378,5,9,57
5805,-109,43,90,378,5,10,58
5805,-109,42,90,378,4,10,57
5805,-109,40,90,378,5,6,56
5805,-109,45,90,378,5,11,57
5805,-109,51,90,378,5,10,57
5805,-109,40,90,378,5,10,57
5805,-109,49,90,378,5,10,57
5805,-109,46,90,378,6,10,58
5805,-109,28,90,378,5,9,56
5805,-109,32,90,378,4,11,57
5805,-109,50,90,378,6,9,57
5805,-109,33,90,378,5,9,56
5805,-109,50,90,378,3,9,57
5805,-109,35,90,378,5,9,57
5805,-109,33,90,378,5,9,57
5805,-109,42,90,378,3,9,57
5805,-109,38,90,378,5,11,57
5805,-109,40,90,378,5,8,57
5805,-109,48,90,378,5,11,58
5805,-109,46,90,378,5,10,57
5805,-109,33,90,378,5,8,56
5805,-109,44,90,378,6,10,58
5805,-109,65,90,378,5,10,57
5805,-109,42,90,378,5,9,56
5805,-109,41,90,378,5,8,57
5805,-109,40,90,378,5,10,58
5805,-109,33,90,378,3,11,57
5805,-109,40,90,378,5,9,57
5805,-109,39,90,378,5,8,57
5805,-109,38,90,378,5,11,57
5805,-109,49,90,378,5,10,57
5805,-109,32,90,378,6,9,57
5805,-109,44,90,378,5,9,57
5805,-109,37,90,378,5,9,58
5805,-109,49,90,378,4,10,56
5805,-109,48,90,378,6,10,58
5805,-109,52,90,378,4,10,57
5805,-109,45,90,378,4,9,56
5805,-109,37,90,378,4,9,57
5805,-109,40,90,378,5,9,57
5805,-109,43,90,378,5,10,58
5805,-109,41,90,378,6,10,57
5805,-109,67,90,378,5,9,57
5805,-109,48,90,378,5,10,57
5805,-109,31,90,378,5,9,56
5805,-109,38,90,378,5,8,56
5805,-109,28,90,378,6,10,57
5805,-109,36,90,378,6,10,57
5805,-109,65,90,378,5,10,57
5805,-109,41,90,378,4,9,57
5805,-109,55,90,378,6,9,57
5805,-109,48,90,378,4,10,57
5805,-109,44,90,378,6,10,57
5805,-109,37,90,378,3,9,57
5805,-109,39,90,378,4,10,57
5805,-109,33,90,378,6,9,56
5805,-109,52,90,378,6,9,57
5805,-109,51,90,378,5,8,56
5805,-109,35,90,378,6,10,56
5805,-109,43,90,378,6,8,56
5805,-109,41,90,378,5,10,57
5805,-109,31,90,378,4,10,57
5805,-109,50,90,378,5,10,57
5805,-109,35,90,378,5,8,56
5805,-109,51,90,378,6,10,57
5805,-109,56,90,378,4,8,57
5805,-109,49,90,378,5,10,58
5805,-109,57,90,378,6,8,56
5805,-109,44,90,378,4,10,57
5805,-109,34,90,378,5,9,57
5805,-109,34,90,378,4,10,58
5805,-109,56,90,378,5,10,57
5805,-109,32,90,378,6,9,56
5805,-109,43,90,378,4,11,57
5805,-109,48,90,378,5,9,57
5805,-109,47,90,378,5,10,57
5805,-109,52,90,378,6,10,58
5805,-109,32,90,378,5,10,57
5805,-109,43,90,378,6,11,58
5805,-109,38,90,378,5,8,56
5805,-109,29,90,378,5,7,56
5805,-109,39,90,378,3,9,57
5805,-109,41,90,378,5,9,57
5805,-109,41,89,378,6,11,56
5805,-109,42,90,378,6,11,58
5805,-109,30,90,378,5,9,56
5805,-109,39,90,378,4,9,57
5805,-109,46,90,378,5,10,57
5805,-109,33,90,378,5,10,56
5805,-109,53,90,378,4,9,58
5805,-109,45,90,378,6,10,57
5805,-109,57,90,378,5,9,57
5805,-109,43,90,378,4,10,57
5805,-109,40,90,378,4,10,57
5805,-109,32,90,378,7,9,57
5805,-109,40,90,378,5,8,57
5805,-109,63,90,378,6,8,56
5805,-109,36,90,378,5,10,58
5805,-109,42,90,378,6,8,56
5805,-109,45,90,378,4,8,56
5805,-109,39,90,378,5,9,57
5805,-109,45,90,378,5,8,56
5805,-109,44,90,378,5,9,57
5805,-109,38,90,378,6,9,57
5805,-109,26,90,378,6,11,57
5805,-109,34,90,378,4,9,56
5805,-109,47,90,378,5,11,58
5805,-109,44,90,378,6,10,57
5805,-109,38,90,378,6,10,57
5805,-109,39,90,378,5,9,57
5805,-109,40,89,378,6,9,56
5805,-109,30,90,378,5,11,58
5805,-109,38,90,378,6,9,56
5805,-109,37,90,378,6,9,56
5805,-109,47,90,378,4,9,57
5805,-109,49,90,378,5,11,57
5805,-109,42,90,378,5,11,58
5805,-109,46,90,378,5,9,57
5805,-109,36,90,378,4,10,57
5805,-109,37,90,378,6,8,55
5805,-109,42,90,378,5,9,57
5805,-109,34,90,378,4,10,57
5805,-109,42,90,378,5,10,57
5805,-109,40,90,378,5,9,57
5805,-109,40,90,378,5,8,56
5805,-109,35,90,378,4,9,57
5805,-109,30,90,378,6,9,57
5805,-109,58,90,378,5,10,58
5805,-109,44,90,378,5,8,56
5805,-109,58,90,378,5,9,57
5805,-109,52,90,378,4,10,57
5805,-109,36,90,378,6,9,57
5805,-109,28,90,378,6,9,57
5805,-109,51,90,378,4,8,57
5805,-109,38,90,378,6,10,58
5805,-109,46,90,378,5,10,57
5805,-109,53,90,378,6,8,56
5805,-109,41,90,378,3,9,57
5805,-109,34,90,378,5,9,57
5805,-109,47,90,378,5,10,57
5805,-109,35,90,378,6,10,56
5805,-109,58,90,378,6,9,57
5805,-109,31,90,378,5,10,57
5805,-109,35,90,378,5,10,58
5805,-109,49,90,378,5,9,57
5805,-109,39,90,378,4,9,57
5805,-109,35,90,378,4,12,57
5805,-109,42,90,378,5,8,56
5805,-109,62,90,378,5,9,57
5805,-109,45,90,378,5,9,56
5805,-109,51,90,378,6,11,57
5805,-109,48,90,378,6,8,57
5805,-109,60,90,378,5,9,56
5805,-109,42,90,378,5,8,56
5805,-109,41,90,378,5,7,57
5805,-109,48,90,378,5,11,58
5805,-109,38,90,378,6,10,57
5805,-109,42,90,378,5,9,58
5805,-109,47,90,378,5,9,57
5805,-109,44,90,378,4,10,57
5805,-109,37,90,378,4,10,57
5805,-109,51,90,378,5,11,58
5805,-109,47,90,378,6,9,57
5805,-109,60,90,378,5,9,57
5805,-109,46,90,378,4,9,57
5805,-109,48,90,378,4,8,57
5805,-109,44,90,378,5,10,57
5805,-109,39,90,378,5,8,56
5805,-109,38,90,378,4,9,58
5805,-109,52,90,378,5,8,56
5805,-109,43,90,378,6,9,57
5805,-109,61,90,378,5,10,57
5805,-109,26,90,378,5,10,56
5805,-109,48,90,378,3,10,57
5805,-109,69,90,378,5,11,58
5805,-109,56,90,378,5,10,57
5805,-109,57,90,378,6,10,56
5805,-109,39,90,378,5,11,57
5805,-109,38,90,378,5,8,57
5805,-109,52,90,378,5,8,57
5805,-109,29,90,378,4,10,58
5805,-109,44,90,378,5,10,56
5805,-109,50,90,378,5,9,57
5805,-109,37,90,378,4,8,57
5805,-109,40,90,378,5,11,57
5805,-109,32,90,378,5,11,58
5805,-109,35,90,378,5,9,57
5805,-109,61,90,378,6,9,57
5805,-109,50,90,378,4,9,58
5805,-109,49,90,378,4,10,57
5805,-109,50,90,378,4,10,57
5805,-109,46,90,378,4,10,57
5805,-109,44,89,379,6,11,57
5805,-109,47,90,378,6,11,58
5805,-109,40,89,378,6,12,57
5805,-109,41,90,378,5,10,57
5805,-109,51,90,378,5,11,57
5805,-109,54,90,378,5,12,58
5805,-109,35,90,378,5,9,57
5805,-109,31,90,378,5,11,57
5805,-109,44,90,378,5,9,57
5805,-109,45,90,378,6,12,58
5805,-109,42,90,378,7,9,57
5805,-109,42,90,378,5,10,57
5805,-109,38,90,378,4,10,57
5805,-109,54,90,378,6,8,57
5805,-109,42,90,378,6,11,57
5805,-109,45,90,378,4,9,57
5805,-109,42,90,378,5,9,57
5805,-109,63,90,378,6,11,58
5805,-109,51,90,378,5,9,57
5805,-109,44,90,378,5,9,57
5805,-109,47,90,378,5,9,57
5805,-109,43,90,378,5,10,57
5805,-109,53,90,378,6,9,58
5805,-109,50,90,378,5,8,57
5805,-109,42,90,378,5,8,57
5805,-109,58,90,378,6,8,57
5805,-109,49,90,378,4,10,57
5805,-109,51,90,378,5,10,57
5805,-109,34,90,378,4,10,57
5805,-109,34,90,378,5,8,56
5805,-109,41,90,378,5,10,57
5805,-109,45,90,378,4,8,55
5805,-109,44,90,378,5,9,57
5805,-109,37,90,378,6,9,57
5805,-109,45,90,378,4,10,57
5805,-109,53,90,378,4,8,57
5805,-109,52,90,378,5,10,58
5805,-109,56,90,378,5,9,55
5805,-109,44,90,378,6,10,57
5805,-109,48,90,378,5,11,57
5805,-109,48,90,378,6,9,56
5805,-109,42,90,378,5,8,56
5805,-109,40,90,378,5,12,57
5805,-109,41,90,378,6,12,57
5805,-109,50,90,378,5,9,56
5805,-109,27,90,378,5,11,58
5805,-109,50,90,378,5,11,57
5805,-109,54,90,378,4,9,57
5805,-109,53,90,378,5,8,57
5805,-109,45,90,378,4,9,57
5805,-109,49,90,378,6,9,57
5805,-109,50,90,378,5,9,56
5805,-109,48,90,378,5,11,57
5805,-109,58,90,378,6,6,56
5805,-109,43,90,378,6,9,57
5805,-109,61,90,378,5,10,57
5805,-109,52,90,378,5,10,57
5805,-109,29,90,378,4,8,56
5805,-109,46,90,378,4,8,57
5805,-109,49,90,378,6,8,56
5805,-109,67,90,378,4,11,58
5805,-109,58,90,378,6,9,58
5805,-109,41,90,378,3,8,57
5805,-109,31,90,378,3,9,56
5805,-109,31,90,378,5,9,57
5805,-109,73,90,378,5,10,58
5805,-109,48,90,378,6,10,57
5805,-109,60,90,378,4,11,57
5805,-109,46,90,378,4,9,56
5805,-109,50,90,378,5,9,57
5805,-109,52,90,378,4,9,57
5805,-109,61,90,378,3,9,57
5805,-109,62,90,378,4,8,57
5805,-109,36,90,378,5,10,57
5805,-109,49,90,378,6,10,57
5805,-109,31,90,378,5,9,57
5805,-109,36,90,378,5,10,57
5805,-109,37,89,378,6,9,56
5805,-109,56,90,378,4,8,57
5805,-109,44,90,378,5,9,57
5805,-109,51,90,378,6,8,57
5805,-109,53,90,378,4,9,57
5805,-109,44,90,378,5,9,57
5805,-109,39,90,378,4,8,56
5805,-109,34,90,378,5,8,57
5805,-109,34,90,378,6,10,57
5805,-109,32,90,378,6,11,57
5805,-109,50,90,378,5,10,58
5805,-109,52,90,378,6,8,57
5805,-109,41,90,378,6,9,57
5805,-109,34,90,378,4,10,57
5805,-109,35,90,378,3,10,57
5805,-109,49,90,378,5,10,58
5805,-109,37,90,378,5,9,57
5805,-109,57,90,378,5,10,58
5805,-109,48,90,378,6,8,56
5805,-109,44,90,378,5,11,57
5805,-109,37,90,378,6,10,57
5805,-109,50,90,378,5,11,57
5805,-109,48,90,378,4,9,57
5805,-109,56,90,378,5,9,57
5805,-109,48,89,378,6,8,56
5805,-109,45,90,378,6,9,57
5805,-109,52,90,378,4,9,57
5805,-109,46,90,378,6,10,58
5805,-109,47,90,378,5,7,55
5805,-109,46,90,378,7,11,58
5805,-109,47,90,378,4,9,57
5805,-109,39,90,378,6,8,57
5805,-109,51,90,378,5,8,57
5805,-109,43,90,378,5,9,57
5805,-109,42,90,378,3,10,58
5805,-109,66,90,378,6,10,58
5805,-109,45,90,378,5,9,58
5805,-109,48,90,378,7,9,56
5805,-109,48,90,378,4,10,58
5805,-109,52,90,378,3,8,56
5805,-109,47,90,378,5,10,58
5805,-109,58,90,378,5,9,57
5805,-109,57,90,378,5,8,56
5805,-109,51,90,378,5,8,56
5805,-109,41,90,378,4,9,56
5805,-109,35,90,378,4,11,57
5805,-109,64,90,378,4,10,57
5805,-109,28,90,378,5,11,57
5805,-109,54,90,378,6,11,57
5805,-109,41,90,378,4,10,56
5805,-109,48,90,378,4,12,58
5805,-109,54,90,378,4,9,57
5805,-109,44,90,378,6,7,56
5805,-109,47,90,378,5,9,57
5805,-109,44,90,378,6,11,57
5805,-109,31,90,378,5,8,56
5805,-109,62,90,378,6,10,58
5805,-109,67,90,378,4,8,57
5805,-109,62,90,378,5,9,57
5805,-109,37,90,378,6,11,57
5805,-109,38,90,378,5,9,57
5805,-109,52,90,378,4,9,57
5805,-109,57,90,378,5,9,57
5805,-109,52,90,378,3,9,57
5805,-109,46,90,378,4,10,57
5805,-109,55,90,378,3,8,57
5805,-109,36,90,378,6,10,57
5805,-109,51,90,378,4,9,56
5805,-109,36,90,378,5,9,57
5805,-109,42,90,378,5,8,56
5805,-109,40,90,378,6,9,57
5805,-109,57,90,378,6,12,58
5805,-109,41,90,378,5,9,57
5805,-109,57,90,378,5,11,58
5805,-109,40,90,378,6,9,57
5805,-109,32,90,378,5,9,57
5805,-109,61,90,378,4,9,57
5805,-109,54,90,378,5,8,57
5805,-109,58,90,378,6,10,58
5805,-109,49,90,378,6,12,58
5805,-109,49,90,378,5,10,57
5805,-109,50,90,378,4,9,57
5805,-109,32,90,378,5,9,57
5805,-109,40,90,378,5,10,57
5805,-109,31,90,378,4,9,56
5805,-109,30,90,378,4,11,57
5805,-109,36,90,378,5,11,57
5805,-109,35,90,378,4,10,57
5805,-109,36,90,378,5,11,58
5805,-109,48,90,378,6,8,57
5805,-109,39,90,378,4,9,57
5805,-109,57,90,378,5,10,57
5805,-109,62,90,378,5,9,57
5805,-109,36,90,378,4,9,57
5805,-109,46,90,378,5,10,58
